Deck Name,Deck Type,Category,Set Code,Release Date,Total Value,Top 5 Cards
20 Ways to Win,Commander Deck,Commander,SLD,2024-12-04,417.04,"Revel in Riches, Sol Ring, Heliod, Sun-Crowned, Bountiful Promenade, Seedborn Muse"
Abzan Armor,Commander Deck,Commander,TDC,2025-04-11,54.75,"Seedborn Muse, Will of the Abzan, Welcoming Vampire, Staff of Compleation, Canopy Gargantuan"
Adaptive Enchantment,Commander Deck,Commander,C18,2018-08-10,44.93,"Bear Umbra, Nylea's Colossus, Tuvasa the Sunlit, Myth Unbound, Herald of the Pantheon"
Ahoy Mateys,Commander Deck,Commander,LCC,2023-11-17,53.46,"Black Market Connections, Windfall, Herald's Horn, Vanquisher's Banner, Geier Reach Sanitarium"
Angels: They're Just Like Us but Cooler and with Wings,Commander Deck,Commander,SLD,2023-08-14,592.97,"Archangel of Thune, Commander's Plate, Bruna, the Fading Light // Brisela, Voice of Nightmares, Nykthos, Shrine to Nyx, Serra Ascendant"
Animated Army,Commander Deck,Commander,BLC,2024-08-02,47.18,"Lotus Cobra, Alchemist's Talent, Reliquary Tower, Greater Good, Thran Dynamo"
Arcane Maelstrom,Commander Deck,Commander,C20,2020-04-17,104.73,"Deflecting Swat, Twinning Staff, Lightning Greaves, Dualcaster Mage, Comet Storm"
Arcane Wizardry,Commander Deck,Commander,C17,2017-08-25,50.7,"Kindred Dominance, Polymorphist's Jest, Kess, Dissident Mage, Curse of Opulence, Comet Storm"
Arm for Battle,Commander Deck,Commander,CMR,2020-11-20,87.79,"Sigarda's Aid, Blazing Sunsteel, Boros Charm, Timely Ward, Relentless Assault"
Aura of Courage,Commander Deck,Commander,AFC,2021-07-23,107.21,"Heroic Intervention, Robe of Stars, Winged Boots, Mantle of the Ancients, Sword of the Animist"
Avengers Assemble,Commander Deck,Commander,MSC,2026-06-26,62.85,"Black Widow, Agile Avenger, Spectator Seating, Kindred Discovery, War Machine, Avenging Arsenal, Raise the Palisade"
Avengers Assemble Collector's Edition,Commander Deck,Commander,MSC,2026-06-26,83.74,"Black Widow, Agile Avenger, Captain America, Living Legend, Spectator Seating, Kindred Discovery, War Machine, Avenging Arsenal"
Bedecked Brokers,Commander Deck,Commander,NCC,2022-04-29,73.43,"Damning Verdict, Power Conduit, Gavony Township, Agent's Toolkit, Steelbane Hydra"
Blame Game,Commander Deck,Commander,MKC,2024-02-09,116.78,"Trouble in Pairs, Smuggler's Share, Prisoner's Dilemma, Gisela, Blade of Goldnight, Ghostly Prison"
Blast from the Past,Commander Deck,Commander,WHO,2023-10-13,164.86,"Heroic Intervention, Talisman of Unity, Three Visits, Displaced Dinosaurs, Talisman of Progress"
Blight Curse,Commander Deck,Commander,ECC,2026-01-23,20.92,"Chimil, the Inner Sun, Tree of Perdition, Evolution Sage, Sol Ring, Ignoble Hierarch"
Blood Rites,Commander Deck,Commander,LCC,2023-11-17,102.42,"Exquisite Blood, Charismatic Conqueror, Elenda, the Dusk Rose, Elenda's Hierophant, Blade of the Bloodchief"
Braaains,Historic Brawl Precon Deck,Commander,MOM,2024-07-08,169.52,"Bojuka Bog, Coldsteel Heart, Vanquisher's Banner, Gempalm Polluter, Distant Melody"
Breed Lethality,Commander Deck,Commander,C16,2016-11-11,78.06,"Reyhan, Last of the Abzan, Cathars' Crusade, Cauldron of Souls, Kalonian Hydra, Brave the Sands"
Buckle Up,Commander Deck,Commander,NEC,2022-02-18,55.87,"Imposter Mech, Drumbellower, Shorikai, Genesis Engine, Cyberdrive Awakener, Swift Reconfiguration"
Built From Scratch,Commander Deck,Commander,CM2,2018-06-08,91.75,"Goblin Welder, Ruby Medallion, Wurmcoil Engine, Reliquary Tower, Arcane Lighthouse"
Cabaretti Cacophony,Commander Deck,Commander,NCC,2022-04-29,119.48,"Master of Ceremonies, Seize the Spotlight, Life of the Party, Scute Swarm, Call the Coppercoats"
Call for Backup,Commander Deck,Commander,MOC,2023-04-21,87.15,"Uncivil Unrest, Strionic Resonator, Shalai and Hallar, Kalonian Hydra, Gavony Township"
Call the Spirits,Commander Deck,Commander,C15,2015-11-13,67.45,"Karlov of the Ghost Council, Aura of Silence, Thief of Blood, Black Market, Lightning Greaves"
Cavalry Charge,Commander Deck,Commander,MOC,2023-04-21,66.06,"Chivalric Alliance, Herald of Hoofbeats, Herald's Horn, Vanquisher's Banner, Vodalian Wave-Knight"
Chaos Incarnate,Commander Deck,Commander,SCD,2022-12-02,21.99,"Lightning Greaves, Talisman of Indulgence, Soul Shatter, Nihil Spellbomb, Sol Ring"
Collateral Damage,Historic Brawl Precon Deck,Commander,MOM,2024-07-08,58.94,"Coldsteel Heart, Bloodghast, Zulaport Cutthroat, Hangarback Walker, Rekindling Phoenix"
Corrupting Influence,Commander Deck,Commander,ONC,2023-02-10,133.22,"Norn's Choirmaster, Glistening Sphere, Contaminant Grafter, Phyresis Outbreak, Grafted Exoskeleton"
Counter Blitz (FINAL FANTASY X),Commander Deck,Commander,FIC,2025-06-13,42.15,"Sphere Grid, Walking Ballista, Farewell, Three Visits, Damning Verdict"
Counter Blitz Collector's Edition (FINAL FANTASY X),Commander Deck,Commander,FIC,2025-06-13,45.81,"Sphere Grid, Walking Ballista, Farewell, Three Visits, Yuna, Grand Summoner"
Counter Intelligence,Commander Deck,Commander,EOC,2025-08-01,33.07,"Swan Song, Ripples of Potential, Phyrexian Metamorph, Karn's Bastion, Great Furnace"
Counterpunch,Commander Deck,Commander,CMD,2011-06-17,91.58,"Aura Shards, Attrition, Alliance of Arms, Skullclamp, Acorn Catapult"
Coven Counters,Commander Deck,Commander,MIC,2021-09-24,31.69,"Moonsilver Key, Gyre Sage, Herald of War, Heronblade Elite, Champion of Lambholt"
Creative Energy,Commander Deck,Commander,M3C,2024-06-14,43.66,"Akroma's Will, Goldspan Dragon, Professional Face-Breaker, Farewell, Mystic Gate"
Creative Energy Collector's Edition,Commander Deck,Commander,M3C,2024-06-14,58.22,"Akroma's Will, Goldspan Dragon, Professional Face-Breaker, Farewell, Cayth, Famed Mechanist"
Dance of the Elements,Commander Deck,Commander,ECC,2026-01-23,28.24,"Springleaf Parade, Selvala, Heart of the Wilds, Endurance, Abundant Countryside, Timeless Lotus"
Deadly Disguise,Commander Deck,Commander,MKC,2024-02-09,122.12,"Jeska's Will, Seedborn Muse, Toski, Bearer of Secrets, Beast Whisperer, Three Visits"
Death Toll,Commander Deck,Commander,DSC,2024-09-27,51.52,"Reanimate, Whip of Erebos, Arachnogenesis, Professor Onyx, Vault of Whispers"
Deathdancer Xira,MTGO Commander Deck,Commander,TD0,2009-08-26,0.0,"Barren Moor, Darigaaz's Caldera, Forest, Forest, Forest"
Deep Clue Sea,Commander Deck,Commander,MKC,2024-02-09,96.36,"Bennie Bracks, Zoologist, Alandra, Sky Dreamer, Adrix and Nev, Twincasters, Academy Manufactor, Koma, Cosmos Serpent"
Desert Bloom,Commander Deck,Commander,OTC,2024-04-19,79.86,"Ancient Greenwarden, World Shaper, Scute Swarm, Ramunap Excavator, Cactus Preserve"
Devour for Power,Commander Deck,Commander,CMD,2011-06-17,96.4,"Grave Pact, Riddlekeeper, Memory Erosion, Vow of Malice, Windfall"
Divine Convocation,Commander Deck,Commander,MOC,2023-04-21,72.32,"Nesting Dovehawk, The Locust God, Skullclamp, Suture Priest, Secure the Wastes"
Doom Prevails,Commander Deck,Commander,MSC,2026-06-26,98.78,"Molecule Man, Black Market Connections, Luxury Suite, Spark Double, Loki's Scepter"
Doom Prevails Collector's Edition,Commander Deck,Commander,MSC,2026-06-26,115.65,"Molecule Man, Black Market Connections, Luxury Suite, Spark Double, Loki's Scepter"
Draconic Destruction,Commander Deck,Commander,SCD,2022-12-02,19.28,"Elemental Bond, Scourge of Valkas, Vandalblast, Swiftfoot Boots, Dragonspeaker Shaman"
Draconic Dissent,Commander Deck,Commander,CLB,2022-06-10,135.44,"Astral Dragon, Artificer Class, Bothersome Quasit, Baeloth Barrityl, Entertainer, Niv-Mizzet, Parun"
Draconic Domination,Commander Deck,Commander,C17,2017-08-25,112.25,"Utvara Hellkite, Kindred Discovery, Scion of the Ur-Dragon, Scalelord Reckoner, Boneyard Scourge"
Draconic Rage,Commander Deck,Commander,AFC,2021-07-23,88.11,"Klauth, Unrivaled Ancient, Neverwinter Hydra, Wulfgar of Icewind Dale, Dragonborn Champion, Maddening Hex"
Dungeons of Death,Commander Deck,Commander,AFC,2021-07-23,72.14,"Wand of Orcus, Minn, Wily Illusionist, Nimbus Maze, Component Pouch, Phantasmal Image"
Eldrazi Incursion,Commander Deck,Commander,M3C,2024-06-14,125.37,"Eldrazi Confluence, Eldrazi Monument, Morophon, the Boundless, Eldritch Immunity, Forsaken Monument"
Eldrazi Incursion Collector's Edition,Commander Deck,Commander,M3C,2024-06-14,164.04,"Glaring Fleshraker, Azlask, the Swelling Scourge, Eldrazi Confluence, Eldrazi Monument, Morophon, the Boundless"
Eldrazi Unbound,Commander Deck,Commander,CMM,2023-08-04,240.07,"Darksteel Monolith, Rise of the Eldrazi, It That Betrays, Flayer of Loyalties, Skittering Cicada"
Elven Council,Commander Deck,Commander,LTC,2023-06-23,80.87,"Heroic Intervention, Raise the Palisade, Swan Song, Asceticism, Lórien Revealed"
Elven Empire,Commander Deck,Commander,KHC,2021-02-05,77.7,"Wolverine Riders, Elvish Promenade, Beast Whisperer, Elven Ambush, Elderfang Venom"
Enchantress Rubinia,MTGO Commander Deck,Commander,TD0,2009-08-26,0.0,"Azorius Chancery, Bant Panorama, Coastal Tower, Elfhame Palace, Forest"
Endless Punishment,Commander Deck,Commander,DSC,2024-09-27,145.17,"Witch's Clinic, Persistent Constrictor, The Lord of Pain, Kederekt Parasite, Gleeful Arsonist"
Enduring Enchantments,Commander Deck,Commander,CMM,2023-08-04,141.75,"Starfield of Nyx, Ondu Spiritdancer, Narci, Fable Singer, Dryad of the Ilysian Grove, Boon of the Spirit Realm"
Enhanced Evolution,Commander Deck,Commander,C20,2020-04-17,84.95,"Deadly Rollick, Silent Arbiter, Tidal Barracuda, Beast Whisperer, Zaxara, the Exemplary"
Entropic Uprising,Commander Deck,Commander,C16,2016-11-11,161.82,"Burgeoning, Thrasios, Triton Hero, Chain of Vapor, Waste Not, Cruel Entertainment"
Eternal Bargain,Commander Deck,Commander,C13,2013-11-01,53.01,"Crawlspace, Toxic Deluge, Lim-Dûl's Vault, Phyrexian Reclamation, Sanguine Bond"
Eternal Might,Commander Deck,Commander,DRC,2025-02-14,21.97,"Renewed Solidarity, Bontu's Monument, The Scarab God, Drowned Catacomb, Underground River"
Evasive Maneuvers,Commander Deck,Commander,CMA,2017-06-09,64.15,"Thousand-Year Elixir, Basalt Monolith, Borrowing 100,000 Arrows, Surveyor's Scope, Arcane Denial"
Everyone's Invited!,Commander Deck,Commander,SLD,2025-05-12,404.56,"Bitterblossom, Maskwood Nexus, Sol Ring, Raise the Palisade, Rin and Seri, Inseparable"
Exit from Exile,Commander Deck,Commander,CLB,2022-06-10,126.58,"Jeska's Will, Passionate Archaeologist, Delayed Blast Fireball, Nalfeshnee, Three Visits"
Explorers of the Deep,Commander Deck,Commander,LCC,2023-11-17,69.34,"Kindred Discovery, Herald of Secret Streams, Branching Evolution, Ripples of Potential, Reliquary Tower"
Exquisite Invention,Commander Deck,Commander,C18,2018-08-10,50.92,"Unwinding Clock, Varchild, Betrayer of Kjeldor, Treasure Nabber, Mirrorworks, Endless Atlas"
Faceless Menace,Commander Deck,Commander,C19,2019-08-23,71.31,"Seedborn Muse, Apex Altisaur, Strionic Resonator, Sudden Substitution, Thran Dynamo"
Fae Dominion,Commander Deck,Commander,WOC,2023-09-08,159.7,"Archmage of Echoes, Alela, Cunning Conqueror, Misleading Signpost, Kindred Dominance, Glen Elendra Archmage"
Faerie Schemes,Brawl Deck,Commander,ELD,2019-10-04,167.78,"Emergence Zone, Smothering Tithe, Watery Grave, Sephara, Sky's Blade, Massacre Girl"
Family Matters,Commander Deck,Commander,BLC,2024-08-02,38.59,"Agate Instigator, Helm of the Host, Pollywog Prodigy, Jacked Rabbit, Elspeth, Sun's Champion"
Feline Ferocity,Commander Deck,Commander,C17,2017-08-25,107.22,"Hammer of Nazahn, Qasali Slingers, Sword of the Animist, Mirari's Wake, Skullclamp"
First Flight,Commander Deck,Commander,SCD,2022-12-02,16.12,"Thought Vessel, True Conviction, Sephara, Sky's Blade, Counterspell, Sol Ring"
Flashy Fliers,Historic Brawl Precon Deck,Commander,MOM,2024-07-08,58.95,"Coldsteel Heart, Cavalier of Gales, Lyra Dawnbringer, Faerie Seer, Opt"
Food and Fellowship,Commander Deck,Commander,LTC,2023-06-23,66.01,"Birds of Paradise, Essence Warden, The Gaffer, Sanguine Bond, Toxic Deluge"
Forces of the Imperium,Commander Deck,Commander,40K,2022-10-07,208.88,"Celestine, the Living Saint, Reaver Titan, Commissar Severina Raine, Thunderhawk Gunship, Vexilus Praetor"
Forces of the Imperium Collector's Edition,Commander Deck,Commander,40K,2022-10-07,540.96,"Marneus Calgar, Celestine, the Living Saint, Vexilus Praetor, Commissar Severina Raine, Reaver Titan"
Forged In Stone,Commander Deck,Commander,C14,2014-11-07,101.11,"Grand Abolisher, Emeria, the Sky Ruin, Arcane Lighthouse, Cathars' Crusade, Skullclamp"
From Cute to Brute,Commander Deck,Commander,SLD,2023-05-08,353.14,"Nicol Bolas, the Ravager // Nicol Bolas, the Arisen, Bloodline Keeper // Lord of Lineage, Westvale Abbey // Ormendahl, Profane Prince, Archangel Avacyn // Avacyn, the Purifier, Valakut Awakening // Valakut Stoneforge"
Goblin Storm,Commander Deck,Commander,SLD,2026-05-18,521.66,"Roaming Throne, Sol Ring, Krenko, Mob Boss, Skullclamp, Broadside Bombardiers"
Grand Larceny,Commander Deck,Commander,OTC,2024-04-19,141.17,"Orochi Soul-Reaver, Brainstealer Dragon, Three Visits, Tower Winder, Fallen Shinobi"
Graveyard Overdrive,Commander Deck,Commander,M3C,2024-06-14,75.01,"The Reaver Cleaver, Barrowgoyf, Chandra's Ignition, Archon of Cruelty, Selvala, Heart of the Wilds"
Graveyard Overdrive Collector's Edition,Commander Deck,Commander,M3C,2024-06-14,93.7,"The Reaver Cleaver, Barrowgoyf, Chandra's Ignition, Archon of Cruelty, Accursed Marauder"
Growing Threat,Commander Deck,Commander,MOC,2023-04-21,64.69,"Filigree Vector, Bitterthorn, Nissa's Animus, Massacre Wurm, Vault of the Archangel, Nettlecyst"
Guided By Nature,Commander Deck,Commander,C14,2014-11-07,112.45,"Ezuri, Renegade Leader, Grave Sifter, Joraga Warcaller, Sylvan Safekeeper, Crystal Vein"
Guided by Nature,Commander Deck,Commander,CMA,2017-06-09,130.54,"Joraga Warcaller, Ezuri, Renegade Leader, Grave Sifter, Sylvan Safekeeper, Crystal Vein"
"Hail, Caesar",Commander Deck,Commander,PIP,2024-03-08,249.24,"Pitiless Plunderer, Skullclamp, Talisman of Indulgence, Tainted Peak, Tainted Field"
"Heads I Win, Tails You Lose",Commander Deck,Commander,SLD,2022-04-22,479.47,"Shadowspear, Commander's Plate, Propaganda // Propaganda, Krark's Thumb // Krark's Thumb, Seize the Day"
Heavenly Inferno,Commander Deck,Commander,CMD,2011-06-17,78.63,"Pyrohemia, Mother of Runes, Stranglehold, Vow of Malice, Lightning Greaves"
Invent Superiority,Commander Deck,Commander,C16,2016-11-11,66.31,"Curse of Vengeance, Silas Renn, Seeker Adept, Skullclamp, Bruse Tarl, Boorish Herder, Akiri, Line-Slinger"
Jeskai Striker,Commander Deck,Commander,TDC,2025-04-11,34.77,"Ghostly Prison, Will of the Jeskai, Reliquary Tower, Curse of Opulence, Storm-Kiln Artist"
Jump Scare!,Commander Deck,Commander,DSC,2024-09-27,71.29,"Ashaya, Soul of the Wild, Giggling Skitterspike, Aesi, Tyrant of Gyre Strait, Scute Swarm, Reliquary Tower"
Knights' Charge,Brawl Deck,Commander,ELD,2019-10-04,48.46,"Godless Shrine, Colossus Hammer, Knight of the Ebon Legion, Icon of Ancestry, Skyknight Vanguard"
Land's Wrath,Commander Deck,Commander,ZNC,2020-09-25,18.47,"Emeria Shepherd, Evolution Sage, Geode Rager, Return of the Wildspeaker, Kodama's Reach"
Legends' Legacy,Commander Deck,Commander,DMC,2022-09-09,135.24,"Shizo, Death's Storehouse, The Reaver Cleaver, Cadric, Soul Kindler, Bontu's Monument, Mikokoro, Center of the Sea"
Lightly Armored,Historic Brawl Precon Deck,Commander,MOM,2024-07-08,202.73,"Mirari's Wake, Ancestral Mask, Coldsteel Heart, Celestial Mantle, Lyra Dawnbringer"
Limit Break (FINAL FANTASY VII),Commander Deck,Commander,FIC,2025-06-13,45.94,"Skullclamp, Clever Concealment, Sword of the Animist, Professional Face-Breaker, Darksteel Plate"
Limit Break Collector's Edition (FINAL FANTASY VII),Commander Deck,Commander,FIC,2025-06-13,65.06,"Zack Fair, Tifa, Martial Artist, Skullclamp, Clever Concealment, Sword of the Animist"
Living Energy,Commander Deck,Commander,DRC,2025-02-14,31.87,"Panharmonicon, Academy Ruins, Lightning Greaves, Conjurer's Closet, Stridehangar Automaton"
Lorehold Legacies,Commander Deck,Commander,C21,2021-04-23,62.45,"Thousand-Year Elixir, Boros Charm, Monologue Tax, Hellkite Tyrant, Darksteel Citadel"
Lorehold Spirit,Commander Deck,Commander,SOC,2026-04-24,39.19,"Moonshaker Cavalry, Bitterthorn, Nissa's Animus, Emeria, the Sky Ruin, Turbulent Steppe, Lotus Field"
Maestros Massacre,Commander Deck,Commander,NCC,2022-04-29,70.65,"Twinning Staff, Make an Example, Lightning Greaves, Determined Iteration, Kess, Dissident Mage"
Mardu Surge,Commander Deck,Commander,TDC,2025-04-11,43.89,"Skullclamp, Goldlust Triad, Lightning Greaves, Will of the Mardu, Grand Crescendo"
Masters of Evil,Commander Deck,Commander,WHO,2023-10-13,315.06,"Cybermen Squadron, Cyberman Patrol, Auton Soldier, Talisman of Dominance, Dalek Squadron"
Merciless Rage,Commander Deck,Commander,C19,2019-08-23,54.91,"Bone Miser, Sanctum of Eternity, Curse of Fool's Wisdom, In Garruk's Wake, Geier Reach Sanitarium"
Mind Flayarrrs,Commander Deck,Commander,CLB,2022-06-10,148.62,"Zellix, Sanity Flayer, Mindcrank, Brainstealer Dragon, Aboleth Spawn, Spellskite"
Mind Seize,Commander Deck,Commander,C13,2013-11-01,59.78,"Prosperity, Jace's Archivist, Sudden Spoiling, Temple Bell, Nekusar, the Mindrazer"
Miracle Worker,Commander Deck,Commander,DSC,2024-09-27,82.37,"Ondu Spiritdancer, Hall of Heliod's Generosity, Ancient Cellarspawn, Metamorphosis Fanatic, Inkshield"
Mirror Mastery,Commander Deck,Commander,CMD,2011-06-17,99.05,"Animar, Soul of Elements, Homeward Path, Collective Voyage, Lightning Greaves, Ruination"
Mishra's Burnished Banner,Commander Deck,Commander,BRC,2022-11-18,119.9,"Great Furnace, Strionic Resonator, Lithoform Engine, Nihil Spellbomb, Reliquary Tower"
Most Wanted,Commander Deck,Commander,OTC,2024-04-19,108.91,"Seize the Spotlight, Command Beacon, Academy Manufactor, Back in Town, Boros Charm"
Mutant Menace,Commander Deck,Commander,PIP,2024-03-08,345.96,"Infesting Radroach, Power Fist, Mortuary Mire, Guardian Project, Atomize"
Mystic Intellect,Commander Deck,Commander,C19,2019-08-23,42.51,"Dockside Extortionist, Prismatic Strands, Ghostly Prison, Wall of Stolen Identity, Clever Impersonator"
Nature of the Beast,Commander Deck,Commander,C13,2013-11-01,47.19,"Homeward Path, Boros Charm, Wrath of God, From the Ashes, Tempt with Discovery"
Nature's Vengeance,Commander Deck,Commander,C18,2018-08-10,18.23,"Fury Storm, Thantis, the Warweaver, Retreat to Hagra, Stitch Together, Sol Ring"
Necron Dynasties,Commander Deck,Commander,40K,2022-10-07,254.3,"Cryptothrall, Sceptre of Eternal Glory, Darkness, Canoptek Spyder, Resurrection Orb"
Necron Dynasties Collector's Edition,Commander Deck,Commander,40K,2022-10-07,562.24,"Sceptre of Eternal Glory, Cryptothrall, Canoptek Spyder, Imotekh the Stormlord, Resurrection Orb"
Obscura Operation,Commander Deck,Commander,NCC,2022-04-29,88.94,"Change of Plans, Smuggler's Share, Strionic Resonator, Currency Converter, Fallen Shinobi"
Open Hostility,Commander Deck,Commander,C16,2016-11-11,158.22,"Tymna the Weaver, Breath of Fury, Iroas, God of Victory, Ravos, Soultender, Boros Charm"
Painbow,Commander Deck,Commander,DMC,2022-09-09,67.34,"Tiller Engine, Two-Headed Hellkite, Fallaji Wayfarer, Nethroi, Apex of Death, Surrak Dragonclaw"
Paradox Power,Commander Deck,Commander,WHO,2023-10-13,242.11,"Danny Pink, Quantum Misalignment, Rockfall Vale, Talisman of Curiosity, Beast Within"
Party Time,Commander Deck,Commander,CLB,2022-06-10,112.35,"Black Market Connections, Mother of Runes, Grim Hireling, Deep Gnome Terramancer, Seasoned Dungeoneer"
Peace Offering,Commander Deck,Commander,BLC,2024-08-02,60.19,"Twenty-Toed Toad, Kalonian Hydra, Loran of the Third Path, Bloodroot Apothecary, Reliquary Tower"
Peer Through Time,Commander Deck,Commander,C14,2014-11-07,73.08,"Cyclonic Rift, Sapphire Medallion, Breaching Leviathan, Crown of Doom, Thran Dynamo"
Phantom Premonition,Commander Deck,Commander,KHC,2021-02-05,49.12,"Eerie Interlude, Ghostly Prison, Windfall, Spectral Deluge, Cosmic Intervention"
Planar Portal,Commander Deck,Commander,AFC,2021-07-23,94.54,"Karazikar, the Eye Tyrant, Grim Hireling, Reckless Endeavor, Wild-Magic Sorcerer, Disrupt Decorum"
Planeswalker Party,Commander Deck,Commander,CMM,2023-08-04,128.59,"Silent Arbiter, Spark Double, Teyo, Geometric Tactician, Chandra, Awakened Inferno, Fellwar Stone"
Plunder the Graves,Commander Deck,Commander,C15,2015-11-13,65.88,"Pathbreaker Ibex, Eldrazi Monument, Thief of Blood, Skullclamp, Lightning Greaves"
Political Puppets,Commander Deck,Commander,CMD,2011-06-17,65.78,"Flusterstorm, Insurrection, Ghostly Prison, Propaganda, Howling Mine"
Power Hungry,Commander Deck,Commander,C13,2013-11-01,66.71,"Goblin Sharpshooter, Primal Vigor, Goblin Bombardment, Khalni Garden, Swiftfoot Boots"
Primal Genesis,Commander Deck,Commander,C19,2019-08-23,56.13,"Marisi, Breaker of the Coil, Ohran Frostfang, Elemental Bond, Song of the Worldsoul, Lightning Greaves"
Prismari Artistry,Commander Deck,Commander,SOC,2026-04-24,48.96,"Faerie Mastermind, Goldspan Dragon, Turbulent Springs, Lightning Greaves, Reliquary Tower"
Prismari Performance,Commander Deck,Commander,C21,2021-04-23,62.8,"Seething Song, Veyran, Voice of Duality, Dualcaster Mage, Reliquary Tower, Mana Geyser"
Quandrix Unlimited,Commander Deck,Commander,SOC,2026-04-24,41.23,"Three Visits, Ozolith, the Shattered Spire, Turbulent Wilderness, Reliquary Tower, Goldvein Hydra"
Quantum Quandrix,Commander Deck,Commander,C21,2021-04-23,44.38,"Spawning Kraken, Ruxa, Patient Professor, Guardian Augmenter, Rapid Hybridization, Ezuri's Predation"
Quick Draw,Commander Deck,Commander,OTC,2024-04-19,107.82,"Winged Boots, Mizzix's Mastery, Arcane Bombardment, Thunderclap Drake, Niv-Mizzet, Parun"
Raining Cats and Dogs,Commander Deck,Commander,SLD,2024-01-22,422.02,"Anointed Procession // Anointed Procession, Sol Ring // Sol Ring, Jetmir, Nexus of Revels // Jetmir, Nexus of Revels, Lurking Predators, Jetmir's Garden"
Reap the Tides,Commander Deck,Commander,CMR,2020-11-20,45.54,"Nezahal, Primal Tide, Ramunap Excavator, Simic Charm, Reliquary Tower, Murkfiend Liege"
Rebellion Rising,Commander Deck,Commander,ONC,2023-02-10,104.3,"Flawless Maneuver, Clever Concealment, Otharri, Suns' Glory, Hexplate Wallbreaker, Call the Coppercoats"
Revenant Recon,Commander Deck,Commander,MKC,2024-02-09,108.12,"Necromancy, Animate Dead, Reanimate, Rise of the Dark Realms, Doom Whisperer"
Revival Trance (FINAL FANTASY VI),Commander Deck,Commander,FIC,2025-06-13,26.95,"Reanimate, Pitiless Plunderer, Rise of the Dark Realms, Swiftfoot Boots, Talisman of Indulgence"
Revival Trance Collector's Edition (FINAL FANTASY VI),Commander Deck,Commander,FIC,2025-06-13,37.21,"Reanimate, Pitiless Plunderer, Rise of the Dark Realms, Phoenix Down, Laughing Mad"
Riders of Rohan,Commander Deck,Commander,LTC,2023-06-23,44.52,"Door of Destinies, Vanquisher's Banner, Herald's Horn, Taunt from the Rampart, Forth Eorlingas!"
Riveteers Rampage,Commander Deck,Commander,NCC,2022-04-29,56.06,"Jolene, the Plunder Queen, World Shaper, Life's Legacy, Industrial Advancement, Protection Racket"
Ruthless Regiment,Commander Deck,Commander,C20,2020-04-17,74.39,"Flawless Maneuver, Species Specialist, Molten Echoes, Skullclamp, Call the Coppercoats"
Savage Hunger,Brawl Deck,Commander,ELD,2019-10-04,68.92,"Evolution Sage, Stomping Ground, Rhythm of the Wild, Krenko, Tin Street Kingpin, Dreadhorde Invasion"
Science!,Commander Deck,Commander,PIP,2024-03-08,299.35,"Nuka-Cola Vending Machine, Bottle-Cap Blast, Lightning Greaves, Thought Vessel, Panharmonicon"
Scions & Spellcraft (FINAL FANTASY XIV),Commander Deck,Commander,FIC,2025-06-13,44.3,"Tataru Taru, Snuff Out, Authority of the Consuls, Champions from Beyond, Sunken Ruins"
Scions & Spellcraft Collector's Edition (FINAL FANTASY XIV),Commander Deck,Commander,FIC,2025-06-13,62.43,"Tataru Taru, Snuff Out, Circle of Power, Authority of the Consuls, Champions from Beyond"
Scrappy Survivors,Commander Deck,Commander,PIP,2024-03-08,306.1,"Silver Shroud Costume, Codsworth, Handy Helper, Heroic Intervention, Perception Bobblehead, Path to Exile"
Seize Control,Commander Deck,Commander,C15,2015-11-13,53.53,"Jace's Archivist, Mizzix's Mastery, Blatant Thievery, Reliquary Tower, Windfall"
Silverquill Influence,Commander Deck,Commander,SOC,2026-04-24,55.63,"Land Tax, Turbulent Moor, Animate Dead, Ghostly Prison, Inkshield"
Silverquill Statement,Commander Deck,Commander,C21,2021-04-23,89.57,"Stinging Study, Incarnation Technique, Tempting Contract, Ghostly Prison, Victory Chimes"
Sliver Swarm,Commander Deck,Commander,CMM,2023-08-04,169.37,"Sliver Hivelord, Three Visits, Hatchery Sliver, Lazotep Sliver, Syphon Sliver"
Smashing Stampede,Historic Brawl Precon Deck,Commander,MOM,2024-07-08,148.62,"The Great Henge, Surrak and Goreclaw, Coldsteel Heart, Shivan Devastator, Elvish Mystic"
Sneak Attack,Commander Deck,Commander,ZNC,2020-09-25,28.78,"Sygg, River Cutthroat, Notorious Throng, In Garruk's Wake, Blackblade Reforged, Obelisk of Urd"
Spirit Squadron,Commander Deck,Commander,VOC,2021-11-19,34.9,"Kami of the Crescent Moon, Ghostly Prison, Arcane Denial, Knight of the White Orchid, Ghostly Pilferer"
Squirreled Away,Commander Deck,Commander,BLC,2024-08-02,92.51,"Chatterfang, Squirrel General, Toski, Bearer of Secrets, Skullclamp, Academy Manufactor, Swarmyard"
Stalwart Unity,Commander Deck,Commander,C16,2016-11-11,185.29,"Lurking Predators, Wave of Reckoning, Homeward Path, Benefactor's Draught, Swan Song"
Subjective Reality,Commander Deck,Commander,C18,2018-08-10,34.58,"Silent-Blade Oni, Sower of Discord, Yuriko, the Tiger's Shadow, Varina, Lich Queen, Ninja of the Deep Hours"
Sultai Arisen,Commander Deck,Commander,TDC,2025-04-11,66.68,"Colossal Grave-Reaver, Command Beacon, Teval's Judgment, Life from the Loam, Dauthi Voidwalker"
Swell the Host,Commander Deck,Commander,C15,2015-11-13,58.24,"Command Beacon, Arachnogenesis, Caller of the Claw, Reliquary Tower, Beastmaster Ascension"
Sworn To Darkness,Commander Deck,Commander,C14,2014-11-07,85.5,"Crypt Ghast, Jet Medallion, Arcane Lighthouse, Crypt of Agadeem, Sudden Spoiling"
Symbiotic Swarm,Commander Deck,Commander,C20,2020-04-17,37.78,"Akroma, Angel of Wrath, Gavony Township, Obscuring Haze, Karametra, God of Harvests, Slippery Bogbonder"
Temur Roar,Commander Deck,Commander,TDC,2025-04-11,47.88,"Ureni of the Unwritten, Elemental Bond, Dragon Tempest, Temur Ascendancy, Talisman of Creativity"
The Fantastic Four,Commander Deck,Commander,MSC,2026-06-26,70.73,"The Fantasticar, Galactus, Devourer of Worlds, Clever Concealment, Quantum Misalignment, Three Visits"
The Fantastic Four Collector's Edition,Commander Deck,Commander,MSC,2026-06-26,92.18,"The Fantasticar, Mister Fantastic, Galactus, Devourer of Worlds, Clever Concealment, Quantum Misalignment"
The Hosts of Mordor,Commander Deck,Commander,LTC,2023-06-23,73.78,"Cavern-Hoard Dragon, Relic of Sauron, The Black Gate, Reanimate, Basalt Monolith"
The Ruinous Powers,Commander Deck,Commander,40K,2022-10-07,199.02,"Bloodthirster, Exalted Flamer of Tzeentch, Magnus the Red, Keeper of Secrets, Nurgle's Rot"
The Ruinous Powers Collector's Edition,Commander Deck,Commander,40K,2022-10-07,527.4,"Bloodthirster, Magnus the Red, Exalted Flamer of Tzeentch, Be'lakor, the Dark Master, Nurgle's Rot"
Timeless Wisdom,Commander Deck,Commander,C20,2020-04-17,110.45,"Fierce Guardianship, Surly Badgersaur, Brallin, Skyshark Rider, The Locust God, Windfall"
Timey-Wimey,Commander Deck,Commander,WHO,2023-10-13,199.77,"Everybody Lives!, Dinosaurs on a Spaceship, Wedding Ring, Flesh Duplicate, Nanogene Conversion"
Tinker Time,Commander Deck,Commander,MOC,2023-04-21,42.3,"Hedron Detonator, Academy Manufactor, Pain Distributor, Tireless Provisioner, Curse of Opulence"
Token Triumph,Commander Deck,Commander,SCD,2022-12-02,12.39,"Champion of Lambholt, Sol Ring, Path to Exile, Idol of Oblivion, Eternal Witness"
Tricky Terrain,Commander Deck,Commander,M3C,2024-06-14,117.84,"Talon Gates of Madara, Yavimaya, Cradle of Growth, Dryad of the Ilysian Grove, Scute Swarm, Lazotep Quarry"
Tricky Terrain Collector's Edition,Commander Deck,Commander,M3C,2024-06-14,141.84,"Talon Gates of Madara, Yavimaya, Cradle of Growth, Dryad of the Ilysian Grove, Planar Nexus, Scute Swarm"
Turtle Power!,Commander Deck,Commander,TMC,2026-03-06,71.03,"City of Brass, Spire Garden, Undergrowth Stadium, Irma, Part-Time Mutant, Michelangelo, the Heart"
Tyranid Swarm,Commander Deck,Commander,40K,2022-10-07,182.86,"Ghyrson Starn, Kelermorph, Shadow in the Warp, Biophagus, Nexos, Sporocyst"
Tyranid Swarm Collector's Edition,Commander Deck,Commander,40K,2022-10-07,525.95,"Ghyrson Starn, Kelermorph, Biophagus, Shadow in the Warp, Magus Lucea Kane, Sporocyst"
Undead Unleashed,Commander Deck,Commander,MIC,2021-09-24,48.92,"Hordewing Skaab, Diregraf Colossus, Endless Ranks of the Dead, Death Baron, Cleaver Skaab"
Upgrades Unleashed,Commander Deck,Commander,NEC,2022-02-18,64.94,"Bear Umbra, Akki Battle Squad, Komainu Battle Armor, Rhythm of the Wild, Blackblade Reforged"
Urza's Iron Alliance,Commander Deck,Commander,BRC,2022-11-18,83.39,"Skullclamp, Relic of Progenitus, Preordain, Thought Vessel, Vault of Whispers"
Vampiric Bloodline,Commander Deck,Commander,VOC,2021-11-19,55.15,"Molten Echoes, Nirkana Revenant, Shadowgrange Archfiend, Malakir Bloodwitch, Blood Artist"
Vampiric Bloodlust,Commander Deck,Commander,C17,2017-08-25,148.4,"Teferi's Protection, Licia, Sanguine Tribune, Door of Destinies, Kindred Charge, Skullclamp"
Veloci-Ramp-Tor,Commander Deck,Commander,LCC,2023-11-17,84.64,"Akroma's Will, Apex Altisaur, Xenagos, God of Revels, Chandra's Ignition, Rhythm of the Wild"
Virtue and Valor,Commander Deck,Commander,WOC,2023-09-08,120.42,"Retether, Hall of Heliod's Generosity, Bear Umbra, Mantle of the Ancients, Umbra Mystic"
Wade into Battle,Commander Deck,Commander,C15,2015-11-13,65.9,"Urza's Incubator, Blade of Selves, Basalt Monolith, Lightning Greaves, Gisela, Blade of Goldnight"
Wakanda Forever,Commander Deck,Commander,MSC,2026-06-26,47.43,"Birds of Paradise, Bountiful Promenade, Helm of the Host, Hammer of Nazahn, Sword of the Animist"
Wakanda Forever Collector's Edition,Commander Deck,Commander,MSC,2026-06-26,49.5,"Birds of Paradise, Bountiful Promenade, Helm of the Host, Hammer of Nazahn, Sword of the Animist"
Wild Bounty,Brawl Deck,Commander,ELD,2019-10-04,70.71,"Biomancer's Familiar, Hallowed Fountain, Circuitous Route, Risen Reef, Incubation Druid"
Witherbloom Pestilence,Commander Deck,Commander,SOC,2026-04-24,35.22,"Turbulent Fen, Ohran Frostfang, Toxic Deluge, Stensian Sanguinist // Exsanguinate, Blood Artist"
Witherbloom Witchcraft,Commander Deck,Commander,C21,2021-04-23,81.88,"Witch's Clinic, Alhammarret's Archive, Venser's Journal, Sapling of Colfenor, Gyome, Master Chef"
World Shaper,Commander Deck,Commander,EOC,2025-08-01,24.22,"Braids, Arisen Nightmare, Exploration Broodship, Nature's Lore, Oracle of Mul Daya, Horizon Explorer"
2014 Full Art Land Set,Box Set,Other,J14,2014-01-01,412.77,"Island, Forest, Swamp, Plains, Mountain"
30th Anniversary Countdown Kit,Secret Lair Drop,Other,SLC,2022-11-01,645.2,"Chrome Mox, Necropotence, Deathrite Shaman, Birthing Pod, Lim-Dûl's Vault"
A Box of Rocks,Secret Lair Drop,Other,SLD,2021-03-15,36.36,"Arcane Signet, Commander's Sphere, Chromatic Lantern, Gilded Lotus, Darksteel Ingot"
A Box of Rocks Foil Edition,Secret Lair Drop,Other,SLD,2021-03-15,36.36,"Arcane Signet, Commander's Sphere, Chromatic Lantern, Gilded Lotus, Darksteel Ingot"
A Devastation of Dragons,Secret Lair Drop,Other,SLD,2025-02-20,73.85,"Kokusho, the Evening Star, Scion of the Ur-Dragon, Niv-Mizzet, Parun, Skyline Despot"
Aang,Jumpstart,Other,TLE,2025-11-20,15.96,"Aang, Airbending Master, Cloudshift, Momo, Rambunctious Rascal, Kindly Customer, Enter the Avatar State"
Above the Clouds (1),Jumpstart,Other,JMP,2020-07-17,0.0,"Lofty Denial, Unsubstantiate, Tide Skimmer, Capture Sphere, Rain of Revelation"
Above the Clouds (2),Jumpstart,Other,JMP,2020-07-17,0.0,"Lofty Denial, Unsubstantiate, Tide Skimmer, Capture Sphere, Rain of Revelation"
Above the Clouds (3),Jumpstart,Other,JMP,2020-07-17,0.0,"Lofty Denial, Unsubstantiate, Tide Skimmer, Capture Sphere, Rain of Revelation"
Above the Clouds (4),Jumpstart,Other,JMP,2020-07-17,4.86,"Kira, Great Glass-Spinner, Lofty Denial, Unsubstantiate, Tide Skimmer, Capture Sphere"
Absolute Annihilation,Secret Lair Drop,Other,SLD,2023-09-15,58.78,"Mass Hysteria, Terminate, Abrade, Oppression"
Absolute Annihilation Foil Edition,Secret Lair Drop,Other,SLD,2023-09-15,58.78,"Mass Hysteria, Terminate, Abrade, Oppression"
Abzan Siege,Intro Pack,Other,KTK,2014-09-26,7.64,"Abzan Falconer, Eternal Thirst, Abzan Battle Priest, Sandsteppe Citadel, Sungrace Pegasus"
Adaptive,Jumpstart,Other,TLE,2025-11-20,12.48,"The Blue Spirit, Princess Yue, Boomerang Basics, Frantic Search, Island"
Adept (1),Jumpstart,Other,TLE,2025-11-20,2.9,"Dramatic Reversal, Nightmares and Daydreams, Island, Crashing Wave, Thriving Isle"
Adept (2),Jumpstart,Other,TLE,2025-11-20,1.21,"Nightmares and Daydreams, Consider, Island, Octopus Form, Thriving Isle"
Adventures in the Forgotten Realms Bundle Land Pack,Bundle Land Pack,Other,AFR,2021-07-23,0.0,"Forest, Forest, Forest, Forest, Mountain"
Adventures in the Forgotten Realms Foil Redemption,MTGO Redemption,Other,AFR,2021-08-22,270.6,"Old Gnawbone, Tiamat, Circle of Dreams Druid, Teleportation Circle, The Book of Exalted Deeds"
Adventures in the Forgotten Realms Redemption,MTGO Redemption,Other,AFR,2021-08-22,270.6,"Old Gnawbone, Tiamat, Circle of Dreams Druid, Teleportation Circle, The Book of Exalted Deeds"
Adventures in the Forgotten Realms Welcome Booster,Welcome Booster,Other,AFR,2021-07-23,2.24,"Cleric Class, Atarka, World Render, Sunblast Angel, Tyrant's Familiar, Jiang Yanggu, Wildcrafter"
Adventures of the Little Witch,Secret Lair Drop,Other,SLD,2025-04-23,68.25,"Realms Uncharted, Esika's Chariot, Secret Rendezvous, Serenity"
Adventures of the Little Witch Foil Edition,Secret Lair Drop,Other,SLD,2025-04-23,68.25,"Realms Uncharted, Esika's Chariot, Secret Rendezvous, Serenity"
Aeo Paquette - Affinity,World Championship Deck,Other,WC04,2004-09-01,65.54,"Chrome Mox, Arcbound Ravager, Great Furnace, Welding Jar, Thoughtcast"
Aerial Acrobatics,Game Night Deck,Other,GN2,2019-11-15,19.31,"Agent of Treachery, Dramatic Reversal, Engulf the Shore, River's Rebuke, Winged Words"
Aerial Domination,Arena Starter Deck,Other,ANB,2020-08-13,0.0,"Wall of Runes, Sworn Guardian, Waterkin Shaman, Cloudkin Seer, Warden of Evos Isle"
Aerodoom,Theme Deck,Other,BTD,2000-10-01,31.75,"Dark Ritual, Counterspell, Power Sink, Drain Life, Tolarian Winds"
Aether Drifters,Secret Lair Drop,Other,SLD,2025-02-11,20.43,"Smuggler's Copter // Smuggler's Copter, Parhelion II // Parhelion II, Mechtitan Core // Mechtitan Core, Reckoner Bankbuster // Reckoner Bankbuster, Peacewalker Colossus // Peacewalker Colossus"
Aether Drifters Foil Edition,Secret Lair Drop,Other,SLD,2025-02-11,20.43,"Smuggler's Copter // Smuggler's Copter, Parhelion II // Parhelion II, Mechtitan Core // Mechtitan Core, Reckoner Bankbuster // Reckoner Bankbuster, Peacewalker Colossus // Peacewalker Colossus"
Aether Revolt Foil Redemption,MTGO Redemption,Other,AER,2017-02-19,237.41,"Paradox Engine, Walking Ballista, Heroic Intervention, Whir of Invention, Exquisite Archangel"
Aether Revolt Redemption,MTGO Redemption,Other,AER,2017-02-19,237.41,"Paradox Engine, Walking Ballista, Heroic Intervention, Whir of Invention, Exquisite Archangel"
Aetherdrift Bundle Land Pack,Bundle Land Pack,Other,DFT,2025-02-14,0.0,"Mountain, Mountain, Swamp, Swamp, Mountain"
Aetherdrift Redemption,MTGO Redemption,Other,DFT,2025-03-13,171.45,"The Aetherspark, Riverpyre Verge, Monument to Endurance, Bleachbone Verge, Wastewood Verge"
Aga Galneer,Shandalar Enemy Deck,Other,PAST,1997-04-01,173.53,"Greed, El-Hajjâj, Sol Ring, Spirit Link, Savannah Lions"
Agents of S.H.I.E.L.D.,Jumpstart,Other,MSH,2026-06-26,0.0,"Nick Fury, Spymaster, Agent Phil Coulson, Strategic Intervention, Plains, Agent 13, Sharon Carter"
Air Forces,MTGO Theme Deck,Other,WTH,2007-12-12,17.37,"Debt of Loyalty, Impulse, Island, Island, Memory Lapse"
Air Razers,Theme Deck,Other,JUD,2002-05-27,397.32,"Worldgorger Dragon, Flash of Insight, Wonder, Lava Dart, Dwarven Scorcher"
Airbending,Jumpstart,Other,TLE,2025-11-20,9.62,"Monk Gyatso, Airbender Ascension, Plains, Koala-Sheep, Appa, Loyal Sky Bison"
Ajani,Planeswalker Deck,Other,M19,2018-07-13,9.28,"Ajani, Wise Counselor, Herald of Faith, Mentor of the Meek, Plains, Plains"
Ajani Goldmane,Duel Deck,Other,DDH,2011-09-02,13.62,"Essence Warden, Ajani Vengeant, Titanic Ultimatum, Spitemare, Forest"
"Ajani, Inspiring Leader",Planeswalker Deck,Other,M20,2019-07-29,12.17,"Ajani, Inspiring Leader, Angel of Vitality, Plains, Twinblade Paladin, Serra's Guardian"
"Ajani, Valiant Protector",Planeswalker Deck,Other,AER,2017-01-20,5.58,"Ajani, Valiant Protector, Narnam Renegade, Aid from the Cowl, Unbridled Growth, Forest"
Alara Reborn Foil Redemption,MTGO Redemption,Other,ARB,2009-05-30,518.32,"Wargate, Sen Triplets, Lord of Extinction, Time Sieve, Uril, the Miststalker"
Alara Reborn Redemption,MTGO Redemption,Other,ARB,2009-05-30,518.32,"Wargate, Sen Triplets, Lord of Extinction, Time Sieve, Uril, the Miststalker"
Alex Borteh - Merfolk Opposition,World Championship Deck,Other,WC01,2001-08-08,37.07,"Gush, Static Orb, Lord of Atlantis, Waterfront Bouncer, Thwart"
Alien Auroras,Secret Lair Drop,Other,SLD,2025-07-29,86.7,"Crucible of Worlds, Sylvan Safekeeper, Zuran Orb, Reprocess, Aggressive Mining"
Alien Auroras Galaxy Foil Edition,Secret Lair Drop,Other,SLD,2025-07-29,86.7,"Crucible of Worlds, Sylvan Safekeeper, Zuran Orb, Reprocess, Aggressive Mining"
Alliance (1),Jumpstart,Other,TLE,2025-11-20,2.23,"The Duke, Rebel Sentry, South Pole Voyager, Plains, Thriving Heath, Mechanical Glider"
Alliance (2),Jumpstart,Other,TLE,2025-11-20,3.72,"The Duke, Rebel Sentry, Jet, Rebel Leader, South Pole Voyager, Plains, Inspired Insurgent"
Allied Fires,Challenger Deck,Other,Q04,2020-04-03,34.49,"Steam Vents, Narset, Parter of Veils, Ugin, the Ineffable, Kenrith, the Returned King, Saheeli, Sublime Artificer"
Alt-A-Kesh,Shandalar Enemy Deck,Other,PAST,1997-04-01,16875.74,"Timetwister, Time Walk, Ancestral Recall, Junún Efreet, Birds of Paradise"
Amonkhet Bundle Land Pack,Bundle Land Pack,Other,AKH,2017-04-28,10.4,"Island, Swamp, Mountain, Forest, Mountain"
Amonkhet Foil Redemption,MTGO Redemption,Other,AKH,2017-05-28,416.64,"Anointed Procession, Bontu's Monument, Combat Celebrant, Nest of Scarabs, Oketra's Monument"
Amonkhet Redemption,MTGO Redemption,Other,AKH,2017-05-28,416.64,"Anointed Procession, Bontu's Monument, Combat Celebrant, Nest of Scarabs, Oketra's Monument"
Amonkhet Welcome Deck - Black,Welcome Deck,Other,W17,2017-04-15,0.0,"Swamp, Swamp, Swamp, Gravedigger, Dune Beetle"
Amonkhet Welcome Deck - Blue,Welcome Deck,Other,W17,2017-04-15,0.0,"Island, Island, Nimble Innovator, Ancient Crab, Island"
Amonkhet Welcome Deck - Green,Welcome Deck,Other,W17,2017-04-15,1.13,"Sixth Sense, Forest, Forest, Forest, Druid of the Cowl"
Amonkhet Welcome Deck - Red,Welcome Deck,Other,W17,2017-04-15,1.12,"Mountain, Mountain, Renegade Tactics, Mountain, Shock"
Amonkhet Welcome Deck - White,Welcome Deck,Other,W17,2017-04-15,0.0,"Plains, Plains, Plains, Inspired Charge, Victory's Herald"
An Encyclopedia of Magic,Secret Lair Drop,Other,SLC,2025-11-03,442.88,"Urza's Saga, Phyrexian Altar, Field of the Dead, Sol Ring, Myrel, Shield of Argive"
Analyzed,Jumpstart,Other,MSH,2026-06-26,3.22,"Vision, Spectral Synthezoid, Island, Echo, Perceptive Prodigy, Timeline Inquiry, Viv Vision, Teen Synthezoid"
Ancient Arsenal,Starter Kit,Other,ACR,2024-07-05,31.2,"Surtr, Fiery Jötun, Battlefield Improvisation, Bureau Headmaster, Eivor, Battle-Ready, Escarpment Fortress"
Ancient Discovery,Arena Starter Deck,Other,OTJ,2024-07-08,34.05,"Bonehoard Dracosaur, Warleader's Call, Anim Pakal, Thousandth Moon, Aurelia, the Law Above, Inspiring Vantage"
Angelic Accountants,Arena Starter Deck,Other,SNC,2022-09-09,18.07,"Elspeth Resplendent, Deserted Beach, Lion Sash, Planar Incision, Giada, Font of Hope"
Angelic Army,Arena Starter Deck,Other,ANB,2019-09-26,0.0,"Ajani's Pridemate, Dawn of Hope, Meteor Golem, Serra's Guardian, Loxodon Lifechanter"
Angelic Army 2,Arena Starter Deck,Other,ANB,2020-03-12,0.0,"Ajani's Pridemate, Dawn of Hope, Serra's Guardian, Loxodon Lifechanter, Moment of Heroism"
Angelic Fury,Intro Pack,Other,SOI,2016-04-08,0.0,"Dance with Devils, Gryff's Boon, Nahiri's Machinations, Flameblade Angel, Plains"
Angelic Might,Intro Pack,Other,AVR,2012-05-04,54.84,"Seraph Sanctuary, Forest, Herald of War, Rampant Growth, Forest"
Angels,Theme Deck,Other,PSAL,2005-08-01,0.0,"Island, Island, Island, Island, Island"
Angels (1),Jumpstart,Other,JMP,2020-07-17,6.54,"Baneslayer Angel, Angelic Ascension, Plains, Feat of Resistance, Guardian Idol"
Angels (2),Jumpstart,Other,JMP,2020-07-17,26.51,"Linvala, Keeper of Silence, Angelic Arbiter, Angelic Ascension, Plains, Guardian Idol"
"Angrath, Minotaur Pirate",Planeswalker Deck,Other,RIX,2018-01-19,29.38,"Vanquisher's Banner, Angrath, Minotaur Pirate, Mountain, Swamp, Dire Fleet Neckbreaker"
Animal,Jumpstart,Other,MSH,2026-06-26,25.62,"Tippy-Toe, Terrific Partner, Lucky the Pizza Dog, Heroic Feast, Forest, Tigra, Feline Fury"
Animar & Friends,Secret Lair Drop,Other,SLD,2025-02-03,89.87,"Animar, Soul of Elements, All Will Be One, Benevolent Hydra, Forgotten Ancient, Mulldrifter"
Anthousa's Army,Intro Pack,Other,THS,2013-09-27,18.8,"Bow of Nylea, Elvish Mystic, Forest, Plains, Forest"
Antoine Ruel - Blue-Black-Red Nether-Go,World Championship Deck,Other,WC01,2001-08-08,104.28,"Tsabo's Web, Accumulated Knowledge, Shivan Reef, Sulfurous Springs, Counterspell"
Ape Lord,Shandalar Enemy Deck,Other,PAST,1997-04-01,458.46,"Mountain, Mana Vault, Killer Bees, Birds of Paradise, Shivan Dragon"
Apocalypse Foil Redemption,MTGO Redemption,Other,APC,2001-07-04,3015.55,"Llanowar Wastes, Pernicious Deed, Yavimaya Coast, Shivan Reef, Phyrexian Arena"
Apocalypse Redemption,MTGO Redemption,Other,APC,2001-07-04,3015.55,"Llanowar Wastes, Pernicious Deed, Yavimaya Coast, Shivan Reef, Phyrexian Arena"
April Fools,Secret Lair Drop,Other,SLD,2020-09-30,22.38,"Goblin Snowman, Storm Crow, Mudhole"
Aragorn at Helm's Deep,Box Set,Other,LTC,2023-11-03,65.72,"Legolas's Quick Reflexes, Andúril, Narsil Reforged, Gimli's Reckless Might, Aragorn, Hornburg Hero, Isengard Unleashed"
Arcade Racers,Secret Lair Drop,Other,SLD,2025-02-11,49.18,"Final Fortune, Big Score, Wheel of Misfortune, Heat Shimmer, Roiling Vortex"
Arcade Racers Foil Edition,Secret Lair Drop,Other,SLD,2025-02-11,49.18,"Final Fortune, Big Score, Wheel of Misfortune, Heat Shimmer, Roiling Vortex"
Arcane,Secret Lair Drop,Other,SLD,2022-05-06,110.55,"Rhystic Study, Seize the Day, Thran Dynamo, Duress, Path to Exile"
Arcane Aggression,Arena Starter Deck,Other,LTR,2023-06-20,29.25,"Urabrask // The Great Work, Flame of Anor, Third Path Iconoclast, Gandalf the Grey, Shivan Reef"
Arcane Foil Edition,Secret Lair Drop,Other,SLD,2022-05-06,110.55,"Rhystic Study, Seize the Day, Thran Dynamo, Duress, Path to Exile"
Arcane Inventions,Arena Starter Deck,Other,M19,2018-09-27,5.91,"Sai, Master Thopterist, Diamond Mare, Island, Arcane Encyclopedia, Island"
Arcane Mischief,Jumpstart,Other,DMU,2022-09-09,2.2,"Island, Combat Research, Cosmic Epiphany, Shore Up, Impulse"
Arcane Tempo,Challenger Deck,Other,Q02,2019-04-12,20.75,"Niv-Mizzet, Parun, Arclight Phoenix, Murmuring Mystic, Sulfur Falls, Mountain"
Arcane: Lands,Secret Lair Drop,Other,SLD,2022-05-06,12.68,"Swamp, Forest, Plains, Mountain, Island"
Arcane: Lands Foil Edition,Secret Lair Drop,Other,SLD,2022-05-06,12.68,"Swamp, Forest, Plains, Mountain, Island"
Arcanis's Guile,Theme Deck,Other,10E,2007-07-13,24.46,"Arcanis the Omnipotent, Telling Time, Unsummon, Boomerang, Denizen of the Deep"
Arch Angel,Shandalar Enemy Deck,Other,PAST,1997-04-01,278.07,"Mishra's Factory, Mana Vault, Tetravus, Wrath of God, Swords to Plowshares"
Archaeology (1),Jumpstart,Other,JMP,2020-07-17,0.0,"Buried Ruin, Chromatic Sphere, Thirst for Knowledge, Aether Spellbomb, Island"
Archaeology (2),Jumpstart,Other,JMP,2020-07-17,0.0,"Buried Ruin, Terrarion, Thirst for Knowledge, Aether Spellbomb, Island"
Archaeology (3),Jumpstart,Other,JMP,2020-07-17,14.39,"Vedalken Archmage, Buried Ruin, Sharding Sphinx, Thirst for Knowledge, Aether Spellbomb"
Archaeology (4),Jumpstart,Other,JMP,2020-07-17,5.25,"Scarecrone, Buried Ruin, Scuttlemutt, Thirst for Knowledge, Aether Spellbomb"
Archenemy Nicol Bolas,Archenemy Deck,Other,E01,2017-06-16,23.08,"Archfiend of Depravity, Nicol Bolas, Planeswalker, Talisman of Dominance, Talisman of Indulgence, Drowned Catacomb"
Armada,Theme Deck,Other,7ED,2001-04-11,266.61,"Disenchant, Glorious Anthem, Serra Advocate, Pacifism, Spirit Link"
Armed,Jumpstart,Other,MSH,2026-06-26,33.16,"Swordsman's Steel, Swamp, Whiplash, Vengeful Engineer, HYDRA Disintegrator, Voltaic Whip"
Armed (1),Jumpstart,Other,J25,2024-11-07,0.0,"Danitha Capashen, Paragon, Starnheim Courser, Thriving Heath, Starnheim Memento, Mace of the Valiant"
Armed (2),Jumpstart,Other,J25,2024-11-07,0.0,"Plate Armor, Danitha Capashen, Paragon, Stone Haven Outfitter, Thriving Heath, Light the Way"
Armed (3),Jumpstart,Other,J25,2024-11-07,0.0,"Danitha Capashen, Paragon, Thriving Heath, Trusty Retriever, Maul of the Skyclaves, Valkyrie's Sword"
Armed (4),Jumpstart,Other,J25,2024-11-07,2.32,"Godsend, Plate Armor, Danitha Capashen, Paragon, Thriving Heath, Thopter Architect"
Armed and Dangerous,Arena Starter Deck,Other,AFR,2021-09-24,32.8,"Halvar, God of Battle // Sword of the Realms, Needleverge Pathway // Pillarverge Pathway, Bruenor Battlehammer, Showdown of the Skalds, Axgard Armory"
Army of Entropy,Theme Deck,Other,SHM,2008-05-02,156.73,"Blowfly Infestation, Kulrath Knight, Cinderbones, Swamp, Murderous Redcap"
Army of Justice,Theme Deck,Other,9ED,2005-07-29,22.21,"Glorious Anthem, Righteousness, Plains, Veteran Cavalier, Angel of Mercy"
Artful Destruction,Intro Pack,Other,NPH,2011-05-13,95.97,"Suture Priest, Palladium Myr, Gold Myr, Vital Splicer, Forest"
Artifacts Attack,Arena Starter Deck,Other,M19,2018-09-27,41.24,"Nezahal, Primal Tide, Settle the Wreckage, Goring Ceratops, Glacial Fortress, Azor, the Lawbringer"
Artist Series: Alayna Danner,Secret Lair Drop,Other,SLD,2023-04-28,95.69,"Emeria, the Sky Ruin, Linvala, Keeper of Silence, Seraph Sanctuary, Sunblast Angel"
Artist Series: Alayna Danner Foil Edition,Secret Lair Drop,Other,SLD,2023-04-28,95.69,"Emeria, the Sky Ruin, Linvala, Keeper of Silence, Seraph Sanctuary, Sunblast Angel"
Artist Series: Aleksi Briclot,Secret Lair Drop,Other,SLD,2022-12-19,78.35,"Eldrazi Temple, Thought-Knot Seer, Reality Smasher, Inquisition of Kozilek"
Artist Series: Aleksi Briclot Foil Edition,Secret Lair Drop,Other,SLD,2022-12-19,78.35,"Eldrazi Temple, Thought-Knot Seer, Reality Smasher, Inquisition of Kozilek"
Artist Series: Chris Rahn,Secret Lair Drop,Other,SLD,2022-09-13,43.38,"Platinum Angel, Kozilek, the Great Distortion, Primeval Titan, Huntmaster of the Fells // Ravager of the Fells"
Artist Series: Chris Rahn Foil Edition,Secret Lair Drop,Other,SLD,2022-09-13,43.38,"Platinum Angel, Kozilek, the Great Distortion, Primeval Titan, Huntmaster of the Fells // Ravager of the Fells"
Artist Series: Jesper Ejsing,Secret Lair Drop,Other,SLD,2025-02-11,93.89,"Deflecting Swat, Sun Titan, Llanowar Elves, Breeches, Eager Pillager"
Artist Series: Jesper Ejsing Foil Edition,Secret Lair Drop,Other,SLD,2025-02-11,93.89,"Deflecting Swat, Sun Titan, Llanowar Elves, Breeches, Eager Pillager"
Artist Series: Johannes Voss,Secret Lair Drop,Other,SLD,2021-12-13,48.47,"Carpet of Flowers, Sphere of Safety, Karmic Guide, Sanctum Prelate"
Artist Series: Johannes Voss Foil Edition,Secret Lair Drop,Other,SLD,2021-12-13,48.47,"Carpet of Flowers, Sphere of Safety, Karmic Guide, Sanctum Prelate"
Artist Series: John Avon,Secret Lair Drop,Other,SLD,2023-11-30,34.16,"Emrakul, the Promised End, Progenitus, Brainstorm, Serra Angel"
Artist Series: John Avon Foil Edition,Secret Lair Drop,Other,SLD,2023-11-30,34.16,"Emrakul, the Promised End, Progenitus, Brainstorm, Serra Angel"
Artist Series: Kev Walker,Secret Lair Drop,Other,SLD,2023-09-15,70.37,"It That Betrays, Faeburrow Elder, Fleshbag Marauder, Carnage Tyrant"
Artist Series: Kev Walker Foil Edition,Secret Lair Drop,Other,SLD,2023-09-15,70.37,"It That Betrays, Faeburrow Elder, Fleshbag Marauder, Carnage Tyrant"
Artist Series: Kieran Yanner,Secret Lair Drop,Other,SLD,2025-10-27,131.82,"Demonic Tutor, Armageddon, Lord of the Pit, Northern Paladin"
Artist Series: Kieran Yanner Foil Edition,Secret Lair Drop,Other,SLD,2025-10-27,131.82,"Demonic Tutor, Armageddon, Lord of the Pit, Northern Paladin"
Artist Series: Livia Prima,Secret Lair Drop,Other,SLD,2022-09-13,64.86,"Mikaeus, the Unhallowed, Akroma, Angel of Wrath, Olivia, Mobilized for War, Glissa Sunseeker"
Artist Series: Livia Prima Foil Edition,Secret Lair Drop,Other,SLD,2022-09-13,64.86,"Mikaeus, the Unhallowed, Akroma, Angel of Wrath, Olivia, Mobilized for War, Glissa Sunseeker"
Artist Series: Magali Villeneuve,Secret Lair Drop,Other,SLD,2022-08-05,48.62,"Mother of Runes, Forest, Elvish Mystic, Death's Shadow"
Artist Series: Magali Villeneuve Foil Edition,Secret Lair Drop,Other,SLD,2022-08-05,48.62,"Mother of Runes, Forest, Elvish Mystic, Death's Shadow"
Artist Series: Mark Poole,Secret Lair Drop,Other,SLD,2021-10-29,60.43,"Wasteland, Birds of Paradise, Howling Mine, Balance, Counterspell"
Artist Series: Mark Poole Foil Edition,Secret Lair Drop,Other,SLD,2021-10-29,60.43,"Wasteland, Birds of Paradise, Howling Mine, Balance, Counterspell"
Artist Series: Nils Hamm,Secret Lair Drop,Other,SLD,2022-10-25,67.04,"Sword of Truth and Justice, Contagion Engine, Deepglow Skate, Tireless Tracker"
Artist Series: Nils Hamm Foil Edition,Secret Lair Drop,Other,SLD,2022-10-25,67.04,"Sword of Truth and Justice, Contagion Engine, Deepglow Skate, Tireless Tracker"
Artist Series: Phil Foglio,Secret Lair Drop,Other,SLD,2025-06-10,52.55,"Constant Mists, Orcish Lumberjack, Goblin Bombardment, Song of the Dryads"
Artist Series: Phil Foglio Foil Edition,Secret Lair Drop,Other,SLD,2025-06-10,52.55,"Constant Mists, Orcish Lumberjack, Goblin Bombardment, Song of the Dryads"
Artist Series: Randy Vargas,Secret Lair Drop,Other,SLD,2023-04-28,65.62,"Grand Abolisher, Umezawa's Jitte, Selfless Savior, Akroma, Angel of Fury"
Artist Series: Randy Vargas Foil Edition,Secret Lair Drop,Other,SLD,2023-04-28,65.62,"Grand Abolisher, Umezawa's Jitte, Selfless Savior, Akroma, Angel of Fury"
Artist Series: Rebecca Guay,Secret Lair Drop,Other,SLD,2023-04-28,56.41,"Stoneforge Mystic, Serra the Benevolent, Muddle the Mixture, Cleansing Nova"
Artist Series: Rebecca Guay Foil Edition,Secret Lair Drop,Other,SLD,2023-04-28,56.41,"Stoneforge Mystic, Serra the Benevolent, Muddle the Mixture, Cleansing Nova"
Artist Series: Rovina Cai,Secret Lair Drop,Other,SLD,2024-04-15,78.16,"Sword of the Animist, Arcane Signet, Inalla, Archmage Ritualist, Aether Vial"
Artist Series: Rovina Cai Foil Edition,Secret Lair Drop,Other,SLD,2024-04-15,114.76,"Arcane Signet, Sword of the Animist, Inalla, Archmage Ritualist, Aether Vial"
Artist Series: Ryan Alexander Lee,Secret Lair Drop,Other,SLD,2023-08-29,36.71,"Worldspine Wurm, Twilight Prophet, Nemesis of Reason, Gaea's Blessing"
Artist Series: Ryan Alexander Lee Foil Edition,Secret Lair Drop,Other,SLD,2023-08-29,36.71,"Worldspine Wurm, Twilight Prophet, Nemesis of Reason, Gaea's Blessing"
Artist Series: Sam Burley,Secret Lair Drop,Other,SLD,2023-04-14,67.48,"Braid of Fire, Karrthus, Tyrant of Jund, Koth of the Hammer, Master of the Wild Hunt"
Artist Series: Sam Burley Foil Edition,Secret Lair Drop,Other,SLD,2023-04-14,67.48,"Braid of Fire, Karrthus, Tyrant of Jund, Koth of the Hammer, Master of the Wild Hunt"
Artist Series: Seb McKinnon,Secret Lair Drop,Other,SLD,2021-03-15,53.2,"Damnation, Swamp, Enchanted Evening, Sower of Temptation"
Artist Series: Seb McKinnon Foil Edition,Secret Lair Drop,Other,SLD,2021-03-15,53.2,"Damnation, Swamp, Enchanted Evening, Sower of Temptation"
Artist Series: Sidharth Chaturvedi,Secret Lair Drop,Other,SLD,2022-08-05,50.43,"Concordant Crossroads, Ghost Quarter, Nomad Outpost, Island"
Artist Series: Sidharth Chaturvedi Foil Edition,Secret Lair Drop,Other,SLD,2022-08-05,50.43,"Concordant Crossroads, Ghost Quarter, Nomad Outpost, Island"
Artist Series: Thomas Baxa,Secret Lair Drop,Other,SLD,2021-12-13,51.83,"Sliver Hivelord, Spellskite, Sire of Insanity, Ob Nixilis Reignited"
Artist Series: Thomas Baxa Foil Edition,Secret Lair Drop,Other,SLD,2021-12-13,51.83,"Sliver Hivelord, Spellskite, Sire of Insanity, Ob Nixilis Reignited"
Artist Series: Victor Adame Minguez,Secret Lair Drop,Other,SLD,2022-10-25,47.18,"Lord of the Undead, Knight of the White Orchid, Knight Exemplar, Compost"
Artist Series: Victor Adame Minguez Foil Edition,Secret Lair Drop,Other,SLD,2022-10-25,47.18,"Lord of the Undead, Knight of the White Orchid, Knight Exemplar, Compost"
Artist Series: Volkan Baga,Secret Lair Drop,Other,SLD,2022-09-13,40.11,"Berserk, Elspeth, Knight-Errant, Verduran Enchantress, Patron Wizard"
Artist Series: Volkan Baga Foil Edition,Secret Lair Drop,Other,SLD,2022-09-13,40.11,"Berserk, Elspeth, Knight-Errant, Verduran Enchantress, Patron Wizard"
Artist Series: Wayne Reynolds,Secret Lair Drop,Other,SLD,2022-08-05,42.79,"Balthor the Defiled, Torbran, Thane of Red Fell, Sram, Senior Edificer, Depala, Pilot Exemplar"
Artist Series: Wayne Reynolds Foil Edition,Secret Lair Drop,Other,SLD,2022-08-05,42.79,"Balthor the Defiled, Torbran, Thane of Red Fell, Sram, Senior Edificer, Depala, Pilot Exemplar"
Arzakon,Shandalar Enemy Deck,Other,PAST,1997-04-01,28398.63,"Timetwister, Time Walk, Ancestral Recall, Mox Emerald, Mox Pearl"
Ashiok,Planeswalker Deck,Other,THB,2020-01-24,6.57,"Gravebreaker Lamia, Ashiok, Sculptor of Fears, Sleep of the Dead, Pharika's Spawn, Glimpse of Freedom"
Assassin,Theme Deck,Other,UDS,1999-06-07,274.21,"Attrition, Ravenous Rats, Engineered Plague, Body Snatcher, Eradicate"
Assassin - Enhanced Deck,Enhanced Deck,Other,UDS,1999-06-07,852.47,"Powder Keg, Yawgmoth's Bargain, Volrath's Stronghold, Vampiric Tutor, Ravenous Rats"
Assassin's Creed Bundle Land Pack,Bundle Land Pack,Other,ACR,2024-07-05,3.48,"Island, Island, Mountain, Mountain, Swamp"
Assassin's Creed: Da Vinci's Designs,Secret Lair Drop,Other,SLD,2024-07-10,84.4,"Whispersilk Cloak, Darksteel Plate, Blade of Selves, Conqueror's Flail, Deathrender"
Assassin's Creed: Da Vinci's Designs Foil Edition,Secret Lair Drop,Other,SLD,2024-07-10,84.4,"Whispersilk Cloak, Darksteel Plate, Blade of Selves, Conqueror's Flail, Deathrender"
Assassin's Creed: Lethal Legends,Secret Lair Drop,Other,SLD,2024-07-10,75.3,"Ramses, Assassin Lord, Queen Marchesa, Kelsien, the Plague, Admiral Beckett Brass, Najeela, the Blade-Blossom"
Assassin's Creed: Lethal Legends Foil Edition,Secret Lair Drop,Other,SLD,2024-07-10,75.3,"Ramses, Assassin Lord, Queen Marchesa, Kelsien, the Plague, Admiral Beckett Brass, Najeela, the Blade-Blossom"
Assemble The Doomsday Machine,Archenemy Deck,Other,ARC,2010-06-18,31.4,"Batwing Brume, Lightning Greaves, Master Transmuter, Memnarch, Swamp"
Assemble Victory,Intro Pack,Other,ORI,2015-07-17,8.78,"Ghirapur Aether Grid, Alchemist's Vial, Prism Ring, Whirler Rogue, Island"
Astral Visionary,Shandalar Enemy Deck,Other,PAST,1997-04-01,16883.27,"Timetwister, Time Walk, Ancestral Recall, Copy Artifact, Stasis"
At the Zoo,Jumpstart,Other,TLE,2025-11-20,9.62,"Animal Attendant, Elephant-Mandrill, Origin of Metalbending, Frog-Squirrels, Forest"
Atlantis,Jumpstart,Other,MSH,2026-06-26,12.22,"Daughter of the Deep, Namor, Scourge of the Seas, Namora, the Sea Queen, Atlantean Skirmisher, Island"
Aura Mastery,Theme Deck,Other,SHM,2008-05-02,232.79,"Twilight Shepherd, Steel of the Godhead, Puresight Merrow, Thistledown Liege, Niveous Wisps"
Auras of Majesty,Arena Starter Deck,Other,M19,2018-09-27,24.83,"Satyr Enchanter, Shalai, Voice of Plenty, Sunpetal Grove, History of Benalia, Danitha Capashen, Paragon"
Aurochs Stampede,Theme Deck,Other,CSP,2006-07-21,84.27,"Boreal Druid, Hibernation's End, Highland Weald, Snow-Covered Mountain, Snow-Covered Forest"
Avacyn Restored Fat Pack Land Pack,Bundle Land Pack,Other,AVR,2012-05-04,22.04,"Forest, Forest, Swamp, Island, Plains"
Avacyn Restored Foil Redemption,MTGO Redemption,Other,AVR,2012-06-03,1003.31,"Avacyn, Angel of Hope, Cavern of Souls, Exquisite Blood, Craterhoof Behemoth, Griselbrand"
Avacyn Restored Redemption,MTGO Redemption,Other,AVR,2012-06-03,1003.31,"Avacyn, Angel of Hope, Cavern of Souls, Exquisite Blood, Craterhoof Behemoth, Griselbrand"
Avalanche!,Arena Starter Deck,Other,AFR,2021-09-24,31.46,"Ashaya, Soul of the Wild, Lotus Cobra, Barkchannel Pathway // Tidechannel Pathway, Snow-Covered Island, Snow-Covered Forest"
Avatar: The Last Airbender Bundle Land Pack,Bundle Land Pack,Other,TLA,2025-11-21,0.0,"Swamp, Swamp, Island, Island, Plains"
Avatar: The Last Airbender: A Lot to Learn,Secret Lair Drop,Other,SLD,2025-11-18,53.78,"Serra Ascendant, Cryptolith Rite, Kodama's Reach, Ponder"
Avatar: The Last Airbender: A Lot to Learn Foil Edition,Secret Lair Drop,Other,SLD,2025-11-18,53.78,"Serra Ascendant, Cryptolith Rite, Kodama's Reach, Ponder"
Avatar: The Last Airbender: Everything Changed,Secret Lair Drop,Other,SLD,2025-11-18,64.51,"Torment of Hailfire, Blood Moon, Lightning Bolt, Dramatic Entrance"
Avatar: The Last Airbender: Everything Changed Foil Edition,Secret Lair Drop,Other,SLD,2025-11-18,64.51,"Torment of Hailfire, Blood Moon, Lightning Bolt, Dramatic Entrance"
Avatar: The Last Airbender: My Cabbages!,Secret Lair Drop,Other,SLD,2025-11-18,43.98,"Chain of Vapor, Nature's Claim, Anguished Unmaking, Meltdown, Putrefy"
Avatar: The Last Airbender: My Cabbages! Foil Edition,Secret Lair Drop,Other,SLD,2025-11-18,43.98,"Chain of Vapor, Nature's Claim, Anguished Unmaking, Meltdown, Putrefy"
Avatar: The Last Airbender: One with the Elements,Secret Lair Drop,Other,SLD,2025-11-18,50.41,"Silence, Force of Vigor, Past in Flames, Preordain, Expressive Iteration"
Avatar: The Last Airbender: One with the Elements Foil Edition,Secret Lair Drop,Other,SLD,2025-11-18,50.41,"Silence, Force of Vigor, Past in Flames, Preordain, Expressive Iteration"
Avatar: The Last Airbender: The Ember Island Players,Secret Lair Drop,Other,SLD,2025-11-18,42.48,"Braid of Fire, Cursed Mirror, Phantasmal Image, Thespian's Stage, Mask of Memory"
Avatar: The Last Airbender: The Ember Island Players Foil Edition,Secret Lair Drop,Other,SLD,2025-11-18,42.48,"Braid of Fire, Cursed Mirror, Phantasmal Image, Thespian's Stage, Mask of Memory"
Awakening Earth,Challenger Deck,Other,Q03,2019-11-08,37.18,"Breeding Pool, Nissa, Who Shakes the World, Incubation Druid, Voracious Hydra, Hydroid Krasis"
Azaar - Lichlord,Shandalar Enemy Deck,Other,PAST,1997-04-01,155.73,"Greed, Tetravus, Sol Ring, Mind Twist, Hypnotic Specter"
Azorius,Guild Kit,Other,GK2,2019-02-15,12.57,"Dovescape, Render Silent, Unbreakable Formation, Pride of the Clouds, Sphinx's Revelation"
Azorius Advance,Intro Pack,Other,RTR,2012-10-05,11.47,"Tablet of the Guilds, Righteous Authority, Plains, Azorius Guildgate, Island"
Azorius Ascendant,Theme Deck,Other,DIS,2006-05-05,43.15,"Isperia the Inscrutable, Azorius Chancery, Prahv, Spires of Order, Sky Hussar, Wakestone Gargoyle"
Azorius Ascension,Arena Starter Deck,Other,DOM,2018-03-22,16.36,"Spell Swindle, River's Rebuke, Expel from Orazca, Censor, Angel of Sanctions"
Azorius Authority,Intro Pack,Other,DGM,2013-05-03,0.0,"Plains, Island, Island, Lyev Skyknight, Plains"
Azorius Control,Challenger Deck,Other,Q05,2021-04-02,14.83,"Emeria's Call // Emeria, Shattered Skyclave, Elspeth Conquers Death, Shark Typhoon, Saw It Coming, Island"
Azorius Senate,Arena Starter Deck,Other,M20,2019-05-03,23.84,"Hallowed Fountain, Angel of Grace, Unbreakable Formation, Empyrean Eagle, Elite Guardmage"
Azorius Senate 1,Jumpstart,Other,CLU,2024-02-23,5.47,"Supreme Verdict, Lavinia, Foil to Conspiracy, Portal Manipulator, Oust, Azorius Justiciar"
Azorius Senate 2,Jumpstart,Other,CLU,2024-02-23,13.51,"Suppressor Skyguard, Portal Manipulator, Lavinia of the Tenth, Azorius Signet, Island"
Azorius Spirits,Pioneer Challenger Deck,Other,Q06,2021-10-15,27.55,"Selfless Spirit, Brazen Borrower // Petty Theft, Glacial Fortress, Spectral Sailor, Watcher of the Spheres"
Azula,Jumpstart,Other,TLE,2025-11-20,12.09,"Dark Deal, Azula, Ruthless Firebender, Swamp, Thriving Moor, Azula Always Lies"
Azure Skies,Arena Starter Deck,Other,ANB,2019-09-26,16.31,"Verity Circle, Spectral Sailor, Mass Manipulation, Negate, Meteor Golem"
Azure Skies 2,Arena Starter Deck,Other,ANB,2020-03-12,5.03,"Spectral Sailor, Mass Manipulation, Negate, Stolen by the Fae, Brineborn Cutthroat"
Back for More,Arena Starter Deck,Other,M21,2021-07-03,3.45,"Skull Prophet, Polukranos, Unchained, Arasta of the Endless Web, Murderous Rider // Swift End, Demonic Embrace"
Back in My Day!,Secret Lair Drop,Other,SLD,2026-05-29,48.4,"Veil of Summer, Birthing Pod, Breath of Fury, Battle Hymn"
Back in My Day! Foil Edition,Secret Lair Drop,Other,SLD,2026-05-29,48.4,"Veil of Summer, Birthing Pod, Breath of Fury, Battle Hymn"
Backup Beatdown,Starter Kit,Other,WOE,2023-09-08,10.57,"Silverback Elder, Dusk Legion Duelist, In the Trenches, Boon-Bringer Valkyrie, Siege Veteran"
Bad Advice,Jumpstart,Other,TLE,2025-11-20,0.0,"Lo and Li, Royal Advisors, Swamp, Thriving Moor, Gilacorn, Ozai's Cruelty"
Bad to the Bones,Secret Lair Drop,Other,SLD,2023-08-29,125.28,"Tinybones, Trinket Thief, Reassembling Skeleton, Geier Reach Sanitarium, Bottomless Pit, Necrogen Mists"
Bad to the Bones Foil Edition,Secret Lair Drop,Other,SLD,2023-08-29,125.28,"Tinybones, Trinket Thief, Reassembling Skeleton, Geier Reach Sanitarium, Bottomless Pit, Necrogen Mists"
Bait & Switch,Theme Deck,Other,ONS,2002-10-07,233.76,"Smother, Lonely Sandbar, Peer Pressure, Barren Moor, Swamp"
Bait and Bludgeon,Theme Deck,Other,MRD,2003-10-02,341.56,"Vault of Whispers, Seat of the Synod, Thoughtcast, Talisman of Dominance, Silver Myr"
Balance in All Things,Arena Starter Deck,Other,SNC,2022-09-09,11.67,"Shattered Sanctum, Lion Sash, Touch the Spirit Realm, Liesa, Forgotten Archangel, The Restoration of Eiganjo // Architect of Restoration"
Band Together,MTGO Theme Deck,Other,ME2,2008-09-22,0.0,"Plains, Plains, Plains, Kjeldoran Outpost, Mishra's Factory"
Bant Exalted,Intro Pack,Other,ALA,2008-10-03,46.18,"Knight-Captain of Eos, Plains, Island, Seaside Citadel, Forest"
Bant on the March,Intro Pack,Other,CON,2009-02-06,42.16,"Terramorphic Expanse, Plains, Island, Seaside Citadel, Forest"
Barrage,Theme Deck,Other,PLS,2001-02-05,220.84,"Flametongue Kavu, Fires of Yavimaya, Fertile Ground, Thunderscape Familiar, Gaea's Herald"
Basri,Jumpstart,Other,JMP,2020-07-17,1.48,"Basri Ket, Plains, Basri's Lieutenant, Plains, Legion's Judgment"
"Basri, Devoted Paladin",Planeswalker Deck,Other,M21,2020-07-03,1.13,"Speaker of the Heavens, Basri, Devoted Paladin, Plains, Basri's Lieutenant, Plains"
Battalion,Theme Deck,Other,MOR,2008-02-01,131.65,"Reveillark, Ballyrush Banneret, Preeminent Captain, Island, Mothdust Changeling"
Battle Blitz,Theme Deck,Other,EVE,2008-07-25,43.33,"Hateflayer, Balefire Liege, Niveous Wisps, Duergar Mine-Captain, Patrol Signaler"
Battle Cries,Intro Pack,Other,MBS,2011-02-04,90.86,"Memnite, Galvanic Blast, Gold Myr, Whispersilk Cloak, Signal Pest"
Battle Cry,Deck Builder's Toolkit,Other,MBS,2011-03-11,38.58,"Memnite, Emrakul's Hatcher, Signal Pest, Goblin Wardriver, Goblin Balloon Brigade"
Battle Surge,Theme Deck,Other,UDS,1999-06-07,297.55,"Urza's Incubator, Goblin Marshal, Aether Sting, Raven Familiar, Mark of Fury"
Battle Surge - Enhanced Deck,Enhanced Deck,Other,UDS,1999-06-07,23.29,"Thieving Magpie, Wild Colos, Island, Keldon Champion, Keldon Vandals"
Battle for Zendikar Fat Pack Land Pack,Bundle Land Pack,Other,BFZ,2015-10-02,22.04,"Mountain, Forest, Island, Mountain, Plains"
Battle for Zendikar Foil Redemption,MTGO Redemption,Other,BFZ,2015-11-01,330.97,"Void Winnower, Ulamog, the Ceaseless Hunger, Drana, Liberator of Malakir, Conduit of Ruin, Retreat to Hagra"
Battle for Zendikar Gift Box Land Pack,Bundle Land Pack,Other,BFZ,2015-11-13,0.0,"Island, Swamp, Island, Mountain, Plains"
Battle for Zendikar Redemption,MTGO Redemption,Other,BFZ,2015-11-01,330.97,"Void Winnower, Ulamog, the Ceaseless Hunger, Drana, Liberator of Malakir, Conduit of Ruin, Retreat to Hagra"
Battle the Horde,Challenge Deck,Other,TBTH,2014-03-01,6.29,"Altar of Mogis, Vitality Salve, Refreshing Elixir, Touch of the Horned God, Intervention of Keranos"
Beast Master,Shandalar Enemy Deck,Other,PAST,1997-04-01,84.09,"Desert Twister, Birds of Paradise, Untamed Wilds, Nafs Asp, Aspect of Wolf"
Beast Territory,Jumpstart,Other,DMU,2022-09-09,1.75,"Forest, Briar Hydra, Haunted Mire, Wooded Ridgeline, Tangled Islet"
Beasts,Theme Deck,Other,PSAL,2005-08-01,0.0,"Forest, Forest, Forest, Forest, Forest"
Beasts (1),Jumpstart,Other,J25,2024-11-07,0.0,"Explore, Slinza, the Spiked Stampede, Gnarlid Colony, Woodland Liege, Spined Tyrranax"
Beasts (2),Jumpstart,Other,J25,2024-11-07,0.0,"Garruk, Caller of Beasts, Slinza, the Spiked Stampede, Gnarlid Colony, Woodland Liege, Garruk's Packleader"
Beginner Box - Aang Tutorial,Box Set,Other,TLA,2025-11-14,0.0,"Katara, Heroic Healer, Aang, Air Nomad, Appa, Aang's Companion, Sledding Otter-Penguin, Plains"
Beginner Box - Allies,Box Set,Other,TLA,2025-11-14,2.38,"Allied Teamwork, Thriving Heath, Mechanical Glider, Kyoshi Warrior Guard, Aang, the Last Airbender"
Beginner Box - Artifacts,Box Set,Other,MSH,2026-06-26,0.0,"Repulsor Bots, Island, Frozen in Ice, Ultron Drone, A.I.M. Bot"
Beginner Box - Attacking,Box Set,Other,TLA,2025-11-14,0.0,"Lion Vulture, Heartless Act, Thriving Moor, Purple Pentapus, Hei Bai, Spirit of Balance"
Beginner Box - Big Creatures,Box Set,Other,TLA,2025-11-14,7.09,"Seismic Tutelage, Match the Odds, Frog-Squirrels, Flopsie, Bumi's Buddy, Eel-Hounds"
Beginner Box - Captain America Tutorial,Box Set,Other,MSH,2026-06-26,5.91,"Captain America, Steve Rogers, Mockingbird, Bobbi Morse, Winter Soldier, Bucky Barnes, Hawkeye, Clint Barton, The Falcon, Sam Wilson"
Beginner Box - Card Draw,Box Set,Other,MSH,2026-06-26,2.67,"Stark's Ingenuity, Super Intelligence, Island, Brawn, Amadeus Cho, H.E.R.B.I.E. Scout Unit"
Beginner Box - Counters,Box Set,Other,MSH,2026-06-26,1.07,"Gamma Grotesque, Feral Ferocity, Beast, Erudite Aerialist, Forest, Mister Hyde, Monster Within"
Beginner Box - Earthbending,Box Set,Other,TLA,2025-11-14,10.83,"Bumi, Eclectic Earthbender, Explore, Earth Rumble, Thriving Grove, Earthbending Lesson"
Beginner Box - Firebending,Box Set,Other,TLA,2025-11-14,0.0,"Fire Nation Archers, Thriving Bluff, Roku's Mastery, Loyal Fire Sage, Zuko, Exiled Prince"
Beginner Box - HYDRA,Box Set,Other,MSH,2026-06-26,2.51,"Madame Hydra, Reanimated, Swamp, Doom Blade, Ultimo, Civilization's End, Doom's Servo-Guards"
Beginner Box - Heroes,Box Set,Other,MSH,2026-06-26,2.04,"Wondrous Revival, Hawkeye, Clint Barton, Iconic Shield, Plains, Pacifism"
Beginner Box - Iron Man Tutorial,Box Set,Other,MSH,2026-06-26,27.4,"Smashing Spree, Iron Man, Tony Stark, Happy Hogan, Dauntless Driver, Quicksilver, Pietro Maximoff, Hulk, Bruce Banner"
Beginner Box - Ramp,Box Set,Other,MSH,2026-06-26,1.93,"Team Transmitter, Moon-Boy, Dino Rider, Flora Colossus, Forest, Undercover Skrull"
Beginner Box - Spells,Box Set,Other,TLA,2025-11-14,2.24,"Water Whip, Abandon Attachments, It'll Quench Ya!, Thriving Isle, Lost in the Spirit World"
Beginner Box - Villains,Box Set,Other,MSH,2026-06-26,2.68,"Minotaur, Roxxon CEO, Swamp, Tombstone, Career Criminal, Crossbones, Malicious Mercenary, Visions of Villainy"
Beginner Box - Waterbending,Box Set,Other,TLA,2025-11-14,3.86,"Bender's Waterskin, The Terror of Serpent's Pass, Deny Entry, Flying Dolphin-Fish, Thriving Isle"
Beginner Box - Young Avengers,Box Set,Other,MSH,2026-06-26,1.27,"She-Hulk, Jennifer Walters, Experimental Armor, The Immortal Weapons, Furious Strength, Wiccan, Young Avenger"
Beginner Box - Zuko Tutorial,Box Set,Other,TLA,2025-11-14,0.0,"Zuko, Avatar Hunter, Mountain, Iroh, Firebending Instructor, Mountain, Mountain"
Ben Rubin - Sligh,World Championship Deck,Other,WC98,1998-08-12,25.9,"Cursed Scroll, Wasteland, Ball Lightning, Fireblast, Mountain"
Berserk,Theme Deck,Other,PSAL,2005-08-01,0.0,"Forest, Forest, Forest, Forest, Forest"
"Bertrand Lestree, Finalist",Pro Tour Deck,Other,PTC,1996-05-01,145.09,"Sylvan Library, Serra Angel, Land Tax, Strip Mine, Fyndhorn Elves"
Bestial Strength,Intro Pack,Other,M14,2013-07-19,10.24,"Elvish Mystic, Into the Wilds, Fog, Kalonian Tusker, Doom Blade"
Betrayers of Kamigawa Foil Redemption,MTGO Redemption,Other,BOK,2005-03-06,1835.82,"Umezawa's Jitte, Toshiro Umezawa, Ink-Eyes, Servant of Oni, Higure, the Still Wind, Goryo's Vengeance"
Betrayers of Kamigawa Redemption,MTGO Redemption,Other,BOK,2005-03-06,1835.82,"Umezawa's Jitte, Toshiro Umezawa, Ink-Eyes, Servant of Oni, Higure, the Still Wind, Goryo's Vengeance"
Beyond The Grave,Theme Deck,Other,CSP,2006-07-21,61.93,"Sek'Kuar, Deathkeeper, Coldsteel Heart, Void Maw, Dark Ritual, Forest"
Bitterblossom Dreams,Secret Lair Drop,Other,SLD,2019-12-03,41.51,Bitterblossom
Black,Halfdeck,Other,UND,2020-02-28,7.06,"Booster Tutor, Jack-in-the-Mox, Swamp, Acornelia, Fashionable Filcher, Infernal Spawn of Evil"
Black Control,Deck Builder's Toolkit,Other,M14,2013-07-19,5.72,"Diabolic Tutor, Doom Blade, Corrupt, Quag Sickness, Sengir Vampire"
Black Deck,Welcome Deck,Other,SPM,2025-09-26,19.23,"Venom, Eddie Brock, Lethal Protection, Swamp, Grendel, Spawn of Knull, Symbiote Spawn"
Black Deck A,Sample Deck,Other,10E,2008-05-02,11.04,"Megrim, Corrupt, Ravenous Rats, Swamp, Smolder Initiate"
Black Deck B,Sample Deck,Other,M11,2010-07-16,25.31,"Blood Seeker, Urge to Feed, Vampire Nighthawk, Blood Tithe, Pulse Tracker"
Black Devotion,Deck Builder's Toolkit,Other,M15,2014-07-18,11.21,"Gray Merchant of Asphodel, Sign in Blood, Drown in Sorrow, Squelching Leeches, Mogis's Marauder"
Black Discard,Deck Builder's Toolkit,Other,MBS,2011-03-11,33.25,"Liliana's Caress, Bloodhusk Ritualist, Last Kiss, Mind Sludge, Liliana's Specter"
Black Green Graveyard,Deck Builder's Toolkit,Other,M15,2014-07-18,10.33,"Nyx Weaver, Satyr Wayfinder, Graverobber Spider, Commune with the Gods, Pharika's Mender"
Black Green Toughness,Deck Builder's Toolkit,Other,ORI,2015-07-17,6.48,"Sight of the Scalelords, Coat with Venom, Kin-Tree Invocation, Colossodon Yearling, Kheru Bloodsucker"
Black Is Magic,Secret Lair Drop,Other,SLD,2021-05-13,64.92,"Shalai, Voice of Plenty, Sol Ring, Teferi, Hero of Dominaria, Cultivate, Ponder"
Black Is Magic Foil Edition,Secret Lair Drop,Other,SLD,2021-05-13,64.92,"Shalai, Voice of Plenty, Sol Ring, Teferi, Hero of Dominaria, Cultivate, Ponder"
Black Red Minotaurs,Deck Builder's Toolkit,Other,M15,2014-07-18,0.0,"Ragemonger, Kragma Warcaller, Crippling Blight, Felhide Petrifier, Flurry of Horns"
Black Sample Deck,Sample Deck,Other,M13,2012-07-13,10.23,"Tormented Soul, Vampire Nighthawk, Liliana's Shade, Swamp, Swamp"
Black and Green Counters,Deck Builder's Toolkit,Other,AKH,2017-04-28,1.17,"Cartouche of Strength, Cartouche of Ambition, Baleful Ammit, Festering Mummy, Soulstinger"
Black and Green Delirium,Deck Builder's Toolkit,Other,KLD,2016-09-30,1.24,"Gnarlwood Dryad, Crop Sigil, Boon of Emrakul, Backwoods Survivalists, Mournwillow"
Black and Green Graveyard,Deck Builder's Toolkit,Other,SOI,2016-04-08,1.08,"Pulse of Murasa, Vampiric Rites, Seed Guardian, Rot Shambler, Carrier Thrall"
Black and Red Artifacts,Deck Builder's Toolkit,Other,AKH,2017-04-28,0.0,"Welder Automaton, Inventor's Apprentice, Enraged Giant, Implement of Malice, Welding Sparks"
Black and Red Attrition,Deck Builder's Toolkit,Other,SOI,2016-04-08,2.24,"Rancid Rats, Rolling Thunder, Tar Snare, Grasp of Darkness, Demon's Grasp"
Black and Red Madness,Deck Builder's Toolkit,Other,KLD,2016-09-30,3.35,"Insolent Neonate, Olivia's Bloodsworn, Furyblade Vampire, Fiery Temper, Murderous Compulsion"
Black and White Vampires,Deck Builder's Toolkit,Other,XLN,2017-09-29,1.29,"Vicious Conquistador, Anointed Deacon, Duskborne Skymarcher, Call to the Feast, Skymarch Bloodletter"
Black-Green Deck,Spellslinger Starter Kit,Other,M19,2018-10-05,10.84,"Verdant Sun's Avatar, Ghalta, Primal Hunger, Ravenous Chupacabra, Forest, Forest"
Black-Red Destruction,Deck Builder's Toolkit,Other,ROE,2010-05-21,1.46,"Doom Blade, Marsh Casualties, Hideous End, Goblin Artillery, Rise from the Grave"
Blades of Victory,Intro Pack,Other,M11,2010-07-16,38.41,"Plains, Angelic Arbiter, Plains, Ajani's Mantra, Armored Ascension"
Blazing Beasts of Myth,Intro Pack,Other,THS,2013-09-27,5.84,"Forest, Voyaging Satyr, Destructive Revelry, Forest, Lightning Strike"
Blessed,Duel Deck,Other,DDQ,2016-02-26,11.56,"Eerie Interlude, Seraph Sanctuary, Tandem Lookout, Champion of the Parish, Geist of Saint Traft"
Blinding Fury,Theme Deck,Other,S99,1999-07-12,20.43,"Armageddon, Angel of Light, Plains, Archangel, Plains"
Blink,Jumpstart,Other,MSH,2026-06-26,4.22,"Silver Surfer, Cosmic Voyager, Spaceshift, Victor Timely, Wily Tycoon, Island, Imperial Cosmographer"
Blink 1,Jumpstart,Other,J22,2022-12-02,33.64,"Preston, the Vanisher, Flicker of Fate, Wispweaver Angel, Acrobatic Maneuver, Rambunctious Mutt"
Blink 2,Jumpstart,Other,J22,2022-12-02,12.52,"Emiel the Blessed, Flicker of Fate, Rambunctious Mutt, Distinguished Conjurer, Inspiring Overseer"
Blink 3,Jumpstart,Other,J22,2022-12-02,33.64,"Preston, the Vanisher, Flicker of Fate, Restoration Angel, Rambunctious Mutt, Distinguished Conjurer"
Blink 4,Jumpstart,Other,J22,2022-12-02,6.56,"Panharmonicon, Flicker of Fate, Wispweaver Angel, Rambunctious Mutt, Distinguished Conjurer"
Blood Bowl,Secret Lair Drop,Other,SLD,2022-12-05,88.43,"Defense of the Heart, Fellwar Stone, Approach of the Second Sun, Rewind, Fling"
Blood Bowl Foil Edition,Secret Lair Drop,Other,SLD,2022-12-05,88.43,"Defense of the Heart, Fellwar Stone, Approach of the Second Sun, Rewind, Fling"
Blood and Fire,Intro Pack,Other,M12,2011-07-15,28.37,"Warstorm Surge, Swiftfoot Boots, Tormented Soul, Swamp, Incinerate"
Bloody (1),Jumpstart,Other,J25,2024-11-07,0.0,"Ivora, Insatiable Heir, Anje's Ravager, Voldaren Epicure, Thriving Bluff, Soul Sear"
Bloody (2),Jumpstart,Other,J25,2024-11-07,0.0,"Ivora, Insatiable Heir, Insolent Neonate, Markov Blademaster, Markov Enforcer, Thriving Bluff"
Bloody (3),Jumpstart,Other,J25,2024-11-07,0.0,"Ivora, Insatiable Heir, Insolent Neonate, Thriving Bluff, Soul Sear, Scion of Opulence"
Bloody (4),Jumpstart,Other,J25,2024-11-07,0.0,"Ivora, Insatiable Heir, Voldaren Epicure, Thriving Bluff, Soul Sear, Falkenrath Marauders"
Bloomburrow Bundle Land Pack,Bundle Land Pack,Other,BLB,2024-09-04,7.93,"Forest, Swamp, Plains, Island, Mountain"
Bloomburrow Redemption,MTGO Redemption,Other,BLB,2024-09-04,299.65,"Three Tree City, Lumra, Bellow of the Woods, Maha, Its Feathers Night, Ral, Crackling Wit, Ygra, Eater of All"
Blossoming Growth,Arena Starter Deck,Other,SNC,2022-09-09,18.39,"Hullbreaker Horror, Colossal Skyturtle, Titan of Industry, Glorious Sunrise, Dreamroot Cascade"
Blowout,Theme Deck,Other,INV,2000-10-02,171.85,"Phyrexian Delver, Ravenous Rats, Ghitu Fire, Breath of Darigaaz, Swamp"
Blue,Halfdeck,Other,UND,2020-02-28,1.34,"Cheatyface, Rock Lobster, Alexander Clamilton, Island, B.O.B. (Bevy of Beebles)"
Blue Black Evasion,Deck Builder's Toolkit,Other,M13,2012-07-13,15.11,"Invisible Stalker, Curiosity, Gryff Vanguard, Talrand's Invocation, Bloodhunter Bat"
Blue Black Exploit,Deck Builder's Toolkit,Other,ORI,2015-07-17,34.97,"Merciless Executioner, Sidisi's Faithful, Dutiful Attendant, Silumgar Sorcerer, Rakshasa Gravecaller"
Blue Control,Deck Builder's Toolkit,Other,ROE,2010-05-21,2.4,"Into the Roil, Essence Scatter, Wall of Frost, Air Elemental, Summoner's Bane"
Blue Deck,Welcome Deck,Other,DSK,2024-09-30,0.0,"Chart a Course, Gadwick, the Wizened, Cloudkin Seer, Academy Journeymage, Cyclone Summoner"
Blue Deck A,Sample Deck,Other,M11,2010-07-16,76.76,"Preordain, Hedron Crab, Jace's Erasure, Guard Gomazoa, Island"
Blue Deck B,Sample Deck,Other,M11,2010-07-16,22.75,"Spell Pierce, Augury Owl, Island, Aether Adept, Island"
Blue Green Enters the Battlefield,Deck Builder's Toolkit,Other,M15,2014-07-18,3.62,"Quickling, Kapsho Kitefins, Coral Barrier, Frost Lynx, Shaman of Spring"
Blue Green Secret Plans Morph,Deck Builder's Toolkit,Other,ORI,2015-07-17,0.0,"Secret Plans, Guardian Shield-Bearer, Icefeather Aven, Qarsi Deceiver, Ojutai Interceptor"
Blue Red Artifacts,Deck Builder's Toolkit,Other,ORI,2015-07-17,0.0,"Bathe in Dragonfire, Spidersilk Net, Briber's Purse, Thopter Engineer, Singing Bell Strike"
Blue Red Counterburn,Deck Builder's Toolkit,Other,ORI,2015-07-17,1.86,"Fiery Impulse, Goblinslide, Twin Bolt, Ravaging Blaze, Cunning Strike"
Blue Sample Deck,Sample Deck,Other,M13,2012-07-13,18.67,"Thought Scour, Archaeomancer, Jace's Phantasm, Island, Island"
Blue and Black Control,Deck Builder's Toolkit,Other,SOI,2016-04-08,0.0,"Negate, Sinister Concoction, Pale Rider of Trostad, Dead Weight, Blighted Cataract"
Blue and Black Noncreatures,Deck Builder's Toolkit,Other,AKH,2017-04-28,2.49,"Cartouche of Knowledge, Hieroglyphic Illumination, Cartouche of Ambition, Stir the Sands, Vedalken Blademaster"
Blue and Black Pirates,Deck Builder's Toolkit,Other,XLN,2017-09-29,8.39,"Siren Stormtamer, Ruthless Knave, Chart a Course, Pirate's Prize, Deadeye Plunderers"
Blue and Black Zombies,Deck Builder's Toolkit,Other,KLD,2016-09-30,1.01,"Graf Harvest, Cemetery Recruitment, Ingenious Skaab, Reckless Scholar, Wailing Ghoul"
Blue and Colorless Artifacts,Deck Builder's Toolkit,Other,KLD,2016-09-30,0.0,"Glint-Nest Crane, Filigree Familiar, Gearseeker Serpent, Tezzeret's Ambition, Experimental Aviator"
Blue and Green,Deck Builder's Toolkit,Other,KLD,2016-09-30,6.29,"Turn Aside, Pore Over the Pages, Watcher in the Web, Geist of the Archives, Noose Constrictor"
Blue and Green Creature control,Deck Builder's Toolkit,Other,SOI,2016-04-08,0.0,"Giant Mantis, Roiling Waters, Pack Guardian, Reckless Scholar, Tajuru Pathwarden"
Blue and Green Merfolk,Deck Builder's Toolkit,Other,XLN,2017-09-29,2.98,"Deeproot Waters, River Sneak, River Heralds' Boon, Watertrap Weaver, Shapers of Nature"
Blue and Green Ramp,Deck Builder's Toolkit,Other,AKH,2017-04-28,1.06,"Hieroglyphic Illumination, Shefet Monitor, Lay Claim, River Serpent, Spring // Mind"
Blue and Red Instants and Sorceries,Deck Builder's Toolkit,Other,SOI,2016-04-08,15.45,"Expedite, Slip Through Space, Pore Over the Pages, Reckless Bushwhacker, Anticipate"
Blue and White Flying,Deck Builder's Toolkit,Other,KLD,2016-09-30,8.06,"Displace, Unsubstantiate, Long Road Home, Aviary Mechanic, Ninth Bridge Patrol"
Blue-Black,Starter Kit,Other,FIN,2025-06-13,0.0,"Overkill, Sephiroth, Planet's Heir, Ultimecia, Temporal Threat, Island, Swamp"
Blue-White Fliers,Deck Builder's Toolkit,Other,ROE,2010-05-21,0.0,"Safe Passage, Illusionary Servant, Sejiri Merfolk, Phantom Warrior, Serra Angel"
Blue-White Flyers,Deck Builder's Toolkit,Other,MBS,2011-03-11,28.03,"Oust, Aether Adept, Unsummon, Negate, Sleep"
Boggart Feast,Theme Deck,Other,LRW,2007-10-12,95.91,"Tarfire, Swamp, Boggart Shenanigans, Boggart Mob, Boggart Harbinger"
Boltslinger,MTGO Theme Deck,Other,TD0,2010-11-08,0.0,"Hellspark Elemental, Goblin Guide, Keldon Marauders, Rift Bolt, Lava Spike"
Bomber,Theme Deck,Other,7ED,2001-04-11,717.51,"Counterspell, Force Spike, Merfolk Looter, Ancestral Memories, Boomerang"
Boneyard 1,Jumpstart,Other,J22,2022-12-02,5.75,"Oversold Cemetery, Stitcher's Supplier, Gorging Vulture, Ossuary Rats, Swamp"
Boneyard 2,Jumpstart,Other,J22,2022-12-02,2.2,"Stitcher's Supplier, Shadowborn Demon, Liliana's Elite, Gorging Vulture, Ossuary Rats"
Bookworms (1),Jumpstart,Other,J25,2024-11-07,0.0,"Syr Elenora, the Discerning, Overflowing Insight, Faerie Vandal, Cartouche of Knowledge, Island"
Bookworms (2),Jumpstart,Other,J25,2024-11-07,3.23,"Teferi's Ageless Insight, Syr Elenora, the Discerning, Phantasmal Shieldback, Faerie Vandal, Witching Well"
Bookworms (3),Jumpstart,Other,J25,2024-11-07,0.0,"Syr Elenora, the Discerning, Omen of the Sea, Sphinx of Enlightenment, Cartouche of Knowledge, Island"
Bookworms (4),Jumpstart,Other,J25,2024-11-07,0.0,"Syr Elenora, the Discerning, Nadir Kraken, Phantasmal Shieldback, Opt, Tolarian Kraken"
Boosted,Jumpstart,Other,MSH,2026-06-26,0.0,"Jack of Hearts, Volatile Hero, Marvel Boy, Noh-Varr, Mountain, Molly Hayes, Runaway, Wonder Man, Hollywood Hero"
Booster Battle Pack: Boros,Welcome Deck,Other,GTC,2013-02-01,3.28,"Massive Raid, Boros Elite, Plains, Mountain, Mountain"
Booster Battle Pack: Dimir,Welcome Deck,Other,GTC,2013-02-01,1.45,"Gridlock, Shadow Alley Denizen, Dimir Guildgate, Island, Swamp"
Booster Battle Pack: Gruul,Welcome Deck,Other,GTC,2013-02-01,1.33,"Gruul Guildgate, Pit Fight, Forest, Forest, Mountain"
Booster Battle Pack: Orzhov,Welcome Deck,Other,GTC,2013-02-01,7.87,"Gift of Orzhova, Orzhov Guildgate, Syndic of Tithes, Plains, Contaminated Ground"
Booster Battle Pack: Simic,Welcome Deck,Other,GTC,2013-02-01,4.86,"Ivy Lane Denizen, Nimbus Swimmer, Bioshift, Forest, Simic Guildgate"
Born of the Gods Foil Redemption,MTGO Redemption,Other,BNG,2014-03-09,362.58,"Phenax, God of Deception, Mogis, God of Slaughter, Xenagos, God of Revels, Brimaz, King of Oreskos, Karametra, God of Harvests"
Born of the Gods Redemption,MTGO Redemption,Other,BNG,2014-03-09,362.58,"Phenax, God of Deception, Mogis, God of Slaughter, Xenagos, God of Revels, Brimaz, King of Oreskos, Karametra, God of Harvests"
Boros,Guild Kit,Other,GK1,2018-11-02,35.29,"Aurelia, the Warleader, Legion Loyalist, Boros Charm, Legion Warboss, Swiftblade Vindicator"
Boros Assault,Arena Starter Deck,Other,DOM,2018-03-22,48.26,"Combat Celebrant, Oketra's Monument, Cartouche of Solidarity, Harsh Mentor, Angel of Condemnation"
Boros Battalion,Intro Pack,Other,GTC,2013-02-01,3.47,"Firemane Avenger, Boros Elite, Plains, Mountain, Court Street Denizen"
Boros Legion,Arena Starter Deck,Other,M20,2019-05-03,16.5,"Sacred Foundry, Aurelia, Exemplar of Justice, Mountain, Legion Warboss, Healer's Hawk"
Boros Legion 1,Jumpstart,Other,CLU,2024-02-23,4.2,"Finale of Glory, Aegis of the Legion, Boros Signet, Novice Inspector, Boros Garrison"
Boros Legion 2,Jumpstart,Other,CLU,2024-02-23,0.0,"Boros Strike-Captain, Firemane Avenger, Boros Garrison, Krenko's Command, Ordruun Mentor"
Bound by Strength,Intro Pack,Other,AVR,2012-05-04,59.75,"Tandem Lookout, Forest, Deadeye Navigator, Wingcrafter, Forest"
Boundless Elves,Game Night Deck,Other,GN3,2022-10-14,43.53,"Imaryll, Elfhame Elite, Beast Whisperer, Elven Ambush, Immaculate Magistrate, Llanowar Tribe"
Bounty Hunter (1),Jumpstart,Other,TLE,2025-11-20,2.68,"Bastion of Remembrance, Swamp, Nyla, Shirshu Sleuth, Thriving Moor, Azula, On the Hunt"
Bounty Hunter (2),Jumpstart,Other,TLE,2025-11-20,2.68,"Bastion of Remembrance, Obsessive Pursuit, Swamp, Nyla, Shirshu Sleuth, Thriving Moor"
Brain Dead: Creatures,Secret Lair Drop,Other,SLD,2024-07-30,60.79,"Consecrated Sphinx, Kiki-Jiki, Mirror Breaker, Wurmcoil Engine, Chaotic Goo, Meteor Golem"
Brain Dead: Creatures Foil Edition,Secret Lair Drop,Other,SLD,2024-07-30,60.79,"Consecrated Sphinx, Kiki-Jiki, Mirror Breaker, Wurmcoil Engine, Chaotic Goo, Meteor Golem"
Brain Dead: Lands,Secret Lair Drop,Other,SLD,2024-07-30,115.9,"Mountain, Mountain, Swamp, Forest, Swamp"
Brain Dead: Lands Foil Edition,Secret Lair Drop,Other,SLD,2024-07-30,115.9,"Mountain, Mountain, Swamp, Forest, Swamp"
Brain Dead: New Earth Mentality,Secret Lair Drop,Other,SLD,2026-02-24,47.73,"Jace's Archivist, Stinkweed Imp, Mirror Entity, Sakura-Tribe Elder, Mogg Assassin"
Brain Dead: New Earth Mentality Foil Edition,Secret Lair Drop,Other,SLD,2026-02-24,47.73,"Jace's Archivist, Stinkweed Imp, Mirror Entity, Sakura-Tribe Elder, Mogg Assassin"
Brain Dead: Staples,Secret Lair Drop,Other,SLD,2024-07-30,48.36,"Sol Ring, Thought Vessel, Skullclamp, Command Tower, Lightning Greaves"
Brain Dead: Staples Foil Edition,Secret Lair Drop,Other,SLD,2024-07-30,48.36,"Sol Ring, Thought Vessel, Skullclamp, Command Tower, Lightning Greaves"
Brave the Battle,Intro Pack,Other,ORI,2015-07-17,0.0,"Valor in Akros, Valeron Wardens, Plains, Sentinel of the Eternal Watch, Plains"
Brazen Coalition,Theme Deck,Other,E02,2017-11-24,15.53,"Blatant Thievery, Angrath's Marauders, Shared Animosity, Island, Adaptive Automaton"
Breakdown,Theme Deck,Other,NEM,2000-02-14,528.34,"Hickory Woodlot, Accumulated Knowledge, Saprazzan Skerry, Ensnare, Waterfront Bouncer"
Breakdown - Enhanced Deck,Enhanced Deck,Other,NEM,2000-02-14,804.09,"Palinchron, Hickory Woodlot, Saprazzan Skerry, Ensnare, Waterfront Bouncer"
Breath of Fire,Intro Pack,Other,M11,2010-07-16,57.56,"Preordain, Lightning Bolt, Call to Mind, Augury Owl, Fire Servant"
Brian Hacker - White Weenie,World Championship Deck,Other,WC98,1998-08-12,22.73,"Tithe, Soul Warden, Cataclysm, Aura of Silence, Soltari Visionary"
Brian Kibler - Red Zone 2K2,World Championship Deck,Other,WC02,2002-08-14,130.83,"Call of the Herd, City of Brass, Birds of Paradise, Mountain, Plains"
Brian Selden - Cali Nightmare,World Championship Deck,Other,WC98,1998-08-12,192.11,"Survival of the Fittest, Volrath's Stronghold, City of Brass, Scroll Rack, Reflecting Pool"
Bring About The Undead Apocalypse,Archenemy Deck,Other,ARC,2010-06-18,26.64,"Reanimate, Bog Witch, Avatar of Woe, Swamp, Rakdos Signet"
Brood 1,Jumpstart,Other,MOM,2023-04-20,1.38,"Essence of Orthodoxy, Plains, Seedpod Caretaker, Phyrexian Pegasus, Angelic Intervention"
Brood 2,Jumpstart,Other,MOM,2023-04-20,1.38,"Essence of Orthodoxy, Plains, Seedpod Caretaker, Phyrexian Pegasus, Seal from Existence"
Brotherhood Agents,Starter Kit,Other,ACR,2024-07-05,22.11,"Ezio, Blade of Vengeance, Rooftop Bypass, Achilles Davenport, Restart Sequence, Eagle Vision"
Brute Force,Intro Pack,Other,WWK,2010-02-05,27.3,"Lightning Bolt, Canopy Cover, Terastodon, Greenweaver Druid, Overrun"
Buff 1,Jumpstart,Other,MOM,2023-04-20,33.34,"Surrak and Goreclaw, Kami of Whispered Hopes, Ruins Recluse, Forest, Timberland Ancient"
Buff 2,Jumpstart,Other,MOM,2023-04-20,33.34,"Surrak and Goreclaw, Kami of Whispered Hopes, Ruins Recluse, Forest, Timberland Ancient"
Buggin' Out,Secret Lair Drop,Other,SLD,2023-09-15,89.86,"Noxious Revival, Eldritch Evolution, Grist, the Hunger Tide, Giant Adephage, Mazirek, Kraul Death Priest"
Buggin' Out Foil Edition,Secret Lair Drop,Other,SLD,2023-09-15,89.86,"Noxious Revival, Eldritch Evolution, Grist, the Hunger Tide, Giant Adephage, Mazirek, Kraul Death Priest"
Bumi,Jumpstart,Other,TLE,2025-11-20,6.78,"Crystalline Armor, Bumi's Feast Lecture, Origin of Metalbending, Aang, A Lot to Learn, Creeping Crystal Coating"
Burial,Theme Deck,Other,APC,2001-06-04,351.18,"Phyrexian Arena, Chromatic Sphere, Death Grasp, Elfhame Palace, Forest"
Burning,Jumpstart,Other,J25,2024-11-07,4.08,"Rionya, Fire Dancer, Firespitter Whelp, Goblin Fireslinger, Play with Fire, Thriving Bluff"
Burning Revelations,Secret Lair Drop,Other,SLD,2024-01-26,193.05,"Akroma's Memorial, Reckless Fireweaver, Consider, Price of Glory, Inspiring Overseer"
Burning Sky,MTGO Theme Deck,Other,MIR,2006-12-05,27.24,"Mystical Tutor, Mist Dragon, Mountain, Island, Subterranean Spirit"
Cabbages,Jumpstart,Other,TLE,2025-11-20,36.06,"The Cabbage Merchant, Elephant-Mandrill, Bumi's Feast Lecture, Bosco, Just a Bear, Many Partings"
Call of Blood,Intro Pack,Other,BFZ,2015-10-02,16.08,"Zulaport Cutthroat, Felidar Sovereign, Mortuary Mire, Drana's Emissary, Defiant Bloodlord"
Call of the Kor,Theme Deck,Other,STH,1998-03-02,13.31,"Shaman en-Kor, Flickering Ward, Soltari Champion, Nomads en-Kor, Lab Rats"
Call of the Kor - Advanced Deck,Advanced Deck,Other,STH,1998-03-02,59.33,"Tithe, Armageddon, Shaman en-Kor, Soltari Champion, Plains"
Calling All Hydra Heads,Secret Lair Drop,Other,SLD,2023-12-08,79.44,"Unbound Flourishing, Zaxara, the Exemplary, Primordial Hydra, Gargos, Vicious Watcher, Hydroid Krasis"
Camp Comrades,Box Set,Other,FIN,2025-06-13,84.37,"Flash Photography, Campsite Cuisine, Fishing Gear, Chocobo Camp, Noctis, Heir Apparent"
Can You Feel With A Heart of Steel?,Secret Lair Drop,Other,SLD,2020-06-02,52.33,"Walking Ballista, Arcbound Ravager, Darksteel Colossus"
Caretakers,Jumpstart,Other,MSH,2026-06-26,4.53,"Doctor Strange, Surgeon, Plains, Donald Blake, Guise of Thor, Doctor Jane Foster, MJ, Rising Star"
Carlos Romão - Psychatog,World Championship Deck,Other,WC02,2002-08-14,50.81,"Psychatog, Swamp, Island, Cephalid Coliseum, Island"
Carnival of Blood,Intro Pack,Other,ISD,2011-09-30,46.22,"Rakish Heir, Diabolic Tutor, Mask of Avacyn, Blood Seeker, Falkenrath Noble"
Cats,Jumpstart,Other,FDN,2024-11-15,0.0,"Leonin Vanguard, Prideful Parent, Helpful Hunter, Elspeth's Smite, Plains"
Cats (1),Jumpstart,Other,JMP,2020-07-17,1.8,"Feline Sovereign, Sabertooth Mauler, Canopy Stalker, Forest, Pridemalkin"
Cats (2),Jumpstart,Other,JMP,2020-07-17,22.33,"Lurking Predators, Feline Sovereign, Canopy Stalker, Forest, Pridemalkin"
Cats 1,Jumpstart,Other,J22,2022-12-02,1.32,"Regal Caracal, King of the Pride, Felidar Cub, Make a Stand, Thriving Heath"
Cats 2,Jumpstart,Other,J22,2022-12-02,2.39,"Felidar Retreat, Trove Warden, King of the Pride, Make a Stand, Thriving Heath"
Cats 3,Jumpstart,Other,J22,2022-12-02,10.6,"Ajani, Strength of the Pride, King of the Pride, Make a Stand, Thriving Heath, Ajani's Pridemate"
Cats 4,Jumpstart,Other,J22,2022-12-02,11.23,"Leonin Warleader, King of the Pride, Make a Stand, Thriving Heath, Plains"
Cats Are Better Than Dogs,Secret Lair Drop,Other,SLD,2025-03-18,115.36,"Arcane Signet, Basilisk Collar, Titanic Ultimatum, Escape to the Wilds, Rip Apart"
Cats Are Better Than Dogs Foil Edition,Secret Lair Drop,Other,SLD,2025-03-18,115.36,"Arcane Signet, Basilisk Collar, Titanic Ultimatum, Escape to the Wilds, Rip Apart"
Cats of Chaos,Secret Lair Drop,Other,SLD,2026-06-16,61.09,"Aura Shards, Aggravated Assault, Chaos Warp, Utopia Sprawl, Fell the Mighty"
Cats of Chaos Foil Edition,Secret Lair Drop,Other,SLD,2026-06-16,61.09,"Aura Shards, Aggravated Assault, Chaos Warp, Utopia Sprawl, Fell the Mighty"
Cavalcade Charge,Challenger Deck,Other,Q04,2020-04-03,30.66,"Embercleave, Runaway Steam-Kin, Torbran, Thane of Red Fell, Chandra, Acolyte of Flame, Cavalcade of Calamity"
Celestial Assault,Theme Deck,Other,ONS,2002-10-07,100.47,"Oblation, Seaside Haven, Island, Airborne Aid, Island"
Centaur Shaman,Shandalar Enemy Deck,Other,PAST,1997-04-01,75.58,"Birds of Paradise, Carrion Ants, Whirling Dervish, Dark Ritual, Cockatrice"
Centaur Warchief,Shandalar Enemy Deck,Other,PAST,1997-04-01,418.67,"Mountain, Land Tax, Colossus of Sardia, Ali Baba, Kismet"
Champions of Kamigawa Foil Redemption,MTGO Redemption,Other,CHK,2004-10-31,3756.68,"Minamo, School at Water's Edge, Shizo, Death's Storehouse, Dosan the Falling Leaf, Gifts Ungiven, Kiki-Jiki, Mirror Breaker"
Champions of Kamigawa Redemption,MTGO Redemption,Other,CHK,2004-10-31,3756.68,"Minamo, School at Water's Edge, Shizo, Death's Storehouse, Dosan the Falling Leaf, Gifts Ungiven, Kiki-Jiki, Mirror Breaker"
Chandra,Duel Deck,Other,DD2,2008-11-07,1.17,"Chandra Nalaar, Fireblast, Seal of Fire, Incinerate, Keldon Megaliths"
Chandra Japanese,Duel Deck,Other,DD2,2008-11-07,0.0,"Fireblast, Seal of Fire, Incinerate, Keldon Megaliths, Firebolt"
"Chandra, Bold Pyromancer",Planeswalker Deck,Other,DOM,2018-04-27,20.37,"Marwyn, the Nurturer, Llanowar Elves, Grunn, the Lonely King, Chandra, Bold Pyromancer, Gilded Lotus"
"Chandra, Flame's Catalyst",Planeswalker Deck,Other,M21,2020-07-03,9.72,"Chandra, Flame's Catalyst, Chandra's Incinerator, Unleash Fury, Mountain, Double Vision"
"Chandra, Flame's Fury",Planeswalker Deck,Other,M20,2019-07-29,4.11,"Chandra, Flame's Fury, Drakuseth, Maw of Flames, Mountain, Chandra's Outrage, Chandra's Flame Wave"
"Chandra, Pyrogenius",Planeswalker Deck,Other,KLD,2016-09-30,1.02,"Fateful Showdown, Chandra, Pyrogenius, Aerial Responder, Fleetwheel Cruiser, Cathartic Reunion"
Chaos,Jumpstart,Other,J25,2024-11-07,4.42,"Violent Outburst, Chromatic Lantern, Druid of the Anima, Averna, the Chaos Bloom, Maelstrom Colossus"
Chaos Reigns,Planechase Deck,Other,PCA,2016-11-25,4.85,"Maelstrom Wanderer, Beast Within, Whirlpool Warrior, Peregrine Drake, Cultivate"
Chaos and Mayhem,Arena Starter Deck,Other,M19,2018-09-27,23.2,"Goblin Trashmaster, Goblin Instigator, Dragonskull Summit, Rekindling Phoenix, Open the Graves"
Charge of the Boros,Theme Deck,Other,RAV,2005-10-07,82.23,"Sunforger, Sunhome, Fortress of the Legion, Lightning Helix, Boros Garrison, Boros Recruit"
Charging Ahead,Arena Starter Deck,Other,LTR,2023-06-20,26.05,"Surrak and Goreclaw, Samut, Vizier of Naktamun, Copperline Gorge, Rampaging Raptor, Wooded Ridgeline"
Chargoyf,Theme Deck,Other,BRB,1999-11-12,25.28,"Spike Weaver, Lhurgoyf, Seeker of Skybreak, Forest, Forest"
Children of Fate,Box Set,Other,FIN,2025-06-13,40.04,"Edea, Possessed Sorceress, Rinoa, Angel Wing, Fated Clash, Duelist's Flame, Squall, Gunblade Duelist"
Cho-Manno's Resolve,Theme Deck,Other,10E,2007-07-13,38.17,"Pariah, Cho-Manno, Revolutionary, Angel of Mercy, Serra's Embrace, Icy Manipulator"
Chucky,Secret Lair Drop,Other,SLD,2024-10-01,56.09,"Kardur, Doomscourge // Kardur, Doomscourge, Twinflame, Varragoth, Bloodsky Sire, Phyrexian Reclamation, Genesis Chamber"
Chucky Foil Edition,Secret Lair Drop,Other,SLD,2024-10-01,56.09,"Kardur, Doomscourge // Kardur, Doomscourge, Twinflame, Varragoth, Bloodsky Sire, Phyrexian Reclamation, Genesis Chamber"
Cinder Heart,Theme Deck,Other,BRB,1999-11-12,46.59,"Reanimate, Sadistic Glee, Living Death, Sewer Rats, Exhume"
City Styles,Secret Lair Drop,Other,SLD,2023-04-14,322.93,"Teysa Karlov, Azusa, Lost but Seeking, Sakashima the Impostor, Paradise Mantle, Massacre Girl"
City Styles 2: Dressed to Kill,Secret Lair Drop,Other,SLD,2025-02-11,113.24,"Veyran, Voice of Duality, Ninja of the Deep Hours, Karmic Guide, Captain Sisay, Selvala, Explorer Returned"
City Styles 2: Dressed to Kill Foil Edition,Secret Lair Drop,Other,SLD,2025-02-11,113.24,"Veyran, Voice of Duality, Ninja of the Deep Hours, Karmic Guide, Captain Sisay, Selvala, Explorer Returned"
City Styles Foil Edition,Secret Lair Drop,Other,SLD,2023-04-14,322.93,"Teysa Karlov, Azusa, Lost but Seeking, Sakashima the Impostor, Paradise Mantle, Massacre Girl"
Claws of Vengeance,Theme Deck,Other,PS11,2011-01-01,0.0,"Forest, Forest, Forest, Forest, Plains"
Cleric,Shandalar Enemy Deck,Other,PAST,1997-04-01,27.79,"Meekstone, Savannah Lions, Swords to Plowshares, Tawnos's Weaponry, Amrou Kithkin"
Clerics (1),Jumpstart,Other,J25,2024-11-07,0.0,"Nullpriest of Oblivion, Skemfar Shadowsage, Taborax, Hope's Demise, Archfiend's Vessel, Bonecaller Cleric"
Clerics (2),Jumpstart,Other,J25,2024-11-07,0.0,"Priest of Gix, Taborax, Hope's Demise, Severed Strands, Archfiend's Vessel, Elderfang Disciple"
Clerics (3),Jumpstart,Other,J25,2024-11-07,8.37,"Vito, Thorn of the Dusk Rose, Skemfar Shadowsage, Scion of Darkness, Elderfang Disciple, Moment of Craving"
Clerics (4),Jumpstart,Other,J25,2024-11-07,9.85,"Vito, Thorn of the Dusk Rose, Priest of Forgotten Gods, Priest of Gix, Skemfar Shadowsage, Archfiend's Vessel"
Clue Edition Core Contents,Box Set,Other,CLU,2024-02-23,13.6,"Headliner Scarlett, Apothecary White, Mastermind Plum, Emissary Green, Commander Mustard"
Coalition Corps,Jumpstart,Other,DMU,2022-09-09,5.98,"Plains, Serra Redeemer, Love Song of Night and Day, Resolute Reinforcements, Plains"
Coalition Legion,Jumpstart,Other,DMU,2022-09-09,5.98,"Plains, Serra Redeemer, Love Song of Night and Day, Knight of Dawn's Light, Take Up the Shield"
Code of the Orzhov,Theme Deck,Other,GPT,2006-02-03,68.4,"Teysa, Orzhov Scion, Martyred Rusalka, Hissing Miasma, Orzhov Basilica, Thoughtpicker Witch"
Cold-Blooded Killers,Arena Starter Deck,Other,ANB,2020-08-13,0.0,"Sanitarium Skeleton, Typhoid Rats, Malakir Cullblade, Vampire Opportunist, Mardu Outrider"
Coldsnap Fat Pack Land Pack,Bundle Land Pack,Other,CSP,2006-07-21,36.82,"Snow-Covered Island, Snow-Covered Mountain, Snow-Covered Forest, Snow-Covered Plains, Snow-Covered Swamp"
Coldsnap Foil Redemption,MTGO Redemption,Other,CSP,2006-08-20,1970.06,"Commandeer, Rite of Flame, Dark Depths, Counterbalance, Thrumming Stone"
Coldsnap Redemption,MTGO Redemption,Other,CSP,2006-08-20,1970.06,"Commandeer, Rite of Flame, Dark Depths, Counterbalance, Thrumming Stone"
Collectors' Edition,Box Set,Other,CED,1993-12-10,16062.19,"Black Lotus, Timetwister, Mox Jet, Mox Sapphire, Mox Emerald"
Comeback,Theme Deck,Other,PLS,2001-02-05,278.32,"Cavern Harpy, Ravenous Rats, Nightscape Familiar, Coastal Tower, Dromar's Cavern"
Commander Collection Black,Box Set,Other,CC2,2022-01-28,93.76,"Sol Ring, Reanimate, Toxic Deluge, Ophiomancer, Command Tower"
Commander Collection Black Premium,Box Set,Other,CC2,2022-01-28,93.76,"Sol Ring, Reanimate, Toxic Deluge, Ophiomancer, Command Tower"
Commander Collection: Green,Box Set,Other,CC1,2020-12-04,146.24,"Seedborn Muse, Worldly Tutor, Sylvan Library, Sol Ring, Command Tower"
Commander Collection: Green - Premium,Box Set,Other,CC1,2020-12-04,146.24,"Seedborn Muse, Worldly Tutor, Sylvan Library, Sol Ring, Command Tower"
Commander Legends: Battle for Baldur's Gate Bundle Land Pack,Bundle Land Pack,Other,CLB,2022-06-10,0.0,"Plains, Plains, Swamp, Mountain, Forest"
Commander's Arsenal,Box Set,Other,CM1,2012-10-23,291.01,"Rhystic Study, Scroll Rack, Sylvan Library, Command Tower, Diaochan, Artful Beauty"
Commander's Arsenal Oversized,Box Set,Other,OCM1,2012-10-23,221.62,"Sliver Queen, Azusa, Lost but Seeking, Karn, Silver Golem, Karrthus, Tyrant of Jund, Grimgrin, Corpse-Born"
Commander's Bundle,Box Set,Other,TLA,2025-11-14,352.13,"Deflecting Swat, Fierce Guardianship, Enlightened Tutor, Deadly Rollick, Worldly Tutor"
Company of Knights,Arena Starter Deck,Other,M21,2021-07-03,12.13,"Embercleave, Grasping Giant, Basri's Lieutenant, Plains, Worthy Knight"
Concerted Effort,Intro Pack,Other,OGW,2016-01-22,0.0,"Relief Captain, Veteran Warleader, Evolving Wilds, Expedition Envoy, Joraga Auxiliary"
Conflux Foil Redemption,MTGO Redemption,Other,CON,2009-03-08,531.36,"Maelstrom Archangel, Master Transmuter, Exotic Orchard, Kederekt Parasite, Progenitus"
Conflux Redemption,MTGO Redemption,Other,CON,2009-03-08,531.36,"Maelstrom Archangel, Master Transmuter, Exotic Orchard, Kederekt Parasite, Progenitus"
Conjurer,Shandalar Enemy Deck,Other,PAST,1997-04-01,113.95,"Aladdin's Ring, Fellwar Stone, Apprentice Wizard, Counterspell, Giant Tortoise"
Conniving,Jumpstart,Other,MSH,2026-06-26,3.29,"Mysterio's Mirage, Leader, Super-Genius, Tiger Shark, Abyssal Hunter, Kid Loki, Flying Octobot"
Conquering Hordes,Event Deck,Other,KTK,2014-09-26,43.62,"Dictate of Erebos, Spear of Heliod, Dictate of Heliod, Bloodsoaked Champion, Spirit Bonds"
Constellation 1,Jumpstart,Other,J22,2022-12-02,2.75,"Sage's Reverie, Archon of Sun's Grace, Spirited Companion, Chains of Custody, Thriving Heath"
Constellation 2,Jumpstart,Other,J22,2022-12-02,1.68,"Sage's Reverie, Sigil of the Empty Throne, Alseid of Life's Bounty, Spirited Companion, Chains of Custody"
Control Center,Arena Starter Deck,Other,AFR,2021-09-24,16.44,"Clearwater Pathway // Murkwater Pathway, Mind Flayer, Baleful Mastery, Ice Tunnel, Iymrith, Desert Doom"
Cool Ocean Breeze,Secret Lair Drop,Other,SLD,2023-04-28,273.89,"Thassa's Oracle, Thassa, Deep-Dwelling, Master of Waves, Llawan, Cephalid Empress"
Cool Ocean Breeze Foil Edition,Secret Lair Drop,Other,SLD,2023-04-28,273.89,"Thassa's Oracle, Thassa, Deep-Dwelling, Master of Waves, Llawan, Cephalid Empress"
Copied (1),Jumpstart,Other,J25,2024-11-07,0.0,"Crimson Wisps, Zada, Hedron Grinder, Young Pyromancer, Fists of Flame, Renegade Tactics"
Copied (2),Jumpstart,Other,J25,2024-11-07,0.0,"Zada, Hedron Grinder, Young Pyromancer, Firespitter Whelp, Kiln Fiend, Ancestral Anger"
Core Set 2019 Bundle Land Pack,Bundle Land Pack,Other,M19,2018-07-13,0.0,"Island, Forest, Forest, Forest, Mountain"
Core Set 2019 Foil Redemption,MTGO Redemption,Other,M19,2018-08-12,461.36,"Scapeshift, Nicol Bolas, the Ravager // Nicol Bolas, the Arisen, Crucible of Worlds, Arcades, the Strategist, Resplendent Angel"
Core Set 2019 Redemption,MTGO Redemption,Other,M19,2018-08-12,461.36,"Scapeshift, Nicol Bolas, the Ravager // Nicol Bolas, the Arisen, Crucible of Worlds, Arcades, the Strategist, Resplendent Angel"
Core Set 2020 Bundle Land Pack,Bundle Land Pack,Other,M20,2019-07-12,4.92,"Swamp, Swamp, Mountain, Mountain, Forest"
Core Set 2020 Foil Redemption,MTGO Redemption,Other,M20,2019-08-11,481.43,"Field of the Dead, Veil of Summer, Kaalia, Zenith Seeker, Chandra, Awakened Inferno, Cavalier of Night"
Core Set 2020 Redemption,MTGO Redemption,Other,M20,2019-08-11,481.43,"Field of the Dead, Veil of Summer, Kaalia, Zenith Seeker, Chandra, Awakened Inferno, Cavalier of Night"
Core Set 2021 Bundle Land Pack,Bundle Land Pack,Other,M21,2020-07-03,0.0,"Swamp, Swamp, Plains, Plains, Plains"
Core Set 2021 Foil Redemption,MTGO Redemption,Other,M21,2020-08-02,303.15,"Chromatic Orrery, Terror of the Peaks, Grim Tutor, Fiery Emancipation, Heroic Intervention"
Core Set 2021 Redemption,MTGO Redemption,Other,M21,2020-08-02,303.15,"Chromatic Orrery, Terror of the Peaks, Grim Tutor, Fiery Emancipation, Heroic Intervention"
Core Set 2021 Welcome Booster,Welcome Booster,Other,M21,2020-07-03,20.22,"Niv-Mizzet, Parun, Demon of Loathing, Underworld Dreams, Garruk, Primal Hunter, Archetype of Imagination"
Corruption 1,Jumpstart,Other,ONE,2023-02-10,1.32,"Drown in Ichor, Kinzu of the Bleak Coven, Anoint with Affliction, Pestilent Syphoner, Annihilating Glare"
Corruption 2,Jumpstart,Other,ONE,2023-02-10,0.0,"Kinzu of the Bleak Coven, Vraska's Fall, Infectious Inquiry, Necrogen Communion, Bilious Skulldweller"
Counter Surge,Challenger Deck,Other,Q01,2018-04-06,42.33,"Walking Ballista, Verdurous Gearhulk, Fatal Push, Swamp, Blossoming Defense"
Counterargument,Jumpstart,Other,MSH,2026-06-26,11.45,"Matt Murdock, Justice Seeker, She-Hulk, Attorney-at-Law, Foggy Nelson, On Retainer, Costume Closet, Vault Guardsman"
Counterburn,Deck Builder's Toolkit,Other,M14,2013-07-19,4.34,"Guttersnipe, Goblin Electromancer, Syncopate, Izzet Charm, Nivix Cyclops"
Courageous 1,Jumpstart,Other,LTR,2023-06-23,2.29,"Saradoc, Master of Buckland, Rosie Cotton of South Lane, Bill the Pony, Slip On the Ring, Samwise the Stouthearted"
Courageous 2,Jumpstart,Other,LTR,2023-06-23,4.42,"Saradoc, Master of Buckland, Reprieve, Rosie Cotton of South Lane, Bill the Pony, Slip On the Ring"
Crack the Case,Arena Starter Deck,Other,OTJ,2024-07-08,18.99,"Meticulous Archive, Forensic Gadgeteer, Proft's Eidetic Memory, Alquist Proft, Master Sleuth, Novice Inspector"
Crag Hydra,Shandalar Enemy Deck,Other,PAST,1997-04-01,275.2,"Mountain, Shivan Dragon, Inferno, Detonate, Mana Flare"
Creep and Conquer,Event Deck,Other,RTR,2012-10-26,38.63,"Ulvenwald Tracker, Disciple of Bolas, Woodland Cemetery, Golgari Charm, Victim of Night"
Creepshow,Secret Lair Drop,Other,SLD,2023-11-30,66.88,"Death Baron // Death Baron, Grimgrin, Corpse-Born // Grimgrin, Corpse-Born, Noxious Ghoul // Noxious Ghoul, Unholy Grotto // Unholy Grotto, Zombie Master // Zombie Master"
Creepshow Foil Edition,Secret Lair Drop,Other,SLD,2023-11-30,66.88,"Death Baron // Death Baron, Grimgrin, Corpse-Born // Grimgrin, Corpse-Born, Noxious Ghoul // Noxious Ghoul, Unholy Grotto // Unholy Grotto, Zombie Master // Zombie Master"
Cries of Rage,Theme Deck,Other,PS11,2011-01-01,0.0,"Mountain, Mountain, Mountain, Mountain, Forest"
Critical Mass,Theme Deck,Other,SOK,2005-06-03,172.31,"Shuko, Thoughts of Ruin, Honden of Infinite Rage, Honden of Night's Reach, Okiba-Gang Shinobi"
Critter Corps,Arena Promotional Deck,Other,M21,2021-07-03,145.85,"The Great Henge, The Ozolith, Fabled Passage, Ram Through, Selfless Savior"
Crocodile Jackson's Monstrous Menagerie,Secret Lair Drop,Other,SLD,2022-05-06,76.28,"Managorger Hydra, Pathbreaker Ibex, Temur Sabertooth, Ravenous Chupacabra, Winding Constrictor"
Crocodile Jackson's Monstrous Menagerie Foil Etched Edition,Secret Lair Drop,Other,SLD,2022-05-06,76.28,"Managorger Hydra, Pathbreaker Ibex, Temur Sabertooth, Ravenous Chupacabra, Winding Constrictor"
Cruel 1,Jumpstart,Other,J22,2022-12-02,7.25,"Creeping Bloodsucker, Termination Facilitator, Syr Konrad, the Grim, Ob Nixilis, the Hate-Twisted, Tormented Soul"
Cruel 2,Jumpstart,Other,J22,2022-12-02,7.25,"Creeping Bloodsucker, Termination Facilitator, Plague Spitter, Feast on the Fallen, Ossuary Rats"
Cruel 3,Jumpstart,Other,J22,2022-12-02,4.39,"Creeping Bloodsucker, Dread Slaver, Festering Evil, Feast on the Fallen, Ossuary Rats"
Cruel 4,Jumpstart,Other,J22,2022-12-02,10.18,"Dread Presence, Creeping Bloodsucker, Tormented Soul, Feast on the Fallen, Ossuary Rats"
Cruel Plots,Intro Pack,Other,DTK,2015-03-27,7.73,"Island, Coat with Venom, Silumgar's Scorn, Sidisi's Faithful, Necromaster Dragon"
Crusader,Shandalar Enemy Deck,Other,PAST,1997-04-01,95.29,"Dancing Scimitar, Eye for an Eye, Swords to Plowshares, White Knight, Battering Ram"
Crusher,Theme Deck,Other,ULG,1999-02-15,517.66,"Defense of the Heart, Mother of Runes, Treetop Village, Rancor, Weatherseed Treefolk"
Crusher - Enhanced Deck,Enhanced Deck,Other,ULG,1999-02-15,1893.64,"Gaea's Cradle, Might of Oaks, Eladamri, Lord of Leaves, Weatherseed Treefolk, City of Brass"
Cult of Rakdos,Arena Starter Deck,Other,M20,2019-05-03,35.73,"Blood Crypt, Bedevil, Spawn of Mayhem, Spear Spewer, Mayhem Devil"
Cult of Rakdos 1,Jumpstart,Other,CLU,2024-02-23,3.09,"Frenzied Gorespawn, Rakdos Signet, Spawn of Mayhem, Deadly Dispute, Incriminating Impetus"
Cult of Rakdos 2,Jumpstart,Other,CLU,2024-02-23,5.53,"Rakdos, the Showstopper, Carnage Interpreter, Incriminating Impetus, Rakdos Carnarium, Dagger Caster"
Culture Shocks: Bant,Secret Lair Drop,Other,SLD,2021-08-25,30.23,"Breeding Pool, Hallowed Fountain, Temple Garden"
Culture Shocks: Esper,Secret Lair Drop,Other,SLD,2021-08-25,35.05,"Watery Grave, Godless Shrine, Hallowed Fountain"
Culture Shocks: Grixis,Secret Lair Drop,Other,SLD,2021-08-25,47.04,"Steam Vents, Watery Grave, Blood Crypt"
Culture Shocks: Jund,Secret Lair Drop,Other,SLD,2021-08-25,40.12,"Overgrown Tomb, Blood Crypt, Stomping Ground"
Culture Shocks: Naya,Secret Lair Drop,Other,SLD,2021-08-25,32.9,"Sacred Foundry, Stomping Ground, Temple Garden"
Cunning,Duel Deck,Other,DDN,2014-09-05,0.0,"Arcanis the Omnipotent, Mana Leak, Lightning Angel, Hold the Line, Master Decoy"
Cunning 1,Jumpstart,Other,LTR,2023-11-03,0.0,"Minas Tirith Garrison, Ioreth of the Healing House, The Bath Song, Arwen's Gift, Glorious Gale"
Cunning 2,Jumpstart,Other,LTR,2023-11-03,5.12,"Lórien Revealed, Minas Tirith Garrison, Mirror of Galadriel, Elrond, Lord of Rivendell, Island"
Cunning Plan,Intro Pack,Other,FRF,2015-01-23,12.09,"Monastery Swiftspear, Refocus, Void Snare, Island, Mistfire Adept"
Cursed,Duel Deck,Other,DDQ,2016-02-26,2.16,"Gravecrawler, Harvester of Souls, Dread Return, Diregraf Ghoul, Unbreathing Horde"
Custom Creatures,Theme Deck,Other,9ED,2005-07-29,87.94,"Naturalize, Verduran Enchantress, Overgrowth, Llanowar Elves, Forest"
Cycling 1,Jumpstart,Other,J22,2022-12-02,0.0,"Yidaro, Wandering Monster, Drannith Stinger, Quakefoot Cyclops, Deem Worthy, Forgotten Cave"
Cycling 2,Jumpstart,Other,J22,2022-12-02,0.0,"Mad Ratter, Irencrag Pyromancer, Drannith Stinger, Starstorm, Deem Worthy"
DOOM,Jumpstart,Other,MSH,2026-06-26,111.18,"Doctor Doom, Unrivaled, Dark Ritual, Doomsday, Doombot Harbinger, Swamp"
Dan Frazier Is Back Again: The Allied Talismans,Secret Lair Drop,Other,SLD,2022-10-25,217.11,"Talisman of Dominance, Talisman of Indulgence, Talisman of Progress, Talisman of Impulse, Talisman of Unity"
Dan Frazier Is Back Again: The Allied Talismans Foil Etched Edition,Secret Lair Drop,Other,SLD,2022-10-25,217.11,"Talisman of Dominance, Talisman of Indulgence, Talisman of Progress, Talisman of Impulse, Talisman of Unity"
Dan Frazier Is Back Again: The Enemy Talismans,Secret Lair Drop,Other,SLD,2022-10-25,124.06,"Talisman of Creativity, Talisman of Hierarchy, Talisman of Curiosity, Talisman of Conviction, Talisman of Resilience"
Dan Frazier Is Back Again: The Enemy Talismans Foil Etched Edition,Secret Lair Drop,Other,SLD,2022-10-25,124.06,"Talisman of Creativity, Talisman of Hierarchy, Talisman of Curiosity, Talisman of Conviction, Talisman of Resilience"
Dan Frazier is Back: The Allied Signets,Secret Lair Drop,Other,SLD,2021-10-29,101.78,"Rakdos Signet, Dimir Signet, Azorius Signet, Gruul Signet, Selesnya Signet"
Dan Frazier is Back: The Allied Signets Foil Edition,Secret Lair Drop,Other,SLD,2021-10-29,101.78,"Rakdos Signet, Dimir Signet, Azorius Signet, Gruul Signet, Selesnya Signet"
Dan Frazier is Back: The Enemy Signets,Secret Lair Drop,Other,SLD,2021-10-29,98.67,"Izzet Signet, Orzhov Signet, Boros Signet, Simic Signet, Golgari Signet"
Dan Frazier is Back: The Enemy Signets Foil Edition,Secret Lair Drop,Other,SLD,2021-10-29,98.67,"Izzet Signet, Orzhov Signet, Boros Signet, Simic Signet, Golgari Signet"
Dan Frazier's Mox Box,Secret Lair Drop,Other,SLD,2023-09-14,506.16,"Mox Opal, Sol Ring, Mox Tantalite"
Dandân Deck,Dandan Deck,Other,SLD,2026-03-17,99.07,"Mystic Sanctuary, Capture of Jingzhou, Mental Note, Island, Dandân"
Dangerous,Clash Pack,Other,ORI,2015-07-17,12.43,"Dromoka, the Eternal, Abzan Falconer, Avatar of the Resolute, Abzan Battle Priest, Sandsteppe Citadel"
Dangerous Knowledge,Intro Pack,Other,EMN,2016-07-22,5.92,"Turn Aside, Pore Over the Pages, Niblis of Frost, Take Inventory, Pieces of the Puzzle"
Daniel Zink - White-Blue-Green Wake,World Championship Deck,Other,WC03,2003-08-06,43.69,"Flooded Strand, Forest, Mirari's Wake, Moment's Peace, Island"
Dark Alliance,Theme Deck,Other,ATH,1998-11-01,58.23,"Strip Mine, Goblin Recruiter, Hypnotic Specter, Goblin King, Pyrokinesis"
Dark Ascension Fat Pack Land Pack,Bundle Land Pack,Other,DKA,2012-02-03,9.57,"Swamp, Mountain, Island, Forest, Swamp"
Dark Ascension Foil Redemption,MTGO Redemption,Other,DKA,2012-03-04,375.9,"Mikaeus, the Unhallowed, Grafdigger's Cage, Drogskol Reaver, Vault of the Archangel, Moonveil Dragon"
Dark Ascension Redemption,MTGO Redemption,Other,DKA,2012-03-04,375.9,"Mikaeus, the Unhallowed, Grafdigger's Cage, Drogskol Reaver, Vault of the Archangel, Moonveil Dragon"
Dark Devotion,Theme Deck,Other,BOK,2005-02-04,55.09,"Heartless Hidetsugu, Blood Speaker, Yukora, the Prisoner, Overblaze, Mark of the Oni"
Dark Sacrifice,Game Night Deck,Other,GN3,2022-10-14,26.19,"Vogar, Necropolis Tyrant, Vilis, Broker of Blood, Demon of Loathing, Ravenous Chupacabra, Village Rites"
Darksteel Foil Redemption,MTGO Redemption,Other,DST,2004-03-07,1590.93,"Skullclamp, Panoptic Mirror, Arcbound Ravager, Darksteel Forge, Mycosynth Lattice"
Darksteel Redemption,MTGO Redemption,Other,DST,2004-03-07,1590.93,"Skullclamp, Panoptic Mirror, Arcbound Ravager, Darksteel Forge, Mycosynth Lattice"
Dave Humpherys - Blue-Green Madness,World Championship Deck,Other,WC03,2003-08-06,42.01,"City of Brass, Aquamoeba, Careful Study, Island, Island"
Day of the Dragon,Starter Kit,Other,WOE,2023-09-08,6.45,"Shivan Devastator, Sarkhan, Soul Aflame, Ingenious Prodigy, Ragefire Hellkite, Aether Channeler"
Dead Again,Theme Deck,Other,9ED,2005-07-29,38.85,"Underworld Dreams, Demon's Horn, Nightmare, Swamp, Swamp"
Dead Ahead,Intro Pack,Other,ARB,2009-04-30,30.43,"Terramorphic Expanse, Swamp, Mountain, Lightning Reaver, Mountain"
Dead and Alive,MTGO Theme Deck,Other,WTH,2007-12-12,26.94,"Necromancy, Buried Alive, Infernal Tribute, Swamp, Swamp"
Deadly Discovery,Challenger Deck,Other,Q02,2019-04-12,43.93,"Overgrown Tomb, The Eldest Reborn, Vraska, Relic Seeker, Llanowar Elves, Wildgrowth Walker"
Deadly Instinct,Theme Deck,Other,S99,1999-07-12,3.36,"Ancient Craving, Swamp, Swamp, Ravenous Rats, Swamp"
Deadspread,Intro Pack,Other,SOM,2010-10-01,80.46,"Contagion Engine, Leaden Myr, Silver Myr, Throne of Geth, Thrummingbird"
"Death Is Temporary, Metal Is Forever",Secret Lair Drop,Other,SLD,2023-08-29,237.94,"Nekusar, the Mindrazer, Syr Konrad, the Grim, Underworld Dreams, Waste Not, Wheel of Misfortune"
"Death Is Temporary, Metal Is Forever Foil Edition",Secret Lair Drop,Other,SLD,2023-08-29,237.94,"Nekusar, the Mindrazer, Syr Konrad, the Grim, Underworld Dreams, Waste Not, Wheel of Misfortune"
Death March,Theme Deck,Other,EVE,2008-07-25,114.17,"Quillspike, Swamp, Creakwood Liege, Doomgape, Viridescent Wisps"
Death Reaper,Intro Pack,Other,M14,2013-07-19,2.0,"Staff of the Death Magus, Mountain, Swamp, Academy Raider, Festering Newt"
Death's Beginning,Intro Pack,Other,BNG,2014-02-07,25.64,"Archetype of Finality, Satyr Wayfinder, Raised by Wolves, Forest, Nighthowler"
Death's Encroach,Event Deck,Other,AVR,2012-05-25,67.68,"Dismember, Cemetery Reaper, Geralf's Messenger, Gravecrawler, Lashwrithe"
Death's Minions,Intro Pack,Other,M10,2009-07-17,32.62,"Cemetery Reaper, Diabolic Tutor, Tendrils of Corruption, Swamp, Doom Blade"
Deathbreed,MTGO Theme Deck,Other,ME2,2008-09-22,0.0,"Snow-Covered Swamp, Armor Thrull, Ashen Ghoul, Basal Thrull, Cuombajj Witches"
Deathfed,Event Deck,Other,ISD,2011-10-28,133.24,"Green Sun's Zenith, Birds of Paradise, Gnaw to the Bone, Ratchet Bomb, Bonehoard"
Deathly Dominion,Intro Pack,Other,ISD,2011-09-30,20.31,"Rampant Growth, Moldgraf Monstrosity, Reassembling Skeleton, Swamp, Caravan Vigil"
Decay,Theme Deck,Other,7ED,2001-04-11,820.67,"Blood Pet, Charcoal Diamond, Duress, Fallen Angel, Greed"
Deceptive Divination,Secret Lair Drop,Other,SLD,2024-02-23,52.85,"Scheming Symmetry, Price of Progress, Eternal Witness, Circular Logic, Wall of Omens"
Deceptive Divination Foil Edition,Secret Lair Drop,Other,SLD,2024-02-23,73.34,"Scheming Symmetry, Price of Progress, Eternal Witness, Wall of Omens, Circular Logic"
Deck A,Starter Deck,Other,6ED,1999-04-21,1.54,"Blood Pet, Swamp, Forest, Swamp, Rampant Growth"
Deck B,Starter Deck,Other,6ED,1999-04-21,2.36,"Counterspell, Mountain, Mountain, Island, Mountain"
Deck Builder's Toolkit,Deck Builder's Toolkit,Other,RNA,2019-01-25,25.98,"Circuitous Route, Electrostatic Field, Murmuring Mystic, Open the Gates, Mountain"
Deep Freeze,Theme Deck,Other,TMP,1997-10-14,5.08,"Counterspell, Avenging Angel, Puppet Strings, Island, Island"
Deep Freeze - Advanced Deck,Advanced Deck,Other,TMP,1997-10-14,22.21,"Wrath of God, Adarkar Wastes, Counterspell, Desertion, Impulse"
Deepwood Menace,Theme Deck,Other,MMQ,1999-10-04,239.66,"Thunderclap, Natural Affinity, Vine Trellis, Volcanic Wind, Battle Squadron"
Deepwood Menace - Enhanced Deck,Enhanced Deck,Other,MMQ,1999-10-04,2397.09,"Gaea's Cradle, Deranged Hermit, Treetop Village, Rancor, Collective Unconscious"
Defeat a God,Challenge Deck,Other,TDAG,2014-05-25,4.82,"Xenagos Ascended, Xenagos's Strike, Rip to Pieces, Impulsive Charge, Xenagos's Scorn"
Defenders of the Cause,Theme Deck,Other,ATH,1998-11-01,32.22,"Armageddon, Swords to Plowshares, Pendelhaven, Mirri, Cat Warrior, Brushland"
Demo Booster Player 1,Welcome Booster,Other,9ED,2005-07-29,7.66,"Grizzly Bears, Forest, Forest, Forest, Glory Seeker"
Demo Booster Player 2,Welcome Booster,Other,9ED,2005-07-29,8.25,"Mountain, Mountain, Swamp, Swamp, Mountain"
Demo deck A,Demo Deck,Other,S99,1999-07-12,0.0,"Plains, Island, Wind Drake, Giant Octopus, Eager Cadet"
Demo deck B,Demo Deck,Other,POR,1997-05-01,8.19,"Cloud Pirates, Feral Shadow, Storm Crow, Snapping Drake, Island"
Demonic,Duel Deck,Other,DDC,2009-04-10,80.21,"Demonic Tutor, Dark Ritual, Soot Imp, Reiver Demon, Stinkweed Imp"
Demonic Deals,Intro Pack,Other,ORI,2015-07-17,12.8,"Chandra's Ignition, Fiery Impulse, Kothophed, Soul Hoarder, Malakir Cullblade, Fleshbag Marauder"
Demons 1,Jumpstart,Other,J22,2022-12-02,0.0,"Demon's Disciple, Kothophed, Soul Hoarder, Inner Demon, Disciple of Perdition, Infernal Idol"
Demons 2,Jumpstart,Other,J22,2022-12-02,1.83,"Seizan, Perverter of Truth, Dreadhound, Demon's Disciple, Demon of Catastrophes, Disciple of Perdition"
Depths of Power,Intro Pack,Other,M13,2012-07-13,32.48,"Elixir of Immortality, Stormtide Leviathan, Archaeomancer, Mindclaw Shaman, Ring of Evos Isle"
Desert Oasis,Arena Starter Deck,Other,OTJ,2024-07-08,60.71,"Bristly Bill, Spine Sower, Hedge Maze, Case of the Locked Hothouse, Sentinel of the Nameless City, Bonny Pall, Clearcutter"
Desperate Stand,Intro Pack,Other,OGW,2016-01-22,6.78,"Cliffhaven Vampire, Drana's Emissary, Kalastria Healer, Malakir Soothsayer, Evolving Wilds"
Destructive Firepower,Arena Starter Deck,Other,ANB,2020-03-12,2.91,"Dreadhorde Arcanist, Drakuseth, Maw of Flames, Chandra's Outrage, Fire Urchin, Spellgorger Weird"
Detective 1,Jumpstart,Other,J22,2022-12-02,4.58,"Mechanized Production, Jace's Scrutiny, Hold for Questioning, Thriving Isle, Shambling Suit"
Detective 2,Jumpstart,Other,J22,2022-12-02,25.9,"Teferi's Puzzle Box, Psychosis Crawler, Jace's Scrutiny, Aeronaut Tinkerer, Oneirophage"
Detective 3,Jumpstart,Other,J22,2022-12-02,0.0,"Shimmer Dragon, Jace's Scrutiny, Hold for Questioning, Thriving Isle, Lumengrid Sentinel"
Detective 4,Jumpstart,Other,J22,2022-12-02,10.46,"Tamiyo, the Moon Sage, Tamiyo's Journal, Jace's Scrutiny, Hold for Questioning, Thriving Isle"
Devastation,Theme Deck,Other,ONS,2002-10-07,232.92,"Naturalize, Cryptic Gateway, Tranquil Thicket, Explosive Vegetation, Forgotten Cave"
Devilish (1),Jumpstart,Other,JMP,2020-07-17,0.0,"Zurzoth, Chaos Rider, Traitorous Greed, Havoc Jester, Pitchburn Devils, Dance with Devils"
Devilish (2),Jumpstart,Other,JMP,2020-07-17,0.0,"Zurzoth, Chaos Rider, Traitorous Greed, Havoc Jester, Pitchburn Devils, Hobblefiend"
Devilish (3),Jumpstart,Other,JMP,2020-07-17,3.15,"Brash Taunter, Traitorous Greed, Havoc Jester, Pitchburn Devils, Dance with Devils"
Devilish (4),Jumpstart,Other,JMP,2020-07-17,2.98,"Hellrider, Traitorous Greed, Sin Prodder, Havoc Jester, Pitchburn Devils"
Devotion to Darkness,Intro Pack,Other,THS,2013-09-27,21.84,"Whip of Erebos, Gray Merchant of Asphodel, Island, Island, Swamp"
Devouring Skies,Intro Pack,Other,NPH,2011-05-13,86.04,"Argentum Armor, Brass Squire, Silver Myr, Swamp, Swamp"
Diabolical Dioramas,Secret Lair Drop,Other,SLD,2024-04-15,49.9,"Aura Shards, Fiend Artisan, Gravebreaker Lamia, Karador, Ghost Chieftain"
Diabolical Dioramas Foil Edition,Secret Lair Drop,Other,SLD,2024-04-15,58.37,"Aura Shards, Fiend Artisan, Gravebreaker Lamia, Karador, Ghost Chieftain"
Dimir,Guild Kit,Other,GK1,2018-11-02,7.32,"Glimpse the Unthinkable, Etrata, the Silencer, Dimir Signet, Mission Briefing, Price of Fame"
Dimir Control,Pioneer Challenger Deck,Other,Q08,2022-11-04,49.73,"Watery Grave, Narset, Parter of Veils, Drowned Catacomb, Mystical Dispute, Fatal Push"
Dimir Dementia,Intro Pack,Other,GTC,2013-02-01,25.41,"Duskmantle Guildmage, Whispering Madness, Jace's Phantasm, Dimir Keyrune, Wight of Precinct Six"
Dimir Intrigues,Theme Deck,Other,RAV,2005-10-07,52.04,"Dimir Aqueduct, Dimir Infiltrator, Dimir Signet, Szadek, Lord of Secrets, Dimir House Guard"
Dimir Manipulation,Arena Starter Deck,Other,DOM,2018-03-22,38.28,"Nezahal, Primal Tide, Tetzimoc, Primal Death, Ravenous Chupacabra, Overflowing Insight, Censor"
Dimir Rogue,Challenger Deck,Other,Q05,2021-04-02,23.53,"Malakir Rebirth // Malakir Mire, Rankle, Master of Pranks, Swamp, Drown in the Loch, Island"
Dinner,Jumpstart,Other,J25,2024-11-07,3.26,"Tireless Provisioner, Hurska Sweet-Tooth, Trail of Crumbs, Giant Opportunity, Gingerbrute"
Dino Might,Arena Starter Deck,Other,OTJ,2024-07-08,43.88,"Ghalta, Stampede Tyrant, Commercial District, Trumpeting Carnosaur, Hulking Raptor, Cavern Stomper"
Dinosaurs (1),Jumpstart,Other,JMP,2020-07-17,1.37,"Cultivate, Ghalta, Primal Hunger, Forest, Ornery Dilophosaur, Thrashing Brontodon"
Dinosaurs (2),Jumpstart,Other,J25,2024-11-07,0.0,"Ghalta, Primal Hunger, Topiary Stomper, Rampant Growth, Thrashing Brontodon, Thundering Spineback"
Dinosaurs (3),Jumpstart,Other,JMP,2020-07-17,1.37,"Cultivate, Ghalta, Primal Hunger, Forest, Ornery Dilophosaur, Colossal Dreadmaw"
Dinosaurs (4),Jumpstart,Other,JMP,2020-07-17,1.6,"Garruk's Uprising, Forest, Ornery Dilophosaur, Thrashing Brontodon, Primal Might"
Discarding (1),Jumpstart,Other,JMP,2020-07-17,17.61,"Tinybones, Trinket Thief, Ravenous Chupacabra, Fell Specter, Swamp, Swamp"
Discarding (2),Jumpstart,Other,JMP,2020-07-17,1.01,"Ravenous Chupacabra, Fell Specter, Swamp, Liliana's Reaver, Nyxathid"
Dismissal,Theme Deck,Other,INV,2000-10-02,332.33,"Opt, Disrupt, Ravenous Rats, Prohibit, Island"
Disrupter,Theme Deck,Other,MMQ,1999-10-04,748.47,"Dark Ritual, Snuff Out, Thunderclap, Thrashing Wumpus, Vendetta"
Disrupter - Enhanced Deck,Enhanced Deck,Other,MMQ,1999-10-04,740.05,"Dark Ritual, Snuff Out, Thunderclap, Thrashing Wumpus, Vendetta"
Dissension Foil Redemption,MTGO Redemption,Other,DIS,2006-06-04,1878.09,"Hallowed Fountain, Blood Crypt, Breeding Pool, Psychic Possession, Grand Arbiter Augustin IV"
Dissension Redemption,MTGO Redemption,Other,DIS,2006-06-04,1878.09,"Hallowed Fountain, Blood Crypt, Breeding Pool, Psychic Possession, Grand Arbiter Augustin IV"
Distress,Theme Deck,Other,PCY,2000-06-05,978.17,"Dark Ritual, Avatar of Woe, Snuff Out, Peat Bog, Seal of Cleansing"
Divine,Duel Deck,Other,DVD,2014-12-05,8.91,"Akroma, Angel of Wrath, Reya Dawnbringer, Luminous Angel, Twilight Shepherd, Pacifism"
Doctor (1),Jumpstart,Other,JMP,2020-07-17,5.46,"Light of Promise, Speaker of the Heavens, Plains, Swift Response, Brightmare"
Doctor (2),Jumpstart,Other,JMP,2020-07-17,5.46,"Light of Promise, Speaker of the Heavens, Plains, Secure the Scene, Swift Response"
Doctor (3),Jumpstart,Other,JMP,2020-07-17,6.5,"Light of Promise, Rhox Faithmender, Plains, Swift Response, Brightmare"
Doctor (4),Jumpstart,Other,JMP,2020-07-17,0.0,"Cradle of Vitality, Plains, Swift Response, Brightmare, Path of Bravery"
Doctor Who: Regeneration,Secret Lair Drop,Other,SLD,2024-04-09,237.88,"The Fourteenth Doctor, The Meep, The Fifteenth Doctor, The Celestial Toymaker, Rose Noble"
Doctor Who: Regeneration Foil Edition,Secret Lair Drop,Other,SLD,2024-04-09,237.88,"The Fourteenth Doctor, The Meep, The Fifteenth Doctor, The Celestial Toymaker, Rose Noble"
Doctor Who: The Dalek Lands,Secret Lair Drop,Other,SLD,2023-12-18,48.43,"Spirebluff Canal, Botanical Sanctum, Blooming Marsh, Concealed Courtyard, Inspiring Vantage"
Doctor Who: The Dalek Lands Foil Edition,Secret Lair Drop,Other,SLD,2023-12-18,48.43,"Spirebluff Canal, Botanical Sanctum, Blooming Marsh, Concealed Courtyard, Inspiring Vantage"
Doctor Who: The Weeping Angels,Secret Lair Drop,Other,SLD,2023-12-18,43.89,"Blinding Angel, Angel of Serenity, Angel of the Ruins, Restoration Angel, Sublime Archangel"
Doctor Who: The Weeping Angels Foil Edition,Secret Lair Drop,Other,SLD,2023-11-30,43.89,"Blinding Angel, Angel of Serenity, Angel of the Ruins, Restoration Angel, Sublime Archangel"
Dogs (1),Jumpstart,Other,JMP,2020-07-17,3.43,"Plains, Selfless Savior, Pack Leader, Plains, Secure the Scene"
Dogs (2),Jumpstart,Other,JMP,2020-07-17,3.87,"Plains, Isamaru, Hound of Konda, Pack Leader, Plains, Secure the Scene"
Dogs Are Better Than Cats,Secret Lair Drop,Other,SLD,2025-03-18,84.64,"Arcane Signet, Basilisk Collar, Titanic Ultimatum, Rip Apart, Escape to the Wilds"
Dogs Are Better Than Cats Foil Edition,Secret Lair Drop,Other,SLD,2025-03-18,84.64,"Arcane Signet, Basilisk Collar, Titanic Ultimatum, Rip Apart, Escape to the Wilds"
Domain,Theme Deck,Other,PLS,2001-02-05,293.53,"Quirion Dryad, Harrow, Island, Island, Magnigoth Treefolk"
Dome Destruction,Arena Starter Deck,Other,ANB,2019-09-26,2.91,"Dreadhorde Arcanist, Drakuseth, Maw of Flames, Chandra's Outrage, Meteor Golem, Spellgorger Weird"
Dominaria Bundle Land Pack,Bundle Land Pack,Other,DOM,2018-04-27,0.0,"Island, Plains, Swamp, Mountain, Mountain"
Dominaria Foil Redemption,MTGO Redemption,Other,DOM,2018-05-27,484.77,"Mox Amber, Cabal Stronghold, Helm of the Host, Teferi, Hero of Dominaria, Unwind"
Dominaria Redemption,MTGO Redemption,Other,DOM,2018-05-27,484.77,"Mox Amber, Cabal Stronghold, Helm of the Host, Teferi, Hero of Dominaria, Unwind"
Dominaria United Bundle Land Pack,Bundle Land Pack,Other,DMU,2022-09-09,0.0,"Swamp, Swamp, Mountain, Mountain, Forest"
Dominaria United Foil Redemption,MTGO Redemption,Other,DMU,2022-09-28,246.72,"Sheoldred, the Apocalypse, Timeless Lotus, Plaza of Heroes, Silverback Elder, Vodalian Hexcatcher"
Dominaria United Redemption,MTGO Redemption,Other,DMU,2022-09-28,246.72,"Sheoldred, the Apocalypse, Timeless Lotus, Plaza of Heroes, Silverback Elder, Vodalian Hexcatcher"
Dominaria United Welcome Booster,Welcome Booster,Other,DMU,2022-09-09,4.5,"Blackblade Reforged, Ajani, the Greathearted, Phylath, World Sculptor, Ertai's Scorn, Commander's Sphere"
Dominator - Advanced Deck,Advanced Deck,Other,EXO,1998-06-15,124.18,"Wasteland, Undiscovered Paradise, Winter Orb, Propaganda, Fellwar Stone"
Dominator - Basic Deck,Theme Deck,Other,EXO,1998-06-15,18.92,"Propaganda, Counterspell, Equilibrium, Erratic Portal, Dominating Licid"
"Domri, City Smasher",Planeswalker Deck,Other,RNA,2019-01-25,2.93,"Mountain, End-Raze Forerunners, Forest, Domri, City Smasher, Glass of the Guildpact"
Donatello,Theme Deck,Other,TMT,2026-03-06,10.97,"Utrom Monitor, April O'Neil, Human Element, Sewer-veillance Cam, Manhole Cover, Donatello, Rad Scientist"
Doom Inevitable,Intro Pack,Other,MBS,2011-02-04,33.75,"Psychosis Crawler, Bonehoard, Myr Sire, Contagion Clasp, Steady Progress"
"Dovin, Architect of Law",Planeswalker Deck,Other,RNA,2019-01-25,13.77,"Verity Circle, Unbreakable Formation, Dovin, Architect of Law, Arrester's Zeal, Concordia Pegasus"
Draconic Fury,Game Night Deck,Other,GN2,2019-11-15,26.04,"Glint-Horn Buccaneer, Fiendish Duo, Dragon Mage, Lathliss, Dragon Queen, Drakuseth, Maw of Flames"
Dracur,Shandalar Enemy Deck,Other,PAST,1997-04-01,4011.68,"Mox Emerald, Mountain, Strip Mine, Desert Twister, Fellwar Stone"
Dragon's Endgame,San Diego Comic Con Promos,Other,PS19,2019-07-18,213.0,"Nicol Bolas, Dragon-God, God-Eternal Oketra, God-Eternal Bontu, God-Eternal Kefnet, God-Eternal Rhonas"
Dragon's Fire,Arena Starter Deck,Other,M19,2018-09-27,12.75,"Lathliss, Dragon Queen, Goblin Instigator, Charging Monstrosaur, Spit Flame, Demanding Dragon"
Dragon's Maze Foil Redemption,MTGO Redemption,Other,DGM,2013-06-02,230.05,"Hidden Strings, Render Silent, Voice of Resurgence, Progenitor Mimic, Blood Baron of Vizkopa"
Dragon's Maze Redemption,MTGO Redemption,Other,DGM,2013-06-02,230.05,"Hidden Strings, Render Silent, Voice of Resurgence, Progenitor Mimic, Blood Baron of Vizkopa"
Dragons,Duel Deck,Other,DDG,2011-04-01,21.15,"Seething Song, Dragonspeaker Shaman, Bloodmark Mentor, Bogardan Hellkite, Kilnmouth Dragon"
Dragons (1),Jumpstart,Other,J25,2024-11-07,0.0,"Lathliss, Dragon Queen, Carnelian Orb of Dragonkind, Seize the Spoils, Firespitter Whelp, Dragon's Fire"
Dragons (2),Jumpstart,Other,J25,2024-11-07,1.16,"Sarkhan, Fireblood, Lathliss, Dragon Queen, Seize the Spoils, Firespitter Whelp, Dragon's Fire"
Dragons 1,Jumpstart,Other,J22,2022-12-02,0.0,"Sarkhan, the Dragonspeaker, Dragon Mage, Thriving Bluff, Dragon Egg, Sarkhan's Whelp"
Dragons 2,Jumpstart,Other,J22,2022-12-02,3.91,"Dragonspeaker Shaman, Lathliss, Dragon Queen, Dragon's Hoard, Dragon Mage, Dragonlord's Servant"
Dragons of Tarkir Fat Pack Land Pack,Bundle Land Pack,Other,DTK,2015-03-27,6.69,"Plains, Island, Forest, Mountain, Swamp"
Dragons of Tarkir Foil Redemption,MTGO Redemption,Other,DTK,2015-04-26,399.98,"Shaman of Forgotten Ways, Haven of the Spirit Dragon, Dragonlord Dromoka, Sarkhan Unbroken, Narset Transcendent"
Dragons of Tarkir Redemption,MTGO Redemption,Other,DTK,2015-04-26,399.98,"Shaman of Forgotten Ways, Haven of the Spirit Dragon, Dragonlord Dromoka, Sarkhan Unbroken, Narset Transcendent"
Draw Your Hand,Secret Lair Drop,Other,SLD,2023-04-14,67.07,"Counterbalance, Deafening Silence, Eldrazi Conscription, Bruna, Light of Alabaster"
Draw Your Hand Foil Edition,Secret Lair Drop,Other,SLD,2023-04-14,67.07,"Counterbalance, Deafening Silence, Eldrazi Conscription, Bruna, Light of Alabaster"
Dreaming Darkly,Secret Lair Drop,Other,SLD,2025-10-27,41.49,"Guardian Project, Glen Elendra Archmage, Soulherder, Roon of the Hidden Realm"
Dreaming Darkly Foil Edition,Secret Lair Drop,Other,SLD,2025-10-27,41.49,"Guardian Project, Glen Elendra Archmage, Soulherder, Roon of the Hidden Realm"
Drowned (1),Jumpstart,Other,J25,2024-11-07,1.76,"Neerdiv, Devious Diver, Ipnu Rivulet, Wall of Lost Thoughts, Shipwreck Dowser, Island"
Drowned (2),Jumpstart,Other,J25,2024-11-07,1.76,"Neerdiv, Devious Diver, Cackling Counterpart, Waker of Waves, Wall of Lost Thoughts, Island"
Druid,Shandalar Enemy Deck,Other,PAST,1997-04-01,204.87,"Mishra's Factory, Killer Bees, Oasis, Nafs Asp, Instill Energy"
Dungeon Delving,Arena Starter Deck,Other,AFR,2021-09-24,9.54,"Brightclimb Pathway // Grimclimb Pathway, Acererak the Archlich, Triumphant Adventurer, Vanishing Verse, Nullpriest of Oblivion"
Dungeons & Dragons: An Exhibition of Adventure,Secret Lair Drop,Other,SLD,2024-08-28,98.91,"Goldspan Dragon, Ponder, Monster Manual // Zoological Study, Acererak the Archlich, Faithless Looting"
Dungeons & Dragons: An Exhibition of Adventure Foil Edition,Secret Lair Drop,Other,SLD,2024-08-28,98.91,"Goldspan Dragon, Ponder, Monster Manual // Zoological Study, Acererak the Archlich, Faithless Looting"
Dungeons & Dragons: Astarion's Thirst,Secret Lair Drop,Other,SLD,2024-08-28,143.25,"Exquisite Blood, Astarion, the Decadent, Sanguine Bond, Anguished Unmaking, Mortify"
Dungeons & Dragons: Astarion's Thirst Foil Edition,Secret Lair Drop,Other,SLD,2024-08-28,143.25,"Exquisite Blood, Astarion, the Decadent, Sanguine Bond, Anguished Unmaking, Mortify"
Dungeons & Dragons: Black Lights & Dark Dungeons,Secret Lair Drop,Other,SLD,2026-03-02,98.06,"Displacer Kitten, Tortured Existence, Seasoned Dungeoneer, Sefris of the Hidden Ways"
Dungeons & Dragons: Black Lights & Dark Dungeons Foil Edition,Secret Lair Drop,Other,SLD,2026-03-02,98.06,"Displacer Kitten, Tortured Existence, Seasoned Dungeoneer, Sefris of the Hidden Ways"
Dungeons & Dragons: Death is in the Eyes of the Beholder I,Secret Lair Drop,Other,SLD,2024-08-28,36.63,"Stifle, Bribery, Xanathar, Guild Kingpin, Blood Money, Drown in the Loch"
Dungeons & Dragons: Death is in the Eyes of the Beholder I Foil Edition,Secret Lair Drop,Other,SLD,2024-08-28,36.63,"Stifle, Bribery, Xanathar, Guild Kingpin, Blood Money, Drown in the Loch"
Dungeons & Dragons: Death is in the Eyes of the Beholder II,Secret Lair Drop,Other,SLD,2024-08-28,44.18,"Karazikar, the Eye Tyrant, Snuff Out, Fire Covenant, Oubliette, Defile"
Dungeons & Dragons: Death is in the Eyes of the Beholder II Foil Edition,Secret Lair Drop,Other,SLD,2024-08-28,44.18,"Karazikar, the Eye Tyrant, Snuff Out, Fire Covenant, Oubliette, Defile"
Dungeons & Dragons: Gale's Ambition,Secret Lair Drop,Other,SLD,2026-03-02,30.31,"Arcane Denial, Personal Tutor, Archmage's Charm, Brainstorm, Gale, Waterdeep Prodigy"
Dungeons & Dragons: Gale's Ambition Foil Edition,Secret Lair Drop,Other,SLD,2026-03-02,30.31,"Arcane Denial, Personal Tutor, Archmage's Charm, Brainstorm, Gale, Waterdeep Prodigy"
Dungeons & Dragons: Honor Among Thieves,Secret Lair Drop,Other,SLD,2023-03-31,94.73,"Casal, Lurkwood Pathfinder // Casal, Pathbreaker Owlbear, Bohn, Beguiling Balladeer, Rashel, Fist of Torm, Evin, Waterdeep Opportunist, Mathise, Surge Channeler"
Dungeons & Dragons: Honor Among Thieves Foil Edition,Secret Lair Drop,Other,SLD,2023-03-31,94.73,"Casal, Lurkwood Pathfinder // Casal, Pathbreaker Owlbear, Bohn, Beguiling Balladeer, Rashel, Fist of Torm, Evin, Waterdeep Opportunist, Mathise, Surge Channeler"
Dungeons & Dragons: Karlach's Rage,Secret Lair Drop,Other,SLD,2024-08-28,125.83,"Karlach, Fury of Avernus, Dolmen Gate, City on Fire, Stranglehold, Thrill of Possibility"
Dungeons & Dragons: Karlach's Rage Foil Edition,Secret Lair Drop,Other,SLD,2024-08-28,125.83,"Karlach, Fury of Avernus, Dolmen Gate, City on Fire, Stranglehold, Thrill of Possibility"
Dungeons & Dragons: Lands of the Forgotten Realms,Secret Lair Drop,Other,SLD,2026-03-02,33.92,"Swamp, Island, Forest, Mountain, Plains"
Dungeons & Dragons: Lands of the Forgotten Realms Foil Edition,Secret Lair Drop,Other,SLD,2026-03-02,33.92,"Swamp, Island, Forest, Mountain, Plains"
Dungeons & Dragons: Shadowheart's Devotion,Secret Lair Drop,Other,SLD,2026-03-02,72.2,"Ancient Bronze Dragon, Shadowheart, Dark Justiciar, Beseech the Queen, Victimize, Black Market"
Dungeons & Dragons: Shadowheart's Devotion Foil Edition,Secret Lair Drop,Other,SLD,2026-03-02,72.2,"Ancient Bronze Dragon, Shadowheart, Dark Justiciar, Beseech the Queen, Victimize, Black Market"
Dungeons & Dragons: Shadows Over Baldur's Gate,Secret Lair Drop,Other,SLD,2026-03-02,53.55,"Grim Hireling, Prosper, Tome-Bound, Xorn, Wild-Magic Sorcerer"
Dungeons & Dragons: Shadows Over Baldur's Gate Foil Edition,Secret Lair Drop,Other,SLD,2026-03-02,53.55,"Grim Hireling, Prosper, Tome-Bound, Xorn, Wild-Magic Sorcerer"
Dungeons & Dragons: Strahd's Descent,Secret Lair Drop,Other,SLD,2026-03-02,57.22,"Bloodletter of Aclazotz, Strefan, Maurer Progenitor, End the Festivities, Voldaren Estate"
Dungeons & Dragons: Strahd's Descent Foil Edition,Secret Lair Drop,Other,SLD,2026-03-02,57.22,"Bloodletter of Aclazotz, Strefan, Maurer Progenitor, End the Festivities, Voldaren Estate"
Dungeons & Dragons: Whispers in Candlekeep,Secret Lair Drop,Other,SLD,2026-03-02,77.6,"Miirym, Sentinel Wyrm, Klauth, Unrivaled Ancient, Counterspell, Dragonborn Champion"
Dungeons & Dragons: Whispers in Candlekeep Foil Edition,Secret Lair Drop,Other,SLD,2026-03-02,77.6,"Miirym, Sentinel Wyrm, Klauth, Unrivaled Ancient, Counterspell, Dragonborn Champion"
Duskmourn: House of Horror Bundle Land Pack,Bundle Land Pack,Other,DSK,2024-09-27,0.0,"Swamp, Swamp, Forest, Forest, Mountain"
Duskmourn: House of Horror Redemption,MTGO Redemption,Other,DSK,2024-10-16,306.61,"Overlord of the Balemurk, Valgavoth, Terror Eater, Abhorrent Oculus, Enduring Vitality, Enduring Tenacity"
Dwarf Fortress: Create New World,Secret Lair Drop,Other,SLD,2026-05-12,31.96,"Terror of the Peaks, Rogue's Passage, Communal Brewing, Secret Rendezvous, Rune-Scarred Demon"
Dwarf Fortress: Create New World Foil Edition,Secret Lair Drop,Other,SLD,2026-05-12,31.96,"Terror of the Peaks, Rogue's Passage, Communal Brewing, Secret Rendezvous, Rune-Scarred Demon"
EVERYTHING IS ON FIRE,Secret Lair Drop,Other,SLD,2025-05-13,48.78,"Dragon's Rage Channeler, Chain Lightning, Lava Spike, Rift Bolt, Skewer the Critics"
EVERYTHING IS ON FIRE Foil Edition,Secret Lair Drop,Other,SLD,2025-05-13,48.78,"Dragon's Rage Channeler, Chain Lightning, Lava Spike, Rift Bolt, Skewer the Critics"
EVERYTHING IS ON FIRE Raised Foil Edition,Secret Lair Drop,Other,SLD,2025-05-13,71.86,"Dragon's Rage Channeler, Rift Bolt, Lava Spike, Skewer the Critics, Chain Lightning"
Ears of the Elves,Duel Of The Planeswalkers Deck,Other,DPA,2010-06-04,57.04,"Coat of Arms, Elvish Champion, Elvish Promenade, Lys Alana Huntmaster, Immaculate Magistrate"
Earth Kingdom (1),Jumpstart,Other,TLE,2025-11-20,5.63,"Descendants' Path, Match the Odds, Forest, Thriving Grove, Toph, the Blind Bandit"
Earth Kingdom (2),Jumpstart,Other,TLE,2025-11-20,6.58,"Descendants' Path, Great Divide Guide, Origin of Metalbending, Forest, Earth Kingdom General"
Earth Rumble (1),Jumpstart,Other,TLE,2025-11-20,1.85,"Master's Guidance, Forest, The Boulder, Ready to Rumble, Earth Rumble, Thriving Grove"
Earth Rumble (2),Jumpstart,Other,TLE,2025-11-20,8.39,"Bosco, Just a Bear, Master's Guidance, The Earth King, Origin of Metalbending, Frog-Squirrels"
Earth Shakers,Starter Kit,Other,SNC,2022-06-03,2.24,"Glorious Sunrise, Thundering Raiju, Topiary Stomper, Ascendant Packleader, Abrade"
Earthbending (1),Jumpstart,Other,TLE,2025-11-20,6.14,"Earthbender Ascension, Explore, Inspiring Call, Forest, Earth Kingdom General"
Earthbending (2),Jumpstart,Other,TLE,2025-11-20,16.22,"Tale of Katara and Toph, Solid Ground, Explore, Frog-Squirrels, Forest"
Edge of Eternities Bundle Land Pack,Bundle Land Pack,Other,EOE,2025-08-01,14.94,"Mountain, Mountain, Swamp, Swamp, Island"
Edge of Eternities Redemption,MTGO Redemption,Other,EOE,2025-08-27,291.51,"Quantum Riddler, Ouroboroid, Tezzeret, Cruel Captain, Evendo, Waking Haven, Exalted Sunborn"
Eerie,Theme Deck,Other,SOS,2026-04-24,13.37,"Enduring Innocence, Sheltered by Ghosts, Silent Hallcreeper, Valgavoth's Lair, Ethereal Armor"
Eighth Edition Foil Redemption,MTGO Redemption,Other,8ED,2003-08-27,2320.36,"Grave Pact, Birds of Paradise, City of Brass, Intruder Alarm, Mana Clash"
Eighth Edition Redemption,MTGO Redemption,Other,8ED,2003-08-27,2320.36,"Grave Pact, Birds of Paradise, City of Brass, Intruder Alarm, Mana Clash"
Eldraine Wonderland,Secret Lair Drop,Other,SLD,2019-12-04,32.28,"Snow-Covered Island, Snow-Covered Forest, Snow-Covered Plains, Snow-Covered Swamp, Snow-Covered Mountain"
Eldrazi,Deck Builder's Toolkit,Other,ROE,2010-05-21,45.42,"Emrakul's Hatcher, Artisan of Kozilek, Hand of Emrakul, Pathrazer of Ulamog, Brood Birthing"
Eldrazi Arisen,Intro Pack,Other,ROE,2010-04-23,55.38,"Awakening Zone, Hand of Emrakul, Growth Spasm, Ulamog's Crusher, Pathrazer of Ulamog"
Eldrazi Assault,Intro Pack,Other,BFZ,2015-10-02,2.38,"Nettle Drone, Forerunner of Slaughter, Vile Aggregate, Touch of the Void, Evolving Wilds"
Eldritch Moon Foil Redemption,MTGO Redemption,Other,EMN,2016-08-21,282.75,"Emrakul, the Promised End, Gisela, the Broken Blade // Brisela, Voice of Nightmares, Sigarda's Aid, Geier Reach Sanitarium, Tree of Perdition"
Eldritch Moon Redemption,MTGO Redemption,Other,EMN,2016-08-21,282.75,"Emrakul, the Promised End, Gisela, the Broken Blade // Brisela, Voice of Nightmares, Sigarda's Aid, Geier Reach Sanitarium, Tree of Perdition"
Eldritch Onslaught,Intro Pack,Other,ISD,2011-09-30,20.08,"Ghoulcaller's Bell, Think Twice, Mountain, Island, Charmbreaker Devils"
Elemental Thunder,Planechase Deck,Other,HOP,2009-09-04,25.98,"Flamekin Harbinger, Relentless Assault, Mage Slayer, Taurean Mauler, Forest"
Elementalist,Shandalar Enemy Deck,Other,PAST,1997-04-01,358.16,"Mountain, Mana Vault, Energy Flux, Unstable Mutation, Drain Power"
Elementals' Path,Theme Deck,Other,LRW,2007-10-12,255.76,"Springleaf Drum, Horde of Notions, Flamekin Harbinger, Island, Swamp"
Elspeth,Duel Deck,Other,DDF,2010-09-03,15.84,"Elspeth, Knight-Errant, Swords to Plowshares, Catapult Master, Abolish, Kor Skyfisher"
Elven 1,Jumpstart,Other,LTR,2023-11-03,7.42,"Entish Restoration, Lembas, Mirkwood Channeler, Stew the Coneys, Shower of Arrows"
Elven 2,Jumpstart,Other,LTR,2023-11-03,1.14,"Mirkwood Channeler, Mirkwood Spider, Revive the Shire, Stew the Coneys, Forest"
Elves,Theme Deck,Other,PSAL,2005-08-01,0.0,"Forest, Forest, Forest, Forest, Forest"
Elves (1),Jumpstart,Other,JMP,2020-07-17,19.75,"Craterhoof Behemoth, Elvish Archdruid, Llanowar Visionary, Presence of Gond, Thriving Grove"
Elves (2),Jumpstart,Other,JMP,2020-07-17,49.42,"Allosaurus Shepherd, Llanowar Visionary, Presence of Gond, Thriving Grove, Forest"
Elves (3),Jumpstart,Other,J25,2024-11-07,12.61,"Dionus, Elvish Archdruid, Marwyn, the Nurturer, Llanowar Elves, Go Forth, Llanowar Visionary"
Elves (4),Jumpstart,Other,J25,2024-11-07,13.4,"Dionus, Elvish Archdruid, Tyvar Kell, Llanowar Elves, Voice of the Woods, Paradise Druid"
Elves 1,Jumpstart,Other,J22,2022-12-02,4.58,"Elvish Warmaster, Primeval Herald, Reclamation Sage, Thriving Grove, Elvish Rejuvenator"
Elves 2,Jumpstart,Other,J22,2022-12-02,0.0,"Primeval Herald, Imperious Perfect, Thriving Grove, Elvish Rejuvenator, Elven Bow"
Elves 3,Jumpstart,Other,J22,2022-12-02,21.4,"Wolverine Riders, Lys Alana Huntmaster, Instruments of War, Thriving Grove, Woodland Champion"
Elves 4,Jumpstart,Other,J22,2022-12-02,0.0,"Presence of Gond, Wildborn Preserver, Thriving Grove, Woodland Champion, Elvish Rejuvenator"
Elves!,Deck Builder's Toolkit,Other,ROE,2010-05-21,6.81,"Llanowar Elves, Greenweaver Druid, Pennon Blade, Overrun, Nissa's Chosen"
Elvish Magi,Shandalar Enemy Deck,Other,PAST,1997-04-01,39.94,"Winter Blast, Elven Riders, Untamed Wilds, Jayemdae Tome, Elvish Archers"
Elvish Predation,Theme Deck,Other,LRW,2007-10-12,184.55,"Elvish Promenade, Prowess of the Fair, Elvish Harbinger, Nath of the Gilt-Leaf, Swamp"
Elvish Rage,Theme Deck,Other,LGN,2003-02-03,218.86,"Wellwisher, Tribal Forcemage, Timberwatch Elf, Wirewood Channeler, Birchlore Rangers"
Enchanted (1),Jumpstart,Other,J25,2024-11-07,0.0,"Spirited Companion, Chosen by Heliod, Eidolon of Astral Winds, Thriving Heath, Psemilla, Meletian Poet"
Enchanted (2),Jumpstart,Other,JMP,2020-07-17,10.71,"Celestial Mantle, Plains, Ajani's Chosen, Trusty Retriever, Plains"
Enchanted (3),Jumpstart,Other,J25,2024-11-07,0.0,"Nykthos Paragon, Starfield Mystic, Thriving Heath, Psemilla, Meletian Poet, Serra's Embrace"
Enchanted (4),Jumpstart,Other,J25,2024-11-07,0.0,"Archon of Sun's Grace, Spirited Companion, Angelic Gift, Thriving Heath, Psemilla, Meletian Poet"
Enchanter,Theme Deck,Other,UDS,1999-06-07,391.62,"Mother of Runes, Sigil of Sleep, Miscalculation, Rayne, Academy Chancellor, Thran Golem"
Enchanter - Enhanced Deck,Enhanced Deck,Other,UDS,1999-06-07,344.55,"Mother of Runes, Time Spiral, Miscalculation, Rayne, Academy Chancellor, Ertai, Wizard Adept"
Enchantress,Shandalar Enemy Deck,Other,PAST,1997-04-01,92.91,"Desert Twister, Ivory Tower, Library of Leng, Coral Helm, Verduran Enchantress"
Encounter (1),Jumpstart,Other,J25,2024-11-07,0.0,"Forgotten Ancient, Mowu, Loyal Companion, Biogenic Upgrade, Duskshell Crawler, Jiang Yanggu, Wildcrafter"
Encounter (2),Jumpstart,Other,J25,2024-11-07,0.0,"Mowu, Loyal Companion, Oran-Rief Ooze, Duskshell Crawler, Jiang Yanggu, Wildcrafter, Deepwood Denizen"
Encounter (3),Jumpstart,Other,J25,2024-11-07,0.0,"Mowu, Loyal Companion, Biogenic Upgrade, Duskshell Crawler, Jiang Yanggu, Wildcrafter, Rishkar, Peema Renegade"
Encounter (4),Jumpstart,Other,J25,2024-11-07,0.0,"Primeval Bounty, Mowu, Loyal Companion, Quirion Beastcaller, Gnarlid Colony, Jiang Yanggu, Wildcrafter"
Endless Hordes,Game Night Deck,Other,GN2,2019-11-15,23.47,"Vilis, Broker of Blood, Dread Presence, Blood for Bones, Calculating Lich, Liliana's Mastery"
Endless March,Theme Deck,Other,PLC,2007-02-02,98.68,"Children of Korlis, Dawn Charm, Dust Elemental, Fatal Frenzy, Dead // Gone"
Enemy Deck,Enemy Deck,Other,TMT,2026-03-06,0.0,
Enlightened Mastery,Intro Pack,Other,DTK,2015-03-27,4.04,"Plains, Island, Island, Island, Ojutai Monument"
Entangling Webs,Intro Pack,Other,M12,2011-07-15,19.49,"Hunter's Insight, Rampant Growth, Fling, Mountain, Mountain"
Eons of Evil,Theme Deck,Other,PS11,2011-01-01,0.0,"Terramorphic Expanse, Terror, Acolyte of Xathrid, Deathbringer Thoctar, Garza Zol, Plague Queen"
Equipped,Jumpstart,Other,MSH,2026-06-26,10.24,"Captain America, Liberator, Captain America's Shield, Origin of Captain America, Bucky Barnes, Eager Ally, Infinity Formula"
"Eric Tam, Quarterfinalist",Pro Tour Deck,Other,PTC,1996-05-01,127.71,"City of Brass, Land Tax, Lightning Bolt, Birds of Paradise, Mountain"
Eruption,Theme Deck,Other,NEM,2000-02-14,261.98,"Seal of Cleansing, Thunderclap, Seal of Fire, Volcanic Wind, Disenchant"
Eruption - Enhanced Deck,Enhanced Deck,Other,NEM,2000-02-14,185.37,"Seal of Cleansing, Seal of Fire, Ring of Gix, Armageddon, Reckless Abandon"
Esper Air Assault,Intro Pack,Other,CON,2009-02-06,34.08,"Terramorphic Expanse, Island, Swamp, Arcane Sanctum, Inkwell Leviathan"
Esper Artifice,Intro Pack,Other,ALA,2008-10-03,49.57,"Sharding Sphinx, Etherium Sculptor, Island, Filigree Sages, Swamp"
Eternal Siege,Intro Pack,Other,ARB,2009-04-30,41.48,"Terramorphic Expanse, Plains, Path to Exile, Knight of New Alara, Forest"
Eternal Thirst,Arena Starter Deck,Other,M19,2018-09-27,49.69,"Resplendent Angel, Ajani's Welcome, Leonin Warleader, Legion Lieutenant, Sanctum Seeker"
Eventide Foil Redemption,MTGO Redemption,Other,EVE,2008-08-24,1823.82,"Bloom Tender, Ward of Bones, Crumbling Ashes, Ashling, the Extinguisher, Banishing Knack"
Eventide Redemption,MTGO Redemption,Other,EVE,2008-08-24,1823.82,"Bloom Tender, Ward of Bones, Crumbling Ashes, Ashling, the Extinguisher, Banishing Knack"
Every Dog Has Its Day,Secret Lair Drop,Other,SLD,2020-08-26,61.48,"Lightning Greaves, Ancient Grudge, Rest in Peace, Dig Through Time"
Every Dog Has Its Day Foil Edition,Secret Lair Drop,Other,SLD,2020-08-26,61.48,"Lightning Greaves, Ancient Grudge, Rest in Peace, Dig Through Time"
Evincar's Tyranny,Theme Deck,Other,10E,2007-07-13,27.49,"Ascendant Evincar, Mortivore, Diabolic Tutor, Terror, Cruel Edict"
Exalted,Deck Builder's Toolkit,Other,M13,2012-07-13,5.86,"Knight of Glory, Knight of Infamy, Duty-Bound Dead, Guardians of Akrasa, Angelic Benediction"
Exiler,MTGO Theme Deck,Other,TD0,2010-11-08,0.0,"Stoneforge Mystic, Jötun Grunt, Mangara of Corondor, Serra Avenger, Ethersworn Canonist"
Expendable 1,Jumpstart,Other,MOM,2023-04-20,1.2,"Terror of Towashi, Swamp, Scorn-Blade Berserker, Seer of Stolen Sight, Injector Crocodile"
Expendable 2,Jumpstart,Other,MOM,2023-04-20,3.24,"Corrupted Conviction, Terror of Towashi, Swamp, Scorn-Blade Berserker, Seer of Stolen Sight"
Experimental 1,Jumpstart,Other,J22,2022-12-02,4.3,"Mizzix, Replica Rider, Ignite the Future, Young Pyromancer, Thermo-Alchemist, Thriving Bluff"
Experimental 2,Jumpstart,Other,J22,2022-12-02,4.3,"Mizzix, Replica Rider, Thermo-Alchemist, Thriving Bluff, Spark of Creativity, Mountain"
Explorers (1),Jumpstart,Other,J25,2024-11-07,1.95,"Tireless Provisioner, Explore, Braulios of Pheres Band, Go Forth, Slimy Piper"
Explorers (2),Jumpstart,Other,J25,2024-11-07,0.0,"Explore, Primeval Herald, Tireless Tracker, Braulios of Pheres Band, Go Forth"
Explorers (3),Jumpstart,Other,J25,2024-11-07,0.0,"Explore, Braulios of Pheres Band, Somberwald Beastmaster, Go Forth, Slimy Piper"
Explorers (4),Jumpstart,Other,J25,2024-11-07,0.0,"Explore, Primeval Herald, Braulios of Pheres Band, Go Forth, Slimy Piper"
Expulsion,Theme Deck,Other,8ED,2003-07-28,24.48,"Megrim, Larceny, Swamp, Swamp, Swamp"
Extra Life 2020,Secret Lair Drop,Other,SLD,2020-11-06,135.17,"Amulet of Vigor, Teferi's Protection, Consecrated Sphinx, Collected Company"
Extra Life 2021,Secret Lair Drop,Other,SLD,2022-01-28,58.28,"Craterhoof Behemoth, Craterhoof Behemoth, Metalwork Colossus, Metalwork Colossus, Mulldrifter"
Extra Life 2021 Foil Edition,Secret Lair Drop,Other,SLD,2022-01-28,58.28,"Craterhoof Behemoth, Craterhoof Behemoth, Metalwork Colossus, Metalwork Colossus, Mulldrifter"
Extra Life 2022,Secret Lair Drop,Other,SLD,2022-11-04,156.61,"Sliver Legion, Sliver Legion, Birds of Paradise, Birds of Paradise, Lathliss, Dragon Queen"
Extra Life 2022 Foil Edition,Secret Lair Drop,Other,SLD,2022-11-04,156.61,"Sliver Legion, Sliver Legion, Birds of Paradise, Birds of Paradise, Lathliss, Dragon Queen"
Eyes of Shadow,Duel Of The Planeswalkers Deck,Other,DPA,2010-06-04,23.11,"The Rack, Megrim, Underworld Dreams, Ascendant Evincar, Ravenous Rats"
FINAL FANTASY: Game Over,Secret Lair Drop,Other,SLD,2025-06-10,76.57,"Toxic Deluge, Temporal Extortion, Praetor's Grasp, Star of Extinction, Day of Judgment"
FINAL FANTASY: Game Over Foil Edition,Secret Lair Drop,Other,SLD,2025-06-10,76.57,"Toxic Deluge, Temporal Extortion, Praetor's Grasp, Star of Extinction, Day of Judgment"
FINAL FANTASY: Grimoire,Secret Lair Drop,Other,SLD,2025-06-10,62.97,"Cyclonic Rift, Heroic Intervention, Lightning Bolt, Damn, Prismatic Ending"
FINAL FANTASY: Grimoire Foil Edition,Secret Lair Drop,Other,SLD,2025-06-10,62.97,"Cyclonic Rift, Heroic Intervention, Lightning Bolt, Damn, Prismatic Ending"
FINAL FANTASY: Weapons,Secret Lair Drop,Other,SLD,2025-06-10,76.48,"Sword of Truth and Justice, Umezawa's Jitte, Colossus Hammer, Blade of Selves, Staff of the Storyteller"
FINAL FANTASY: Weapons Foil Edition,Secret Lair Drop,Other,SLD,2025-06-10,76.48,"Sword of Truth and Justice, Umezawa's Jitte, Colossus Hammer, Blade of Selves, Staff of the Storyteller"
FORTNITE,Secret Lair Drop,Other,SLD,2022-09-02,129.44,"Triumph of the Hordes, Grim Tutor, Etherium Sculptor, Smuggler's Copter, Planar Bridge"
FORTNITE Foil Edition,Secret Lair Drop,Other,SLD,2022-09-02,129.44,"Triumph of the Hordes, Grim Tutor, Etherium Sculptor, Smuggler's Copter, Planar Bridge"
FORTNITE: Landmarks and Locations,Secret Lair Drop,Other,SLD,2022-09-02,49.76,"Island, Forest, Swamp, Mountain, Plains"
FORTNITE: Landmarks and Locations Foil Edition,Secret Lair Drop,Other,SLD,2022-09-02,49.76,"Island, Forest, Swamp, Mountain, Plains"
Face the Hydra,Challenge Deck,Other,TFTH,2013-10-19,20.63,"Savage Vigor Head, Shrieking Titan Head, Snapping Fang Head, Noxious Hydra Breath, Ravenous Brute Head"
Faerie Pranks,Arena Starter Deck,Other,OTJ,2024-07-08,95.95,"Roaming Throne, Undercity Sewers, Talion, the Kindly Lord, Three Steps Ahead, Faerie Slumber Party"
"Faerie, Faerie, Faerie Rad",Secret Lair Drop,Other,SLD,2021-04-13,124.79,"Glen Elendra Archmage, Spellstutter Sprite, Vendilion Clique, Mistbind Clique"
Faeries 1,Jumpstart,Other,J22,2022-12-02,13.35,"Spellstutter Sprite, Vendilion Clique, Wavebreak Hippocamp, Instruments of War, Glen Elendra Pranksters"
Faeries 2,Jumpstart,Other,J22,2022-12-02,8.76,"Spellstutter Sprite, Faerie Seer, Stolen by the Fae, Instruments of War, Glen Elendra Pranksters"
Fallout: Beyond Vault 33,Secret Lair Drop,Other,SLD,2026-02-16,26.96,"The Ghoul, Gunslinger, Lucy MacLean, Positively Armed, Pre-War Formalwear, Spirit Mantle, Maximus, Knight Apparent"
Fallout: Beyond Vault 33 Foil Edition,Secret Lair Drop,Other,SLD,2026-02-16,26.96,"The Ghoul, Gunslinger, Lucy MacLean, Positively Armed, Pre-War Formalwear, Spirit Mantle, Maximus, Knight Apparent"
Fallout: Greet the Dog,Secret Lair Drop,Other,SLD,2026-02-16,42.47,"Arcane Signet, Sol Ring, Yoshimaru, Ever Faithful, Patchwork Banner, Lightning Greaves"
Fallout: Greet the Dog Foil Edition,Secret Lair Drop,Other,SLD,2026-02-16,42.47,"Arcane Signet, Sol Ring, Yoshimaru, Ever Faithful, Patchwork Banner, Lightning Greaves"
Fallout: Points of Interest,Secret Lair Drop,Other,SLD,2024-04-15,83.32,"Reflecting Pool, Bojuka Bog, Reliquary Tower, Command Beacon, Fabled Passage"
Fallout: Points of Interest Foil Edition,Secret Lair Drop,Other,SLD,2024-04-15,112.11,"Bojuka Bog, Reliquary Tower, Reflecting Pool, Command Beacon, Fabled Passage"
Fallout: Rad,Secret Lair Drop,Other,SLD,2026-02-16,58.06,"Mesmeric Orb, Mindcrank, The Wise Mothman, Mutational Advantage, Ripples of Potential"
Fallout: Rad Foil Edition,Secret Lair Drop,Other,SLD,2026-02-16,58.06,"Mesmeric Orb, Mindcrank, The Wise Mothman, Mutational Advantage, Ripples of Potential"
Fallout: SPECIAL,Secret Lair Drop,Other,SLD,2024-04-15,60.07,"Idyllic Tutor, Propaganda, Steelshaper's Gift, Anger, Elixir of Immortality"
Fallout: SPECIAL Foil Edition,Secret Lair Drop,Other,SLD,2024-04-15,66.66,"Propaganda, Idyllic Tutor, Steelshaper's Gift, Anger, Elixir of Immortality"
Fallout: Vault Boy,Secret Lair Drop,Other,SLD,2024-04-15,72.51,"Trinisphere, Grand Arbiter Augustin IV, Sphere of Resistance, Winter Orb"
Fallout: Vault Boy Foil Edition,Secret Lair Drop,Other,SLD,2024-04-15,67.85,"Trinisphere, Grand Arbiter Augustin IV, Winter Orb, Sphere of Resistance"
Fallout: Welcome to New Vegas,Secret Lair Drop,Other,SLD,2026-02-16,43.43,"Nuka-Cola Vending Machine, Isshin, Two Heavens as One, Tinybones, Trinket Thief, Caged Sun, The Deck of Many Things"
Fallout: Welcome to New Vegas Foil Edition,Secret Lair Drop,Other,SLD,2026-02-16,43.43,"Nuka-Cola Vending Machine, Isshin, Two Heavens as One, Tinybones, Trinket Thief, Caged Sun, The Deck of Many Things"
Fangs 1,Jumpstart,Other,J22,2022-12-02,9.36,"Rodolf Duskbringer, Creeping Bloodsucker, Falkenrath Noble, Oathsworn Vampire, Epicure of Blood"
Fangs 2,Jumpstart,Other,J22,2022-12-02,9.36,"Rodolf Duskbringer, Creeping Bloodsucker, Vampiric Rites, Falkenrath Noble, Oathsworn Vampire"
Fangs 3,Jumpstart,Other,J22,2022-12-02,8.05,"Creeping Bloodsucker, Blood Artist, Oathsworn Vampire, Ancient Craving, Tivash, Gloom Summoner"
Fangs 4,Jumpstart,Other,J22,2022-12-02,22.3,"Vito, Thorn of the Dusk Rose, Creeping Bloodsucker, Blood Artist, Oathsworn Vampire, Feast of Blood"
Fangs of the Bloodchief,Intro Pack,Other,WWK,2010-02-05,52.57,"Anowon, the Ruin Sage, Diabolic Tutor, Butcher of Malakir, Urge to Feed, Vampire Nighthawk"
Fangs of the Predator,Theme Deck,Other,PS11,2011-01-01,0.0,"Forest, Forest, Forest, Forest, Molimo, Maro-Sorcerer"
Fantastic,Jumpstart,Other,MSH,2026-06-26,31.55,"The Fantastic Four, Daily Bugle Newspaper, Farseek, Island, Mister Fantastic, Reed Richards"
"Far Out, Man",Secret Lair Drop,Other,SLD,2022-05-06,76.06,"Mystical Tutor, Counterspell, Fabricate, Fact or Fiction, Aether Gust"
"Far Out, Man Foil Edition",Secret Lair Drop,Other,SLD,2022-05-06,76.06,"Mystical Tutor, Counterspell, Fabricate, Fact or Fiction, Aether Gust"
Fate,Clash Pack,Other,M15,2014-07-18,37.93,"Aetherspouts, Prophet of Kruphix, Kiora's Follower, Curse of the Swine, Hypnotic Siren"
Fate Blaster,Theme Deck,Other,FUT,2007-05-04,219.42,"Dandân, Vedalken Aethermage, Mystic Speculation, Frozen Aether, Magus of the Future"
Fate Reforged Fat Pack Land Pack,Bundle Land Pack,Other,FRF,2015-01-23,1.32,"Island, Island, Forest, Plains, Plains"
Fate Reforged Foil Redemption,MTGO Redemption,Other,FRF,2015-02-22,200.25,"Merciless Executioner, Ugin, the Spirit Dragon, Temporal Trespass, Dark Deal, Atarka, World Render"
Fate Reforged Redemption,MTGO Redemption,Other,FRF,2015-02-22,226.16,"Merciless Executioner, Ugin, the Spirit Dragon, Temporal Trespass, Dark Deal, Atarka, World Render"
Fate and Fury,Clash Pack,Other,M15,2014-07-18,195.17,"Nykthos, Shrine to Nyx, Aetherspouts, Prophet of Kruphix, Kiora's Follower, Courser of Kruphix"
Fates Foreseen,Intro Pack,Other,JOU,2014-05-02,1.04,"Island, Interpret the Signs, Island, Island, Spite of Mogis"
Favors From Nyx,Intro Pack,Other,THS,2013-09-27,14.99,"Gift of Immortality, Plains, Swamp, Doom Blade, Swamp"
"Fblthp: Completely, Utterly, Totally Lost",Secret Lair Drop,Other,SLD,2022-05-06,65.83,"Frantic Search, Path to Exile, Intruder Alarm, Well of Lost Dreams, Shelldock Isle"
"Fblthp: Completely, Utterly, Totally Lost Foil Edition",Secret Lair Drop,Other,SLD,2022-05-06,65.83,"Frantic Search, Path to Exile, Intruder Alarm, Well of Lost Dreams, Shelldock Isle"
Fearless,Jumpstart,Other,MSH,2026-06-26,12.84,"Daredevil, Fearless Fighter, Elektra, Femme Fatale, Daredevil's Billy Club, Fogwell's Gym, Stick, Fearless Mentor"
Feast of Flesh,Intro Pack,Other,NPH,2011-05-13,98.76,"Whipflare, Mountain, Swamp, Swamp, Go for the Throat"
Feathered Friends (1),Jumpstart,Other,JMP,2020-07-17,0.0,"Plains, Steel-Plume Marshal, Warded Battlements, Aven Gagglemaster, Falconer Adept"
Feathered Friends (2),Jumpstart,Other,JMP,2020-07-17,0.0,"Angelic Ascension, Plains, Steel-Plume Marshal, Swift Response, Warded Battlements"
Feathered Friends (3),Jumpstart,Other,JMP,2020-07-17,2.08,"Angel of the Dire Hour, Plains, Swift Response, Warded Battlements, Aven Gagglemaster"
Feathered Friends (4),Jumpstart,Other,JMP,2020-07-17,0.0,"Plains, Warded Battlements, Aegis of the Heavens, Falconer Adept, Plains"
Featuring: Andrew MacLean,Secret Lair Drop,Other,SLD,2024-07-30,46.13,"Arbor Elf, Maelstrom Wanderer, Nirkana Revenant, Terastodon"
Featuring: Andrew MacLean Foil Edition,Secret Lair Drop,Other,SLD,2024-07-30,46.13,"Arbor Elf, Maelstrom Wanderer, Nirkana Revenant, Terastodon"
Featuring: Deathburger,Secret Lair Drop,Other,SLD,2025-07-29,55.43,"Goblin Engineer, Arcbound Ravager, Foundry Inspector, Ethersworn Canonist, Dance of the Manse"
Featuring: Deathburger Galaxy Foil Edition,Secret Lair Drop,Other,SLD,2025-07-29,55.43,"Goblin Engineer, Arcbound Ravager, Foundry Inspector, Ethersworn Canonist, Dance of the Manse"
Featuring: Gary Baseman,Secret Lair Drop,Other,SLD,2023-09-15,64.63,"Forest, Swamp, Island, Mountain, Plains"
Featuring: Gary Baseman Foil Edition,Secret Lair Drop,Other,SLD,2023-09-15,64.63,"Forest, Swamp, Island, Mountain, Plains"
Featuring: Imiri Sakabashira,Secret Lair Drop,Other,SLD,2025-06-10,43.66,"Consecrated Sphinx, Scion of Draco, Mirage Mirror, Resculpt"
Featuring: Imiri Sakabashira Foil Edition,Secret Lair Drop,Other,SLD,2025-06-10,43.66,"Consecrated Sphinx, Scion of Draco, Mirage Mirror, Resculpt"
Featuring: Jay Howell,Secret Lair Drop,Other,SLD,2025-05-13,65.88,"Treasonous Ogre, Uncivil Unrest, Agent of Treachery, Priest of Forgotten Gods, Marchesa, the Black Rose"
Featuring: Jay Howell Foil Edition,Secret Lair Drop,Other,SLD,2025-05-13,65.88,"Treasonous Ogre, Uncivil Unrest, Agent of Treachery, Priest of Forgotten Gods, Marchesa, the Black Rose"
Featuring: Julie Bell,Secret Lair Drop,Other,SLD,2024-07-10,59.53,"Coat of Arms, Elves of Deep Shadow, Soul Warden, Good-Fortune Unicorn, Shivan Dragon"
Featuring: Julie Bell Foil Edition,Secret Lair Drop,Other,SLD,2024-07-10,59.53,"Coat of Arms, Elves of Deep Shadow, Soul Warden, Good-Fortune Unicorn, Shivan Dragon"
Featuring: Kevin Eastman (Colors),Secret Lair Drop,Other,SLD,2026-03-03,43.57,"Sakashima's Student, Guttersnipe, Throat Slitter, Loxodon Gatekeeper"
Featuring: Kevin Eastman (Colors) Foil Edition,Secret Lair Drop,Other,SLD,2026-03-03,43.57,"Sakashima's Student, Guttersnipe, Throat Slitter, Loxodon Gatekeeper"
Featuring: Kevin Eastman (Inks),Secret Lair Drop,Other,SLD,2026-03-03,30.08,"Sakashima's Student, Throat Slitter, Guttersnipe, Loxodon Gatekeeper"
Featuring: Kevin Eastman (Inks) Foil Edition,Secret Lair Drop,Other,SLD,2026-03-03,30.08,"Sakashima's Student, Throat Slitter, Guttersnipe, Loxodon Gatekeeper"
Featuring: Luke Pearson,Secret Lair Drop,Other,SLD,2025-02-11,61.33,"Realmwalker, Bear Umbra, Witch of the Moors, Solemn Simulacrum"
Featuring: Luke Pearson Foil Edition,Secret Lair Drop,Other,SLD,2025-02-11,61.33,"Realmwalker, Bear Umbra, Witch of the Moors, Solemn Simulacrum"
Featuring: Mitsuhiro Arita,Secret Lair Drop,Other,SLD,2025-02-11,44.82,"Murktide Regent, Light-Paws, Emperor's Voice, Shorikai, Genesis Engine, Lightning Bolt"
Featuring: Mitsuhiro Arita Foil Edition,Secret Lair Drop,Other,SLD,2025-02-11,44.82,"Murktide Regent, Light-Paws, Emperor's Voice, Shorikai, Genesis Engine, Lightning Bolt"
Featuring: Not a Wolf,Secret Lair Drop,Other,SLD,2024-07-10,68.92,"Beastmaster Ascension, Tovolar, Dire Overlord // Tovolar, the Midnight Scourge, Second Harvest, Avabruck Caretaker // Hollowhenge Huntmaster, Howl of the Night Pack"
Featuring: Not a Wolf Foil Edition,Secret Lair Drop,Other,SLD,2024-07-10,68.92,"Beastmaster Ascension, Tovolar, Dire Overlord // Tovolar, the Midnight Scourge, Second Harvest, Avabruck Caretaker // Hollowhenge Huntmaster, Howl of the Night Pack"
Featuring: Peach Momoko,Secret Lair Drop,Other,SLD,2024-10-01,94.45,"Aetherize, Psychic Corrosion, Time Sieve, Visions of Beyond, Drown in Dreams"
Featuring: Peach Momoko Foil Edition,Secret Lair Drop,Other,SLD,2024-10-01,94.45,"Aetherize, Psychic Corrosion, Time Sieve, Visions of Beyond, Drown in Dreams"
Featuring: Phoebe Wahl,Secret Lair Drop,Other,SLD,2024-04-15,62.83,"Door of Destinies, Alela, Artful Provocateur, Swords to Plowshares, Dockside Chef, Faerie Artisans"
Featuring: Phoebe Wahl Foil Edition,Secret Lair Drop,Other,SLD,2024-04-15,71.68,"Door of Destinies, Alela, Artful Provocateur, Swords to Plowshares, Faerie Artisans, Dockside Chef"
Featuring: Stan Sakai,Secret Lair Drop,Other,SLD,2026-03-03,60.8,"Master of Ceremonies, Baylen, the Haymaker, Sunforger, Second Harvest, Felidar Retreat"
Featuring: Stan Sakai Foil Edition,Secret Lair Drop,Other,SLD,2026-03-03,60.8,"Master of Ceremonies, Baylen, the Haymaker, Sunforger, Second Harvest, Felidar Retreat"
Featuring: the Mountain Goats,Secret Lair Drop,Other,SLD,2023-08-29,46.56,"Mountain, Mountain, Mountain, Mountain, Mountain"
Featuring: the Mountain Goats Foil Edition,Secret Lair Drop,Other,SLD,2023-08-29,46.56,"Mountain, Mountain, Mountain, Mountain, Mountain"
Felix the Cat: Magic Bag of Tricks,Secret Lair Drop,Other,SLD,2026-06-16,38.81,"Barrowgoyf, Future Sight, Throes of Chaos, Mind's Eye, Time Stretch"
Felix the Cat: Magic Bag of Tricks Foil Edition,Secret Lair Drop,Other,SLD,2026-06-16,38.81,"Barrowgoyf, Future Sight, Throes of Chaos, Mind's Eye, Time Stretch"
Ferocious 1,Jumpstart,Other,J22,2022-12-02,7.6,"Rhonas the Indomitable, Colossal Majesty, Roar of Challenge, Ilysian Caryatid, Rampaging Growth"
Ferocious 2,Jumpstart,Other,J22,2022-12-02,2.98,"Goreclaw, Terror of Qal Sisma, Colossal Majesty, Roar of Challenge, Ilysian Caryatid, Thriving Grove"
Ferocious 3,Jumpstart,Other,J22,2022-12-02,5.74,"Prowling Serpopard, Colossal Majesty, Roar of Challenge, Ilysian Caryatid, Thriving Grove"
Ferocious 4,Jumpstart,Other,J22,2022-12-02,1.49,"Colossal Majesty, Bonders' Enclave, Towering Gibbon, Creeperhulk, Roar of Challenge"
Fiendish Nature,Theme Deck,Other,UDS,1999-06-07,292.09,"Phyrexian Reclamation, Pattern of Rebirth, Rancor, Yavimaya Elder, Splinter"
Fiendish Nature - Enhanced Deck,Enhanced Deck,Other,UDS,1999-06-07,313.24,"Recurring Nightmare, Pattern of Rebirth, Rancor, Engineered Plague, Yavimaya Elder"
Fiery 1,Jumpstart,Other,J22,2022-12-02,1.0,"Chandra, Flame's Fury, Thrill of Possibility, Spiteful Prankster, Chandra's Magmutt, Chandra's Pyrohelix"
Fiery 2,Jumpstart,Other,J22,2022-12-02,2.04,"Banefire, Thrill of Possibility, Magmatic Channeler, Chandra's Spitfire, Thriving Bluff"
Fiery 3,Jumpstart,Other,J22,2022-12-02,0.0,"Thrill of Possibility, Chandra's Spitfire, Thriving Bluff, Flame Lash, Ogre Battlecaster"
Fiery 4,Jumpstart,Other,J22,2022-12-02,0.0,"Thrill of Possibility, Chandra's Spitfire, Searing Spear, Thriving Bluff, Ogre Battlecaster"
Fiery Dawn,Intro Pack,Other,AVR,2012-05-04,33.95,"Cathars' Crusade, Goldnight Commander, Plains, Devout Chaplain, Incinerate"
Fiery Fury,MTGO Theme Deck,Other,WTH,2007-12-12,68.1,"Firestorm, Crystal Vein, Fireblast, Mountain, Mind Stone"
Fifth Dawn Foil Redemption,MTGO Redemption,Other,5DN,2004-07-04,2276.04,"Grinding Station, Mycosynth Golem, Beacon of Immortality, Eternal Witness, Krark-Clan Ironworks"
Fifth Dawn Redemption,MTGO Redemption,Other,5DN,2004-07-04,2276.04,"Grinding Station, Mycosynth Golem, Beacon of Immortality, Eternal Witness, Krark-Clan Ironworks"
Final Adventure,Challenger Deck,Other,Q04,2020-04-03,24.39,"Vraska, Golgari Queen, Fabled Passage, Knight of the Ebon Legion, Castle Locthwain, Midnight Reaper"
Final Fantasy Bundle Land Pack,Bundle Land Pack,Other,FIN,2025-06-13,2.58,"Wastes, Wastes, Island, Island, Swamp"
Finally! Left-Handed Magic Cards,Secret Lair Drop,Other,SLD,2022-08-05,81.05,"Rograkh, Son of Rohgahh, Empress Galina, Sisay, Weatherlight Captain, Garruk, Caller of Beasts, Geralf's Messenger"
Finally! Left-Handed Magic Cards Foil Edition,Secret Lair Drop,Other,SLD,2022-08-05,81.05,"Rograkh, Son of Rohgahh, Empress Galina, Sisay, Weatherlight Captain, Garruk, Caller of Beasts, Geralf's Messenger"
Finkel,Theme Deck,Other,DKM,2001-12-01,211.65,"Necropotence, Sulfurous Springs, Incinerate, Underground River, Dark Ritual"
Fire Nation,Jumpstart,Other,TLE,2025-11-20,15.87,"Longshot, Rebel Bowman, Storm of Memories, Zuko, Seeking Honor, Fists of Flame, Firebending Student"
Fire Surge,Intro Pack,Other,M14,2013-07-19,0.0,"Mountain, Island, Goblin Shortcutter, Mountain, Island"
Fire and Lightning,Premium Deck,Other,PD2,2010-11-19,18.51,"Price of Progress, Reverberate, Chain Lightning, Fireblast, Lightning Bolt"
Firebending (1),Jumpstart,Other,TLE,2025-11-20,4.54,"Reckless Blaze, Firebender Ascension, Thriving Bluff, Roku's Mastery, Loyal Fire Sage"
Firebending (2),Jumpstart,Other,TLE,2025-11-20,3.41,"Reckless Blaze, Thriving Bluff, Loyal Fire Sage, Zuko, Exiled Prince, Mountain"
Firebomber,Intro Pack,Other,M10,2009-07-17,43.59,"Earthquake, Lightning Bolt, Island, Sleep, Mountain"
Fireworks,Arena Starter Deck,Other,AFR,2021-09-24,13.0,"Riverglide Pathway // Lavaglide Pathway, Archmage Emeritus, Volatile Fjord, Demilich, Prismari Command"
Fixed Content,Deck Builder's Toolkit,Other,M15,2014-07-18,19.93,"Searing Blood, Elvish Mystic, Sign in Blood, Reclamation Sage, Voyaging Satyr"
Flames Of The Dragon,Intro Pack,Other,M15,2014-07-18,7.66,"Darksteel Citadel, Ensoul Artifact, Rogue's Gloves, Ornithopter, Wall of Frost"
Flames of Rath - Advanced Deck,Advanced Deck,Other,TMP,1997-10-14,123.61,"Reflecting Pool, Undiscovered Paradise, Gemstone Mine, Furnace of Rath, Ball Lightning"
Flash of Ferocity,Challenger Deck,Other,Q04,2020-04-03,16.67,"Fabled Passage, Brazen Borrower // Petty Theft, Spectral Sailor, Nightpack Ambusher, Wavebreak Hippocamp"
Flight of the Witch King,Box Set,Other,LTC,2023-11-03,81.41,"Call Forth the Tempest, Nazgûl Battle-Mace, Minas Morgul, Dark Fortress, Witch-king, Sky Scourge, Fell Beast of Mordor"
Flower Power,Secret Lair Drop,Other,SLD,2025-10-20,50.25,"Forest, Island, Mountain, Swamp, Plains"
Flower Power Foil Edition,Secret Lair Drop,Other,SLD,2025-10-20,50.25,"Forest, Island, Mountain, Swamp, Plains"
Flyover,Intro Pack,Other,WWK,2010-02-05,22.39,"Everflowing Chalice, Lightkeeper of Emeria, Kor Cartographer, Marshal's Anthem, Sleep"
Forest Dragon,Shandalar Enemy Deck,Other,PAST,1997-04-01,60.21,"Desert Twister, Sandstorm, Untamed Wilds, Crumble, Cockatrice"
Forest's Might,Arena Starter Deck,Other,ANB,2019-09-26,6.56,"Voracious Hydra, Gargos, Vicious Watcher, Season of Growth, Meteor Golem, Giant Growth"
Forest's Might 2,Arena Starter Deck,Other,ANB,2020-03-12,6.56,"Voracious Hydra, Gargos, Vicious Watcher, Season of Growth, Giant Growth, Aggressive Mammoth"
Forged in Battle,Intro Pack,Other,BNG,2014-02-07,6.4,"Searing Blood, Plains, Akroan Skyguard, Akroan Crusader, Elite Skirmisher"
Foundations Bundle Land Pack,Bundle Land Pack,Other,FDN,2024-11-15,3.18,"Swamp, Swamp, Plains, Plains, Mountain"
Freedom Fighters,Jumpstart,Other,TLE,2025-11-20,3.72,"The Duke, Rebel Sentry, Jet, Rebel Leader, Valorous Stance, Plains, Inspired Insurgent"
From the Vault: Angels,Box Set,Other,V15,2015-08-21,115.14,"Avacyn, Angel of Hope, Iona, Shield of Emeria, Aurelia, the Warleader, Platinum Angel, Akroma, Angel of Wrath"
From the Vault: Annihilation,Box Set,Other,V14,2014-08-22,54.99,"Armageddon, Living Death, Smokestack, Cataclysm, Decree of Annihilation"
From the Vault: Dragons,Box Set,Other,DRB,2008-08-29,135.1,"Kokusho, the Evening Star, Dragonstorm, Bladewing the Risen, Draco, Nicol Bolas"
From the Vault: Exiled,Box Set,Other,V09,2009-08-28,511.11,"Lotus Petal, Sensei's Divining Top, Necropotence, Strip Mine, Goblin Lackey"
From the Vault: Legends,Box Set,Other,V11,2011-08-26,166.08,"Ulamog, the Infinite Gyre, Kiki-Jiki, Mirror Breaker, Captain Sisay, Sun Quan, Lord of Wu, Doran, the Siege Tower"
From the Vault: Lore,Box Set,Other,V16,2016-08-19,94.4,"Cabal Ritual, Umezawa's Jitte, Beseech the Queen, Unmask, Glissa, the Traitor"
From the Vault: Realms,Box Set,Other,V12,2012-08-31,416.59,"Ancient Tomb, Urborg, Tomb of Yawgmoth, Glacial Chasm, Dryad Arbor, Boseiju, Who Shelters All"
From the Vault: Relics,Box Set,Other,V10,2010-08-27,1619.74,"Mox Diamond, Memory Jar, Isochron Scepter, Sol Ring, Masticore"
From the Vault: Transform,Box Set,Other,V17,2017-11-24,94.41,"Gisela, the Broken Blade // Brisela, Voice of Nightmares, Bloodline Keeper // Lord of Lineage, Liliana, Heretical Healer // Liliana, Defiant Necromancer, Bruna, the Fading Light // Brisela, Voice of Nightmares, Jace, Vryn's Prodigy // Jace, Telepath Unbound"
From the Vault: Twenty,Box Set,Other,V13,2013-08-23,160.31,"Green Sun's Zenith, Tangle Wire, Dark Ritual, Jace, the Mind Sculptor, Ink-Eyes, Servant of Oni"
Full Sleeves: the Tattoo Pack,Secret Lair Drop,Other,SLD,2020-06-01,42.76,"Inkmoth Nexus, Blood Artist, Eternal Witness, Spell Pierce, Pithing Needle"
Fun Guys (1),Jumpstart,Other,J25,2024-11-07,5.06,"Shroofus Sproutsire, Fungal Plots, Spore Swarm, Saproling Migration, Tukatongue Thallid"
Fun Guys (2),Jumpstart,Other,J25,2024-11-07,5.06,"Shroofus Sproutsire, Verdeloth the Ancient, Undercellar Myconid, Fungal Plots, Spore Swarm"
Fun With Fungus,Theme Deck,Other,TSP,2006-10-06,331.47,"Claws of Gix, Pendelhaven, Fallen Ideal, Verdant Embrace, Savage Thallid"
Fungus Master,Shandalar Enemy Deck,Other,PAST,1997-04-01,45.23,"Oasis, Untamed Wilds, Forest, Fungusaur, Island"
Furby: Doo-ay Noo-lah,Secret Lair Drop,Other,SLD,2025-10-27,51.32,"Sol Ring, Chromatic Lantern, Inspiring Call, Explore, Distant Melody"
Furby: Doo-ay Noo-lah Confetti Foil Edition,Secret Lair Drop,Other,SLD,2025-10-27,100.23,"Sol Ring, Chromatic Lantern, Explore, Inspiring Call, Distant Melody"
Furby: Doo-ay Noo-lah Foil Edition,Secret Lair Drop,Other,SLD,2025-10-27,51.32,"Sol Ring, Chromatic Lantern, Inspiring Call, Explore, Distant Melody"
Furby: Furbys: The Gathering,Secret Lair Drop,Other,SLD,2025-10-27,58.48,"Tamiyo's Safekeeping, Sphere of Safety, Phyrexian Arena, Miscast, Tormenting Voice"
Furby: Furbys: The Gathering Confetti Foil Edition,Secret Lair Drop,Other,SLD,2025-10-27,107.66,"Tamiyo's Safekeeping, Sphere of Safety, Phyrexian Arena, Miscast, Tormenting Voice"
Furby: Furbys: The Gathering Foil Edition,Secret Lair Drop,Other,SLD,2025-10-27,58.48,"Tamiyo's Safekeeping, Sphere of Safety, Phyrexian Arena, Miscast, Tormenting Voice"
Furby: The Oddbodies,Secret Lair Drop,Other,SLD,2025-10-27,86.92,"Umbris, Fear Manifest, Hullbreaker Horror, Maddening Cacophony, Spellskite, Serum Visions"
Furby: The Oddbodies Confetti Foil Edition,Secret Lair Drop,Other,SLD,2025-10-27,132.69,"Hullbreaker Horror, Umbris, Fear Manifest, Spellskite, Maddening Cacophony, Serum Visions"
Furby: The Oddbodies Foil Edition,Secret Lair Drop,Other,SLD,2025-10-27,86.92,"Umbris, Fear Manifest, Hullbreaker Horror, Maddening Cacophony, Spellskite, Serum Visions"
Furious Forces,Intro Pack,Other,DTK,2015-03-27,31.09,"Savage Ventmaw, Berserkers' Onslaught, Dragonlord's Servant, Forest, Mountain"
Fury,Clash Pack,Other,M15,2014-07-18,160.56,"Nykthos, Shrine to Nyx, Courser of Kruphix, Elvish Mystic, Genesis Hydra, Reclamation Sage"
Future Shock,Theme Deck,Other,FUT,2007-05-04,237.95,"Dryad Arbor, Nacatl War-Pride, Edge of Autumn, Baru, Fist of Krosa, Emblem of the Warmind"
Future Sight Foil Redemption,MTGO Redemption,Other,FUT,2007-06-03,2765.95,"Sliver Legion, Tarmogoyf, Dryad Arbor, Summoner's Pact, Magus of the Moon"
Future Sight Redemption,MTGO Redemption,Other,FUT,2007-06-03,2765.95,"Sliver Legion, Tarmogoyf, Dryad Arbor, Summoner's Pact, Magus of the Moon"
Gabriel Nassif - Blue-White Anti-Affinity Control,World Championship Deck,Other,WC04,2004-09-01,33.42,"Flooded Strand, Exalted Angel, Island, Plains, Temple of the False God"
Gandalf in the Pelennor Fields,Box Set,Other,LTC,2023-11-03,21.0,"Rammas Echor, Ancient Shield, Olórin's Searing Light, Gandalf of the Secret Fire, Sorcerous Squall, Courageous Resolve"
Garden Buds,Secret Lair Drop,Other,SLD,2025-03-25,81.96,"Ashaya, Soul of the Wild, Horn of Greed, Elvish Reclaimer, World Shaper, Harrow"
Garden Buds Foil Edition,Secret Lair Drop,Other,SLD,2025-03-25,81.96,"Ashaya, Soul of the Wild, Horn of Greed, Elvish Reclaimer, World Shaper, Harrow"
Garfield,Theme Deck,Other,DKM,2001-12-01,39.67,"Incinerate, Incinerate, Jokulhaups, Karplusan Forest, Lhurgoyf"
Garfield: As Intended,Secret Lair Drop,Other,SLD,2026-06-16,40.3,"Counterspell, Dark Ritual, Swords to Plowshares, Fog, Earthquake"
Garfield: As Intended Foil Edition,Secret Lair Drop,Other,SLD,2026-06-16,40.3,"Counterspell, Dark Ritual, Swords to Plowshares, Fog, Earthquake"
Garfield: Motivationally Challenged,Secret Lair Drop,Other,SLD,2026-06-16,43.89,"Rin and Seri, Inseparable, Orim's Chant, Sol Ring, Beast Within, Ponder"
Garfield: Motivationally Challenged Foil Edition,Secret Lair Drop,Other,SLD,2026-06-16,43.89,"Rin and Seri, Inseparable, Orim's Chant, Sol Ring, Beast Within, Ponder"
Garfield: Our Only Thought is to Entertain You,Secret Lair Drop,Other,SLD,2026-06-16,31.16,"It That Betrays, Maddening Cacophony, Maddening Hex, Molten Collapse, Hunter's Insight"
Garfield: Our Only Thought is to Entertain You Foil Edition,Secret Lair Drop,Other,SLD,2026-06-16,31.16,"It That Betrays, Maddening Cacophony, Maddening Hex, Molten Collapse, Hunter's Insight"
Garland at the Chaos Shrine,Box Set,Other,FIN,2025-06-13,47.34,"The Destined Black Mage, The Destined White Mage, Garland, Royal Kidnapper, Chaos Shrine's Black Crystal, The Destined Warrior"
Garruk,Duel Deck,Other,GVL,2014-12-05,13.37,"Nature's Lore, Garruk Wildspeaker, Lignify, Rude Awakening, Vine Trellis"
"Garruk, Savage Herald",Planeswalker Deck,Other,M21,2020-07-03,8.77,"Ram Through, Garruk, Savage Herald, Garruk's Uprising, Forest, Ilysian Caryatid"
Gatecrash Foil Redemption,MTGO Redemption,Other,GTC,2013-03-03,532.01,"Aurelia, the Warleader, Sylvan Primordial, Legion Loyalist, Godless Shrine, Watery Grave"
Gatecrash Redemption,MTGO Redemption,Other,GTC,2013-03-03,532.01,"Aurelia, the Warleader, Sylvan Primordial, Legion Loyalist, Godless Shrine, Watery Grave"
Gatecrasher,MTGO Theme Deck,Other,WTH,2007-12-12,6.33,"Mountain, Uktabi Orangutan, Maraxus of Keld, Aboroth, Forest"
Geniuses,Jumpstart,Other,MSH,2026-06-26,4.43,"Reed Richards, Smartest Man, Ant-Man, Reformed Rogue, Super Intelligence, Island, Shuri, Vibranium Technologist"
"George Baxter, Quarterfinalist",Pro Tour Deck,Other,PTC,1996-05-01,96.11,"Hypnotic Specter, City of Brass, Sulfurous Springs, Lightning Bolt, Mishra's Factory"
Ghastly (1),Jumpstart,Other,J25,2024-11-07,0.0,"Harvester of Souls, Dross Hopper, Village Rites, Ozox, the Clattering King, Tragic Slip"
Ghastly (2),Jumpstart,Other,J25,2024-11-07,0.0,"Bloodgift Demon, Village Rites, Ozox, the Clattering King, Tragic Slip, Morbid Opportunist"
Ghastly (3),Jumpstart,Other,J25,2024-11-07,0.0,"Reaper from the Abyss, Wriggling Grub, Dross Hopper, Ozox, the Clattering King, Deadly Dispute"
Ghastly (4),Jumpstart,Other,J25,2024-11-07,1.22,"Army of the Damned, Shambling Ghast, Ozox, the Clattering King, Deadly Dispute, Tragic Slip"
Ghost of Tsushima,Secret Lair Drop,Other,SLD,2025-11-06,149.73,"Jin Sakai, Ghost of Tsushima, Borne Upon a Wind, Path to Exile, Eiganjo Castle, Ghostly Flicker"
Ghost of Tsushima Foil Edition,Secret Lair Drop,Other,SLD,2025-11-06,149.73,"Jin Sakai, Ghost of Tsushima, Borne Upon a Wind, Path to Exile, Eiganjo Castle, Ghostly Flicker"
Ghostbusters: Slimer,Secret Lair Drop,Other,SLD,2024-10-01,39.25,"Windfall, Trickbind, Incarnation Technique, The Mimeoplasm, Pernicious Deed"
Ghostbusters: Slimer Foil Edition,Secret Lair Drop,Other,SLD,2024-10-01,39.25,"Windfall, Trickbind, Incarnation Technique, The Mimeoplasm, Pernicious Deed"
Ghostbusters: The Real Ghostbusters,Secret Lair Drop,Other,SLD,2024-10-01,40.39,"Eladamri's Call, Boros Charm, Careful Study, Unlicensed Hearse, Living End"
Ghostbusters: The Real Ghostbusters Foil Edition,Secret Lair Drop,Other,SLD,2024-10-01,40.39,"Eladamri's Call, Boros Charm, Careful Study, Unlicensed Hearse, Living End"
Ghostly Tide,Intro Pack,Other,SOI,2016-04-08,7.61,"Essence Flux, Pore Over the Pages, Rattlechains, Drogskol Cavalry, Plains"
Giddyap,Jumpstart,Other,J25,2024-11-07,3.83,"Thurid, Mare of Destiny, Sungrace Pegasus, Tenacity, Shield Mare, Celestial Unicorn"
Gideon,Archenemy Deck,Other,E01,2017-06-16,18.16,"Grand Abolisher, Plains, Fiendslayer Paladin, Plains, Gideon Jura"
"Gideon, Martial Paragon",Planeswalker Deck,Other,AKH,2017-04-28,2.13,"Mountain, Gideon, Martial Paragon, Mountain, Plains, Ahn-Crop Crasher"
"Gideon, the Oathsworn",Planeswalker Deck,Other,WAR,2019-05-03,17.06,"Cruel Celebrant, Bond of Discipline, Command the Dreadhorde, Charmed Stray, Gideon, the Oathsworn"
Gift Wrapped,Secret Lair Drop,Other,SLD,2023-12-05,61.73,"Homeward Path, Giver of Runes, Moment's Peace, Distant Melody, Cathartic Reunion"
Gift Wrapped Foil Edition,Secret Lair Drop,Other,SLD,2023-12-05,62.33,"Homeward Path, Giver of Runes, Moment's Peace, Distant Melody, Cathartic Reunion"
Gifts of the Gods,Intro Pack,Other,BNG,2014-02-07,18.81,"Gift of Immortality, Sunbond, Plains, Island, Island"
Gigantic 1,Jumpstart,Other,J22,2022-12-02,15.97,"Runadi, Behemoth Caller, Towering Gibbon, Overgrowth, Thrashing Brontodon, Pounce"
Gigantic 2,Jumpstart,Other,J22,2022-12-02,15.97,"Runadi, Behemoth Caller, Engulfing Slagwurm, Towering Gibbon, Overgrowth, Paradise Druid"
Gleeful Flames,Event Deck,Other,DKA,2012-02-24,68.61,"Inkmoth Nexus, Goblin Grenade, Faithless Looting, Infiltration Lens, Hellrider"
Gliding (1),Jumpstart,Other,TLE,2025-11-20,0.0,"Kindly Customer, Momo, Friendly Flier, Plains, Koala-Sheep, Appa, Loyal Sky Bison"
Gliding (2),Jumpstart,Other,TLE,2025-11-20,1.98,"Tale of Momo, Momo, Friendly Flier, Plains, Inspired Insurgent, Appa, Loyal Sky Bison"
Glorious Combat,Game Night Deck,Other,GN3,2022-10-14,15.94,"Zamriel, Seraph of Steel, Colossus Hammer, Path to Exile, Swords to Plowshares, Argentum Armor"
Go to School 1,Jumpstart,Other,J22,2022-12-02,0.0,"Kasmina, Enigmatic Mentor, Biblioplex Kraken, Merfolk Pupil, Barrin, Tolarian Archmage, Thriving Isle"
Go to School 2,Jumpstart,Other,J22,2022-12-02,69.91,"Rhystic Study, Kasmina, Enigmatic Mentor, Biblioplex Kraken, Merfolk Pupil, Thriving Isle"
Goblin & Squabblin',Secret Lair Drop,Other,SLD,2023-08-29,308.78,"Muxus, Goblin Grandee, Goblin Recruiter, Goblin Lackey, Goblin Matron, Shattergang Brothers"
Goblin & Squabblin' Foil Edition,Secret Lair Drop,Other,SLD,2023-08-29,436.35,"Muxus, Goblin Grandee, Goblin Recruiter, Goblin Lackey, Goblin Matron, Shattergang Brothers"
Goblin Assault,Theme Deck,Other,S99,1999-07-12,12.5,"Goblin General, Relentless Assault, Mountain, Volcanic Dragon, Mountain"
Goblin Fire,Theme Deck,Other,P02,1998-06-24,34.24,"Wildfire, Goblin General, Mountain, Goblin Matron, Relentless Assault"
Goblin Mob,Theme Deck,Other,SCG,2003-05-26,513.25,"Siege-Gang Commander, Goblin Warchief, Gempalm Incinerator, Sulfuric Vortex, Goblin War Strike"
Goblin Warlord,Shandalar Enemy Deck,Other,PAST,1997-04-01,248.05,"Mountain, Goblin King, Manabarbs, Tawnos's Weaponry, Helm of Chatzuk"
Goblingram,Secret Lair Drop,Other,SLD,2024-05-30,50.38,"Goblin Welder, Brash Taunter, Goblin Chieftain, Mogg War Marshal, Goblin Ringleader"
Goblingram Foil Edition,Secret Lair Drop,Other,SLD,2024-05-30,50.38,"Goblin Welder, Brash Taunter, Goblin Chieftain, Mogg War Marshal, Goblin Ringleader"
Goblins,Duel Deck,Other,DDT,2017-11-10,25.76,"Warren Instigator, Goblin Chieftain, Relentless Assault, Krenko, Mob Boss, Goblin Rabblemaster"
Goblins (1),Jumpstart,Other,J25,2024-11-07,5.76,"General Kreat, the Boltbringer, Dropkick Bomber, Battle Cry Goblin, Volley Veteran, Krenko's Command"
Goblins (2),Jumpstart,Other,J25,2024-11-07,5.76,"General Kreat, the Boltbringer, Dropkick Bomber, Goblin Goliath, Battle Cry Goblin, Volley Veteran"
Goblins (3),Jumpstart,Other,J25,2024-11-07,8.54,"General Kreat, the Boltbringer, Krenko, Tin Street Kingpin, Beetleback Chief, Volley Veteran, Krenko's Command"
Goblins (4),Jumpstart,Other,JMP,2020-07-17,2.16,"Krenko, Mob Boss, Goblin Lore, Mountain, Goblin Rally, Goblin Instigator"
Goblins 1,Jumpstart,Other,J22,2022-12-02,3.42,"Krenko, Mob Boss, Battle Squadron, Goblin Grenade, Hordeling Outburst, Dragon Fodder"
Goblins 2,Jumpstart,Other,J22,2022-12-02,2.46,"Goblin Warchief, Ib Halfheart, Goblin Tactician, Goblin Grenade, Goblin Rally, Dragon Fodder"
Goblins 3,Jumpstart,Other,J22,2022-12-02,14.92,"Muxus, Goblin Grandee, Goblin Grenade, Instruments of War, Destructive Tampering, Dragon Fodder"
Goblins 4,Jumpstart,Other,J22,2022-12-02,6.1,"Ardoz, Cobbler of War, Goblin Rabblemaster, Goblin Grenade, Goblin Rally, Hordeling Outburst"
Goblins Everywhere!,Arena Starter Deck,Other,ANB,2020-08-13,0.0,"Tin Street Cadet, Goblin Tunneler, Nest Robber, Molten Ravager, Goblin Gang Leader"
God of War: Greek,Secret Lair Drop,Other,SLD,2025-11-06,99.82,"Kratos, God of War, Pyrohemia, Rite of Flame, World at War, Sulfuric Vortex"
God of War: Greek Foil Edition,Secret Lair Drop,Other,SLD,2025-11-06,99.82,"Kratos, God of War, Pyrohemia, Rite of Flame, World at War, Sulfuric Vortex"
God of War: Norse,Secret Lair Drop,Other,SLD,2025-11-06,38.91,"Iroas, God of Victory, Kratos, Stoic Father, Atreus, Impulsive Son, Teferi's Ageless Insight // Teferi's Ageless Insight"
God of War: Norse Foil Edition,Secret Lair Drop,Other,SLD,2025-11-06,38.91,"Iroas, God of Victory, Kratos, Stoic Father, Atreus, Impulsive Son, Teferi's Ageless Insight // Teferi's Ageless Insight"
Going Rogue,Theme Deck,Other,MOR,2008-02-01,210.56,"Notorious Throng, Island, Swamp, Oona's Blackguard, Mothdust Changeling"
Gold Deck,Starter Deck,Other,7ED,2001-04-11,234.93,"Rampant Growth, Trained Orgg, Forest, Mountain, Forest"
Gold Pack,Advanced Pack,Other,7ED,2001-04-11,229.12,"Llanowar Elves, Fog, Patagia Golem, Forest, Mountain"
Golgari,Duel Deck,Other,DDJ,2012-09-07,16.15,"Life from the Loam, Elves of Deep Shadow, Jarad, Golgari Lich Lord, Eternal Witness, Golgari Grave-Troll"
Golgari Deathcreep,Theme Deck,Other,RAV,2005-10-07,114.8,"Savra, Queen of the Golgari, Elves of Deep Shadow, Golgari Grave-Troll, Golgari Rot Farm, Stinkweed Imp"
Golgari Exploration,Arena Starter Deck,Other,DOM,2018-03-22,26.13,"Tendershoot Dryad, Vizier of the Menagerie, Wildgrowth Walker, Ravenous Chupacabra, Ifnir Deadlands"
Golgari Growth,Intro Pack,Other,RTR,2012-10-05,3.45,"Treasured Find, Grisly Salvage, Korozda Guildmage, Corpsejack Menace, Wild Beastmaster"
Golgari Swarm,Arena Starter Deck,Other,M20,2019-05-03,44.54,"Overgrown Tomb, Underrealm Lich, Assassin's Trophy, Leyline Prowler, Lotleth Giant"
Golgari Swarm 1,Jumpstart,Other,CLU,2024-02-23,19.15,"Amzu, Swarm's Hunger, Golgari Signet, Tribune of Rot, Deadbridge Chant, Golgari Rot Farm"
Golgari Swarm 2,Jumpstart,Other,CLU,2024-02-23,9.46,"Underrealm Lich, Sludge Titan, Tribune of Rot, Fungal Rebirth, Rubblebelt Maverick"
Gondor: Green-White,Starter Kit,Other,LTR,2023-06-23,39.75,"Bilbo's Ring, Aragorn and Arwen, Wed, Galadriel, Gift-Giver, Generous Ent, Gandalf, White Rider"
Grab for Power,Intro Pack,Other,M12,2011-07-15,56.76,"Buried Ruin, Ponder, Diabolic Tutor, Rune-Scarred Demon, Scepter of Empires"
Grave Advantage,Intro Pack,Other,FRF,2015-01-23,64.96,"Merciless Executioner, Archfiend of Depravity, Dark Deal, Hornet Queen, Wall of Mulch"
Grave Danger,Theme Deck,Other,TOR,2002-02-08,457.98,"Psychatog, Careful Study, Cephalid Illusionist, Breakthrough, Tainted Isle"
Grave Matters,Arena Starter Deck,Other,SNC,2022-09-09,10.17,"Deathcap Glade, Old Rutstein, Infernal Grasp, Undead Butler, Shigeki, Jukai Visionary"
Grave Power,Intro Pack,Other,DKA,2012-02-03,15.57,"Gnaw to the Bone, Island, Forest, Aether Adept, Ambush Viper"
Grave Robbers (1),Jumpstart,Other,J25,2024-11-07,0.0,"Murder, Eye Collector, Gorex, the Tombshell, Grave Strength, Gorging Vulture"
Grave Robbers (2),Jumpstart,Other,J25,2024-11-07,0.0,"Doomed Necromancer, Dusk Mangler, Fake Your Own Death, Undead Butler, Eye Collector"
Grave Robbers (3),Jumpstart,Other,J25,2024-11-07,0.0,"Dreadhound, Persistent Specimen, Isareth the Awakener, Murder, Grave Strength"
Grave Robbers (4),Jumpstart,Other,J25,2024-11-07,0.0,"Liliana, Death's Majesty, Persistent Specimen, Isareth the Awakener, Murder, Undead Butler"
Grave Secrets,Arena Starter Deck,Other,LTR,2023-06-20,13.58,"Breach the Multiverse, Darkslick Shores, Fallaji Archaeologist, Gix's Command, Black Sun's Twilight"
Graveborn,Premium Deck,Other,PD3,2011-11-18,91.45,"Reanimate, Crystal Vein, Entomb, Cabal Therapy, Animate Dead"
Graveyard Bash,Arena Starter Deck,Other,M19,2018-09-27,9.11,"Death Baron, Open the Graves, Yargle, Glutton of Urborg, Skulduggery, Swamp"
Great Druid,Shandalar Enemy Deck,Other,PAST,1997-04-01,133.15,"Killer Bees, Desert Twister, Birds of Paradise, Untamed Wilds, Jayemdae Tome"
Great Lakes Avengers,Jumpstart,Other,MSH,2026-06-26,28.39,"Tippy-Toe, Terrific Partner, The Unbeatable Squirrel Girl, Mister Immortal, Flatman, Big Bertha"
Green,Halfdeck,Other,UND,2020-02-28,0.0,"Forest, Squirrel Farm, Old Fogey, Surgeon General Commander, Timmy, Power Gamer"
Green Deck,Welcome Deck,Other,SPM,2025-09-26,15.77,"Spider-Man, Miles Morales, Venom Blast, Prowler, Misguided Mentor, Forest, Twisted Spider-Clone"
Green Deck A,Sample Deck,Other,M12,2011-07-15,18.48,"Hunter's Insight, Lead the Stampede, Gladecover Scout, Llanowar Elves, Forest"
Green Deck B,Sample Deck,Other,M12,2011-07-15,8.48,"Rampant Growth, Withstand Death, Viridian Emissary, Acidic Slime, Forest"
Green Red Beatdown,Deck Builder's Toolkit,Other,ORI,2015-07-17,3.08,"Savage Punch, Whisperer of the Wilds, Barrage of Boulders, Circle of Elders, Zendikar Incarnate"
Green Sample Deck,Sample Deck,Other,M15,2014-07-18,5.57,"Elvish Mystic, Paragon of Eternal Wilds, Forest, Forest, Forest"
Green White Convoke,Deck Builder's Toolkit,Other,M15,2014-07-18,2.39,"Triplicate Spirits, Seraph of the Masses, Siege Wurm, Raise the Alarm, Sunblade Elf"
Green and White,Deck Builder's Toolkit,Other,AKH,2017-04-28,6.95,"Manglehorn, Fairgrounds Warden, Compulsory Rest, Shed Weakness, Thopter Arrest"
Green and White Humans,Deck Builder's Toolkit,Other,KLD,2016-09-30,0.0,"Gryff's Boon, Choking Restraints, Strength of Arms, True-Faith Censer, Militant Inquisitor"
Green-White Auras,Deck Builder's Toolkit,Other,ROE,2010-05-21,58.85,"Hyena Umbra, Snake Umbra, Canopy Cover, Aura Gnarlid, Totem-Guide Hartebeest"
Grixis Shambling Army,Intro Pack,Other,CON,2009-02-06,36.7,"Terramorphic Expanse, Crumbling Necropolis, Island, Swamp, Mountain"
Grixis Undead,Intro Pack,Other,ALA,2008-10-03,50.38,"Cruel Ultimatum, Crumbling Necropolis, Island, Swamp, Fleshbag Marauder"
Gross 1,Jumpstart,Other,J22,2022-12-02,6.68,"Massacre Wurm, Leechridden Swamp, Plaguecrafter, Skullslither Worm, Blight Keeper"
Gross 2,Jumpstart,Other,J22,2022-12-02,5.37,"Phyrexian Reclamation, Plaguecrafter, Phyrexian Plaguelord, Skullslither Worm, Blighted Fen"
Gross 3,Jumpstart,Other,J22,2022-12-02,0.0,"Plaguecrafter, Deathbringer Regent, Death Wind, Skullslither Worm, Blight Keeper"
Gross 4,Jumpstart,Other,J22,2022-12-02,3.15,"Ophiomancer, Plaguecrafter, Swarm of Bloodflies, Skullslither Worm, Witch's Cauldron"
Ground Pounder,Theme Deck,Other,BTD,2000-10-01,27.94,"Dwarven Ruins, Fireball, Shivan Dragon, Ball Lightning, Lightning Bolt"
Groundbreaker - Advanced Deck,Advanced Deck,Other,EXO,1998-06-15,227.19,"Wasteland, Reflecting Pool, Plaguebearer, Undiscovered Paradise, City of Brass"
Groundbreaker - Basic Deck,Theme Deck,Other,EXO,1998-06-15,6.33,"Searing Touch, Thopter Squadron, Necrologia, Mountain, Swamp"
Growing Hope,Arena Starter Deck,Other,LTR,2023-06-20,26.0,"Ozolith, the Shattered Spire, Kami of Whispered Hopes, Ruins Recluse, Dusk Legion Duelist, Serra Redeemer"
Growing Hunger,Arena Starter Deck,Other,AFR,2021-09-24,10.22,"Darkbore Pathway // Slitherbore Pathway, Binding the Old Gods, Drana, the Last Bloodchief, Exponential Growth, Ochre Jelly"
Gruul,Guild Kit,Other,GK2,2019-02-15,30.22,"Birds of Paradise, Rhythm of the Wild, Protean Hulk, Ruric Thar, the Unbowed, Immolation Shaman"
Gruul Clans,Arena Starter Deck,Other,M20,2019-05-03,22.01,"Stomping Ground, Rhythm of the Wild, End-Raze Forerunners, Mountain, Pelt Collector"
Gruul Clans 1,Jumpstart,Other,CLU,2024-02-23,3.89,"Herald of Ilharg, Gruul Signet, Firespout, Pyrewild Shaman, Clan Defiance"
Gruul Clans 2,Jumpstart,Other,CLU,2024-02-23,1.53,"Colossal Majesty, Stampede Surfer, Giant Adephage, Furious Spinesplitter, Gruul Turf"
Gruul Goliaths,Intro Pack,Other,GTC,2013-02-01,22.18,"Alpha Authority, Arbor Elf, Ranger's Path, Gruul Ragebeast, Gruul Guildgate"
Gruul Siege,Intro Pack,Other,DGM,2013-05-03,2.81,"Zhur-Taa Druid, Gruul War Chant, Pit Fight, Ruric Thar, the Unbowed, Forest"
Gruul Stompy,Pioneer Challenger Deck,Other,Q08,2022-11-04,42.09,"Stomping Ground, Chandra, Torch of Defiance, Questing Beast, Elvish Mystic, Rockfall Vale"
Gruul Wilding,Theme Deck,Other,GPT,2006-02-03,36.75,"Skarrg, the Rage Pits, Wild Cantor, Borborygmos, Dryad Sophisticate, Wurmweaver Coil"
Guardian of the Tusk,Shandalar Enemy Deck,Other,PAST,1997-04-01,307.35,"Berserk, Desert Twister, Colossus of Sardia, Birds of Paradise, Divine Transformation"
Guildpact Foil Redemption,MTGO Redemption,Other,GPT,2006-03-05,973.04,"Steam Vents, Godless Shrine, Stomping Ground, Leyline of the Void, Teysa, Orzhov Scion"
Guildpact Redemption,MTGO Redemption,Other,GPT,2006-03-05,973.04,"Steam Vents, Godless Shrine, Stomping Ground, Leyline of the Void, Teysa, Orzhov Scion"
Guilds of Ravnica Bundle Land Pack,Bundle Land Pack,Other,GRN,2018-10-05,0.0,"Forest, Forest, Mountain, Mountain, Swamp"
Guilds of Ravnica Foil Redemption,MTGO Redemption,Other,GRN,2018-11-04,333.47,"Mnemonic Betrayal, Chance for Glory, Steam Vents, Doom Whisperer, Watery Grave"
Guilds of Ravnica Redemption,MTGO Redemption,Other,GRN,2018-11-04,333.47,"Mnemonic Betrayal, Chance for Glory, Steam Vents, Doom Whisperer, Watery Grave"
HYDRA,Jumpstart,Other,MSH,2026-06-26,1.27,"Viper, Cruel Conspirator, Bob, Reluctant HYDRA Agent, Swamp, HYDRA Disintegrator, Crossbones, Malicious Mercenary"
Hands of Fire,Theme Deck,Other,PS11,2011-01-01,0.0,"Mountain, Mountain, Mountain, Mountain, Kamahl, Pit Fighter"
Hands of Flame,Duel Of The Planeswalkers Deck,Other,DPA,2010-06-04,14.57,"Furnace of Rath, Bloodmark Mentor, Rage Reflection, Banefire, Blaze"
Happy Little Gathering,Secret Lair Drop,Other,SLD,2021-03-15,50.07,"Forest, Swamp, Mountain, Mountain, Island"
Happy Little Gathering Foil Edition,Secret Lair Drop,Other,SLD,2021-03-15,50.07,"Forest, Swamp, Mountain, Mountain, Island"
Happy Yargle Day!,Secret Lair Drop,Other,SLD,2020-09-03,35.42,"Fatal Push, Swords to Plowshares, Explore, Opt, Anger of the Gods"
Happy Yargle Day! Foil Edition,Secret Lair Drop,Other,SLD,2020-09-03,35.42,"Fatal Push, Swords to Plowshares, Explore, Opt, Anger of the Gods"
Hard-Boiled Thrillers,Secret Lair Drop,Other,SLD,2024-02-23,100.54,"Reconnaissance, Jace, Wielder of Mysteries, Black Market, Obeka, Brute Chronologist, Dire Undercurrents"
Hard-Boiled Thrillers Foil Edition,Secret Lair Drop,Other,SLD,2024-02-23,89.05,"Reconnaissance, Jace, Wielder of Mysteries, Black Market, Obeka, Brute Chronologist, Dire Undercurrents"
Hare Raising,Starter Kit,Other,BLB,2024-08-02,7.3,"Byrke, Long Ear of the Law, Fecund Greenshell, Colossification, Clifftop Lookout, Finneas, Ace Archer"
Hascon 2017 Promo Cards,Box Set,Other,H17,2017-09-20,320.76,"Grimlock, Dinobot Leader // Grimlock, Ferocious King, Nerf War, Sword of Dungeons & Dragons"
Hatsune Miku: Digital Sensation,Secret Lair Drop,Other,SLD,2024-07-10,146.23,"Sol Ring, Child of Alara, Chord of Calling, Song of Creation, Diabolic Tutor"
Hatsune Miku: Digital Sensation Foil Edition,Secret Lair Drop,Other,SLD,2024-07-10,146.23,"Sol Ring, Child of Alara, Chord of Calling, Song of Creation, Diabolic Tutor"
Hatsune Miku: Electric Entourage,Secret Lair Drop,Other,SLD,2024-10-01,115.42,"Elspeth Tirel, Liliana of the Dark Realms, Freyalise, Llanowar's Fury, The Royal Scions, Jace, Unraveler of Secrets"
Hatsune Miku: Electric Entourage Foil Edition,Secret Lair Drop,Other,SLD,2024-10-01,115.42,"Elspeth Tirel, Liliana of the Dark Realms, Freyalise, Llanowar's Fury, The Royal Scions, Jace, Unraveler of Secrets"
Hatsune Miku: Sakura Superstar,Secret Lair Drop,Other,SLD,2024-05-30,128.15,"Azusa, Lost but Seeking, Chandra's Ignition, Feather, the Redeemed, Harmonize, Inspiring Vantage"
Hatsune Miku: Sakura Superstar Foil Edition,Secret Lair Drop,Other,SLD,2024-05-30,175.98,"Azusa, Lost but Seeking, Feather, the Redeemed, Chandra's Ignition, Harmonize, Inspiring Vantage"
Hatsune Miku: Winter Diva,Secret Lair Drop,Other,SLD,2025-02-11,127.41,"Swan Song, Giada, Font of Hope, Counterspell, Brago, King Eternal, Youthful Valkyrie"
Hatsune Miku: Winter Diva Foil Edition,Secret Lair Drop,Other,SLD,2025-02-11,127.41,"Swan Song, Giada, Font of Hope, Counterspell, Brago, King Eternal, Youthful Valkyrie"
Haze of Spores,MTGO Theme Deck,Other,ME2,2008-09-22,0.0,"Forest, Forest, Forest, Havenwood Battleground, Mishra's Factory"
Hazoret Aggro,Challenger Deck,Other,Q01,2018-04-06,39.99,"Chandra, Torch of Defiance, Sunscorched Desert, Soul-Scar Mage, Hazoret the Fervent, Mountain"
Healers (1),Jumpstart,Other,J25,2024-11-07,0.0,"Speaker of the Heavens, Qala, Ajani's Pridemate, Angel of Vitality, Hinterland Sanctifier, Kabira Crossroads"
Healers (2),Jumpstart,Other,J25,2024-11-07,1.87,"Valkyrie Harbinger, Qala, Ajani's Pridemate, Angel of Vitality, Hinterland Sanctifier, Take Up the Shield"
Healers (3),Jumpstart,Other,J25,2024-11-07,4.92,"Righteous Valkyrie, Qala, Ajani's Pridemate, Angel of Vitality, Hinterland Sanctifier, Kabira Crossroads"
Healers (4),Jumpstart,Other,J25,2024-11-07,3.51,"Felidar Sovereign, Rhox Faithmender, Qala, Ajani's Pridemate, Angel of Vitality, Hinterland Sanctifier"
Healing,Jumpstart,Other,FDN,2024-11-15,0.0,"Twinblade Paladin, Ancestor Dragon, Dazzling Angel, Ajani's Pridemate, Hinterland Sanctifier"
Heavily Armored (1),Jumpstart,Other,JMP,2020-07-17,9.62,"Cathars' Crusade, Plains, Secure the Scene, Feat of Resistance, Basri's Acolyte"
Heavily Armored (2),Jumpstart,Other,JMP,2020-07-17,9.62,"Cathars' Crusade, Plains, Secure the Scene, Basri's Acolyte, Trusty Retriever"
Heavily Armored (3),Jumpstart,Other,JMP,2020-07-17,0.0,"Mikaeus, the Lunarch, Plains, Supply Runners, Basri's Acolyte, Trusty Retriever"
Heavily Armored (4),Jumpstart,Other,JMP,2020-07-17,2.63,"Duelist's Heritage, Plains, Swift Response, Supply Runners, Basri's Acolyte"
Heavy Duty,Theme Deck,Other,INV,2000-10-02,126.69,"Armadillo Cloak, Thicket Elemental, Crimson Acolyte, Elfhame Palace, Forest"
Heavy Hitters,Theme Deck,Other,8ED,2003-07-28,39.2,"Wood Elves, Elvish Pioneer, Rampant Growth, Forest, Naturalize"
Hei Bai (1),Jumpstart,Other,TLE,2025-11-20,1.41,"That's Rough Buddy, Aang, A Lot to Learn, Suki, Courageous Rescuer, Plains, Koala-Sheep"
Hei Bai (2),Jumpstart,Other,TLE,2025-11-20,1.41,"That's Rough Buddy, Aang, A Lot to Learn, Suki, Courageous Rescuer, Plains, Thriving Heath"
Here Be Dragons,Secret Lair Drop,Other,SLD,2022-06-14,242.21,"Old Gnawbone, Tiamat, Ebondeath, Dracolich, Iymrith, Desert Doom, Icingdeath, Frost Tyrant"
Heroes,Duel Deck,Other,DDL,2013-09-06,3.69,"Pyrokinesis, Sun Titan, Plains, Plains, Winds of Rath"
Heroes (1),Jumpstart,Other,J25,2024-11-07,1.41,"Brigone, Soldier of Meletis, Chains of Custody, Akroan Skyguard, Tethmos High Priest, Thriving Heath"
Heroes (2),Jumpstart,Other,J25,2024-11-07,1.41,"Brigone, Soldier of Meletis, Ojutai Exemplars, Chains of Custody, Thriving Heath, Defiant Strike"
Heroes United,Box Set,Other,MSH,2026-06-26,21.8,"Iron Man, Futurist Paragon, Hawkeye, Trick Shot, Captain America, Unbowed, Thor, Guardian of Midgard, Hulk, Always Angry"
Heroes for Hire,Jumpstart,Other,MSH,2026-06-26,5.64,"Luke Cage, Hero for Hire, Heroes for Hire, Iron Fist, Hero for Hire, Big Score, Contract Hero"
Hidden Pathways,Secret Lair Drop,Other,SLU,2021-05-07,87.61,"Riverglide Pathway // Lavaglide Pathway, Barkchannel Pathway // Tidechannel Pathway, Clearwater Pathway // Murkwater Pathway, Darkbore Pathway // Slitherbore Pathway, Brightclimb Pathway // Grimclimb Pathway"
High Priest,Shandalar Enemy Deck,Other,PAST,1997-04-01,58.53,"Fellwar Stone, Armageddon, Savannah Lions, Balance, White Mana Battery"
High-Flying Valor,Arena Starter Deck,Other,LTR,2023-06-20,20.69,"Myrel, Shield of Argive, Rescue Retriever, Siege Veteran, Valiant Veteran, Fortified Beachhead"
Hit The Ground Running,Intro Pack,Other,M15,2014-07-18,7.93,"Stormtide Leviathan, Reclamation Sage, Illusory Angel, Satyr Wayfinder, Forest"
Hold The Line,Event Deck,Other,ISD,2011-10-28,19.93,"Champion of the Parish, Honor of the Pure, Fiend Hunter, Mirran Crusader, Plains"
Holy 1,Jumpstart,Other,J22,2022-12-02,3.9,"Blessed Sanctuary, Angelic Page, Angelic Cub, Emancipation Angel, Goldnight Commander"
Holy 2,Jumpstart,Other,J22,2022-12-02,13.27,"Starnheim Aspirant, Lyra Dawnbringer, Defy Death, Angelic Cub, Emancipation Angel"
Holy 3,Jumpstart,Other,J22,2022-12-02,3.29,"Valkyrie Harbinger, Planar Atlas, Dawn of Hope, Emancipation Angel, Chains of Custody"
Holy 4,Jumpstart,Other,J22,2022-12-02,5.72,"Righteous Valkyrie, Emancipation Angel, Chains of Custody, Thriving Heath, Anointer of Valor"
Hope's Crusaders,Theme Deck,Other,TSP,2006-10-06,16.62,"Pentarch Paladin, Sarpadian Empires, Vol. VII, Cloudchaser Kestrel, Benalish Cavalry, Celestial Crusader"
Horizon: Into the Forbidden West,Secret Lair Drop,Other,SLD,2025-11-06,52.13,"Blightsteel Colossus, Farseek, Aloy, Savior of Meridian, Tarrian's Soulcleaver, Meteor Golem"
Horizon: Into the Forbidden West Foil Edition,Secret Lair Drop,Other,SLD,2025-11-06,52.13,"Blightsteel Colossus, Farseek, Aloy, Savior of Meridian, Tarrian's Soulcleaver, Meteor Golem"
Horrific Visions,Intro Pack,Other,SOI,2016-04-08,2.98,"Crawling Sensation, Liliana's Indignation, Wild-Field Scarecrow, Inexorable Blob, Loam Dryad"
Hour of Devastation Bundle Land Pack,Bundle Land Pack,Other,HOU,2017-07-14,5.69,"Swamp, Mountain, Plains, Island, Swamp"
Hour of Devastation Foil Redemption,MTGO Redemption,Other,HOU,2017-08-13,318.25,"Torment of Hailfire, The Locust God, Obelisk Spider, Razaketh, the Foulblooded, Solemnity"
Hour of Devastation Redemption,MTGO Redemption,Other,HOU,2017-08-13,318.25,"Torment of Hailfire, The Locust God, Obelisk Spider, Razaketh, the Foulblooded, Solemnity"
House Dimir,Arena Starter Deck,Other,M20,2019-05-03,37.34,"Doom Whisperer, Watery Grave, Etrata, the Silencer, Thief of Sanity, Swamp"
House Dimir 1,Jumpstart,Other,CLU,2024-02-23,1.24,"Dimir Signet, Duskmantle Seer, Memory Vampire, Dimir Aqueduct, Island"
House Dimir 2,Jumpstart,Other,CLU,2024-02-23,0.0,"Dimir Strandcatcher, Thief of Sanity, Murder, Dimir Aqueduct, Swamp"
"Huatli, Dinosaur Knight",Planeswalker Deck,Other,XLN,2017-09-29,13.77,"Huatli, Dinosaur Knight, Goring Ceratops, Kinjalli's Caller, Lightning Strike, Frenzied Raptor"
Humanity's Vengeance,Event Deck,Other,AVR,2012-05-25,261.65,"Mental Misstep, Phyrexian Metamorph, Tandem Lookout, Dismember, Porcelain Legionnaire"
Humans,Deck Builder's Toolkit,Other,M13,2012-07-13,9.11,"Avacyn's Pilgrim, Fiend Hunter, Commander's Authority, Crusader of Odric, Bonds of Faith"
Hunting (1),Jumpstart,Other,TLE,2025-11-20,2.56,"Desperate Plea, Katara, Seeking Revenge, Swamp, Raven Eagle, Thriving Moor"
Hunting (2),Jumpstart,Other,TLE,2025-11-20,2.54,"Ruthless Waterbender, Katara, Seeking Revenge, Swamp, Raven Eagle, Thriving Moor"
Hunting Pack,Intro Pack,Other,ORI,2015-07-17,16.89,"Managorger Hydra, Dwynen, Gilt-Leaf Daen, Shaman of the Pack, Dwynen's Elite, Skysnare Spider"
Icky (1),Jumpstart,Other,J25,2024-11-07,8.22,"Fumulus, the Infestation, Wriggling Grub, Village Rites, Go for the Throat, Devouring Swarm"
Icky (2),Jumpstart,Other,J25,2024-11-07,8.22,"Fumulus, the Infestation, Wriggling Grub, Go for the Throat, Devouring Swarm, Nantuko Husk"
If Looks Could Kill,Secret Lair Drop,Other,SLD,2022-12-05,55.01,"Liliana of the Dark Realms, Azami, Lady of Scrolls, Reflector Mage, Adaptive Automaton"
If Looks Could Kill Foil Edition,Secret Lair Drop,Other,SLD,2022-12-05,55.01,"Liliana of the Dark Realms, Azami, Lady of Scrolls, Reflector Mage, Adaptive Automaton"
Ignite the Forge,Arena Starter Deck,Other,SNC,2022-09-09,24.53,"Haunted Ridge, Professional Face-Breaker, Blood Fountain, Atsushi, the Blazing Sky, Big Score"
Ikoria: Lair of Behemoths Bundle Land Pack,Bundle Land Pack,Other,IKO,2020-04-24,6.14,"Swamp, Swamp, Plains, Plains, Forest"
Ikoria: Lair of Behemoths Foil Redemption,MTGO Redemption,Other,IKO,2020-05-24,314.04,"The Ozolith, Zagoth Triome, Kinnan, Bonder Prodigy, Savai Triome, Indatha Triome"
Ikoria: Lair of Behemoths Redemption,MTGO Redemption,Other,IKO,2020-05-24,314.04,"The Ozolith, Zagoth Triome, Kinnan, Bonder Prodigy, Savai Triome, Indatha Triome"
Illusionary Might,Event Deck,Other,M12,2011-08-12,98.68,"Preordain, Phantasmal Image, Glimmerpost, Steel Hellkite, Grand Architect"
Illusions,Jumpstart,Other,J25,2024-11-07,0.0,"Pol Jamaar, Illusionist, Lord of the Unreal, Murmuring Mystic, Phantom Ninja, Phantasmal Shieldback"
Imaginary Friends,Secret Lair Drop,Other,SLD,2022-10-25,73.3,"Toothy, Imaginary Friend, The Gitrog Monster, Pir, Imaginative Rascal, Matter Reshaper"
Imaginary Friends Foil Edition,Secret Lair Drop,Other,SLD,2022-10-25,73.3,"Toothy, Imaginary Friend, The Gitrog Monster, Pir, Imaginative Rascal, Matter Reshaper"
Impaler,Theme Deck,Other,S99,1999-07-12,4.22,"Nature's Lore, Renewing Touch, Whirlwind, Forest, Pride of Lions"
In Memoriam: Jaya Ballard,Secret Lair Drop,Other,SLD,2022-10-25,113.16,"Pyretic Ritual, Repercussion, Jaya's Immolating Inferno, Pyromancer's Goggles, Jaya Ballard"
In Memoriam: Jaya Ballard Foil Edition,Secret Lair Drop,Other,SLD,2022-10-25,113.16,"Pyretic Ritual, Repercussion, Jaya's Immolating Inferno, Pyromancer's Goggles, Jaya Ballard"
Incredible,Jumpstart,Other,MSH,2026-06-26,17.67,"Hulk, Strongest There Is, Hulk's Thunderclap, She-Hulk, Attorney-at-Law, Origin of the Hulk, Doc Samson, Super Psychiatrist"
Infantry 1,Jumpstart,Other,BRO,2022-11-18,1.33,"Rescue Retriever, Recruitment Officer, Lay Down Arms, Recommission, Reconstructed Thopter"
Infantry 2,Jumpstart,Other,BRO,2022-11-18,1.33,"Rescue Retriever, Lay Down Arms, Yotian Frontliner, Scrapwork Cohort, Veteran's Powerblade"
Infect & Defile,Event Deck,Other,MBS,2011-02-25,106.24,"Preordain, Plague Myr, Hand of the Praetors, Corrupted Conscience, Deprive"
Infernal Intervention,Intro Pack,Other,M15,2014-07-18,19.41,"Profane Memento, Typhoid Rats, Indulgent Tormentor, Burning Anger, Mountain"
Inferno,Jumpstart,Other,FDN,2024-11-15,1.35,"Terror of Mount Velus, Carnelian Orb of Dragonkind, Seize the Spoils, Dragonlord's Servant, Firespitter Whelp"
Infestation,Theme Deck,Other,7ED,2001-04-11,830.56,"Goblin King, Goblin Matron, Trained Orgg, Shock, Pillage"
Ingenious Machinists,Duel Deck,Other,DDU,2018-04-06,39.8,"Goblin Welder, Darksteel Plate, Great Furnace, Galvanic Blast, Darksteel Citadel"
Inked,Secret Lair Drop,Other,SLD,2026-05-29,34.69,"Crypt Ghast, Deathrite Shaman, Ice-Fang Coatl, Burnished Hart, Mulldrifter"
Inked Foil Edition,Secret Lair Drop,Other,SLD,2026-05-29,34.69,"Crypt Ghast, Deathrite Shaman, Ice-Fang Coatl, Burnished Hart, Mulldrifter"
Innistrad Fat Pack Land Pack,Bundle Land Pack,Other,ISD,2011-09-30,9.57,"Swamp, Mountain, Island, Forest, Swamp"
Innistrad Foil Redemption,MTGO Redemption,Other,ISD,2011-10-30,799.33,"Liliana of the Veil, Snapcaster Mage, Parallel Lives, Moonmist, Infernal Plunge"
Innistrad Redemption,MTGO Redemption,Other,ISD,2011-10-30,799.33,"Liliana of the Veil, Snapcaster Mage, Parallel Lives, Moonmist, Infernal Plunge"
Innistrad: Crimson Vow Bundle Land Pack,Bundle Land Pack,Other,VOW,2021-11-19,0.0,"Mountain, Mountain, Swamp, Swamp, Plains"
Innistrad: Crimson Vow Foil Redemption,MTGO Redemption,Other,VOW,2021-12-19,175.09,"Toxrill, the Corrosive, Hallowed Haunting, Deathcap Glade, Olivia, Crimson Bride, Kessig Flamebreather"
Innistrad: Crimson Vow Redemption,MTGO Redemption,Other,VOW,2021-12-19,175.09,"Toxrill, the Corrosive, Hallowed Haunting, Deathcap Glade, Olivia, Crimson Bride, Kessig Flamebreather"
Innistrad: Crimson Vow Welcome Booster,Welcome Booster,Other,VOW,2021-11-19,2.63,"Sorin, Vengeful Bloodlord, Niv-Mizzet, the Firemind, Voldaren Epicure, Thirst for Discovery, Commander's Sphere"
Innistrad: Midnight Hunt Bundle Land Pack,Bundle Land Pack,Other,MID,2021-09-24,0.0,"Mountain, Mountain, Swamp, Swamp, Island"
Innistrad: Midnight Hunt Foil Redemption,MTGO Redemption,Other,MID,2021-10-24,136.19,"The Meathook Massacre, Haunted Ridge, Shipwreck Marsh, Jadar, Ghoulcaller of Nephalia, Deserted Beach"
Innistrad: Midnight Hunt Redemption,MTGO Redemption,Other,MID,2021-10-24,136.19,"The Meathook Massacre, Haunted Ridge, Shipwreck Marsh, Jadar, Ghoulcaller of Nephalia, Deserted Beach"
Innistrad: Midnight Hunt Welcome Booster,Welcome Booster,Other,MID,2021-09-24,0.0,"Rally the Ranks, Triskaidekaphobia, Arlinn, Voice of the Pack, Bladestitched Skaab, Commander's Sphere"
Insanity,Theme Deck,Other,TOR,2002-02-08,306.51,"Arrogant Wurm, Putrid Imp, Basking Rootwalla, Tainted Wood, Wild Mongrel"
Insatiable Hunger,Intro Pack,Other,BNG,2014-02-07,16.93,"Searing Blood, Mistcutter Hydra, Forest, Voyaging Satyr, Ordeal of Nylea"
Insects 1,Jumpstart,Other,J22,2022-12-02,0.0,"Iridescent Hornbeetle, Duskshell Crawler, Caustic Caterpillar, Crawling Sensation, Thriving Grove"
Insects 2,Jumpstart,Other,J22,2022-12-02,29.32,"Zask, Skittering Swarmlord, Circuit Mender, Caustic Caterpillar, Crawling Sensation, Kraul Harpooner"
Insects 3,Jumpstart,Other,J22,2022-12-02,0.0,"Iridescent Hornbeetle, Phantom Nantuko, Deadbridge Goliath, Caustic Caterpillar, Crawling Sensation"
Insects 4,Jumpstart,Other,J22,2022-12-02,29.32,"Zask, Skittering Swarmlord, Caustic Caterpillar, Crawling Sensation, Rampaging Growth, Thriving Grove"
Inspiration-Struck,Intro Pack,Other,BNG,2014-02-07,23.16,"Retraction Helix, Springleaf Drum, Curse of the Swine, Siren of the Silent Song, Island"
Inspiring Heroics,Event Deck,Other,THS,2013-10-18,32.71,"Hallowed Fountain, Imposing Sovereign, Dryad Militant, Frontline Medic, Detention Sphere"
Insurgent (1),Jumpstart,Other,TLE,2025-11-20,3.16,"Tale of Momo, Momo, Rambunctious Rascal, Plains, Inspired Insurgent, Appa, Loyal Sky Bison"
Insurgent (2),Jumpstart,Other,TLE,2025-11-20,9.17,"Duelist's Heritage, That's Rough Buddy, Momo, Rambunctious Rascal, Plains, Inspired Insurgent"
International Women's Day 2020,Secret Lair Drop,Other,SLD,2020-03-08,101.5,"Meren of Clan Nel Toth, Oona, Queen of the Fae, Captain Sisay, Saskia the Unyielding, Narset, Enlightened Master"
Intl. Collectors' Edition,Box Set,Other,CEI,1993-12-10,6183.07,"Mox Ruby, Ancestral Recall, Time Walk, Tundra, Badlands"
Into the Breach,Event Deck,Other,MBS,2011-02-25,94.22,"Memnite, Galvanic Blast, Goblin Bushwhacker, Kuldotha Rebirth, Signal Pest"
Introducing: Kaito Shizuki,Secret Lair Drop,Other,SLD,2022-07-22,80.12,"Snap, Brain Freeze, Bribery, Unmask, Shadow of Doubt"
Introducing: Kaito Shizuki Foil Edition,Secret Lair Drop,Other,SLD,2022-07-22,80.12,"Snap, Brain Freeze, Bribery, Unmask, Shadow of Doubt"
Inundation,Theme Deck,Other,JUD,2002-05-27,255.62,"Commander Eesha, Prismatic Strands, Battle Screech, Tireless Tribe, Unquestioned Authority"
Invading Spawn,Intro Pack,Other,ROE,2010-04-23,86.72,"Pawn of Ulamog, Lightning Bolt, Emrakul's Hatcher, Hand of Emrakul, Bloodthrone Vampire"
Invasion Foil Redemption,MTGO Redemption,Other,INV,2000-11-01,5759.79,"Phyrexian Altar, Tsabo's Web, Reya Dawnbringer, Captain Sisay, Darigaaz, the Igniter"
Invasion Redemption,MTGO Redemption,Other,INV,2000-11-01,5759.79,"Phyrexian Altar, Tsabo's Web, Reya Dawnbringer, Captain Sisay, Darigaaz, the Igniter"
Inventive (1),Jumpstart,Other,J25,2024-11-07,0.0,"Seat of the Synod, Ornithopter of Paradise, Sai, Master Thopterist, Chief of the Foundry, Prophetic Prism"
Inventive (2),Jumpstart,Other,J25,2024-11-07,0.0,"Seat of the Synod, Ornithopter of Paradise, Sai, Master Thopterist, Fireshrieker, Shimmer Dragon"
Inventive (3),Jumpstart,Other,J25,2024-11-07,3.15,"Thoughtcast, Padeem, Consul of Innovation, Seat of the Synod, Myr Enforcer, Ornithopter of Paradise"
Inventive (4),Jumpstart,Other,J25,2024-11-07,1.03,"Padeem, Consul of Innovation, Seat of the Synod, Ornithopter of Paradise, Chief of the Foundry, Guardian Idol"
Inventive 1,Jumpstart,Other,J22,2022-12-02,5.9,"Tezzeret, Artifice Master, Seat of the Synod, Planar Atlas, Aether Spellbomb, Merfolk Pupil"
Inventive 2,Jumpstart,Other,J22,2022-12-02,2.48,"Hangarback Walker, Seat of the Synod, Whirler Rogue, Launch Mishap, Aeronaut Tinkerer"
Inventive 3,Jumpstart,Other,J22,2022-12-02,2.41,"Steel Overseer, Seat of the Synod, Thopter Spy Network, Aether Spellbomb, Clockwork Hydra"
Inventive 4,Jumpstart,Other,J22,2022-12-02,1.2,"Seat of the Synod, Solemn Simulacrum, Aether Spellbomb, Whirler Rogue, Launch Mishap"
Iroh,Jumpstart,Other,TLE,2025-11-20,13.89,"Bolt Bend, Iroh, Dragon of the West, Fiery Confluence, Zuko, Seeking Honor, Thriving Bluff"
Iron Maiden: Album Art,Secret Lair Drop,Other,SLD,2025-10-27,96.23,"Animate Dead, Unearth, Grave Titan, Temporal Trespass, Lethal Scheme"
Iron Maiden: Album Art Foil Edition,Secret Lair Drop,Other,SLD,2025-10-27,96.23,"Animate Dead, Unearth, Grave Titan, Temporal Trespass, Lethal Scheme"
Iron Maiden: Eddie Unchained,Secret Lair Drop,Other,SLD,2025-10-27,167.06,"Bruvac the Grandiloquent, Nekusar, the Mindrazer, Windfall, Mindcrank, Captain N'ghathrod"
Iron Maiden: Eddie Unchained Foil Edition,Secret Lair Drop,Other,SLD,2025-10-27,167.06,"Bruvac the Grandiloquent, Nekusar, the Mindrazer, Windfall, Mindcrank, Captain N'ghathrod"
Iron Man,Jumpstart,Other,MSH,2026-06-26,26.26,"Iron Man, Bleeding Edge, Origin of Iron Man, Iron Suitcase, Rescue, Pepper Potts, Island"
Ivory Doom,Theme Deck,Other,ONS,2002-10-07,207.74,"Smother, Starlit Sanctum, Barren Moor, Astral Slide, Secluded Steppe"
Ixalan Bundle Land Pack,Bundle Land Pack,Other,XLN,2017-09-29,1.89,"Island, Forest, Forest, Island, Forest"
Ixalan Foil Redemption,MTGO Redemption,Other,XLN,2017-10-29,346.78,"Gishath, Sun's Avatar, Revel in Riches, Herald of Secret Streams, Vanquisher's Banner, Primal Amulet // Primal Wellspring"
Ixalan Redemption,MTGO Redemption,Other,XLN,2017-10-29,346.78,"Gishath, Sun's Avatar, Revel in Riches, Herald of Secret Streams, Vanquisher's Banner, Primal Amulet // Primal Wellspring"
Ixidor's Legacy,Theme Deck,Other,PLC,2007-02-02,68.58,"Pongify, Desert, Piracy Charm, Riptide Pilferer, Aeon Chronicler"
Izzet,Duel Deck,Other,DDJ,2012-09-07,18.31,"Isochron Scepter, Brainstorm, Force Spike, Niv-Mizzet, the Firemind, Gelectrode"
Izzet Gizmometry,Theme Deck,Other,GPT,2006-02-03,50.3,"Gelectrode, Izzet Boilerworks, Repeal, Telling Time, Tibor and Lumia"
Izzet Ingenuity,Intro Pack,Other,RTR,2012-10-05,22.26,"Electrickery, Blustersquall, Guttersnipe, Mizzium Mortars, Krenko's Command"
Izzet League,Arena Starter Deck,Other,M20,2019-05-03,49.24,"Steam Vents, Niv-Mizzet, Parun, Electrostatic Field, Runaway Steam-Kin, Thousand-Year Storm"
Izzet League 1,Jumpstart,Other,CLU,2024-02-23,4.63,"Stunt Double, Consider, Turn to Frog, Izzet Boilerworks, Resonance Technician"
Izzet League 2,Jumpstart,Other,CLU,2024-02-23,17.85,"Corporeal Projection, Lightning Bolt, Izzet Signet, Hypersonic Dragon, Izzet Boilerworks"
Izzet Phoenix,Pioneer Challenger Deck,Other,Q08,2022-11-04,34.54,"Steam Vents, Treasure Cruise, Arclight Phoenix, Fiery Impulse, Sulfur Falls"
Izzet Spellweaving,Arena Starter Deck,Other,DOM,2018-03-22,30.83,"Primal Amulet // Primal Wellspring, Spell Swindle, Star of Extinction, Cryptic Serpent, Censor"
Jace,Duel Deck,Other,DD2,2008-11-07,20.53,"Counterspell, Terrain Generator, Jace Beleren, Gush, Ancestral Vision"
Jace Japanese,Duel Deck,Other,DD2,2008-11-07,17.77,"Counterspell, Terrain Generator, Gush, Ancestral Vision, Daze"
"Jace, Arcane Strategist",Planeswalker Deck,Other,WAR,2019-05-03,16.43,"Spark Double, Kiora, Behemoth Beckoner, Merfolk Skydiver, Jace, Arcane Strategist, Guildpact Informant"
"Jace, Ingenious Mind Mage",Planeswalker Deck,Other,XLN,2017-09-29,28.53,"Herald of Secret Streams, Fleet Swallower, Tempest Caller, Island, Jace, Ingenious Mind-Mage"
Jakub Šlemr - Mono-Black Control,World Championship Deck,Other,WC99,1999-08-04,212.99,"Vampiric Tutor, Yawgmoth's Will, Volrath's Stronghold, Powder Keg, Wasteland"
Jakub Šlemr - Prismatic Black Aggro,World Championship Deck,Other,WC97,1997-08-13,29.73,"City of Brass, Gemstone Mine, Undiscovered Paradise, Sulfurous Springs, Underground River"
Jan Tomcani - Dark Fires,World Championship Deck,Other,WC01,2001-08-08,90.59,"Llanowar Wastes, City of Brass, Rishadan Port, Birds of Paradise, Forest"
Janosch Kühn - Angry Non-Hermit,World Championship Deck,Other,WC00,2000-08-02,63.48,"Dust Bowl, Rishadan Port, Birds of Paradise, Masticore, Saproling Burst"
Janosch Kühn - Red-White-Blue Speed Control,World Championship Deck,Other,WC97,1997-08-13,98.72,"Force of Will, City of Brass, Thawing Glaciers, Swords to Plowshares, Undiscovered Paradise"
Jaws: Terror of Amity Island,Secret Lair Drop,Other,SLD,2025-10-27,225.36,"Jaws, Relentless Predator, Descent into Avernus, Sneak Attack, Reckless Endeavor, Abrade"
Jaws: Terror of Amity Island Foil Edition,Secret Lair Drop,Other,SLD,2025-10-27,225.36,"Jaws, Relentless Predator, Descent into Avernus, Sneak Attack, Reckless Endeavor, Abrade"
Jeskai Monks,Intro Pack,Other,KTK,2014-09-26,11.82,"Monastery Swiftspear, Mystic Monastery, Void Snare, Mountain, Plains"
Jiang Yanggu,Planeswalker Deck,Other,GS1,2018-06-22,0.0,"Jiang Yanggu, Forest, Mountain, Screeching Phoenix, Journey for the Elixir"
Jon Finkel - Mono-Blue Tinker,World Championship Deck,Other,WC00,2000-08-02,104.93,"Grim Monolith, Metalworker, Rishadan Port, Tangle Wire, Masticore"
Journey 1,Jumpstart,Other,LTR,2023-06-23,9.41,"Elanor Gardner, Mirkwood Spider, Meriadoc Brandybuck, Revive the Shire, Forest"
Journey 2,Jumpstart,Other,LTR,2023-06-23,10.55,"Elanor Gardner, Peregrin Took, Meriadoc Brandybuck, Revive the Shire, Stew the Coneys"
Journey into Nyx Foil Redemption,MTGO Redemption,Other,JOU,2014-06-01,487.5,"Sage of Hours, Mana Confluence, Athreos, God of Passage, Iroas, God of Victory, Worst Fears"
Journey into Nyx Redemption,MTGO Redemption,Other,JOU,2014-06-01,487.5,"Sage of Hours, Mana Confluence, Athreos, God of Passage, Iroas, God of Victory, Worst Fears"
Judgment Foil Redemption,MTGO Redemption,Other,JUD,2002-06-26,3348.88,"Sylvan Safekeeper, Cabal Therapy, Anger, Seedtime, Solitary Confinement"
Judgment Redemption,MTGO Redemption,Other,JUD,2002-06-26,3348.88,"Sylvan Safekeeper, Cabal Therapy, Anger, Seedtime, Solitary Confinement"
Julien Nuijten - Green-White Astral Slide,World Championship Deck,Other,WC04,2004-09-01,11.44,"Windswept Heath, Decree of Justice, Wrath of God, Plains, Forest"
Jund Appetite for War,Intro Pack,Other,CON,2009-02-06,34.75,"Terramorphic Expanse, Swamp, Voracious Dragon, Forest, Forest"
Jungle Jam,MTGO Theme Deck,Other,MIR,2006-12-05,39.74,"Worldly Tutor, Zuberi, Golden Feather, Mountain Valley, Forest, Plains"
Jungle Secrets,Arena Starter Deck,Other,M19,2018-09-27,36.68,"Herald of Secret Streams, Kumena, Tyrant of Orazca, Tempest Caller, Merfolk Mistbinder, Seafloor Oracle"
Jurassic World: Dr. Ian Malcolm,Secret Lair Drop,Other,SLD,2023-12-05,92.23,"Atla Palani, Nest Tender, Tasigur, the Golden Fang, Tasha's Hideous Laughter, Laboratory Maniac"
Jurassic World: Dr. Ian Malcolm Foil Edition,Secret Lair Drop,Other,SLD,2023-12-05,99.41,"Atla Palani, Nest Tender, Tasigur, the Golden Fang, Tasha's Hideous Laughter, Laboratory Maniac"
Jurassic World: Life Breaks Free,Secret Lair Drop,Other,SLD,2023-12-05,201.41,"Etali, Primal Storm, Polyraptor, Regisaur Alpha, Rampaging Ferocidon, Wayward Swordtooth"
Jurassic World: Life Breaks Free Foil Edition,Secret Lair Drop,Other,SLD,2023-12-05,217.93,"Etali, Primal Storm, Polyraptor, Regisaur Alpha, Wayward Swordtooth, Rampaging Ferocidon"
Just Add Milk,Secret Lair Drop,Other,SLD,2022-12-19,63.18,"Ulamog, the Ceaseless Hunger // Ulamog, the Ceaseless Hunger, Ghalta, Primal Hunger // Ghalta, Primal Hunger, Etali, Primal Storm // Etali, Primal Storm"
Just Add Milk Foil Edition,Secret Lair Drop,Other,SLD,2022-12-19,63.18,"Ulamog, the Ceaseless Hunger // Ulamog, the Ceaseless Hunger, Ghalta, Primal Hunger // Ghalta, Primal Hunger, Etali, Primal Storm // Etali, Primal Storm"
Just Add Milk: Second Helpings,Secret Lair Drop,Other,SLD,2024-02-23,66.72,"Sakashima of a Thousand Faces // Sakashima of a Thousand Faces, Adrix and Nev, Twincasters // Adrix and Nev, Twincasters, Krark, the Thumbless // Krark, the Thumbless, Yargle, Glutton of Urborg // Yargle, Glutton of Urborg"
Just Add Milk: Second Helpings Foil Edition,Secret Lair Drop,Other,SLD,2024-02-23,66.72,"Sakashima of a Thousand Faces // Sakashima of a Thousand Faces, Adrix and Nev, Twincasters // Adrix and Nev, Twincasters, Krark, the Thumbless // Krark, the Thumbless, Yargle, Glutton of Urborg // Yargle, Glutton of Urborg"
Just Some Totally Normal Guys,Secret Lair Drop,Other,SLD,2022-08-05,56.97,"Void Winnower, Collector Ouphe, Vengevine, Goblin Settler"
Just Some Totally Normal Guys Foil Edition,Secret Lair Drop,Other,SLD,2022-08-05,56.97,"Void Winnower, Collector Ouphe, Vengevine, Goblin Settler"
KEXP: Where the Music Matters,Secret Lair Drop,Other,SLD,2025-05-13,17.45,"Swamp, Forest, Mountain, Island, Plains"
KEXP: Where the Music Matters Foil Edition,Secret Lair Drop,Other,SLD,2025-05-13,17.45,"Swamp, Forest, Mountain, Island, Plains"
KEXP: You Are Not Alone,Secret Lair Drop,Other,SLD,2025-05-13,61.37,"Concordant Crossroads, Font of Mythos, Rites of Flourishing, Cultural Exchange, Folio of Fancies"
KEXP: You Are Not Alone Foil Edition,Secret Lair Drop,Other,SLD,2025-05-13,61.37,"Concordant Crossroads, Font of Mythos, Rites of Flourishing, Cultural Exchange, Folio of Fancies"
Kai Budde - Red-Artifact Wildfire,World Championship Deck,Other,WC99,1999-08-04,159.16,"Ancient Tomb, City of Traitors, Grim Monolith, Cursed Scroll, Karn, Silver Golem"
Kaladesh Bundle Land Pack,Bundle Land Pack,Other,KLD,2016-09-30,0.0,"Island, Swamp, Forest, Island, Swamp"
Kaladesh Foil Redemption,MTGO Redemption,Other,KLD,2016-10-30,277.93,"Aetherflux Reservoir, Inventors' Fair, Noxious Gearhulk, Chandra, Torch of Defiance, Authority of the Consuls"
Kaladesh Gift Box Land Pack,Bundle Land Pack,Other,KLD,2016-11-25,0.0,"Island, Swamp, Forest, Island, Swamp"
Kaladesh Redemption,MTGO Redemption,Other,KLD,2016-10-30,277.93,"Aetherflux Reservoir, Inventors' Fair, Noxious Gearhulk, Chandra, Torch of Defiance, Authority of the Consuls"
Kaldheim Bundle Land Pack,Bundle Land Pack,Other,KHM,2021-02-05,7.78,"Swamp, Swamp, Island, Island, Mountain"
Kaldheim Foil Redemption,MTGO Redemption,Other,KHM,2021-03-07,366.14,"Vorinclex, Monstrous Raider, Birgi, God of Storytelling // Harnfel, Horn of Bounty, Halvar, God of Battle // Sword of the Realms, Esika, God of the Tree // The Prismatic Bridge, Tergrid, God of Fright // Tergrid's Lantern"
Kaldheim Redemption,MTGO Redemption,Other,KHM,2021-03-07,366.14,"Vorinclex, Monstrous Raider, Birgi, God of Storytelling // Harnfel, Horn of Bounty, Halvar, God of Battle // Sword of the Realms, Esika, God of the Tree // The Prismatic Bridge, Tergrid, God of Fright // Tergrid's Lantern"
Kaleidoscope Killers,Secret Lair Drop,Other,SLD,2019-12-08,107.95,"The Ur-Dragon, Sliver Overlord, Reaper King"
Kamahl's Temper,Theme Deck,Other,10E,2007-07-13,8.18,"Dragon's Claw, Threaten, Incinerate, Raging Goblin, Beacon of Destruction"
Kami Reborn,Theme Deck,Other,CHK,2004-10-01,103.85,"Honden of Life's Web, Kodama's Reach, Honden of Night's Reach, Iname, Death Aspect, Long-Forgotten Gohei"
Kamigawa Ink,Secret Lair Drop,Other,SLD,2021-12-13,85.73,"Michiko Konda, Truth Seeker, Kami of the Crescent Moon, Heartless Hidetsugu, Reki, the History of Kamigawa, Toshiro Umezawa"
Kamigawa Ink Foil Edition,Secret Lair Drop,Other,SLD,2021-12-13,85.73,"Michiko Konda, Truth Seeker, Kami of the Crescent Moon, Heartless Hidetsugu, Reki, the History of Kamigawa, Toshiro Umezawa"
Kamigawa: Neon Dynasty Bundle Land Pack,Bundle Land Pack,Other,NEO,2022-02-18,0.0,"Swamp, Swamp, Swamp, Swamp, Mountain"
Kamigawa: Neon Dynasty Foil Redemption,MTGO Redemption,Other,NEO,2022-03-20,299.48,"Boseiju, Who Endures, Otawara, Soaring City, Kodama of the West Tree, Takenuma, Abandoned Mire, Jin-Gitaxias, Progress Tyrant"
Kamigawa: Neon Dynasty Redemption,MTGO Redemption,Other,NEO,2022-03-20,299.48,"Boseiju, Who Endures, Otawara, Soaring City, Kodama of the West Tree, Takenuma, Abandoned Mire, Jin-Gitaxias, Progress Tyrant"
Kamigawa: Neon Dynasty Welcome Booster,Welcome Booster,Other,NEO,2022-02-18,5.08,"Jugan, the Rising Star, Tamiyo, Collector of Tales, Archon of Sun's Grace, Spirited Companion, Peerless Samurai"
Kamigawa: the Manga: the Cards,Secret Lair Drop,Other,SLD,2022-07-22,110.18,"Veil of Summer, Swords to Plowshares, Idyllic Tutor, Praetor's Grasp, Solve the Equation"
Kamigawa: the Manga: the Cards Foil Edition,Secret Lair Drop,Other,SLD,2022-07-22,110.18,"Veil of Summer, Swords to Plowshares, Idyllic Tutor, Praetor's Grasp, Solve the Equation"
Kang Dynasty,Jumpstart,Other,MSH,2026-06-26,37.47,"Immortus, Master of Eternity, Multiversal Recruitment, Time Warp, Pharaoh Rama-Tut, Victor Timely, Wily Tycoon"
Katara,Jumpstart,Other,TLE,2025-11-20,8.34,"Katara, Waterbending Master, Consider, Island, Octopus Form, Gran-Gran"
Kazz's First Deck,Intro Pack,Other,ITP,1996-12-31,90.19,"Twiddle, Island, Merfolk of the Pearl Trident, Mountain, Mountain"
Kazz's Second Deck,Intro Pack,Other,RQS,1996-06-10,0.0,"Island, Island, Mountain, Mountain, Mountain"
"Keep Partying Hard, Shred Harder Than You Previously Thought Possible",Secret Lair Drop,Other,SLD,2023-09-15,116.58,"Jeska, Thrice Reborn, Tevesh Szat, Doom of Fools, Vial Smasher the Fierce, Godo, Bandit Warlord"
"Keep Partying Hard, Shred Harder Than You Previously Thought Possible Foil Edition",Secret Lair Drop,Other,SLD,2023-09-15,116.58,"Jeska, Thrice Reborn, Tevesh Szat, Doom of Fools, Vial Smasher the Fierce, Godo, Bandit Warlord"
Keep the Peace,Arena Starter Deck,Other,ANB,2020-08-13,0.0,"Charmed Stray, Fencing Ace, Hallowed Priest, Impassioned Orator, Moorland Inquisitor"
Khans of Tarkir Foil Redemption,MTGO Redemption,Other,KTK,2014-10-26,387.22,"Bloodstained Mire, Wooded Foothills, Polluted Delta, Windswept Heath, Flooded Strand"
Khans of Tarkir Holiday Gift Box Land Pack,Bundle Land Pack,Other,KTK,2014-11-14,1.05,"Mountain, Forest, Plains, Swamp, Plains"
Khans of Tarkir Redemption,MTGO Redemption,Other,KTK,2014-10-26,387.22,"Bloodstained Mire, Wooded Foothills, Polluted Delta, Windswept Heath, Flooded Strand"
Kiora,Duel Deck,Other,DDO,2015-02-27,1.26,"Kiora, the Crashing Wave, Whelming Wave, Scourge of Fleets, Inkwell Leviathan, Aetherize"
Kiska-Ra,Shandalar Enemy Deck,Other,PAST,1997-04-01,23998.35,"Timetwister, Time Walk, Ancestral Recall, Mox Emerald, Mox Pearl"
Kithkin Militia,Theme Deck,Other,LRW,2007-10-12,100.18,"Brigid, Hero of Kinsbaile, Shields of Velis Vel, Crib Swap, Goldmeadow Harrier, Kithkin Harbinger"
Kjeldoran Cunning,Theme Deck,Other,CSP,2006-07-21,91.35,"Darien, King of Kjeldor, Field Marshal, Boreal Shelf, Jötun Grunt, Swords to Plowshares"
Knights,Jumpstart,Other,J22,2022-12-02,19.38,"Balan, Wandering Knight, The Circle of Loyalty, Danitha Capashen, Paragon, Chains of Custody, Thriving Heath"
Kor Armory,Intro Pack,Other,ZEN,2009-10-02,16.07,"Kor Skyfisher, Kabira Crossroads, Explorer's Scope, Kor Cartographer, Conqueror's Pledge"
Koth,Duel Deck,Other,DDI,2012-03-30,3.38,"Koth of the Hammer, Anger, Searing Blaze, Aether Membrane, Wayfarer's Bauble"
Kyoshi,Jumpstart,Other,TLE,2025-11-20,29.69,"Avatar Kyoshi, Earthbender, Cracked Earth Technique, Elephant-Mandrill, Tectonic Split, Kyoshi Warrior Exemplars"
Kzzy'n - The Dragon Lord,Shandalar Enemy Deck,Other,PAST,1997-04-01,384.29,"Mountain, Ivory Tower, Birds of Paradise, Winds of Change, Shivan Dragon"
Landfall (1),Jumpstart,Other,J25,2024-11-07,5.79,"Lotus Cobra, Undergrowth Champion, Harrow, Sutina, Speaker of the Tajuru, Baloth Woodcrasher"
Landfall (2),Jumpstart,Other,J25,2024-11-07,11.79,"Ancient Greenwarden, Retreat to Kazandu, Sutina, Speaker of the Tajuru, Bite Down, Kazandu Nectarpot"
Landfall (3),Jumpstart,Other,J25,2024-11-07,24.63,"Scythecat Cub, Harrow, Retreat to Kazandu, Sutina, Speaker of the Tajuru, Bite Down"
Landfall (4),Jumpstart,Other,J25,2024-11-07,24.63,"Scythecat Cub, Harrow, Sporemound, Groundswell, Sutina, Speaker of the Tajuru"
Landfall 1,Jumpstart,Other,J22,2022-12-02,3.92,"Courser of Kruphix, Zendikar's Roil, Primeval Herald, Rampaging Baloths, Adventuring Gear"
Landfall 2,Jumpstart,Other,J22,2022-12-02,3.09,"Broken Bond, Avenger of Zendikar, Primeval Herald, Khalni Heart Expedition, Evolving Wilds"
Lands (1),Jumpstart,Other,JMP,2020-07-17,1.37,"Cultivate, Zendikar's Roil, Ulvenwald Hydra, Feral Hydra, Thriving Grove"
Lands (2),Jumpstart,Other,JMP,2020-07-17,5.37,"Oracle of Mul Daya, Cultivate, Sporemound, Feral Hydra, Thriving Grove"
Landslide Charge,Event Deck,Other,DTK,2015-03-27,47.27,"Stubborn Denial, Elvish Mystic, Thunderbreak Regent, Mistcutter Hydra, Frontier Bivouac"
Large and in Charge,Arena Starter Deck,Other,ANB,2020-08-13,0.0,"Jungle Delver, Ilysian Caryatid, Woodland Mystic, Wildwood Patrol, Baloth Packhunter"
Law 1,Jumpstart,Other,J22,2022-12-02,0.0,"Archon of Justice, Thriving Heath, Skyhunter Patrol, Plains, Plains"
Law 2,Jumpstart,Other,J22,2022-12-02,1.78,"Unquestioned Authority, Thriving Heath, Decree of Justice, Skyhunter Patrol, Plains"
Law 3,Jumpstart,Other,J22,2022-12-02,1.78,"Unquestioned Authority, Gideon, Champion of Justice, Thriving Heath, Skyhunter Patrol, Angelic Edict"
Law 4,Jumpstart,Other,J22,2022-12-02,10.14,"Michiko Konda, Truth Seeker, Isamaru, Hound of Konda, Thriving Heath, Skyhunter Patrol, Plains"
Learning (1),Jumpstart,Other,TLE,2025-11-20,8.55,"Cracked Earth Technique, Crystalline Armor, Origin of Metalbending, Aang, A Lot to Learn, Shared Roots"
Learning (2),Jumpstart,Other,TLE,2025-11-20,6.12,"Cracked Earth Technique, Master's Guidance, Aang, A Lot to Learn, Forest, Zuko's Exile"
Legendary Flyers (Not That Kind),Secret Lair Drop,Other,SLD,2023-05-05,108.39,"Phage the Untouchable, Sen Triplets, Alela, Artful Provocateur, Yisan, the Wanderer Bard"
Legion (1),Jumpstart,Other,J25,2024-11-07,1.66,"Adeline, Resplendent Cathar, Hinterland Sanctifier, Recruitment Officer, Mentor of the Meek, Raise the Alarm"
Legion (2),Jumpstart,Other,J25,2024-11-07,1.66,"Adeline, Resplendent Cathar, Hinterland Sanctifier, Triplicate Spirits, Recruitment Officer, Mentor of the Meek"
Legion (3),Jumpstart,Other,JMP,2020-07-17,0.0,"Glorious Anthem, Plains, Legion's Judgment, Plains, Release the Dogs"
Legion (4),Jumpstart,Other,JMP,2020-07-17,1.27,"Selfless Savior, Plains, Legion's Judgment, Lena, Selfless Champion, Mentor of the Meek"
Legion Aloft,Intro Pack,Other,ARB,2009-04-30,90.55,"Whispersilk Cloak, Terramorphic Expanse, Plains, Etherium Sculptor, Path to Exile"
Legion of Dusk,Theme Deck,Other,E02,2017-11-24,36.13,"Beacon of Immortality, Vanquisher's Banner, Shielded by Faith, Day of Judgment, Bloodcrazed Paladin"
Legion of Glory,MTGO Theme Deck,Other,VIS,2006-04-10,8.59,"Retribution of the Meek, Plains, Zhalfirin Crusader, Plains, Plains"
Legions Foil Redemption,MTGO Redemption,Other,LGN,2003-03-05,2565.35,"Akroma, Angel of Wrath, Seedborn Muse, Graveborn Muse, Phage the Untouchable, Toxin Sliver"
Legions Redemption,MTGO Redemption,Other,LGN,2003-03-05,2565.35,"Akroma, Angel of Wrath, Seedborn Muse, Graveborn Muse, Phage the Untouchable, Toxin Sliver"
Legions of Phyrexia,Arena Starter Deck,Other,LTR,2023-06-20,10.42,"Phyrexian Arena, Gix, Yawgmoth Praetor, Essence of Orthodoxy, Caves of Koilos, Seedpod Caretaker"
"Leon Lindback, Semifinalist",Pro Tour Deck,Other,PTC,1996-05-01,96.42,"Dance of the Dead, Necropotence, Strip Mine, Hypnotic Specter, Zuran Orb"
Leonardo,Theme Deck,Other,TMT,2026-03-06,1.27,"Splinter, Aging Champion, Splinter & Leo, Father & Son, Leonardo, Worldly Warrior, Leo's Guidance, Leonardo, Big Brother"
Lessons (1),Jumpstart,Other,TLE,2025-11-20,7.03,"Whirlwind Technique, Chakra Meditation, Boomerang Basics, Katara, Seeking Revenge, Accumulate Wisdom"
Lessons (2),Jumpstart,Other,TLE,2025-11-20,5.31,"Whirlwind Technique, Chakra Meditation, Katara, Seeking Revenge, Accumulate Wisdom, Island"
Lethal,Jumpstart,Other,MSH,2026-06-26,11.92,"Black Widow, Deadly Hunter, White Widow, Yelena Belova, Origin of Black Widow, Swamp, Titanium Man"
Levelers Scorn,Intro Pack,Other,ROE,2010-04-23,39.48,"Telepathy, Island, Swamp, Island, Island"
Levelers' Glory,Intro Pack,Other,ROE,2010-04-23,29.25,"Island, Island, Island, Plains, Island"
Li'l Giri Saves the Day,Secret Lair Drop,Other,SLD,2022-08-11,69.36,"Curiosity, Last Chance, Vandalblast, Peek, Greed"
Li'l Walkers,Secret Lair Drop,Other,SLD,2022-07-22,49.85,"Ashiok, Dream Render, Tamiyo, the Moon Sage, Sorin, Grim Nemesis, Ajani, Mentor of Heroes, Angrath, the Flame-Chained"
Li'l Walkers Foil Edition,Secret Lair Drop,Other,SLD,2022-07-22,49.85,"Ashiok, Dream Render, Tamiyo, the Moon Sage, Sorin, Grim Nemesis, Ajani, Mentor of Heroes, Angrath, the Flame-Chained"
Li'l'ler Walkers,Secret Lair Drop,Other,SLD,2022-11-14,59.37,"Narset, Parter of Veils, Elspeth, Sun's Champion, Garruk Wildspeaker, Saheeli, Sublime Artificer, Sarkhan Vol"
Li'l'ler Walkers Foil Edition,Secret Lair Drop,Other,SLD,2022-11-14,59.37,"Narset, Parter of Veils, Elspeth, Sun's Champion, Garruk Wildspeaker, Saheeli, Sublime Artificer, Sarkhan Vol"
Librarian,Jumpstart,Other,TLE,2025-11-20,5.25,"Wan Shi Tong, All-Knowing, Brainstorm, Dutiful Knowledge Seeker, Accumulate Wisdom, Island"
Library Depletion,Deck Builder's Toolkit,Other,M14,2013-07-19,7.91,"Codex Shredder, Psychic Spiral, Tome Scour, Psychic Strike, Paranoid Delusions"
Life Boost,Theme Deck,Other,8ED,2003-07-28,28.58,"Glorious Anthem, Spirit Link, Angel of Mercy, Plains, Plains"
Life Drain,Theme Deck,Other,EVE,2008-07-25,146.87,"Batwing Brume, Divinity of Pride, Swamp, Soul Snuffers, Resplendent Mentor"
Life Gain,Deck Builder's Toolkit,Other,M14,2013-07-19,6.4,"Angelic Accord, Unflinching Courage, Congregate, Soulmender, Voracious Wurm"
Life Skills,Arena Starter Deck,Other,M21,2021-07-03,69.7,"Shadowspear, Vito, Thorn of the Dusk Rose, Baneslayer Angel, Indulging Patrician, Silversmote Ghoul"
Life for Death,Intro Pack,Other,NPH,2011-05-13,122.09,"Gut Shot, Mountain, Marrow Shards, Shattered Angel, Phyrexian Rebirth"
Lifegain,Theme Deck,Other,SOS,2026-04-24,6.36,"Haliya, Guided by Light, Starscape Cleric, Amalia Benavides Aguirre, Essence Channeler, Requiting Hex"
Lifeline,Arena Starter Deck,Other,AFR,2021-09-24,15.48,"Righteous Valkyrie, Branchloft Pathway // Boulderloft Pathway, Valkyrie Harbinger, Cleric Class, Icingdeath, Frost Tyrant"
Liftoff,Theme Deck,Other,ODY,2001-10-01,177.86,"Peek, Skycloud Egg, Plains, Mystic Crusader, Millikin"
Lightforce,Intro Pack,Other,M14,2013-07-19,25.44,"Elixir of Immortality, Angelic Accord, Indestructibility, Brave the Elements, Forest"
Lightning (1),Jumpstart,Other,JMP,2020-07-17,2.52,"Lightning Bolt, Lightning Phoenix, Mountain, Lightning Axe, Mountain"
Lightning (2),Jumpstart,Other,JMP,2020-07-17,0.0,"Ball Lightning, Lightning Phoenix, Chain Lightning, Mountain, Lightning Axe"
Lightning Aggro,Challenger Deck,Other,Q02,2019-04-12,22.96,"Runaway Steam-Kin, Banefire, Rekindling Phoenix, Goblin Chainwhirler, Fanatical Firebrand"
Lil Legends,Secret Lair Drop,Other,SLD,2024-08-19,22.52,"Orvar, the All-Form, Reya Dawnbringer, Omnath, Locus of Creation, Drana, the Last Bloodchief, Lavinia, Azorius Renegade"
Lilest Walkers,Secret Lair Drop,Other,SLD,2023-09-22,29.44,"Karn, Scion of Urza, Venser, the Sojourner, Aminatou, the Fateshifter, Chandra, Flame's Catalyst, Daretti, Ingenious Iconoclast"
Lilest Walkers Foil Edition,Secret Lair Drop,Other,SLD,2023-09-22,25.78,"Aminatou, the Fateshifter, Venser, the Sojourner, Chandra, Flame's Catalyst, Karn, Scion of Urza, Daretti, Ingenious Iconoclast"
Liliana,Jumpstart,Other,JMP,2020-07-17,4.82,"Liliana, Waker of the Dead, Swamp, Swamp, Liliana's Standard Bearer, Goremand"
"Liliana, Death Mage",Planeswalker Deck,Other,M21,2020-07-03,6.61,"Liliana, Death Mage, Swamp, Liliana's Scrounger, Demonic Embrace, Swamp"
"Liliana, Death Wielder",Planeswalker Deck,Other,AKH,2017-04-28,7.62,"Liliana, Death Wielder, Grasping Dunes, Cartouche of Strength, Cartouche of Ambition, Forest"
Line of Fire,Arena Starter Deck,Other,M21,2021-07-03,8.43,"Piper of the Swarm, Kroxa, Titan of Death's Hunger, Serrated Scorpion, Woe Strider, Swamp"
Little Bashers,Theme Deck,Other,MRD,2003-10-02,68.38,"Banshee's Blade, Viridian Longbow, Gold Myr, Loxodon Warhammer, Fireshrieker"
Lofty Heights,Theme Deck,Other,9ED,2005-07-29,38.7,"Sleight of Hand, Mana Leak, Telepathy, Archivist, Boomerang"
Look at the Kitties,Secret Lair Drop,Other,SLD,2022-11-17,270.56,"Lord Windgrace, Violent Outburst, Felidar Sovereign, Descendants' Path"
Lord of Fate,Shandalar Enemy Deck,Other,PAST,1997-04-01,36.8,"Divine Transformation, Ornithopter, Dark Ritual, Serra Angel, Swamp"
Lorwyn Eclipsed Bundle Land Pack,Bundle Land Pack,Other,ECL,2026-01-23,0.0,"Forest, Forest, Plains, Plains, Mountain"
Lorwyn Eclipsed Redemption,MTGO Redemption,Other,ECL,2026-02-11,217.77,"Chronicle of Victory, Hexing Squelcher, Bitterbloom Bearer, Steam Vents, Bloom Tender"
Lorwyn Fat Pack Land Pack,Bundle Land Pack,Other,LRW,2007-10-12,53.01,"Island, Swamp, Forest, Swamp, Forest"
Lorwyn Foil Redemption,MTGO Redemption,Other,LRW,2007-11-11,2930.48,"Thoughtseize, Thousand-Year Elixir, Ponder, Shapesharer, Springleaf Drum"
Lorwyn Lightboxes,Secret Lair Drop,Other,SLD,2025-02-11,45.69,"Gilt-Leaf Palace, Secluded Glen, Auntie's Hovel, Wanderwine Hub, Ancient Amphitheater"
Lorwyn Lightboxes Foil Edition,Secret Lair Drop,Other,SLD,2025-02-11,45.69,"Gilt-Leaf Palace, Secluded Glen, Auntie's Hovel, Wanderwine Hub, Ancient Amphitheater"
Lorwyn Redemption,MTGO Redemption,Other,LRW,2007-11-11,2930.48,"Thoughtseize, Thousand-Year Elixir, Ponder, Shapesharer, Springleaf Drum"
Lotus Field Combo,Pioneer Challenger Deck,Other,Q06,2021-10-15,42.31,"Lotus Field, Thespian's Stage, Peer into the Abyss, Mastermind's Acquisition, Dig Through Time"
MSCHF,Secret Lair Drop,Other,SLD,2022-02-04,128.3,"Swords to Plowshares, Grim Tutor, Teferi's Puzzle Box, Blood Moon, Cut // Ribbons"
Magic 2010 Fat Pack Land Pack,Bundle Land Pack,Other,M10,2009-07-17,16.05,"Plains, Island, Swamp, Forest, Mountain"
Magic 2010 Foil Redemption,MTGO Redemption,Other,M10,2009-08-16,1075.9,"Lurking Predators, Time Warp, Silence, Liliana Vess, Sphinx Ambassador"
Magic 2010 Redemption,MTGO Redemption,Other,M10,2009-08-16,1075.9,"Lurking Predators, Time Warp, Silence, Liliana Vess, Sphinx Ambassador"
Magic 2011 Fat Pack Land Pack,Bundle Land Pack,Other,M11,2010-07-16,30.12,"Plains, Plains, Island, Mountain, Forest"
Magic 2011 Foil Redemption,MTGO Redemption,Other,M11,2010-08-15,965.73,"Serra Ascendant, Primeval Titan, Voltaic Key, Goblin Chieftain, Pyretic Ritual"
Magic 2011 Redemption,MTGO Redemption,Other,M11,2010-08-15,965.73,"Serra Ascendant, Primeval Titan, Voltaic Key, Goblin Chieftain, Pyretic Ritual"
Magic 2012 Fat Pack Land Pack,Bundle Land Pack,Other,M12,2011-07-15,7.02,"Swamp, Mountain, Swamp, Island, Mountain"
Magic 2012 Foil Redemption,MTGO Redemption,Other,M12,2011-08-14,795.06,"Grand Abolisher, Sorin Markov, Garruk, Primal Hunter, Angelic Destiny, Jace's Archivist"
Magic 2012 Redemption,MTGO Redemption,Other,M12,2011-08-14,795.06,"Grand Abolisher, Sorin Markov, Garruk, Primal Hunter, Angelic Destiny, Jace's Archivist"
Magic 2013 Fat Pack Land Pack,Bundle Land Pack,Other,M13,2012-07-13,9.59,"Plains, Plains, Island, Forest, Island"
Magic 2013 Foil Redemption,MTGO Redemption,Other,M13,2012-08-12,708.37,"Worldfire, Akroma's Memorial, Liliana of the Dark Realms, Vampire Nocturnus, Clock of Omens"
Magic 2013 Redemption,MTGO Redemption,Other,M13,2012-08-12,708.37,"Worldfire, Akroma's Memorial, Liliana of the Dark Realms, Vampire Nocturnus, Clock of Omens"
Magic 2014 Fat Pack Land Pack,Bundle Land Pack,Other,M14,2013-07-19,0.0,"Mountain, Island, Swamp, Forest, Plains"
Magic 2014 Foil Redemption,MTGO Redemption,Other,M14,2013-08-18,657.64,"Archangel of Thune, Kalonian Hydra, Darksteel Forge, Dark Prophecy, Silence"
Magic 2014 Redemption,MTGO Redemption,Other,M14,2013-08-18,657.64,"Archangel of Thune, Kalonian Hydra, Darksteel Forge, Dark Prophecy, Silence"
Magic 2015 Fat Pack Land Pack,Bundle Land Pack,Other,M15,2014-07-18,0.0,"Forest, Mountain, Island, Forest, Swamp"
Magic 2015 Foil Redemption,MTGO Redemption,Other,M15,2014-08-17,580.52,"Urborg, Tomb of Yawgmoth, Sliver Hivelord, Sliver Hive, The Chain Veil, Nissa, Worldwaker"
Magic 2015 Redemption,MTGO Redemption,Other,M15,2014-08-17,580.52,"Urborg, Tomb of Yawgmoth, Sliver Hivelord, Sliver Hive, The Chain Veil, Nissa, Worldwaker"
Magic Origins Fat Pack Land Pack,Bundle Land Pack,Other,ORI,2015-07-17,0.0,"Plains, Swamp, Plains, Island, Island"
Magic Origins Foil Redemption,MTGO Redemption,Other,ORI,2015-08-16,524.25,"Starfield of Nyx, Alhammarret's Archive, Liliana, Heretical Healer // Liliana, Defiant Necromancer, Woodland Bellower, Elemental Bond"
Magic Origins Redemption,MTGO Redemption,Other,ORI,2015-08-16,524.25,"Starfield of Nyx, Alhammarret's Archive, Liliana, Heretical Healer // Liliana, Defiant Necromancer, Woodland Bellower, Elemental Bond"
Magic: The Baseballing,Secret Lair Drop,Other,SLD,2023-09-15,48.92,"Liliana Vess // Liliana Vess, Jace Beleren // Jace Beleren, Chandra Nalaar // Chandra Nalaar, Ajani Goldmane // Ajani Goldmane, Garruk Wildspeaker // Garruk Wildspeaker"
Magic: The Baseballing Foil Edition,Secret Lair Drop,Other,SLD,2023-09-15,48.92,"Liliana Vess // Liliana Vess, Jace Beleren // Jace Beleren, Chandra Nalaar // Chandra Nalaar, Ajani Goldmane // Ajani Goldmane, Garruk Wildspeaker // Garruk Wildspeaker"
MagicCon: the Gathering,Secret Lair Drop,Other,SLD,2025-08-18,43.43,"Sliver Legion, Pack Rat, Shared Summons, Sylvan Offering"
Mahō Gakuin Seishun Hakusho — 魔法学院青春白書,Secret Lair Drop,Other,SLD,2026-05-12,61.48,"Stinging Study, Notion Thief, Time Stretch, Thought Scour, Rule of Law"
Mahō Gakuin Seishun Hakusho — 魔法学院青春白書 Foil Edition,Secret Lair Drop,Other,SLD,2026-05-12,61.48,"Stinging Study, Notion Thief, Time Stretch, Thought Scour, Rule of Law"
Making Fetch Happen,Secret Lair Drop,Other,SLU,2020-05-29,215.22,"Scalding Tarn, Verdant Catacombs, Arid Mesa, Marsh Flats, Misty Rainforest"
Mana Ramp,Deck Builder's Toolkit,Other,M14,2013-07-19,10.59,"Axebane Guardian, Gatecreeper Vine, Nimbus Swimmer, Urban Evolution, Verdant Haven"
Mandurang,Shandalar Enemy Deck,Other,PAST,1997-04-01,346.51,"Mountain, Dancing Scimitar, Carrion Ants, Braingeyser, Blood Lust"
Manipulative Monstrosities,Intro Pack,Other,THS,2013-09-27,11.62,"Archaeomancer, Curse of the Swine, Wall of Frost, Island, Coral Merfolk"
Manuel Bevand - Myr Incubator Combo,World Championship Deck,Other,WC04,2004-09-01,90.83,"Chrome Mox, Ancient Den, Darksteel Citadel, Krark-Clan Ironworks, Fabricate"
Marauders 1,Jumpstart,Other,LTR,2023-06-23,2.38,"Assault on Osgiliath, Erebor Flamesmith, Grishnákh, Brash Instigator, Fear, Fire, Foes!, Mountain"
Marauders 2,Jumpstart,Other,LTR,2023-06-23,2.38,"Assault on Osgiliath, Erebor Flamesmith, Grishnákh, Brash Instigator, Mountain, Gimli, Counter of Kills"
March of the Machine Bundle Land Pack,Bundle Land Pack,Other,MOM,2023-04-21,0.0,"Plains, Swamp, Forest, Plains, Swamp"
March of the Machine Foil Redemption,MTGO Redemption,Other,MOM,2023-05-17,285.65,"Etali, Primal Conqueror // Etali, Primal Sickness, Urabrask // The Great Work, Sheoldred // The True Scriptures, Faerie Mastermind, Invasion of Ikoria // Zilortha, Apex of Ikoria"
March of the Machine Redemption,MTGO Redemption,Other,MOM,2023-05-17,285.65,"Etali, Primal Conqueror // Etali, Primal Sickness, Urabrask // The Great Work, Sheoldred // The True Scriptures, Faerie Mastermind, Invasion of Ikoria // Zilortha, Apex of Ikoria"
March of the Machine Welcome Booster,Welcome Booster,Other,MOM,2023-04-21,2.03,"Siege Rhino, Chandra, Heart of Fire, Defiant Bloodlord, Commander's Sphere, Hellkite Punisher"
March of the Multitudes,Modern Event Deck,Other,MD1,2014-05-30,75.98,"Sword of Feast and Famine, City of Brass, Elspeth, Knight-Errant, Soul Warden, Path to Exile"
Mardu Raiders,Intro Pack,Other,KTK,2014-09-26,6.56,"Nomad Outpost, Gurmag Swiftwing, Crackling Doom, Mountain, Ankle Shanker"
"Mark Justice, Quarterfinalist",Pro Tour Deck,Other,PTC,1996-05-01,114.96,"Black Vise, Winter Orb, City of Brass, Lightning Bolt, Mishra's Factory"
Mark Le Pine - Sped Red,World Championship Deck,Other,WC99,1999-08-04,67.19,"Ancient Tomb, Wasteland, Cursed Scroll, Mountain, Mountain"
Martial Law,Theme Deck,Other,P02,1998-06-24,52.53,"Armageddon, Angel of Fury, Plains, Alaborn Veteran, Plains"
Marvel Super Heroes Bundle Land Pack,Bundle Land Pack,Other,MSH,2025-09-26,9.22,"Swamp, Island, Swamp, Island, Mountain"
Marvel Super Heroes Draft Night Land Pack,Bundle Land Pack,Other,MSH,2025-09-26,0.0,"Plains, Plains, Forest, Swamp, Mountain"
Marvel's Black Panther,Secret Lair Drop,Other,SLD,2024-11-05,64.34,"Black Panther, Wakandan King, Heroic Intervention, Primal Vigor, Karn's Bastion, Secure the Wastes"
Marvel's Black Panther Foil Edition,Secret Lair Drop,Other,SLD,2024-11-05,64.34,"Black Panther, Wakandan King, Heroic Intervention, Primal Vigor, Karn's Bastion, Secure the Wastes"
Marvel's Captain America,Secret Lair Drop,Other,SLD,2024-11-05,112.63,"Captain America, First Avenger, Flawless Maneuver, Sigarda's Aid, Sword of War and Peace, In the Trenches"
Marvel's Captain America Foil Edition,Secret Lair Drop,Other,SLD,2024-11-05,112.63,"Captain America, First Avenger, Flawless Maneuver, Sigarda's Aid, Sword of War and Peace, In the Trenches"
Marvel's Deadpool,Secret Lair Drop,Other,SLD,2025-04-02,57.66,"Deadly Rollick, Deadpool, Trading Card, Saw in Half, Blasphemous Act, Vandalblast"
Marvel's Deadpool Foil Edition,Secret Lair Drop,Other,SLD,2025-04-02,57.66,"Deadly Rollick, Deadpool, Trading Card, Saw in Half, Blasphemous Act, Vandalblast"
Marvel's Deadpool: I Fixed It (You're Welcome),Secret Lair Drop,Other,SLD,2026-04-06,19.01,"Sol Ring, Lightning Greaves, Lightning Bolt, Deadly Dispute, Thrill of Possibility"
Marvel's Deadpool: I Fixed It (You're Welcome) Foil Edition,Secret Lair Drop,Other,SLD,2026-04-06,19.01,"Sol Ring, Lightning Greaves, Lightning Bolt, Deadly Dispute, Thrill of Possibility"
Marvel's Deadpool: I Fixed It (You're Welcome) Pool Party Foil Edition,Secret Lair Drop,Other,SLD,2026-04-06,30.66,"Sol Ring, Lightning Greaves, Lightning Bolt, Deadly Dispute, Thrill of Possibility"
Marvel's Iron Man,Secret Lair Drop,Other,SLD,2024-11-05,106.42,"Commander's Plate, Iron Man, Titan of Innovation, Inventors' Fair, Sol Ring, Galvanic Blast"
Marvel's Iron Man Foil Edition,Secret Lair Drop,Other,SLD,2024-11-05,106.42,"Commander's Plate, Iron Man, Titan of Innovation, Inventors' Fair, Sol Ring, Galvanic Blast"
Marvel's Spider-Man Bundle Land Pack,Bundle Land Pack,Other,SPM,2025-09-26,0.0,"Swamp, Plains, Island, Mountain, Swamp"
Marvel's Spider-Man Foil Bundle Land Pack,Bundle Land Pack,Other,SPM,2025-09-26,0.0,"Swamp, Plains, Island, Mountain, Swamp"
Marvel's Spider-Man: Daily Bugle Breaking News,Secret Lair Drop,Other,SLD,2025-09-30,32.74,"Scheming Symmetry, Blasphemous Act, Frantic Search, Impact Tremors, Fact or Fiction"
Marvel's Spider-Man: Daily Bugle Breaking News Foil Edition,Secret Lair Drop,Other,SLD,2025-09-30,32.74,"Scheming Symmetry, Blasphemous Act, Frantic Search, Impact Tremors, Fact or Fiction"
Marvel's Spider-Man: Heroic Deeds,Secret Lair Drop,Other,SLD,2025-09-30,53.53,"Three Visits, Sol Ring, Ephemerate, Lightning Greaves, Command Tower"
Marvel's Spider-Man: Heroic Deeds Foil Edition,Secret Lair Drop,Other,SLD,2025-09-30,53.53,"Three Visits, Sol Ring, Ephemerate, Lightning Greaves, Command Tower"
Marvel's Spider-Man: Mana Symbiote Raised Foil Edition,Secret Lair Drop,Other,SLD,2025-09-30,65.81,"Swamp, Mountain, Plains, Forest, Island"
Marvel's Spider-Man: Venom Unleashed (Colors),Secret Lair Drop,Other,SLD,2025-09-30,44.83,"Damnation, Dark Ritual, Peer into the Abyss, Surgical Extraction, Tendrils of Agony"
Marvel's Spider-Man: Venom Unleashed (Colors) Foil Edition,Secret Lair Drop,Other,SLD,2025-09-30,44.83,"Damnation, Dark Ritual, Peer into the Abyss, Surgical Extraction, Tendrils of Agony"
Marvel's Spider-Man: Venom Unleashed (Inks),Secret Lair Drop,Other,SLD,2025-09-30,33.37,"Damnation, Dark Ritual, Peer into the Abyss, Surgical Extraction, Tendrils of Agony"
Marvel's Spider-Man: Venom Unleashed (Inks) Foil Edition,Secret Lair Drop,Other,SLD,2025-09-30,33.37,"Damnation, Dark Ritual, Peer into the Abyss, Surgical Extraction, Tendrils of Agony"
Marvel's Spider-Man: Villainous Plots,Secret Lair Drop,Other,SLD,2025-09-30,39.17,"Sol Ring, Lightning Greaves, Deadly Dispute, Go for the Throat, Command Tower"
Marvel's Spider-Man: Villainous Plots Foil Edition,Secret Lair Drop,Other,SLD,2025-09-30,39.17,"Sol Ring, Lightning Greaves, Deadly Dispute, Go for the Throat, Command Tower"
Marvel's Storm,Secret Lair Drop,Other,SLD,2024-11-05,95.66,"Jeska's Will, Storm, Force of Nature, Manamorphose, Ice Storm, Lightning Bolt"
Marvel's Storm Foil Edition,Secret Lair Drop,Other,SLD,2024-11-05,95.66,"Jeska's Will, Storm, Force of Nature, Manamorphose, Ice Storm, Lightning Bolt"
Marvel's Wolverine,Secret Lair Drop,Other,SLD,2024-11-05,142.26,"The Ozolith, Wolverine, Best There Is, Rhythm of the Wild, Berserk, Rite of Passage"
Marvel's Wolverine Foil Edition,Secret Lair Drop,Other,SLD,2024-11-05,142.26,"The Ozolith, Wolverine, Best There Is, Rhythm of the Wild, Berserk, Rite of Passage"
Marvel: Spinner Rack Specials,Secret Lair Drop,Other,SLD,2026-07-21,107.1,"Tippy-Toe, Terrific Partner, Hex Magic, Baxter Building, Undead Hand Ninja, Hammerhead, Maggia Boss"
Marvel: Spinner Rack Specials Foil Edition,Secret Lair Drop,Other,SLD,2026-07-21,107.1,"Tippy-Toe, Terrific Partner, Hex Magic, Baxter Building, Undead Hand Ninja, Hammerhead, Maggia Boss"
Marvelous,Jumpstart,Other,MSH,2026-06-26,40.49,"Captain Marvel, Shooting Star, Quantum Entanglement, Photon, Lady of Light, Ms. Marvel, Elastic Ally, Marvel Boy, Noh-Varr"
Massed Ranks,Intro Pack,Other,DTK,2015-03-27,11.06,"Secure the Wastes, Inspiring Call, Plains, Forest, Enduring Scalelord"
Massive Menagerie,Arena Starter Deck,Other,M21,2021-07-03,24.69,"Serpent of Yawning Depths, Elder Gargaroth, Ram Through, Kogla, the Titan Ape, Thorn Mammoth"
Massive Might,Game Night Deck,Other,GN2,2019-11-15,8.43,"Voracious Hydra, Earthshaker Giant, Ripjaw Raptor, Ghalta, Primal Hunger, Leafkin Druid"
Master Blaster,Theme Deck,Other,DST,2004-02-06,106.36,"Great Furnace, Darksteel Citadel, Iron Myr, Pyrite Spellbomb, Molten Rain"
Math Is For Blockers,Secret Lair Drop,Other,SLD,2021-12-13,33.33,"Ohran Frostfang, Brazen Borrower // Petty Theft, Vindictive Lich, Thragtusk, Meandering Towershell"
Math Is For Blockers Foil Edition,Secret Lair Drop,Other,SLD,2021-12-13,33.33,"Ohran Frostfang, Brazen Borrower // Petty Theft, Vindictive Lich, Thragtusk, Meandering Towershell"
Matt Linde - Mono-Green Stompy,World Championship Deck,Other,WC99,1999-08-04,329.07,"Gaea's Cradle, Cursed Scroll, Forest, Forest, Rancor"
Max Attax,Theme Deck,Other,SCG,2003-05-26,240.6,"Smother, Temple of the False God, Tranquil Thicket, Barren Moor, Swamp"
Mayhem,Jumpstart,Other,MSH,2026-06-26,6.46,"Green Goblin, Back for More, Daily Bugle Newspaper, Sadistic Slash, Swamp, Rocket-Powered Goblin Glider"
Meditations on Nature,Secret Lair Drop,Other,SLD,2023-12-18,102.47,"Plains, Mountain, Island, Forest, Swamp"
Meditations on Nature Foil Edition,Secret Lair Drop,Other,SLD,2023-11-30,102.47,"Plains, Mountain, Island, Forest, Swamp"
Mercenaries,Theme Deck,Other,NEM,2000-02-14,517.09,"Dark Ritual, Massacre, Cateran Summons, Haunted Crossroads, Belbe's Portal"
Mercenaries - Enhanced Deck,Enhanced Deck,Other,NEM,2000-02-14,693.29,"Dark Ritual, Yawgmoth's Will, Cateran Summons, Contamination, Silent Assassin"
Merfolk,Duel Deck,Other,DDT,2017-11-10,11.87,"Misdirection, Master of the Pearl Trident, Harbinger of the Tides, Engulf the Shore, Merrow Reejerey"
Merfolk 1,Jumpstart,Other,J22,2022-12-02,0.0,"Seafloor Oracle, Merrow Reejerey, Triton Shorestalker, Sage of the Falls, Aquatic Incursion"
Merfolk 2,Jumpstart,Other,J22,2022-12-02,0.0,"Svyelun of Sea and Sky, Merrow Reejerey, Merfolk Pupil, Triton Shorestalker, River Sneak"
Merfolk 3,Jumpstart,Other,J22,2022-12-02,0.0,"Merrow Reejerey, Harbinger of the Tides, Stonybrook Angler, Triton Shorestalker, Fallowsage"
Merfolk 4,Jumpstart,Other,J22,2022-12-02,0.0,"Merfolk Sovereign, Merrow Reejerey, Triton Shorestalker, Aquatic Incursion, River Sneak"
Merfolk Shaman,Shandalar Enemy Deck,Other,PAST,1997-04-01,72.23,"Island Fish Jasconius, Lord of Atlantis, Unstable Mutation, Magical Hack, Segovian Leviathan"
Merrow Riverways,Theme Deck,Other,LRW,2007-10-12,408.0,"Ponder, Springleaf Drum, Wanderwine Prophets, Merrow Commerce, Merrow Reejerey"
Metalcraft,Deck Builder's Toolkit,Other,MBS,2011-03-11,74.07,"Voltaic Key, Palladium Myr, Golem Foundry, Darksteel Myr, Myr Sire"
Metallic Dreams,Planechase Deck,Other,HOP,2009-09-04,87.81,"Darksteel Forge, Fabricate, Great Furnace, Vault of Whispers, Arcbound Crusher"
"Michael Loconto, Champion",Pro Tour Deck,Other,PTC,1996-05-01,104.83,"Land Tax, Strip Mine, Island, Adarkar Wastes, Island"
Michealangelo,Theme Deck,Other,TMT,2026-03-06,7.27,"Mona Lisa, Ever Adaptable, Michelangelo, On the Scene, Study the Classics, Michelangelo, Mutant BFF, Mikey & Mona, Mutant Sitters"
Midrange Green,Deck Builder's Toolkit,Other,M13,2012-07-13,1.45,"Bond Beetle, Mwonvuli Beast Tracker, Borderland Ranger, Elvish Visionary, Briarpack Alpha"
Might,Duel Deck,Other,DDS,2017-03-31,31.95,"Coat of Arms, Zo-Zu the Punisher, Lovisa Coldeyes, Guttural Response, Rampant Growth"
Migraine,Theme Deck,Other,STH,1998-03-02,31.36,"Ensnaring Bridge, Bottomless Pit, Dark Ritual, Megrim, Portcullis"
Migraine - Advanced Deck,Advanced Deck,Other,STH,1998-03-02,219.99,"Vampiric Tutor, Wasteland, Anvil of Bogardan, Ensnaring Bridge, Bottomless Pit"
Milling,Jumpstart,Other,JMP,2020-07-17,43.56,"Bruvac the Grandiloquent, Capture Sphere, Thought Scour, Teferi's Tutelage, Island"
Mind,Duel Deck,Other,DDS,2017-03-31,15.89,"Desperate Ritual, Snap, Beacon of Tomorrows, Deep-Sea Kraken, Jori En, Ruin Diver"
Mind Stealer,Shandalar Enemy Deck,Other,PAST,1997-04-01,135.79,"Junún Efreet, Sindbad, Fellwar Stone, Mind Twist, Animate Dead"
Mind Swarm,Theme Deck,Other,DST,2004-02-06,127.13,"Vault of Whispers, Geth's Grimoire, Leaden Myr, Skeleton Shard, Chittering Rats"
Mind of the Void,Theme Deck,Other,PS11,2011-01-01,0.0,"Island, Island, Island, Island, Plains"
Minions (1),Jumpstart,Other,JMP,2020-07-17,0.0,"Swamp, Village Rites, Innocent Blood, Goremand, Kels, Fight Fixer"
Minions (2),Jumpstart,Other,JMP,2020-07-17,0.0,"Swamp, Village Rites, Goremand, Kels, Fight Fixer, Crypt Lurker"
Minions (3),Jumpstart,Other,JMP,2020-07-17,27.73,"Phyrexian Tower, Swamp, Village Rites, Goremand, Crypt Lurker"
Minions (4),Jumpstart,Other,JMP,2020-07-17,3.57,"Ghoulcaller Gisa, Swamp, Village Rites, Innocent Blood, Goremand"
Minotaurs (1),Jumpstart,Other,JMP,2020-07-17,4.76,"Herald's Horn, Sethron, Hurloon General, Minotaur Skullcleaver, Mountain, Soul Sear"
Minotaurs (2),Jumpstart,Other,JMP,2020-07-17,1.67,"Unleash Fury, Traitorous Greed, Sethron, Hurloon General, Minotaur Skullcleaver, Rageblood Shaman"
Mirrodin Besieged Fat Pack Land Pack,Bundle Land Pack,Other,MBS,2011-02-04,11.74,"Swamp, Forest, Swamp, Mountain, Mountain"
Mirrodin Besieged Foil Redemption,MTGO Redemption,Other,MBS,2011-03-06,882.76,"Blightsteel Colossus, Consecrated Sphinx, Green Sun's Zenith, Sword of Feast and Famine, Inkmoth Nexus"
Mirrodin Besieged Redemption,MTGO Redemption,Other,MBS,2011-03-06,882.76,"Blightsteel Colossus, Consecrated Sphinx, Green Sun's Zenith, Sword of Feast and Famine, Inkmoth Nexus"
Mirrodin Foil Redemption,MTGO Redemption,Other,MRD,2003-11-01,3104.22,"Chrome Mox, Sword of Kaldra, Quicksilver Elemental, Chalice of the Void, Confusion in the Ranks"
Mirrodin Pure,MTGO Duel Deck,Other,TD2,2013-01-11,0.0,"Platinum Angel, Ardent Recruit, Argent Sphinx, Darksteel Gargoyle, Darksteel Sentinel"
Mirrodin Redemption,MTGO Redemption,Other,MRD,2003-11-01,3104.22,"Chrome Mox, Sword of Kaldra, Quicksilver Elemental, Chalice of the Void, Confusion in the Ranks"
Mirrodinsanity,Secret Lair Drop,Other,SLD,2022-01-28,168.36,"Seat of the Synod, Great Furnace, Vault of Whispers, Ancient Den, Tree of Tales"
Mirrodinsanity Foil Edition,Secret Lair Drop,Other,SLD,2022-01-28,168.36,"Seat of the Synod, Great Furnace, Vault of Whispers, Ancient Den, Tree of Tales"
Mirromancy,Intro Pack,Other,MBS,2011-02-04,70.36,"Preordain, Silver Myr, Iron Myr, Lightning Bolt, Red Sun's Zenith"
Mite-y 1,Jumpstart,Other,ONE,2023-02-10,1.08,"Mite Overseer, Annex Sentry, Basilica Shepherd, Infested Fleshcutter, Planar Disruption"
Mite-y 2,Jumpstart,Other,ONE,2023-02-10,1.08,"Mite Overseer, Ossification, Crawling Chorus, The Fair Basilica, Plains"
Mob Rule,Intro Pack,Other,M13,2012-07-13,21.55,"Fervor, Ring of Valkas, Krenko, Mob Boss, Krenko's Command, Forest"
Modern Horizons 2 Bundle Land Pack,Bundle Land Pack,Other,MH2,2021-06-18,0.0,"Island, Island, Island, Island, Swamp"
Modern Horizons 3 Bundle Land Pack,Bundle Land Pack,Other,MH3,2024-06-14,0.0,"Island, Island, Swamp, Swamp, Mountain"
Modified,Jumpstart,Other,J25,2024-11-07,17.27,"Kodama of the West Tree, Audacity, Gnarlid Colony, Cave of Temptation, Snakeskin Veil"
Molimo's Might,Theme Deck,Other,10E,2007-07-13,40.83,"Hurricane, Rampant Growth, Molimo, Maro-Sorcerer, Blanchwood Armor, Forest"
Mono Black,Arena Starter Kit,Other,M21,2020-07-03,13.4,"Demon of Loathing, Peer into the Abyss, Serrated Scorpion, Demonic Embrace, Swamp"
Mono Black Amazon,Arena Starter Kit,Other,M21,2020-07-03,13.4,"Demon of Loathing, Peer into the Abyss, Serrated Scorpion, Demonic Embrace, Swamp"
Mono Green,Arena Starter Kit,Other,M21,2020-07-03,8.28,"Ironscale Hydra, Ram Through, Colossification, Hyrax Tower Scout, Llanowar Visionary"
Mono Green Amazon,Arena Starter Kit,Other,M21,2020-07-03,8.28,"Ironscale Hydra, Ram Through, Colossification, Hyrax Tower Scout, Llanowar Visionary"
Mono White Aggro,Challenger Deck,Other,Q07,2022-04-01,4.27,"Paladin Class, Luminarch Aspirant, Intrepid Adversary, Thalia, Guardian of Thraben, Skyclave Apparition"
Mono-Green Stompy,Challenger Deck,Other,Q05,2021-04-02,16.14,"Gemrazer, Turntimber Symbiosis // Turntimber, Serpentine Wood, Ram Through, Stonecoil Serpent, Garruk, Unleashed"
Mono-Red Aggro,Challenger Deck,Other,Q05,2021-04-02,29.34,"Embercleave, Shatterskull Smashing // Shatterskull, the Hammer Pass, Torbran, Thane of Red Fell, Mountain, Castle Embereth"
Mono-Red Burn,Pioneer Challenger Deck,Other,Q06,2021-10-15,19.79,"Monastery Swiftspear, Soul-Scar Mage, Ramunap Ruins, Wizard's Lightning, Lightning Strike"
Monster Anatomy 101,Secret Lair Drop,Other,SLD,2022-01-28,125.22,"Gishath, Sun's Avatar, Goblin Trashmaster, Ilharg, the Raze-Boar, Protean Hulk, Fleet Swallower"
Monster Anatomy 101 Foil Etched Edition,Secret Lair Drop,Other,SLD,2022-01-28,125.22,"Gishath, Sun's Avatar, Goblin Trashmaster, Ilharg, the Raze-Boar, Protean Hulk, Fleet Swallower"
Monster Movie Marathon,Secret Lair Drop,Other,SLD,2022-01-28,99.5,"Blasphemous Act, Beast Within, Grafdigger's Cage, Dismember"
Monster Movie Marathon Foil Edition,Secret Lair Drop,Other,SLD,2022-01-28,99.5,"Blasphemous Act, Beast Within, Grafdigger's Cage, Dismember"
Monster Territory,Jumpstart,Other,DMU,2022-09-09,1.75,"Forest, Briar Hydra, The Weatherseed Treaty, Haunted Mire, Wooded Ridgeline"
Monsters,Duel Deck,Other,DDL,2013-09-06,2.68,"Skarrg, the Rage Pits, Orcish Lumberjack, Beast Within, Polukranos, World Eater, Regrowth"
Monstrous Magazines,Secret Lair Drop,Other,SLD,2024-10-01,40.13,"Koma, Cosmos Serpent, Doom Whisperer, Mazirek, Kraul Death Priest, Ravenous Chupacabra, Uril, the Miststalker"
Monstrous Magazines Foil Edition,Secret Lair Drop,Other,SLD,2024-10-01,40.13,"Koma, Cosmos Serpent, Doom Whisperer, Mazirek, Kraul Death Priest, Ravenous Chupacabra, Uril, the Miststalker"
Monstrous Surprise,Intro Pack,Other,DKA,2012-02-03,19.45,"Rampant Growth, Pyreheart Wolf, Strangleroot Geist, Gutter Grime, Young Wolf"
Monty Python and the Holy Grail: Vol. 1,Secret Lair Drop,Other,SLD,2024-07-30,186.24,"Birds of Paradise // Birds of Paradise, Three Visits, Dismember, Buried Alive, Prodigal Sorcerer"
Monty Python and the Holy Grail: Vol. 1 Foil Edition,Secret Lair Drop,Other,SLD,2024-07-30,186.24,"Birds of Paradise // Birds of Paradise, Three Visits, Dismember, Buried Alive, Prodigal Sorcerer"
Monty Python and the Holy Grail: Vol. 2,Secret Lair Drop,Other,SLD,2024-07-30,79.79,"Ashnod's Altar, Door to Nothingness, Dark Depths"
Monty Python and the Holy Grail: Vol. 2 Foil Edition,Secret Lair Drop,Other,SLD,2024-07-30,79.79,"Ashnod's Altar, Door to Nothingness, Dark Depths"
Morbid 1,Jumpstart,Other,J22,2022-12-02,10.43,"Spawning Pit, Tragic Slip, Reaper from the Abyss, Village Rites, Mortuary Mire"
Morbid 2,Jumpstart,Other,J22,2022-12-02,3.17,"Tragic Slip, Reassembling Skeleton, Vampiric Rites, Skirsdag High Priest, Village Rites"
Mordor 1,Jumpstart,Other,LTR,2023-06-23,42.8,"Nazgûl, Ringwraiths, Claim the Precious, Swamp, Gollum, Patient Plotter"
Mordor 2,Jumpstart,Other,LTR,2023-06-23,5.9,"Ringwraiths, Orcish Medicine, Swamp, Gollum, Patient Plotter, Gothmog, Morgul Lieutenant"
Mordor: Black-Red,Starter Kit,Other,LTR,2023-06-23,26.39,"Witch-king, Bringer of Ruin, Sauron, the Lidless Eye, Gollum, Scheming Guide, Fires of Mount Doom, Cast into the Fire"
More Adventures in Middle-earth,Secret Lair Drop,Other,SLD,2023-08-29,71.23,"Gandalf, Friend of the Shire, Shire Terrace, Mirror of Galadriel, Slip On the Ring"
More Adventures in Middle-earth Foil Edition,Secret Lair Drop,Other,SLD,2023-08-29,71.23,"Gandalf, Friend of the Shire, Shire Terrace, Mirror of Galadriel, Slip On the Ring"
More Borderless Planeswalkers,Secret Lair Drop,Other,SLD,2023-03-17,31.91,"Ugin, the Ineffable, Sorin, Imperious Bloodlord, Nicol Bolas, Dragon-God, Sarkhan, Dragonsoul"
Morningtide Foil Redemption,MTGO Redemption,Other,MOR,2008-03-02,2056.69,"Scapeshift, Bitterblossom, Idyllic Tutor, Lightning Crafter, Maralen of the Mornsong"
Morningtide Redemption,MTGO Redemption,Other,MOR,2008-03-02,2056.69,"Scapeshift, Bitterblossom, Idyllic Tutor, Lightning Crafter, Maralen of the Mornsong"
Morph Mayhem,Theme Deck,Other,LGN,2003-02-03,161.53,"Lonely Sandbar, Secluded Steppe, Whipcorder, Chromeshell Crab, Island"
Mortal Coil,Theme Deck,Other,SHM,2008-05-02,329.93,"Faerie Macabre, Helm of the Ghastlord, Fate Transfer, Swamp, Wingrattle Scarecrow"
Mortals 1,Jumpstart,Other,LTR,2023-11-03,1.04,"Eagle of Deliverance, Éowyn, Lady of Rohan, Plains, Plains, Fog on the Barrow-Downs"
Mortals 2,Jumpstart,Other,LTR,2023-11-03,3.17,"Reprieve, Eagle of Deliverance, Inherited Envelope, Slip On the Ring, Samwise the Stouthearted"
Mortals of Myth,Intro Pack,Other,JOU,2014-05-02,18.97,"Solidarity of Heroes, Spear of Heliod, Raised by Wolves, Forest, Vanguard of Brimaz"
Mother's Day 2021,Secret Lair Drop,Other,SLD,2021-10-29,75.95,"Mother of Runes, Mother of Runes, Mother of Runes, Mother of Runes"
Mother's Day 2021 Foil Edition,Secret Lair Drop,Other,SLD,2021-10-29,75.95,"Mother of Runes, Mother of Runes, Mother of Runes, Mother of Runes"
"Mountain, Go",Secret Lair Drop,Other,SLD,2020-06-08,22.68,"Lightning Bolt, Lightning Bolt, Lightning Bolt, Lightning Bolt"
Mu Yanling,Planeswalker Deck,Other,GS1,2018-06-22,11.29,"Mu Yanling, Island, Ancestor Dragon, Plains, Cloak of Mists"
"Mu Yanling, Celestial Wind",Planeswalker Deck,Other,M20,2019-07-29,4.88,"Spectral Sailor, Mu Yanling, Celestial Wind, Winged Words, Island, Cloudkin Seer"
Multi-Headed 1,Jumpstart,Other,J22,2022-12-02,12.9,"Benevolent Hydra, Hydra's Growth, Clockwork Hydra, Domesticated Hydra, Feral Hydra"
Multi-Headed 2,Jumpstart,Other,J22,2022-12-02,26.34,"Primordial Hydra, Benevolent Hydra, Hydra's Growth, Clockwork Hydra, Domesticated Hydra"
Murders at Karlov Manor Bundle Land Pack,Bundle Land Pack,Other,MKM,2024-02-09,0.0,"Swamp, Swamp, Plains, Plains, Mountain"
Murders at Karlov Manor Foil Redemption,MTGO Redemption,Other,MKM,2024-03-06,248.23,"Delney, Streetwise Lookout, Undercity Sewers, Thundering Falls, Underground Mortuary, Meticulous Archive"
Murders at Karlov Manor Redemption,MTGO Redemption,Other,MKM,2024-03-06,248.23,"Delney, Streetwise Lookout, Undercity Sewers, Thundering Falls, Underground Mortuary, Meticulous Archive"
Musicians,Jumpstart,Other,TLE,2025-11-20,3.9,"Secret Tunnel, Freedom Fighter Recruit, Thriving Bluff, Chong and Lily, Nomads, Ty Lee, Artful Acrobat"
Mutation Station,Arena Starter Deck,Other,M21,2021-07-03,13.8,"Massacre Wurm, Sea-Dasher Octopus, Unexpected Fangs, Swamp, Dirge Bat"
My Little Pony: Friendship is Magic,Secret Lair Drop,Other,SLD,2026-05-12,70.56,"Defense of the Heart, Sol Ring, Arcane Signet, Radiate, Generous Gift"
My Little Pony: Friendship is Magic Foil Edition,Secret Lair Drop,Other,SLD,2026-05-12,70.56,"Defense of the Heart, Sol Ring, Arcane Signet, Radiate, Generous Gift"
My Little Pony: The Lands of Equestria,Secret Lair Drop,Other,SLD,2026-05-12,25.52,"Plains, Island, Forest, Swamp, Mountain"
My Little Pony: The Lands of Equestria Foil Edition,Secret Lair Drop,Other,SLD,2026-05-12,25.52,"Plains, Island, Forest, Swamp, Mountain"
Mycosynthwave,Secret Lair Drop,Other,SLD,2023-12-05,124.07,"Mycosynth Golem, Mycosynth Lattice, Mycosynth Wellspring"
Mycosynthwave Foil Edition,Secret Lair Drop,Other,SLD,2023-12-05,110.08,"Mycosynth Lattice, Mycosynth Golem, Mycosynth Wellspring"
Myr of Mirrodin,Intro Pack,Other,SOM,2010-10-01,61.0,"Myr Battlesphere, Palladium Myr, Gold Myr, Myr Galvanizer, Darksteel Myr"
Mysterious Realms,Intro Pack,Other,WWK,2010-02-05,74.53,"Walking Atlas, Halimar Depths, Telepathy, Tideforce Elemental, Seer's Sundial"
Mystic Mischief,Jumpstart,Other,DMU,2022-09-09,2.2,"Island, Cosmic Epiphany, Founding the Third Path, Tolarian Terror, Ertai's Scorn"
Mystical Might,Intro Pack,Other,M12,2011-07-15,20.93,"Elixir of Immortality, Lord of the Unreal, Levitation, Phantasmal Dragon, Skywinder Drake"
Nature Is Adorable,Secret Lair Drop,Other,SLD,2023-04-28,52.52,"Joraga Treespeaker, Ulvenwald Tracker, Yeva, Nature's Herald, Nature's Will"
Nature Is Adorable Foil Edition,Secret Lair Drop,Other,SLD,2023-04-28,52.52,"Joraga Treespeaker, Ulvenwald Tracker, Yeva, Nature's Herald, Nature's Will"
Nature's Assault,Theme Deck,Other,P02,1998-06-24,16.46,"River Bear, Alluring Scent, Golden Bear, Forest, Bear Cub"
Nature's Fury,Intro Pack,Other,M10,2009-07-17,13.63,"Plains, Llanowar Elves, Harm's Way, Forest, Plains"
Naya Behemoths,Intro Pack,Other,ALA,2008-10-03,61.75,"Titanic Ultimatum, Rampant Growth, Jungle Shrine, Forest, Wild Nacatl"
Naya Domain,Intro Pack,Other,CON,2009-02-06,62.39,"Rampant Growth, Terramorphic Expanse, Paleoloth, Path to Exile, Swamp"
Ne'er-do-wells (1),Jumpstart,Other,J25,2024-11-07,21.05,"Rev, Tithe Extractor, Thieves' Tools, Morbid Opportunist, Murder, Fake Your Own Death"
Ne'er-do-wells (2),Jumpstart,Other,J25,2024-11-07,21.05,"Rev, Tithe Extractor, Thieves' Tools, Morbid Opportunist, Fake Your Own Death, Audacious Thief"
Necromancer,Shandalar Enemy Deck,Other,PAST,1997-04-01,41.0,"Cosmic Horror, Bad Moon, Animate Dead, Zombie Master, Dark Ritual"
Nefarious,Jumpstart,Other,J25,2024-11-07,12.4,"Vilis, Broker of Blood, Dark Confidant, Infernal Grasp, Arrogant Outlaw, Read the Bones"
Nether Fiend,Shandalar Enemy Deck,Other,PAST,1997-04-01,192.8,"Mishra's Factory, Junún Efreet, Animate Dead, Xenic Poltergeist, Lord of the Pit"
New Phyrexia,MTGO Duel Deck,Other,TD2,2013-01-11,0.0,"Phyrexian Plaguelord, Desecration Elemental, Drooling Groodion, Flesh-Eater Imp, Fume Spitter"
New Phyrexia Fat Pack Land Pack,Bundle Land Pack,Other,NPH,2011-05-13,57.59,"Mountain, Swamp, Swamp, Forest, Forest"
New Phyrexia Foil Redemption,MTGO Redemption,Other,NPH,2011-06-12,1749.61,"Mental Misstep, Elesh Norn, Grand Cenobite, Noxious Revival, Praetor's Grasp, Unwinding Clock"
New Phyrexia Redemption,MTGO Redemption,Other,NPH,2011-06-12,1749.61,"Mental Misstep, Elesh Norn, Grand Cenobite, Noxious Revival, Praetor's Grasp, Unwinding Clock"
Nicol Bolas,Duel Deck,Other,DDH,2011-09-02,9.82,"Undermine, Nicol Bolas, Planeswalker, Countersquall, Steamcore Weird, Blazing Specter"
"Nicol Bolas, the Deceiver",Planeswalker Deck,Other,HOU,2017-07-14,24.39,"Throne of the God-Pharaoh, Nicol Bolas, the Deceiver, Ammit Eternal, Crypt of the Eternals, Supernatural Stamina"
Nicolas Labarre - Chimera,World Championship Deck,Other,WC00,2000-08-02,184.76,"Yawgmoth's Will, Phyrexian Tower, Academy Rector, Enlightened Tutor, City of Brass"
Night Of The Ninja,Planechase Deck,Other,PC2,2012-06-01,99.75,"Sakashima's Student, Higure, the Still Wind, Ink-Eyes, Servant of Oni, Silent-Blade Oni, Mistblade Shinobi"
Night Terrors,MTGO Theme Deck,Other,MIR,2006-12-05,125.83,"Shallow Grave, Withering Boon, Spirit of the Night, Charcoal Diamond, Swamp"
Nightmares,Jumpstart,Other,TLE,2025-11-20,3.57,"Desperate Plea, Koh, the Face Stealer, Swamp, Thriving Moor, Azula, On the Hunt"
Ninjas,Jumpstart,Other,J25,2024-11-07,5.88,"Taeko, the Patient Avalanche, Ninja of the Deep Hours, Moon-Circuit Hacker, Smoke Shroud, Phantom Ninja"
Ninjutsu,Theme Deck,Other,BOK,2005-02-04,197.93,"Higure, the Still Wind, Mistblade Shinobi, Ninja of the Deep Hours, Walker of Secret Ways, Tomorrow, Azami's Familiar"
Ninth Edition Fat Pack Land Pack,Bundle Land Pack,Other,9ED,2005-07-29,25.64,"Mountain, Island, Forest, Forest, Mountain"
Ninth Edition Foil Redemption,MTGO Redemption,Other,9ED,2005-08-28,2454.79,"Fellwar Stone, Grave Pact, Biorhythm, Greater Good, Rathi Dragon"
Ninth Edition Redemption,MTGO Redemption,Other,9ED,2005-08-28,2454.79,"Fellwar Stone, Grave Pact, Biorhythm, Greater Good, Rathi Dragon"
Nissa,Archenemy Deck,Other,E01,2017-06-16,15.92,"Sword of the Animist, Nissa, Worldwaker, Oran-Rief Hydra, Sixth Sense, Retreat to Kazandu"
"Nissa, Genesis Mage",Planeswalker Deck,Other,HOU,2017-07-14,1.39,"Nissa, Genesis Mage, Island, Island, Forest, Forest"
"Nissa, Nature's Artisan",Planeswalker Deck,Other,KLD,2016-09-30,2.99,"Servant of the Conduit, Nissa, Nature's Artisan, Aethersquall Ancient, Longtusk Cub, Attune with Aether"
Notebook Genius,Secret Lair Drop,Other,SLD,2026-05-12,44.42,"Storm-Kiln Artist, Bloodghast, Lier, Disciple of the Drowned, Anhelo, the Painter"
Notebook Genius Foil Edition,Secret Lair Drop,Other,SLD,2026-05-12,44.42,"Storm-Kiln Artist, Bloodghast, Lier, Disciple of the Drowned, Anhelo, the Painter"
Now on VHS!,Secret Lair Drop,Other,SLD,2023-09-15,143.78,"The First Sliver, Food Chain, Rewind, Rampant Growth"
Now on VHS! Foil Edition,Secret Lair Drop,Other,SLD,2023-09-15,143.78,"The First Sliver, Food Chain, Rewind, Rampant Growth"
Nuestra Magia,Secret Lair Drop,Other,SLD,2025-06-17,87.97,"Sylvan Library, Ancient Greenwarden, Lightning Greaves, Tireless Provisioner, Xenagos, God of Revels"
Nuestra Magia Foil Edition,Secret Lair Drop,Other,SLD,2025-06-17,87.97,"Sylvan Library, Ancient Greenwarden, Lightning Greaves, Tireless Provisioner, Xenagos, God of Revels"
Nuts and Bolts,Theme Deck,Other,5DN,2004-06-04,364.38,"Skullclamp, Seat of the Synod, Steelshaper's Gift, Ancient Den, Aether Spellbomb"
OMG KITTIES!,Secret Lair Drop,Other,SLD,2019-12-09,146.24,"Arahbo, Roar of the World, Leonin Warleader, Mirri, Weatherlight Duelist, Qasali Slingers, Regal Caracal"
Oath of the Gatewatch Fat Pack Land Pack,Bundle Land Pack,Other,OGW,2016-01-22,33.68,"Wastes, Wastes, Mountain, Forest, Island"
Oath of the Gatewatch Foil Redemption,MTGO Redemption,Other,OGW,2016-02-21,219.83,"Mirrorpool, General Tazri, Kalitas, Traitor of Ghet, Kozilek, the Great Distortion, Kozilek's Return"
Oath of the Gatewatch Redemption,MTGO Redemption,Other,OGW,2016-02-21,219.83,"Mirrorpool, General Tazri, Kalitas, Traitor of Ghet, Kozilek, the Great Distortion, Kozilek's Return"
Ob Nixilis,Duel Deck,Other,DDR,2016-09-02,0.0,"Leechridden Swamp, Pestilence Demon, Indulgent Tormentor, Ob Nixilis Reignited, Innocent Blood"
Odyssey Foil Redemption,MTGO Redemption,Other,ODY,2001-10-31,7205.56,"Entomb, Tainted Pact, Tarnished Citadel, Shadowmage Infiltrator, Terravore"
Odyssey Redemption,MTGO Redemption,Other,ODY,2001-10-31,7205.56,"Entomb, Tainted Pact, Tarnished Citadel, Shadowmage Infiltrator, Terravore"
Of the Coast (1),Jumpstart,Other,J25,2024-11-07,1.08,"Plagon, Lord of the Beach, Omen of the Sea, Delightful Discovery, Gilded Scuttler, Purple-Crystal Crab"
Of the Coast (2),Jumpstart,Other,J25,2024-11-07,1.08,"Plagon, Lord of the Beach, Opt, Delightful Discovery, Gilded Scuttler, Shipwreck Dowser"
Oishii! Tokens オイシイ！ トークン,Secret Lair Drop,Other,SLD,2025-03-27,0.0,
Oishii! Tokens オイシイ！ トークン Foil Edition,Secret Lair Drop,Other,SLD,2025-03-27,0.0,
"Oko, the Trickster",Planeswalker Deck,Other,ELD,2019-10-04,5.52,"Return of the Wildspeaker, Oko, the Trickster, Maraleaf Pixie, Keeper of Fables, Frogify"
Omens of Chaos,Secret Lair Drop,Other,SLD,2026-05-12,110.98,"Batwing Brume, Abrupt Decay, Chance for Glory, Counterflux, Growth Spiral"
Omens of Chaos Foil Edition,Secret Lair Drop,Other,SLD,2026-05-12,110.98,"Batwing Brume, Abrupt Decay, Chance for Glory, Counterflux, Growth Spiral"
On the Hunt,Arena Starter Deck,Other,SNC,2022-09-09,16.49,"Arlinn, the Pack's Hope // Arlinn, the Moon's Fury, Rockfall Vale, Tovolar, Dire Overlord // Tovolar, the Midnight Scourge, Howling Moon, Halana and Alena, Partners"
One-Two Punch,Theme Deck,Other,ODY,2001-10-01,383.98,"Roar of the Wurm, Seize the Day, Moment's Peace, Forest, Volcanic Spray"
Onslaught Foil Redemption,MTGO Redemption,Other,ONS,2002-11-06,10395.06,"Polluted Delta, Flooded Strand, Wooded Foothills, Bloodstained Mire, Chain of Vapor"
Onslaught Redemption,MTGO Redemption,Other,ONS,2002-11-06,10428.56,"Polluted Delta, Flooded Strand, Wooded Foothills, Bloodstained Mire, Chain of Vapor"
Orc Attack,MTGO Theme Deck,Other,ME2,2008-09-22,0.0,"Mountain, Mountain, Mountain, Mishra's Factory, Gorilla Shaman"
Orcish 1,Jumpstart,Other,LTR,2023-11-03,20.04,"Warg Rider, Mirkwood Bats, Orcish Medicine, Swamp, Gorbag of Minas Morgul"
Orcish 2,Jumpstart,Other,LTR,2023-11-03,19.42,"Warg Rider, March from the Black Gate, Swamp, Gorbag of Minas Morgul, Gothmog, Morgul Lieutenant"
Ornithological Studies,Secret Lair Drop,Other,SLD,2020-06-09,52.94,"Swan Song, Birds of Paradise, Dovescape, Baleful Strix, Gilded Goose"
Orzhov,Guild Kit,Other,GK2,2019-02-15,67.1,"Smothering Tithe, Teysa Karlov, Teysa, Orzhov Scion, Ethereal Absolution, Vindictive Vampire"
Orzhov Auras,Pioneer Challenger Deck,Other,Q06,2021-10-15,16.34,"Sram, Senior Edificer, Cartouche of Solidarity, Concealed Courtyard, Caves of Koilos, Stonecoil Serpent"
Orzhov Humans,Pioneer Challenger Deck,Other,Q08,2022-11-04,31.78,"Godless Shrine, Thalia's Lieutenant, Mutavault, Concealed Courtyard, Bloodsoaked Champion"
Orzhov Oppression,Intro Pack,Other,GTC,2013-02-01,24.35,"Gift of Orzhova, Tormented Soul, Vizkopa Guildmage, Basilica Screecher, Dying Wish"
Orzhov Power,Intro Pack,Other,DGM,2013-05-03,40.34,"Crypt Ghast, Gift of Orzhova, Crypt Incursion, Basilica Screecher, Riot Control"
Orzhov Syndicate,Arena Starter Deck,Other,M20,2019-05-03,47.43,"Godless Shrine, Cruel Celebrant, Teysa Karlov, Priest of Forgotten Gods, Seraph of the Scales"
Orzhov Syndicate 1,Jumpstart,Other,CLU,2024-02-23,7.88,"Afterlife Insurance, Angel of Vitality, Syndicate Heavy, Council's Judgment, Glorifier of Dusk"
Orzhov Syndicate 2,Jumpstart,Other,CLU,2024-02-23,7.88,"Afterlife Insurance, Covetous Elegy, Orzhov Signet, Seraph of the Scales, Murder"
Otter Limits,Starter Kit,Other,BLB,2024-08-02,46.13,"Bria, Riptide Rogue, Mockingbird, Coruscation Mage, Sword of Vengeance, Stormcatch Mentor"
"Our Show Is On Friday, Can You Make It?",Secret Lair Drop,Other,SLD,2021-08-25,98.4,"Gamble, Nature's Lore, Wrath of God, Preordain, Decree of Pain"
Out for Blood,Arena Starter Deck,Other,ANB,2019-09-26,39.48,"Bolas's Citadel, Vampire of the Dire Moon, Knight of the Ebon Legion, Bloodthirsty Aerialist, Vindictive Vampire"
Out for Blood 2,Arena Starter Deck,Other,ANB,2020-03-12,20.28,"Vampire of the Dire Moon, Knight of the Ebon Legion, Piper of the Swarm, Bloodthirsty Aerialist, Vindictive Vampire"
Outlaw Anthology Vol. 1: Rebellious Renegades,Secret Lair Drop,Other,SLD,2024-05-30,56.76,"Tezzeret the Seeker, Griselbrand, Nicol Bolas, Planeswalker, Grenzo, Havoc Raiser"
Outlaw Anthology Vol. 1: Rebellious Renegades Foil Edition,Secret Lair Drop,Other,SLD,2024-05-30,56.76,"Tezzeret the Seeker, Griselbrand, Nicol Bolas, Planeswalker, Grenzo, Havoc Raiser"
Outlaw Anthology Vol. 2: Sinister Scoundrels,Secret Lair Drop,Other,SLD,2024-05-30,55.63,"Vorinclex, Voice of Hunger, Korvold, Fae-Cursed King, Memnarch, Karona, False God"
Outlaw Anthology Vol. 2: Sinister Scoundrels Foil Edition,Secret Lair Drop,Other,SLD,2024-05-30,55.63,"Vorinclex, Voice of Hunger, Korvold, Fae-Cursed King, Memnarch, Karona, False God"
Outlaw Posse,Arena Starter Deck,Other,OTJ,2024-07-08,18.81,"Raucous Theater, Tinybones, the Pickpocket, Charming Scoundrel, Magda, the Hoardmaster, Greedy Freebooter"
Outlaws of Thunder Junction Bundle Land Pack,Bundle Land Pack,Other,OTJ,2024-04-19,0.0,"Swamp, Swamp, Forest, Forest, Plains"
Outlaws of Thunder Junction Foil Redemption,MTGO Redemption,Other,OTJ,2024-05-15,211.72,"Bristly Bill, Spine Sower, Terror of the Peaks, Goldvein Hydra, The Gitrog, Ravenous Ride, Three Steps Ahead"
Outlaws of Thunder Junction Redemption,MTGO Redemption,Other,OTJ,2024-05-15,211.72,"Bristly Bill, Spine Sower, Terror of the Peaks, Goldvein Hydra, The Gitrog, Ravenous Ride, Three Steps Ahead"
Overachiever 1,Jumpstart,Other,MOM,2023-04-20,0.0,"Referee Squad, Interdisciplinary Mascot, Meeting of Minds, Island, Oracle of Tragedy"
Overachiever 2,Jumpstart,Other,MOM,2023-04-20,0.0,"Referee Squad, Interdisciplinary Mascot, Island, Oracle of Tragedy, Tidal Terror"
Overkill,Theme Deck,Other,SHM,2008-05-02,123.17,"Prismatic Omen, Mossbridge Troll, Farhaven Elf, Scuttlemutt, Juvenile Gloomwidow"
Ozai,Jumpstart,Other,TLE,2025-11-20,7.34,"Fire Lord Ozai, Scarring Memories, Swamp, Heartless Act, Thriving Moor"
Painflow,Theme Deck,Other,JUD,2002-05-27,368.79,"Roar of the Wurm, Krosan Wayfarer, Moment's Peace, Brawn, Forest"
Paladin,Shandalar Enemy Deck,Other,PAST,1997-04-01,18.45,"Swords to Plowshares, Magical Hack, Segovian Leviathan, Northern Paladin, Sleight of Mind"
Pandemonium,Theme Deck,Other,APC,2001-06-04,259.5,"Life // Death, Harrow, Fertile Ground, Last Stand, Penumbra Wurm"
Pantheon's Power,Intro Pack,Other,JOU,2014-05-02,57.4,"Archetype of Finality, Archetype of Courage, Fate Unraveler, Doomwake Giant, Grim Guardian"
Paradise Frost,Secret Lair Drop,Other,SLD,2023-12-05,99.29,"Snow-Covered Forest, Snow-Covered Island, Snow-Covered Plains, Snow-Covered Swamp, Snow-Covered Mountain"
Paradise Frost Foil Edition,Secret Lair Drop,Other,SLD,2023-12-05,124.24,"Snow-Covered Island, Snow-Covered Forest, Snow-Covered Plains, Snow-Covered Swamp, Snow-Covered Mountain"
"Party Hard, Shred Harder",Secret Lair Drop,Other,SLD,2021-03-15,55.81,"Assassin's Trophy, Anguished Unmaking, Thraximundar, Dreadbore, Decimate"
Path of Blight,Intro Pack,Other,MBS,2011-02-04,62.74,"Plague Myr, Decimator Web, Core Prowler, Viridian Corrupter, Phyrexian Juggernaut"
Path to Victory,Intro Pack,Other,M13,2012-07-13,17.9,"Attended Knight, Plains, Captain of the Watch, Ring of Thune, Plains"
Paul McCabe - Red-Blue Aggro Control,World Championship Deck,Other,WC97,1997-08-13,73.05,"Force of Will, City of Brass, Pyrokinesis, Mind Stone, Mountain"
Peer Kröger - Reanimator,World Championship Deck,Other,WC03,2003-08-06,82.54,"Bloodstained Mire, Cabal Therapy, Entomb, Anger, Stitch Together"
Phyrexia,Duel Deck,Other,DDE,2010-03-19,44.76,"Phyrexian Negator, Lightning Greaves, Phyrexian Arena, Voltaic Key, Carrion Feeder"
Phyrexia: All Will Be One Bundle Land Pack,Bundle Land Pack,Other,ONE,2023-02-10,0.0,"Mountain, Mountain, Swamp, Swamp, Plains"
Phyrexia: All Will Be One Foil Redemption,MTGO Redemption,Other,ONE,2023-03-08,295.21,"Mondrak, Glory Dominus, Solphim, Mayhem Dominus, Elesh Norn, Mother of Machines, All Will Be One, Atraxa, Grand Unifier"
Phyrexia: All Will Be One Redemption,MTGO Redemption,Other,ONE,2023-03-08,295.21,"Mondrak, Glory Dominus, Solphim, Mayhem Dominus, Elesh Norn, Mother of Machines, All Will Be One, Atraxa, Grand Unifier"
Phyrexia: All Will Be One Welcome Booster,Welcome Booster,Other,ONE,2023-02-10,14.87,"Atarka, World Render, Linvala, the Preserver, Kaya, Bane of the Dead, Commander's Sphere, Tyrranax Atrocity"
Phyrexian,Jumpstart,Other,JMP,2020-07-17,24.5,"Sheoldred, Whispering One, Phyrexian Reclamation, Swamp, Swamp, Malefic Scythe"
Phyrexian Assault,Theme Deck,Other,ULG,1999-02-15,278.29,"Phyrexian Reclamation, Phyrexian Plaguelord, Engineered Plague, Avalanche Riders, Bone Shredder"
Phyrexian Assault - Enhanced Deck,Enhanced Deck,Other,ULG,1999-02-15,293.8,"Phyrexian Reclamation, Phyrexian Plaguelord, Reflecting Pool, City of Brass, Avalanche Riders"
Phyrexian Faves,Secret Lair Drop,Other,SLD,2023-04-14,30.49,"Inkmoth Nexus, Blighted Agent, K'rrik, Son of Yawgmoth, Glistener Elf, Batterskull"
Phyrexian Faves Foil Edition,Secret Lair Drop,Other,SLD,2023-04-14,30.49,"Inkmoth Nexus, Blighted Agent, K'rrik, Son of Yawgmoth, Glistener Elf, Batterskull"
Phyrexian Poison,Intro Pack,Other,SOM,2010-10-01,68.69,"Ichor Rats, Ichorclaw Myr, Hand of the Praetors, Forest, Necropede"
Phyrexian Praetors: Compleat Edition,Secret Lair Drop,Other,SLD,2021-10-29,52.12,"Sheoldred, Whispering One, Elesh Norn, Grand Cenobite, Jin-Gitaxias, Core Augur, Vorinclex, Voice of Hunger, Urabrask the Hidden"
Phyrexian Praetors: Compleat Edition Foil Edition,Secret Lair Drop,Other,SLD,2021-10-29,52.12,"Sheoldred, Whispering One, Elesh Norn, Grand Cenobite, Jin-Gitaxias, Core Augur, Vorinclex, Voice of Hunger, Urabrask the Hidden"
Pick 'em & Stick 'em,Secret Lair Drop,Other,SLD,2025-03-25,66.19,"Hedron Crab, Clever Impersonator, Pitiless Plunderer, Thalia, Heretic Cathar, Sticker sheet"
Pick 'em & Stick 'em Foil Edition,Secret Lair Drop,Other,SLD,2025-03-25,66.19,"Hedron Crab, Clever Impersonator, Pitiless Plunderer, Thalia, Heretic Cathar, Sticker sheet"
Pictures of the Floating World,Secret Lair Drop,Other,SLD,2022-07-22,41.16,"Mosswort Bridge, Spinerock Knoll, Windbrisk Heights, Shelldock Isle, Howltooth Hollow"
Pictures of the Floating World Foil Edition,Secret Lair Drop,Other,SLD,2022-07-22,41.16,"Mosswort Bridge, Spinerock Knoll, Windbrisk Heights, Shelldock Isle, Howltooth Hollow"
Pirates,Theme Deck,Other,ECL,2026-01-23,3.59,"Inti, Seneschal of the Sun, Spell Snare, Marauding Mako, Captain Howler, Sea Scourge, Spyglass Siren"
Pirates (1),Jumpstart,Other,JMP,2020-07-17,1.12,"Coastal Piracy, Corsair Captain, Chart a Course, Island, Island"
Pirates (2),Jumpstart,Other,JMP,2020-07-17,0.0,"Curious Obsession, Capture Sphere, Corsair Captain, Chart a Course, Island"
Pixel Perfect,Secret Lair Drop,Other,SLD,2024-10-15,94.82,"Fierce Guardianship, Delayed Blast Fireball, Mana Geyser, Lightning Bolt"
Pixel Perfect Foil Edition,Secret Lair Drop,Other,SLD,2024-10-15,94.82,"Fierce Guardianship, Delayed Blast Fireball, Mana Geyser, Lightning Bolt"
PixelLands_v02.jpg,Secret Lair Drop,Other,SLD,2023-11-30,109.45,"Swamp, Island, Mountain, Forest, Plains"
PixelLands_v02.jpg Foil Edition,Secret Lair Drop,Other,SLD,2023-11-30,109.45,"Swamp, Island, Mountain, Forest, Plains"
PixelSnowLands.jpg,Secret Lair Drop,Other,SLD,2022-05-06,77.85,"Snow-Covered Island, Snow-Covered Swamp, Snow-Covered Forest, Snow-Covered Plains, Snow-Covered Mountain"
PixelSnowLands.jpg Foil Edition,Secret Lair Drop,Other,SLD,2022-05-06,77.85,"Snow-Covered Island, Snow-Covered Swamp, Snow-Covered Forest, Snow-Covered Plains, Snow-Covered Mountain"
PixelSnowLands.jpg Foil Etched Edition,Secret Lair Drop,Other,SLD,2022-05-06,77.85,"Snow-Covered Island, Snow-Covered Swamp, Snow-Covered Forest, Snow-Covered Plains, Snow-Covered Mountain"
Planar Chaos Foil Redemption,MTGO Redemption,Other,PLC,2007-03-04,1585.45,"Urborg, Tomb of Yawgmoth, Simian Spirit Guide, Damnation, Temporal Extortion, Pyrohemia"
Planar Chaos Redemption,MTGO Redemption,Other,PLC,2007-03-04,1585.45,"Urborg, Tomb of Yawgmoth, Simian Spirit Guide, Damnation, Temporal Extortion, Pyrohemia"
Planechase Anthology Planes,Box Set,Other,PCA,2016-11-25,307.39,"Tazeem, Goldmeadow, Izzet Steam Maze, Pools of Becoming, Bant"
Planeshift Foil Redemption,MTGO Redemption,Other,PLS,2001-03-07,3317.52,"Orim's Chant, Diabolic Intent, Eladamri's Call, Meddling Mage, Forsaken City"
Planeshift Redemption,MTGO Redemption,Other,PLS,2001-03-07,3317.52,"Orim's Chant, Diabolic Intent, Eladamri's Call, Meddling Mage, Forsaken City"
Play-Doh: Squishful Thinking,Secret Lair Drop,Other,SLD,2025-10-06,53.89,"Polyraptor, Academy Manufactor, Greensleeves, Maro-Sorcerer, Wurmcoil Engine"
Play-Doh: Squishful Thinking Foil Edition,Secret Lair Drop,Other,SLD,2025-10-06,53.89,"Polyraptor, Academy Manufactor, Greensleeves, Maro-Sorcerer, Wurmcoil Engine"
Player A's advanced pack,Advanced Pack,Other,S00,2000-04-24,0.0,"Mountain, Forest, Swamp, Llanowar Elves, Swamp"
Player A's deck,Starter Deck,Other,S00,2000-04-24,0.0,"Mountain, Mountain, Forest, Swamp, Monstrous Growth"
Player B's advanced pack,Advanced Pack,Other,S00,2000-04-24,2.36,"Counterspell, Island, Island, Plains, Island"
Player B's deck,Starter Deck,Other,S00,2000-04-24,0.0,"Island, Island, Breath of Life, Island, Plains"
Plus One (1),Jumpstart,Other,JMP,2020-07-17,0.0,"Invigorating Surge, Primeval Bounty, Wildwood Scourge, Pridemalkin, Trufflesnout"
Plus One (2),Jumpstart,Other,JMP,2020-07-17,7.36,"Branching Evolution, Invigorating Surge, Wildwood Scourge, Pridemalkin, Trufflesnout"
Plus One (3),Jumpstart,Other,JMP,2020-07-17,0.0,"Invigorating Surge, Rishkar, Peema Renegade, Wildwood Scourge, Pridemalkin, Inspiring Call"
Plus One (4),Jumpstart,Other,JMP,2020-07-17,10.05,"Branching Evolution, Champion of Lambholt, Invigorating Surge, Wildwood Scourge, Pridemalkin"
Poker Faces,Secret Lair Drop,Other,SLD,2024-05-30,38.01,"Professional Face-Breaker, Goblin King, Rankle, Master of Pranks, Jaxis, the Troublemaker, Coffin Queen"
Poker Faces Foil Edition,Secret Lair Drop,Other,SLD,2024-05-30,38.01,"Professional Face-Breaker, Goblin King, Rankle, Master of Pranks, Jaxis, the Troublemaker, Coffin Queen"
Political Trickery,Game Night Deck,Other,GN3,2022-10-14,20.42,"Maeve, Insidious Singer, Counterspell, Split Decision, Diluvian Primordial, Plea for Power"
Ponies: The Galloping,Box Set,Other,PTG,2019-10-22,379.09,"Princess Twilight Sparkle, Rarity, Nightmare Moon // Princess Luna"
Ponies: The Galloping 2,Secret Lair Drop,Other,SLD,2024-03-14,179.83,"Rainbow Dash, Pinkie Pie, Fluttershy, Applejack"
Ponies: The Galloping 2 Foil Edition,Secret Lair Drop,Other,SLD,2024-03-14,179.83,"Rainbow Dash, Pinkie Pie, Fluttershy, Applejack"
Post Malone: Backstage Pass,Secret Lair Drop,Other,SLD,2022-12-05,63.77,"Bolas's Citadel, K'rrik, Son of Yawgmoth, Jet Medallion, Leshrac's Sigil"
Post Malone: Backstage Pass Foil Edition,Secret Lair Drop,Other,SLD,2022-12-05,63.77,"Bolas's Citadel, K'rrik, Son of Yawgmoth, Jet Medallion, Leshrac's Sigil"
Post Malone: The Lands,Secret Lair Drop,Other,SLD,2022-12-05,63.26,"Swamp, Forest, Island, Mountain, Plains"
Post Malone: The Lands Foil Edition,Secret Lair Drop,Other,SLD,2022-12-05,63.26,"Swamp, Forest, Island, Mountain, Plains"
Power,Clash Pack,Other,FRF,2015-01-23,55.77,"Merciless Executioner, Monastery Siege, Murderous Cut, Opulent Palace, Treasure Cruise"
Power and Profit,Clash Pack,Other,FRF,2015-01-23,92.67,"Merciless Executioner, Whip of Erebos, Nyx Weaver, Monastery Siege, Eidolon of Blossoms"
Power of Prophecy,Intro Pack,Other,M11,2010-07-16,44.68,"Plains, Stormtide Leviathan, Crystal Ball, Plains, Augury Owl"
Power to the People,Arena Starter Deck,Other,OTJ,2024-07-08,51.67,"Delney, Streetwise Lookout, Shadowy Backstreet, Deep-Cavern Bat, Rankle's Prank, Sanguine Evangelist"
Powerful (1),Jumpstart,Other,TLE,2025-11-20,2.46,"Fang, Roku's Companion, Thriving Bluff, Iroh's Demonstration, Mountain, Uncle Iroh"
Powerful (2),Jumpstart,Other,TLE,2025-11-20,2.46,"Fang, Roku's Companion, Freedom Fighter Recruit, Thriving Bluff, Combustion Man, Mountain"
Powerstones 1,Jumpstart,Other,BRO,2022-11-18,0.0,"Geology Enthusiast, Island, Island, Urza, Powerstone Prodigy, Spotter Thopter"
Powerstones 2,Jumpstart,Other,BRO,2022-11-18,0.0,"Geology Enthusiast, Hulking Metamorph, Island, Island, Urza, Powerstone Prodigy"
Precise,Jumpstart,Other,MSH,2026-06-26,0.0,"Hawkeye, Bowslinger, Stunning Shot, Sudden Strike, Plains, Valkyrior Skyrider"
Preconstructed deck 1,Starter Deck,Other,P02,1998-06-24,17.09,"Mountain, Swamp, Forest, Swamp, Swamp"
Preconstructed deck 2,Starter Deck,Other,PTK,1999-05-01,142.62,"Borrowing 100,000 Arrows, Forest Bear, Forest, Forest, Council of Advisors"
Predatory (1),Jumpstart,Other,JMP,2020-07-17,12.7,"Neyith of the Dire Hunt, Sabertooth Mauler, Fungal Rebirth, Trufflesnout, Thriving Grove"
Predatory (2),Jumpstart,Other,JMP,2020-07-17,12.7,"Neyith of the Dire Hunt, Sabertooth Mauler, Fungal Rebirth, Gingerbrute, Trufflesnout"
Predatory (3),Jumpstart,Other,JMP,2020-07-17,0.0,"Sabertooth Mauler, Fungal Rebirth, Gingerbrute, Trufflesnout, Thriving Grove"
Predatory (4),Jumpstart,Other,JMP,2020-07-17,2.98,"Momentous Fall, Sabertooth Mauler, Fungal Rebirth, Trufflesnout, Thriving Grove"
Presence of Mind,Intro Pack,Other,M10,2009-07-17,23.19,"Telepathy, Island, Sleep, Swamp, Doom Blade"
Pressure Cooker,Theme Deck,Other,ODY,2001-10-01,424.6,"Braids, Cabal Minion, Cabal Pit, Innocent Blood, Mountain, Swamp"
"Preston Poulter, Semifinalist",Pro Tour Deck,Other,PTC,1996-05-01,111.92,"Sylvan Library, Land Tax, Strip Mine, Armageddon, Mishra's Factory"
Price Of Glory,Intro Pack,Other,M15,2014-07-18,11.19,"Mass Calcify, Sign in Blood, Staff of the Death Magus, Resolute Archangel, Ulcerate"
Pride Across the Multiverse,Secret Lair Drop,Other,SLD,2022-08-05,144.12,"Mana Confluence, Sol Ring, Bearscape, Savor the Moment, Collective Voyage"
Pride Across the Multiverse Foil Edition,Secret Lair Drop,Other,SLD,2022-08-05,144.12,"Mana Confluence, Sol Ring, Bearscape, Savor the Moment, Collective Voyage"
Prideful,Jumpstart,Other,J25,2024-11-07,6.12,"Brimaz, King of Oreskos, Leonin Vanguard, Take Up the Shield, King of the Pride, Thriving Heath"
Priestess,Shandalar Enemy Deck,Other,PAST,1997-04-01,56.6,"Spirit Link, Elder Land Wurm, Swords to Plowshares, Fortified Area, Blessing"
Primal,Jumpstart,Other,FDN,2024-11-15,0.0,"Bear Cub, Aggressive Mammoth, Wildwood Scourge, Forest, Giant Growth"
Primal Fury,Arena Starter Deck,Other,M19,2018-09-27,46.96,"Silverclad Ferocidons, Rootbound Crag, Knight of the Stampede, Colossal Majesty, Banefire"
Primates,Jumpstart,Other,J22,2022-12-02,24.26,"Kibo, Uktabi Prince, Ram Through, Monkey Cage, Uktabi Orangutan, Cultivate"
Prime Slime,Secret Lair Drop,Other,SLD,2020-08-17,35.26,"Necrotic Ooze, The Mimeoplasm, Scavenging Ooze, Acidic Slime, Voidslime"
Primordial Hunger,Planechase Deck,Other,PCA,2016-11-25,16.98,"Dragonlair Spider, Mycoloth, Thromok the Insatiable, Khalni Garden, Skarrg, the Rage Pits"
Primordial Jund,Intro Pack,Other,ALA,2008-10-03,35.34,"Mycoloth, Swamp, Forest, Forest, Mountain"
Prints Charming,Secret Lair Drop,Other,SLD,2026-02-03,81.68,"Nature's Lore, Dryad Arbor, Skyshroud Claim, Wood Elves"
Prints Charming Foil Edition,Secret Lair Drop,Other,SLD,2026-02-03,81.68,"Nature's Lore, Dryad Arbor, Skyshroud Claim, Wood Elves"
Prints of Darkness,Secret Lair Drop,Other,SLD,2024-07-10,75.83,"Dictate of Erebos, Mayhem Devil, Moldervine Reclamation, Prossh, Skyraider of Kher, Fecundity"
Prints of Darkness Foil Edition,Secret Lair Drop,Other,SLD,2024-07-10,75.83,"Dictate of Erebos, Mayhem Devil, Moldervine Reclamation, Prossh, Skyraider of Kher, Fecundity"
Prismat,Shandalar Enemy Deck,Other,PAST,1997-04-01,7455.7,"Mox Emerald, Mox Pearl, Mountain, Ivory Tower, Sol Ring"
Prismatic Nightmares,Secret Lair Drop,Other,SLD,2024-02-23,103.18,"Simian Spirit Guide, Rain of Filth, Arcane Denial, Nightscape Familiar, Prince of Thralls"
Prismatic Nightmares Foil Edition,Secret Lair Drop,Other,SLD,2024-02-23,172.23,"Simian Spirit Guide, Rain of Filth, Nightscape Familiar, Arcane Denial, Prince of Thralls"
Profit,Clash Pack,Other,FRF,2015-01-23,47.63,"Whip of Erebos, Nyx Weaver, Eidolon of Blossoms, Doomwake Giant, Grim Guardian"
Progress 1,Jumpstart,Other,ONE,2023-02-10,0.0,"Thrummingbird, Serum Sovereign, Serum Snare, Distorted Curiosity, The Surgical Bay"
Progress 2,Jumpstart,Other,ONE,2023-02-10,0.0,"Experimental Augury, Thrummingbird, Serum Sovereign, Bring the Ending, Distorted Curiosity"
Psychic Labyrinth,Intro Pack,Other,M14,2013-07-19,8.36,"Archaeomancer, Clone, Warden of Evos Isle, Coral Merfolk, Island"
Pulverize,Theme Deck,Other,SCG,2003-05-26,136.28,"Pyrostatic Pillar, Parallel Thoughts, Island, Mischievous Quanar, Dispersal Shield"
Pummel,Theme Deck,Other,PCY,2000-06-05,482.19,"Hickory Woodlot, Spore Frog, Skyshroud Claim, Invigorate, Vine Trellis"
Pumped Up,Intro Pack,Other,ZEN,2009-10-02,29.2,"Rite of Replication, Burst Lightning, Hellkite Charger, Sleep, Into the Roil"
Purr Majesty,Secret Lair Drop,Other,SLD,2026-06-16,112.33,"Queen Marchesa, Court of Grace, Reverent Mantra, Windborn Muse, Ruinous Ultimatum"
Purr Majesty Foil Edition,Secret Lair Drop,Other,SLD,2026-06-16,112.33,"Queen Marchesa, Court of Grace, Reverent Mantra, Windborn Muse, Ruinous Ultimatum"
Purrfection,Secret Lair Drop,Other,SLD,2021-10-22,329.29,"Kodama's Reach, Heirloom Blade, Generous Gift, Chain Lightning"
Purrfection Foil Edition,Secret Lair Drop,Other,SLD,2021-10-22,329.29,"Kodama's Reach, Heirloom Blade, Generous Gift, Chain Lightning"
Pym Particles,Jumpstart,Other,MSH,2026-06-26,0.0,"Wasp, Shrinking Savior, Ant-Man, Reformed Rogue, Pym Particles, Island, Quantum Reduction"
Queltosh,Shandalar Enemy Deck,Other,PAST,1997-04-01,8000.16,"Ancestral Recall, Candelabra of Tawnos, Mountain, Land Tax, Eye for an Eye"
Radiant's Revenge,Theme Deck,Other,ULG,1999-02-15,271.31,"Mother of Runes, Miscalculation, Ring of Gix, Raven Familiar, Urza's Blueprints"
Radiant's Revenge - Enhanced Deck,Enhanced Deck,Other,ULG,1999-02-15,600.91,"Palinchron, Faerie Conclave, Miscalculation, Reflecting Pool, Forbidding Watchtower"
Raid 1,Jumpstart,Other,J22,2022-12-02,0.0,"Raze the Effigy, Daring Piracy, Kari Zev, Skyship Raider, Thriving Bluff, Goblin Oriflamme"
Raid 2,Jumpstart,Other,J22,2022-12-02,9.04,"Glint-Horn Buccaneer, Daring Piracy, Bag of Holding, Thriving Bluff, Mountain"
Raid 3,Jumpstart,Other,J22,2022-12-02,3.66,"Brazen Cannonade, Daring Piracy, Thriving Bluff, Mountain, Mountain"
Raid 4,Jumpstart,Other,J22,2022-12-02,3.66,"Brazen Cannonade, Daring Piracy, Ordeal of Purphoros, Thriving Bluff, Brazen Wolves"
Rainbow,Jumpstart,Other,JMP,2020-07-17,1.11,"Maelstrom Archangel, Swamp, Alloy Myr, Plains, Terramorphic Expanse"
Rakdos,Guild Kit,Other,GK2,2019-02-15,33.01,"Utvara Hellkite, Rakdos, Lord of Riots, Master of Cruelties, Spawn of Mayhem, Rakdos the Defiler"
Rakdos Bloodsport,Theme Deck,Other,DIS,2006-05-05,39.54,"Lyzolda, the Blood Witch, Rakdos Signet, Seal of Fire, Rix Maadi, Dungeon Palace, Ignorant Bliss"
Rakdos Raid,Intro Pack,Other,RTR,2012-10-05,7.68,"Tormented Soul, Shrieking Affliction, Assassin's Strike, Blood Reckoning, Mountain"
Rakdos Revelry,Intro Pack,Other,DGM,2013-05-03,4.79,"Guttersnipe, Havoc Festival, Carnage Gladiator, Mountain, Swamp"
Rakdos Vampires,Challenger Deck,Other,Q07,2022-04-01,16.7,"Blightstep Pathway // Searstep Pathway, Florian, Voldaren Scion, Swamp, Henrika Domnathi // Henrika, Infernal Seer, Den of the Bugbear"
"Ral, Caller of Storms",Planeswalker Deck,Other,GRN,2018-10-05,1.17,"Ral, Caller of Storms, Mountain, Goblin Electromancer, Island, Chemister's Insight"
Rally and Rout,Event Deck,Other,GTC,2013-02-22,45.58,"Boros Charm, Champion of the Parish, Thalia, Guardian of Thraben, Clifftop Retreat, Slayers' Stronghold"
Rallying Cry,Intro Pack,Other,BFZ,2015-10-02,17.27,"Hero of Goma Fada, Angelic Captain, Kor Bladewhirl, Chasm Guide, Evolving Wilds"
Rampaging,Jumpstart,Other,MSH,2026-06-26,1.53,"Bushmaster, Coiled Henchman, Rhino, Terrible Trampler, Rhino's Rampage, Claim the Kingdom, Forest"
"Randy Buehler - Draw, Go",World Championship Deck,Other,WC98,1998-08-12,14.95,"Mana Leak, Island, Counterspell, Memory Lapse, Force Spike"
Raphael,Theme Deck,Other,TMT,2026-03-06,5.93,"Raphael, Tag Team Tough, Skateboard, Casey Jones, Asphalt Hooligan, Casey & Raph, Hotheads, Definitely Not a Turtle"
Raphael Levy - Le Wonder Goose,World Championship Deck,Other,WC02,2002-08-14,60.19,"Yavimaya Coast, Mental Note, Island, Careful Study, Island"
Rapid Fire,Intro Pack,Other,WWK,2010-02-05,45.05,"Chain Reaction, Kor Skyfisher, Searing Blaze, Ruin Ghost, Armored Ascension"
Rats,Jumpstart,Other,J22,2022-12-02,45.32,"Ashcoat of the Shadow Swarm, Infiltration Lens, Crypt Rats, Ogre Slumlord, Nezumi Bone-Reader"
Rats' Nest,Theme Deck,Other,BOK,2005-02-04,445.89,"Umezawa's Jitte, Throat Slitter, Shuko, Okiba-Gang Shinobi, Skullsnatcher"
Ravaging Swarm,Intro Pack,Other,NPH,2011-05-13,113.2,"Inexorable Tide, Viral Drake, Blighted Agent, Corrupted Conscience, Forest"
Ravenous Rats,Theme Deck,Other,PSAL,2005-08-01,0.0,"Swamp, Swamp, Swamp, Swamp, Swamp"
Ravnica Allegiance Bundle Land Pack,Bundle Land Pack,Other,RNA,2019-01-25,3.34,"Mountain, Mountain, Swamp, Swamp, Forest"
Ravnica Allegiance Foil Redemption,MTGO Redemption,Other,RNA,2019-02-24,329.33,"Smothering Tithe, Blood Crypt, Biomancer's Familiar, Hallowed Fountain, Breeding Pool"
Ravnica Allegiance Redemption,MTGO Redemption,Other,RNA,2019-02-24,329.33,"Smothering Tithe, Blood Crypt, Biomancer's Familiar, Hallowed Fountain, Breeding Pool"
Ravnica Fat Pack Land Pack,Bundle Land Pack,Other,RAV,2005-10-07,1.12,"Plains, Plains, Swamp, Plains, Island"
Ravnica: City of Guilds Foil Redemption,MTGO Redemption,Other,RAV,2005-11-06,2029.57,"Watery Grave, Doubling Season, Overgrown Tomb, Life from the Loam, Master Warcraft"
Ravnica: City of Guilds Redemption,MTGO Redemption,Other,RAV,2005-11-06,2029.57,"Watery Grave, Doubling Season, Overgrown Tomb, Life from the Loam, Master Warcraft"
Read the Fine Print,Secret Lair Drop,Other,SLD,2022-01-28,48.81,"Razaketh, the Foulblooded, Griselbrand, Liliana's Contract, Demonlord Belzenlok, Kothophed, Soul Hoarder"
Read the Fine Print Foil Edition,Secret Lair Drop,Other,SLD,2022-01-28,48.81,"Razaketh, the Foulblooded, Griselbrand, Liliana's Contract, Demonlord Belzenlok, Kothophed, Soul Hoarder"
Read the Fine Print Foil Etched Edition,Secret Lair Drop,Other,SLD,2022-01-28,48.81,"Razaketh, the Foulblooded, Griselbrand, Liliana's Contract, Demonlord Belzenlok, Kothophed, Soul Hoarder"
Ready to Attack,Jumpstart,Other,DMU,2022-09-09,2.88,"Mountain, Twinferno, Ragefire Hellkite, Electrostatic Infantry, Phoenix Chick"
Ready to Charge,Jumpstart,Other,DMU,2022-09-09,2.88,"Mountain, Twinferno, Ragefire Hellkite, Electrostatic Infantry, Yavimaya Steelcrusher"
Reality Fracture,Theme Deck,Other,TSP,2006-10-06,362.56,"Claws of Gix, Grapeshot, Clockspinning, Deep-Sea Kraken, Whispers of the Muse"
Reanimated (1),Jumpstart,Other,JMP,2020-07-17,8.4,"Reanimate, Swamp, Swamp, Archfiend's Vessel, Goremand"
Reanimated (2),Jumpstart,Other,JMP,2020-07-17,8.4,"Reanimate, Swamp, Swamp, Goremand, Funeral Rites"
Reanimated (3),Jumpstart,Other,JMP,2020-07-17,5.67,"Exhume, Swamp, Swamp, Scourge of Nel Toth, Goremand"
Reanimated (4),Jumpstart,Other,JMP,2020-07-17,5.61,"Rise of the Dark Realms, Swamp, Swamp, Goremand, Funeral Rites"
Rebel Armory,Arena Starter Deck,Other,LTR,2023-06-20,8.48,"Nahiri, Forged in Fury, Danitha, Benalia's Hope, Battlefield Forge, Rhuk, Hexgold Nabber, Astor, Bearer of Blades"
Rebel's Call,Theme Deck,Other,MMQ,1999-10-04,183.06,"Cho-Manno, Revolutionary, Ramosian Sergeant, Disenchant, Fountain of Cho, Ramosian Sky Marshal"
Rebel's Call - Enhanced Deck,Enhanced Deck,Other,MMQ,1999-10-04,759.06,"Cave-In, Dust Bowl, Mother of Runes, Reverent Mantra, City of Brass"
Rebelling (1),Jumpstart,Other,TLE,2025-11-20,14.87,"Longshot, Rebel Bowman, Smellerbee, Rebel Fighter, Zuko, Seeking Honor, Freedom Fighter Recruit, Thriving Bluff"
Rebelling (2),Jumpstart,Other,TLE,2025-11-20,18.99,"Longshot, Rebel Bowman, Overwhelming Victory, Smellerbee, Rebel Fighter, Zuko, Seeking Honor, Freedom Fighter Recruit"
Rebellious 1,Jumpstart,Other,ONE,2023-02-10,0.0,"Rhuk, Hexgold Nabber, Volt Charge, Mountain, Mountain, The Autonomous Furnace"
Rebellious 2,Jumpstart,Other,ONE,2023-02-10,0.0,"Rhuk, Hexgold Nabber, Blazing Crescendo, Prosthetic Injector, Mountain, Mountain"
Rebels Unite,Theme Deck,Other,FUT,2007-05-04,42.06,"Dawn Charm, Big Game Hunter, Angel of Salvation, Return to Dust, Magus of the Abyss"
Red,Game Night Deck,Other,GNT,2018-11-16,18.26,"Goblin Trashmaster, Goblin Instigator, Goblin Goliath, Guttersnipe, Goblin Motivator"
Red Burn,Deck Builder's Toolkit,Other,ORI,2015-07-17,6.54,"Monastery Swiftspear, Wild Slash, Sarkhan's Rage, Twin Bolt, Arc Lightning"
Red Deck,Welcome Deck,Other,M19,2018-07-13,2.52,"Lightning Strike, Goblin Motivator, Mountain, Mountain, Hostile Minotaur"
Red Deck A,Sample Deck,Other,M12,2011-07-15,3.82,"Fling, Mountain, Mountain, Mountain, Mountain"
Red Deck B,Sample Deck,Other,10E,2008-05-02,2.41,"Incinerate, Mountain, Blaze, Mountain, Mountain"
Red Green Monstrosity,Deck Builder's Toolkit,Other,M15,2014-07-18,1.74,"Market Festival, Ancient Silverback, Peregrination, Fall of the Hammer, Ill-Tempered Cyclops"
Red Sample Deck,Sample Deck,Other,M13,2012-07-13,0.0,"Wild Guess, Mountain, Mountain, Kindled Fury, Cleaver Riot"
Red White Auras,Deck Builder's Toolkit,Other,M15,2014-07-18,3.01,"Heliod's Pilgrim, Vanguard of Brimaz, Akroan Crusader, Brood Keeper, Chosen by Heliod"
Red and Black Pirates,Deck Builder's Toolkit,Other,XLN,2017-09-29,0.0,"Lightning-Rig Crew, Fiery Cannonade, March of the Drowned, Kitesail Freebooter, Dire Fleet Captain"
Red and Colorless Artifacts,Deck Builder's Toolkit,Other,KLD,2016-09-30,11.25,"Reckless Fireweaver, Foundry Inspector, Salivating Gremlins, Inventor's Apprentice, Chief of the Foundry"
Red and Colorless RampLandfall,Deck Builder's Toolkit,Other,SOI,2016-04-08,13.44,"Bane of Bala Ged, Scour from Existence, Hedron Crawler, Hedron Archive, Embodiment of Fury"
Red and Green Aggro,Deck Builder's Toolkit,Other,AKH,2017-04-28,1.17,"Cartouche of Strength, Ahn-Crop Crasher, Cartouche of Zeal, Crocodile of the Crossing, Trial of Strength"
Red and Green Dinosaurs,Deck Builder's Toolkit,Other,XLN,2017-09-29,8.25,"Ranging Raptors, Raging Swordtooth, Charging Monstrosaur, Raptor Hatchling, Sun-Crowned Hunters"
Red and Green Landfall,Deck Builder's Toolkit,Other,SOI,2016-04-08,0.0,"Snapping Gnarlid, Retreat to Valakut, Brute Strength, Blighted Gorge, Lightning Axe"
Red and Green Wolves,Deck Builder's Toolkit,Other,KLD,2016-09-30,3.05,"Blossoming Defense, Ulrich's Kindred, Pack Guardian, Uncaged Fury, Wolfkin Bond"
Red and White,Deck Builder's Toolkit,Other,KLD,2016-09-30,0.0,"Cathartic Reunion, Steadfast Cathar, Fairgrounds Warden, Make Mischief, Skywhaler's Shot"
Red and White Aggro,Deck Builder's Toolkit,Other,AKH,2017-04-28,3.62,"Cartouche of Solidarity, Ahn-Crop Crasher, Cartouche of Zeal, Honored Crop-Captain, Rhet-Crop Spearmaster"
Red and White Dinosaurs,Deck Builder's Toolkit,Other,XLN,2017-09-29,3.92,"Kinjalli's Caller, Charging Monstrosaur, Sky Terror, Dinosaur Stampede, Imperial Aerosaur"
Red-Green Aggression,Deck Builder's Toolkit,Other,M14,2013-07-19,2.49,"Kalonian Tusker, Gruul War Chant, Skarrg Guildmage, Ghor-Clan Rampager, Mugging"
Red-Green Aggro,Deck Builder's Toolkit,Other,ROE,2010-05-21,1.19,"Summit Apes, Borderland Ranger, Goblin Shortcutter, Trusty Machete, Centaur Courser"
Red-White,Starter Kit,Other,FIN,2025-06-13,13.33,"Ultima Weapon, Rosa, Resolute White Mage, Cloud, Planet's Champion, Beatrix, Loyal General, Lightning, Security Sergeant"
Red-White Deck,Spellslinger Starter Kit,Other,M19,2018-10-05,3.75,"Lightning Strike, Charging Monstrosaur, Goblin Motivator, Sky Terror, Demanding Dragon"
Red-White Swarm,Deck Builder's Toolkit,Other,M14,2013-07-19,0.0,"Viashino Firstblade, Wojek Halberdiers, Sunhome Guildmage, Skyknight Legionnaire, Firefist Striker"
Reign of Vampirism,Intro Pack,Other,M11,2010-07-16,46.88,"Royal Assassin, Viscera Seer, Cultivate, Captivating Vampire, Diabolic Tutor"
Reinforced (1),Jumpstart,Other,TLE,2025-11-20,1.24,"Zuko, Seeking Honor, Fire Nation Salvagers, Swamp, Feed the Swarm, Thriving Moor"
Reinforced (2),Jumpstart,Other,TLE,2025-11-20,1.24,"Zuko, Seeking Honor, Fire Nation Salvagers, Swamp, Heartless Act, Thriving Moor"
Reinforcement 1,Jumpstart,Other,MOM,2023-04-20,12.79,"Orthion, Hero of Lavabrink, Axgard Artisan, Mountain, Volcanic Spite, Cragsmasher Yeti"
Reinforcement 2,Jumpstart,Other,MOM,2023-04-20,12.79,"Orthion, Hero of Lavabrink, Axgard Artisan, Mirran Banesplitter, Mountain, Volcanic Spite"
Relentless (1),Jumpstart,Other,TLE,2025-11-20,4.84,"Ruthless Waterbender, Fire Nation Occupation, Swamp, Heartless Act, Thriving Moor"
Relentless (2),Jumpstart,Other,TLE,2025-11-20,2.3,"Fire Nation Occupation, Swamp, Heartless Act, Thriving Moor, Azula Always Lies"
Relentless Dead,Intro Pack,Other,DKA,2012-02-03,35.26,"Endless Ranks of the Dead, Diregraf Captain, Swamp, Black Cat, Island"
Relentless Rush,Intro Pack,Other,DTK,2015-03-27,12.25,"Impact Tremors, Foul-Tongue Shriek, Duress, Mountain, Swamp"
Relic Breaker,Intro Pack,Other,SOM,2010-10-01,79.23,"Asceticism, Viridian Revel, Forest, Iron Myr, Copper Myr"
Relics of Doom,Theme Deck,Other,PS11,2011-01-01,0.0,"Island, Island, Island, Island, Swamp"
Repeat Performance,Event Deck,Other,M13,2012-08-03,124.83,"Green Sun's Zenith, Razorverge Thicket, Avacyn's Pilgrim, Arbor Elf, Attended Knight"
Repel the Dark,Intro Pack,Other,ISD,2011-09-30,16.36,"Avacyn's Pilgrim, Fiend Hunter, Bramblecrush, Mentor of the Meek, Forest"
Replicator,Theme Deck,Other,NEM,2000-02-14,254.59,"Saproling Burst, Invigorate, Blastoderm, Bog Witch, Saproling Cluster"
Replicator - Enhanced Deck,Enhanced Deck,Other,NEM,2000-02-14,331.24,"Treetop Village, Rancor, Collective Unconscious, Vine Trellis, Spontaneous Generation"
Restless in Peace,Secret Lair Drop,Other,SLD,2019-12-05,30.55,"Life from the Loam, Bloodghast, Golgari Thug"
Return to Mystical Archive,Secret Lair Drop,Other,SLD,2026-05-12,32.73,"Spell Pierce, Abrade, Shared Roots, Zombify, Duty Beyond Death"
Return to Mystical Archive Foil Edition,Secret Lair Drop,Other,SLD,2026-05-12,32.73,"Spell Pierce, Abrade, Shared Roots, Zombify, Duty Beyond Death"
Return to Ravnica Fat Pack Land Pack,Bundle Land Pack,Other,RTR,2012-10-05,0.0,"Forest, Plains, Forest, Mountain, Island"
Return to Ravnica Foil Redemption,MTGO Redemption,Other,RTR,2012-11-04,515.49,"Cyclonic Rift, Deathrite Shaman, Blood Crypt, Steam Vents, Rakdos Charm"
Return to Ravnica Holiday Gift Box Land Pack,Bundle Land Pack,Other,RTR,2012-11-16,0.0,"Forest, Plains, Forest, Mountain, Island"
Return to Ravnica Redemption,MTGO Redemption,Other,RTR,2012-11-04,515.49,"Cyclonic Rift, Deathrite Shaman, Blood Crypt, Steam Vents, Rakdos Charm"
Returned,Jumpstart,Other,MSH,2026-06-26,6.41,"Undead Hand Ninja, Grim Reaper's Scythe, Songbird, Sonic Screamer, Swamp, Ultimo, Civilization's End"
Ride Like the Wind,MTGO Theme Deck,Other,MIR,2006-12-05,1.93,"Mountain, Telim'Tor, Plains, Sidar Jabari, Mountain"
Riders 1,Jumpstart,Other,LTR,2023-11-03,9.04,"Riders of the Mark, Rising of the Day, Rally at the Hornburg, Éomer of the Riddermark, Fear, Fire, Foes!"
Riders 2,Jumpstart,Other,LTR,2023-11-03,7.73,"Riders of the Mark, Rally at the Hornburg, Éomer of the Riddermark, Fear, Fire, Foes!, Book of Mazarbul"
Rise of the Eldrazi Fat Pack Land Pack,Bundle Land Pack,Other,ROE,2010-04-23,40.06,"Island, Swamp, Forest, Island, Forest"
Rise of the Eldrazi Foil Redemption,MTGO Redemption,Other,ROE,2010-05-23,2050.54,"Emrakul, the Aeons Torn, Kozilek, Butcher of Truth, Ulamog, the Infinite Gyre, Nirkana Revenant, Linvala, Keeper of Silence"
Rise of the Eldrazi Redemption,MTGO Redemption,Other,ROE,2010-05-23,2050.54,"Emrakul, the Aeons Torn, Kozilek, Butcher of Truth, Ulamog, the Infinite Gyre, Nirkana Revenant, Linvala, Keeper of Silence"
Rise of the Vampires,Intro Pack,Other,ZEN,2009-10-02,50.04,"Blood Tribute, Malakir Bloodwitch, Diabolic Tutor, Vampire Nighthawk, Vampire's Bite"
Rituals of Rebirth,Theme Deck,Other,PLC,2007-02-02,230.9,"Essence Warden, Wall of Roots, Rebuff the Wicked, Teneb, the Harvester, Jedit Ojanen of Efrava"
Rivals of Ixalan Bundle Land Pack,Bundle Land Pack,Other,RIX,2018-01-19,12.59,"Mountain, Swamp, Forest, Island, Plains"
Rivals of Ixalan Foil Redemption,MTGO Redemption,Other,RIX,2018-02-18,374.58,"Nezahal, Primal Tide, Polyraptor, The Immortal Sun, Storm the Vault // Vault of Catlacan, Elenda, the Dusk Rose"
Rivals of Ixalan Redemption,MTGO Redemption,Other,RIX,2018-02-18,374.58,"Nezahal, Primal Tide, Polyraptor, The Immortal Sun, Storm the Vault // Vault of Catlacan, Elenda, the Dusk Rose"
River Heralds,Theme Deck,Other,E02,2017-11-24,27.38,"Time Warp, Soul of the Harvest, Tempest Caller, Island, Rancor"
Rogues (1),Jumpstart,Other,JMP,2020-07-17,1.0,"Rogue's Gloves, Swamp, Thieves' Guild Enforcer, Alchemist's Gift, Oona's Blackguard"
Rogues (2),Jumpstart,Other,JMP,2020-07-17,1.0,"Rogue's Gloves, Swamp, Thieves' Guild Enforcer, Alchemist's Gift, Oona's Blackguard"
Roku,Jumpstart,Other,TLE,2025-11-20,16.43,"Avatar Roku, Firebender, Fang, Roku's Companion, Frantic Confrontation, Thriving Bluff, Roku's Mastery"
Rot from Within,Event Deck,Other,NPH,2011-06-10,177.9,"Green Sun's Zenith, Inkmoth Nexus, Mutagenic Growth, Ichorclaw Myr, Overgrown Battlement"
Rough and Tumble,Arena Starter Kit,Other,AFR,2021-08-06,1.25,"Evolving Wilds, Asmodeus the Archfiend, Oran-Rief Ooze, Black Dragon, Cleaving Reaper"
Rough and Tumble Amazon,Arena Starter Kit,Other,AFR,2021-08-06,1.25,"Evolving Wilds, Asmodeus the Archfiend, Oran-Rief Ooze, Black Dragon, Cleaving Reaper"
"Rowan, Fearless Sparkmage",Planeswalker Deck,Other,ELD,2019-10-04,0.0,"Rowan, Fearless Sparkmage, Plains, Acclaimed Contender, Giant Killer // Chop Down, Inspiring Veteran"
Rule the Room,Secret Lair Drop,Other,SLD,2022-09-13,49.8,"Brimaz, King of Oreskos, Savra, Queen of the Golgari, Queen Marchesa, Arcanis the Omnipotent"
Rule the Room Foil Edition,Secret Lair Drop,Other,SLD,2022-09-13,49.8,"Brimaz, King of Oreskos, Savra, Queen of the Golgari, Queen Marchesa, Arcanis the Omnipotent"
Rumbler,Intro Pack,Other,ARB,2009-04-30,26.17,"Terramorphic Expanse, Forest, Forest, Mountain, Mountain"
Runaways,Jumpstart,Other,MSH,2026-06-26,68.49,"Nico Minoru, Runaway, Karolina Dean, Runaway, Hex Magic, Alex Wilder, Runaway, Chase Stein, Runaway"
Rush of the Wild,Event Deck,Other,M14,2013-08-09,37.6,"Stomping Ground, Elvish Mystic, Rogue's Passage, Mizzium Mortars, Dryad Militant"
SDCC 2013 Black Planeswalkers,Box Set,Other,PSDC,2013-07-18,828.74,"Liliana of the Dark Realms, Ajani, Caller of the Pride, Chandra, Pyromaster, Jace, Memory Adept, Garruk, Caller of Beasts"
SDCC 2013 Planeswalker Set,San Diego Comic Con Promos,Other,PSDC,2013-07-18,828.74,"Liliana of the Dark Realms, Ajani, Caller of the Pride, Chandra, Pyromaster, Jace, Memory Adept, Garruk, Caller of Beasts"
SDCC 2014 Black Planeswalkers,Box Set,Other,PS14,2014-07-08,273.84,"Liliana Vess, Nissa, Worldwaker, Chandra, Pyromaster, Ajani Steadfast, Garruk, Apex Predator"
SDCC 2014 Planeswalker Set,San Diego Comic Con Promos,Other,PS14,2014-07-24,273.84,"Liliana Vess, Nissa, Worldwaker, Chandra, Pyromaster, Ajani Steadfast, Garruk, Apex Predator"
SDCC 2015 Black Planeswalkers,Box Set,Other,PS15,2015-07-09,439.11,"Liliana, Heretical Healer // Liliana, Defiant Necromancer, Chandra, Fire of Kaladesh // Chandra, Roaring Flame, Jace, Vryn's Prodigy // Jace, Telepath Unbound, Nissa, Vastwood Seer // Nissa, Sage Animist, Kytheon, Hero of Akros // Gideon, Battle-Forged"
SDCC 2015 Planeswalker Set,San Diego Comic Con Promos,Other,PS15,2015-07-09,439.11,"Liliana, Heretical Healer // Liliana, Defiant Necromancer, Chandra, Fire of Kaladesh // Chandra, Roaring Flame, Jace, Vryn's Prodigy // Jace, Telepath Unbound, Nissa, Vastwood Seer // Nissa, Sage Animist, Kytheon, Hero of Akros // Gideon, Battle-Forged"
SDCC 2016 Zombie Planeswalker Set,San Diego Comic Con Promos,Other,PS16,2016-07-21,102.96,"Liliana, the Last Hope, Chandra, Flamecaller, Jace, Unraveler of Secrets, Gideon, Ally of Zendikar, Nissa, Voice of Zendikar"
SDCC 2016 Zombie Planeswalkers,Box Set,Other,PS16,2016-10-01,102.96,"Liliana, the Last Hope, Chandra, Flamecaller, Jace, Unraveler of Secrets, Gideon, Ally of Zendikar, Nissa, Voice of Zendikar"
SDCC 2017 Egyptian Planeswalkers,Box Set,Other,PS17,2017-07-20,172.02,"Liliana, Death's Majesty, Nicol Bolas, God-Pharaoh, Chandra, Torch of Defiance, Jace, Unraveler of Secrets, Nissa, Steward of Elements"
SDCC 2017 Planeswalker Set,San Diego Comic Con Promos,Other,PS17,2017-07-20,172.02,"Liliana, Death's Majesty, Nicol Bolas, God-Pharaoh, Chandra, Torch of Defiance, Jace, Unraveler of Secrets, Nissa, Steward of Elements"
SDCC 2018 Planeswalker Set,San Diego Comic Con Promos,Other,PS18,2018-07-19,215.04,"Liliana, Untouched by Death, Chandra, Torch of Defiance, Nissa, Vital Force, Gideon of the Trials, Jace, Cunning Castaway"
SDCC 2018 Stained Glass Planeswalkers,Box Set,Other,PS18,2018-07-19,215.04,"Liliana, Untouched by Death, Chandra, Torch of Defiance, Nissa, Vital Force, Gideon of the Trials, Jace, Cunning Castaway"
SDCC 2019 God-Eternals,Box Set,Other,PS19,2019-07-18,213.0,"Nicol Bolas, Dragon-God, God-Eternal Oketra, God-Eternal Bontu, God-Eternal Kefnet, God-Eternal Rhonas"
Sacred Assault,Intro Pack,Other,M12,2011-07-15,34.39,"Spirit Mantle, Mesa Enchantress, Gladecover Scout, Lifelink, Aegis Angel"
Sacrifice,Deck Builder's Toolkit,Other,M14,2013-07-19,0.0,"Goblin Rally, Festering Newt, Barrage of Expendables, Act of Treason, Blood Bairn"
Sacrificial Bam,Theme Deck,Other,MRD,2003-10-02,261.5,"Vault of Whispers, Great Furnace, Talisman of Indulgence, Myr Retriever, Iron Myr"
Sacrilege,Theme Deck,Other,TOR,2002-02-08,361.86,"Buried Alive, Ichorid, Tainted Field, Putrid Imp, Angel of Retribution"
Saddle Up,Arena Starter Deck,Other,OTJ,2024-07-08,13.86,"Lush Portico, Railway Brawler, Outcaster Trailblazer, Gruff Triplets, Ornery Tumblewagg"
Sainted One,Shandalar Enemy Deck,Other,PAST,1997-04-01,6662.91,"Mox Pearl, Mishra's Workshop, Bottle of Suleiman, Sol Ring, Armageddon"
Saltrem Tor,Shandalar Enemy Deck,Other,PAST,1997-04-01,306.17,"Mountain, Birds of Paradise, Whirling Dervish, Crimson Manticore, Unstable Mutation"
Sampler Booster,Welcome Booster,Other,9ED,2005-07-29,7.01,"Forest, Mountain, Island, Swamp, Gravedigger"
Saproling Swarm,Arena Starter Deck,Other,M19,2018-09-27,23.04,"Tendershoot Dryad, Twilight Prophet, Poison-Tip Archer, Woodland Cemetery, Path of Discovery"
Sarkhan,Planeswalker Deck,Other,M19,2018-07-13,15.21,"Sarkhan, Dragonsoul, Thud, Lightning Strike, Goblin Motivator, Demanding Dragon"
Saturday Morning D&D,Secret Lair Drop,Other,SLD,2021-06-21,48.89,"Primal Vigor, Impact Tremors, Whir of Invention, Commander's Sphere, Hero's Downfall"
Saturday Morning D&D Foil Edition,Secret Lair Drop,Other,SLD,2021-06-21,48.89,"Primal Vigor, Impact Tremors, Whir of Invention, Commander's Sphere, Hero's Downfall"
Savage Auras,Planechase Deck,Other,PCA,2016-11-25,21.01,"Ghostly Prison, Kor Spiritdancer, Felidar Umbra, Spirit Mantle, Three Dreams"
Savage Lands,Jumpstart,Other,MSH,2026-06-26,75.0,"Devil Dinosaur, Sauron, Dino Devotee, Moon-Boy, Dino Rider, Savage Lands, Ka-Zar of the Savage Land"
Savage Salvagers,Arena Starter Deck,Other,LTR,2023-06-20,10.3,"Conduit of Worlds, Glissa Sunslayer, Shadow of the Enemy, Llanowar Wastes, Terror of Towashi"
Savage Stompdown,MTGO Theme Deck,Other,VIS,2006-04-10,43.55,"Natural Order, Mountain, Viashivan Dragon, Forest, Mountain"
Saviors of Kamigawa Foil Redemption,MTGO Redemption,Other,SOK,2005-07-03,2131.33,"Oboro Breezecaller, Oboro, Palace in the Clouds, Erayo, Soratami Ascendant // Erayo's Essence, Sakashima the Impostor, Miren, the Moaning Well"
Saviors of Kamigawa Redemption,MTGO Redemption,Other,SOK,2005-07-03,2131.33,"Oboro Breezecaller, Oboro, Palace in the Clouds, Erayo, Soratami Ascendant // Erayo's Essence, Sakashima the Impostor, Miren, the Moaning Well"
Scales of Fury,Theme Deck,Other,PS11,2011-01-01,0.0,"Forest, Forest, Forest, Forest, Mountain"
Scarlet,Jumpstart,Other,MSH,2026-06-26,103.17,"The Vision and Scarlet Witch, Wanda's Vision, Hex Magic, Lightning Bolt, Grapeshot"
Scars of Mirrodin Fat Pack Land Pack,Bundle Land Pack,Other,SOM,2010-10-01,30.88,"Forest, Forest, Island, Forest, Forest"
Scars of Mirrodin Foil Redemption,MTGO Redemption,Other,SOM,2010-10-31,1590.73,"Mox Opal, Skithiryx, the Blight Dragon, Platinum Emperion, Grafted Exoskeleton, Asceticism"
Scars of Mirrodin Redemption,MTGO Redemption,Other,SOM,2010-10-31,1590.73,"Mox Opal, Skithiryx, the Blight Dragon, Platinum Emperion, Grafted Exoskeleton, Asceticism"
Scene Box,Box Set,Other,SPE,2025-09-26,25.33,"Green Goblin, Nemesis, Sensational Spider-Man, Venom, Deadly Devourer, Pumpkin Bombs, Grasping Tentacles"
Scorch The World With Dragonfire,Archenemy Deck,Other,ARC,2010-06-18,29.25,"Seething Song, Hellkite Charger, Thran Dynamo, Dragonspeaker Shaman, Taurean Mauler"
Scourge Foil Redemption,MTGO Redemption,Other,SCG,2003-06-25,3320.26,"Stifle, Brain Freeze, Siege-Gang Commander, Decree of Justice, Sliver Overlord"
Scourge Redemption,MTGO Redemption,Other,SCG,2003-06-25,3320.26,"Stifle, Brain Freeze, Siege-Gang Commander, Decree of Justice, Sliver Overlord"
Scout,Theme Deck,Other,PLS,2001-02-05,516.23,"Eladamri's Call, Rith's Grove, Harrow, Fertile Ground, Armadillo Cloak"
Scrapyard Sacrifice,Arena Starter Deck,Other,LTR,2023-06-20,13.58,"Mishra, Claimed by Gix // Mishra, Lost to Phyrexia, Corrupted Conviction, Phyrexian Dragon Engine // Mishra, Lost to Phyrexia, Sulfurous Springs, Urabrask's Forge"
Scrying 1,Jumpstart,Other,J22,2022-12-02,9.39,"Kenessos, Priest of Thassa, Preordain, Cryptic Serpent, Faerie Seer, Biblioplex Kraken"
Scrying 2,Jumpstart,Other,J22,2022-12-02,9.39,"Kenessos, Priest of Thassa, Preordain, Cryptic Serpent, Condescend, Faerie Seer"
Sea Drake,Shandalar Enemy Deck,Other,PAST,1997-04-01,175.38,"Mana Vault, Island Fish Jasconius, Leviathan, Counterspell, Giant Tortoise"
Second Chance,Arena Starter Deck,Other,OTJ,2024-07-08,6.62,"Spirebluff Canal, Seize the Secrets, Demand Answers, Melek, Reforged Researcher, Hell to Pay"
Second Sun Control,Challenger Deck,Other,Q01,2018-04-06,29.76,"Approach of the Second Sun, Settle the Wreckage, Kefnet the Mindful, Ipnu Rivulet, Fumigate"
Secret Lair High: Class of '87,Secret Lair Drop,Other,SLD,2025-03-25,16.56,"Aesi, Tyrant of Gyre Strait // Aesi, Tyrant of Gyre Strait, Chulane, Teller of Tales // Chulane, Teller of Tales, Anje Falkenrath // Anje Falkenrath, Radha, Heart of Keld // Radha, Heart of Keld"
Secret Lair High: Class of '87 Foil Edition,Secret Lair Drop,Other,SLD,2025-03-25,16.56,"Aesi, Tyrant of Gyre Strait // Aesi, Tyrant of Gyre Strait, Chulane, Teller of Tales // Chulane, Teller of Tales, Anje Falkenrath // Anje Falkenrath, Radha, Heart of Keld // Radha, Heart of Keld"
Secrets of Strixhaven Bundle Land Pack,Bundle Land Pack,Other,SOS,2026-04-24,0.0,"Mountain, Mountain, Swamp, Swamp, Island"
Sedge Beast,Shandalar Enemy Deck,Other,PAST,1997-04-01,363.67,"Mountain, Strip Mine, Dancing Scimitar, Blight, Erg Raiders"
Seeing Visions,Secret Lair Drop,Other,SLD,2019-12-06,12.5,"Serum Visions, Serum Visions, Serum Visions, Serum Visions"
Seer,Shandalar Enemy Deck,Other,PAST,1997-04-01,344.29,"Triskelion, Hurkyl's Recall, Tetravus, Time Elemental, Ornithopter"
Seismic,Jumpstart,Other,JMP,2020-07-17,0.0,"Volcanic Geyser, Mountain, Volcanic Fallout, Mana Geode, Grim Lavamancer"
Selesnya,Guild Kit,Other,GK1,2018-11-02,6.99,"Privileged Position, Trostani, Selesnya's Voice, Camaraderie, Tolsimir Wolfblood, Conclave Cavalier"
Selesnya Conclave,Arena Starter Deck,Other,M20,2019-05-03,24.23,"Temple Garden, March of the Multitudes, Tolsimir, Friend to Wolves, Knight of Autumn, Pledge of Unity"
Selesnya Conclave 1,Jumpstart,Other,CLU,2024-02-23,2.51,"Conclave Evangelist, Trostani Discordant, Sumala Rumblers, Selesnya Sanctuary, Rootborn Defenses"
Selesnya Conclave 2,Jumpstart,Other,CLU,2024-02-23,8.1,"Beast Whisperer, Selesnya Signet, Vernal Sovereign, Sumala Rumblers, Selesnya Sanctuary"
Selesnya Pride,Arena Starter Deck,Other,DOM,2018-03-22,110.01,"Anointed Procession, Crested Sunmare, Sacred Cat, Pride Sovereign, Regal Caracal"
Selesnya Surge,Intro Pack,Other,RTR,2012-10-05,6.38,"Arbor Elf, Rootborn Defenses, Healer of the Pride, Druid's Deliverance, Forest"
Selesnya United,Theme Deck,Other,RAV,2005-10-07,28.97,"Nullmage Shepherd, Selesnya Sanctuary, Tolsimir Wolfblood, Vitu-Ghazi, the City-Tree, Scatter the Seeds"
Series 1,Box Set,Other,PVAN,1997-12-01,29.72,"Karn, Squee, Ertai, Mirri, Gerrard"
Series 2,Box Set,Other,PVAN,1997-12-01,104.13,"Orim, Selenia, Barrin, Hanna, Starke"
Series 3,Box Set,Other,PVAN,1997-12-01,212.65,"Sliver Queen, Brood Mother, Lyna, Eladamri, Oracle, Sidar Kondo"
Series 4,Box Set,Other,PVAN,1997-12-01,364.7,"Titania, Gix, Urza, Xantcha, Mishra"
Seventh Edition Foil Redemption,MTGO Redemption,Other,7ED,2001-05-11,22002.3,"Birds of Paradise, City of Brass, Final Fortune, Underground River, Karplusan Forest"
Seventh Edition Redemption,MTGO Redemption,Other,7ED,2001-05-11,22002.3,"Birds of Paradise, City of Brass, Final Fortune, Underground River, Karplusan Forest"
Shades Not Included,Secret Lair Drop,Other,SLD,2022-07-22,72.73,"Island, Swamp, Mountain, Plains, Forest"
Shades Not Included Foil Edition,Secret Lair Drop,Other,SLD,2022-07-22,72.73,"Island, Swamp, Mountain, Plains, Forest"
Shadowmoor Fat Pack Land Pack,Bundle Land Pack,Other,SHM,2008-05-02,36.55,"Swamp, Island, Swamp, Forest, Swamp"
Shadowmoor Foil Redemption,MTGO Redemption,Other,SHM,2008-06-01,3742.79,"Sygg, River Cutthroat, Manamorphose, Painter's Servant, Umbral Mantle, Everlasting Torment"
Shadowmoor Redemption,MTGO Redemption,Other,SHM,2008-06-01,3742.79,"Sygg, River Cutthroat, Manamorphose, Painter's Servant, Umbral Mantle, Everlasting Torment"
Shadows over Innistrad Fat Pack Land Pack,Bundle Land Pack,Other,SOI,2016-04-08,0.0,"Forest, Plains, Forest, Swamp, Island"
Shadows over Innistrad Foil Redemption,MTGO Redemption,Other,SOI,2016-05-08,245.35,"Eerie Interlude, Relentless Dead, Cryptolith Rite, Archangel Avacyn // Avacyn, the Purifier, Sorin, Grim Nemesis"
Shadows over Innistrad Gift Box Land Pack,Bundle Land Pack,Other,SOI,2016-04-08,0.0,"Forest, Plains, Forest, Swamp, Island"
Shadows over Innistrad Redemption,MTGO Redemption,Other,SOI,2016-05-08,245.35,"Eerie Interlude, Relentless Dead, Cryptolith Rite, Archangel Avacyn // Avacyn, the Purifier, Sorin, Grim Nemesis"
Shallow Graves,Intro Pack,Other,EMN,2016-07-22,7.72,"Cryptbreaker, Liliana's Indignation, Graf Harvest, Noosegraf Mob, Cemetery Recruitment"
Shamanism,Theme Deck,Other,MOR,2008-02-01,227.8,"Thornbite Staff, Bosk Banneret, Leaf-Crowned Elder, Lignify, Swamp"
Shapeshifter,Shandalar Enemy Deck,Other,PAST,1997-04-01,555.49,"Triskelion, Mishra's Factory, Mana Vault, Hurkyl's Recall, Ivory Tower"
Shapeshifters,Jumpstart,Other,J22,2022-12-02,29.34,"Pirated Copy, Mirror Image, Bloodline Pretender, Amoeboid Changeling, Universal Automaton"
Shards of Alara Fat Pack Land Pack,Bundle Land Pack,Other,ALA,2008-10-03,32.69,"Plains, Island, Swamp, Forest, Forest"
Shards of Alara Foil Redemption,MTGO Redemption,Other,ALA,2008-11-02,1033.26,"Ad Nauseam, Tezzeret the Seeker, Elspeth, Knight-Errant, Mayael the Anima, Ajani Vengeant"
Shards of Alara Redemption,MTGO Redemption,Other,ALA,2008-11-02,1033.26,"Ad Nauseam, Tezzeret the Seeker, Elspeth, Knight-Errant, Mayael the Anima, Ajani Vengeant"
"Shawn Hammer Regnier, Quarterfinalist",Pro Tour Deck,Other,PTC,1996-05-01,102.62,"City of Brass, Land Tax, Island, Adarkar Wastes, Mishra's Factory"
Sheldon's Spellbook,Secret Lair Drop,Other,SLD,2024-07-03,87.23,"Teferi's Protection, Sol Ring, Inkshield, Command Tower, Eladamri's Vineyard"
Sheldon's Spellbook Foil Edition,Secret Lair Drop,Other,SLD,2024-07-03,87.23,"Teferi's Protection, Sol Ring, Inkshield, Command Tower, Eladamri's Vineyard"
Showcase: All Will Be One Step-and-Compleat Edition,Secret Lair Drop,Other,SLD,2023-04-14,56.77,"Phyrexian Crusader, Glissa, the Traitor, Phyrexian Unlife, Ertai, the Corrupted, Plague Engineer"
Showcase: Bloomburrow,Secret Lair Drop,Other,SLD,2024-07-30,62.25,"Tezzeret, Master of the Bridge, Sorin Markov, Vraska, Golgari Queen, Kiora, Behemoth Beckoner, Huatli, Radiant Champion"
Showcase: Bloomburrow Foil Edition,Secret Lair Drop,Other,SLD,2024-07-30,62.25,"Tezzeret, Master of the Bridge, Sorin Markov, Vraska, Golgari Queen, Kiora, Behemoth Beckoner, Huatli, Radiant Champion"
Showcase: Dominaria United Textured Foil Edition,Secret Lair Drop,Other,SLD,2022-10-25,36.6,"Nicol Bolas, Vaevictis Asmadi, Chromium, Palladia-Mors, Arcades Sabboth"
Showcase: Duskmourn,Secret Lair Drop,Other,SLD,2024-10-01,39.42,"Dauthi Voidwalker, Phyrexian Metamorph, Magus of the Moon, Witch's Oven, Cauldron Familiar"
Showcase: Duskmourn Foil Edition,Secret Lair Drop,Other,SLD,2024-10-01,39.42,"Dauthi Voidwalker, Phyrexian Metamorph, Magus of the Moon, Witch's Oven, Cauldron Familiar"
Showcase: Kaldheim - Part 1,Secret Lair Drop,Other,SLD,2021-04-13,59.35,"Uro, Titan of Nature's Wrath, Primeval Titan, Frost Titan"
Showcase: Kaldheim - Part 1 Foil Edition,Secret Lair Drop,Other,SLD,2021-04-13,59.35,"Uro, Titan of Nature's Wrath, Primeval Titan, Frost Titan"
Showcase: Kaldheim - Part 2,Secret Lair Drop,Other,SLD,2021-04-13,31.26,"Grave Titan, Kroxa, Titan of Death's Hunger, Inferno Titan"
Showcase: Kaldheim - Part 2 Foil Edition,Secret Lair Drop,Other,SLD,2021-04-13,31.26,"Grave Titan, Kroxa, Titan of Death's Hunger, Inferno Titan"
Showcase: March of the Machine Vol. 1,Secret Lair Drop,Other,SLD,2023-04-28,138.8,"Walking Ballista, The World Tree, Wheel and Deal, Questing Beast, Olivia Voldaren"
Showcase: March of the Machine Vol. 2,Secret Lair Drop,Other,SLD,2023-04-28,106.16,"Higure, the Still Wind, Nezahal, Primal Tide, Xantcha, Sleeper Agent, Mina and Denn, Wildborn, Dragonlord Kolaghan"
Showcase: March of the Machine Vol. 3,Secret Lair Drop,Other,SLD,2023-04-28,176.6,"Misdirection, Nyxbloom Ancient, Utvara Hellkite, Kogla, the Titan Ape, Jhoira, Weatherlight Captain"
Showcase: Midnight Hunt,Secret Lair Drop,Other,SLD,2022-01-28,95.01,"Vault of the Archangel, Gavony Township, Kessig Wolf Run, Alchemist's Refuge, Slayers' Stronghold"
Showcase: Midnight Hunt Foil Edition,Secret Lair Drop,Other,SLD,2022-01-28,95.01,"Vault of the Archangel, Gavony Township, Kessig Wolf Run, Alchemist's Refuge, Slayers' Stronghold"
Showcase: Murders at Karlov Manor,Secret Lair Drop,Other,SLD,2024-02-23,32.13,"Vilis, Broker of Blood, Gonti, Lord of Luxury, Grenzo, Dungeon Warden, Anowon, the Ruin Thief"
Showcase: Murders at Karlov Manor Foil Edition,Secret Lair Drop,Other,SLD,2024-02-23,37.5,"Vilis, Broker of Blood, Gonti, Lord of Luxury, Grenzo, Dungeon Warden, Anowon, the Ruin Thief"
Showcase: Neon Dynasty Neon Ink Foil Edition,Secret Lair Drop,Other,SLD,2022-07-22,87.52,"Ghostly Prison, Freed from the Real, Hall of the Bandit Lord, Boseiju, Who Shelters All"
Showcase: Outlaws of Thunder Junction,Secret Lair Drop,Other,SLD,2024-05-30,30.77,"Magda, Brazen Outlaw, Kalitas, Traitor of Ghet, Dack Fayden, Greasefang, Okiba Boss"
Showcase: Outlaws of Thunder Junction Foil Edition,Secret Lair Drop,Other,SLD,2024-05-30,30.77,"Magda, Brazen Outlaw, Kalitas, Traitor of Ghet, Dack Fayden, Greasefang, Okiba Boss"
Showcase: Streets of New Capenna Gilded Foil Edition,Secret Lair Drop,Other,SLD,2022-08-05,63.8,"Atraxa, Praetors' Voice, Breya, Etherium Shaper, Yidris, Maelstrom Wielder"
Showcase: Strixhaven,Secret Lair Drop,Other,SLD,2021-08-25,64.61,"All Is Dust, Drown in the Loch, Fire Covenant, Artifact Mutation, Fractured Identity"
Showcase: Strixhaven Foil Edition,Secret Lair Drop,Other,SLD,2021-08-25,64.61,"All Is Dust, Drown in the Loch, Fire Covenant, Artifact Mutation, Fractured Identity"
Showcase: The Lost Caverns of Ixalan,Secret Lair Drop,Other,SLD,2023-12-05,56.8,"Elenda, the Dusk Rose, Kumena, Tyrant of Orazca, Captain Lannery Storm, Admiral Beckett Brass, Vona, Butcher of Magan"
Showcase: The Lost Caverns of Ixalan Foil Edition,Secret Lair Drop,Other,SLD,2023-12-05,67.5,"Kumena, Tyrant of Orazca, Elenda, the Dusk Rose, Captain Lannery Storm, Admiral Beckett Brass, Vona, Butcher of Magan"
Showcase: Zendikar Revisited,Secret Lair Drop,Other,SLD,2020-09-25,128.87,"Avenger of Zendikar, Admonition Angel, Roil Elemental, Warren Instigator, Zulaport Cutthroat"
Showcase: Zendikar Revisited Foil Edition,Secret Lair Drop,Other,SLD,2020-09-25,128.87,"Avenger of Zendikar, Admonition Angel, Roil Elemental, Warren Instigator, Zulaport Cutthroat"
Shrines,Jumpstart,Other,TLE,2025-11-20,8.4,"Hei Bai, Forest Guardian, Kyoshi Island Plaza, Northern Air Temple, Forest, White Lotus Hideout"
Shu Kingdom,Theme Deck,Other,PTK,1999-05-01,136.24,"Guan Yu, Sainted Warrior, Liu Bei, Lord of Shu, Kongming, ""Sleeping Dragon"", Shu General, Plains"
Sidestep,Theme Deck,Other,EVE,2008-07-25,68.54,"Clout of the Dominus, Dominus of Fealty, Mindwrack Liege, Island, Inside Out"
Siege Engines,Jumpstart,Other,TLE,2025-11-20,0.0,"Swamp, Heartless Act, Thriving Moor, Fire Navy Trebuchet, The Fire Nation Drill"
Signature Spellbook: Chandra,Box Set,Other,SS3,2020-06-26,57.43,"Pyroblast, Rite of Flame, Chandra, Torch of Defiance, Past in Flames, Fiery Confluence"
Signature Spellbook: Gideon,Box Set,Other,SS2,2019-06-28,43.95,"Blackblade Reforged, True Conviction, Shielded by Faith, Worship, Path to Exile"
Signature Spellbook: Jace,Box Set,Other,SS1,2018-06-15,53.56,"Mystical Tutor, Blue Elemental Blast, Gifts Ungiven, Brainstorm, Counterspell"
Silver Deck,Starter Deck,Other,9ED,2005-08-09,9.16,"Island, Plains, Island, Island, Plains"
Silver Pack,Advanced Pack,Other,7ED,2001-04-11,76.18,"Disenchant, Island, Holy Strength, Plains, Wind Drake"
Sim Han How - Squirrel Opposition,World Championship Deck,Other,WC02,2002-08-14,52.66,"Yavimaya Coast, Shivan Reef, Birds of Paradise, Island, Island"
Simic,Guild Kit,Other,GK2,2019-02-15,30.18,"Guardian Project, Omnibian, Simic Ascendancy, Gyre Sage, Trollbred Guardian"
Simic Combine,Arena Starter Deck,Other,M20,2019-05-03,41.38,"Biomancer's Familiar, Breeding Pool, Incubation Druid, Hydroid Krasis, Growth Spiral"
Simic Combine 1,Jumpstart,Other,CLU,2024-02-23,4.67,"Slip Out the Back, Rapid Hybridization, Master Biomancer, Simic Signet, Unruly Krasis"
Simic Combine 2,Jumpstart,Other,CLU,2024-02-23,6.4,"Lonis, Genetics Expert, Hydroid Krasis, Scuttling Sentinel, Ivy Lane Denizen, Duskshell Crawler"
Simic Domination,Intro Pack,Other,DGM,2013-05-03,15.45,"Gyre Sage, Bred for the Hunt, Vorel of the Hull Clade, Forest, Forest"
Simic Mutology,Theme Deck,Other,DIS,2006-05-05,109.19,"Protean Hulk, Simic Growth Chamber, Experiment Kraj, Simic Guildmage, Coiling Oracle"
Simic Synthesis,Intro Pack,Other,GTC,2013-02-01,10.61,"Tower Defense, Unexpected Results, Ivy Lane Denizen, Bioshift, Urban Evolution"
Skies,Deck Builder's Toolkit,Other,M14,2013-07-19,1.01,"Warden of Evos Isle, Lyev Skyknight, Hands of Binding, Air Servant, Frost Breath"
Sky Patrol,Arena Starter Deck,Other,AFR,2021-09-24,13.86,"Hengegate Pathway // Mistgate Pathway, Grazilaxx, Illithid Scholar, Starnheim Unleashed, Saw It Coming, Luminarch Aspirant"
Sky Slam,Theme Deck,Other,8ED,2003-07-28,18.28,"Mana Leak, Island, Island, Island, Island"
Slaughterhouse,Intro Pack,Other,AVR,2012-05-04,16.96,"Blood Artist, Reassembling Skeleton, Swamp, Swamp, Harvester of Souls"
Slay the Day,Secret Lair Drop,Other,SLD,2025-05-19,55.67,"Marwyn, the Nurturer, Oloro, Ageless Ascetic, Sythis, Harvest's Hand, Liesa, Shroud of Dusk"
Sleeper,Theme Deck,Other,USG,1998-10-12,0.0,"Plains, Plains, Plains, Plains, Opal Titan"
Sleeper - Enhanced Deck,Enhanced Deck,Other,USG,1998-10-12,81.79,"Argothian Enchantress, Oath of Lieges, Worship, Pariah, Endless Wurm"
Slither,Theme Deck,Other,PCY,2000-06-05,284.51,"Reverent Silence, Seal of Fire, Citadel of Pain, Invigorate, Vine Trellis"
Sliver Evolution,Theme Deck,Other,TSP,2006-10-06,199.79,"Gemstone Mine, Avoid Fate, Pulmonic Sliver, Spirit Loop, Spined Sliver"
Sliver Shivers,Theme Deck,Other,LGN,2003-02-03,348.06,"Shifting Sliver, Brood Sliver, Lonely Sandbar, Essence Sliver, Root Sliver"
Slivers,Premium Deck,Other,H09,2009-11-20,121.55,"Sliver Overlord, Coat of Arms, Heart Sliver, Crystalline Sliver, Brood Sliver"
Smashing (1),Jumpstart,Other,JMP,2020-07-17,1.67,"Unleash Fury, Heartfire Immolator, Volcanic Salvo, Shock, Furious Rise"
Smashing (2),Jumpstart,Other,JMP,2020-07-17,0.0,"Heartfire Immolator, Volcanic Salvo, Furious Rise, Fling, Short Sword"
Smashing (3),Jumpstart,Other,JMP,2020-07-17,2.87,"Unleash Fury, Sarkhan's Unsealing, Hamletback Goliath, Heartfire Immolator, Furious Rise"
Smashing (4),Jumpstart,Other,JMP,2020-07-17,0.0,"Etali, Primal Storm, Heartfire Immolator, Furious Rise, Fling, Furor of the Bitten"
Snack Time,Arena Starter Deck,Other,OTJ,2024-07-08,30.32,"Underground Mortuary, Experimental Confectioner, Lich-Knights' Conquest, Bristlebud Farmer, Assassin's Trophy"
Snake's Path,Theme Deck,Other,CHK,2004-10-01,193.09,"Sensei's Divining Top, Time of Need, Orochi Leafcaller, Sakura-Tribe Elder, Orochi Hatchery"
Snakes,Jumpstart,Other,J25,2024-11-07,17.94,"Aphelia, Viper Whisperer, Hooded Blightfang, Gorgon Flail, Night's Whisper, Pharika's Chosen"
Sneak Attack Amazon,Arena Starter Kit,Other,AFR,2021-08-06,7.32,"Mind Flayer, Archmage Emeritus, Calamity Bearer, Red Dragon, Cyclone Summoner"
Sneak Squad,Arena Promotional Deck,Other,DMU,2022-09-09,8.39,"Mirrorhall Mimic // Ghastly Mimicry, Malevolent Hermit // Benevolent Geist, Blade of the Oni, Undying Malice, Consider"
Snow,Jumpstart,Other,J22,2022-12-02,14.09,"Coldsteel Heart, Isu the Abominable, Snow-Covered Island, Marit Lage's Slumber, Phyrexian Ironfoot"
Snowscape,Theme Deck,Other,CSP,2006-07-21,149.98,"Rimewind Cryomancer, Rimefeather Owl, Heidar, Rimewind Master, Frost Marsh, Coldsteel Heart"
So Salty,Secret Lair Drop,Other,SLD,2025-04-22,93.92,"Scrawling Crawler, Expropriate, Winter Orb, Narset, Parter of Veils, Worst Fears"
Soaring,Jumpstart,Other,MSH,2026-06-26,1.97,"Vulture, Feathered Fiend, Namora, the Sea Queen, Rescue, Pepper Potts, Island, Falcon's Wing Harness"
Soaring (1),Jumpstart,Other,J25,2024-11-07,0.0,"Warden of Evos Isle, Cynette, Jelly Drover, Windreader Sphinx, Winged Words, Tide Skimmer"
Soaring (2),Jumpstart,Other,TLE,2025-11-20,3.25,"Boomerang Basics, Frantic Search, Yue, the Moon Spirit, Island, Octopus Form"
Soaring (3),Jumpstart,Other,J25,2024-11-07,0.0,"Mu Yanling, Sky Dancer, Cynette, Jelly Drover, Cloudkin Seer, Winged Words, Tide Skimmer"
Soaring (4),Jumpstart,Other,J25,2024-11-07,0.0,"Faerie Seer, Sprite Noble, Cynette, Jelly Drover, Winged Words, Opt"
Sole Domination,Intro Pack,Other,M13,2012-07-13,26.1,"Tormented Soul, Ring of Xathrid, Plains, Knight of Glory, Vampire Nighthawk"
Solitary Fiends,Intro Pack,Other,AVR,2012-05-04,23.48,"Swiftfoot Boots, Essence Harvest, Swamp, Island, Swamp"
Song Dance,Challenger Deck,Other,Q03,2019-11-08,20.29,"Sacred Foundry, Feather, the Redeemed, Gideon Blackblade, Dreadhorde Arcanist, Tithe Taker"
Sonic: Chasing Adventure,Secret Lair Drop,Other,SLD,2025-08-08,37.17,"Sol Ring, Fabricate, Unexpected Windfall, Open the Armory, Generous Gift"
Sonic: Chasing Adventure Foil Edition,Secret Lair Drop,Other,SLD,2025-08-08,37.17,"Sol Ring, Fabricate, Unexpected Windfall, Open the Armory, Generous Gift"
Sonic: Friends & Foes,Secret Lair Drop,Other,SLD,2025-08-08,54.63,"Super State, Knuckles the Echidna, Shadow the Hedgehog, Sonic the Hedgehog, Amy Rose"
Sonic: Friends & Foes Foil Edition,Secret Lair Drop,Other,SLD,2025-08-08,54.63,"Super State, Knuckles the Echidna, Shadow the Hedgehog, Sonic the Hedgehog, Amy Rose"
Sonic: Turbo Gear,Secret Lair Drop,Other,SLD,2025-08-08,44.95,"The Reaver Cleaver, Hammer of Nazahn, Swiftfoot Boots, Lightning Greaves, Weatherlight"
Sonic: Turbo Gear Foil Edition,Secret Lair Drop,Other,SLD,2025-08-08,44.95,"The Reaver Cleaver, Hammer of Nazahn, Swiftfoot Boots, Lightning Greaves, Weatherlight"
Soratami's Wisdom,Theme Deck,Other,SOK,2005-06-03,154.32,"Kami of the Crescent Moon, Freed from the Real, Overwhelming Intellect, Graceful Adept, Soramaro, First to Dream"
Sorcerer,Shandalar Enemy Deck,Other,PAST,1997-04-01,340.07,"Mountain, Ali Baba, Brass Man, Winds of Change, Manabarbs"
Sorceress,Shandalar Enemy Deck,Other,PAST,1997-04-01,319.39,"Mountain, Ball Lightning, Blood Lust, Meekstone, Bird Maiden"
Sorin,Duel Deck,Other,DDK,2013-03-15,2.72,"Sorin, Lord of Innistrad, Mesmeric Fiend, Unmake, Butcher of Malakir, Wall of Omens"
"Sorin, Vampire Lord",Planeswalker Deck,Other,M20,2019-07-29,28.99,"Sorin, Vampire Lord, Vampire of the Dire Moon, Dread Presence, Bloodthirsty Aerialist, Swamp"
Sparky Sparky (1),Jumpstart,Other,TLE,2025-11-20,0.0,"Thriving Bluff, Iroh's Demonstration, Deer-Dog, Zuko, Exiled Prince, Combustion Man"
Sparky Sparky (2),Jumpstart,Other,TLE,2025-11-20,4.12,"Overwhelming Victory, Price of Freedom, Thriving Bluff, Deer-Dog, Zuko, Exiled Prince"
Special Delivery,Theme Deck,Other,USG,1998-10-12,9.4,"Argothian Wurm, Thran Turbine, Forest, Wildfire, Mountain"
Special Delivery - Enhanced Deck,Enhanced Deck,Other,USG,1998-10-12,237.03,"Cursed Scroll, Wasteland, Reflecting Pool, City of Brass, Lightning Dragon"
Special Forces,Theme Deck,Other,5DN,2004-06-04,197.3,"Plunge into Darkness, Silver Myr, Acquire, Whispersilk Cloak, Leaden Myr"
Special Guest: Fiona Staples,Secret Lair Drop,Other,SLD,2021-10-29,69.93,"Dryad of the Ilysian Grove, Metallic Mimic, Sakura-Tribe Elder, Soul-Scar Mage, Spell Queller"
Special Guest: Fiona Staples Foil Edition,Secret Lair Drop,Other,SLD,2021-10-29,69.93,"Dryad of the Ilysian Grove, Metallic Mimic, Sakura-Tribe Elder, Soul-Scar Mage, Spell Queller"
Special Guest: Jen Bartel,Secret Lair Drop,Other,SLD,2021-10-29,88.08,"Bloom Tender, Archaeomancer, Mesa Enchantress, Meteor Golem"
Special Guest: Jen Bartel Foil Edition,Secret Lair Drop,Other,SLD,2021-10-29,88.08,"Bloom Tender, Archaeomancer, Mesa Enchantress, Meteor Golem"
Special Guest: Junji Ito,Secret Lair Drop,Other,SLD,2022-12-05,166.24,"Carrion Feeder, Thoughtseize, Doomsday, Plaguecrafter"
Special Guest: Junji Ito Foil Etched Edition,Secret Lair Drop,Other,SLD,2022-12-05,166.24,"Carrion Feeder, Thoughtseize, Doomsday, Plaguecrafter"
Special Guest: Kelogsloops,Secret Lair Drop,Other,SLD,2022-09-13,166.2,"Mystic Remora, Burgeoning, Utopia Sprawl, Retreat to Coralhelm"
Special Guest: Kelogsloops Foil Edition,Secret Lair Drop,Other,SLD,2022-09-13,166.2,"Mystic Remora, Burgeoning, Utopia Sprawl, Retreat to Coralhelm"
Special Guest: Kozyndan: Another Story,Secret Lair Drop,Other,SLD,2022-12-19,126.53,"Serra Ascendant, Demonic Consultation, Winds of Change, Rapid Hybridization, Llanowar Elves"
Special Guest: Kozyndan: Another Story Foil Edition,Secret Lair Drop,Other,SLD,2022-12-19,126.53,"Serra Ascendant, Demonic Consultation, Winds of Change, Rapid Hybridization, Llanowar Elves"
Special Guest: Kozyndan: The Lands,Secret Lair Drop,Other,SLD,2022-12-19,89.0,"Island, Swamp, Plains, Forest, Mountain"
Special Guest: Kozyndan: The Lands Foil Edition,Secret Lair Drop,Other,SLD,2022-12-19,89.0,"Island, Swamp, Plains, Forest, Mountain"
Special Guest: Matt Jukes,Secret Lair Drop,Other,SLD,2022-08-05,79.91,"Dragonskull Summit, Glacial Fortress, Drowned Catacomb, Sunpetal Grove, Rootbound Crag"
Special Guest: Matt Jukes Foil Edition,Secret Lair Drop,Other,SLD,2022-08-05,79.91,"Dragonskull Summit, Glacial Fortress, Drowned Catacomb, Sunpetal Grove, Rootbound Crag"
Special Guest: Yoji Shinkawa,Secret Lair Drop,Other,SLD,2022-12-05,223.16,"Skullclamp, Tezzeret the Seeker, Phyrexian Metamorph, Solemn Simulacrum"
Special Guest: Yoji Shinkawa Foil Edition,Secret Lair Drop,Other,SLD,2022-12-05,223.16,"Skullclamp, Tezzeret the Seeker, Phyrexian Metamorph, Solemn Simulacrum"
Special Guest: Yuko Shimizu,Secret Lair Drop,Other,SLD,2022-07-22,83.67,"Elvish Spirit Guide, Kira, Great Glass-Spinner, Eidolon of the Great Revel, Hokori, Dust Drinker"
Special Guest: Yuko Shimizu Foil Edition,Secret Lair Drop,Other,SLD,2022-07-22,83.67,"Elvish Spirit Guide, Kira, Great Glass-Spinner, Eidolon of the Great Revel, Hokori, Dust Drinker"
Spectral Legions,Intro Pack,Other,ISD,2011-09-30,32.55,"Spirit Mantle, Curiosity, Geist-Honored Monk, Lifelink, Island"
Spectral Slam,Theme Deck,Other,JUD,2002-05-27,278.85,"Mirari's Wake, Krosan Verge, Forest, Plains, Benevolent Bodyguard"
Spectrum,Theme Deck,Other,INV,2000-10-02,221.67,"Fires of Yavimaya, Harrow, Fertile Ground, Sabertooth Nishoba, Global Ruin"
Speed,Duel Deck,Other,DDN,2014-09-05,12.51,"Fury of the Horde, Goblin Bombardment, Krenko, Mob Boss, Goblin Warchief, Banefire"
Speed Scorch,Theme Deck,Other,8ED,2003-07-28,48.99,"Goblin King, Mountain, Mountain, Mountain, Mogg Sentry"
Speedy,Jumpstart,Other,J22,2022-12-02,25.12,"Kiki-Jiki, Mirror Breaker, Ardoz, Cobbler of War, Bolt Hound, Thriving Bluff, Mudbutton Torchrunner"
Spellcasting (1),Jumpstart,Other,JMP,2020-07-17,0.0,"Double Vision, Heartfire Immolator, Shock, Thermo-Alchemist, Goblin Wizardry"
Spellcasting (2),Jumpstart,Other,JMP,2020-07-17,0.0,"Double Vision, Heartfire Immolator, Young Pyromancer, Shock, Thermo-Alchemist"
Spellcasting (3),Jumpstart,Other,JMP,2020-07-17,4.78,"Dualcaster Mage, Dragon Fodder, Heartfire Immolator, Shock, Thermo-Alchemist"
Spellcasting (4),Jumpstart,Other,JMP,2020-07-17,4.89,"Immolating Gyre, Crash Through, Heartfire Immolator, Shock, Thermo-Alchemist"
Spellpower,Arena Starter Deck,Other,M21,2021-07-03,8.23,"Brazen Borrower // Petty Theft, Shark Typhoon, Wavebreak Hippocamp, Double Vision, Experimental Overload"
Spellslinger Starter Kit - Red Deck,Spellslinger Starter Kit,Other,M20,2019-07-12,16.44,"Glint-Horn Buccaneer, Drakuseth, Maw of Flames, Mountain, Leyline of Combustion, Immortal Phoenix"
Spellslinger Starter Kit - White Deck,Spellslinger Starter Kit,Other,M20,2019-07-12,12.75,"Angelic Guardian, Sephara, Sky's Blade, Bond of Discipline, Inspiring Unicorn, Plains"
Spellweaver,Theme Deck,Other,P02,1998-06-24,13.76,"Talas Warrior, Island, Talas Researcher, Island, Exhaustion"
Spicy,Jumpstart,Other,J22,2022-12-02,12.6,"Auntie Blyte, Bad Influence, Loxodon Warhammer, Spear Spewer, Coalhauler Swine, Goblin Artillery"
Spider-Verse,Jumpstart,Other,MSH,2026-06-26,15.83,"Astonishing Spider-Man, Spider-Man, New Champion, Iceman and Firestar, Daily Bugle Newspaper, Fogwell's Gym"
Spiraling Doom,Event Deck,Other,DKA,2012-02-24,131.53,"Birthing Pod, Hex Parasite, Myr Battlesphere, Diabolic Tutor, Bloodgift Demon"
Spirit,Jumpstart,Other,TLE,2025-11-20,1.69,"Dramatic Reversal, Dutiful Knowledge Seeker, Baboon Spirit, Island, Octopus Form"
Spirit Flames,Theme Deck,Other,SOK,2005-06-03,31.09,"Elder Pine of Jukai, Arashi, the Sky Asunder, Shinen of Life's Roar, Jiwari, the Earth Aflame, Forest"
Spirit Gale,Theme Deck,Other,BRB,1999-11-12,36.69,"Wrath of God, Windfall, Swords to Plowshares, Soul Warden, Island"
Spiritbane,Theme Deck,Other,CHK,2004-10-01,97.12,"Kusari-Gama, Brothers Yamazaki, Kumano, Master Yamabushi, Brothers Yamazaki, No-Dachi"
Spiritcraft,Theme Deck,Other,BOK,2005-02-04,28.61,"Oyobi, Who Split the Heavens, Kodama of the Center Tree, Traproot Kami, Forest, Wear Away"
Spirits,Theme Deck,Other,PSAL,2005-08-01,0.0,"Mountain, Mountain, Mountain, Mountain, Mountain"
Spirits (1),Jumpstart,Other,JMP,2020-07-17,1.21,"Essence Flux, Capture Sphere, Roaming Ghostlight, Island, Frost Breath"
Spirits (2),Jumpstart,Other,JMP,2020-07-17,0.0,"Rewind, Capture Sphere, Roaming Ghostlight, Rattlechains, Island"
Spirits 1,Jumpstart,Other,J22,2022-12-02,4.86,"Eidolon of Rhetoric, Selfless Spirit, Chains of Custody, Thriving Heath, Angel of Flight Alabaster"
Spirits 2,Jumpstart,Other,J22,2022-12-02,3.62,"Eidolon of Rhetoric, Hour of Reckoning, Chains of Custody, Thriving Heath, Mausoleum Guard"
SpongeBob SquarePants: Internet Sensation,Secret Lair Drop,Other,SLD,2025-03-25,63.08,"Counterspell, Force of Despair, Inevitable Betrayal, Daze, Night's Whisper"
SpongeBob SquarePants: Internet Sensation Foil Edition,Secret Lair Drop,Other,SLD,2025-03-25,63.08,"Counterspell, Force of Despair, Inevitable Betrayal, Daze, Night's Whisper"
SpongeBob SquarePants: Lands Under the Sea,Secret Lair Drop,Other,SLD,2025-03-25,22.8,"Mountain, Island, Forest, Plains, Swamp"
SpongeBob SquarePants: Lands Under the Sea Foil Edition,Secret Lair Drop,Other,SLD,2025-03-25,22.8,"Mountain, Island, Forest, Plains, Swamp"
SpongeBob SquarePants: Legends of Bikini Bottom,Secret Lair Drop,Other,SLD,2025-03-25,66.51,"Jodah, the Unifier, Toxrill, the Corrosive, Toski, Bearer of Secrets, Skrelv, Defector Mite, Grazilaxx, Illithid Scholar"
SpongeBob SquarePants: Legends of Bikini Bottom Foil Edition,Secret Lair Drop,Other,SLD,2025-03-25,66.51,"Jodah, the Unifier, Toxrill, the Corrosive, Toski, Bearer of Secrets, Skrelv, Defector Mite, Grazilaxx, Illithid Scholar"
Spooky (1),Jumpstart,Other,JMP,2020-07-17,0.0,"Swamp, Village Rites, Liliana's Standard Bearer, Caged Zombie, Malefic Scythe"
Spooky (2),Jumpstart,Other,JMP,2020-07-17,2.15,"Harvester of Souls, Swamp, Caged Zombie, Malefic Scythe, Crypt Lurker"
Spooky (3),Jumpstart,Other,JMP,2020-07-17,0.0,"Swamp, Caged Zombie, Languish, Malefic Scythe, Crypt Lurker"
Spooky (4),Jumpstart,Other,JMP,2020-07-17,5.81,"Black Market, Swamp, Caged Zombie, Malefic Scythe, Crypt Lurker"
Squadron,Jumpstart,Other,MSH,2026-06-26,19.19,"Hyperion, Supreme Hero, Zarda, the Power Princess, Blur of Heroism, Doctor Spectrum, Hyperion's Atomic Vision"
Ssssssnakessssss,Secret Lair Drop,Other,SLD,2023-04-14,121.83,"Lotus Cobra, Stonecoil Serpent, Hexdrinker, Ice-Fang Coatl, Seshiro the Anointed"
Ssssssnakessssss Foil Edition,Secret Lair Drop,Other,SLD,2023-04-14,121.83,"Lotus Cobra, Stonecoil Serpent, Hexdrinker, Ice-Fang Coatl, Seshiro the Anointed"
Stalwart (1),Jumpstart,Other,J25,2024-11-07,7.46,"Generous Pup, Ajani, Adversary of Tyrants, Urdnan, Dromoka Warrior, Take Up the Shield, Thriving Heath"
Stalwart (2),Jumpstart,Other,J25,2024-11-07,0.0,"Urdnan, Dromoka Warrior, Cave of Temptation, Basri's Solidarity, Thriving Heath, Basri's Lieutenant"
Stalwart (3),Jumpstart,Other,J25,2024-11-07,6.46,"Generous Pup, Urdnan, Dromoka Warrior, Take Up the Shield, Steadfast Unicorn, Thriving Heath"
Stalwart (4),Jumpstart,Other,J25,2024-11-07,0.0,"Mikaeus, the Lunarch, Urdnan, Dromoka Warrior, Thriving Heath, Light of the Legion, Banishing Light"
Stampede,Theme Deck,Other,5DN,2004-06-04,152.61,"Eternal Witness, Talisman of Impulse, Rite of Passage, Pyrite Spellbomb, Goblin Cannon"
Stampede of Beasts,Intro Pack,Other,M11,2010-07-16,57.35,"Protean Hydra, Whispersilk Cloak, Back to Nature, Cultivate, Overwhelming Stampede"
Stampeding Hordes,Intro Pack,Other,FRF,2015-01-23,10.03,"Deflecting Palm, Wind-Scarred Crag, Flamerush Rider, Plains, Plains"
Starry-Eyed,Arena Starter Deck,Other,M21,2021-07-03,18.35,"Kiora Bests the Sea God, Luminous Broodmoth, Elspeth Conquers Death, Archon of Sun's Grace, All That Glitters"
Starter 2000 sampler pack,Welcome Booster,Other,S00,2000-04-24,0.0,"Spined Wurm, Mountain, Swamp, Forest, Island"
Starter Collection,Box Set,Other,FDN,2024-11-15,40.46,"Swiftfoot Boots, Boros Charm, Aurelia, the Warleader, Basilisk Collar, Bolt Bend"
Stealthy Subterfuge,Arena Starter Deck,Other,SNC,2022-09-09,18.86,"Shipwreck Marsh, Nashi, Moon Sage's Scion, Thousand-Faced Shadow, Kaito Shizuki, Dismal Backwater"
Stoked (1),Jumpstart,Other,J25,2024-11-07,0.0,"Frontline Heroism, Kiln Fiend, Titan's Strength, Thriving Bluff, Twinferno"
Stoked (2),Jumpstart,Other,J25,2024-11-07,0.0,"Unleash Fury, Dreadhorde Arcanist, Kiln Fiend, Titan's Strength, Thriving Bluff"
Stoked (3),Jumpstart,Other,J25,2024-11-07,0.0,"Unleash Fury, Frontline Heroism, Young Pyromancer, Mirrorwing Dragon, Titan's Strength"
Stoked (4),Jumpstart,Other,J25,2024-11-07,0.0,"Crimson Wisps, Young Pyromancer, Infuriate, Thriving Bluff, Akroan Crusader"
"Stomp, Stomp",Arena Starter Deck,Other,M21,2021-07-03,42.35,"Terror of the Peaks, Ram Through, Return of the Wildspeaker, Unleash Fury, Bonecrusher Giant // Stomp"
Storm Surge,Theme Deck,Other,SCG,2003-05-26,843.0,"Chain of Vapor, Mind's Desire, Lonely Sandbar, Secluded Steppe, Whipcorder"
Storm of Blades,Arena Starter Deck,Other,SNC,2022-09-09,16.36,"Sundown Pass, The Wandering Emperor, Lion Sash, Goro-Goro, Disciple of Ryusei, Thundering Raiju"
Stranger Things,Secret Lair Drop,Other,SLD,2022-01-28,101.35,"Arvinox, the Mind Flail, Cecily, Haunted Mage, Othelm, Sigardian Outcast, Wernog, Rider's Chaplain, Elmar, Ulvenwald Informant"
Stranger Things Foil Edition,Secret Lair Drop,Other,SLD,2022-01-28,101.35,"Arvinox, the Mind Flail, Cecily, Haunted Mage, Othelm, Sigardian Outcast, Wernog, Rider's Chaplain, Elmar, Ulvenwald Informant"
Street Fighter,Secret Lair Drop,Other,SLD,2022-07-22,68.08,"Zethi, Arcane Blademaster, Maarika, Brutal Gladiator, Tadeas, Juniper Ascendant, Vikya, Scorching Stalwart, The Howling Abomination"
Street Fighter Foil Edition,Secret Lair Drop,Other,SLD,2022-07-22,68.08,"Zethi, Arcane Blademaster, Maarika, Brutal Gladiator, Tadeas, Juniper Ascendant, Vikya, Scorching Stalwart, The Howling Abomination"
Street Level Villains,Jumpstart,Other,MSH,2026-06-26,11.96,"Kingpin, Wilson Fisk, Criminal Enterprise, Hammerhead, Maggia Boss, Tombstone, Career Criminal, Swamp"
Streets of New Capenna Bundle Land Pack,Bundle Land Pack,Other,SNC,2022-04-29,0.0,"Mountain, Mountain, Plains, Forest, Plains"
Streets of New Capenna Foil Redemption,MTGO Redemption,Other,SNC,2022-05-29,199.56,"Jetmir's Garden, Raffine's Tower, Xander's Lounge, Spara's Headquarters, Ziatora's Proving Ground"
Streets of New Capenna Redemption,MTGO Redemption,Other,SNC,2022-05-29,199.56,"Jetmir's Garden, Raffine's Tower, Xander's Lounge, Spara's Headquarters, Ziatora's Proving Ground"
Streets of New Capenna Welcome Booster,Welcome Booster,Other,SNC,2022-04-29,3.41,"Kogla, the Titan Ape, Sunblast Angel, Ob Nixilis Reignited, Commander's Sphere, Mr. Orfeo, the Boulder"
Strength Of Selesnya,Event Deck,Other,DGM,2013-05-24,105.06,"Parallel Lives, Godless Shrine, Champion of Lambholt, Growing Ranks, Increasing Devotion"
Strength in Numbers,Arena Starter Deck,Other,M19,2018-09-27,20.02,"Leonin Warleader, Goblin Instigator, Kinjalli's Sunwing, Captivating Crew, Clifftop Retreat"
Strike Force,Planechase Deck,Other,HOP,2009-09-04,34.07,"Insurrection, Furnace of Rath, Relic of Progenitus, Goblin Offensive, Soul Warden"
Strixhaven Bundle Land Pack,Bundle Land Pack,Other,STX,2021-04-23,0.0,"Swamp, Swamp, Swamp, Swamp, Plains"
Strixhaven: School of Mages Foil Redemption,MTGO Redemption,Other,STX,2021-05-23,138.99,"Blex, Vexing Pest // Search for Blex, Wandering Archaic // Explore the Vastlands, Sedgemoor Witch, Crackle with Power, Beledros Witherbloom"
Strixhaven: School of Mages Redemption,MTGO Redemption,Other,STX,2021-05-23,138.99,"Blex, Vexing Pest // Search for Blex, Wandering Archaic // Explore the Vastlands, Sedgemoor Witch, Crackle with Power, Beledros Witherbloom"
Sultai Schemers,Intro Pack,Other,KTK,2014-09-26,17.29,"Murderous Cut, Opulent Palace, Treasure Cruise, Typhoid Rats, Wall of Mulch"
Summoner,Shandalar Enemy Deck,Other,PAST,1997-04-01,76.88,"Colossus of Sardia, Birds of Paradise, Force of Nature, Channel, Radjan Spirit"
Sun Empire,Theme Deck,Other,E02,2017-11-24,43.69,"Aggravated Assault, Regisaur Alpha, Quicksilver Amulet, Raging Swordtooth, Path to Exile"
Sunburst,Theme Deck,Other,5DN,2004-06-04,122.17,"Joiner Adept, Energy Chamber, Pentad Prism, Wayfarer's Bauble, Chromatic Sphere"
Superabundance,Theme Deck,Other,EVE,2008-07-25,129.85,"Fable of Wolf and Owl, Cerulean Wisps, Favor of the Overbeing, Slippery Bogle, Nettle Sentinel"
Surge of Resistance,Intro Pack,Other,OGW,2016-01-22,9.02,"Expedite, Reckless Bushwhacker, Rolling Thunder, Stormchaser Mage, Anticipate"
Surprise Attack,Intro Pack,Other,FRF,2015-01-23,3.15,"Reality Shift, Island, Wall of Frost, Secret Plans, Island"
Surprise! (1),Jumpstart,Other,J25,2024-11-07,0.0,"Crystacean, Thryx, the Sudden Storm, Opt, Delightful Discovery, Spectral Sailor"
Surprise! (2),Jumpstart,Other,J25,2024-11-07,0.0,"Pestermite, Thryx, the Sudden Storm, Voracious Greatshark, Opt, Starlit Mantle"
Surprise! (3),Jumpstart,Other,J25,2024-11-07,0.0,"Venser, Shaper Savant, Pestermite, Breaching Hippocamp, Opt, Starlit Mantle"
Surprise! (4),Jumpstart,Other,J25,2024-11-07,0.0,"Wavebreak Hippocamp, Venser, Shaper Savant, Fading Hope, Soul Read, Spectral Sailor"
Suspended Sentence,Theme Deck,Other,FUT,2007-05-04,87.38,"Clockspinning, Paradox Haze, Reality Strobe, Zoetic Cavern, Reality Acid"
Svend Geertsen - Green Stompy,World Championship Deck,Other,WC97,1997-08-13,35.29,"Winter Orb, Rogue Elephant, Quirion Ranger, Fyndhorn Elves, Forest"
Swarm & Slam,Theme Deck,Other,DST,2004-02-06,91.65,"Myr Matrix, Spawning Pit, Gold Myr, Echoing Courage, Tangle Spider"
Swarming Instinct,Intro Pack,Other,BFZ,2015-10-02,23.51,"Bane of Bala Ged, Kozilek's Channeler, Brood Monitor, Scour from Existence, Titan's Presence"
Sweet Revenge,Event Deck,Other,M13,2012-08-03,47.24,"Darkslick Shores, Faithless Looting, Sulfur Falls, Red Sun's Zenith, Think Twice"
Swift Justice,Intro Pack,Other,DKA,2012-02-03,9.28,"Stromkirk Noble, Fiend Hunter, Mountain, Plains, Niblis of the Urn"
Swoop,Theme Deck,Other,APC,2001-06-04,272.53,"Chromatic Sphere, Mystic Snake, Wash Out, Fertile Ground, Urborg Elf"
Swordmaster,Jumpstart,Other,TLE,2025-11-20,10.55,"Duelist's Heritage, Sokka, Swordmaster, Plains, Inspired Insurgent, Meteor Sword"
Sylvan Wisdom,Arena Starter Deck,Other,LTR,2023-06-20,42.83,"Nissa, Resurgent Animist, Tribute to the World Tree, Ezuri, Stalker of Spheres, Yavimaya Coast, Elrond, Master of Healing"
Tactical Assault,Arena Starter Deck,Other,M19,2018-09-27,9.35,"Leonin Warleader, Zetalpa, Primal Dawn, Serra Angel, Herald of Faith, Plains"
Take to the Sky,Intro Pack,Other,ORI,2015-07-17,10.29,"Faerie Miscreant, Murder Investigation, Celestial Flare, Turn to Frog, Plains"
Tales of the Time Stoppers,Secret Lair Drop,Other,SLD,2023-12-05,34.17,"Nexus of Fate, Time Reversal, Beacon of Tomorrows, Time Stop"
Tales of the Time Stoppers Foil Edition,Secret Lair Drop,Other,SLD,2023-12-05,34.38,"Nexus of Fate, Time Reversal, Beacon of Tomorrows, Time Stop"
Tarkir: Dragonstorm Bundle Land Pack,Bundle Land Pack,Other,TDM,2025-04-11,14.1,"Forest, Forest, Mountain, Mountain, Island"
Tarkir: Dragonstorm Redemption,MTGO Redemption,Other,TDM,2025-05-07,367.65,"Ugin, Eye of the Storms, Elspeth, Storm Slayer, Mountain, Craterhoof Behemoth, Voice of Victory"
Tea Time at the Jasmine Dragon,Box Set,Other,TLA,2025-11-14,34.62,"Toph, Greatest Earthbender, Aang and Katara, Mai and Zuko, Sokka and Suki, Momo's Heist"
Teamwork 1,Jumpstart,Other,J22,2022-12-02,1.7,"Agrus Kos, Eternal Soldier, Angelic Cub, Taranika, Akroan Veteran, Valorous Stance, Thriving Heath"
Teamwork 2,Jumpstart,Other,J22,2022-12-02,1.7,"Agrus Kos, Eternal Soldier, Angelic Cub, Valorous Stance, Thriving Heath, Task Force"
Teenage Mutant Ninja Turtles Bundle Land Pack,Bundle Land Pack,Other,TMT,2026-03-06,0.0,"Forest, Forest, Swamp, Swamp, Mountain"
Teenage Mutant Ninja Turtles Pizza Bundle Land Pack,Bundle Land Pack,Other,TMT,2026-03-06,0.0,"Forest, Forest, Swamp, Swamp, Mountain"
Teenage Mutant Ninja Turtles: The Last Ronin,Secret Lair Drop,Other,SLD,2026-03-03,57.36,"Mental Misstep, Ink-Eyes, Servant of Oni, Chord of Calling, Anger, Settle the Wreckage"
Teenage Mutant Ninja Turtles: The Last Ronin Foil Edition,Secret Lair Drop,Other,SLD,2026-03-03,57.36,"Mental Misstep, Ink-Eyes, Servant of Oni, Chord of Calling, Anger, Settle the Wreckage"
Teenage Mutant Ninja Turtles: The Mighty Mutanimals,Secret Lair Drop,Other,SLD,2026-03-03,57.65,"Hardened Scales, Triumph of the Hordes, Kediss, Emberclaw Familiar, Pirated Copy, Deepglow Skate"
Teenage Mutant Ninja Turtles: The Mighty Mutanimals Foil Edition,Secret Lair Drop,Other,SLD,2026-03-03,57.65,"Hardened Scales, Triumph of the Hordes, Kediss, Emberclaw Familiar, Pirated Copy, Deepglow Skate"
Teenage Mutant Ninja Turtles: VHS Villains,Secret Lair Drop,Other,SLD,2026-03-03,42.45,"Higure, the Still Wind, Species Specialist, Delver of Secrets // Insectile Aberration, Triskelion, Rampaging Baloths"
Teenage Mutant Ninja Turtles: VHS Villains Foil Edition,Secret Lair Drop,Other,SLD,2026-03-03,42.45,"Higure, the Still Wind, Species Specialist, Delver of Secrets // Insectile Aberration, Triskelion, Rampaging Baloths"
Teeth of the Predator,Duel Of The Planeswalkers Deck,Other,DPA,2010-06-04,18.71,"Vigor, Loxodon Warhammer, Howl of the Night Pack, Blanchwood Armor, Verdant Force"
Teferi,Jumpstart,Other,JMP,2020-07-17,16.61,"Teferi, Master of Time, Teferi's Ageless Insight, Island, Opt, Leave in the Dust"
Teferi's Time Trouble,Secret Lair Drop,Other,SLD,2021-12-13,26.52,"Karn, the Great Creator, Teferi, Time Raveler, Dack Fayden"
"Teferi, Timebender",Planeswalker Deck,Other,DOM,2018-04-27,4.85,"Jhoira's Familiar, Teferi, Timebender, Serra Angel, Island, Plains"
"Teferi, Timeless Voyager",Planeswalker Deck,Other,M21,2020-07-03,7.5,"Teferi's Ageless Insight, Teferi, Timeless Voyager, Island, Stormwing Entity, Opt"
Temur Avalanche,Intro Pack,Other,KTK,2014-09-26,38.96,"Stubborn Denial, Elvish Mystic, Savage Punch, Frontier Bivouac, Roar of Challenge"
Tenacious,Jumpstart,Other,MSH,2026-06-26,12.49,"Return of the Mole Man, Voracious Brood, White Tiger, Amulet Keeper, Forest, Punishing Punch"
Tenth Edition Fat Pack Land Pack,Bundle Land Pack,Other,10E,2007-07-13,3.14,"Forest, Mountain, Forest, Plains, Swamp"
Tenth Edition Foil Redemption,MTGO Redemption,Other,10E,2007-08-12,2654.82,"Crucible of Worlds, Root Maze, Grave Pact, Seedborn Muse, Abundance"
Tenth Edition Redemption,MTGO Redemption,Other,10E,2007-08-12,2654.82,"Crucible of Worlds, Root Maze, Grave Pact, Seedborn Muse, Abundance"
Tezzeret,Duel Deck,Other,DDF,2010-09-03,37.92,"Tezzeret the Seeker, Energy Chamber, Thoughtcast, Foil, Seat of the Synod"
"Tezzeret, Master of Metal",Planeswalker Deck,Other,AER,2017-01-20,2.79,"Tezzeret, Master of Metal, Ornithopter, Island, Reverse Engineer, Swamp"
Thalia: Beyond the Helvault,Secret Lair Drop,Other,SLD,2020-03-12,15.84,"Thalia, Guardian of Thraben, Thalia, Guardian of Thraben, Thalia, Guardian of Thraben, Thalia, Guardian of Thraben"
Thallids,Theme Deck,Other,PSAL,2005-08-01,0.0,"Forest, Forest, Forest, Forest, Forest"
The '90s Binder Experience,Secret Lair Drop,Other,SLD,2023-04-14,159.93,"Exotic Orchard, Rin and Seri, Inseparable, Goreclaw, Terror of Qal Sisma, Alms Collector, Crested Sunmare"
The '90s Binder Experience Foil Edition,Secret Lair Drop,Other,SLD,2023-04-14,159.93,"Exotic Orchard, Rin and Seri, Inseparable, Goreclaw, Terror of Qal Sisma, Alms Collector, Crested Sunmare"
The Adventurers,Intro Pack,Other,ZEN,2009-10-02,20.78,"Lightning Bolt, Turntimber Ranger, Kazuul Warlord, Greenweaver Druid, Oran-Rief Survivalist"
The Art of Frank Frazetta,Secret Lair Drop,Other,SLD,2022-12-19,281.74,"Dark Ritual, Seize the Day, Midnight Reaper, Temporal Manipulation, Field Marshal"
The Art of Frank Frazetta Foil Edition,Secret Lair Drop,Other,SLD,2022-12-19,281.74,"Dark Ritual, Seize the Day, Midnight Reaper, Temporal Manipulation, Field Marshal"
The Art of Frank Frazetta: The Second Exhibition,Secret Lair Drop,Other,SLD,2025-06-10,80.78,"Aggravated Assault, Desperate Ritual, Zulaport Cutthroat, Deadly Dispute, Murderous Rider // Swift End"
The Art of Frank Frazetta: The Second Exhibition Foil Edition,Secret Lair Drop,Other,SLD,2025-06-10,80.78,"Aggravated Assault, Desperate Ritual, Zulaport Cutthroat, Deadly Dispute, Murderous Rider // Swift End"
The Astrology Lands: Aquarius,Secret Lair Drop,Other,SLD,2022-05-15,5.09,Island
The Astrology Lands: Aquarius Foil Edition,Secret Lair Drop,Other,SLD,2022-05-15,5.09,Island
The Astrology Lands: Aries,Secret Lair Drop,Other,SLD,2022-07-29,6.87,Mountain
The Astrology Lands: Aries Foil Edition,Secret Lair Drop,Other,SLD,2022-07-29,6.87,Mountain
The Astrology Lands: Cancer,Secret Lair Drop,Other,SLD,2022-10-21,7.21,Plains
The Astrology Lands: Cancer Foil Edition,Secret Lair Drop,Other,SLD,2022-10-21,7.21,Plains
The Astrology Lands: Capricorn,Secret Lair Drop,Other,SLD,2022-04-29,6.28,Swamp
The Astrology Lands: Capricorn Foil Edition,Secret Lair Drop,Other,SLD,2022-04-29,6.28,Swamp
The Astrology Lands: Gemini,Secret Lair Drop,Other,SLD,2022-09-23,7.69,Mountain
The Astrology Lands: Gemini Foil Edition,Secret Lair Drop,Other,SLD,2022-09-23,7.69,Mountain
The Astrology Lands: Leo,Secret Lair Drop,Other,SLD,2022-10-04,6.85,Plains
The Astrology Lands: Leo Foil Edition,Secret Lair Drop,Other,SLD,2022-10-04,6.85,Plains
The Astrology Lands: Libra,Secret Lair Drop,Other,SLD,2022-10-25,5.7,Plains
The Astrology Lands: Libra Foil Edition,Secret Lair Drop,Other,SLD,2022-10-25,5.7,Plains
The Astrology Lands: Pisces,Secret Lair Drop,Other,SLD,2022-07-29,5.64,Island
The Astrology Lands: Pisces Foil Edition,Secret Lair Drop,Other,SLD,2022-07-29,5.64,Island
The Astrology Lands: Sagittarius,Secret Lair Drop,Other,SLD,2022-12-27,23.87,Forest
The Astrology Lands: Sagittarius Foil Edition,Secret Lair Drop,Other,SLD,2022-12-27,23.87,Forest
The Astrology Lands: Scorpio,Secret Lair Drop,Other,SLD,2022-12-27,18.92,Swamp
The Astrology Lands: Scorpio Foil Edition,Secret Lair Drop,Other,SLD,2022-12-27,18.92,Swamp
The Astrology Lands: Taurus,Secret Lair Drop,Other,SLD,2022-09-02,5.99,Forest
The Astrology Lands: Taurus Foil Edition,Secret Lair Drop,Other,SLD,2022-09-02,5.99,Forest
The Astrology Lands: Virgo,Secret Lair Drop,Other,SLD,2022-10-25,5.48,Island
The Astrology Lands: Virgo Foil Edition,Secret Lair Drop,Other,SLD,2022-10-25,5.48,Island
The Beauty of the Beasts,Secret Lair Drop,Other,SLD,2024-02-23,119.61,"Scourge of Valkas, Felidar Guardian, Voracious Hydra, Serpent of Yawning Depths, Peregrine Drake"
The Beauty of the Beasts Foil Edition,Secret Lair Drop,Other,SLD,2024-02-23,171.3,"Scourge of Valkas, Felidar Guardian, Peregrine Drake, Voracious Hydra, Serpent of Yawning Depths"
The Black Sun Invasion,Box Set,Other,TLA,2025-11-14,32.95,"Sokka's Charge, Earthshape, Fire Nation Turret, Appa, the Vigilant, Katara's Reversal"
The Brazen Coalition,Arena Starter Deck,Other,DOM,2018-03-22,15.12,"Forerunner of the Coalition, Dire Fleet Ravager, Fanatical Firebrand, Captivating Crew, Fell Flagship"
The Brothers' War Bundle Land Pack,Bundle Land Pack,Other,BRO,2022-11-18,0.0,"Island, Island, Swamp, Swamp, Mountain"
The Brothers' War Foil Redemption,MTGO Redemption,Other,BRO,2023-01-04,244.13,"Portal to Phyrexia, Awaken the Woods, Myrel, Shield of Argive, Diabolic Intent, Cityscape Leveler"
The Brothers' War Redemption,MTGO Redemption,Other,BRO,2023-01-04,244.13,"Portal to Phyrexia, Awaken the Woods, Myrel, Shield of Argive, Diabolic Intent, Cityscape Leveler"
The Coalition,Duel Deck,Other,DDE,2010-03-19,3.19,"Armadillo Cloak, Island, Treva, the Renewer, Harrow, Darigaaz, the Igniter"
The Deluge,Theme Deck,Other,BRB,1999-11-12,49.07,"Land Tax, Catastrophe, Dirtcowl Wurm, Plains, Plains"
The Dracula Lands,Secret Lair Drop,Other,SLD,2022-05-06,63.82,"Swamp, Plains, Mountain, Forest, Island"
The Dracula Lands Foil Edition,Secret Lair Drop,Other,SLD,2022-05-06,63.82,"Swamp, Plains, Mountain, Forest, Island"
The Evil Dead,Secret Lair Drop,Other,SLD,2023-12-18,181.96,"Field of the Dead, Puresteel Paladin, Varina, Lich Queen, Vanquish the Horde, Zombie Apocalypse"
The Evil Dead Foil Edition,Secret Lair Drop,Other,SLD,2023-12-18,181.96,"Field of the Dead, Puresteel Paladin, Varina, Lich Queen, Vanquish the Horde, Zombie Apocalypse"
The Eyes Have It,Secret Lair Drop,Other,SLD,2026-05-12,42.73,"Gitaxian Probe, Opt, Counterbalance, Otherworldly Gaze, Baleful Strix"
The Eyes Have It Foil Edition,Secret Lair Drop,Other,SLD,2026-05-12,42.73,"Gitaxian Probe, Opt, Counterbalance, Otherworldly Gaze, Baleful Strix"
The Fairest Drop of All Foil Edition,Secret Lair Drop,Other,SLD,2024-12-10,40.82,"Tuvasa the Sunlit // Tuvasa the Sunlit, Steely Resolve // Steely Resolve, Estrid's Invocation // Estrid's Invocation, Estrid, the Masked // Estrid, the Masked"
The Flames of Rath,Theme Deck,Other,TMP,1997-10-14,17.33,"Furnace of Rath, Goblin Bombardment, Searing Touch, Soltari Guerrillas, Mogg Fanatic"
The Full-Text Lands,Secret Lair Drop,Other,SLD,2021-08-25,50.13,"Island, Mountain, Swamp, Forest, Plains"
The Full-Text Lands Foil Edition,Secret Lair Drop,Other,SLD,2021-08-25,50.13,"Island, Mountain, Swamp, Forest, Plains"
The Godzilla Lands,Secret Lair Drop,Other,SLD,2020-05-07,0.0,"Plains, Island, Swamp, Mountain, Forest"
The Hobbit Bundle Land Pack,Bundle Land Pack,Other,HOB,2026-01-23,66.68,"Plains, Plains, Plains, Plains, Plains"
The Last of Us Part I,Secret Lair Drop,Other,SLD,2025-11-06,30.67,"Cabal Ritual, Ellie, Brick Master, Haunted One, Joel, Resolute Survivor"
The Last of Us Part I Foil Edition,Secret Lair Drop,Other,SLD,2025-11-06,30.67,"Cabal Ritual, Ellie, Brick Master, Haunted One, Joel, Resolute Survivor"
The Last of Us Part II,Secret Lair Drop,Other,SLD,2025-11-06,22.24,"Dictate of Erebos, Ellie, Vengeful Hunter, Mycoloth, Abby, Merciless Soldier"
The Last of Us Part II Foil Edition,Secret Lair Drop,Other,SLD,2025-11-06,22.24,"Dictate of Erebos, Ellie, Vengeful Hunter, Mycoloth, Abby, Merciless Soldier"
The Legion of Dusk,Arena Starter Deck,Other,DOM,2018-03-22,58.79,"Vanquisher's Banner, Forerunner of the Legion, Legion Lieutenant, Vona, Butcher of Magan, Sanctum Seeker"
The Lord of the Rings: Tales of Middle-earth Bundle Land Pack,Bundle Land Pack,Other,LTR,2023-06-23,0.0,"Swamp, Swamp, Mountain, Mountain, Plains"
The Lost Caverns of Ixalan Bundle Land Pack,Bundle Land Pack,Other,LCI,2023-11-17,0.0,"Island, Island, Plains, Plains, Island"
The Lost Caverns of Ixalan Foil Redemption,MTGO Redemption,Other,LCI,2023-12-06,441.47,"Cavern of Souls, Roaming Throne, Bloodletter of Aclazotz, Ojer Taq, Deepest Foundation // Temple of Civilization, Ojer Axonil, Deepest Might // Temple of Power"
The Lost Caverns of Ixalan Redemption,MTGO Redemption,Other,LCI,2023-12-06,441.47,"Cavern of Souls, Roaming Throne, Bloodletter of Aclazotz, Ojer Taq, Deepest Foundation // Temple of Civilization, Ojer Axonil, Deepest Might // Temple of Power"
"The Meaning of Life, Maybe",Secret Lair Drop,Other,SLD,2022-12-19,215.57,"Mental Misstep, Forced Fruition, Mind's Dilation, Well of Lost Dreams, Future Sight"
"The Meaning of Life, Maybe Foil Edition",Secret Lair Drop,Other,SLD,2022-12-19,215.57,"Mental Misstep, Forced Fruition, Mind's Dilation, Well of Lost Dreams, Future Sight"
The Might of Galadriel,Box Set,Other,LTC,2023-11-03,66.87,"Galadriel's Dismissal, Galadriel, Light of Valinor, Galadhrim Brigade, Mists of Lórien, Rally the Galadhrim"
The Nightstalkers,Theme Deck,Other,P02,1998-06-24,11.74,"Ancient Craving, Swamp, Swamp, Swamp, Predatory Nightstalker"
The Office: Dwight's Destiny,Secret Lair Drop,Other,SLD,2025-10-27,93.26,"Heliod, Sun-Crowned, Swords to Plowshares, Steelshaper's Gift, Reaper King, Baral, Chief of Compliance"
The Office: Dwight's Destiny Foil Edition,Secret Lair Drop,Other,SLD,2025-10-27,93.26,"Heliod, Sun-Crowned, Swords to Plowshares, Steelshaper's Gift, Reaper King, Baral, Chief of Compliance"
The Path Not Traveled,Secret Lair Drop,Other,SLD,2020-06-03,14.68,"Ajani Steadfast, Vraska, Golgari Queen, Tamiyo, Field Researcher, Domri Rade"
The Plague,Theme Deck,Other,USG,1998-10-12,6.2,"Worship, Pariah, Swamp, Plains, Swamp"
The Plague - Enhanced Deck,Enhanced Deck,Other,USG,1998-10-12,66.47,"Reflecting Pool, Wall of Nets, Dark Ritual, Worship, Pariah"
The Princess Bride,Secret Lair Drop,Other,SLD,2023-11-30,275.28,"Sisay, Weatherlight Captain, Fynn, the Fangbearer, Samut, Voice of Dissent, Silence, Brion Stoutarm"
The Princess Bride Foil Edition,Secret Lair Drop,Other,SLD,2023-11-30,275.28,"Sisay, Weatherlight Captain, Fynn, the Fangbearer, Samut, Voice of Dissent, Silence, Brion Stoutarm"
The River Heralds,Arena Starter Deck,Other,DOM,2018-03-22,53.28,"Herald of Secret Streams, Tishana, Voice of Thunder, Hadana's Climb // Winged Temple of Orazca, Mist-Cloaked Herald, Deeproot Waters"
The Siege of Alexandria,Box Set,Other,FIN,2025-06-13,104.79,"Vivi's Persistence, Brilliant Wings, Judgment of Alexander, Search for Dagger, Amarant Coral"
The Slivers,Theme Deck,Other,TMP,1997-10-14,4.74,"Counterspell, Ertai's Meddling, Extinction, Fevered Convulsions, Winged Sliver"
The Slivers - Advanced Deck,Advanced Deck,Other,TMP,1997-10-14,15.74,"Underground River, Counterspell, Nevinyrral's Disk, Impulse, Fevered Convulsions"
The Space Beyond the Stars,Secret Lair Drop,Other,SLD,2022-12-05,52.08,"Stasis, Prismatic Omen, Imprisoned in the Moon, Wheel of Sun and Moon"
The Space Beyond the Stars Foil Edition,Secret Lair Drop,Other,SLD,2022-12-05,52.08,"Stasis, Prismatic Omen, Imprisoned in the Moon, Wheel of Sun and Moon"
The Sparkler,Theme Deck,Other,STH,1998-03-02,24.69,"Propaganda, Intruder Alarm, Searing Touch, Counterspell, Reins of Power"
The Sparkler - Advanced Deck,Advanced Deck,Other,STH,1998-03-02,24.26,"Propaganda, Jokulhaups, Searing Touch, Counterspell, Impulse"
The Spikes,Theme Deck,Other,STH,1998-03-02,20.06,"Hermit Druid, Heartstone, Spike Feeder, Forest, Forest"
The Spikes - Advanced Deck,Advanced Deck,Other,STH,1998-03-02,150.64,"Reflecting Pool, Undiscovered Paradise, City of Brass, Armageddon, Gemstone Mine"
The Stars Gaze Back,Secret Lair Drop,Other,SLD,2023-08-29,89.6,"Omnath, Locus of Rage, Flamekin Harbinger, Risen Reef, Voice of Resurgence"
The Stars Gaze Back Foil Edition,Secret Lair Drop,Other,SLD,2023-08-29,89.6,"Omnath, Locus of Rage, Flamekin Harbinger, Risen Reef, Voice of Resurgence"
The Strange Sands: Forest,Secret Lair Drop,Other,SLD,2025-01-15,3.99,Forest
The Strange Sands: Forest Foil Edition,Secret Lair Drop,Other,SLD,2025-01-15,3.99,Forest
The Strange Sands: Island,Secret Lair Drop,Other,SLD,2025-01-15,12.18,Island
The Strange Sands: Island Foil Edition,Secret Lair Drop,Other,SLD,2025-01-15,12.18,Island
The Strange Sands: Mountain,Secret Lair Drop,Other,SLD,2025-01-15,4.87,Mountain
The Strange Sands: Mountain Foil Edition,Secret Lair Drop,Other,SLD,2025-01-15,4.87,Mountain
The Strange Sands: Plains,Secret Lair Drop,Other,SLD,2025-01-15,2.96,Plains
The Strange Sands: Plains Foil Edition,Secret Lair Drop,Other,SLD,2025-01-15,2.96,Plains
The Strange Sands: Swamp,Secret Lair Drop,Other,SLD,2025-01-15,4.5,Swamp
The Strange Sands: Swamp Foil Edition,Secret Lair Drop,Other,SLD,2025-01-15,4.5,Swamp
The Sun Empire,Arena Starter Deck,Other,DOM,2018-03-22,36.37,"Forerunner of the Empire, Samut, Voice of Dissent, Verdant Sun's Avatar, Ranging Raptors, Needletooth Raptor"
The Swarm,Theme Deck,Other,TMP,1997-10-14,109.93,"Aluren, Recycle, Forest, Muscle Sliver, Forest"
The Swarm - Advanced Deck,Advanced Deck,Other,TMP,1997-10-14,141.22,"Aluren, Birds of Paradise, Armageddon, Brushland, Uktabi Orangutan"
The Tokyo Lands,Secret Lair Drop,Other,SLD,2022-09-13,89.99,"Plains, Swamp, Forest, Mountain, Island"
The Tokyo Lands Foil Etched Edition,Secret Lair Drop,Other,SLD,2022-09-13,89.99,"Plains, Swamp, Forest, Mountain, Island"
The Unfathomable Crushing Brutality of Basic Lands,Secret Lair Drop,Other,SLD,2021-04-13,71.77,"Swamp, Mountain, Island, Forest, Plains"
The Unfathomable Crushing Brutality of Basic Lands Foil Edition,Secret Lair Drop,Other,SLD,2021-04-13,71.77,"Swamp, Mountain, Island, Forest, Plains"
The Walking Dead,Secret Lair Drop,Other,SLD,2020-10-13,87.28,"Greymond, Avacyn's Stalwart, Hansk, Slayer Zealot, Malik, Grim Manipulator, Gregor, Shrewd Magistrate, Enkira, Hostile Scavenger"
The Weirdest Pets in the Multiverse,Secret Lair Drop,Other,SLD,2022-12-05,74.45,"Beast Whisperer, Stitcher's Supplier, Laboratory Maniac, Wood Elves, Vizier of the Menagerie"
The Weirdest Pets in the Multiverse Foil Edition,Secret Lair Drop,Other,SLD,2022-12-05,74.45,"Beast Whisperer, Stitcher's Supplier, Laboratory Maniac, Wood Elves, Vizier of the Menagerie"
The Wilds and the Deep,Intro Pack,Other,JOU,2014-05-02,33.56,"Archetype of Imagination, Kiora's Follower, Triton Shorestalker, Forest, Market Festival"
Theros Beyond Death Bundle Land Pack,Bundle Land Pack,Other,THB,2020-01-24,0.0,"Mountain, Mountain, Plains, Plains, Plains"
Theros Beyond Death Foil Redemption,MTGO Redemption,Other,THB,2020-02-23,299.77,"Shadowspear, Thassa, Deep-Dwelling, Nyxbloom Ancient, Thassa's Oracle, Heliod, Sun-Crowned"
Theros Beyond Death Redemption,MTGO Redemption,Other,THB,2020-02-23,299.77,"Shadowspear, Thassa, Deep-Dwelling, Nyxbloom Ancient, Thassa's Oracle, Heliod, Sun-Crowned"
Theros Fat Pack Land Pack,Bundle Land Pack,Other,THS,2013-09-27,5.18,"Forest, Plains, Island, Forest, Island"
Theros Foil Redemption,MTGO Redemption,Other,THS,2013-10-27,529.76,"Nykthos, Shrine to Nyx, Swan Song, Purphoros, God of the Forge, Medomai the Ageless, Erebos, God of the Dead"
Theros Holiday Gift Box Land Pack,Bundle Land Pack,Other,THS,2013-11-15,5.18,"Forest, Plains, Island, Forest, Island"
Theros Redemption,MTGO Redemption,Other,THS,2013-10-27,529.76,"Nykthos, Shrine to Nyx, Swan Song, Purphoros, God of the Forge, Medomai the Ageless, Erebos, God of the Dead"
Theros Stargazing: Vol. I (Heliod),Secret Lair Drop,Other,SLD,2020-02-14,65.44,"Iroas, God of Victory, Heliod, God of the Sun, Karametra, God of Harvests"
Theros Stargazing: Vol. II (Thassa),Secret Lair Drop,Other,SLD,2020-02-14,55.18,"Thassa, God of the Sea, Ephara, God of the Polis, Kruphix, God of Horizons"
Theros Stargazing: Vol. III (Erebos),Secret Lair Drop,Other,SLD,2020-02-14,101.93,"Athreos, God of Passage, Phenax, God of Deception, Erebos, God of the Dead"
Theros Stargazing: Vol. IV (Purphoros),Secret Lair Drop,Other,SLD,2020-02-14,87.57,"Purphoros, God of the Forge, Keranos, God of Storms, Mogis, God of Slaughter"
Theros Stargazing: Vol. V (Nylea),Secret Lair Drop,Other,SLD,2020-02-14,53.0,"Nylea, God of the Hunt, Xenagos, God of Revels, Pharika, God of Affliction"
They Grow Up So Fast,Secret Lair Drop,Other,SLD,2025-03-25,49.71,"Dragonlord Dromoka // Dragonlord Dromoka, Dragonlord Kolaghan // Dragonlord Kolaghan, Dragonlord Silumgar // Dragonlord Silumgar, Dragonlord Atarka // Dragonlord Atarka, Dragonlord Ojutai // Dragonlord Ojutai"
They Grow Up So Fast Foil Edition,Secret Lair Drop,Other,SLD,2025-03-25,49.71,"Dragonlord Dromoka // Dragonlord Dromoka, Dragonlord Kolaghan // Dragonlord Kolaghan, Dragonlord Silumgar // Dragonlord Silumgar, Dragonlord Atarka // Dragonlord Atarka, Dragonlord Ojutai // Dragonlord Ojutai"
Think Again 1,Jumpstart,Other,J22,2022-12-02,3.94,"Jace, Arcane Strategist, Serum Visions, Spectral Sailor, Merfolk Pupil, Thriving Isle"
Think Again 2,Jumpstart,Other,J22,2022-12-02,9.52,"Alandra, Sky Dreamer, Spectral Sailor, Hedron Archive, Merfolk Pupil, Opt"
Think Again 3,Jumpstart,Other,J22,2022-12-02,9.52,"Alandra, Sky Dreamer, Spectral Sailor, Merfolk Pupil, Thriving Isle, Faerie Vandal"
Think Again 4,Jumpstart,Other,J22,2022-12-02,1.04,"Spectral Sailor, Faerie Formation, Military Intelligence, Merfolk Pupil, Thriving Isle"
Thor,Jumpstart,Other,MSH,2026-06-26,10.16,"Asgardian Inspiration, Lightning Bolt, Origin of Thor, Thor, Asgard's Avenger, Molten Lavamancer"
Thought Invoker,Shandalar Enemy Deck,Other,PAST,1997-04-01,61.29,"Time Elemental, Energy Flux, Giant Tortoise, Mahamoti Djinn, Mana Short"
Thoughts of the Wind,Duel Of The Planeswalkers Deck,Other,DPA,2010-06-04,0.0,"Evacuation, Mind Spring, Mind Control, Phantom Warrior, Negate"
Thrilling Tales of the Undead,Secret Lair Drop,Other,SLD,2022-01-28,102.52,"Gravecrawler, Rise of the Dark Realms, Liliana, Death's Majesty"
Thrilling Tales of the Undead Foil Edition,Secret Lair Drop,Other,SLD,2022-01-28,102.52,"Gravecrawler, Rise of the Dark Realms, Liliana, Death's Majesty"
Thrive and Thrash,Event Deck,Other,GTC,2013-02-22,28.38,"Deadeye Navigator, Arbor Elf, Strangleroot Geist, Farseek, Gruul Ragebeast"
Throne of Eldraine Bundle Land Pack,Bundle Land Pack,Other,ELD,2019-10-04,0.0,"Plains, Plains, Swamp, Swamp, Island"
Throne of Eldraine Foil Redemption,MTGO Redemption,Other,ELD,2019-11-03,241.73,"The Great Henge, Oko, Thief of Crowns, Embercleave, Wishclaw Talisman, Ayara, First of Locthwain"
Throne of Eldraine Redemption,MTGO Redemption,Other,ELD,2019-11-03,241.73,"The Great Henge, Oko, Thief of Crowns, Embercleave, Wishclaw Talisman, Ayara, First of Locthwain"
Through the Wormhole,Secret Lair Drop,Other,SLD,2023-12-05,217.97,"Sol Ring, Arcane Signet, Command Tower, Thought Vessel, Lightning Greaves"
Through the Wormhole Galaxy Foil Edition,Secret Lair Drop,Other,SLD,2023-12-05,407.12,"Sol Ring, Arcane Signet, Command Tower, Thought Vessel, Lightning Greaves"
Thunderbolts,Jumpstart,Other,MSH,2026-06-26,5.85,"Valentina Allegra de Fontaine, Citizen V, Helmut Zemo, Songbird, Sonic Screamer, Fixer, Techno Terror, MACH-1, Swooping Scoundrel"
Tibalt,Duel Deck,Other,DDK,2013-03-15,0.0,"Sulfuric Vortex, Tibalt, the Fiend-Blooded, Faithless Looting, Hellrider, Terminate"
Tidal Mastery,Theme Deck,Other,MMQ,1999-10-04,459.35,"Counterspell, Thwart, War Tax, Saprazzan Legate, Coastal Piracy"
Tidal Mastery - Enhanced Deck,Enhanced Deck,Other,MMQ,1999-10-04,860.95,"Palinchron, Counterspell, Mother of Runes, Thwart, War Tax"
Time Curse,Theme Deck,Other,S99,1999-07-12,30.37,"Time Warp, Counterspell, Island, Island, Island"
Time Drain,Theme Deck,Other,ULG,1999-02-15,740.9,"Cloud of Faeries, Snap, Frantic Search, Treetop Village, Faerie Conclave"
Time Drain - Enhanced Deck,Enhanced Deck,Other,ULG,1999-02-15,912.32,"Palinchron, Cloud of Faeries, Snap, Miscalculation, Reflecting Pool"
Time Spiral Fat Pack Land Pack,Bundle Land Pack,Other,TSP,2006-10-06,0.0,"Swamp, Island, Forest, Swamp, Mountain"
Time Spiral Foil Redemption,MTGO Redemption,Other,TSP,2006-11-05,2518.31,"Gemstone Caverns, Scion of the Ur-Dragon, Ophidian Eye, Snapback, Angel's Grace"
Time Spiral Redemption,MTGO Redemption,Other,TSP,2006-11-05,2518.31,"Gemstone Caverns, Scion of the Ur-Dragon, Ophidian Eye, Snapback, Angel's Grace"
Time Spiral Timeshifted Foil Redemption,MTGO Redemption,Other,TSB,2006-11-05,1762.78,"Claws of Gix, Darkness, Tormod's Crypt, Dandân, Akroma, Angel of Wrath"
Time Spiral Timeshifted Redemption,MTGO Redemption,Other,TSB,2006-11-05,1762.78,"Claws of Gix, Darkness, Tormod's Crypt, Dandân, Akroma, Angel of Wrath"
Time Trouble Two,Secret Lair Drop,Other,SLD,2022-12-19,40.26,"Narset, Parter of Veils, Nissa, Who Shakes the World, Tezzeret, Agent of Bolas"
Time Trouble Two Foil Edition,Secret Lair Drop,Other,SLD,2022-12-19,40.26,"Narset, Parter of Veils, Nissa, Who Shakes the World, Tezzeret, Agent of Bolas"
Titanic 1,Jumpstart,Other,BRO,2022-11-18,3.35,"Sarinth Steelseeker, Gaea's Gift, Bushwhack, Cradle Clearcutter, Woodcaller Automaton"
Titanic 2,Jumpstart,Other,BRO,2022-11-18,1.88,"Sarinth Steelseeker, Bushwhack, Cradle Clearcutter, Woodcaller Automaton, Iron-Craw Crusher"
To Adventure!,Arena Starter Deck,Other,M21,2021-07-03,4.4,"Ironscale Hydra, Realm-Cloaked Giant // Cast Off, Plains, Giant Killer // Chop Down, Primal Might"
Toby's Journey by Gary Baseman,Secret Lair Drop,Other,SLD,2026-06-16,34.88,"Prismatic Vista, Sovereign Okinec Ahau, Farseek, Long Goodbye, Trailblazer's Boots"
Toby's Journey by Gary Baseman Foil Edition,Secret Lair Drop,Other,SLD,2026-06-16,34.88,"Prismatic Vista, Sovereign Okinec Ahau, Farseek, Long Goodbye, Trailblazer's Boots"
Tokens,Deck Builder's Toolkit,Other,M13,2012-07-13,5.56,"Attended Knight, Lingering Souls, Goldnight Redeemer, Intangible Virtue, Glorious Charge"
Tom van de Logt - Machine Head,World Championship Deck,Other,WC01,2001-08-08,43.23,"Rishadan Port, Dark Ritual, Swamp, Mountain, Swamp"
Tom van de Logt - Replenish,World Championship Deck,Other,WC00,2000-08-02,208.69,"Replenish, Parallax Wave, Enlightened Tutor, Attunement, Parallax Tide"
Tomb Raider,Secret Lair Drop,Other,SLD,2023-12-05,171.25,"Shadowspear, Lara Croft, Tomb Raider, Academy Ruins, Bow of Nylea, Search for Azcanta // Azcanta, the Sunken Ruin"
Tomb Raider Foil Edition,Secret Lair Drop,Other,SLD,2023-12-05,171.25,"Shadowspear, Lara Croft, Tomb Raider, Academy Ruins, Bow of Nylea, Search for Azcanta // Azcanta, the Sunken Ruin"
Tombstone,Theme Deck,Other,USG,1998-10-12,17.57,"Victimize, Exhume, Island, Turnabout, Island"
Tombstone - Enhanced Deck,Enhanced Deck,Other,USG,1998-10-12,129.66,"Reflecting Pool, Reanimate, Living Death, Armageddon, Verdant Force"
Tome of the Astral Sorceress,Secret Lair Drop,Other,SLD,2024-10-01,36.73,"Preordain, Teferi's Ageless Insight, Back to Basics, Sphinx of the Second Sun"
Tome of the Astral Sorceress Foil Edition,Secret Lair Drop,Other,SLD,2024-10-01,36.73,"Preordain, Teferi's Ageless Insight, Back to Basics, Sphinx of the Second Sun"
Too Many,Jumpstart,Other,J25,2024-11-07,1.62,"Fiendish Duo, Reckless Impulse, Brothers Yamazaki, Brothers Yamazaki, Krenko's Command"
Toph,Jumpstart,Other,TLE,2025-11-20,58.08,"Toph, Earthbending Master, Tale of Katara and Toph, Solid Ground, Origin of Metalbending, Frog-Squirrels"
Torment Foil Redemption,MTGO Redemption,Other,TOR,2002-03-06,2566.03,"Grim Lavamancer, Cabal Coffers, Cabal Ritual, Insidious Dreams, Overmaster"
Torment Redemption,MTGO Redemption,Other,TOR,2002-03-06,2566.03,"Grim Lavamancer, Cabal Coffers, Cabal Ritual, Insidious Dreams, Overmaster"
Totally Merciless,Jumpstart,Other,DMU,2022-09-09,2.42,"Swamp, Knight of Dusk's Shadow, Swamp, Swamp, Braids's Frightful Return"
Totally Ruthless,Jumpstart,Other,DMU,2022-09-09,2.42,"Swamp, Cut Down, Cult Conscript, Swamp, Swamp"
Totally Spaced Out Galaxy Foil Edition,Secret Lair Drop,Other,SLD,2022-12-05,145.27,"Strip Mine, Command Beacon, Fabled Passage, Ash Barrens"
Totem Power,Intro Pack,Other,ROE,2010-04-23,76.74,"Soul's Attendant, Kor Spiritdancer, Ornithopter, Forest, Forest"
Towering,Jumpstart,Other,MSH,2026-06-26,0.0,"Giant-Man, Gargantuan Genius, Ms. Marvel, Elastic Ally, Ant-Man, Reformed Rogue, Spider-Rex, Daring Dino, Goliath, Mass Manipulator"
Toxic 1,Jumpstart,Other,ONE,2023-02-10,1.82,"Infectious Bite, Goliath Hatchery, Venomous Brutalizer, Cankerbloom, Phyrexian Atlas"
Toxic 2,Jumpstart,Other,ONE,2023-02-10,1.66,"Tyvar's Stand, Goliath Hatchery, Cankerbloom, Branchblight Stalker, Paladin of Predation"
Tragic Romance,Secret Lair Drop,Other,SLD,2025-03-25,147.56,"Kaalia of the Vast, Skithiryx, the Blight Dragon, Master of Cruelties, Angel of Despair"
Tragic Romance Foil Edition,Secret Lair Drop,Other,SLD,2025-03-25,147.56,"Kaalia of the Vast, Skithiryx, the Blight Dragon, Master of Cruelties, Angel of Despair"
Trained,Jumpstart,Other,MSH,2026-06-26,8.48,"Shang-Chi, Martial Mentor, She-Hulk, Attorney-at-Law, Advancing the Spirit, Forest, Restorative Technique"
Trample Civilization Underfoot,Archenemy Deck,Other,ARC,2010-06-18,8.2,"Rancor, Armadillo Cloak, Khalni Garden, Path to Exile, Fog"
Transference,Theme Deck,Other,DST,2004-02-06,274.84,"Skullclamp, Seat of the Synod, Arcbound Reclaimer, Reshape, Voltaic Construct"
"Transformers: One Shall Stand, One Shall Fall",Secret Lair Drop,Other,SLD,2022-12-19,54.42,"Plains, Mountain, Swamp, Island, Forest"
"Transformers: One Shall Stand, One Shall Fall Foil Edition",Secret Lair Drop,Other,SLD,2022-12-19,54.42,"Plains, Mountain, Swamp, Island, Forest"
Transformers: Optimus Prime vs. Megatron,Secret Lair Drop,Other,SLD,2022-12-19,106.33,"Blightsteel Colossus // Blightsteel Colossus, Doubling Cube // Doubling Cube, Darksteel Colossus // Darksteel Colossus"
Transformers: Optimus Prime vs. Megatron Foil Edition,Secret Lair Drop,Other,SLD,2022-12-19,106.33,"Blightsteel Colossus // Blightsteel Colossus, Doubling Cube // Doubling Cube, Darksteel Colossus // Darksteel Colossus"
Transformers: Roll Out or Rise Up,Secret Lair Drop,Other,SLD,2022-12-19,107.42,"Dramatic Reversal, Fabricate, True Conviction, Greater Good, By Force"
Transformers: Roll Out or Rise Up Foil Edition,Secret Lair Drop,Other,SLD,2022-12-19,107.42,"Dramatic Reversal, Fabricate, True Conviction, Greater Good, By Force"
Treasure 1,Jumpstart,Other,J22,2022-12-02,0.0,"Captain Lannery Storm, Sudden Breakthrough, Rapacious Dragon, Thriving Bluff, Mountain"
Treasure 2,Jumpstart,Other,J22,2022-12-02,6.54,"Professional Face-Breaker, Reckless Fireweaver, Rapacious Dragon, Thriving Bluff, Pyre-Sledge Arsonist"
Treasure 3,Jumpstart,Other,J22,2022-12-02,10.74,"Goldspan Dragon, Big Score, Rapacious Dragon, Thriving Bluff, Vault Robber"
Treasure 4,Jumpstart,Other,J22,2022-12-02,0.0,"Gadrak, the Crown-Scourge, Gleaming Barrier, Rapacious Dragon, Thriving Bluff, Mountain"
Treasure Hunt,Arena Starter Deck,Other,AFR,2021-09-24,36.44,"Goldspan Dragon, Xorn, Blightstep Pathway // Searstep Pathway, Soul Shatter, Shambling Ghast"
Treasures (1),Jumpstart,Other,J25,2024-11-07,9.49,"Pitiless Plunderer, Evereth, Viceroy of Plunder, Ruthless Technomancer, Shambling Ghast, Reassembling Skeleton"
Treasures (2),Jumpstart,Other,J25,2024-11-07,11.47,"Pitiless Plunderer, Vault of Whispers, Evereth, Viceroy of Plunder, Shambling Ghast, Reassembling Skeleton"
Tree-Hugging (1),Jumpstart,Other,JMP,2020-07-17,0.0,"Primordial Sage, Llanowar Visionary, Warden of the Woods, Explore, Forest"
Tree-Hugging (2),Jumpstart,Other,JMP,2020-07-17,0.0,"Primordial Sage, Llanowar Visionary, Warden of the Woods, Explore, Forest"
Tree-Hugging (3),Jumpstart,Other,JMP,2020-07-17,0.0,"Llanowar Visionary, Warden of the Woods, Explore, Jolrael, Mwonvuli Recluse, Forest"
Tree-Hugging (4),Jumpstart,Other,JMP,2020-07-17,1.12,"Soul of the Harvest, Llanowar Visionary, Warden of the Woods, Explore, Forest"
Trick or Treat,Secret Lair Drop,Other,SLD,2025-10-27,59.84,"Vito, Thorn of the Dusk Rose, Wilhelt, the Rotcleaver, Voja, Jaws of the Conclave, Liberator, Urza's Battlethopter, Satoru Umezawa"
Trick or Treat Foil Edition,Secret Lair Drop,Other,SLD,2025-10-27,59.84,"Vito, Thorn of the Dusk Rose, Wilhelt, the Rotcleaver, Voja, Jaws of the Conclave, Liberator, Urza's Battlethopter, Satoru Umezawa"
Tricksters,Jumpstart,Other,MSH,2026-06-26,130.09,"Loki, Lord of Misrule, Impossible Man, Multiversal Recruitment, Living Lies of Loki, Kid Loki"
Tricksy 1,Jumpstart,Other,LTR,2023-06-23,3.24,"Elvish Mariner, Elrond, Lord of Rivendell, Arwen's Gift, Glorious Gale, Island"
Tricksy 2,Jumpstart,Other,LTR,2023-06-23,3.24,"Elvish Mariner, Elrond, Lord of Rivendell, Arwen's Gift, Saruman the White, Glorious Gale"
Troll Shaman,Shandalar Enemy Deck,Other,PAST,1997-04-01,418.43,"Mountain, Strip Mine, Dancing Scimitar, Oasis, Shivan Dragon"
Trounce-O-Matic,Theme Deck,Other,ODY,2001-10-01,469.0,"Roar of the Wurm, Careful Study, Predict, Peek, Nimble Mongoose"
Truth Seekers,Theme Deck,Other,SOK,2005-06-03,160.27,"Rune-Tail, Kitsune Ascendant // Rune-Tail's Essence, Honden of Cleansing Fire, Honden of Life's Web, Nikko-Onna, Bounteous Kirin"
Turnabout,Theme Deck,Other,SHM,2008-05-02,494.2,"Umbral Mantle, Devoted Druid, Pili-Pala, Rhys the Redeemed, Seedcradle Witch"
Turnaround,Theme Deck,Other,PCY,2000-06-05,1239.68,"Daze, Rhystic Study, Foil, Seal of Cleansing, Mageta the Lion"
Twisted Reality,Intro Pack,Other,OGW,2016-01-22,22.69,"Bane of Bala Ged, Kozilek's Channeler, Endless One, Scour from Existence, Titan's Presence"
Twisted Toons,Secret Lair Drop,Other,SLD,2025-03-25,61.4,"Culling the Weak, Silence, Winds of Abandon, Fatal Push, Young Wolf"
Twisted Toons Foil Edition,Secret Lair Drop,Other,SLD,2025-03-25,61.4,"Culling the Weak, Silence, Winds of Abandon, Fatal Push, Young Wolf"
Ultimate Sacrifice,Event Deck,Other,BFZ,2015-10-02,42.37,"Zulaport Cutthroat, Grim Haruspex, Hangarback Walker, Murderous Cut, Llanowar Wastes"
Ultron,Jumpstart,Other,MSH,2026-06-26,80.17,"Ultron the Annihilator, Ultron's Auxiliary, Doombot Harbinger, Swamp, Eerie Gravestone"
Uncanny,Jumpstart,Other,MSH,2026-06-26,26.69,"Wolverine, Claws Out, X-23, Deadly Weapon, Storm, Shaker of Skies, Colossus, Steel Stalwart, Darwin, Adaptive Mutant"
Uncharted,Secret Lair Drop,Other,SLD,2025-11-06,29.86,"Passionate Archaeologist, Whip of Erebos, Nathan Drake, Treasure Hunter, Midnight Clock, Chain Reaction"
Uncharted Foil Edition,Secret Lair Drop,Other,SLD,2025-11-06,29.86,"Passionate Archaeologist, Whip of Erebos, Nathan Drake, Treasure Hunter, Midnight Clock, Chain Reaction"
Undead,Jumpstart,Other,FDN,2024-11-15,5.26,"Death Baron, Deadly Plot, Reassembling Skeleton, Swamp, Eaten Alive"
Undead Knight,Shandalar Enemy Deck,Other,PAST,1997-04-01,89.61,"El-Hajjâj, Flying Carpet, Bad Moon, Nightmare, Black Knight"
Under the Sea (1),Jumpstart,Other,JMP,2020-07-17,0.0,"Waker of Waves, Aegis Turtle, Tolarian Kraken, Rousing Read, Island"
Under the Sea (2),Jumpstart,Other,JMP,2020-07-17,0.0,"Waker of Waves, Whelming Wave, Cryptic Serpent, Aegis Turtle, Island"
Underwater,Jumpstart,Other,TLE,2025-11-20,3.75,"Tui and La, Moon and Ocean, Coastal Piracy, Island, Octopus Form, White Lotus Hideout"
Underworld Herald,Event Deck,Other,BNG,2014-02-28,28.84,"Crypt Ghast, Gift of Orzhova, Pack Rat, Desecration Demon, Agent of the Fates"
Unearthed 1,Jumpstart,Other,BRO,2022-11-18,0.0,"Go for the Throat, Gruesome Realization, Ashnod's Intervention, No One Left Behind, Terror Ballista"
Unearthed 2,Jumpstart,Other,BRO,2022-11-18,0.0,"Overwhelming Remorse, Transmogrant Altar, Gruesome Realization, Gnawing Vermin, Terror Ballista"
Unearthed Secrets,Intro Pack,Other,SOI,2016-04-08,5.98,"Tireless Tracker, Erdwal Illuminator, Watcher in the Web, Byway Courier, Press for Answers"
Unflinching Assault,Intro Pack,Other,FRF,2015-01-23,34.54,"Merciless Executioner, Elite Scaleguard, Cruel Sadist, Harsh Sustenance, Battle Brawler"
Unicorns,Jumpstart,Other,JMP,2020-07-17,21.01,"Emiel the Blessed, Blessed Sanctuary, Cloudshift, Plains, Plains"
United Assault,Challenger Deck,Other,Q02,2019-04-12,13.96,"Legion's Landing // Adanto, the First Fort, History of Benalia, Dauntless Bodyguard, Benalish Marshal, Adanto Vanguard"
Unlikely Alliances,Intro Pack,Other,EMN,2016-07-22,4.65,"Campaign of Vengeance, Repel the Abominable, Blessed Alliance, Plains, Nearheath Chaplain"
Unlucky Thirteen,Jumpstart,Other,J22,2022-12-02,7.72,"Tree of Perdition, Exsanguinate, Triskaidekaphobia, Sling-Gang Lieutenant, Piranha Marsh"
Unnatural Forces,MTGO Theme Deck,Other,VIS,2006-04-10,28.73,"Necromancy, Impulse, Flooded Shoreline, Swamp, Vision Charm"
Unnatural Schemes,Intro Pack,Other,ARB,2009-04-30,44.92,"Terramorphic Expanse, Island, Nemesis of Reason, Lich Lord of Unx, Fatestitcher"
Unraveling Mind,Theme Deck,Other,PLC,2007-02-02,118.9,"Mirri the Cursed, Phantasmagorian, Mindlash Sliver, Dauthi Slayer, Fiery Temper"
Unstable Terrain,Intro Pack,Other,ZEN,2009-10-02,36.21,"Roil Elemental, Harrow, Baloth Woodcrasher, Sage Owl, Turntimber Basilisk"
Untamed Wild,Intro Pack,Other,EMN,2016-07-22,3.12,"Silverfur Partisan, Blood Mist, Primal Druid, Furyblade Vampire, Assembled Alphas"
Up and Away,Starter Kit,Other,SNC,2022-06-03,12.18,"Hullbreaker Horror, Welcoming Vampire, Inspiring Overseer, Consuming Tide, Dreamshackle Geist"
Urza's,Jumpstart,Other,J22,2022-12-02,14.07,"Walking Ballista, Karn Liberated, Expedition Map, Urza's Power Plant, Urza's Tower"
Valentine's Day 2021,Secret Lair Drop,Other,SLD,2021-04-13,56.12,"Boros Charm, Goblin Rabblemaster, Gisela, Blade of Goldnight, Monastery Swiftspear"
Valentine's Day 2021 Foil Edition,Secret Lair Drop,Other,SLD,2021-04-13,56.12,"Boros Charm, Goblin Rabblemaster, Gisela, Blade of Goldnight, Monastery Swiftspear"
Vampire Lord,Shandalar Enemy Deck,Other,PAST,1997-04-01,272.11,"Sorceress Queen, Mana Vault, Carrion Ants, Howling Mine, Animate Dead"
Vampire Onslaught,Event Deck,Other,M12,2011-08-12,264.27,"Verdant Catacombs, Blade of the Bloodchief, Bloodghast, Pawn of Ulamog, Dismember"
Vampires,Jumpstart,Other,FDN,2024-11-15,0.0,"Vengeful Bloodwitch, Swamp, Hero's Downfall, Crossway Troublemakers, Swamp"
Vampires (1),Jumpstart,Other,J25,2024-11-07,0.0,"Sangromancer, Vampire of the Dire Moon, Blood Fountain, Nazar, the Velvet Fang, Gluttonous Guest"
Vampires (2),Jumpstart,Other,JMP,2020-07-17,13.72,"Vito, Thorn of the Dusk Rose, Silversmote Ghoul, Gifted Aetherborn, Swamp, Bloodbond Vampire"
Vampires (3),Jumpstart,Other,J25,2024-11-07,4.61,"Creeping Bloodsucker, Necropolis Regent, Go for the Throat, Blood Fountain, Vicious Conquistador"
Vampires (4),Jumpstart,Other,JMP,2020-07-17,4.2,"Drana, Liberator of Malakir, Silversmote Ghoul, Gifted Aetherborn, Swamp, Bloodbond Vampire"
Vampiric Thirst,Intro Pack,Other,SOI,2016-04-08,9.63,"Alms of the Vein, Indulgent Aristocrat, Olivia's Bloodsworn, Burn from Within, Tormenting Voice"
Vehicle Rush,Challenger Deck,Other,Q01,2018-04-06,31.89,"Skysovereign, Consul Flagship, Spire of Industry, Mountain, Inspiring Vantage, Dragonskull Summit"
Vehicles,Jumpstart,Other,MSH,2026-06-26,5.18,"The Thanos-Copter, Intrepid Ace, Sky Cycle, Mountain, Captain America's Motorcycle"
Venser,Duel Deck,Other,DDI,2012-03-30,19.99,"Sigil of Sleep, Venser, the Sojourner, Steel of the Godhead, Path to Exile, Preordain"
Vicious Cycle,Intro Pack,Other,OGW,2016-01-22,12.36,"Brood Monitor, Blighted Woodland, Smothering Abomination, Wastes, Wastes"
Villains Unleashed,Box Set,Other,MSH,2026-06-26,23.66,"Ultron, Machine Overlord, Thanos, Death's Consort, Absorbing Man and Titania, M.O.D.O.K., Evil Intellect, Loki, God of Lies"
Viva Las Rakdos,Secret Lair Drop,Other,SLD,2025-05-13,45.21,"Beseech the Mirror, Lightning Greaves, Talisman of Indulgence, Dark Petition, Light Up the Stage"
Vivien,Planeswalker Deck,Other,M19,2018-07-13,6.56,"Colossal Majesty, Vivien of the Arkbow, Forest, Forest, Aggressive Mammoth"
Vivien's Hunt,Arena Promotional Deck,Other,ONE,2023-02-10,7.97,"Titan of Industry, Gala Greeters, Augur of Autumn, Howlpack Piper // Wildsong Howler, Vivien on the Hunt"
"Vivien, Nature's Avenger",Planeswalker Deck,Other,M20,2019-07-29,3.15,"Vivien, Nature's Avenger, Season of Growth, Forest, Aggressive Mammoth, Rabid Bite"
Voracious Rage,Intro Pack,Other,JOU,2014-05-02,8.08,"Searing Blood, Fanatic of Mogis, Swamp, Swamp, Mountain"
Vraska,Duel Deck,Other,DDM,2014-03-14,3.11,"Ohran Viper, Vraska the Unseen, Night's Whisper, Forest, Swamp"
"Vraska, Regal Gorgon",Planeswalker Deck,Other,GRN,2018-10-05,15.35,"Beast Whisperer, Vraska, Regal Gorgon, Lotleth Giant, Forest, Golgari Guildgate"
"Vraska, Scheming Gorgon",Planeswalker Deck,Other,RIX,2018-01-19,21.77,"Legion Lieutenant, Champion of Dusk, Vraska, Scheming Gorgon, Swamp, Vicious Conquistador"
Wakanda,Jumpstart,Other,MSH,2026-06-26,3.11,"Black Panther, Most Dangerous, Shuri, Vibranium Technologist, Plains, Ultimate Alliance, Secure Detention"
Waking Nightmares,Theme Deck,Other,TOR,2002-02-08,274.23,"Chainer, Dementia Master, Mesmeric Fiend, Enslaved Dwarf, Tainted Peak, Mountain"
Walk the Plank,Arena Starter Deck,Other,M19,2018-09-27,15.36,"Drowned Catacomb, Siren Stormtamer, Ravenous Chupacabra, Demonlord Belzenlok, Chart a Course"
Walls,Jumpstart,Other,JMP,2020-07-17,0.0,"Assault Formation, Portcullis Vine, Towering Titan, Thriving Grove, Warmonger's Chariot"
War Mage,Shandalar Enemy Deck,Other,PAST,1997-04-01,500.37,"Mountain, Mana Vault, Aladdin's Ring, Ball Lightning, Fellwar Stone"
War of Attrition,Event Deck,Other,NPH,2011-06-10,139.09,"Stoneforge Mystic, Puresteel Paladin, Sword of Vengeance, Journey to Nowhere, Leonin Relic-Warder"
War of the Spark Bundle Land Pack,Bundle Land Pack,Other,WAR,2019-05-03,0.0,"Island, Plains, Swamp, Plains, Mountain"
War of the Spark Foil Redemption,MTGO Redemption,Other,WAR,2019-06-02,567.11,"Emergence Zone, Finale of Devastation, Bolas's Citadel, Neoform, God-Eternal Oketra"
War of the Spark Redemption,MTGO Redemption,Other,WAR,2019-06-02,567.11,"Emergence Zone, Finale of Devastation, Bolas's Citadel, Neoform, God-Eternal Oketra"
"Warhammer 40,000: Orks",Secret Lair Drop,Other,SLD,2022-12-05,165.76,"Zurgo Helmsmasher, Krenko, Tin Street Kingpin, Aggravated Assault, Merciless Executioner, Skysovereign, Consul Flagship"
"Warhammer 40,000: Orks Foil Edition",Secret Lair Drop,Other,SLD,2022-12-05,165.76,"Zurgo Helmsmasher, Krenko, Tin Street Kingpin, Aggravated Assault, Merciless Executioner, Skysovereign, Consul Flagship"
Warhammer Age of Sigmar,Secret Lair Drop,Other,SLD,2022-12-05,147.31,"Najeela, the Blade-Blossom, Blind Obedience, Scourge of the Throne, Loxodon Warhammer, Danitha Capashen, Paragon"
Warhammer Age of Sigmar Foil Edition,Secret Lair Drop,Other,SLD,2022-12-05,147.31,"Najeela, the Blade-Blossom, Blind Obedience, Scourge of the Throne, Loxodon Warhammer, Danitha Capashen, Paragon"
Warlock,Shandalar Enemy Deck,Other,PAST,1997-04-01,57.66,"El-Hajjâj, Hypnotic Specter, Dark Ritual, Tawnos's Wand, Swamp"
Warrior's Code,Theme Deck,Other,MOR,2008-02-01,99.38,"Boldwyr Heavyweights, Brighthearth Banneret, Unstoppable Ash, Obsidian Battle-Axe, Bramblewood Paragon"
Warriors,Jumpstart,Other,TLE,2025-11-20,0.0,"Suki, Kyoshi Captain, Valorous Stance, Plains, Thriving Heath, Sokka's Sword Training"
Warriors (1),Jumpstart,Other,J25,2024-11-07,3.61,"Gornog, the Red Reaper, Thriving Bluff, Soul Sear, Ghitu Encampment, Boldwyr Intimidator"
Warriors (2),Jumpstart,Other,J25,2024-11-07,3.61,"Gornog, the Red Reaper, Infuriate, Thriving Bluff, Soul Sear, Kargan Intimidator"
Way Wild,Theme Deck,Other,7ED,2001-04-11,589.81,"Llanowar Elves, Wild Growth, Ancient Silverback, Wood Elves, Blanchwood Armor"
Way of the Warrior,Theme Deck,Other,CHK,2004-10-01,75.29,"Takeno, Samurai General, Bushi Tenderfoot // Kenzo the Hardhearted, Call to Glory, Konda's Hatamoto, No-Dachi"
We Are Legion,Intro Pack,Other,M10,2009-07-17,41.99,"Lightning Bolt, Soul Warden, Plains, Armored Ascension, Honor of the Pure"
We Hope You Like Squirrels,Secret Lair Drop,Other,SLD,2021-03-15,76.29,"Krosan Beast, Swarmyard, Chatter of the Squirrel, Squirrel Mob, Squirrel Wrangler"
Weapons and Wards,Intro Pack,Other,EMN,2016-07-22,9.55,"Open the Armory, Subjugator Angel, Ulvenwald Observer, Emrakul's Evangel, Gryff's Boon"
Web-Slinging,Jumpstart,Other,MSH,2026-06-26,0.0,"Amazing Spider-Girl, Thwip!, Aunt May, Spectacular Tactics, Plains"
Wei Kingdom,Theme Deck,Other,PTK,1999-05-01,159.69,"Cao Cao, Lord of Wei, Sima Yi, Wei Field Marshal, Ambition's Cost, Wei Assassins, Swamp"
Welcome to Castle Dracula,Secret Lair Drop,Other,SLD,2022-05-06,118.62,"Exquisite Blood, Phyrexian Tower, Night's Whisper"
Welcome to Castle Dracula Foil Edition,Secret Lair Drop,Other,SLD,2022-05-06,118.62,"Exquisite Blood, Phyrexian Tower, Night's Whisper"
Welcome to the Fungal,Secret Lair Drop,Other,SLD,2022-12-19,77.74,"Ghave, Guru of Spores, Mycoloth, Slimefoot, the Stowaway, Abundant Growth"
Welcome to the Fungal Foil Edition,Secret Lair Drop,Other,SLD,2022-12-19,77.74,"Ghave, Guru of Spores, Mycoloth, Slimefoot, the Stowaway, Abundant Growth"
Welded 1,Jumpstart,Other,BRO,2022-11-18,0.0,"Bitter Reunion, Artificer's Dragon, Obliterating Bolt, Mishra, Excavation Prodigy, Scrapwork Mutt"
Welded 2,Jumpstart,Other,BRO,2022-11-18,0.0,"Artificer's Dragon, Mishra, Excavation Prodigy, Scrapwork Mutt, Fallaji Dragon Engine, Mishra's Research Desk"
Well-Read (1),Jumpstart,Other,JMP,2020-07-17,1.2,"Curiosity, Opt, Tolarian Kraken, Rousing Read, Ormos, Archive Keeper"
Well-Read (2),Jumpstart,Other,JMP,2020-07-17,1.2,"Curiosity, Capture Sphere, Opt, Tolarian Kraken, Rousing Read"
Well-Read (3),Jumpstart,Other,JMP,2020-07-17,68.75,"Rhystic Study, Curiosity, Opt, Tolarian Kraken, Island"
Well-Read (4),Jumpstart,Other,JMP,2020-07-17,1.2,"Curiosity, Read the Runes, Capture Sphere, Opt, Tolarian Kraken"
Whim,Shandalar Enemy Deck,Other,PAST,1997-04-01,3627.47,"Mox Pearl, Colossus of Sardia, Carrion Ants, Royal Assassin, Meekstone"
Whirlpool,Theme Deck,Other,APC,2001-06-04,389.46,"Opt, Chromatic Sphere, Fire // Ice, Flametongue Kavu, Whirlpool Warrior"
White,Game Night Deck,Other,GNT,2018-11-16,4.2,"Cleansing Nova, Militant Angel, Always Watching, Valiant Knight, Benalish Marshal"
White Black Auras,Deck Builder's Toolkit,Other,ORI,2015-07-17,5.64,"Sage's Reverie, Blightcaster, Blood-Cursed Knight, Fetid Imp, Ancestral Vengeance"
White Black Life Gain,Deck Builder's Toolkit,Other,M15,2014-07-18,5.4,"Sunbond, Nyx-Fleece Ram, Sungrace Pegasus, Wall of Limbs, Ajani's Pridemate"
White Black Warriors,Deck Builder's Toolkit,Other,ORI,2015-07-17,2.45,"Blood-Chin Rager, Mardu Woe-Reaper, Herald of Dromoka, Harsh Sustenance, Chief of the Edge"
White Blue Bestow,Deck Builder's Toolkit,Other,M15,2014-07-18,1.18,"Glimpse the Sun God, Akroan Skyguard, Skyspear Cavalry, Wavecrash Triton, Wingsteed Rider"
White Blue Prowess,Deck Builder's Toolkit,Other,ORI,2015-07-17,0.0,"Mistfire Adept, Strongarm Monk, Student of Ojutai, Ojutai's Breath, Ringwarden Owl"
White Deck,Welcome Deck,Other,M19,2018-07-13,0.0,"Herald of Faith, Plains, Plains, Plains, Luminous Bonds"
White Deck A,Sample Deck,Other,M12,2011-07-15,13.73,"Shattered Angel, Lifelink, Inquisitor Exarch, Plains, Plains"
White Deck B,Sample Deck,Other,10E,2008-05-02,11.85,"Soaring Hope, Serra's Embrace, Armored Ascension, Skyhunter Prowler, Plains"
White Equipment,Deck Builder's Toolkit,Other,MBS,2011-03-11,13.99,"Journey to Nowhere, Sylvok Lifestaff, Trusty Machete, Kemba's Legion, Kor Duelist"
White Green Aggro,Deck Builder's Toolkit,Other,ORI,2015-07-17,2.13,"Abzan Falconer, Valeron Wardens, Topan Freeblade, Pharika's Disciple, Citadel Castellan"
White Heat - Advanced Deck,Advanced Deck,Other,EXO,1998-06-15,123.76,"Undiscovered Paradise, Tithe, City of Brass, Armageddon, Gemstone Mine"
White Heat - Basic Deck,Theme Deck,Other,EXO,1998-06-15,24.48,"Reconnaissance, Wall of Nets, Goblin Bombardment, Searing Touch, Limited Resources"
White Sample Deck,Sample Deck,Other,M15,2014-07-18,0.0,"Plains, Staff of the Sun Magus, Ajani's Pridemate, Plains, Plains"
White Weenie,Deck Builder's Toolkit,Other,ROE,2010-05-21,33.42,"Soul Warden, Journey to Nowhere, Veteran Swordsmith, Armored Ascension, Brave the Elements"
White and Black Life gain,Deck Builder's Toolkit,Other,SOI,2016-04-08,6.84,"Zulaport Cutthroat, Malakir Familiar, Serene Steward, Vampire Envoy, Allied Reinforcements"
White and Black Spirits,Deck Builder's Toolkit,Other,KLD,2016-09-30,0.0,"Nearheath Chaplain, Haunted Dead, Inspired Charge, Servo Exhibition, Certain Death"
White and Black Zombies,Deck Builder's Toolkit,Other,AKH,2017-04-28,4.14,"Wayward Servant, Lord of the Accursed, Miasmic Mummy, Festering Mummy, Stir the Sands"
White and Blue Fliers Control,Deck Builder's Toolkit,Other,SOI,2016-04-08,9.61,"Dispel, Reflector Mage, Blighted Steppe, Angel of Renewal, Felidar Cub"
White and Colorless Equipment,Deck Builder's Toolkit,Other,SOI,2016-04-08,9.9,"Open the Armory, Kozilek's Channeler, Stern Constable, Kor Scythemaster, True-Faith Censer"
White and Green counters,Deck Builder's Toolkit,Other,SOI,2016-04-08,7.49,"Retreat to Kazandu, Blighted Woodland, Natural State, Stasis Snare, Expedition Envoy"
White-Green Aura,Deck Builder's Toolkit,Other,MBS,2011-03-11,32.97,"Hyena Umbra, Spider Umbra, Aura Gnarlid, Totem-Guide Hartebeest, Boar Umbra"
Wicked Big,Theme Deck,Other,MRD,2003-10-02,27.59,"Living Hive, Copper Myr, Journey of Discovery, Plated Slagwurm, Deconstruct"
Widowmaker - Advanced Deck,Advanced Deck,Other,EXO,1998-06-15,88.96,"Undiscovered Paradise, Living Death, Phyrexian Furnace, Underground River, Spirit of the Night"
Widowmaker - Basic Deck,Theme Deck,Other,EXO,1998-06-15,16.54,"Null Brooch, Dark Ritual, Counterspell, Forbid, Mana Leak"
Wild,Jumpstart,Other,MSH,2026-06-26,10.55,"Hit-Monkey, Mole Man, Moloid Master, White Tiger, Amulet Keeper, Forest, Ka-Zar of the Savage Land"
Wild Rush,Intro Pack,Other,M13,2012-07-13,27.48,"Fungal Sprouting, Arbor Elf, Rancor, Ranger's Path, Ring of Kalonia"
Wild Wizardry,Arena Promotional Deck,Other,MID,2021-09-24,10.04,"Alrund's Epiphany, Wizard Class, Prismari Command, Silundi Vision // Silundi Isle, Efreet Flamepainter"
Wild-Eyed Frenzy,MTGO Theme Deck,Other,VIS,2006-04-10,12.3,"Goblin Recruiter, Fireblast, Mountain, Goblin Soothsayer, Mountain"
Wilds of Eldraine Bundle Land Pack,Bundle Land Pack,Other,WOE,2023-09-08,0.0,"Plains, Plains, Forest, Forest, Island"
Wilds of Eldraine Foil Redemption,MTGO Redemption,Other,WOE,2023-10-04,210.49,"Agatha's Soul Cauldron, Beseech the Mirror, Moonshaker Cavalry, Talion, the Kindly Lord, Eriette of the Charmed Apple"
Wilds of Eldraine Redemption,MTGO Redemption,Other,WOE,2023-10-04,210.49,"Agatha's Soul Cauldron, Beseech the Mirror, Moonshaker Cavalry, Talion, the Kindly Lord, Eriette of the Charmed Apple"
Will Of The Masses,Intro Pack,Other,M15,2014-07-18,8.54,"Hornet Queen, Triplicate Spirits, Wall of Mulch, Forest, Phytotitan"
Wing and Claw,Arena Starter Deck,Other,GRN,2018-11-17,42.54,"Nezahal, Primal Tide, Settle the Wreckage, Goring Ceratops, Glacial Fortress, Azor, the Lawbringer"
Winged Stallion,Shandalar Enemy Deck,Other,PAST,1997-04-01,82.96,"Dancing Scimitar, Howling Mine, Psionic Entity, Counterspell, Island Sanctuary"
Wings of Light,Theme Deck,Other,PS11,2011-01-01,0.0,"Plains, Plains, Plains, Plains, Angel of Mercy"
Wise (1),Jumpstart,Other,TLE,2025-11-20,7.49,"Waterbender's Restoration, Whirlwind Technique, Coastal Piracy, Consider, Island"
Wise (2),Jumpstart,Other,TLE,2025-11-20,9.36,"The Blue Spirit, Whirlwind Technique, Consider, Island, Tiger-Seal"
Witch,Shandalar Enemy Deck,Other,PAST,1997-04-01,73.6,"Greed, Nevinyrral's Disk, Will-o'-the-Wisp, Dark Ritual, Diabolic Machine"
Witch's Familiar,Secret Lair Drop,Other,SLD,2026-06-16,104.24,"Witch Enchanter // Witch-Blessed Meadow, Sheltered by Ghosts, Boseiju, Who Shelters All, Spirit of the Hearth, Wayfarer's Bauble"
Witch's Familiar Foil Edition,Secret Lair Drop,Other,SLD,2026-06-16,104.24,"Witch Enchanter // Witch-Blessed Meadow, Sheltered by Ghosts, Boseiju, Who Shelters All, Spirit of the Hearth, Wayfarer's Bauble"
Witchcraft (1),Jumpstart,Other,JMP,2020-07-17,4.73,"Cauldron Familiar, Witch of the Moors, Swamp, Swamp, Malakir Familiar"
Witchcraft (2),Jumpstart,Other,JMP,2020-07-17,1.55,"Witch of the Moors, Swamp, Swamp, Tempting Witch, Bloodhunter Bat"
Wizards,Theme Deck,Other,PSAL,2005-08-01,0.0,"Island, Island, Island, Island, Island"
Wizards (1),Jumpstart,Other,J25,2024-11-07,0.0,"Faerie Seer, Archaeomancer, Remand, Naban, Dean of Iteration, Cloudkin Seer"
Wizards (2),Jumpstart,Other,J25,2024-11-07,0.0,"Faerie Seer, Aether Channeler, Remand, Naban, Dean of Iteration, Augur of Bolas"
Wizards (3),Jumpstart,Other,JMP,2020-07-17,0.0,"Unsubstantiate, Capture Sphere, Talrand, Sky Summoner, Opt, Shipwreck Dowser"
Wizards (4),Jumpstart,Other,JMP,2020-07-17,0.0,"Barrin, Tolarian Archmage, Rain of Revelation, Shipwreck Dowser, Frost Breath, Island"
Wizards of the Street,Secret Lair Drop,Other,SLD,2022-12-19,71.73,"Spellseeker, Kess, Dissident Mage, Magus of the Wheel, Baral, Chief of Compliance"
Wizards of the Street Foil Edition,Secret Lair Drop,Other,SLD,2022-12-19,71.73,"Spellseeker, Kess, Dissident Mage, Magus of the Wheel, Baral, Chief of Compliance"
Wolfgang Eder - Goblin Bidding,World Championship Deck,Other,WC03,2003-08-06,81.5,"Goblin Sharpshooter, Bloodstained Mire, City of Brass, Smother, Patriarch's Bidding"
Wolves 1,Jumpstart,Other,J22,2022-12-02,0.0,"Arlinn, Voice of the Pack, Wicked Wolf, Mild-Mannered Librarian, Wolfwillow Haven, Packsong Pup"
Wolves 2,Jumpstart,Other,J22,2022-12-02,3.14,"Master of the Wild Hunt, Arlinn, Voice of the Pack, Moonlight Hunt, Mild-Mannered Librarian, Thriving Grove"
Wolves 3,Jumpstart,Other,J22,2022-12-02,0.0,"Feed the Pack, Arlinn, Voice of the Pack, Kessig Cagebreakers, Predator's Howl, Hunger of the Howlpack"
Wolves 4,Jumpstart,Other,J22,2022-12-02,0.0,"Nightpack Ambusher, Arlinn, Voice of the Pack, Mild-Mannered Librarian, Wolfwillow Haven, Thriving Grove"
Woodland Warriors,Duel Deck,Other,DDU,2018-04-06,23.75,"Ezuri, Renegade Leader, Regal Force, Yeva, Nature's Herald, Elvish Mystic, Oran-Rief, the Vastwood"
World Aflame,Theme Deck,Other,9ED,2005-07-29,26.15,"Magnivore, Dancing Scimitar, Mountain, Stone Rain, Mountain"
Worldwake Foil Redemption,MTGO Redemption,Other,WWK,2010-03-07,1258.91,"Jace, the Mind Sculptor, Eye of Ugin, Amulet of Vigor, Stoneforge Mystic, Bojuka Bog"
Worldwake Redemption,MTGO Redemption,Other,WWK,2010-03-07,1258.91,"Jace, the Mind Sculptor, Eye of Ugin, Amulet of Vigor, Stoneforge Mystic, Bojuka Bog"
Wrack and Rage,Event Deck,Other,RTR,2012-10-26,36.18,"Rakdos Charm, Dragonskull Summit, Stromkirk Noble, Mizzium Mortars, Devil's Play"
Wrath of Mages,Arena Starter Deck,Other,M19,2018-09-27,12.76,"Banefire, River's Rebuke, Sulfur Falls, Lightning Strike, Guttersnipe"
Wrath of the Mortals,Event Deck,Other,JOU,2014-05-23,15.71,"Searing Blood, Guttersnipe, Mizzium Mortars, Young Pyromancer, Ogre Battledriver"
Wu Kingdom,Theme Deck,Other,PTK,1999-05-01,161.47,"Sun Quan, Lord of Wu, Lu Xun, Scholar General, Exhaustion, Wu Longbowman, Preemptive Strike"
Year of the Rat,Secret Lair Drop,Other,SLD,2020-01-07,80.03,"Marrow-Gnawer, Rat Colony, Ink-Eyes, Servant of Oni, Pack Rat"
Young Avengers,Jumpstart,Other,MSH,2026-06-26,2.03,"Hulkling, Young Avenger, Hawkeye, Young Avenger, Wiccan, Young Avenger, Hawkeye's Bow, Mountain"
Zakk's First Deck,Intro Pack,Other,ITP,1996-12-31,26.35,"Forest, Scryb Sprites, Swamp, Grizzly Bears, Terror"
Zakk's Second Deck,Intro Pack,Other,ITP,1996-12-31,95.09,"War Mammoth, Elvish Archers, Wall of Bone, Warp Artifact, Dark Ritual"
Zealots (1),Jumpstart,Other,J25,2024-11-07,0.0,"Fling, Zealous Conscripts, Thriving Bluff, Anep, Vizier of Hazoret, Brute Strength"
Zealots (2),Jumpstart,Other,J25,2024-11-07,0.0,"Fling, Sandstorm Crasher, Thriving Bluff, Anep, Vizier of Hazoret, Cartouche of Zeal"
Zealots (3),Jumpstart,Other,J25,2024-11-07,0.0,"Combat Celebrant, Fling, Thriving Bluff, Anep, Vizier of Hazoret, Cartouche of Zeal"
Zealots (4),Jumpstart,Other,J25,2024-11-07,0.0,"Fling, Sandstorm Crasher, Zealous Conscripts, Thriving Bluff, Anep, Vizier of Hazoret"
Zendikar,Duel Deck,Other,DDP,2015-08-28,3.82,"Avenger of Zendikar, Scute Mob, Groundswell, Plains, Primal Command"
Zendikar Fat Pack Land Pack,Bundle Land Pack,Other,ZEN,2009-10-02,169.75,"Island, Forest, Mountain, Forest, Plains"
Zendikar Foil Redemption,MTGO Redemption,Other,ZEN,2009-11-01,2083.06,"Mindbreak Trap, Scalding Tarn, Misty Rainforest, Iona, Shield of Emeria, Verdant Catacombs"
Zendikar Redemption,MTGO Redemption,Other,ZEN,2009-11-01,2083.06,"Mindbreak Trap, Scalding Tarn, Misty Rainforest, Iona, Shield of Emeria, Verdant Catacombs"
Zendikar Rising Bundle Land Pack,Bundle Land Pack,Other,ZNR,2020-09-25,0.0,"Island, Island, Swamp, Swamp, Plains"
Zendikar Rising Foil Redemption,MTGO Redemption,Other,ZNR,2020-10-25,296.94,"Sea Gate Restoration // Sea Gate, Reborn, Agadeem's Awakening // Agadeem, the Undercrypt, Ashaya, Soul of the Wild, Valakut Awakening // Valakut Stoneforge, Malakir Rebirth // Malakir Mire"
Zendikar Rising Redemption,MTGO Redemption,Other,ZNR,2020-10-25,296.94,"Sea Gate Restoration // Sea Gate, Reborn, Agadeem's Awakening // Agadeem, the Undercrypt, Ashaya, Soul of the Wild, Valakut Awakening // Valakut Stoneforge, Malakir Rebirth // Malakir Mire"
Zendikar Rising Welcome Booster,Welcome Booster,Other,ZNR,2020-09-25,6.65,"Demon of Loathing, Vraska the Unseen, Forest, Bruna, Light of Alabaster, Commander's Sphere"
Zendikar's Rage,Intro Pack,Other,BFZ,2015-10-02,18.56,"Tunneling Geopede, Retreat to Kazandu, Blighted Woodland, Sylvan Scrying, Oran-Rief Hydra"
Zombie Empire,Planechase Deck,Other,HOP,2009-09-04,115.16,"Cabal Coffers, Grave Pact, Undead Warchief, Beseech the Queen, Noxious Ghoul"
Zombies,Deck Builder's Toolkit,Other,M13,2012-07-13,7.35,"Diregraf Captain, Black Cat, Veilborn Ghoul, Armored Skaab, Skaab Goliath"
Zombies 1,Jumpstart,Other,J22,2022-12-02,2.9,"Gravecrawler, Lord of the Accursed, Mire Triton, Deadly Plot, Cemetery Recruitment"
Zombies 2,Jumpstart,Other,J22,2022-12-02,0.0,"Liliana, Death's Majesty, Stitcher's Supplier, Lord of the Accursed, Deadly Plot, Cemetery Recruitment"
Zombies 3,Jumpstart,Other,J22,2022-12-02,5.82,"Endless Ranks of the Dead, Graf Harvest, Lord of the Accursed, Mire Triton, Deadly Plot"
Zombies 4,Jumpstart,Other,J22,2022-12-02,0.0,"Liliana's Mastery, Undead Augur, Lord of the Accursed, Deadly Plot, Cemetery Recruitment"
Zombies Unleashed,Theme Deck,Other,LGN,2003-02-03,535.51,"Graveborn Muse, Withered Wretch, Soulless One, Noxious Ghoul, Shepherd of Rot"
Zuko,Jumpstart,Other,TLE,2025-11-20,17.4,"Zuko, Firebending Master, Lost in Memories, Frantic Confrontation, Fists of Flame, Thriving Bluff"
explosion sounds,Secret Lair Drop,Other,SLD,2019-12-07,73.8,"Goblin Sharpshooter, Goblin Lackey, Goblin King, Goblin Piledriver, Goblin Bushwhacker"
sAnS mERcY,Secret Lair Drop,Other,SLD,2024-05-30,85.54,"Torment of Hailfire, Mogis, God of Slaughter, Ruination, Massacre, Doom Blade"
sAnS mERcY Foil Edition,Secret Lair Drop,Other,SLD,2024-05-30,85.54,"Torment of Hailfire, Mogis, God of Slaughter, Ruination, Massacre, Doom Blade"
vroooOOOMMMMMM!,Secret Lair Drop,Other,SLD,2025-05-13,67.03,"Underworld Breach, Mishra's Bauble, Lava Dart, Monastery Swiftspear, Soul-Scar Mage"
vroooOOOMMMMMM! Foil Edition,Secret Lair Drop,Other,SLD,2025-05-13,67.03,"Underworld Breach, Mishra's Bauble, Lava Dart, Monastery Swiftspear, Soul-Scar Mage"
vroooOOOMMMMMM! Raised Foil Edition,Secret Lair Drop,Other,SLD,2025-05-13,148.4,"Underworld Breach, Mishra's Bauble, Lava Dart, Monastery Swiftspear, Soul-Scar Mage"
