Deck Name,Deck Type,Category,Set Code,Release Date,Total Value,Top 5 Cards
20 Ways to Win,Commander Deck,Commander,SLD,2024-12-04,415.97,"Revel in Riches, Sol Ring, Heliod, Sun-Crowned, Seedborn Muse, Bountiful Promenade"
Abzan Armor,Commander Deck,Commander,TDC,2025-04-11,54.46,"Seedborn Muse, Will of the Abzan, Welcoming Vampire, Staff of Compleation, Overgrown Farmland"
Adaptive Enchantment,Commander Deck,Commander,C18,2018-08-10,45.7,"Bear Umbra, Nylea's Colossus, Tuvasa the Sunlit, Myth Unbound, Herald of the Pantheon"
Ahoy Mateys,Commander Deck,Commander,LCC,2023-11-17,56.34,"Black Market Connections, Windfall, Vanquisher's Banner, Herald's Horn, Pitiless Plunderer"
Angels: They're Just Like Us but Cooler and with Wings,Commander Deck,Commander,SLD,2023-08-14,596.31,"Archangel of Thune, Commander's Plate, Bruna, the Fading Light // Brisela, Voice of Nightmares, Nykthos, Shrine to Nyx, Serra Ascendant"
Animated Army,Commander Deck,Commander,BLC,2024-08-02,61.25,"Rain of Riches, Lotus Cobra, Alchemist's Talent, Thran Dynamo, Reliquary Tower"
Arcane Maelstrom,Commander Deck,Commander,C20,2020-04-17,104.25,"Deflecting Swat, Twinning Staff, Lightning Greaves, Comet Storm, Dualcaster Mage"
Arcane Wizardry,Commander Deck,Commander,C17,2017-08-25,52.96,"Kindred Dominance, Polymorphist's Jest, Kess, Dissident Mage, Curse of Opulence, Curse of Disturbance"
Arm for Battle,Commander Deck,Commander,CMR,2020-11-20,94.01,"Sigarda's Aid, Blazing Sunsteel, Relentless Assault, Boros Charm, Dualcaster Mage"
Aura of Courage,Commander Deck,Commander,AFC,2021-07-23,109.69,"Heroic Intervention, Robe of Stars, Winged Boots, Mantle of the Ancients, Sword of the Animist"
Avengers Assemble,Commander Deck,Commander,MSC,2026-06-26,58.44,"Black Widow, Agile Avenger, Spectator Seating, Kindred Discovery, War Machine, Avenging Arsenal, Plaza of Heroes"
Avengers Assemble Collector's Edition,Commander Deck,Commander,MSC,2026-06-26,71.27,"Black Widow, Agile Avenger, Captain America, Living Legend, Spectator Seating, Kindred Discovery, War Machine, Avenging Arsenal"
Bedecked Brokers,Commander Deck,Commander,NCC,2022-04-29,73.62,"Damning Verdict, Power Conduit, Agent's Toolkit, Gavony Township, Slippery Bogbonder"
Blame Game,Commander Deck,Commander,MKC,2024-02-09,118.25,"Trouble in Pairs, Smuggler's Share, Loran of the Third Path, Prisoner's Dilemma, Ghostly Prison"
Blast from the Past,Commander Deck,Commander,WHO,2023-10-13,159.79,"Heroic Intervention, Talisman of Unity, Three Visits, Displaced Dinosaurs, Talisman of Progress"
Blight Curse,Commander Deck,Commander,ECC,2026-01-23,21.47,"Chimil, the Inner Sun, Tree of Perdition, Sol Ring, Evolution Sage, Persist"
Blood Rites,Commander Deck,Commander,LCC,2023-11-17,106.7,"Exquisite Blood, Charismatic Conqueror, Blade of the Bloodchief, Elenda, the Dusk Rose, Carmen, Cruel Skymarcher"
Braaains,Historic Brawl Precon Deck,Commander,MOM,2024-07-08,174.51,"Bojuka Bog, Coldsteel Heart, Vanquisher's Banner, Gempalm Polluter, Distant Melody"
Breed Lethality,Commander Deck,Commander,C16,2016-11-11,77.26,"Reyhan, Last of the Abzan, Cathars' Crusade, Cauldron of Souls, Kalonian Hydra, Brave the Sands"
Buckle Up,Commander Deck,Commander,NEC,2022-02-18,54.79,"Imposter Mech, Cyberdrive Awakener, Shorikai, Genesis Engine, Drumbellower, Swift Reconfiguration"
Built From Scratch,Commander Deck,Commander,CM2,2018-06-08,93.53,"Goblin Welder, Ruby Medallion, Wurmcoil Engine, Arcane Lighthouse, Reliquary Tower"
Cabaretti Cacophony,Commander Deck,Commander,NCC,2022-04-29,124.54,"Master of Ceremonies, Seize the Spotlight, Life of the Party, Scute Swarm, Call the Coppercoats"
Call for Backup,Commander Deck,Commander,MOC,2023-04-21,86.15,"Uncivil Unrest, Strionic Resonator, Shalai and Hallar, Kalonian Hydra, Gavony Township"
Call the Spirits,Commander Deck,Commander,C15,2015-11-13,67.2,"Karlov of the Ghost Council, Aura of Silence, Thief of Blood, Black Market, Lightning Greaves"
Cavalry Charge,Commander Deck,Commander,MOC,2023-04-21,69.45,"Chivalric Alliance, Herald of Hoofbeats, Vanquisher's Banner, Herald's Horn, Vodalian Wave-Knight"
Chaos Incarnate,Commander Deck,Commander,SCD,2022-12-02,23.04,"Lightning Greaves, Talisman of Indulgence, Nihil Spellbomb, Soul Shatter, Brash Taunter"
Collateral Damage,Historic Brawl Precon Deck,Commander,MOM,2024-07-08,59.38,"Coldsteel Heart, Bloodghast, Zulaport Cutthroat, Hangarback Walker, Chandra's Incinerator"
Corrupting Influence,Commander Deck,Commander,ONC,2023-02-10,135.4,"Norn's Choirmaster, Contaminant Grafter, Glistening Sphere, Phyresis Outbreak, Grafted Exoskeleton"
Counter Blitz (FINAL FANTASY X),Commander Deck,Commander,FIC,2025-06-13,44.7,"Sphere Grid, Walking Ballista, Farewell, Three Visits, Damning Verdict"
Counter Blitz Collector's Edition (FINAL FANTASY X),Commander Deck,Commander,FIC,2025-06-13,48.91,"Sphere Grid, Walking Ballista, Farewell, Three Visits, Yuna, Grand Summoner"
Counter Intelligence,Commander Deck,Commander,EOC,2025-08-01,34.32,"Swan Song, Ripples of Potential, Karn's Bastion, Cloud Key, Phyrexian Metamorph"
Counterpunch,Commander Deck,Commander,CMD,2011-06-17,95.83,"Aura Shards, Attrition, Alliance of Arms, Vow of Malice, Skullclamp"
Coven Counters,Commander Deck,Commander,MIC,2021-09-24,32.92,"Moonsilver Key, Gyre Sage, Heronblade Elite, Herald of War, Champion of Lambholt"
Creative Energy,Commander Deck,Commander,M3C,2024-06-14,45.21,"Akroma's Will, Goldspan Dragon, Professional Face-Breaker, Farewell, Mystic Gate"
Creative Energy Collector's Edition,Commander Deck,Commander,M3C,2024-06-14,59.93,"Akroma's Will, Goldspan Dragon, Professional Face-Breaker, Farewell, Cayth, Famed Mechanist"
Dance of the Elements,Commander Deck,Commander,ECC,2026-01-23,31.16,"Springleaf Parade, Selvala, Heart of the Wilds, Return of the Wildspeaker, Endurance, Abundant Countryside"
Deadly Disguise,Commander Deck,Commander,MKC,2024-02-09,122.94,"Jeska's Will, Seedborn Muse, Three Visits, Beast Whisperer, Toski, Bearer of Secrets"
Death Toll,Commander Deck,Commander,DSC,2024-09-27,54.39,"Reanimate, Whip of Erebos, Arachnogenesis, Professor Onyx, Vault of Whispers"
Deathdancer Xira,MTGO Commander Deck,Commander,TD0,2009-08-26,0.0,"Barren Moor, Darigaaz's Caldera, Forest, Forest, Forest"
Deep Clue Sea,Commander Deck,Commander,MKC,2024-02-09,95.8,"Bennie Bracks, Zoologist, Alandra, Sky Dreamer, Adrix and Nev, Twincasters, Academy Manufactor, Farewell"
Desert Bloom,Commander Deck,Commander,OTC,2024-04-19,84.81,"Ancient Greenwarden, World Shaper, Scute Swarm, Cactus Preserve, Sand Scout"
Devour for Power,Commander Deck,Commander,CMD,2011-06-17,99.24,"Grave Pact, Riddlekeeper, Memory Erosion, Vow of Malice, Windfall"
Divine Convocation,Commander Deck,Commander,MOC,2023-04-21,74.07,"Nesting Dovehawk, The Locust God, Skullclamp, Suture Priest, Secure the Wastes"
Doom Prevails,Commander Deck,Commander,MSC,2026-06-26,64.18,"Molecule Man, Black Market Connections, Luxury Suite, Skullclamp, Loki's Scepter"
Doom Prevails Collector's Edition,Commander Deck,Commander,MSC,2026-06-26,72.48,"Molecule Man, Black Market Connections, Luxury Suite, Skullclamp, Loki's Scepter"
Draconic Destruction,Commander Deck,Commander,SCD,2022-12-02,21.9,"Elemental Bond, Scourge of Valkas, Vandalblast, Dragon Tempest, Swiftfoot Boots"
Draconic Dissent,Commander Deck,Commander,CLB,2022-06-10,136.93,"Astral Dragon, Artificer Class, Bothersome Quasit, Baeloth Barrityl, Entertainer, Stuffy Doll"
Draconic Domination,Commander Deck,Commander,C17,2017-08-25,111.89,"Utvara Hellkite, Kindred Discovery, Scion of the Ur-Dragon, Fist of Suns, Scalelord Reckoner"
Draconic Rage,Commander Deck,Commander,AFC,2021-07-23,89.91,"Klauth, Unrivaled Ancient, Wulfgar of Icewind Dale, Neverwinter Hydra, Dragonborn Champion, Sword of Hours"
Dungeons of Death,Commander Deck,Commander,AFC,2021-07-23,70.34,"Wand of Orcus, Minn, Wily Illusionist, Nimbus Maze, Lightning Greaves, Component Pouch"
Eldrazi Incursion,Commander Deck,Commander,M3C,2024-06-14,130.01,"Eldrazi Confluence, Eldrazi Monument, Morophon, the Boundless, Eldritch Immunity, Glaring Fleshraker"
Eldrazi Incursion Collector's Edition,Commander Deck,Commander,M3C,2024-06-14,168.36,"Glaring Fleshraker, Azlask, the Swelling Scourge, Eldrazi Confluence, Eldrazi Monument, Morophon, the Boundless"
Eldrazi Unbound,Commander Deck,Commander,CMM,2023-08-04,244.79,"Rise of the Eldrazi, Darksteel Monolith, It That Betrays, Flayer of Loyalties, Skittering Cicada"
Elven Council,Commander Deck,Commander,LTC,2023-06-23,82.66,"Heroic Intervention, Raise the Palisade, Swan Song, Asceticism, Galadhrim Ambush"
Elven Empire,Commander Deck,Commander,KHC,2021-02-05,78.58,"Wolverine Riders, Elvish Promenade, Beast Whisperer, Elven Ambush, Elderfang Venom"
Enchantress Rubinia,MTGO Commander Deck,Commander,TD0,2009-08-26,0.0,"Azorius Chancery, Bant Panorama, Coastal Tower, Elfhame Palace, Forest"
Endless Punishment,Commander Deck,Commander,DSC,2024-09-27,144.33,"Witch's Clinic, Persistent Constrictor, The Lord of Pain, Kederekt Parasite, Gleeful Arsonist"
Enduring Enchantments,Commander Deck,Commander,CMM,2023-08-04,145.02,"Starfield of Nyx, Ondu Spiritdancer, Narci, Fable Singer, Dryad of the Ilysian Grove, Mirari's Wake"
Enhanced Evolution,Commander Deck,Commander,C20,2020-04-17,80.98,"Deadly Rollick, Silent Arbiter, Beast Whisperer, Tidal Barracuda, Propaganda"
Entropic Uprising,Commander Deck,Commander,C16,2016-11-11,162.36,"Thrasios, Triton Hero, Burgeoning, Chain of Vapor, Waste Not, Cruel Entertainment"
Eternal Bargain,Commander Deck,Commander,C13,2013-11-01,54.09,"Crawlspace, Toxic Deluge, Lim-Dûl's Vault, Phyrexian Reclamation, Sanguine Bond"
Eternal Might,Commander Deck,Commander,DRC,2025-02-14,25.8,"Renewed Solidarity, Bontu's Monument, The Scarab God, Drowned Catacomb, Underground River"
Evasive Maneuvers,Commander Deck,Commander,CMA,2017-06-09,62.93,"Thousand-Year Elixir, Basalt Monolith, Surveyor's Scope, Borrowing 100,000 Arrows, Arcane Denial"
Everyone's Invited!,Commander Deck,Commander,SLD,2025-05-12,404.89,"Bitterblossom, Maskwood Nexus, Sol Ring, Raise the Palisade, Rin and Seri, Inseparable"
Exit from Exile,Commander Deck,Commander,CLB,2022-06-10,126.83,"Jeska's Will, Delayed Blast Fireball, Passionate Archaeologist, Nalfeshnee, Wild-Magic Sorcerer"
Explorers of the Deep,Commander Deck,Commander,LCC,2023-11-17,66.23,"Kindred Discovery, Branching Evolution, Herald of Secret Streams, Ripples of Potential, Reliquary Tower"
Exquisite Invention,Commander Deck,Commander,C18,2018-08-10,50.04,"Unwinding Clock, Varchild, Betrayer of Kjeldor, Mirrorworks, Treasure Nabber, Great Furnace"
Faceless Menace,Commander Deck,Commander,C19,2019-08-23,72.47,"Seedborn Muse, Apex Altisaur, Strionic Resonator, Sudden Substitution, Thran Dynamo"
Fae Dominion,Commander Deck,Commander,WOC,2023-09-08,154.87,"Archmage of Echoes, Alela, Cunning Conqueror, Misleading Signpost, Kindred Dominance, Glen Elendra Archmage"
Faerie Schemes,Brawl Deck,Commander,ELD,2019-10-04,168.34,"Emergence Zone, Smothering Tithe, Watery Grave, Sephara, Sky's Blade, Massacre Girl"
Family Matters,Commander Deck,Commander,BLC,2024-08-02,42.84,"Agate Instigator, Helm of the Host, Pollywog Prodigy, Jacked Rabbit, Elspeth, Sun's Champion"
Feline Ferocity,Commander Deck,Commander,C17,2017-08-25,106.86,"Hammer of Nazahn, Qasali Slingers, Sword of the Animist, Mirari's Wake, Skullclamp"
First Flight,Commander Deck,Commander,SCD,2022-12-02,16.6,"True Conviction, Thought Vessel, Counterspell, Sephara, Sky's Blade, Sol Ring"
Flashy Fliers,Historic Brawl Precon Deck,Commander,MOM,2024-07-08,60.53,"Coldsteel Heart, Cavalier of Gales, Lyra Dawnbringer, Faerie Seer, Opt"
Food and Fellowship,Commander Deck,Commander,LTC,2023-06-23,68.83,"Birds of Paradise, Essence Warden, The Gaffer, Sanguine Bond, Toxic Deluge"
Forces of the Imperium,Commander Deck,Commander,40K,2022-10-07,206.53,"Celestine, the Living Saint, Reaver Titan, Commissar Severina Raine, Vexilus Praetor, Thunderhawk Gunship"
Forces of the Imperium Collector's Edition,Commander Deck,Commander,40K,2022-10-07,550.49,"Marneus Calgar, Celestine, the Living Saint, Vexilus Praetor, Commissar Severina Raine, Reaver Titan"
Forged In Stone,Commander Deck,Commander,C14,2014-11-07,93.51,"Grand Abolisher, Emeria, the Sky Ruin, Cathars' Crusade, Skullclamp, Comeuppance"
From Cute to Brute,Commander Deck,Commander,SLD,2023-05-08,351.48,"Nicol Bolas, the Ravager // Nicol Bolas, the Arisen, Archangel Avacyn // Avacyn, the Purifier, Westvale Abbey // Ormendahl, Profane Prince, Bloodline Keeper // Lord of Lineage, Valakut Awakening // Valakut Stoneforge"
Goblin Storm,Commander Deck,Commander,SLD,2026-05-18,492.57,"Roaming Throne, Sol Ring, Krenko, Mob Boss, Skullclamp, Throne of Eldraine"
Grand Larceny,Commander Deck,Commander,OTC,2024-04-19,146.88,"Orochi Soul-Reaver, Tower Winder, Brainstealer Dragon, Three Visits, Fallen Shinobi"
Graveyard Overdrive,Commander Deck,Commander,M3C,2024-06-14,81.9,"The Reaver Cleaver, Barrowgoyf, Archon of Cruelty, Chandra's Ignition, Selvala, Heart of the Wilds"
Graveyard Overdrive Collector's Edition,Commander Deck,Commander,M3C,2024-06-14,99.6,"The Reaver Cleaver, Barrowgoyf, Archon of Cruelty, Chandra's Ignition, Selvala, Heart of the Wilds"
Growing Threat,Commander Deck,Commander,MOC,2023-04-21,65.67,"Filigree Vector, Bitterthorn, Nissa's Animus, Massacre Wurm, Karn's Bastion, Vault of the Archangel"
Guided By Nature,Commander Deck,Commander,C14,2014-11-07,111.45,"Ezuri, Renegade Leader, Joraga Warcaller, Grave Sifter, Essence Warden, Crystal Vein"
Guided by Nature,Commander Deck,Commander,CMA,2017-06-09,129.3,"Joraga Warcaller, Ezuri, Renegade Leader, Grave Sifter, Sylvan Safekeeper, Crystal Vein"
"Hail, Caesar",Commander Deck,Commander,PIP,2024-03-08,246.76,"Pitiless Plunderer, Skullclamp, Talisman of Indulgence, Tainted Peak, Tainted Field"
"Heads I Win, Tails You Lose",Commander Deck,Commander,SLD,2022-04-22,474.67,"Commander's Plate, Propaganda // Propaganda, Shadowspear, Krark's Thumb // Krark's Thumb, Seize the Day"
Heavenly Inferno,Commander Deck,Commander,CMD,2011-06-17,80.07,"Pyrohemia, Mother of Runes, Stranglehold, Vow of Malice, Comet Storm"
Invent Superiority,Commander Deck,Commander,C16,2016-11-11,66.73,"Curse of Vengeance, Silas Renn, Seeker Adept, Skullclamp, Bruse Tarl, Boorish Herder, Akiri, Line-Slinger"
Jeskai Striker,Commander Deck,Commander,TDC,2025-04-11,32.45,"Ghostly Prison, Will of the Jeskai, Reliquary Tower, Curse of Opulence, Narset's Reversal"
Jump Scare!,Commander Deck,Commander,DSC,2024-09-27,72.69,"Ashaya, Soul of the Wild, Giggling Skitterspike, Aesi, Tyrant of Gyre Strait, Scute Swarm, Reliquary Tower"
Knights' Charge,Brawl Deck,Commander,ELD,2019-10-04,48.8,"Godless Shrine, Colossus Hammer, Knight of the Ebon Legion, Icon of Ancestry, Skyknight Vanguard"
Land's Wrath,Commander Deck,Commander,ZNC,2020-09-25,17.04,"Emeria Shepherd, Evolution Sage, Return of the Wildspeaker, Kodama's Reach, Sol Ring"
Legends' Legacy,Commander Deck,Commander,DMC,2022-09-09,130.64,"Shizo, Death's Storehouse, The Reaver Cleaver, Cadric, Soul Kindler, Mikokoro, Center of the Sea, Oketra's Monument"
Lightly Armored,Historic Brawl Precon Deck,Commander,MOM,2024-07-08,198.58,"Mirari's Wake, Ancestral Mask, Coldsteel Heart, Celestial Mantle, Lyra Dawnbringer"
Limit Break (FINAL FANTASY VII),Commander Deck,Commander,FIC,2025-06-13,45.61,"Skullclamp, Professional Face-Breaker, Sword of the Animist, Clever Concealment, Lightning Greaves"
Limit Break Collector's Edition (FINAL FANTASY VII),Commander Deck,Commander,FIC,2025-06-13,66.18,"Zack Fair, Tifa, Martial Artist, Skullclamp, Professional Face-Breaker, Sword of the Animist"
Living Energy,Commander Deck,Commander,DRC,2025-02-14,31.26,"Academy Ruins, Panharmonicon, Lightning Greaves, Conjurer's Closet, Adaptive Omnitool"
Lorehold Legacies,Commander Deck,Commander,C21,2021-04-23,63.49,"Thousand-Year Elixir, Boros Charm, Hellkite Tyrant, Monologue Tax, Darksteel Citadel"
Lorehold Spirit,Commander Deck,Commander,SOC,2026-04-24,42.12,"Moonshaker Cavalry, Bitterthorn, Nissa's Animus, Emeria, the Sky Ruin, Turbulent Steppe, Patchwork Banner"
Maestros Massacre,Commander Deck,Commander,NCC,2022-04-29,68.56,"Twinning Staff, Make an Example, Lightning Greaves, Kess, Dissident Mage, Determined Iteration"
Mardu Surge,Commander Deck,Commander,TDC,2025-04-11,42.0,"Skullclamp, Goldlust Triad, Lightning Greaves, Grand Crescendo, Will of the Mardu"
Masters of Evil,Commander Deck,Commander,WHO,2023-10-13,312.49,"Cybermen Squadron, Cyberman Patrol, Auton Soldier, Talisman of Indulgence, Dalek Squadron"
Merciless Rage,Commander Deck,Commander,C19,2019-08-23,53.84,"Bone Miser, Sanctum of Eternity, Curse of Fool's Wisdom, Geier Reach Sanitarium, In Garruk's Wake"
Mind Flayarrrs,Commander Deck,Commander,CLB,2022-06-10,145.72,"Zellix, Sanity Flayer, Mindcrank, Brainstealer Dragon, Aboleth Spawn, Spellskite"
Mind Seize,Commander Deck,Commander,C13,2013-11-01,62.13,"Prosperity, Jace's Archivist, Sudden Spoiling, Temple Bell, Swiftfoot Boots"
Miracle Worker,Commander Deck,Commander,DSC,2024-09-27,87.56,"Hall of Heliod's Generosity, Ondu Spiritdancer, Ancient Cellarspawn, Metamorphosis Fanatic, Inkshield"
Mirror Mastery,Commander Deck,Commander,CMD,2011-06-17,100.35,"Animar, Soul of Elements, Homeward Path, Collective Voyage, Lightning Greaves, Ruination"
Mishra's Burnished Banner,Commander Deck,Commander,BRC,2022-11-18,120.97,"Great Furnace, Strionic Resonator, Nihil Spellbomb, Lithoform Engine, Reliquary Tower"
Most Wanted,Commander Deck,Commander,OTC,2024-04-19,118.57,"Seize the Spotlight, Command Beacon, Rain of Riches, Academy Manufactor, Back in Town"
Mutant Menace,Commander Deck,Commander,PIP,2024-03-08,353.28,"Infesting Radroach, Power Fist, Mortuary Mire, Guardian Project, Atomize"
Mystic Intellect,Commander Deck,Commander,C19,2019-08-23,41.62,"Dockside Extortionist, Prismatic Strands, Ghostly Prison, Clever Impersonator, Wall of Stolen Identity"
Nature of the Beast,Commander Deck,Commander,C13,2013-11-01,48.31,"Homeward Path, Boros Charm, Swiftfoot Boots, From the Ashes, Tempt with Discovery"
Nature's Vengeance,Commander Deck,Commander,C18,2018-08-10,18.82,"Fury Storm, Retreat to Hagra, Thantis, the Warweaver, Sol Ring, Stitch Together"
Necron Dynasties,Commander Deck,Commander,40K,2022-10-07,262.39,"Cryptothrall, Sceptre of Eternal Glory, Resurrection Orb, Darkness, Canoptek Spyder"
Necron Dynasties Collector's Edition,Commander Deck,Commander,40K,2022-10-07,583.98,"Sceptre of Eternal Glory, Cryptothrall, Canoptek Spyder, Imotekh the Stormlord, Resurrection Orb"
Obscura Operation,Commander Deck,Commander,NCC,2022-04-29,88.44,"Change of Plans, Smuggler's Share, Strionic Resonator, Fallen Shinobi, Currency Converter"
Open Hostility,Commander Deck,Commander,C16,2016-11-11,156.83,"Tymna the Weaver, Breath of Fury, Iroas, God of Victory, Ravos, Soultender, Boros Charm"
Painbow,Commander Deck,Commander,DMC,2022-09-09,64.01,"Tiller Engine, Two-Headed Hellkite, Fallaji Wayfarer, Surrak Dragonclaw, Nethroi, Apex of Death"
Paradox Power,Commander Deck,Commander,WHO,2023-10-13,240.87,"Danny Pink, Quantum Misalignment, Talisman of Curiosity, Rockfall Vale, Beast Within"
Party Time,Commander Deck,Commander,CLB,2022-06-10,109.72,"Black Market Connections, Mother of Runes, Grim Hireling, Deep Gnome Terramancer, Skullclamp"
Peace Offering,Commander Deck,Commander,BLC,2024-08-02,64.76,"Loran of the Third Path, Twenty-Toed Toad, Kalonian Hydra, Reliquary Tower, Bloodroot Apothecary"
Peer Through Time,Commander Deck,Commander,C14,2014-11-07,74.79,"Cyclonic Rift, Sapphire Medallion, Breaching Leviathan, Crown of Doom, Thran Dynamo"
Phantom Premonition,Commander Deck,Commander,KHC,2021-02-05,45.35,"Eerie Interlude, Ghostly Prison, Windfall, Cosmic Intervention, Spectral Deluge"
Planar Portal,Commander Deck,Commander,AFC,2021-07-23,91.08,"Grim Hireling, Reckless Endeavor, Karazikar, the Eye Tyrant, Wild-Magic Sorcerer, Disrupt Decorum"
Planeswalker Party,Commander Deck,Commander,CMM,2023-08-04,124.52,"Silent Arbiter, Spark Double, Teyo, Geometric Tactician, Chandra, Awakened Inferno, Fellwar Stone"
Plunder the Graves,Commander Deck,Commander,C15,2015-11-13,66.67,"Pathbreaker Ibex, Eldrazi Monument, Thief of Blood, Skullclamp, Lightning Greaves"
Political Puppets,Commander Deck,Commander,CMD,2011-06-17,66.25,"Flusterstorm, Insurrection, Ghostly Prison, Propaganda, Howling Mine"
Power Hungry,Commander Deck,Commander,C13,2013-11-01,68.57,"Goblin Sharpshooter, Primal Vigor, Goblin Bombardment, Swiftfoot Boots, Khalni Garden"
Primal Genesis,Commander Deck,Commander,C19,2019-08-23,61.06,"Marisi, Breaker of the Coil, Ohran Frostfang, Elemental Bond, Trostani, Selesnya's Voice, Song of the Worldsoul"
Prismari Artistry,Commander Deck,Commander,SOC,2026-04-24,55.99,"Faerie Mastermind, Goldspan Dragon, Turbulent Springs, Reliquary Tower, Harmonic Prodigy"
Prismari Performance,Commander Deck,Commander,C21,2021-04-23,62.9,"Seething Song, Veyran, Voice of Duality, Dualcaster Mage, Reliquary Tower, Mana Geyser"
Quandrix Unlimited,Commander Deck,Commander,SOC,2026-04-24,48.91,"Three Visits, Ozolith, the Shattered Spire, Reliquary Tower, Turbulent Wilderness, Kami of Whispered Hopes"
Quantum Quandrix,Commander Deck,Commander,C21,2021-04-23,49.03,"Spawning Kraken, Ruxa, Patient Professor, Guardian Augmenter, Rapid Hybridization, Ezuri's Predation"
Quick Draw,Commander Deck,Commander,OTC,2024-04-19,108.43,"Mizzix's Mastery, Winged Boots, Niv-Mizzet, Parun, Arcane Bombardment, Veyran, Voice of Duality"
Raining Cats and Dogs,Commander Deck,Commander,SLD,2024-01-22,419.3,"Anointed Procession // Anointed Procession, Sol Ring // Sol Ring, Jetmir, Nexus of Revels // Jetmir, Nexus of Revels, Lurking Predators, Jetmir's Garden"
Reap the Tides,Commander Deck,Commander,CMR,2020-11-20,48.67,"Nezahal, Primal Tide, Ramunap Excavator, Reliquary Tower, Swiftfoot Boots, Scourge of Fleets"
Rebellion Rising,Commander Deck,Commander,ONC,2023-02-10,102.36,"Flawless Maneuver, Clever Concealment, Hexplate Wallbreaker, Otharri, Suns' Glory, Call the Coppercoats"
Revenant Recon,Commander Deck,Commander,MKC,2024-02-09,112.09,"Necromancy, Animate Dead, Reanimate, Rise of the Dark Realms, Doom Whisperer"
Revival Trance (FINAL FANTASY VI),Commander Deck,Commander,FIC,2025-06-13,29.54,"Reanimate, Pitiless Plunderer, Rise of the Dark Realms, Swiftfoot Boots, Talisman of Indulgence"
Revival Trance Collector's Edition (FINAL FANTASY VI),Commander Deck,Commander,FIC,2025-06-13,40.06,"Reanimate, Pitiless Plunderer, Rise of the Dark Realms, Phoenix Down, Laughing Mad"
Riders of Rohan,Commander Deck,Commander,LTC,2023-06-23,50.54,"Gimli of the Glittering Caves, Door of Destinies, Vanquisher's Banner, Herald's Horn, Taunt from the Rampart"
Riveteers Rampage,Commander Deck,Commander,NCC,2022-04-29,73.45,"Rain of Riches, Jolene, the Plunder Queen, World Shaper, Life's Legacy, Industrial Advancement"
Ruthless Regiment,Commander Deck,Commander,C20,2020-04-17,78.11,"Flawless Maneuver, Species Specialist, Molten Echoes, Call the Coppercoats, Skullclamp"
Savage Hunger,Brawl Deck,Commander,ELD,2019-10-04,69.5,"Evolution Sage, Stomping Ground, Rhythm of the Wild, Krenko, Tin Street Kingpin, Dreadhorde Invasion"
Science!,Commander Deck,Commander,PIP,2024-03-08,300.39,"Nuka-Cola Vending Machine, Bottle-Cap Blast, Lightning Greaves, Thought Vessel, Panharmonicon"
Scions & Spellcraft (FINAL FANTASY XIV),Commander Deck,Commander,FIC,2025-06-13,43.37,"Tataru Taru, Snuff Out, Authority of the Consuls, Champions from Beyond, Sunken Ruins"
Scions & Spellcraft Collector's Edition (FINAL FANTASY XIV),Commander Deck,Commander,FIC,2025-06-13,61.61,"Tataru Taru, Snuff Out, Circle of Power, Authority of the Consuls, Astrologian's Planisphere"
Scrappy Survivors,Commander Deck,Commander,PIP,2024-03-08,304.15,"Silver Shroud Costume, Codsworth, Handy Helper, Heroic Intervention, Perception Bobblehead, Path to Exile"
Seize Control,Commander Deck,Commander,C15,2015-11-13,53.41,"Jace's Archivist, Mizzix's Mastery, Reliquary Tower, Blatant Thievery, Windfall"
Silverquill Influence,Commander Deck,Commander,SOC,2026-04-24,60.25,"Land Tax, Animate Dead, Inkshield, Ghostly Prison, Turbulent Moor"
Silverquill Statement,Commander Deck,Commander,C21,2021-04-23,89.97,"Stinging Study, Tempting Contract, Incarnation Technique, Victory Chimes, Ghostly Prison"
Sliver Swarm,Commander Deck,Commander,CMM,2023-08-04,167.74,"Sliver Hivelord, Hatchery Sliver, Lazotep Sliver, Fellwar Stone, Three Visits"
Smashing Stampede,Historic Brawl Precon Deck,Commander,MOM,2024-07-08,151.41,"The Great Henge, Surrak and Goreclaw, Coldsteel Heart, Elvish Mystic, Shivan Devastator"
Sneak Attack,Commander Deck,Commander,ZNC,2020-09-25,30.31,"Sygg, River Cutthroat, In Garruk's Wake, Blackblade Reforged, Notorious Throng, Zulaport Cutthroat"
Spirit Squadron,Commander Deck,Commander,VOC,2021-11-19,35.64,"Kami of the Crescent Moon, Ghostly Prison, Arcane Denial, Knight of the White Orchid, Mirror Entity"
Squirreled Away,Commander Deck,Commander,BLC,2024-08-02,93.04,"Chatterfang, Squirrel General, Toski, Bearer of Secrets, Academy Manufactor, Skullclamp, Beastmaster Ascension"
Stalwart Unity,Commander Deck,Commander,C16,2016-11-11,181.21,"Lurking Predators, Homeward Path, Wave of Reckoning, Benefactor's Draught, Swan Song"
Subjective Reality,Commander Deck,Commander,C18,2018-08-10,32.73,"Silent-Blade Oni, Sower of Discord, Yuriko, the Tiger's Shadow, Varina, Lich Queen, Ponder"
Sultai Arisen,Commander Deck,Commander,TDC,2025-04-11,69.51,"Colossal Grave-Reaver, Command Beacon, Teval's Judgment, Dauthi Voidwalker, Life from the Loam"
Swell the Host,Commander Deck,Commander,C15,2015-11-13,60.72,"Arachnogenesis, Command Beacon, Caller of the Claw, Reliquary Tower, Beastmaster Ascension"
Sworn To Darkness,Commander Deck,Commander,C14,2014-11-07,77.03,"Crypt Ghast, Jet Medallion, Sudden Spoiling, Crypt of Agadeem, Arcane Lighthouse"
Symbiotic Swarm,Commander Deck,Commander,C20,2020-04-17,39.33,"Akroma, Angel of Wrath, Gavony Township, Obscuring Haze, Karametra, God of Harvests, Slippery Bogbonder"
Temur Roar,Commander Deck,Commander,TDC,2025-04-11,47.8,"Ureni of the Unwritten, Elemental Bond, Temur Ascendancy, Reflections of Littjara, Talisman of Creativity"
The Fantastic Four,Commander Deck,Commander,MSC,2026-06-26,42.05,"The Fantasticar, Galactus, Devourer of Worlds, Three Visits, Lightning Greaves, Clever Concealment"
The Fantastic Four Collector's Edition,Commander Deck,Commander,MSC,2026-06-26,53.04,"The Fantasticar, Mister Fantastic, Galactus, Devourer of Worlds, Three Visits, Lightning Greaves"
The Hosts of Mordor,Commander Deck,Commander,LTC,2023-06-23,75.78,"Cavern-Hoard Dragon, Relic of Sauron, The Black Gate, Reanimate, Living Death"
The Ruinous Powers,Commander Deck,Commander,40K,2022-10-07,197.68,"Bloodthirster, Exalted Flamer of Tzeentch, Magnus the Red, Keeper of Secrets, Blood for the Blood God!"
The Ruinous Powers Collector's Edition,Commander Deck,Commander,40K,2022-10-07,526.64,"Bloodthirster, Magnus the Red, Exalted Flamer of Tzeentch, Be'lakor, the Dark Master, Nurgle's Rot"
Timeless Wisdom,Commander Deck,Commander,C20,2020-04-17,114.19,"Fierce Guardianship, Surly Badgersaur, Brallin, Skyshark Rider, The Locust God, Windfall"
Timey-Wimey,Commander Deck,Commander,WHO,2023-10-13,204.69,"Everybody Lives!, Dinosaurs on a Spaceship, Nanogene Conversion, Wedding Ring, Flesh Duplicate"
Tinker Time,Commander Deck,Commander,MOC,2023-04-21,46.37,"Academy Manufactor, Hedron Detonator, Pain Distributor, Curse of Opulence, Tireless Provisioner"
Token Triumph,Commander Deck,Commander,SCD,2022-12-02,11.67,"Champion of Lambholt, Sol Ring, Path to Exile, Eternal Witness, Idol of Oblivion"
Tricky Terrain,Commander Deck,Commander,M3C,2024-06-14,119.19,"Talon Gates of Madara, Yavimaya, Cradle of Growth, Dryad of the Ilysian Grove, Scute Swarm, Lazotep Quarry"
Tricky Terrain Collector's Edition,Commander Deck,Commander,M3C,2024-06-14,142.57,"Talon Gates of Madara, Yavimaya, Cradle of Growth, Dryad of the Ilysian Grove, Planar Nexus, Lazotep Quarry"
Turtle Power!,Commander Deck,Commander,TMC,2026-03-06,70.86,"City of Brass, Spire Garden, Undergrowth Stadium, Irma, Part-Time Mutant, Ninja Pizza"
Tyranid Swarm,Commander Deck,Commander,40K,2022-10-07,179.03,"Ghyrson Starn, Kelermorph, Shadow in the Warp, Biophagus, Sporocyst, Nexos"
Tyranid Swarm Collector's Edition,Commander Deck,Commander,40K,2022-10-07,526.45,"Ghyrson Starn, Kelermorph, Biophagus, Shadow in the Warp, Magus Lucea Kane, Sporocyst"
Undead Unleashed,Commander Deck,Commander,MIC,2021-09-24,47.46,"Diregraf Colossus, Hordewing Skaab, Endless Ranks of the Dead, Cleaver Skaab, Death Baron"
Upgrades Unleashed,Commander Deck,Commander,NEC,2022-02-18,65.06,"Bear Umbra, Akki Battle Squad, Rishkar's Expertise, Rhythm of the Wild, Blackblade Reforged"
Urza's Iron Alliance,Commander Deck,Commander,BRC,2022-11-18,83.3,"Skullclamp, Relic of Progenitus, Preordain, Thought Vessel, Vault of Whispers"
Vampiric Bloodline,Commander Deck,Commander,VOC,2021-11-19,56.71,"Molten Echoes, Nirkana Revenant, Shadowgrange Archfiend, Malakir Bloodwitch, Blood Artist"
Vampiric Bloodlust,Commander Deck,Commander,C17,2017-08-25,143.19,"Teferi's Protection, Door of Destinies, Kindred Charge, Licia, Sanguine Tribune, Skullclamp"
Veloci-Ramp-Tor,Commander Deck,Commander,LCC,2023-11-17,84.17,"Akroma's Will, Xenagos, God of Revels, Apex Altisaur, Chandra's Ignition, Rhythm of the Wild"
Virtue and Valor,Commander Deck,Commander,WOC,2023-09-08,109.74,"Retether, Hall of Heliod's Generosity, Bear Umbra, Mantle of the Ancients, Umbra Mystic"
Wade into Battle,Commander Deck,Commander,C15,2015-11-13,63.81,"Urza's Incubator, Blade of Selves, Basalt Monolith, Gisela, Blade of Goldnight, Lightning Greaves"
Wakanda Forever,Commander Deck,Commander,MSC,2026-06-26,44.75,"Birds of Paradise, Bountiful Promenade, Hammer of Nazahn, Helm of the Host, Sword of the Animist"
Wakanda Forever Collector's Edition,Commander Deck,Commander,MSC,2026-06-26,44.75,"Birds of Paradise, Bountiful Promenade, Hammer of Nazahn, Helm of the Host, Sword of the Animist"
Wild Bounty,Brawl Deck,Commander,ELD,2019-10-04,71.99,"Biomancer's Familiar, Hallowed Fountain, Circuitous Route, Risen Reef, Incubation Druid"
Witherbloom Pestilence,Commander Deck,Commander,SOC,2026-04-24,42.26,"Ohran Frostfang, Turbulent Fen, Toxic Deluge, Stensian Sanguinist // Exsanguinate, Blood Artist"
Witherbloom Witchcraft,Commander Deck,Commander,C21,2021-04-23,75.48,"Witch's Clinic, Alhammarret's Archive, Venser's Journal, Sapling of Colfenor, Sanguine Bond"
World Shaper,Commander Deck,Commander,EOC,2025-08-01,26.1,"Braids, Arisen Nightmare, Exploration Broodship, Nature's Lore, Oracle of Mul Daya, Horizon Explorer"
2014 Full Art Land Set,Box Set,Other,J14,2014-01-01,415.78,"Island, Forest, Plains, Swamp, Mountain"
30th Anniversary Countdown Kit,Secret Lair Drop,Other,SLC,2022-11-01,653.19,"Chrome Mox, Necropotence, Deathrite Shaman, Birthing Pod, Lim-Dûl's Vault"
A Box of Rocks,Secret Lair Drop,Other,SLD,2021-03-15,36.26,"Arcane Signet, Commander's Sphere, Chromatic Lantern, Gilded Lotus, Darksteel Ingot"
A Box of Rocks Foil Edition,Secret Lair Drop,Other,SLD,2021-03-15,36.26,"Arcane Signet, Commander's Sphere, Chromatic Lantern, Gilded Lotus, Darksteel Ingot"
A Devastation of Dragons,Secret Lair Drop,Other,SLD,2025-02-20,73.72,"Kokusho, the Evening Star, Scion of the Ur-Dragon, Niv-Mizzet, Parun, Skyline Despot"
Aang,Jumpstart,Other,TLE,2025-11-20,16.65,"Aang, Airbending Master, Cloudshift, Kindly Customer, Momo, Rambunctious Rascal, Enter the Avatar State"
Above the Clouds (1),Jumpstart,Other,JMP,2020-07-17,0.0,"Tide Skimmer, Lofty Denial, Unsubstantiate, Capture Sphere, Roaming Ghostlight"
Above the Clouds (2),Jumpstart,Other,JMP,2020-07-17,0.0,"Tide Skimmer, Lofty Denial, Unsubstantiate, Capture Sphere, Roaming Ghostlight"
Above the Clouds (3),Jumpstart,Other,JMP,2020-07-17,0.0,"Tide Skimmer, Lofty Denial, Unsubstantiate, Capture Sphere, Roaming Ghostlight"
Above the Clouds (4),Jumpstart,Other,JMP,2020-07-17,5.21,"Kira, Great Glass-Spinner, Tide Skimmer, Lofty Denial, Unsubstantiate, Capture Sphere"
Absolute Annihilation,Secret Lair Drop,Other,SLD,2023-09-15,59.14,"Mass Hysteria, Terminate, Abrade, Oppression"
Absolute Annihilation Foil Edition,Secret Lair Drop,Other,SLD,2023-09-15,59.14,"Mass Hysteria, Terminate, Abrade, Oppression"
Abzan Siege,Intro Pack,Other,KTK,2014-09-26,8.7,"Abzan Falconer, Abzan Battle Priest, Eternal Thirst, Sandsteppe Citadel, Abzan Charm"
Adaptive,Jumpstart,Other,TLE,2025-11-20,12.12,"The Blue Spirit, Princess Yue, Frantic Search, Boomerang Basics, Island"
Adept (1),Jumpstart,Other,TLE,2025-11-20,3.09,"Dramatic Reversal, Nightmares and Daydreams, Island, Crashing Wave, Katara, Bending Prodigy"
Adept (2),Jumpstart,Other,TLE,2025-11-20,2.55,"Consider, Nightmares and Daydreams, Island, Katara, Bending Prodigy, Waterbending Lesson"
Adventures in the Forgotten Realms Bundle Land Pack,Bundle Land Pack,Other,AFR,2021-07-23,0.0,"Mountain, Mountain, Forest, Forest, Forest"
Adventures in the Forgotten Realms Foil Redemption,MTGO Redemption,Other,AFR,2021-08-22,281.98,"Old Gnawbone, Tiamat, Circle of Dreams Druid, Teleportation Circle, Xorn"
Adventures in the Forgotten Realms Redemption,MTGO Redemption,Other,AFR,2021-08-22,281.98,"Old Gnawbone, Tiamat, Circle of Dreams Druid, Teleportation Circle, Xorn"
Adventures in the Forgotten Realms Welcome Booster,Welcome Booster,Other,AFR,2021-07-23,2.82,"Cleric Class, Sunblast Angel, Atarka, World Render, Tyrant's Familiar, Jiang Yanggu, Wildcrafter"
Adventures of the Little Witch,Secret Lair Drop,Other,SLD,2025-04-23,69.58,"Realms Uncharted, Esika's Chariot, Secret Rendezvous, Serenity"
Adventures of the Little Witch Foil Edition,Secret Lair Drop,Other,SLD,2025-04-23,69.58,"Realms Uncharted, Esika's Chariot, Secret Rendezvous, Serenity"
Aeo Paquette - Affinity,World Championship Deck,Other,WC04,2004-09-01,68.71,"Chrome Mox, Arcbound Ravager, Great Furnace, Welding Jar, Thoughtcast"
Aerial Acrobatics,Game Night Deck,Other,GN2,2019-11-15,18.96,"Agent of Treachery, Dramatic Reversal, Engulf the Shore, River's Rebuke, Winged Words"
Aerial Domination,Arena Starter Deck,Other,ANB,2020-08-13,0.0,"Wall of Runes, Sworn Guardian, Waterkin Shaman, Cloudkin Seer, Warden of Evos Isle"
Aerodoom,Theme Deck,Other,BTD,2000-10-01,32.61,"Dark Ritual, Counterspell, Power Sink, Tolarian Winds, Drain Life"
Aether Drifters,Secret Lair Drop,Other,SLD,2025-02-11,20.45,"Smuggler's Copter // Smuggler's Copter, Parhelion II // Parhelion II, Mechtitan Core // Mechtitan Core, Reckoner Bankbuster // Reckoner Bankbuster, Peacewalker Colossus // Peacewalker Colossus"
Aether Drifters Foil Edition,Secret Lair Drop,Other,SLD,2025-02-11,20.45,"Smuggler's Copter // Smuggler's Copter, Parhelion II // Parhelion II, Mechtitan Core // Mechtitan Core, Reckoner Bankbuster // Reckoner Bankbuster, Peacewalker Colossus // Peacewalker Colossus"
Aether Revolt Foil Redemption,MTGO Redemption,Other,AER,2017-02-19,239.49,"Paradox Engine, Walking Ballista, Heroic Intervention, Whir of Invention, Exquisite Archangel"
Aether Revolt Redemption,MTGO Redemption,Other,AER,2017-02-19,239.49,"Paradox Engine, Walking Ballista, Heroic Intervention, Whir of Invention, Exquisite Archangel"
Aetherdrift Bundle Land Pack,Bundle Land Pack,Other,DFT,2025-02-14,0.0,"Mountain, Mountain, Island, Island, Mountain"
Aetherdrift Redemption,MTGO Redemption,Other,DFT,2025-03-13,170.64,"The Aetherspark, Riverpyre Verge, Monument to Endurance, Wastewood Verge, Bleachbone Verge"
Aga Galneer,Shandalar Enemy Deck,Other,PAST,1997-04-01,172.62,"Greed, El-Hajjâj, Sol Ring, Spirit Link, Savannah Lions"
Agents of S.H.I.E.L.D.,Jumpstart,Other,MSH,2026-06-26,1.05,"Nick Fury, Spymaster, Agent Phil Coulson, Strategic Intervention, Agent 13, Sharon Carter, Quake, Agent of S.H.I.E.L.D."
Air Forces,MTGO Theme Deck,Other,WTH,2007-12-12,18.0,"Debt of Loyalty, Impulse, Island, Island, Plains"
Air Razers,Theme Deck,Other,JUD,2002-05-27,401.49,"Worldgorger Dragon, Flash of Insight, Wonder, Lava Dart, Dwarven Scorcher"
Airbending,Jumpstart,Other,TLE,2025-11-20,9.53,"Monk Gyatso, Airbender Ascension, Plains, Aang, the Last Airbender, Appa, Loyal Sky Bison"
Ajani,Planeswalker Deck,Other,M19,2018-07-13,9.67,"Ajani, Wise Counselor, Herald of Faith, Mentor of the Meek, Rustwing Falcon, Plains"
Ajani Goldmane,Duel Deck,Other,DDH,2011-09-02,14.11,"Essence Warden, Ajani Vengeant, Titanic Ultimatum, Spitemare, Forest"
"Ajani, Inspiring Leader",Planeswalker Deck,Other,M20,2019-07-29,11.9,"Ajani, Inspiring Leader, Angel of Vitality, Plains, Twinblade Paladin, Serra's Guardian"
"Ajani, Valiant Protector",Planeswalker Deck,Other,AER,2017-01-20,5.09,"Ajani, Valiant Protector, Narnam Renegade, Aid from the Cowl, Unbridled Growth, Forest"
Alara Reborn Foil Redemption,MTGO Redemption,Other,ARB,2009-05-30,515.58,"Wargate, Sen Triplets, Lord of Extinction, Time Sieve, Maelstrom Nexus"
Alara Reborn Redemption,MTGO Redemption,Other,ARB,2009-05-30,515.58,"Wargate, Sen Triplets, Lord of Extinction, Time Sieve, Maelstrom Nexus"
Alex Borteh - Merfolk Opposition,World Championship Deck,Other,WC01,2001-08-08,38.14,"Gush, Static Orb, Lord of Atlantis, Waterfront Bouncer, Thwart"
Alien Auroras,Secret Lair Drop,Other,SLD,2025-07-29,87.68,"Crucible of Worlds, Sylvan Safekeeper, Zuran Orb, Reprocess, Aggressive Mining"
Alien Auroras Galaxy Foil Edition,Secret Lair Drop,Other,SLD,2025-07-29,87.68,"Crucible of Worlds, Sylvan Safekeeper, Zuran Orb, Reprocess, Aggressive Mining"
Alliance (1),Jumpstart,Other,TLE,2025-11-20,1.85,"The Duke, Rebel Sentry, Plains, Mechanical Glider, South Pole Voyager, Sokka's Sword Training"
Alliance (2),Jumpstart,Other,TLE,2025-11-20,3.15,"The Duke, Rebel Sentry, Jet, Rebel Leader, Plains, Mechanical Glider, South Pole Voyager"
Allied Fires,Challenger Deck,Other,Q04,2020-04-03,35.05,"Steam Vents, Narset, Parter of Veils, Ugin, the Ineffable, Kenrith, the Returned King, Saheeli, Sublime Artificer"
Alt-A-Kesh,Shandalar Enemy Deck,Other,PAST,1997-04-01,10826.08,"Time Walk, Ancestral Recall, Junún Efreet, Birds of Paradise, Energy Flux"
Amonkhet Bundle Land Pack,Bundle Land Pack,Other,AKH,2017-04-28,10.27,"Island, Swamp, Mountain, Mountain, Forest"
Amonkhet Foil Redemption,MTGO Redemption,Other,AKH,2017-05-28,415.86,"Anointed Procession, Bontu's Monument, Combat Celebrant, Nest of Scarabs, Oketra's Monument"
Amonkhet Redemption,MTGO Redemption,Other,AKH,2017-05-28,415.86,"Anointed Procession, Bontu's Monument, Combat Celebrant, Nest of Scarabs, Oketra's Monument"
Amonkhet Welcome Deck - Black,Welcome Deck,Other,W17,2017-04-15,0.0,"Swamp, Swamp, Swamp, Gravedigger, Dune Beetle"
Amonkhet Welcome Deck - Blue,Welcome Deck,Other,W17,2017-04-15,0.0,"Island, Island, Nimble Innovator, Ancient Crab, Island"
Amonkhet Welcome Deck - Green,Welcome Deck,Other,W17,2017-04-15,1.17,"Sixth Sense, Forest, Forest, Forest, Giant Spider"
Amonkhet Welcome Deck - Red,Welcome Deck,Other,W17,2017-04-15,1.19,"Mountain, Mountain, Renegade Tactics, Mountain, Shock"
Amonkhet Welcome Deck - White,Welcome Deck,Other,W17,2017-04-15,0.0,"Plains, Plains, Plains, Inspired Charge, Victory's Herald"
An Encyclopedia of Magic,Secret Lair Drop,Other,SLC,2025-11-03,436.4,"Urza's Saga, Phyrexian Altar, Field of the Dead, Myrel, Shield of Argive, Sol Ring"
Analyzed,Jumpstart,Other,MSH,2026-06-26,4.54,"Vision, Spectral Synthezoid, Echo, Perceptive Prodigy, Viv Vision, Teen Synthezoid, Machine Man, Model X-51, Timeline Inquiry"
Ancient Arsenal,Starter Kit,Other,ACR,2024-07-05,30.89,"Surtr, Fiery Jötun, Battlefield Improvisation, Bureau Headmaster, Eivor, Battle-Ready, Escarpment Fortress"
Ancient Discovery,Arena Starter Deck,Other,OTJ,2024-07-08,32.54,"Bonehoard Dracosaur, Warleader's Call, Anim Pakal, Thousandth Moon, Inspiring Vantage, Aurelia, the Law Above"
Angelic Accountants,Arena Starter Deck,Other,SNC,2022-09-09,18.24,"Elspeth Resplendent, Deserted Beach, Lion Sash, Planar Incision, Giada, Font of Hope"
Angelic Army,Arena Starter Deck,Other,ANB,2019-09-26,0.0,"Ajani's Pridemate, Dawn of Hope, Meteor Golem, Serra's Guardian, Loxodon Lifechanter"
Angelic Army 2,Arena Starter Deck,Other,ANB,2020-03-12,0.0,"Ajani's Pridemate, Dawn of Hope, Serra's Guardian, Loxodon Lifechanter, Moment of Heroism"
Angelic Fury,Intro Pack,Other,SOI,2016-04-08,0.0,"Gryff's Boon, Dance with Devils, Nahiri's Machinations, Flameblade Angel, Pyre Hound"
Angelic Might,Intro Pack,Other,AVR,2012-05-04,53.72,"Seraph Sanctuary, Herald of War, Forest, Forest, Rampant Growth"
Angels,Theme Deck,Other,PSAL,2005-08-01,0.0,"Island, Island, Island, Island, Island"
Angels (1),Jumpstart,Other,JMP,2020-07-17,6.63,"Baneslayer Angel, Angelic Ascension, Plains, Plains, Plains"
Angels (2),Jumpstart,Other,JMP,2020-07-17,25.47,"Linvala, Keeper of Silence, Angelic Arbiter, Angelic Ascension, Plains, Plains"
"Angrath, Minotaur Pirate",Planeswalker Deck,Other,RIX,2018-01-19,29.03,"Vanquisher's Banner, Angrath, Minotaur Pirate, Mountain, Swamp, Dire Fleet Neckbreaker"
Animal,Jumpstart,Other,MSH,2026-06-26,21.14,"Tippy-Toe, Terrific Partner, Lucky the Pizza Dog, Forest, Heroic Feast, Tigra, Feline Fury"
Animar & Friends,Secret Lair Drop,Other,SLD,2025-02-03,88.02,"Animar, Soul of Elements, All Will Be One, Benevolent Hydra, Forgotten Ancient, Mulldrifter"
Anthousa's Army,Intro Pack,Other,THS,2013-09-27,18.84,"Bow of Nylea, Elvish Mystic, Forest, Plains, Forest"
Antoine Ruel - Blue-Black-Red Nether-Go,World Championship Deck,Other,WC01,2001-08-08,94.72,"Tsabo's Web, Shivan Reef, Sulfurous Springs, Accumulated Knowledge, Counterspell"
Ape Lord,Shandalar Enemy Deck,Other,PAST,1997-04-01,462.94,"Mountain, Mana Vault, Killer Bees, Birds of Paradise, Shivan Dragon"
Apocalypse Foil Redemption,MTGO Redemption,Other,APC,2001-07-04,3166.78,"Pernicious Deed, Llanowar Wastes, Yavimaya Coast, Shivan Reef, Vindicate"
Apocalypse Redemption,MTGO Redemption,Other,APC,2001-07-04,3166.78,"Pernicious Deed, Llanowar Wastes, Yavimaya Coast, Shivan Reef, Vindicate"
April Fools,Secret Lair Drop,Other,SLD,2020-09-30,22.5,"Goblin Snowman, Storm Crow, Mudhole"
Aragorn at Helm's Deep,Box Set,Other,LTC,2023-11-03,72.6,"Legolas's Quick Reflexes, Andúril, Narsil Reforged, Gimli's Reckless Might, Aragorn, Hornburg Hero, Isengard Unleashed"
Arcade Racers,Secret Lair Drop,Other,SLD,2025-02-11,49.46,"Final Fortune, Big Score, Wheel of Misfortune, Heat Shimmer, Roiling Vortex"
Arcade Racers Foil Edition,Secret Lair Drop,Other,SLD,2025-02-11,49.46,"Final Fortune, Big Score, Wheel of Misfortune, Heat Shimmer, Roiling Vortex"
Arcane,Secret Lair Drop,Other,SLD,2022-05-06,110.82,"Rhystic Study, Seize the Day, Thran Dynamo, Duress, Path to Exile"
Arcane Aggression,Arena Starter Deck,Other,LTR,2023-06-20,28.86,"Urabrask // The Great Work, Flame of Anor, Shivan Reef, Third Path Iconoclast, Gandalf the Grey"
Arcane Foil Edition,Secret Lair Drop,Other,SLD,2022-05-06,110.82,"Rhystic Study, Seize the Day, Thran Dynamo, Duress, Path to Exile"
Arcane Inventions,Arena Starter Deck,Other,M19,2018-09-27,6.06,"Sai, Master Thopterist, Diamond Mare, Arcane Encyclopedia, Island, Disperse"
Arcane Mischief,Jumpstart,Other,DMU,2022-09-09,3.2,"Island, Combat Research, Cosmic Epiphany, Impulse, Shore Up"
Arcane Tempo,Challenger Deck,Other,Q02,2019-04-12,20.51,"Niv-Mizzet, Parun, Arclight Phoenix, Murmuring Mystic, Sulfur Falls, Mountain"
Arcane: Lands,Secret Lair Drop,Other,SLD,2022-05-06,12.19,"Swamp, Forest, Plains, Mountain, Island"
Arcane: Lands Foil Edition,Secret Lair Drop,Other,SLD,2022-05-06,12.19,"Swamp, Forest, Plains, Mountain, Island"
Arcanis's Guile,Theme Deck,Other,10E,2007-07-13,22.21,"Arcanis the Omnipotent, Telling Time, Unsummon, Boomerang, Tidings"
Arch Angel,Shandalar Enemy Deck,Other,PAST,1997-04-01,277.76,"Mishra's Factory, Mana Vault, Tetravus, Wrath of God, Swords to Plowshares"
Archaeology (1),Jumpstart,Other,JMP,2020-07-17,0.0,"Buried Ruin, Chromatic Sphere, Aether Spellbomb, Hedron Archive, Thriving Isle"
Archaeology (2),Jumpstart,Other,JMP,2020-07-17,0.0,"Buried Ruin, Aether Spellbomb, Terrarion, Thriving Isle, Island"
Archaeology (3),Jumpstart,Other,JMP,2020-07-17,12.79,"Vedalken Archmage, Buried Ruin, Aether Spellbomb, Sharding Sphinx, Hedron Archive"
Archaeology (4),Jumpstart,Other,JMP,2020-07-17,4.59,"Scarecrone, Buried Ruin, Aether Spellbomb, Scuttlemutt, Thriving Isle"
Archenemy Nicol Bolas,Archenemy Deck,Other,E01,2017-06-16,23.08,"Archfiend of Depravity, Talisman of Indulgence, Nicol Bolas, Planeswalker, Talisman of Dominance, Drowned Catacomb"
Armada,Theme Deck,Other,7ED,2001-04-11,274.09,"Disenchant, Glorious Anthem, Serra Advocate, Pacifism, Spirit Link"
Armed,Jumpstart,Other,MSH,2026-06-26,24.87,"Swordsman's Steel, HYDRA Disintegrator, Whiplash, Vengeful Engineer, Ronin, Shadow Stalker, U.S.Agent, John Walker"
Armed (1),Jumpstart,Other,J25,2024-11-07,0.0,"Starnheim Courser, Danitha Capashen, Paragon, Mace of the Valiant, Starnheim Memento, Valkyrie's Sword"
Armed (2),Jumpstart,Other,J25,2024-11-07,0.0,"Plate Armor, Danitha Capashen, Paragon, Stone Haven Outfitter, Light the Way, Mirran Bardiche"
Armed (3),Jumpstart,Other,J25,2024-11-07,0.0,"Danitha Capashen, Paragon, Trusty Retriever, Maul of the Skyclaves, Valkyrie's Sword, Mirran Bardiche"
Armed (4),Jumpstart,Other,J25,2024-11-07,2.38,"Godsend, Plate Armor, Danitha Capashen, Paragon, Mirran Bardiche, Fencing Ace"
Armed and Dangerous,Arena Starter Deck,Other,AFR,2021-09-24,32.35,"Halvar, God of Battle // Sword of the Realms, Needleverge Pathway // Pillarverge Pathway, Bruenor Battlehammer, Showdown of the Skalds, Axgard Armory"
Army of Entropy,Theme Deck,Other,SHM,2008-05-02,138.33,"Blowfly Infestation, Kulrath Knight, Swamp, Murderous Redcap, Ashenmoor Liege"
Army of Justice,Theme Deck,Other,9ED,2005-07-29,12.34,"Righteousness, Plains, Veteran Cavalier, Plains, Angel of Mercy"
Artful Destruction,Intro Pack,Other,NPH,2011-05-13,99.18,"Suture Priest, Palladium Myr, Gold Myr, Vital Splicer, Forest"
Artifacts Attack,Arena Starter Deck,Other,M19,2018-09-27,41.32,"Nezahal, Primal Tide, Settle the Wreckage, Goring Ceratops, Glacial Fortress, Azor, the Lawbringer"
Artist Series: Alayna Danner,Secret Lair Drop,Other,SLD,2023-04-28,95.95,"Emeria, the Sky Ruin, Linvala, Keeper of Silence, Seraph Sanctuary, Sunblast Angel"
Artist Series: Alayna Danner Foil Edition,Secret Lair Drop,Other,SLD,2023-04-28,95.95,"Emeria, the Sky Ruin, Linvala, Keeper of Silence, Seraph Sanctuary, Sunblast Angel"
Artist Series: Aleksi Briclot,Secret Lair Drop,Other,SLD,2022-12-19,78.48,"Eldrazi Temple, Thought-Knot Seer, Reality Smasher, Inquisition of Kozilek"
Artist Series: Aleksi Briclot Foil Edition,Secret Lair Drop,Other,SLD,2022-12-19,78.48,"Eldrazi Temple, Thought-Knot Seer, Reality Smasher, Inquisition of Kozilek"
Artist Series: Chris Rahn,Secret Lair Drop,Other,SLD,2022-09-13,43.06,"Kozilek, the Great Distortion, Platinum Angel, Primeval Titan, Huntmaster of the Fells // Ravager of the Fells"
Artist Series: Chris Rahn Foil Edition,Secret Lair Drop,Other,SLD,2022-09-13,43.06,"Kozilek, the Great Distortion, Platinum Angel, Primeval Titan, Huntmaster of the Fells // Ravager of the Fells"
Artist Series: Jesper Ejsing,Secret Lair Drop,Other,SLD,2025-02-11,95.47,"Deflecting Swat, Sun Titan, Llanowar Elves, Breeches, Eager Pillager"
Artist Series: Jesper Ejsing Foil Edition,Secret Lair Drop,Other,SLD,2025-02-11,95.47,"Deflecting Swat, Sun Titan, Llanowar Elves, Breeches, Eager Pillager"
Artist Series: Johannes Voss,Secret Lair Drop,Other,SLD,2021-12-13,47.71,"Carpet of Flowers, Sphere of Safety, Karmic Guide, Sanctum Prelate"
Artist Series: Johannes Voss Foil Edition,Secret Lair Drop,Other,SLD,2021-12-13,47.71,"Carpet of Flowers, Sphere of Safety, Karmic Guide, Sanctum Prelate"
Artist Series: John Avon,Secret Lair Drop,Other,SLD,2023-11-30,35.34,"Emrakul, the Promised End, Progenitus, Brainstorm, Serra Angel"
Artist Series: John Avon Foil Edition,Secret Lair Drop,Other,SLD,2023-11-30,35.34,"Emrakul, the Promised End, Progenitus, Brainstorm, Serra Angel"
Artist Series: Kev Walker,Secret Lair Drop,Other,SLD,2023-09-15,70.2,"It That Betrays, Faeburrow Elder, Fleshbag Marauder, Carnage Tyrant"
Artist Series: Kev Walker Foil Edition,Secret Lair Drop,Other,SLD,2023-09-15,70.2,"It That Betrays, Faeburrow Elder, Fleshbag Marauder, Carnage Tyrant"
Artist Series: Kieran Yanner,Secret Lair Drop,Other,SLD,2025-10-27,133.71,"Demonic Tutor, Armageddon, Lord of the Pit, Northern Paladin"
Artist Series: Kieran Yanner Foil Edition,Secret Lair Drop,Other,SLD,2025-10-27,133.71,"Demonic Tutor, Armageddon, Lord of the Pit, Northern Paladin"
Artist Series: Livia Prima,Secret Lair Drop,Other,SLD,2022-09-13,63.3,"Mikaeus, the Unhallowed, Akroma, Angel of Wrath, Olivia, Mobilized for War, Glissa Sunseeker"
Artist Series: Livia Prima Foil Edition,Secret Lair Drop,Other,SLD,2022-09-13,63.3,"Mikaeus, the Unhallowed, Akroma, Angel of Wrath, Olivia, Mobilized for War, Glissa Sunseeker"
Artist Series: Magali Villeneuve,Secret Lair Drop,Other,SLD,2022-08-05,49.16,"Mother of Runes, Forest, Elvish Mystic, Death's Shadow"
Artist Series: Magali Villeneuve Foil Edition,Secret Lair Drop,Other,SLD,2022-08-05,49.16,"Mother of Runes, Forest, Elvish Mystic, Death's Shadow"
Artist Series: Mark Poole,Secret Lair Drop,Other,SLD,2021-10-29,60.79,"Wasteland, Birds of Paradise, Howling Mine, Balance, Counterspell"
Artist Series: Mark Poole Foil Edition,Secret Lair Drop,Other,SLD,2021-10-29,60.79,"Wasteland, Birds of Paradise, Howling Mine, Balance, Counterspell"
Artist Series: Nils Hamm,Secret Lair Drop,Other,SLD,2022-10-25,66.48,"Sword of Truth and Justice, Contagion Engine, Deepglow Skate, Tireless Tracker"
Artist Series: Nils Hamm Foil Edition,Secret Lair Drop,Other,SLD,2022-10-25,66.48,"Sword of Truth and Justice, Contagion Engine, Deepglow Skate, Tireless Tracker"
Artist Series: Phil Foglio,Secret Lair Drop,Other,SLD,2025-06-10,53.67,"Constant Mists, Orcish Lumberjack, Goblin Bombardment, Song of the Dryads"
Artist Series: Phil Foglio Foil Edition,Secret Lair Drop,Other,SLD,2025-06-10,53.67,"Constant Mists, Orcish Lumberjack, Goblin Bombardment, Song of the Dryads"
Artist Series: Randy Vargas,Secret Lair Drop,Other,SLD,2023-04-28,66.87,"Grand Abolisher, Umezawa's Jitte, Selfless Savior, Akroma, Angel of Fury"
Artist Series: Randy Vargas Foil Edition,Secret Lair Drop,Other,SLD,2023-04-28,66.87,"Grand Abolisher, Umezawa's Jitte, Selfless Savior, Akroma, Angel of Fury"
Artist Series: Rebecca Guay,Secret Lair Drop,Other,SLD,2023-04-28,56.55,"Stoneforge Mystic, Serra the Benevolent, Muddle the Mixture, Cleansing Nova"
Artist Series: Rebecca Guay Foil Edition,Secret Lair Drop,Other,SLD,2023-04-28,56.55,"Stoneforge Mystic, Serra the Benevolent, Muddle the Mixture, Cleansing Nova"
Artist Series: Rovina Cai,Secret Lair Drop,Other,SLD,2024-04-15,78.94,"Sword of the Animist, Arcane Signet, Inalla, Archmage Ritualist, Aether Vial"
Artist Series: Rovina Cai Foil Edition,Secret Lair Drop,Other,SLD,2024-04-15,116.26,"Arcane Signet, Sword of the Animist, Inalla, Archmage Ritualist, Aether Vial"
Artist Series: Ryan Alexander Lee,Secret Lair Drop,Other,SLD,2023-08-29,37.63,"Worldspine Wurm, Nemesis of Reason, Twilight Prophet, Gaea's Blessing"
Artist Series: Ryan Alexander Lee Foil Edition,Secret Lair Drop,Other,SLD,2023-08-29,37.63,"Worldspine Wurm, Nemesis of Reason, Twilight Prophet, Gaea's Blessing"
Artist Series: Sam Burley,Secret Lair Drop,Other,SLD,2023-04-14,66.12,"Braid of Fire, Karrthus, Tyrant of Jund, Master of the Wild Hunt, Koth of the Hammer"
Artist Series: Sam Burley Foil Edition,Secret Lair Drop,Other,SLD,2023-04-14,66.12,"Braid of Fire, Karrthus, Tyrant of Jund, Master of the Wild Hunt, Koth of the Hammer"
Artist Series: Seb McKinnon,Secret Lair Drop,Other,SLD,2021-03-15,53.12,"Damnation, Swamp, Enchanted Evening, Sower of Temptation"
Artist Series: Seb McKinnon Foil Edition,Secret Lair Drop,Other,SLD,2021-03-15,53.12,"Damnation, Swamp, Enchanted Evening, Sower of Temptation"
Artist Series: Sidharth Chaturvedi,Secret Lair Drop,Other,SLD,2022-08-05,53.34,"Concordant Crossroads, Ghost Quarter, Island, Nomad Outpost"
Artist Series: Sidharth Chaturvedi Foil Edition,Secret Lair Drop,Other,SLD,2022-08-05,53.34,"Concordant Crossroads, Ghost Quarter, Island, Nomad Outpost"
Artist Series: Thomas Baxa,Secret Lair Drop,Other,SLD,2021-12-13,52.62,"Sliver Hivelord, Spellskite, Sire of Insanity, Ob Nixilis Reignited"
Artist Series: Thomas Baxa Foil Edition,Secret Lair Drop,Other,SLD,2021-12-13,52.62,"Sliver Hivelord, Spellskite, Sire of Insanity, Ob Nixilis Reignited"
Artist Series: Victor Adame Minguez,Secret Lair Drop,Other,SLD,2022-10-25,47.32,"Lord of the Undead, Knight of the White Orchid, Knight Exemplar, Compost"
Artist Series: Victor Adame Minguez Foil Edition,Secret Lair Drop,Other,SLD,2022-10-25,47.32,"Lord of the Undead, Knight of the White Orchid, Knight Exemplar, Compost"
Artist Series: Volkan Baga,Secret Lair Drop,Other,SLD,2022-09-13,40.24,"Berserk, Elspeth, Knight-Errant, Verduran Enchantress, Patron Wizard"
Artist Series: Volkan Baga Foil Edition,Secret Lair Drop,Other,SLD,2022-09-13,40.24,"Berserk, Elspeth, Knight-Errant, Verduran Enchantress, Patron Wizard"
Artist Series: Wayne Reynolds,Secret Lair Drop,Other,SLD,2022-08-05,44.86,"Balthor the Defiled, Torbran, Thane of Red Fell, Sram, Senior Edificer, Depala, Pilot Exemplar"
Artist Series: Wayne Reynolds Foil Edition,Secret Lair Drop,Other,SLD,2022-08-05,44.86,"Balthor the Defiled, Torbran, Thane of Red Fell, Sram, Senior Edificer, Depala, Pilot Exemplar"
Arzakon,Shandalar Enemy Deck,Other,PAST,1997-04-01,21758.2,"Time Walk, Ancestral Recall, Mox Pearl, Mox Emerald, Mishra's Workshop"
Ashiok,Planeswalker Deck,Other,THB,2020-01-24,6.13,"Gravebreaker Lamia, Ashiok, Sculptor of Fears, Sleep of the Dead, Pharika's Spawn, Glimpse of Freedom"
Assassin,Theme Deck,Other,UDS,1999-06-07,277.29,"Attrition, Ravenous Rats, Engineered Plague, Body Snatcher, Eradicate"
Assassin - Enhanced Deck,Enhanced Deck,Other,UDS,1999-06-07,767.01,"Powder Keg, Yawgmoth's Bargain, Volrath's Stronghold, Vampiric Tutor, Ravenous Rats"
Assassin's Creed Bundle Land Pack,Bundle Land Pack,Other,ACR,2024-07-05,5.96,"Island, Island, Mountain, Mountain, Mountain"
Assassin's Creed: Da Vinci's Designs,Secret Lair Drop,Other,SLD,2024-07-10,86.87,"Whispersilk Cloak, Darksteel Plate, Blade of Selves, Conqueror's Flail, Deathrender"
Assassin's Creed: Da Vinci's Designs Foil Edition,Secret Lair Drop,Other,SLD,2024-07-10,86.87,"Whispersilk Cloak, Darksteel Plate, Blade of Selves, Conqueror's Flail, Deathrender"
Assassin's Creed: Lethal Legends,Secret Lair Drop,Other,SLD,2024-07-10,76.8,"Ramses, Assassin Lord, Queen Marchesa, Kelsien, the Plague, Admiral Beckett Brass, Najeela, the Blade-Blossom"
Assassin's Creed: Lethal Legends Foil Edition,Secret Lair Drop,Other,SLD,2024-07-10,76.8,"Ramses, Assassin Lord, Queen Marchesa, Kelsien, the Plague, Admiral Beckett Brass, Najeela, the Blade-Blossom"
Assemble The Doomsday Machine,Archenemy Deck,Other,ARC,2010-06-18,31.72,"Batwing Brume, Lightning Greaves, Master Transmuter, Memnarch, Swamp"
Assemble Victory,Intro Pack,Other,ORI,2015-07-17,8.76,"Ghirapur Aether Grid, Alchemist's Vial, Prism Ring, Whirler Rogue, Mountain"
Astral Visionary,Shandalar Enemy Deck,Other,PAST,1997-04-01,17332.28,"Black Lotus, Time Walk, Ancestral Recall, Copy Artifact, Stasis"
At the Zoo,Jumpstart,Other,TLE,2025-11-20,10.52,"Animal Attendant, Elephant-Mandrill, Frog-Squirrels, Origin of Metalbending, Forest"
Atlantis,Jumpstart,Other,MSH,2026-06-26,12.99,"Daughter of the Deep, Namor, Scourge of the Seas, Namora, the Sea Queen, Attuma, Atlantean Warlord, Atlantean Skirmisher"
Aura Mastery,Theme Deck,Other,SHM,2008-05-02,243.81,"Twilight Shepherd, Steel of the Godhead, Puresight Merrow, Thistledown Liege, Thoughtweft Gambit"
Auras of Majesty,Arena Starter Deck,Other,M19,2018-09-27,25.1,"Satyr Enchanter, Shalai, Voice of Plenty, Sunpetal Grove, History of Benalia, Danitha Capashen, Paragon"
Aurochs Stampede,Theme Deck,Other,CSP,2006-07-21,90.44,"Boreal Druid, Hibernation's End, Highland Weald, Snow-Covered Mountain, Snow-Covered Forest"
Avacyn Restored Fat Pack Land Pack,Bundle Land Pack,Other,AVR,2012-05-04,21.44,"Forest, Forest, Swamp, Island, Plains"
Avacyn Restored Foil Redemption,MTGO Redemption,Other,AVR,2012-06-03,1014.64,"Avacyn, Angel of Hope, Cavern of Souls, Exquisite Blood, Craterhoof Behemoth, Griselbrand"
Avacyn Restored Redemption,MTGO Redemption,Other,AVR,2012-06-03,1014.64,"Avacyn, Angel of Hope, Cavern of Souls, Exquisite Blood, Craterhoof Behemoth, Griselbrand"
Avalanche!,Arena Starter Deck,Other,AFR,2021-09-24,31.45,"Ashaya, Soul of the Wild, Lotus Cobra, Barkchannel Pathway // Tidechannel Pathway, Snow-Covered Island, Snow-Covered Forest"
Avatar: The Last Airbender Bundle Land Pack,Bundle Land Pack,Other,TLA,2025-11-21,0.0,"Plains, Plains, Forest, Forest, Mountain"
Avatar: The Last Airbender: A Lot to Learn,Secret Lair Drop,Other,SLD,2025-11-18,55.38,"Serra Ascendant, Cryptolith Rite, Kodama's Reach, Ponder"
Avatar: The Last Airbender: A Lot to Learn Foil Edition,Secret Lair Drop,Other,SLD,2025-11-18,55.38,"Serra Ascendant, Cryptolith Rite, Kodama's Reach, Ponder"
Avatar: The Last Airbender: Everything Changed,Secret Lair Drop,Other,SLD,2025-11-18,63.59,"Torment of Hailfire, Blood Moon, Lightning Bolt, Dramatic Entrance"
Avatar: The Last Airbender: Everything Changed Foil Edition,Secret Lair Drop,Other,SLD,2025-11-18,63.59,"Torment of Hailfire, Blood Moon, Lightning Bolt, Dramatic Entrance"
Avatar: The Last Airbender: My Cabbages!,Secret Lair Drop,Other,SLD,2025-11-18,44.83,"Chain of Vapor, Nature's Claim, Anguished Unmaking, Meltdown, Putrefy"
Avatar: The Last Airbender: My Cabbages! Foil Edition,Secret Lair Drop,Other,SLD,2025-11-18,44.83,"Chain of Vapor, Nature's Claim, Anguished Unmaking, Meltdown, Putrefy"
Avatar: The Last Airbender: One with the Elements,Secret Lair Drop,Other,SLD,2025-11-18,50.89,"Silence, Force of Vigor, Past in Flames, Preordain, Expressive Iteration"
Avatar: The Last Airbender: One with the Elements Foil Edition,Secret Lair Drop,Other,SLD,2025-11-18,50.89,"Silence, Force of Vigor, Past in Flames, Preordain, Expressive Iteration"
Avatar: The Last Airbender: The Ember Island Players,Secret Lair Drop,Other,SLD,2025-11-18,42.77,"Braid of Fire, Cursed Mirror, Phantasmal Image, Thespian's Stage, Mask of Memory"
Avatar: The Last Airbender: The Ember Island Players Foil Edition,Secret Lair Drop,Other,SLD,2025-11-18,42.77,"Braid of Fire, Cursed Mirror, Phantasmal Image, Thespian's Stage, Mask of Memory"
Awakening Earth,Challenger Deck,Other,Q03,2019-11-08,37.25,"Breeding Pool, Nissa, Who Shakes the World, Incubation Druid, Voracious Hydra, Hydroid Krasis"
Azaar - Lichlord,Shandalar Enemy Deck,Other,PAST,1997-04-01,6656.1,"Black Lotus, Greed, Tetravus, Sol Ring, Mind Twist"
Azorius,Guild Kit,Other,GK2,2019-02-15,12.42,"Dovescape, Render Silent, Unbreakable Formation, Pride of the Clouds, Sphinx's Revelation"
Azorius Advance,Intro Pack,Other,RTR,2012-10-05,11.47,"Tablet of the Guilds, Righteous Authority, Azorius Guildgate, Island, Plains"
Azorius Ascendant,Theme Deck,Other,DIS,2006-05-05,42.71,"Isperia the Inscrutable, Azorius Chancery, Prahv, Spires of Order, Sky Hussar, Wakestone Gargoyle"
Azorius Ascension,Arena Starter Deck,Other,DOM,2018-03-22,15.24,"Spell Swindle, River's Rebuke, Expel from Orazca, Censor, Angel of Sanctions"
Azorius Authority,Intro Pack,Other,DGM,2013-05-03,0.0,"Island, Plains, Island, Plains, Lyev Skyknight"
Azorius Control,Challenger Deck,Other,Q05,2021-04-02,14.66,"Emeria's Call // Emeria, Shattered Skyclave, Shark Typhoon, Elspeth Conquers Death, Saw It Coming, Island"
Azorius Senate,Arena Starter Deck,Other,M20,2019-05-03,23.74,"Hallowed Fountain, Angel of Grace, Unbreakable Formation, Empyrean Eagle, Elite Guardmage"
Azorius Senate 1,Jumpstart,Other,CLU,2024-02-23,5.59,"Supreme Verdict, Lavinia, Foil to Conspiracy, Portal Manipulator, Oust, Azorius Chancery"
Azorius Senate 2,Jumpstart,Other,CLU,2024-02-23,13.65,"Suppressor Skyguard, Portal Manipulator, Lavinia of the Tenth, Azorius Signet, Island"
Azorius Spirits,Pioneer Challenger Deck,Other,Q06,2021-10-15,28.64,"Selfless Spirit, Brazen Borrower // Petty Theft, Watcher of the Spheres, Glacial Fortress, Spectral Sailor"
Azula,Jumpstart,Other,TLE,2025-11-20,16.21,"Dark Deal, Azula, Ruthless Firebender, Swamp, Fire Navy Trebuchet, Canyon Crawler"
Azure Skies,Arena Starter Deck,Other,ANB,2019-09-26,16.94,"Verity Circle, Spectral Sailor, Mass Manipulation, Negate, Meteor Golem"
Azure Skies 2,Arena Starter Deck,Other,ANB,2020-03-12,4.92,"Spectral Sailor, Mass Manipulation, Negate, Stolen by the Fae, Brineborn Cutthroat"
Back for More,Arena Starter Deck,Other,M21,2021-07-03,3.41,"Skull Prophet, Polukranos, Unchained, Arasta of the Endless Web, Swamp, Murderous Rider // Swift End"
Back in My Day!,Secret Lair Drop,Other,SLD,2026-05-29,47.91,"Veil of Summer, Birthing Pod, Breath of Fury, Battle Hymn"
Back in My Day! Foil Edition,Secret Lair Drop,Other,SLD,2026-05-29,47.91,"Veil of Summer, Birthing Pod, Breath of Fury, Battle Hymn"
Backup Beatdown,Starter Kit,Other,WOE,2023-09-08,10.57,"Silverback Elder, Dusk Legion Duelist, In the Trenches, Boon-Bringer Valkyrie, Siege Veteran"
Bad Advice,Jumpstart,Other,TLE,2025-11-20,0.0,"Lo and Li, Royal Advisors, Swamp, Gilacorn, Thriving Moor, Ozai's Cruelty"
Bad to the Bones,Secret Lair Drop,Other,SLD,2023-08-29,124.06,"Tinybones, Trinket Thief, Reassembling Skeleton, Geier Reach Sanitarium, Bottomless Pit, Necrogen Mists"
Bad to the Bones Foil Edition,Secret Lair Drop,Other,SLD,2023-08-29,124.06,"Tinybones, Trinket Thief, Reassembling Skeleton, Geier Reach Sanitarium, Bottomless Pit, Necrogen Mists"
Bait & Switch,Theme Deck,Other,ONS,2002-10-07,234.14,"Smother, Lonely Sandbar, Peer Pressure, Barren Moor, Swamp"
Bait and Bludgeon,Theme Deck,Other,MRD,2003-10-02,330.26,"Vault of Whispers, Seat of the Synod, Thoughtcast, Talisman of Dominance, Myr Retriever"
Balance in All Things,Arena Starter Deck,Other,SNC,2022-09-09,12.07,"Shattered Sanctum, Lion Sash, Touch the Spirit Realm, Liesa, Forgotten Archangel, The Restoration of Eiganjo // Architect of Restoration"
Band Together,MTGO Theme Deck,Other,ME2,2008-09-22,0.0,"Plains, Plains, Plains, Kjeldoran Outpost, Mishra's Factory"
Bant Exalted,Intro Pack,Other,ALA,2008-10-03,45.52,"Knight-Captain of Eos, Plains, Island, Seaside Citadel, Forest"
Bant on the March,Intro Pack,Other,CON,2009-02-06,40.5,"Plains, Terramorphic Expanse, Island, Seaside Citadel, Forest"
Barrage,Theme Deck,Other,PLS,2001-02-05,213.75,"Flametongue Kavu, Fires of Yavimaya, Fertile Ground, Thunderscape Familiar, Gaea's Herald"
Basri,Jumpstart,Other,JMP,2020-07-17,1.37,"Basri Ket, Plains, Basri's Lieutenant, Plains, Plains"
"Basri, Devoted Paladin",Planeswalker Deck,Other,M21,2020-07-03,1.15,"Speaker of the Heavens, Basri, Devoted Paladin, Plains, Basri's Lieutenant, Plains"
Battalion,Theme Deck,Other,MOR,2008-02-01,135.33,"Reveillark, Ballyrush Banneret, Preeminent Captain, Island, Mothdust Changeling"
Battle Blitz,Theme Deck,Other,EVE,2008-07-25,46.67,"Hateflayer, Balefire Liege, Patrol Signaler, Duergar Mine-Captain, Niveous Wisps"
Battle Cries,Intro Pack,Other,MBS,2011-02-04,90.9,"Memnite, Galvanic Blast, Gold Myr, Whispersilk Cloak, Signal Pest"
Battle Cry,Deck Builder's Toolkit,Other,MBS,2011-03-11,38.58,"Memnite, Emrakul's Hatcher, Signal Pest, Goblin Wardriver, Goblin Balloon Brigade"
Battle Surge,Theme Deck,Other,UDS,1999-06-07,303.69,"Urza's Incubator, Goblin Marshal, Raven Familiar, Aether Sting, Mark of Fury"
Battle Surge - Enhanced Deck,Enhanced Deck,Other,UDS,1999-06-07,23.47,"Thieving Magpie, Wild Colos, Island, Keldon Champion, Keldon Vandals"
Battle for Zendikar Fat Pack Land Pack,Bundle Land Pack,Other,BFZ,2015-10-02,21.8,"Mountain, Island, Forest, Mountain, Forest"
Battle for Zendikar Foil Redemption,MTGO Redemption,Other,BFZ,2015-11-01,332.33,"Void Winnower, Ulamog, the Ceaseless Hunger, Drana, Liberator of Malakir, Conduit of Ruin, Retreat to Hagra"
Battle for Zendikar Gift Box Land Pack,Bundle Land Pack,Other,BFZ,2015-11-13,0.0,"Swamp, Island, Island, Swamp, Swamp"
Battle for Zendikar Redemption,MTGO Redemption,Other,BFZ,2015-11-01,332.33,"Void Winnower, Ulamog, the Ceaseless Hunger, Drana, Liberator of Malakir, Conduit of Ruin, Retreat to Hagra"
Battle the Horde,Challenge Deck,Other,TBTH,2014-03-01,6.29,"Altar of Mogis, Vitality Salve, Refreshing Elixir, Touch of the Horned God, Intervention of Keranos"
Beast Master,Shandalar Enemy Deck,Other,PAST,1997-04-01,84.55,"Desert Twister, Birds of Paradise, Untamed Wilds, Nafs Asp, Aspect of Wolf"
Beast Territory,Jumpstart,Other,DMU,2022-09-09,1.66,"Forest, Briar Hydra, Haunted Mire, Wooded Ridgeline, Tangled Islet"
Beasts,Theme Deck,Other,PSAL,2005-08-01,0.0,"Forest, Forest, Forest, Forest, Forest"
Beasts (1),Jumpstart,Other,J25,2024-11-07,0.0,"Slinza, the Spiked Stampede, Woodland Liege, Explore, Gnarlid Colony, Spined Tyrranax"
Beasts (2),Jumpstart,Other,J25,2024-11-07,0.0,"Garruk, Caller of Beasts, Slinza, the Spiked Stampede, Woodland Liege, Gnarlid Colony, Garruk's Packleader"
Beginner Box - Aang Tutorial,Box Set,Other,TLA,2025-11-14,1.0,"Katara, Heroic Healer, Appa, Aang's Companion, Aang, Air Nomad, Sledding Otter-Penguin, Sokka, Wolf Cove's Protector"
Beginner Box - Allies,Box Set,Other,TLA,2025-11-14,2.55,"Allied Teamwork, Mechanical Glider, Aang, the Last Airbender, Airbending Lesson, Suki, Kyoshi Warrior"
Beginner Box - Artifacts,Box Set,Other,MSH,2026-06-26,0.0,"Repulsor Bots, Frozen in Ice, Victor Mancha, Runaway, Thriving Isle, Island"
Beginner Box - Attacking,Box Set,Other,TLA,2025-11-14,0.0,"Lion Vulture, Heartless Act, Purple Pentapus, Thriving Moor, Hei Bai, Spirit of Balance"
Beginner Box - Big Creatures,Box Set,Other,TLA,2025-11-14,7.71,"Seismic Tutelage, Frog-Squirrels, Match the Odds, Mechanical Glider, Flopsie, Bumi's Buddy"
Beginner Box - Captain America Tutorial,Box Set,Other,MSH,2026-06-26,3.92,"Captain America, Steve Rogers, Mockingbird, Bobbi Morse, Winter Soldier, Bucky Barnes, Hawkeye, Clint Barton, The Falcon, Sam Wilson"
Beginner Box - Card Draw,Box Set,Other,MSH,2026-06-26,2.36,"Stark's Ingenuity, Super Intelligence, H.E.R.B.I.E. Scout Unit, Thriving Isle, Graviton, Fundamental Force"
Beginner Box - Counters,Box Set,Other,MSH,2026-06-26,0.0,"Gamma Grotesque, Beast, Erudite Aerialist, Training Regimen, The Thing, Ben Grimm, Feral Ferocity"
Beginner Box - Earthbending,Box Set,Other,TLA,2025-11-14,10.65,"Bumi, Eclectic Earthbender, Explore, Haru, Hidden Talent, Toph, the Blind Bandit, Earthbending Lesson"
Beginner Box - Firebending,Box Set,Other,TLA,2025-11-14,0.0,"Fire Nation Archers, Thriving Bluff, Loyal Fire Sage, Roku's Mastery, Mountain"
Beginner Box - HYDRA,Box Set,Other,MSH,2026-06-26,1.27,"Madame Hydra, Reanimated, Thriving Moor, Doom's Servo-Guards, Doom Blade, Project Deathlok Soldier"
Beginner Box - Heroes,Box Set,Other,MSH,2026-06-26,0.0,"Wondrous Revival, Hawkeye, Clint Barton, Iconic Shield, Okoye, Dora Milaje Leader, Plains"
Beginner Box - Iron Man Tutorial,Box Set,Other,MSH,2026-06-26,14.45,"Smashing Spree, Iron Man, Tony Stark, Happy Hogan, Dauntless Driver, Quicksilver, Pietro Maximoff, Hulk, Bruce Banner"
Beginner Box - Ramp,Box Set,Other,MSH,2026-06-26,0.0,"Team Transmitter, Moon-Boy, Dino Rider, Thriving Grove, Undercover Skrull, Gert and Old Lace, Runaways"
Beginner Box - Spells,Box Set,Other,TLA,2025-11-14,2.67,"Water Whip, Abandon Attachments, It'll Quench Ya!, Lost in the Spirit World, Thriving Isle"
Beginner Box - Villains,Box Set,Other,MSH,2026-06-26,0.0,"Minotaur, Roxxon CEO, Baron Strucker, HYDRA Overlord, Crossbones, Malicious Mercenary, Dark Deed, Thriving Moor"
Beginner Box - Waterbending,Box Set,Other,TLA,2025-11-14,4.25,"Bender's Waterskin, The Terror of Serpent's Pass, Flying Dolphin-Fish, Deny Entry, Katara, Bending Prodigy"
Beginner Box - Young Avengers,Box Set,Other,MSH,2026-06-26,0.0,"She-Hulk, Jennifer Walters, Experimental Armor, Mountain, The Immortal Weapons, Thriving Bluff"
Beginner Box - Zuko Tutorial,Box Set,Other,TLA,2025-11-14,0.0,"Zuko, Avatar Hunter, Mountain, Iroh, Firebending Instructor, Mountain, Mountain"
Ben Rubin - Sligh,World Championship Deck,Other,WC98,1998-08-12,27.57,"Cursed Scroll, Wasteland, Ball Lightning, Fireblast, Mountain"
Berserk,Theme Deck,Other,PSAL,2005-08-01,0.0,"Forest, Forest, Forest, Forest, Forest"
"Bertrand Lestree, Finalist",Pro Tour Deck,Other,PTC,1996-05-01,146.91,"Sylvan Library, Serra Angel, Land Tax, Strip Mine, Fyndhorn Elves"
Bestial Strength,Intro Pack,Other,M14,2013-07-19,10.34,"Elvish Mystic, Into the Wilds, Fog, Kalonian Tusker, Doom Blade"
Betrayers of Kamigawa Foil Redemption,MTGO Redemption,Other,BOK,2005-03-06,2001.92,"Umezawa's Jitte, Disrupting Shoal, Toshiro Umezawa, Sickening Shoal, Ink-Eyes, Servant of Oni"
Betrayers of Kamigawa Redemption,MTGO Redemption,Other,BOK,2005-03-06,2001.92,"Umezawa's Jitte, Disrupting Shoal, Toshiro Umezawa, Sickening Shoal, Ink-Eyes, Servant of Oni"
Beyond The Grave,Theme Deck,Other,CSP,2006-07-21,61.95,"Sek'Kuar, Deathkeeper, Coldsteel Heart, Void Maw, Dark Ritual, Forest"
Bitterblossom Dreams,Secret Lair Drop,Other,SLD,2019-12-03,40.71,Bitterblossom
Black,Halfdeck,Other,UND,2020-02-28,7.08,"Booster Tutor, Jack-in-the-Mox, Swamp, Acornelia, Fashionable Filcher, Infernal Spawn of Evil"
Black Control,Deck Builder's Toolkit,Other,M14,2013-07-19,5.72,"Diabolic Tutor, Doom Blade, Quag Sickness, Corrupt, Sengir Vampire"
Black Deck,Welcome Deck,Other,SPM,2025-09-26,18.27,"Venom, Eddie Brock, Lethal Protection, Grendel, Spawn of Knull, Symbiote Spawn, Swamp"
Black Deck A,Sample Deck,Other,10E,2008-05-02,13.08,"Megrim, Swamp, Ravenous Rats, Smolder Initiate, Contaminated Bond"
Black Deck B,Sample Deck,Other,M11,2010-07-16,23.97,"Blood Seeker, Urge to Feed, Blood Tithe, Pulse Tracker, Feast of Blood"
Black Devotion,Deck Builder's Toolkit,Other,M15,2014-07-18,11.29,"Gray Merchant of Asphodel, Sign in Blood, Drown in Sorrow, Squelching Leeches, Mogis's Marauder"
Black Discard,Deck Builder's Toolkit,Other,MBS,2011-03-11,33.25,"Liliana's Caress, Bloodhusk Ritualist, Last Kiss, Mind Sludge, Phyrexian Rager"
Black Green Graveyard,Deck Builder's Toolkit,Other,M15,2014-07-18,10.25,"Nyx Weaver, Satyr Wayfinder, Graverobber Spider, Commune with the Gods, Pharika's Mender"
Black Green Toughness,Deck Builder's Toolkit,Other,ORI,2015-07-17,6.48,"Sight of the Scalelords, Coat with Venom, Kin-Tree Invocation, Colossodon Yearling, Sultai Flayer"
Black Is Magic,Secret Lair Drop,Other,SLD,2021-05-13,64.54,"Shalai, Voice of Plenty, Sol Ring, Teferi, Hero of Dominaria, Cultivate, Ponder"
Black Is Magic Foil Edition,Secret Lair Drop,Other,SLD,2021-05-13,64.54,"Shalai, Voice of Plenty, Sol Ring, Teferi, Hero of Dominaria, Cultivate, Ponder"
Black Red Minotaurs,Deck Builder's Toolkit,Other,M15,2014-07-18,0.0,"Ragemonger, Crippling Blight, Kragma Warcaller, Felhide Petrifier, Flurry of Horns"
Black Sample Deck,Sample Deck,Other,M13,2012-07-13,10.82,"Tormented Soul, Vampire Nighthawk, Liliana's Shade, Swamp, Swamp"
Black and Green Counters,Deck Builder's Toolkit,Other,AKH,2017-04-28,1.17,"Cartouche of Strength, Cartouche of Ambition, Festering Mummy, Baleful Ammit, Crocodile of the Crossing"
Black and Green Delirium,Deck Builder's Toolkit,Other,KLD,2016-09-30,1.24,"Gnarlwood Dryad, Crop Sigil, Boon of Emrakul, Sanitarium Skeleton, Mournwillow"
Black and Green Graveyard,Deck Builder's Toolkit,Other,SOI,2016-04-08,1.05,"Pulse of Murasa, Vampiric Rites, Seed Guardian, Rot Shambler, Carrier Thrall"
Black and Red Artifacts,Deck Builder's Toolkit,Other,AKH,2017-04-28,0.0,"Enraged Giant, Welder Automaton, Inventor's Apprentice, Welding Sparks, Dhund Operative"
Black and Red Attrition,Deck Builder's Toolkit,Other,SOI,2016-04-08,2.24,"Rancid Rats, Rolling Thunder, Tar Snare, Demon's Grasp, Grasp of Darkness"
Black and Red Madness,Deck Builder's Toolkit,Other,KLD,2016-09-30,3.31,"Insolent Neonate, Olivia's Bloodsworn, Furyblade Vampire, Fiery Temper, Murderous Compulsion"
Black and White Vampires,Deck Builder's Toolkit,Other,XLN,2017-09-29,1.22,"Vicious Conquistador, Anointed Deacon, Duskborne Skymarcher, Call to the Feast, Skymarch Bloodletter"
Black-Green Deck,Spellslinger Starter Kit,Other,M19,2018-10-05,10.84,"Verdant Sun's Avatar, Ghalta, Primal Hunger, Ravenous Chupacabra, Forest, Forest"
Black-Red Destruction,Deck Builder's Toolkit,Other,ROE,2010-05-21,1.46,"Doom Blade, Marsh Casualties, Quest for the Gravelord, Goblin Artillery, Rise from the Grave"
Blades of Victory,Intro Pack,Other,M11,2010-07-16,39.17,"Plains, Angelic Arbiter, Plains, Ajani's Mantra, Armored Ascension"
Blazing Beasts of Myth,Intro Pack,Other,THS,2013-09-27,5.81,"Forest, Voyaging Satyr, Destructive Revelry, Forest, Lightning Strike"
Blessed,Duel Deck,Other,DDQ,2016-02-26,9.63,"Eerie Interlude, Seraph Sanctuary, Tandem Lookout, Champion of the Parish, Geist of Saint Traft"
Blinding Fury,Theme Deck,Other,S99,1999-07-12,21.21,"Armageddon, Angel of Light, Plains, Archangel, Plains"
Blink,Jumpstart,Other,MSH,2026-06-26,4.03,"Silver Surfer, Cosmic Voyager, Spaceshift, Victor Timely, Wily Tycoon, Imperial Cosmographer, Shi'ar Soldier"
Blink 1,Jumpstart,Other,J22,2022-12-02,33.89,"Preston, the Vanisher, Flicker of Fate, Rambunctious Mutt, Wispweaver Angel, Acrobatic Maneuver"
Blink 2,Jumpstart,Other,J22,2022-12-02,12.58,"Emiel the Blessed, Flicker of Fate, Rambunctious Mutt, Distinguished Conjurer, Thriving Heath"
Blink 3,Jumpstart,Other,J22,2022-12-02,33.89,"Preston, the Vanisher, Flicker of Fate, Restoration Angel, Rambunctious Mutt, Distinguished Conjurer"
Blink 4,Jumpstart,Other,J22,2022-12-02,6.48,"Panharmonicon, Flicker of Fate, Rambunctious Mutt, Wispweaver Angel, Distinguished Conjurer"
Blood Bowl,Secret Lair Drop,Other,SLD,2022-12-05,88.83,"Defense of the Heart, Fellwar Stone, Approach of the Second Sun, Rewind, Fling"
Blood Bowl Foil Edition,Secret Lair Drop,Other,SLD,2022-12-05,88.83,"Defense of the Heart, Fellwar Stone, Approach of the Second Sun, Rewind, Fling"
Blood and Fire,Intro Pack,Other,M12,2011-07-15,29.0,"Warstorm Surge, Swiftfoot Boots, Tormented Soul, Incinerate, Swamp"
Bloody (1),Jumpstart,Other,J25,2024-11-07,0.0,"Ivora, Insatiable Heir, Anje's Ravager, Belligerent Guest, Voldaren Epicure, Thriving Bluff"
Bloody (2),Jumpstart,Other,J25,2024-11-07,0.0,"Ivora, Insatiable Heir, Markov Enforcer, Markov Blademaster, Insolent Neonate, Thriving Bluff"
Bloody (3),Jumpstart,Other,J25,2024-11-07,0.0,"Ivora, Insatiable Heir, Belligerent Guest, Insolent Neonate, Thriving Bluff, Vampiric Fury"
Bloody (4),Jumpstart,Other,J25,2024-11-07,0.0,"Ivora, Insatiable Heir, Belligerent Guest, Voldaren Epicure, Falkenrath Marauders, Voldaren Ambusher"
Bloomburrow Bundle Land Pack,Bundle Land Pack,Other,BLB,2024-09-04,7.86,"Swamp, Forest, Plains, Island, Mountain"
Bloomburrow Redemption,MTGO Redemption,Other,BLB,2024-09-04,300.88,"Three Tree City, Lumra, Bellow of the Woods, Maha, Its Feathers Night, Ral, Crackling Wit, Ygra, Eater of All"
Blossoming Growth,Arena Starter Deck,Other,SNC,2022-09-09,18.62,"Hullbreaker Horror, Colossal Skyturtle, Titan of Industry, Glorious Sunrise, Dreamroot Cascade"
Blowout,Theme Deck,Other,INV,2000-10-02,175.98,"Phyrexian Delver, Ravenous Rats, Ghitu Fire, Breath of Darigaaz, Swamp"
Blue,Halfdeck,Other,UND,2020-02-28,1.5,"Cheatyface, Rock Lobster, Alexander Clamilton, Island, B.O.B. (Bevy of Beebles)"
Blue Black Evasion,Deck Builder's Toolkit,Other,M13,2012-07-13,14.58,"Invisible Stalker, Curiosity, Gryff Vanguard, Bloodhunter Bat, Talrand's Invocation"
Blue Black Exploit,Deck Builder's Toolkit,Other,ORI,2015-07-17,34.97,"Merciless Executioner, Sidisi's Faithful, Dutiful Attendant, Silumgar Sorcerer, Rakshasa Gravecaller"
Blue Control,Deck Builder's Toolkit,Other,ROE,2010-05-21,4.7,"Wall of Frost, Into the Roil, Essence Scatter, Air Elemental, Frostwind Invoker"
Blue Deck,Welcome Deck,Other,DSK,2024-09-30,0.0,"Chart a Course, Gadwick, the Wizened, Cloudkin Seer, Academy Journeymage, Cyclone Summoner"
Blue Deck A,Sample Deck,Other,M11,2010-07-16,78.01,"Preordain, Hedron Crab, Jace's Erasure, Guard Gomazoa, Island"
Blue Deck B,Sample Deck,Other,M11,2010-07-16,23.91,"Spell Pierce, Augury Owl, Island, Aether Adept, Island"
Blue Green Enters the Battlefield,Deck Builder's Toolkit,Other,M15,2014-07-18,3.62,"Quickling, Kapsho Kitefins, Coral Barrier, Frost Lynx, Shaman of Spring"
Blue Green Secret Plans Morph,Deck Builder's Toolkit,Other,ORI,2015-07-17,0.0,"Secret Plans, Guardian Shield-Bearer, Qarsi Deceiver, Icefeather Aven, Ojutai Interceptor"
Blue Red Artifacts,Deck Builder's Toolkit,Other,ORI,2015-07-17,0.0,"Bathe in Dragonfire, Spidersilk Net, Briber's Purse, Thopter Engineer, Singing Bell Strike"
Blue Red Counterburn,Deck Builder's Toolkit,Other,ORI,2015-07-17,1.85,"Fiery Impulse, Goblinslide, Twin Bolt, Elusive Spellfist, Ravaging Blaze"
Blue Sample Deck,Sample Deck,Other,M13,2012-07-13,16.34,"Thought Scour, Archaeomancer, Jace's Phantasm, Island, Island"
Blue and Black Control,Deck Builder's Toolkit,Other,SOI,2016-04-08,0.0,"Negate, Sinister Concoction, Pale Rider of Trostad, Sanitarium Skeleton, Corpse Churn"
Blue and Black Noncreatures,Deck Builder's Toolkit,Other,AKH,2017-04-28,2.35,"Cartouche of Knowledge, Hieroglyphic Illumination, Cartouche of Ambition, Stir the Sands, Vedalken Blademaster"
Blue and Black Pirates,Deck Builder's Toolkit,Other,XLN,2017-09-29,8.45,"Siren Stormtamer, Ruthless Knave, Chart a Course, Pirate's Prize, Deadeye Plunderers"
Blue and Black Zombies,Deck Builder's Toolkit,Other,KLD,2016-09-30,1.05,"Graf Harvest, Cemetery Recruitment, Ingenious Skaab, Reckless Scholar, Compelling Deterrence"
Blue and Colorless Artifacts,Deck Builder's Toolkit,Other,KLD,2016-09-30,0.0,"Glint-Nest Crane, Filigree Familiar, Gearseeker Serpent, Experimental Aviator, Terrarion"
Blue and Green,Deck Builder's Toolkit,Other,KLD,2016-09-30,6.53,"Pore Over the Pages, Turn Aside, Watcher in the Web, Geist of the Archives, Noose Constrictor"
Blue and Green Creature control,Deck Builder's Toolkit,Other,SOI,2016-04-08,0.0,"Giant Mantis, Roiling Waters, Pack Guardian, Reckless Scholar, Tajuru Pathwarden"
Blue and Green Merfolk,Deck Builder's Toolkit,Other,XLN,2017-09-29,3.05,"Deeproot Waters, River Sneak, Kumena's Speaker, River Heralds' Boon, Watertrap Weaver"
Blue and Green Ramp,Deck Builder's Toolkit,Other,AKH,2017-04-28,1.1,"Hieroglyphic Illumination, Shefet Monitor, Lay Claim, River Serpent, Spring // Mind"
Blue and Red Instants and Sorceries,Deck Builder's Toolkit,Other,SOI,2016-04-08,16.13,"Expedite, Slip Through Space, Pore Over the Pages, Reckless Bushwhacker, Anticipate"
Blue and White Flying,Deck Builder's Toolkit,Other,KLD,2016-09-30,8.17,"Displace, Unsubstantiate, Long Road Home, Aviary Mechanic, Wispweaver Angel"
Blue-Black,Starter Kit,Other,FIN,2025-06-13,0.0,"Ultimecia, Temporal Threat, Sephiroth, Planet's Heir, Swamp, Overkill, Island"
Blue-White Fliers,Deck Builder's Toolkit,Other,ROE,2010-05-21,0.0,"Safe Passage, Sejiri Merfolk, Phantom Warrior, Fledgling Griffin, Illusionary Servant"
Blue-White Flyers,Deck Builder's Toolkit,Other,MBS,2011-03-11,30.2,"Oust, Aether Adept, Negate, Arrest, Sleep"
Boggart Feast,Theme Deck,Other,LRW,2007-10-12,95.56,"Tarfire, Swamp, Boggart Mob, Boggart Shenanigans, Boggart Harbinger"
Boltslinger,MTGO Theme Deck,Other,TD0,2010-11-08,0.0,"Hellspark Elemental, Goblin Guide, Keldon Marauders, Rift Bolt, Lava Spike"
Bomber,Theme Deck,Other,7ED,2001-04-11,704.87,"Counterspell, Force Spike, Merfolk Looter, Ancestral Memories, Boomerang"
Boneyard 1,Jumpstart,Other,J22,2022-12-02,5.3,"Oversold Cemetery, Stitcher's Supplier, Gorging Vulture, Ossuary Rats, Thriving Moor"
Boneyard 2,Jumpstart,Other,J22,2022-12-02,2.12,"Stitcher's Supplier, Shadowborn Demon, Liliana's Elite, Gorging Vulture, Ossuary Rats"
Bookworms (1),Jumpstart,Other,J25,2024-11-07,0.0,"Overflowing Insight, Faerie Vandal, Syr Elenora, the Discerning, Blink of an Eye, Cartouche of Knowledge"
Bookworms (2),Jumpstart,Other,J25,2024-11-07,3.91,"Teferi's Ageless Insight, Phantasmal Shieldback, Faerie Vandal, Syr Elenora, the Discerning, Witching Well"
Bookworms (3),Jumpstart,Other,J25,2024-11-07,0.0,"Omen of the Sea, Syr Elenora, the Discerning, Sphinx of Enlightenment, Cartouche of Knowledge, Island"
Bookworms (4),Jumpstart,Other,J25,2024-11-07,0.0,"Nadir Kraken, Phantasmal Shieldback, Faerie Vandal, Syr Elenora, the Discerning, Soul Read"
Boosted,Jumpstart,Other,MSH,2026-06-26,0.0,"Marvel Boy, Noh-Varr, Jack of Hearts, Volatile Hero, Quinjet Technician, Vision of Love, Molly Hayes, Runaway"
Booster Battle Pack: Boros,Welcome Deck,Other,GTC,2013-02-01,3.3,"Massive Raid, Boros Elite, Mountain, Plains, Plains"
Booster Battle Pack: Dimir,Welcome Deck,Other,GTC,2013-02-01,1.23,"Gridlock, Shadow Alley Denizen, Dimir Guildgate, Swamp, Island"
Booster Battle Pack: Gruul,Welcome Deck,Other,GTC,2013-02-01,2.22,"Gruul Guildgate, Pit Fight, Forest, Forest, Mountain"
Booster Battle Pack: Orzhov,Welcome Deck,Other,GTC,2013-02-01,7.86,"Gift of Orzhova, Orzhov Guildgate, Kingpin's Pet, Syndic of Tithes, Contaminated Ground"
Booster Battle Pack: Simic,Welcome Deck,Other,GTC,2013-02-01,4.87,"Ivy Lane Denizen, Nimbus Swimmer, Bioshift, Cloudfin Raptor, Forest"
Born of the Gods Foil Redemption,MTGO Redemption,Other,BNG,2014-03-09,364.83,"Phenax, God of Deception, Mogis, God of Slaughter, Xenagos, God of Revels, Brimaz, King of Oreskos, Ephara, God of the Polis"
Born of the Gods Redemption,MTGO Redemption,Other,BNG,2014-03-09,364.83,"Phenax, God of Deception, Mogis, God of Slaughter, Xenagos, God of Revels, Brimaz, King of Oreskos, Ephara, God of the Polis"
Boros,Guild Kit,Other,GK1,2018-11-02,35.59,"Aurelia, the Warleader, Legion Loyalist, Boros Charm, Legion Warboss, Master Warcraft"
Boros Assault,Arena Starter Deck,Other,DOM,2018-03-22,48.26,"Combat Celebrant, Oketra's Monument, Cartouche of Solidarity, Harsh Mentor, Fanatical Firebrand"
Boros Battalion,Intro Pack,Other,GTC,2013-02-01,3.36,"Firemane Avenger, Boros Elite, Mountain, Plains, Court Street Denizen"
Boros Legion,Arena Starter Deck,Other,M20,2019-05-03,15.03,"Sacred Foundry, Aurelia, Exemplar of Justice, Legion Warboss, Healer's Hawk, Mountain"
Boros Legion 1,Jumpstart,Other,CLU,2024-02-23,4.24,"Finale of Glory, Aegis of the Legion, Boros Signet, Novice Inspector, Boros Garrison"
Boros Legion 2,Jumpstart,Other,CLU,2024-02-23,0.0,"Boros Strike-Captain, Firemane Avenger, Krenko's Command, Boros Garrison, Ordruun Mentor"
Bound by Strength,Intro Pack,Other,AVR,2012-05-04,59.43,"Tandem Lookout, Forest, Deadeye Navigator, Forest, Wingcrafter"
Boundless Elves,Game Night Deck,Other,GN3,2022-10-14,42.83,"Imaryll, Elfhame Elite, Beast Whisperer, Elven Ambush, Immaculate Magistrate, Llanowar Tribe"
Bounty Hunter (1),Jumpstart,Other,TLE,2025-11-20,2.61,"Bastion of Remembrance, Swamp, Nyla, Shirshu Sleuth, Zuko's Conviction, Purple Pentapus"
Bounty Hunter (2),Jumpstart,Other,TLE,2025-11-20,2.61,"Bastion of Remembrance, Obsessive Pursuit, Swamp, Nyla, Shirshu Sleuth, Fire Navy Trebuchet"
Brain Dead: Creatures,Secret Lair Drop,Other,SLD,2024-07-30,60.97,"Consecrated Sphinx, Kiki-Jiki, Mirror Breaker, Wurmcoil Engine, Chaotic Goo, Meteor Golem"
Brain Dead: Creatures Foil Edition,Secret Lair Drop,Other,SLD,2024-07-30,60.97,"Consecrated Sphinx, Kiki-Jiki, Mirror Breaker, Wurmcoil Engine, Chaotic Goo, Meteor Golem"
Brain Dead: Lands,Secret Lair Drop,Other,SLD,2024-07-30,118.68,"Mountain, Mountain, Swamp, Forest, Swamp"
Brain Dead: Lands Foil Edition,Secret Lair Drop,Other,SLD,2024-07-30,118.68,"Mountain, Mountain, Swamp, Forest, Swamp"
Brain Dead: New Earth Mentality,Secret Lair Drop,Other,SLD,2026-02-24,48.14,"Jace's Archivist, Stinkweed Imp, Mirror Entity, Sakura-Tribe Elder, Mogg Assassin"
Brain Dead: New Earth Mentality Foil Edition,Secret Lair Drop,Other,SLD,2026-02-24,48.14,"Jace's Archivist, Stinkweed Imp, Mirror Entity, Sakura-Tribe Elder, Mogg Assassin"
Brain Dead: Staples,Secret Lair Drop,Other,SLD,2024-07-30,46.99,"Thought Vessel, Skullclamp, Sol Ring, Command Tower, Lightning Greaves"
Brain Dead: Staples Foil Edition,Secret Lair Drop,Other,SLD,2024-07-30,46.99,"Thought Vessel, Skullclamp, Sol Ring, Command Tower, Lightning Greaves"
Brave the Battle,Intro Pack,Other,ORI,2015-07-17,0.0,"Valor in Akros, Valeron Wardens, Plains, Sentinel of the Eternal Watch, Topan Freeblade"
Brazen Coalition,Theme Deck,Other,E02,2017-11-24,15.7,"Blatant Thievery, Angrath's Marauders, Shared Animosity, Island, Adaptive Automaton"
Breakdown,Theme Deck,Other,NEM,2000-02-14,536.31,"Hickory Woodlot, Accumulated Knowledge, Saprazzan Skerry, Ensnare, Waterfront Bouncer"
Breakdown - Enhanced Deck,Enhanced Deck,Other,NEM,2000-02-14,825.05,"Palinchron, Hickory Woodlot, Saprazzan Skerry, Ensnare, Waterfront Bouncer"
Breath of Fire,Intro Pack,Other,M11,2010-07-16,59.84,"Preordain, Lightning Bolt, Call to Mind, Augury Owl, Fire Servant"
Brian Hacker - White Weenie,World Championship Deck,Other,WC98,1998-08-12,24.17,"Tithe, Soul Warden, Cataclysm, Aura of Silence, Soltari Visionary"
Brian Kibler - Red Zone 2K2,World Championship Deck,Other,WC02,2002-08-14,125.83,"Call of the Herd, City of Brass, Birds of Paradise, Mountain, Plains"
Brian Selden - Cali Nightmare,World Championship Deck,Other,WC98,1998-08-12,195.69,"Survival of the Fittest, Volrath's Stronghold, City of Brass, Scroll Rack, Reflecting Pool"
Bring About The Undead Apocalypse,Archenemy Deck,Other,ARC,2010-06-18,26.82,"Reanimate, Bog Witch, Avatar of Woe, Swamp, Rakdos Signet"
Brood 1,Jumpstart,Other,MOM,2023-04-20,1.38,"Essence of Orthodoxy, Plains, Seedpod Caretaker, Phyrexian Pegasus, Tiller of Flesh"
Brood 2,Jumpstart,Other,MOM,2023-04-20,1.38,"Essence of Orthodoxy, Plains, Seedpod Caretaker, Phyrexian Pegasus, Seal from Existence"
Brotherhood Agents,Starter Kit,Other,ACR,2024-07-05,22.65,"Ezio, Blade of Vengeance, Achilles Davenport, Rooftop Bypass, Restart Sequence, Eagle Vision"
Brute Force,Intro Pack,Other,WWK,2010-02-05,28.29,"Lightning Bolt, Canopy Cover, Terastodon, Greenweaver Druid, Overrun"
Buff 1,Jumpstart,Other,MOM,2023-04-20,33.29,"Surrak and Goreclaw, Kami of Whispered Hopes, Ruins Recluse, Forest, Timberland Ancient"
Buff 2,Jumpstart,Other,MOM,2023-04-20,33.29,"Surrak and Goreclaw, Kami of Whispered Hopes, Ruins Recluse, Forest, Timberland Ancient"
Buggin' Out,Secret Lair Drop,Other,SLD,2023-09-15,92.18,"Noxious Revival, Eldritch Evolution, Grist, the Hunger Tide, Giant Adephage, Mazirek, Kraul Death Priest"
Buggin' Out Foil Edition,Secret Lair Drop,Other,SLD,2023-09-15,92.18,"Noxious Revival, Eldritch Evolution, Grist, the Hunger Tide, Giant Adephage, Mazirek, Kraul Death Priest"
Bumi,Jumpstart,Other,TLE,2025-11-20,5.56,"Crystalline Armor, Bumi's Feast Lecture, Origin of Metalbending, Aang, A Lot to Learn, Creeping Crystal Coating"
Burial,Theme Deck,Other,APC,2001-06-04,353.89,"Phyrexian Arena, Chromatic Sphere, Death Grasp, Forest, Elfhame Palace"
Burning,Jumpstart,Other,J25,2024-11-07,3.61,"Rionya, Fire Dancer, Play with Fire, Goblin Fireslinger, Firespitter Whelp, Firebrand Archer"
Burning Revelations,Secret Lair Drop,Other,SLD,2024-01-26,207.44,"Akroma's Memorial, Reckless Fireweaver, Consider, Price of Glory, Inspiring Overseer"
Burning Sky,MTGO Theme Deck,Other,MIR,2006-12-05,30.57,"Mystical Tutor, Mist Dragon, Mountain, Island, Subterranean Spirit"
Cabbages,Jumpstart,Other,TLE,2025-11-20,34.94,"The Cabbage Merchant, Bosco, Just a Bear, Elephant-Mandrill, Bumi's Feast Lecture, Forest"
Call of Blood,Intro Pack,Other,BFZ,2015-10-02,16.24,"Zulaport Cutthroat, Felidar Sovereign, Mortuary Mire, Drana's Emissary, Defiant Bloodlord"
Call of the Kor,Theme Deck,Other,STH,1998-03-02,12.97,"Shaman en-Kor, Flickering Ward, Soltari Champion, Nomads en-Kor, Lab Rats"
Call of the Kor - Advanced Deck,Advanced Deck,Other,STH,1998-03-02,58.37,"Tithe, Armageddon, Shaman en-Kor, Soltari Champion, Plains"
Calling All Hydra Heads,Secret Lair Drop,Other,SLD,2023-12-08,78.31,"Unbound Flourishing, Zaxara, the Exemplary, Primordial Hydra, Gargos, Vicious Watcher, Hydroid Krasis"
Camp Comrades,Box Set,Other,FIN,2025-06-13,88.86,"Flash Photography, Campsite Cuisine, Fishing Gear, Chocobo Camp, Noctis, Heir Apparent"
Can You Feel With A Heart of Steel?,Secret Lair Drop,Other,SLD,2020-06-02,52.38,"Walking Ballista, Arcbound Ravager, Darksteel Colossus"
Caretakers,Jumpstart,Other,MSH,2026-06-26,4.93,"Doctor Strange, Surgeon, MJ, Rising Star, Night Nurse, Healer of Heroes, Donald Blake, Guise of Thor, Doctor Jane Foster"
Carlos Romão - Psychatog,World Championship Deck,Other,WC02,2002-08-14,51.53,"Psychatog, Swamp, Island, Cephalid Coliseum, Island"
Carnival of Blood,Intro Pack,Other,ISD,2011-09-30,48.49,"Rakish Heir, Diabolic Tutor, Mask of Avacyn, Blood Seeker, Falkenrath Noble"
Cats,Jumpstart,Other,FDN,2024-11-15,0.0,"Helpful Hunter, Leonin Vanguard, Prideful Parent, Elspeth's Smite, Felidar Savior"
Cats (1),Jumpstart,Other,JMP,2020-07-17,2.67,"Feline Sovereign, Sabertooth Mauler, Canopy Stalker, Pridemalkin, Forest"
Cats (2),Jumpstart,Other,JMP,2020-07-17,22.77,"Lurking Predators, Feline Sovereign, Canopy Stalker, Pridemalkin, Forest"
Cats 1,Jumpstart,Other,J22,2022-12-02,1.29,"Regal Caracal, King of the Pride, Felidar Cub, Make a Stand, Thriving Heath"
Cats 2,Jumpstart,Other,J22,2022-12-02,2.43,"Felidar Retreat, Trove Warden, King of the Pride, Make a Stand, Thriving Heath"
Cats 3,Jumpstart,Other,J22,2022-12-02,12.2,"Ajani, Strength of the Pride, King of the Pride, Make a Stand, Thriving Heath, Ajani's Pridemate"
Cats 4,Jumpstart,Other,J22,2022-12-02,11.06,"Leonin Warleader, King of the Pride, Make a Stand, Thriving Heath, Pouncing Lynx"
Cats Are Better Than Dogs,Secret Lair Drop,Other,SLD,2025-03-18,120.57,"Arcane Signet, Basilisk Collar, Titanic Ultimatum, Escape to the Wilds, Rip Apart"
Cats Are Better Than Dogs Foil Edition,Secret Lair Drop,Other,SLD,2025-03-18,120.57,"Arcane Signet, Basilisk Collar, Titanic Ultimatum, Escape to the Wilds, Rip Apart"
Cats of Chaos,Secret Lair Drop,Other,SLD,2026-06-16,74.37,"Aura Shards, Aggravated Assault, Chaos Warp, Utopia Sprawl, Fell the Mighty"
Cats of Chaos Foil Edition,Secret Lair Drop,Other,SLD,2026-06-16,74.37,"Aura Shards, Aggravated Assault, Chaos Warp, Utopia Sprawl, Fell the Mighty"
Cavalcade Charge,Challenger Deck,Other,Q04,2020-04-03,31.48,"Embercleave, Runaway Steam-Kin, Torbran, Thane of Red Fell, Chandra, Acolyte of Flame, Cavalcade of Calamity"
Celestial Assault,Theme Deck,Other,ONS,2002-10-07,102.27,"Oblation, Seaside Haven, Island, Airborne Aid, Island"
Centaur Shaman,Shandalar Enemy Deck,Other,PAST,1997-04-01,76.15,"Birds of Paradise, Carrion Ants, Whirling Dervish, Dark Ritual, Cockatrice"
Centaur Warchief,Shandalar Enemy Deck,Other,PAST,1997-04-01,421.28,"Mountain, Land Tax, Colossus of Sardia, Ali Baba, Kismet"
Champions of Kamigawa Foil Redemption,MTGO Redemption,Other,CHK,2004-10-31,3657.52,"Minamo, School at Water's Edge, Dosan the Falling Leaf, Gifts Ungiven, Kiki-Jiki, Mirror Breaker, Sensei's Divining Top"
Champions of Kamigawa Redemption,MTGO Redemption,Other,CHK,2004-10-31,3657.52,"Minamo, School at Water's Edge, Dosan the Falling Leaf, Gifts Ungiven, Kiki-Jiki, Mirror Breaker, Sensei's Divining Top"
Chandra,Duel Deck,Other,DD2,2008-11-07,1.17,"Chandra Nalaar, Fireblast, Incinerate, Seal of Fire, Rakdos Pit Dragon"
Chandra Japanese,Duel Deck,Other,DD2,2008-11-07,0.0,"Fireblast, Incinerate, Seal of Fire, Rakdos Pit Dragon, Firebolt"
"Chandra, Bold Pyromancer",Planeswalker Deck,Other,DOM,2018-04-27,20.5,"Marwyn, the Nurturer, Llanowar Elves, Grunn, the Lonely King, Chandra, Bold Pyromancer, Gilded Lotus"
"Chandra, Flame's Catalyst",Planeswalker Deck,Other,M21,2020-07-03,10.3,"Chandra, Flame's Catalyst, Chandra's Incinerator, Unleash Fury, Mountain, Double Vision"
"Chandra, Flame's Fury",Planeswalker Deck,Other,M20,2019-07-29,2.61,"Chandra, Flame's Fury, Drakuseth, Maw of Flames, Mountain, Chandra's Outrage, Chandra's Flame Wave"
"Chandra, Pyrogenius",Planeswalker Deck,Other,KLD,2016-09-30,1.02,"Fateful Showdown, Chandra, Pyrogenius, Aerial Responder, Fleetwheel Cruiser, Cathartic Reunion"
Chaos,Jumpstart,Other,J25,2024-11-07,4.02,"Violent Outburst, Chromatic Lantern, Druid of the Anima, Maelstrom Colossus, Averna, the Chaos Bloom"
Chaos Reigns,Planechase Deck,Other,PCA,2016-11-25,4.85,"Maelstrom Wanderer, Beast Within, Whirlpool Warrior, Cultivate, Peregrine Drake"
Chaos and Mayhem,Arena Starter Deck,Other,M19,2018-09-27,23.26,"Goblin Trashmaster, Goblin Instigator, Dragonskull Summit, Rekindling Phoenix, Open the Graves"
Charge of the Boros,Theme Deck,Other,RAV,2005-10-07,80.87,"Sunforger, Sunhome, Fortress of the Legion, Lightning Helix, Boros Garrison, Boros Recruit"
Charging Ahead,Arena Starter Deck,Other,LTR,2023-06-20,26.37,"Surrak and Goreclaw, Samut, Vizier of Naktamun, Copperline Gorge, Rampaging Raptor, Wooded Ridgeline"
Chargoyf,Theme Deck,Other,BRB,1999-11-12,24.79,"Spike Weaver, Lhurgoyf, Seeker of Skybreak, Forest, Forest"
Children of Fate,Box Set,Other,FIN,2025-06-13,39.39,"Edea, Possessed Sorceress, Rinoa, Angel Wing, Fated Clash, Duelist's Flame, Squall, Gunblade Duelist"
Cho-Manno's Resolve,Theme Deck,Other,10E,2007-07-13,38.17,"Pariah, Cho-Manno, Revolutionary, Angel of Mercy, Serra's Embrace, Icy Manipulator"
Chucky,Secret Lair Drop,Other,SLD,2024-10-01,55.57,"Kardur, Doomscourge // Kardur, Doomscourge, Twinflame, Varragoth, Bloodsky Sire, Phyrexian Reclamation, Genesis Chamber"
Chucky Foil Edition,Secret Lair Drop,Other,SLD,2024-10-01,55.57,"Kardur, Doomscourge // Kardur, Doomscourge, Twinflame, Varragoth, Bloodsky Sire, Phyrexian Reclamation, Genesis Chamber"
Cinder Heart,Theme Deck,Other,BRB,1999-11-12,48.75,"Reanimate, Sadistic Glee, Living Death, Sewer Rats, Dark Ritual"
City Styles,Secret Lair Drop,Other,SLD,2023-04-14,309.64,"Teysa Karlov, Azusa, Lost but Seeking, Paradise Mantle, Sakashima the Impostor, Massacre Girl"
City Styles 2: Dressed to Kill,Secret Lair Drop,Other,SLD,2025-02-11,114.3,"Veyran, Voice of Duality, Ninja of the Deep Hours, Karmic Guide, Captain Sisay, Selvala, Explorer Returned"
City Styles 2: Dressed to Kill Foil Edition,Secret Lair Drop,Other,SLD,2025-02-11,114.3,"Veyran, Voice of Duality, Ninja of the Deep Hours, Karmic Guide, Captain Sisay, Selvala, Explorer Returned"
City Styles Foil Edition,Secret Lair Drop,Other,SLD,2023-04-14,309.64,"Teysa Karlov, Azusa, Lost but Seeking, Paradise Mantle, Sakashima the Impostor, Massacre Girl"
Claws of Vengeance,Theme Deck,Other,PS11,2011-01-01,0.0,"Forest, Forest, Forest, Forest, Plains"
Cleric,Shandalar Enemy Deck,Other,PAST,1997-04-01,28.0,"Meekstone, Savannah Lions, Swords to Plowshares, Tawnos's Weaponry, Amrou Kithkin"
Clerics (1),Jumpstart,Other,J25,2024-11-07,0.0,"Taborax, Hope's Demise, Nullpriest of Oblivion, Skemfar Shadowsage, Archfiend's Vessel, Scion of the Swarm"
Clerics (2),Jumpstart,Other,J25,2024-11-07,0.0,"Priest of Gix, Taborax, Hope's Demise, Elderfang Disciple, Severed Strands, Archfiend's Vessel"
Clerics (3),Jumpstart,Other,J25,2024-11-07,9.12,"Vito, Thorn of the Dusk Rose, Skemfar Shadowsage, Elderfang Disciple, Moment of Craving, Scion of Darkness"
Clerics (4),Jumpstart,Other,J25,2024-11-07,10.47,"Vito, Thorn of the Dusk Rose, Priest of Forgotten Gods, Priest of Gix, Skemfar Shadowsage, Archfiend's Vessel"
Clue Edition Core Contents,Box Set,Other,CLU,2024-02-23,19.08,"Mastermind Plum, Apothecary White, Headliner Scarlett, Emissary Green, Commander Mustard"
Coalition Corps,Jumpstart,Other,DMU,2022-09-09,6.45,"Plains, Serra Redeemer, Love Song of Night and Day, Resolute Reinforcements, Plains"
Coalition Legion,Jumpstart,Other,DMU,2022-09-09,6.45,"Plains, Serra Redeemer, Love Song of Night and Day, Knight of Dawn's Light, Plains"
Code of the Orzhov,Theme Deck,Other,GPT,2006-02-03,68.18,"Teysa, Orzhov Scion, Hissing Miasma, Orzhov Basilica, Martyred Rusalka, Orzhova, the Church of Deals"
Cold-Blooded Killers,Arena Starter Deck,Other,ANB,2020-08-13,0.0,"Sanitarium Skeleton, Typhoid Rats, Malakir Cullblade, Vampire Opportunist, Mardu Outrider"
Coldsnap Fat Pack Land Pack,Bundle Land Pack,Other,CSP,2006-07-21,37.12,"Snow-Covered Island, Snow-Covered Mountain, Snow-Covered Forest, Snow-Covered Plains, Snow-Covered Swamp"
Coldsnap Foil Redemption,MTGO Redemption,Other,CSP,2006-08-20,2079.19,"Commandeer, Rite of Flame, Dark Depths, Counterbalance, Zur the Enchanter"
Coldsnap Redemption,MTGO Redemption,Other,CSP,2006-08-20,2079.19,"Commandeer, Rite of Flame, Dark Depths, Counterbalance, Zur the Enchanter"
Collectors' Edition,Box Set,Other,CED,1993-12-10,16134.76,"Black Lotus, Timetwister, Mox Jet, Mox Sapphire, Mox Emerald"
Comeback,Theme Deck,Other,PLS,2001-02-05,285.14,"Cavern Harpy, Nightscape Familiar, Ravenous Rats, Coastal Tower, Dromar's Cavern"
Commander Collection Black,Box Set,Other,CC2,2022-01-28,93.31,"Sol Ring, Reanimate, Toxic Deluge, Ophiomancer, Command Tower"
Commander Collection Black Premium,Box Set,Other,CC2,2022-01-28,93.31,"Sol Ring, Reanimate, Toxic Deluge, Ophiomancer, Command Tower"
Commander Collection: Green,Box Set,Other,CC1,2020-12-04,146.02,"Seedborn Muse, Worldly Tutor, Sylvan Library, Sol Ring, Command Tower"
Commander Collection: Green - Premium,Box Set,Other,CC1,2020-12-04,146.02,"Seedborn Muse, Worldly Tutor, Sylvan Library, Sol Ring, Command Tower"
Commander Legends: Battle for Baldur's Gate Bundle Land Pack,Bundle Land Pack,Other,CLB,2022-06-10,0.0,"Plains, Island, Mountain, Plains, Island"
Commander's Arsenal,Box Set,Other,CM1,2012-10-23,295.37,"Rhystic Study, Scroll Rack, Sylvan Library, Command Tower, Diaochan, Artful Beauty"
Commander's Arsenal Oversized,Box Set,Other,OCM1,2012-10-23,218.99,"Sliver Queen, Azusa, Lost but Seeking, Karn, Silver Golem, Karrthus, Tyrant of Jund, Grimgrin, Corpse-Born"
Company of Knights,Arena Starter Deck,Other,M21,2021-07-03,13.09,"Embercleave, Grasping Giant, Basri's Lieutenant, Worthy Knight, Plains"
Concerted Effort,Intro Pack,Other,OGW,2016-01-22,0.0,"Expedition Envoy, Veteran Warleader, Angel of Renewal, Evolving Wilds, Relief Captain"
Conflux Foil Redemption,MTGO Redemption,Other,CON,2009-03-08,536.16,"Maelstrom Archangel, Master Transmuter, Exotic Orchard, Kederekt Parasite, Progenitus"
Conflux Redemption,MTGO Redemption,Other,CON,2009-03-08,536.16,"Maelstrom Archangel, Master Transmuter, Exotic Orchard, Kederekt Parasite, Progenitus"
Conjurer,Shandalar Enemy Deck,Other,PAST,1997-04-01,112.5,"Aladdin's Ring, Fellwar Stone, Apprentice Wizard, Counterspell, Giant Tortoise"
Conniving,Jumpstart,Other,MSH,2026-06-26,2.69,"Mysterio's Mirage, Leader, Super-Genius, Tiger Shark, Abyssal Hunter, Kid Loki, Flying Octobot"
Conquering Hordes,Event Deck,Other,KTK,2014-09-26,45.05,"Dictate of Erebos, Spear of Heliod, Dictate of Heliod, Bloodsoaked Champion, Spirit Bonds"
Constellation 1,Jumpstart,Other,J22,2022-12-02,2.73,"Sage's Reverie, Archon of Sun's Grace, Spirited Companion, Chains of Custody, Thriving Heath"
Constellation 2,Jumpstart,Other,J22,2022-12-02,1.66,"Sage's Reverie, Sigil of the Empty Throne, Alseid of Life's Bounty, Spirited Companion, Chains of Custody"
Control Center,Arena Starter Deck,Other,AFR,2021-09-24,19.66,"Mind Flayer, Clearwater Pathway // Murkwater Pathway, Baleful Mastery, Ice Tunnel, Iymrith, Desert Doom"
Cool Ocean Breeze,Secret Lair Drop,Other,SLD,2023-04-28,272.31,"Thassa's Oracle, Thassa, Deep-Dwelling, Master of Waves, Llawan, Cephalid Empress"
Cool Ocean Breeze Foil Edition,Secret Lair Drop,Other,SLD,2023-04-28,272.31,"Thassa's Oracle, Thassa, Deep-Dwelling, Master of Waves, Llawan, Cephalid Empress"
Copied (1),Jumpstart,Other,J25,2024-11-07,0.0,"Crimson Wisps, Zada, Hedron Grinder, Young Pyromancer, Fists of Flame, Invigorated Rampage"
Copied (2),Jumpstart,Other,J25,2024-11-07,0.0,"Zada, Hedron Grinder, Young Pyromancer, Firespitter Whelp, Charmbreaker Devils, Kiln Fiend"
Core Set 2019 Bundle Land Pack,Bundle Land Pack,Other,M19,2018-07-13,0.0,"Forest, Forest, Mountain, Forest, Plains"
Core Set 2019 Foil Redemption,MTGO Redemption,Other,M19,2018-08-12,463.68,"Scapeshift, Nicol Bolas, the Ravager // Nicol Bolas, the Arisen, Crucible of Worlds, Arcades, the Strategist, Resplendent Angel"
Core Set 2019 Redemption,MTGO Redemption,Other,M19,2018-08-12,463.68,"Scapeshift, Nicol Bolas, the Ravager // Nicol Bolas, the Arisen, Crucible of Worlds, Arcades, the Strategist, Resplendent Angel"
Core Set 2020 Bundle Land Pack,Bundle Land Pack,Other,M20,2019-07-12,0.0,"Swamp, Swamp, Mountain, Mountain, Forest"
Core Set 2020 Foil Redemption,MTGO Redemption,Other,M20,2019-08-11,481.61,"Field of the Dead, Veil of Summer, Kaalia, Zenith Seeker, Chandra, Awakened Inferno, Cavalier of Night"
Core Set 2020 Redemption,MTGO Redemption,Other,M20,2019-08-11,481.61,"Field of the Dead, Veil of Summer, Kaalia, Zenith Seeker, Chandra, Awakened Inferno, Cavalier of Night"
Core Set 2021 Bundle Land Pack,Bundle Land Pack,Other,M21,2020-07-03,0.0,"Swamp, Swamp, Plains, Plains, Plains"
Core Set 2021 Foil Redemption,MTGO Redemption,Other,M21,2020-08-02,303.7,"Chromatic Orrery, Terror of the Peaks, Grim Tutor, Fiery Emancipation, Heroic Intervention"
Core Set 2021 Redemption,MTGO Redemption,Other,M21,2020-08-02,303.7,"Chromatic Orrery, Terror of the Peaks, Grim Tutor, Fiery Emancipation, Heroic Intervention"
Core Set 2021 Welcome Booster,Welcome Booster,Other,M21,2020-07-03,19.53,"Niv-Mizzet, Parun, Demon of Loathing, Underworld Dreams, Garruk, Primal Hunter, Archetype of Imagination"
Corruption 1,Jumpstart,Other,ONE,2023-02-10,1.41,"Drown in Ichor, Kinzu of the Bleak Coven, Pestilent Syphoner, Annihilating Glare, Anoint with Affliction"
Corruption 2,Jumpstart,Other,ONE,2023-02-10,0.0,"Kinzu of the Bleak Coven, Infectious Inquiry, Vraska's Fall, Bilious Skulldweller, Necrogen Communion"
Counter Surge,Challenger Deck,Other,Q01,2018-04-06,41.18,"Walking Ballista, Verdurous Gearhulk, Fatal Push, Swamp, Forest"
Counterargument,Jumpstart,Other,MSH,2026-06-26,7.66,"Matt Murdock, Justice Seeker, She-Hulk, Attorney-at-Law, Foggy Nelson, On Retainer, Costume Closet, Vault Guardsman"
Counterburn,Deck Builder's Toolkit,Other,M14,2013-07-19,4.35,"Guttersnipe, Goblin Electromancer, Syncopate, Izzet Charm, Nivix Cyclops"
Courageous 1,Jumpstart,Other,LTR,2023-06-23,2.29,"Saradoc, Master of Buckland, Rosie Cotton of South Lane, Bill the Pony, Plains, Slip On the Ring"
Courageous 2,Jumpstart,Other,LTR,2023-06-23,4.85,"Reprieve, Saradoc, Master of Buckland, Rosie Cotton of South Lane, Bill the Pony, Plains"
Crack the Case,Arena Starter Deck,Other,OTJ,2024-07-08,19.58,"Meticulous Archive, Proft's Eidetic Memory, Forensic Gadgeteer, Alquist Proft, Master Sleuth, No Witnesses"
Crag Hydra,Shandalar Enemy Deck,Other,PAST,1997-04-01,277.75,"Mountain, Shivan Dragon, Inferno, Detonate, Mana Flare"
Creep and Conquer,Event Deck,Other,RTR,2012-10-26,38.6,"Ulvenwald Tracker, Disciple of Bolas, Woodland Cemetery, Golgari Charm, Victim of Night"
Creepshow,Secret Lair Drop,Other,SLD,2023-11-30,68.09,"Death Baron // Death Baron, Grimgrin, Corpse-Born // Grimgrin, Corpse-Born, Noxious Ghoul // Noxious Ghoul, Unholy Grotto // Unholy Grotto, Zombie Master // Zombie Master"
Creepshow Foil Edition,Secret Lair Drop,Other,SLD,2023-11-30,68.09,"Death Baron // Death Baron, Grimgrin, Corpse-Born // Grimgrin, Corpse-Born, Noxious Ghoul // Noxious Ghoul, Unholy Grotto // Unholy Grotto, Zombie Master // Zombie Master"
Cries of Rage,Theme Deck,Other,PS11,2011-01-01,0.0,"Mountain, Mountain, Mountain, Mountain, Forest"
Critical Mass,Theme Deck,Other,SOK,2005-06-03,175.12,"Shuko, Thoughts of Ruin, Honden of Infinite Rage, Honden of Night's Reach, Okiba-Gang Shinobi"
Critter Corps,Arena Promotional Deck,Other,M21,2021-07-03,145.84,"The Great Henge, The Ozolith, Fabled Passage, Ram Through, Selfless Savior"
Crocodile Jackson's Monstrous Menagerie,Secret Lair Drop,Other,SLD,2022-05-06,76.66,"Managorger Hydra, Pathbreaker Ibex, Temur Sabertooth, Winding Constrictor, Ravenous Chupacabra"
Crocodile Jackson's Monstrous Menagerie Foil Etched Edition,Secret Lair Drop,Other,SLD,2022-05-06,76.66,"Managorger Hydra, Pathbreaker Ibex, Temur Sabertooth, Winding Constrictor, Ravenous Chupacabra"
Cruel 1,Jumpstart,Other,J22,2022-12-02,8.17,"Creeping Bloodsucker, Termination Facilitator, Syr Konrad, the Grim, Ob Nixilis, the Hate-Twisted, Tormented Soul"
Cruel 2,Jumpstart,Other,J22,2022-12-02,7.15,"Creeping Bloodsucker, Termination Facilitator, Plague Spitter, Infernal Idol, Feast on the Fallen"
Cruel 3,Jumpstart,Other,J22,2022-12-02,4.33,"Creeping Bloodsucker, Dread Slaver, Festering Evil, Infernal Idol, Feast on the Fallen"
Cruel 4,Jumpstart,Other,J22,2022-12-02,9.94,"Dread Presence, Creeping Bloodsucker, Tormented Soul, Infernal Idol, Feast on the Fallen"
Cruel Plots,Intro Pack,Other,DTK,2015-03-27,9.83,"Island, Coat with Venom, Silumgar's Scorn, Sidisi's Faithful, Necromaster Dragon"
Crusader,Shandalar Enemy Deck,Other,PAST,1997-04-01,95.56,"Dancing Scimitar, Eye for an Eye, Swords to Plowshares, White Knight, Battering Ram"
Crusher,Theme Deck,Other,ULG,1999-02-15,521.03,"Defense of the Heart, Mother of Runes, Treetop Village, Rancor, Weatherseed Treefolk"
Crusher - Enhanced Deck,Enhanced Deck,Other,ULG,1999-02-15,1905.56,"Gaea's Cradle, Might of Oaks, Eladamri, Lord of Leaves, Weatherseed Treefolk, City of Brass"
Cult of Rakdos,Arena Starter Deck,Other,M20,2019-05-03,33.53,"Blood Crypt, Bedevil, Spawn of Mayhem, Spear Spewer, Mayhem Devil"
Cult of Rakdos 1,Jumpstart,Other,CLU,2024-02-23,3.27,"Frenzied Gorespawn, Rakdos Signet, Spawn of Mayhem, Deadly Dispute, Incriminating Impetus"
Cult of Rakdos 2,Jumpstart,Other,CLU,2024-02-23,5.24,"Rakdos, the Showstopper, Carnage Interpreter, Incriminating Impetus, Rakdos Carnarium, Light Up the Stage"
Culture Shocks: Bant,Secret Lair Drop,Other,SLD,2021-08-25,28.38,"Breeding Pool, Hallowed Fountain, Temple Garden"
Culture Shocks: Esper,Secret Lair Drop,Other,SLD,2021-08-25,33.95,"Watery Grave, Godless Shrine, Hallowed Fountain"
Culture Shocks: Grixis,Secret Lair Drop,Other,SLD,2021-08-25,46.74,"Steam Vents, Watery Grave, Blood Crypt"
Culture Shocks: Jund,Secret Lair Drop,Other,SLD,2021-08-25,38.22,"Overgrown Tomb, Blood Crypt, Stomping Ground"
Culture Shocks: Naya,Secret Lair Drop,Other,SLD,2021-08-25,32.09,"Sacred Foundry, Stomping Ground, Temple Garden"
Cunning,Duel Deck,Other,DDN,2014-09-05,0.0,"Arcanis the Omnipotent, Jeskai Elder, Mana Leak, Master Decoy, Lightning Angel"
Cunning 1,Jumpstart,Other,LTR,2023-11-03,0.0,"Ioreth of the Healing House, Minas Tirith Garrison, The Bath Song, Arwen's Gift, Glorious Gale"
Cunning 2,Jumpstart,Other,LTR,2023-11-03,5.5,"Lórien Revealed, Mirror of Galadriel, Minas Tirith Garrison, Elrond, Lord of Rivendell, Horses of the Bruinen"
Cunning Plan,Intro Pack,Other,FRF,2015-01-23,12.2,"Monastery Swiftspear, Refocus, Void Snare, Island, Mistfire Adept"
Cursed,Duel Deck,Other,DDQ,2016-02-26,2.21,"Gravecrawler, Harvester of Souls, Dread Return, Victim of Night, Unbreathing Horde"
Custom Creatures,Theme Deck,Other,9ED,2005-07-29,87.24,"Naturalize, Verduran Enchantress, Overgrowth, Llanowar Elves, Forest"
Cycling 1,Jumpstart,Other,J22,2022-12-02,0.0,"Yidaro, Wandering Monster, Drannith Stinger, Quakefoot Cyclops, Thriving Bluff, Deem Worthy"
Cycling 2,Jumpstart,Other,J22,2022-12-02,0.0,"Mad Ratter, Irencrag Pyromancer, Drannith Stinger, Starstorm, Thriving Bluff"
DOOM,Jumpstart,Other,MSH,2026-06-26,102.63,"Doctor Doom, Unrivaled, Dark Ritual, Doomsday, Doombot Harbinger, Doomfall"
Dan Frazier Is Back Again: The Allied Talismans,Secret Lair Drop,Other,SLD,2022-10-25,216.19,"Talisman of Dominance, Talisman of Indulgence, Talisman of Progress, Talisman of Impulse, Talisman of Unity"
Dan Frazier Is Back Again: The Allied Talismans Foil Etched Edition,Secret Lair Drop,Other,SLD,2022-10-25,216.19,"Talisman of Dominance, Talisman of Indulgence, Talisman of Progress, Talisman of Impulse, Talisman of Unity"
Dan Frazier Is Back Again: The Enemy Talismans,Secret Lair Drop,Other,SLD,2022-10-25,123.37,"Talisman of Creativity, Talisman of Hierarchy, Talisman of Curiosity, Talisman of Conviction, Talisman of Resilience"
Dan Frazier Is Back Again: The Enemy Talismans Foil Etched Edition,Secret Lair Drop,Other,SLD,2022-10-25,123.37,"Talisman of Creativity, Talisman of Hierarchy, Talisman of Curiosity, Talisman of Conviction, Talisman of Resilience"
Dan Frazier is Back: The Allied Signets,Secret Lair Drop,Other,SLD,2021-10-29,102.71,"Rakdos Signet, Dimir Signet, Azorius Signet, Gruul Signet, Selesnya Signet"
Dan Frazier is Back: The Allied Signets Foil Edition,Secret Lair Drop,Other,SLD,2021-10-29,102.71,"Rakdos Signet, Dimir Signet, Azorius Signet, Gruul Signet, Selesnya Signet"
Dan Frazier is Back: The Enemy Signets,Secret Lair Drop,Other,SLD,2021-10-29,97.3,"Izzet Signet, Orzhov Signet, Boros Signet, Simic Signet, Golgari Signet"
Dan Frazier is Back: The Enemy Signets Foil Edition,Secret Lair Drop,Other,SLD,2021-10-29,97.3,"Izzet Signet, Orzhov Signet, Boros Signet, Simic Signet, Golgari Signet"
Dan Frazier's Mox Box,Secret Lair Drop,Other,SLD,2023-09-14,475.66,"Mox Opal, Sol Ring, Mox Tantalite"
Dandân Deck,Dandan Deck,Other,SLD,2026-03-17,99.79,"Mystic Sanctuary, Capture of Jingzhou, Mental Note, Island, Dandân"
Dangerous,Clash Pack,Other,ORI,2015-07-17,12.29,"Abzan Falconer, Dromoka, the Eternal, Abzan Battle Priest, Avatar of the Resolute, Sandsteppe Citadel"
Dangerous Knowledge,Intro Pack,Other,EMN,2016-07-22,6.19,"Pore Over the Pages, Turn Aside, Niblis of Frost, Take Inventory, Pieces of the Puzzle"
Daniel Zink - White-Blue-Green Wake,World Championship Deck,Other,WC03,2003-08-06,43.04,"Flooded Strand, Forest, Mirari's Wake, Moment's Peace, Island"
Dark Alliance,Theme Deck,Other,ATH,1998-11-01,61.57,"Strip Mine, Goblin Recruiter, Hypnotic Specter, Goblin King, Pyrokinesis"
Dark Ascension Fat Pack Land Pack,Bundle Land Pack,Other,DKA,2012-02-03,15.32,"Mountain, Swamp, Island, Plains, Island"
Dark Ascension Foil Redemption,MTGO Redemption,Other,DKA,2012-03-04,377.25,"Mikaeus, the Unhallowed, Grafdigger's Cage, Drogskol Reaver, Vault of the Archangel, Moonveil Dragon"
Dark Ascension Redemption,MTGO Redemption,Other,DKA,2012-03-04,377.25,"Mikaeus, the Unhallowed, Grafdigger's Cage, Drogskol Reaver, Vault of the Archangel, Moonveil Dragon"
Dark Devotion,Theme Deck,Other,BOK,2005-02-04,54.33,"Heartless Hidetsugu, Blood Speaker, Yukora, the Prisoner, Overblaze, Mark of the Oni"
Dark Sacrifice,Game Night Deck,Other,GN3,2022-10-14,25.72,"Vogar, Necropolis Tyrant, Vilis, Broker of Blood, Demon of Loathing, Village Rites, Ravenous Chupacabra"
Darksteel Foil Redemption,MTGO Redemption,Other,DST,2004-03-07,1566.64,"Skullclamp, Panoptic Mirror, Arcbound Ravager, Darksteel Forge, Memnarch"
Darksteel Redemption,MTGO Redemption,Other,DST,2004-03-07,1566.64,"Skullclamp, Panoptic Mirror, Arcbound Ravager, Darksteel Forge, Memnarch"
Dave Humpherys - Blue-Green Madness,World Championship Deck,Other,WC03,2003-08-06,59.84,"City of Brass, Aquamoeba, Island, Arrogant Wurm, Careful Study"
Day of the Dragon,Starter Kit,Other,WOE,2023-09-08,6.32,"Shivan Devastator, Sarkhan, Soul Aflame, Ingenious Prodigy, Ragefire Hellkite, Aether Channeler"
Dead Again,Theme Deck,Other,9ED,2005-07-29,41.94,"Demon's Horn, Underworld Dreams, Nightmare, Swamp, Swamp"
Dead Ahead,Intro Pack,Other,ARB,2009-04-30,29.02,"Terramorphic Expanse, Swamp, Mountain, Lightning Reaver, Mountain"
Dead and Alive,MTGO Theme Deck,Other,WTH,2007-12-12,27.89,"Necromancy, Buried Alive, Infernal Tribute, Swamp, Swamp"
Deadly Discovery,Challenger Deck,Other,Q02,2019-04-12,43.77,"Overgrown Tomb, The Eldest Reborn, Vraska, Relic Seeker, Llanowar Elves, Wildgrowth Walker"
Deadly Instinct,Theme Deck,Other,S99,1999-07-12,3.29,"Ancient Craving, Swamp, Swamp, Swamp, Ravenous Rats"
Deadspread,Intro Pack,Other,SOM,2010-10-01,91.31,"Contagion Engine, Leaden Myr, Silver Myr, Throne of Geth, Thrummingbird"
"Death Is Temporary, Metal Is Forever",Secret Lair Drop,Other,SLD,2023-08-29,237.3,"Nekusar, the Mindrazer, Syr Konrad, the Grim, Underworld Dreams, Waste Not, Wheel of Misfortune"
"Death Is Temporary, Metal Is Forever Foil Edition",Secret Lair Drop,Other,SLD,2023-08-29,237.3,"Nekusar, the Mindrazer, Syr Konrad, the Grim, Underworld Dreams, Waste Not, Wheel of Misfortune"
Death March,Theme Deck,Other,EVE,2008-07-25,102.87,"Quillspike, Swamp, Creakwood Liege, Doomgape, Viridescent Wisps"
Death Reaper,Intro Pack,Other,M14,2013-07-19,1.97,"Staff of the Death Magus, Mountain, Swamp, Liliana's Reaver, Academy Raider"
Death's Beginning,Intro Pack,Other,BNG,2014-02-07,25.58,"Archetype of Finality, Satyr Wayfinder, Raised by Wolves, Forest, Nighthowler"
Death's Encroach,Event Deck,Other,AVR,2012-05-25,69.88,"Dismember, Cemetery Reaper, Geralf's Messenger, Gravecrawler, Lashwrithe"
Death's Minions,Intro Pack,Other,M10,2009-07-17,33.72,"Cemetery Reaper, Diabolic Tutor, Tendrils of Corruption, Swamp, Doom Blade"
Deathbreed,MTGO Theme Deck,Other,ME2,2008-09-22,0.0,"Snow-Covered Swamp, Armor Thrull, Ashen Ghoul, Basal Thrull, Cuombajj Witches"
Deathfed,Event Deck,Other,ISD,2011-10-28,142.07,"Green Sun's Zenith, Birds of Paradise, Gnaw to the Bone, Hinterland Harbor, Ratchet Bomb"
Deathly Dominion,Intro Pack,Other,ISD,2011-09-30,19.61,"Rampant Growth, Moldgraf Monstrosity, Reassembling Skeleton, Swamp, Caravan Vigil"
Decay,Theme Deck,Other,7ED,2001-04-11,832.67,"Blood Pet, Charcoal Diamond, Duress, Fallen Angel, Greed"
Deceptive Divination,Secret Lair Drop,Other,SLD,2024-02-23,52.48,"Scheming Symmetry, Price of Progress, Eternal Witness, Circular Logic, Wall of Omens"
Deceptive Divination Foil Edition,Secret Lair Drop,Other,SLD,2024-02-23,73.87,"Scheming Symmetry, Price of Progress, Eternal Witness, Wall of Omens, Circular Logic"
Deck A,Starter Deck,Other,6ED,1999-04-21,1.49,"Blood Pet, Swamp, Swamp, Forest, Rampant Growth"
Deck B,Starter Deck,Other,6ED,1999-04-21,2.28,"Counterspell, Mountain, Mountain, Island, Mountain"
Deck Builder's Toolkit,Deck Builder's Toolkit,Other,RNA,2019-01-25,28.06,"Circuitous Route, Electrostatic Field, Murmuring Mystic, Open the Gates, Mountain"
Deep Freeze,Theme Deck,Other,TMP,1997-10-14,5.54,"Counterspell, Avenging Angel, Puppet Strings, Island, Island"
Deep Freeze - Advanced Deck,Advanced Deck,Other,TMP,1997-10-14,22.11,"Wrath of God, Adarkar Wastes, Counterspell, Desertion, Impulse"
Deepwood Menace,Theme Deck,Other,MMQ,1999-10-04,243.4,"Thunderclap, Natural Affinity, Vine Trellis, Volcanic Wind, Battle Squadron"
Deepwood Menace - Enhanced Deck,Enhanced Deck,Other,MMQ,1999-10-04,2440.67,"Gaea's Cradle, Deranged Hermit, Treetop Village, Rancor, Collective Unconscious"
Defeat a God,Challenge Deck,Other,TDAG,2014-05-25,4.73,"Xenagos Ascended, Xenagos's Strike, Rip to Pieces, Impulsive Charge, Xenagos's Scorn"
Defenders of the Cause,Theme Deck,Other,ATH,1998-11-01,32.37,"Armageddon, Swords to Plowshares, Pendelhaven, Mirri, Cat Warrior, Brushland"
Demo Booster Player 1,Welcome Booster,Other,9ED,2005-07-29,7.66,"Grizzly Bears, Forest, Forest, Forest, Plains"
Demo Booster Player 2,Welcome Booster,Other,9ED,2005-07-29,8.62,"Mountain, Mountain, Swamp, Swamp, Mountain"
Demo deck A,Demo Deck,Other,S99,1999-07-12,0.0,"Plains, Island, Giant Octopus, Wind Drake, Eager Cadet"
Demo deck B,Demo Deck,Other,POR,1997-05-01,8.41,"Cloud Pirates, Feral Shadow, Storm Crow, Snapping Drake, Island"
Demonic,Duel Deck,Other,DDC,2009-04-10,83.64,"Demonic Tutor, Dark Ritual, Soot Imp, Reiver Demon, Stinkweed Imp"
Demonic Deals,Intro Pack,Other,ORI,2015-07-17,13.61,"Chandra's Ignition, Fiery Impulse, Kothophed, Soul Hoarder, Malakir Cullblade, Fleshbag Marauder"
Demons 1,Jumpstart,Other,J22,2022-12-02,0.0,"Demon's Disciple, Kothophed, Soul Hoarder, Inner Demon, Infernal Idol, Disciple of Perdition"
Demons 2,Jumpstart,Other,J22,2022-12-02,2.03,"Seizan, Perverter of Truth, Dreadhound, Demon's Disciple, Demon of Catastrophes, Infernal Idol"
Depths of Power,Intro Pack,Other,M13,2012-07-13,29.08,"Elixir of Immortality, Archaeomancer, Stormtide Leviathan, Mindclaw Shaman, Ring of Evos Isle"
Desert Oasis,Arena Starter Deck,Other,OTJ,2024-07-08,57.27,"Bristly Bill, Spine Sower, Hedge Maze, Case of the Locked Hothouse, Sentinel of the Nameless City, Bonny Pall, Clearcutter"
Desperate Stand,Intro Pack,Other,OGW,2016-01-22,6.89,"Cliffhaven Vampire, Drana's Emissary, Kalastria Healer, Malakir Soothsayer, Expedition Envoy"
Destructive Firepower,Arena Starter Deck,Other,ANB,2020-03-12,2.92,"Dreadhorde Arcanist, Drakuseth, Maw of Flames, Chandra's Outrage, Fire Urchin, Spellgorger Weird"
Detective 1,Jumpstart,Other,J22,2022-12-02,4.52,"Mechanized Production, Jace's Scrutiny, Hold for Questioning, Thriving Isle, Vedalken Engineer"
Detective 2,Jumpstart,Other,J22,2022-12-02,26.8,"Teferi's Puzzle Box, Psychosis Crawler, Jace's Scrutiny, Hold for Questioning, Thriving Isle"
Detective 3,Jumpstart,Other,J22,2022-12-02,0.0,"Shimmer Dragon, Jace's Scrutiny, Hold for Questioning, Thriving Isle, Vedalken Engineer"
Detective 4,Jumpstart,Other,J22,2022-12-02,9.94,"Tamiyo, the Moon Sage, Tamiyo's Journal, Jace's Scrutiny, Hold for Questioning, Thriving Isle"
Devastation,Theme Deck,Other,ONS,2002-10-07,269.49,"Naturalize, Cryptic Gateway, Tranquil Thicket, Explosive Vegetation, Forgotten Cave"
Devilish (1),Jumpstart,Other,JMP,2020-07-17,0.0,"Zurzoth, Chaos Rider, Traitorous Greed, Dance with Devils, Pitchburn Devils, Torch Fiend"
Devilish (2),Jumpstart,Other,JMP,2020-07-17,0.0,"Zurzoth, Chaos Rider, Traitorous Greed, Pitchburn Devils, Torch Fiend, Havoc Jester"
Devilish (3),Jumpstart,Other,JMP,2020-07-17,3.28,"Brash Taunter, Traitorous Greed, Dance with Devils, Pitchburn Devils, Torch Fiend"
Devilish (4),Jumpstart,Other,JMP,2020-07-17,2.84,"Hellrider, Traitorous Greed, Sin Prodder, Pitchburn Devils, Havoc Jester"
Devotion to Darkness,Intro Pack,Other,THS,2013-09-27,22.42,"Whip of Erebos, Gray Merchant of Asphodel, Island, Island, Swamp"
Devouring Skies,Intro Pack,Other,NPH,2011-05-13,87.51,"Argentum Armor, Brass Squire, Silver Myr, Swamp, Swamp"
Diabolical Dioramas,Secret Lair Drop,Other,SLD,2024-04-15,49.51,"Aura Shards, Fiend Artisan, Gravebreaker Lamia, Karador, Ghost Chieftain"
Diabolical Dioramas Foil Edition,Secret Lair Drop,Other,SLD,2024-04-15,58.47,"Aura Shards, Fiend Artisan, Gravebreaker Lamia, Karador, Ghost Chieftain"
Dimir,Guild Kit,Other,GK1,2018-11-02,8.55,"Glimpse the Unthinkable, Dimir Signet, Etrata, the Silencer, Price of Fame, Mission Briefing"
Dimir Control,Pioneer Challenger Deck,Other,Q08,2022-11-04,49.78,"Watery Grave, Narset, Parter of Veils, Drowned Catacomb, Mystical Dispute, Fatal Push"
Dimir Dementia,Intro Pack,Other,GTC,2013-02-01,24.2,"Duskmantle Guildmage, Whispering Madness, Jace's Phantasm, Dimir Keyrune, Wight of Precinct Six"
Dimir Intrigues,Theme Deck,Other,RAV,2005-10-07,52.08,"Dimir Aqueduct, Dimir Infiltrator, Dimir Signet, Szadek, Lord of Secrets, Dimir House Guard"
Dimir Manipulation,Arena Starter Deck,Other,DOM,2018-03-22,38.94,"Nezahal, Primal Tide, Tetzimoc, Primal Death, Ravenous Chupacabra, Overflowing Insight, Censor"
Dimir Rogue,Challenger Deck,Other,Q05,2021-04-02,23.58,"Malakir Rebirth // Malakir Mire, Rankle, Master of Pranks, Swamp, Drown in the Loch, Island"
Dinner,Jumpstart,Other,J25,2024-11-07,3.22,"Tireless Provisioner, Hurska Sweet-Tooth, Trail of Crumbs, Gingerbrute, Giant Opportunity"
Dino Might,Arena Starter Deck,Other,OTJ,2024-07-08,44.4,"Ghalta, Stampede Tyrant, Commercial District, Hulking Raptor, Trumpeting Carnosaur, Pugnacious Hammerskull"
Dinosaurs (1),Jumpstart,Other,JMP,2020-07-17,1.41,"Cultivate, Ghalta, Primal Hunger, Forest, Ornery Dilophosaur, Colossal Dreadmaw"
Dinosaurs (2),Jumpstart,Other,J25,2024-11-07,0.0,"Ghalta, Primal Hunger, Topiary Stomper, Rampant Growth, Commune with Dinosaurs, Cherished Hatchling"
Dinosaurs (3),Jumpstart,Other,JMP,2020-07-17,1.41,"Cultivate, Ghalta, Primal Hunger, Forest, Ornery Dilophosaur, Colossal Dreadmaw"
Dinosaurs (4),Jumpstart,Other,JMP,2020-07-17,1.7,"Garruk's Uprising, Forest, Ornery Dilophosaur, Primal Might, Colossal Dreadmaw"
Discarding (1),Jumpstart,Other,JMP,2020-07-17,16.75,"Tinybones, Trinket Thief, Fell Specter, Ravenous Chupacabra, Swamp, Swamp"
Discarding (2),Jumpstart,Other,JMP,2020-07-17,2.05,"Fell Specter, Ravenous Chupacabra, Swamp, Liliana's Reaver, Nyxathid"
Dismissal,Theme Deck,Other,INV,2000-10-02,346.53,"Opt, Disrupt, Prohibit, Ravenous Rats, Island"
Disrupter,Theme Deck,Other,MMQ,1999-10-04,714.08,"Dark Ritual, Snuff Out, Thunderclap, Thrashing Wumpus, Vendetta"
Disrupter - Enhanced Deck,Enhanced Deck,Other,MMQ,1999-10-04,705.89,"Dark Ritual, Snuff Out, Thunderclap, Thrashing Wumpus, Vendetta"
Dissension Foil Redemption,MTGO Redemption,Other,DIS,2006-06-04,2035.4,"Hallowed Fountain, Blood Crypt, Breeding Pool, Psychic Possession, Grand Arbiter Augustin IV"
Dissension Redemption,MTGO Redemption,Other,DIS,2006-06-04,2035.4,"Hallowed Fountain, Blood Crypt, Breeding Pool, Psychic Possession, Grand Arbiter Augustin IV"
Distress,Theme Deck,Other,PCY,2000-06-05,940.48,"Dark Ritual, Avatar of Woe, Snuff Out, Peat Bog, Seal of Cleansing"
Divine,Duel Deck,Other,DVD,2014-12-05,8.77,"Akroma, Angel of Wrath, Reya Dawnbringer, Luminous Angel, Pacifism, Twilight Shepherd"
Doctor (1),Jumpstart,Other,JMP,2020-07-17,4.98,"Light of Promise, Speaker of the Heavens, Plains, Swift Response, Plains"
Doctor (2),Jumpstart,Other,JMP,2020-07-17,4.98,"Light of Promise, Speaker of the Heavens, Plains, Secure the Scene, Swift Response"
Doctor (3),Jumpstart,Other,JMP,2020-07-17,5.95,"Light of Promise, Rhox Faithmender, Plains, Swift Response, Plains"
Doctor (4),Jumpstart,Other,JMP,2020-07-17,0.0,"Cradle of Vitality, Plains, Swift Response, Plains, Brightmare"
Doctor Who: Regeneration,Secret Lair Drop,Other,SLD,2024-04-09,236.78,"The Fourteenth Doctor, The Meep, The Fifteenth Doctor, The Celestial Toymaker, Rose Noble"
Doctor Who: Regeneration Foil Edition,Secret Lair Drop,Other,SLD,2024-04-09,236.78,"The Fourteenth Doctor, The Meep, The Fifteenth Doctor, The Celestial Toymaker, Rose Noble"
Doctor Who: The Dalek Lands,Secret Lair Drop,Other,SLD,2023-12-18,47.51,"Spirebluff Canal, Botanical Sanctum, Blooming Marsh, Concealed Courtyard, Inspiring Vantage"
Doctor Who: The Dalek Lands Foil Edition,Secret Lair Drop,Other,SLD,2023-12-18,47.51,"Spirebluff Canal, Botanical Sanctum, Blooming Marsh, Concealed Courtyard, Inspiring Vantage"
Doctor Who: The Weeping Angels,Secret Lair Drop,Other,SLD,2023-12-18,43.53,"Blinding Angel, Angel of Serenity, Angel of the Ruins, Restoration Angel, Sublime Archangel"
Doctor Who: The Weeping Angels Foil Edition,Secret Lair Drop,Other,SLD,2023-11-30,43.53,"Blinding Angel, Angel of Serenity, Angel of the Ruins, Restoration Angel, Sublime Archangel"
Dogs (1),Jumpstart,Other,JMP,2020-07-17,3.99,"Plains, Selfless Savior, Pack Leader, Plains, Secure the Scene"
Dogs (2),Jumpstart,Other,JMP,2020-07-17,4.75,"Plains, Isamaru, Hound of Konda, Pack Leader, Plains, Secure the Scene"
Dogs Are Better Than Cats,Secret Lair Drop,Other,SLD,2025-03-18,87.44,"Arcane Signet, Basilisk Collar, Titanic Ultimatum, Rip Apart, Escape to the Wilds"
Dogs Are Better Than Cats Foil Edition,Secret Lair Drop,Other,SLD,2025-03-18,87.44,"Arcane Signet, Basilisk Collar, Titanic Ultimatum, Rip Apart, Escape to the Wilds"
Domain,Theme Deck,Other,PLS,2001-02-05,294.39,"Quirion Dryad, Harrow, Island, Island, Magnigoth Treefolk"
Dome Destruction,Arena Starter Deck,Other,ANB,2019-09-26,2.92,"Dreadhorde Arcanist, Drakuseth, Maw of Flames, Chandra's Outrage, Meteor Golem, Spellgorger Weird"
Dominaria Bundle Land Pack,Bundle Land Pack,Other,DOM,2018-04-27,0.0,"Plains, Island, Swamp, Mountain, Mountain"
Dominaria Foil Redemption,MTGO Redemption,Other,DOM,2018-05-27,489.94,"Mox Amber, Cabal Stronghold, Helm of the Host, Teferi, Hero of Dominaria, Unwind"
Dominaria Redemption,MTGO Redemption,Other,DOM,2018-05-27,489.94,"Mox Amber, Cabal Stronghold, Helm of the Host, Teferi, Hero of Dominaria, Unwind"
Dominaria United Bundle Land Pack,Bundle Land Pack,Other,DMU,2022-09-09,0.0,"Swamp, Swamp, Mountain, Mountain, Plains"
Dominaria United Foil Redemption,MTGO Redemption,Other,DMU,2022-09-28,247.4,"Sheoldred, the Apocalypse, Timeless Lotus, Plaza of Heroes, Silverback Elder, Vodalian Hexcatcher"
Dominaria United Redemption,MTGO Redemption,Other,DMU,2022-09-28,247.4,"Sheoldred, the Apocalypse, Timeless Lotus, Plaza of Heroes, Silverback Elder, Vodalian Hexcatcher"
Dominaria United Welcome Booster,Welcome Booster,Other,DMU,2022-09-09,4.48,"Blackblade Reforged, Ajani, the Greathearted, Phylath, World Sculptor, Ertai's Scorn, Commander's Sphere"
Dominator - Advanced Deck,Advanced Deck,Other,EXO,1998-06-15,123.57,"Wasteland, Undiscovered Paradise, Winter Orb, Propaganda, Counterspell"
Dominator - Basic Deck,Theme Deck,Other,EXO,1998-06-15,19.27,"Propaganda, Counterspell, Equilibrium, Erratic Portal, Dominating Licid"
"Domri, City Smasher",Planeswalker Deck,Other,RNA,2019-01-25,2.97,"Mountain, End-Raze Forerunners, Forest, Domri, City Smasher, Gruul Guildgate"
Donatello,Theme Deck,Other,TMT,2026-03-06,10.22,"Utrom Monitor, April O'Neil, Human Element, Sewer-veillance Cam, Donatello, Rad Scientist, Donnie & April, Adorkable Duo"
Doom Inevitable,Intro Pack,Other,MBS,2011-02-04,36.31,"Psychosis Crawler, Myr Sire, Bonehoard, Contagion Clasp, Steady Progress"
"Dovin, Architect of Law",Planeswalker Deck,Other,RNA,2019-01-25,15.59,"Verity Circle, Unbreakable Formation, Dovin, Architect of Law, Arrester's Zeal, Azorius Guildgate"
Draconic Fury,Game Night Deck,Other,GN2,2019-11-15,26.33,"Glint-Horn Buccaneer, Fiendish Duo, Dragon Mage, Lathliss, Dragon Queen, Drakuseth, Maw of Flames"
Dracur,Shandalar Enemy Deck,Other,PAST,1997-04-01,9916.49,"Black Lotus, Mox Emerald, Mountain, Strip Mine, Desert Twister"
Dragon's Endgame,San Diego Comic Con Promos,Other,PS19,2019-07-18,216.42,"Nicol Bolas, Dragon-God, God-Eternal Oketra, God-Eternal Bontu, God-Eternal Kefnet, God-Eternal Rhonas"
Dragon's Fire,Arena Starter Deck,Other,M19,2018-09-27,12.75,"Lathliss, Dragon Queen, Goblin Instigator, Spit Flame, Charging Monstrosaur, Demanding Dragon"
Dragon's Maze Foil Redemption,MTGO Redemption,Other,DGM,2013-06-02,232.62,"Hidden Strings, Render Silent, Voice of Resurgence, Progenitor Mimic, Blood Baron of Vizkopa"
Dragon's Maze Redemption,MTGO Redemption,Other,DGM,2013-06-02,232.62,"Hidden Strings, Render Silent, Voice of Resurgence, Progenitor Mimic, Blood Baron of Vizkopa"
Dragons,Duel Deck,Other,DDG,2011-04-01,21.24,"Seething Song, Dragonspeaker Shaman, Bloodmark Mentor, Bogardan Hellkite, Kilnmouth Dragon"
Dragons (1),Jumpstart,Other,J25,2024-11-07,0.0,"Lathliss, Dragon Queen, Carnelian Orb of Dragonkind, Dragon's Fire, Seize the Spoils, Firespitter Whelp"
Dragons (2),Jumpstart,Other,J25,2024-11-07,1.34,"Sarkhan, Fireblood, Lathliss, Dragon Queen, Dragon's Fire, Seize the Spoils, Firespitter Whelp"
Dragons 1,Jumpstart,Other,J22,2022-12-02,0.0,"Sarkhan, the Dragonspeaker, Dragon Mage, Thriving Bluff, Sarkhan's Whelp, Dragon Fodder"
Dragons 2,Jumpstart,Other,J22,2022-12-02,4.16,"Dragonspeaker Shaman, Lathliss, Dragon Queen, Dragon's Hoard, Dragon Mage, Dragonlord's Servant"
Dragons of Tarkir Fat Pack Land Pack,Bundle Land Pack,Other,DTK,2015-03-27,7.89,"Plains, Island, Forest, Island, Mountain"
Dragons of Tarkir Foil Redemption,MTGO Redemption,Other,DTK,2015-04-26,400.06,"Shaman of Forgotten Ways, Haven of the Spirit Dragon, Dragonlord Dromoka, Sarkhan Unbroken, Narset Transcendent"
Dragons of Tarkir Redemption,MTGO Redemption,Other,DTK,2015-04-26,400.06,"Shaman of Forgotten Ways, Haven of the Spirit Dragon, Dragonlord Dromoka, Sarkhan Unbroken, Narset Transcendent"
Draw Your Hand,Secret Lair Drop,Other,SLD,2023-04-14,68.04,"Counterbalance, Deafening Silence, Eldrazi Conscription, Bruna, Light of Alabaster"
Draw Your Hand Foil Edition,Secret Lair Drop,Other,SLD,2023-04-14,68.04,"Counterbalance, Deafening Silence, Eldrazi Conscription, Bruna, Light of Alabaster"
Dreaming Darkly,Secret Lair Drop,Other,SLD,2025-10-27,41.76,"Guardian Project, Glen Elendra Archmage, Soulherder, Roon of the Hidden Realm"
Dreaming Darkly Foil Edition,Secret Lair Drop,Other,SLD,2025-10-27,41.76,"Guardian Project, Glen Elendra Archmage, Soulherder, Roon of the Hidden Realm"
Drowned (1),Jumpstart,Other,J25,2024-11-07,1.44,"Neerdiv, Devious Diver, Ipnu Rivulet, Shipwreck Dowser, Wall of Lost Thoughts, Island"
Drowned (2),Jumpstart,Other,J25,2024-11-07,1.44,"Neerdiv, Devious Diver, Cackling Counterpart, Waker of Waves, Wall of Lost Thoughts, Towering-Wave Mystic"
Druid,Shandalar Enemy Deck,Other,PAST,1997-04-01,207.79,"Mishra's Factory, Killer Bees, Oasis, Nafs Asp, Instill Energy"
Dungeon Delving,Arena Starter Deck,Other,AFR,2021-09-24,11.26,"Acererak the Archlich, Brightclimb Pathway // Grimclimb Pathway, Triumphant Adventurer, Vanishing Verse, Nullpriest of Oblivion"
Dungeons & Dragons: An Exhibition of Adventure,Secret Lair Drop,Other,SLD,2024-08-28,101.44,"Goldspan Dragon, Ponder, Monster Manual // Zoological Study, Acererak the Archlich, Faithless Looting"
Dungeons & Dragons: An Exhibition of Adventure Foil Edition,Secret Lair Drop,Other,SLD,2024-08-28,101.44,"Goldspan Dragon, Ponder, Monster Manual // Zoological Study, Acererak the Archlich, Faithless Looting"
Dungeons & Dragons: Astarion's Thirst,Secret Lair Drop,Other,SLD,2024-08-28,152.59,"Exquisite Blood, Astarion, the Decadent, Sanguine Bond, Anguished Unmaking, Mortify"
Dungeons & Dragons: Astarion's Thirst Foil Edition,Secret Lair Drop,Other,SLD,2024-08-28,152.59,"Exquisite Blood, Astarion, the Decadent, Sanguine Bond, Anguished Unmaking, Mortify"
Dungeons & Dragons: Black Lights & Dark Dungeons,Secret Lair Drop,Other,SLD,2026-03-02,100.02,"Displacer Kitten, Tortured Existence, Seasoned Dungeoneer, Sefris of the Hidden Ways"
Dungeons & Dragons: Black Lights & Dark Dungeons Foil Edition,Secret Lair Drop,Other,SLD,2026-03-02,100.02,"Displacer Kitten, Tortured Existence, Seasoned Dungeoneer, Sefris of the Hidden Ways"
Dungeons & Dragons: Death is in the Eyes of the Beholder I,Secret Lair Drop,Other,SLD,2024-08-28,38.94,"Stifle, Bribery, Xanathar, Guild Kingpin, Blood Money, Drown in the Loch"
Dungeons & Dragons: Death is in the Eyes of the Beholder I Foil Edition,Secret Lair Drop,Other,SLD,2024-08-28,38.94,"Stifle, Bribery, Xanathar, Guild Kingpin, Blood Money, Drown in the Loch"
Dungeons & Dragons: Death is in the Eyes of the Beholder II,Secret Lair Drop,Other,SLD,2024-08-28,45.49,"Karazikar, the Eye Tyrant, Snuff Out, Fire Covenant, Oubliette, Defile"
Dungeons & Dragons: Death is in the Eyes of the Beholder II Foil Edition,Secret Lair Drop,Other,SLD,2024-08-28,45.49,"Karazikar, the Eye Tyrant, Snuff Out, Fire Covenant, Oubliette, Defile"
Dungeons & Dragons: Gale's Ambition,Secret Lair Drop,Other,SLD,2026-03-02,31.15,"Arcane Denial, Personal Tutor, Archmage's Charm, Brainstorm, Gale, Waterdeep Prodigy"
Dungeons & Dragons: Gale's Ambition Foil Edition,Secret Lair Drop,Other,SLD,2026-03-02,31.15,"Arcane Denial, Personal Tutor, Archmage's Charm, Brainstorm, Gale, Waterdeep Prodigy"
Dungeons & Dragons: Honor Among Thieves,Secret Lair Drop,Other,SLD,2023-03-31,93.42,"Casal, Lurkwood Pathfinder // Casal, Pathbreaker Owlbear, Bohn, Beguiling Balladeer, Rashel, Fist of Torm, Evin, Waterdeep Opportunist, Mathise, Surge Channeler"
Dungeons & Dragons: Honor Among Thieves Foil Edition,Secret Lair Drop,Other,SLD,2023-03-31,93.42,"Casal, Lurkwood Pathfinder // Casal, Pathbreaker Owlbear, Bohn, Beguiling Balladeer, Rashel, Fist of Torm, Evin, Waterdeep Opportunist, Mathise, Surge Channeler"
Dungeons & Dragons: Karlach's Rage,Secret Lair Drop,Other,SLD,2024-08-28,123.05,"Karlach, Fury of Avernus, Dolmen Gate, City on Fire, Stranglehold, Thrill of Possibility"
Dungeons & Dragons: Karlach's Rage Foil Edition,Secret Lair Drop,Other,SLD,2024-08-28,123.05,"Karlach, Fury of Avernus, Dolmen Gate, City on Fire, Stranglehold, Thrill of Possibility"
Dungeons & Dragons: Lands of the Forgotten Realms,Secret Lair Drop,Other,SLD,2026-03-02,33.8,"Swamp, Island, Forest, Mountain, Plains"
Dungeons & Dragons: Lands of the Forgotten Realms Foil Edition,Secret Lair Drop,Other,SLD,2026-03-02,33.8,"Swamp, Island, Forest, Mountain, Plains"
Dungeons & Dragons: Shadowheart's Devotion,Secret Lair Drop,Other,SLD,2026-03-02,72.87,"Ancient Bronze Dragon, Shadowheart, Dark Justiciar, Beseech the Queen, Victimize, Black Market"
Dungeons & Dragons: Shadowheart's Devotion Foil Edition,Secret Lair Drop,Other,SLD,2026-03-02,72.87,"Ancient Bronze Dragon, Shadowheart, Dark Justiciar, Beseech the Queen, Victimize, Black Market"
Dungeons & Dragons: Shadows Over Baldur's Gate,Secret Lair Drop,Other,SLD,2026-03-02,55.32,"Grim Hireling, Xorn, Prosper, Tome-Bound, Wild-Magic Sorcerer"
Dungeons & Dragons: Shadows Over Baldur's Gate Foil Edition,Secret Lair Drop,Other,SLD,2026-03-02,55.32,"Grim Hireling, Xorn, Prosper, Tome-Bound, Wild-Magic Sorcerer"
Dungeons & Dragons: Strahd's Descent,Secret Lair Drop,Other,SLD,2026-03-02,58.54,"Bloodletter of Aclazotz, Strefan, Maurer Progenitor, End the Festivities, Voldaren Estate"
Dungeons & Dragons: Strahd's Descent Foil Edition,Secret Lair Drop,Other,SLD,2026-03-02,58.54,"Bloodletter of Aclazotz, Strefan, Maurer Progenitor, End the Festivities, Voldaren Estate"
Dungeons & Dragons: Whispers in Candlekeep,Secret Lair Drop,Other,SLD,2026-03-02,78.98,"Miirym, Sentinel Wyrm, Klauth, Unrivaled Ancient, Counterspell, Dragonborn Champion"
Dungeons & Dragons: Whispers in Candlekeep Foil Edition,Secret Lair Drop,Other,SLD,2026-03-02,78.98,"Miirym, Sentinel Wyrm, Klauth, Unrivaled Ancient, Counterspell, Dragonborn Champion"
Duskmourn: House of Horror Bundle Land Pack,Bundle Land Pack,Other,DSK,2024-09-27,3.0,"Swamp, Swamp, Forest, Forest, Island"
Duskmourn: House of Horror Redemption,MTGO Redemption,Other,DSK,2024-10-16,310.93,"Overlord of the Balemurk, Valgavoth, Terror Eater, Enduring Vitality, Abhorrent Oculus, Enduring Tenacity"
Dwarf Fortress: Create New World,Secret Lair Drop,Other,SLD,2026-05-12,30.27,"Terror of the Peaks, Rogue's Passage, Secret Rendezvous, Communal Brewing, Rune-Scarred Demon"
Dwarf Fortress: Create New World Foil Edition,Secret Lair Drop,Other,SLD,2026-05-12,30.27,"Terror of the Peaks, Rogue's Passage, Secret Rendezvous, Communal Brewing, Rune-Scarred Demon"
EVERYTHING IS ON FIRE,Secret Lair Drop,Other,SLD,2025-05-13,49.13,"Dragon's Rage Channeler, Lava Spike, Chain Lightning, Rift Bolt, Skewer the Critics"
EVERYTHING IS ON FIRE Foil Edition,Secret Lair Drop,Other,SLD,2025-05-13,49.13,"Dragon's Rage Channeler, Lava Spike, Chain Lightning, Rift Bolt, Skewer the Critics"
EVERYTHING IS ON FIRE Raised Foil Edition,Secret Lair Drop,Other,SLD,2025-05-13,72.25,"Dragon's Rage Channeler, Rift Bolt, Lava Spike, Skewer the Critics, Chain Lightning"
Ears of the Elves,Duel Of The Planeswalkers Deck,Other,DPA,2010-06-04,58.53,"Coat of Arms, Elvish Champion, Elvish Promenade, Lys Alana Huntmaster, Immaculate Magistrate"
Earth Kingdom (1),Jumpstart,Other,TLE,2025-11-20,5.65,"Descendants' Path, Match the Odds, Forest, Mechanical Glider, Haru, Hidden Talent"
Earth Kingdom (2),Jumpstart,Other,TLE,2025-11-20,6.51,"Descendants' Path, Great Divide Guide, Origin of Metalbending, Forest, Mechanical Glider"
Earth Rumble (1),Jumpstart,Other,TLE,2025-11-20,1.31,"Master's Guidance, Forest, Toph, the Blind Bandit, The Boulder, Ready to Rumble, Hog-Monkey Rampage"
Earth Rumble (2),Jumpstart,Other,TLE,2025-11-20,10.6,"Bosco, Just a Bear, Frog-Squirrels, The Earth King, Master's Guidance, Origin of Metalbending"
Earth Shakers,Starter Kit,Other,SNC,2022-06-03,2.27,"Glorious Sunrise, Topiary Stomper, Thundering Raiju, Ascendant Packleader, Abrade"
Earthbending (1),Jumpstart,Other,TLE,2025-11-20,5.75,"Earthbender Ascension, Explore, Inspiring Call, Forest, Toph, the Blind Bandit"
Earthbending (2),Jumpstart,Other,TLE,2025-11-20,17.34,"Solid Ground, Tale of Katara and Toph, Frog-Squirrels, Explore, Forest"
Edge of Eternities Bundle Land Pack,Bundle Land Pack,Other,EOE,2025-08-01,18.88,"Swamp, Swamp, Mountain, Mountain, Island"
Edge of Eternities Redemption,MTGO Redemption,Other,EOE,2025-08-27,310.13,"Quantum Riddler, Ouroboroid, Tezzeret, Cruel Captain, Evendo, Waking Haven, Icetill Explorer"
Eerie,Theme Deck,Other,SOS,2026-04-24,12.18,"Enduring Innocence, Sheltered by Ghosts, Silent Hallcreeper, Valgavoth's Lair, Ethereal Armor"
Eighth Edition Foil Redemption,MTGO Redemption,Other,8ED,2003-08-27,2328.69,"Grave Pact, Birds of Paradise, City of Brass, Intruder Alarm, Mana Clash"
Eighth Edition Redemption,MTGO Redemption,Other,8ED,2003-08-27,2328.69,"Grave Pact, Birds of Paradise, City of Brass, Intruder Alarm, Mana Clash"
Eldraine Wonderland,Secret Lair Drop,Other,SLD,2019-12-04,32.06,"Snow-Covered Island, Snow-Covered Forest, Snow-Covered Plains, Snow-Covered Swamp, Snow-Covered Mountain"
Eldrazi,Deck Builder's Toolkit,Other,ROE,2010-05-21,45.59,"Emrakul's Hatcher, Artisan of Kozilek, Hand of Emrakul, Pathrazer of Ulamog, Brood Birthing"
Eldrazi Arisen,Intro Pack,Other,ROE,2010-04-23,54.81,"Awakening Zone, Hand of Emrakul, Growth Spasm, Ulamog's Crusher, Pathrazer of Ulamog"
Eldrazi Assault,Intro Pack,Other,BFZ,2015-10-02,2.44,"Nettle Drone, Forerunner of Slaughter, Vile Aggregate, Evolving Wilds, Touch of the Void"
Eldritch Moon Foil Redemption,MTGO Redemption,Other,EMN,2016-08-21,282.64,"Gisela, the Broken Blade // Brisela, Voice of Nightmares, Emrakul, the Promised End, Sigarda's Aid, Geier Reach Sanitarium, Tree of Perdition"
Eldritch Moon Redemption,MTGO Redemption,Other,EMN,2016-08-21,282.64,"Gisela, the Broken Blade // Brisela, Voice of Nightmares, Emrakul, the Promised End, Sigarda's Aid, Geier Reach Sanitarium, Tree of Perdition"
Eldritch Onslaught,Intro Pack,Other,ISD,2011-09-30,24.65,"Ghoulcaller's Bell, Mountain, Island, Think Twice, Island"
Elemental Thunder,Planechase Deck,Other,HOP,2009-09-04,26.13,"Flamekin Harbinger, Relentless Assault, Mage Slayer, Taurean Mauler, Forest"
Elementalist,Shandalar Enemy Deck,Other,PAST,1997-04-01,360.86,"Mountain, Mana Vault, Energy Flux, Unstable Mutation, Drain Power"
Elementals' Path,Theme Deck,Other,LRW,2007-10-12,248.39,"Springleaf Drum, Horde of Notions, Flamekin Harbinger, Island, Swamp"
Elspeth,Duel Deck,Other,DDF,2010-09-03,17.85,"Elspeth, Knight-Errant, Swords to Plowshares, Catapult Master, Abolish, Kor Skyfisher"
Elven 1,Jumpstart,Other,LTR,2023-11-03,7.1,"Entish Restoration, Lembas, Mirkwood Channeler, Stew the Coneys, Shower of Arrows"
Elven 2,Jumpstart,Other,LTR,2023-11-03,1.11,"Mirkwood Channeler, Mirkwood Spider, Revive the Shire, Bombadil's Song, Quickbeam, Upstart Ent"
Elves,Theme Deck,Other,PSAL,2005-08-01,0.0,"Forest, Forest, Forest, Forest, Forest"
Elves (1),Jumpstart,Other,JMP,2020-07-17,20.69,"Craterhoof Behemoth, Elvish Archdruid, Llanowar Visionary, Forest, Presence of Gond"
Elves (2),Jumpstart,Other,JMP,2020-07-17,46.38,"Allosaurus Shepherd, Llanowar Visionary, Forest, Presence of Gond, Leaf Gilder"
Elves (3),Jumpstart,Other,J25,2024-11-07,22.4,"Dionus, Elvish Archdruid, Marwyn, the Nurturer, Llanowar Elves, Thornweald Archer, Bounty of Skemfar"
Elves (4),Jumpstart,Other,J25,2024-11-07,22.24,"Dionus, Elvish Archdruid, Tyvar Kell, Llanowar Elves, Ivy Lane Denizen, Voice of the Woods"
Elves 1,Jumpstart,Other,J22,2022-12-02,5.69,"Elvish Warmaster, Primeval Herald, Reclamation Sage, Elvish Rejuvenator, Elven Bow"
Elves 2,Jumpstart,Other,J22,2022-12-02,1.11,"Primeval Herald, Imperious Perfect, Elvish Rejuvenator, Elven Bow, Ivy Lane Denizen"
Elves 3,Jumpstart,Other,J22,2022-12-02,21.33,"Wolverine Riders, Lys Alana Huntmaster, Instruments of War, Woodland Champion, Elvish Rejuvenator"
Elves 4,Jumpstart,Other,J22,2022-12-02,0.0,"Presence of Gond, Wildborn Preserver, Woodland Champion, Elvish Rejuvenator, Elven Bow"
Elves!,Deck Builder's Toolkit,Other,ROE,2010-05-21,6.55,"Llanowar Elves, Greenweaver Druid, Overrun, Nissa's Chosen, Ogre's Cleaver"
Elvish Magi,Shandalar Enemy Deck,Other,PAST,1997-04-01,40.86,"Winter Blast, Elven Riders, Untamed Wilds, Jayemdae Tome, Elvish Archers"
Elvish Predation,Theme Deck,Other,LRW,2007-10-12,209.59,"Elvish Promenade, Prowess of the Fair, Elvish Harbinger, Nath of the Gilt-Leaf, Swamp"
Elvish Rage,Theme Deck,Other,LGN,2003-02-03,224.46,"Wellwisher, Timberwatch Elf, Tribal Forcemage, Wirewood Channeler, Birchlore Rangers"
Enchanted (1),Jumpstart,Other,J25,2024-11-07,0.0,"Spirited Companion, Psemilla, Meletian Poet, Chosen by Heliod, Captivating Unicorn, Eidolon of Astral Winds"
Enchanted (2),Jumpstart,Other,JMP,2020-07-17,10.71,"Celestial Mantle, Plains, Ajani's Chosen, Trusty Retriever, Plains"
Enchanted (3),Jumpstart,Other,J25,2024-11-07,0.0,"Nykthos Paragon, Starfield Mystic, Psemilla, Meletian Poet, Divine Favor, Serra's Embrace"
Enchanted (4),Jumpstart,Other,J25,2024-11-07,0.0,"Archon of Sun's Grace, Spirited Companion, Psemilla, Meletian Poet, Angelic Gift, Sunblade Samurai"
Enchanter,Theme Deck,Other,UDS,1999-06-07,402.86,"Mother of Runes, Sigil of Sleep, Miscalculation, Rayne, Academy Chancellor, Thran Golem"
Enchanter - Enhanced Deck,Enhanced Deck,Other,UDS,1999-06-07,353.15,"Mother of Runes, Time Spiral, Miscalculation, Rayne, Academy Chancellor, Ertai, Wizard Adept"
Enchantress,Shandalar Enemy Deck,Other,PAST,1997-04-01,95.37,"Desert Twister, Ivory Tower, Library of Leng, Coral Helm, Instill Energy"
Encounter (1),Jumpstart,Other,J25,2024-11-07,0.0,"Forgotten Ancient, Mowu, Loyal Companion, Biogenic Upgrade, Duskshell Crawler, Jiang Yanggu, Wildcrafter"
Encounter (2),Jumpstart,Other,J25,2024-11-07,0.0,"Invigorating Surge, Oran-Rief Ooze, Mowu, Loyal Companion, Duskshell Crawler, Jiang Yanggu, Wildcrafter"
Encounter (3),Jumpstart,Other,J25,2024-11-07,0.0,"Rishkar, Peema Renegade, Mowu, Loyal Companion, Biogenic Upgrade, Duskshell Crawler, Jiang Yanggu, Wildcrafter"
Encounter (4),Jumpstart,Other,J25,2024-11-07,0.0,"Primeval Bounty, Pridemalkin, Gnarlid Colony, Quirion Beastcaller, Mowu, Loyal Companion"
Endless Hordes,Game Night Deck,Other,GN2,2019-11-15,23.75,"Vilis, Broker of Blood, Dread Presence, Blood for Bones, Calculating Lich, Liliana's Mastery"
Endless March,Theme Deck,Other,PLC,2007-02-02,88.93,"Children of Korlis, Dawn Charm, Dust Elemental, Fatal Frenzy, Dead // Gone"
Enemy Deck,Enemy Deck,Other,TMT,2026-03-06,0.0,
Enlightened Mastery,Intro Pack,Other,DTK,2015-03-27,5.18,"Plains, Island, Island, Island, Myth Realized"
Entangling Webs,Intro Pack,Other,M12,2011-07-15,18.35,"Hunter's Insight, Rampant Growth, Fling, Mountain, Llanowar Elves"
Eons of Evil,Theme Deck,Other,PS11,2011-01-01,0.0,"Terramorphic Expanse, Terror, Acolyte of Xathrid, Deathbringer Thoctar, Garza Zol, Plague Queen"
Equipped,Jumpstart,Other,MSH,2026-06-26,9.55,"Captain America, Liberator, Captain America's Shield, Bucky Barnes, Eager Ally, Origin of Captain America, U.S.Agent, John Walker"
"Eric Tam, Quarterfinalist",Pro Tour Deck,Other,PTC,1996-05-01,128.64,"City of Brass, Land Tax, Lightning Bolt, Birds of Paradise, Mountain"
Eruption,Theme Deck,Other,NEM,2000-02-14,284.04,"Seal of Fire, Seal of Cleansing, Thunderclap, Volcanic Wind, Disenchant"
Eruption - Enhanced Deck,Enhanced Deck,Other,NEM,2000-02-14,201.57,"Seal of Fire, Seal of Cleansing, Ring of Gix, Armageddon, Reckless Abandon"
Esper Air Assault,Intro Pack,Other,CON,2009-02-06,32.07,"Terramorphic Expanse, Island, Swamp, Inkwell Leviathan, Arcane Sanctum"
Esper Artifice,Intro Pack,Other,ALA,2008-10-03,48.07,"Sharding Sphinx, Etherium Sculptor, Filigree Sages, Island, Swamp"
Eternal Siege,Intro Pack,Other,ARB,2009-04-30,40.43,"Plains, Terramorphic Expanse, Path to Exile, Knight of New Alara, Forest"
Eternal Thirst,Arena Starter Deck,Other,M19,2018-09-27,49.87,"Resplendent Angel, Ajani's Welcome, Legion Lieutenant, Leonin Warleader, Sanctum Seeker"
Eventide Foil Redemption,MTGO Redemption,Other,EVE,2008-08-24,1762.35,"Bloom Tender, Ward of Bones, Ashling, the Extinguisher, Waves of Aggression, Necroskitter"
Eventide Redemption,MTGO Redemption,Other,EVE,2008-08-24,1762.35,"Bloom Tender, Ward of Bones, Ashling, the Extinguisher, Waves of Aggression, Necroskitter"
Every Dog Has Its Day,Secret Lair Drop,Other,SLD,2020-08-26,62.22,"Lightning Greaves, Ancient Grudge, Rest in Peace, Dig Through Time"
Every Dog Has Its Day Foil Edition,Secret Lair Drop,Other,SLD,2020-08-26,62.22,"Lightning Greaves, Ancient Grudge, Rest in Peace, Dig Through Time"
Evincar's Tyranny,Theme Deck,Other,10E,2007-07-13,32.15,"Ascendant Evincar, Mortivore, Diabolic Tutor, Swamp, Terror"
Exalted,Deck Builder's Toolkit,Other,M13,2012-07-13,6.23,"Knight of Glory, Duty-Bound Dead, Knight of Infamy, Duskmantle Prowler, Guardians of Akrasa"
Exiler,MTGO Theme Deck,Other,TD0,2010-11-08,0.0,"Stoneforge Mystic, Jötun Grunt, Mangara of Corondor, Serra Avenger, Ethersworn Canonist"
Expendable 1,Jumpstart,Other,MOM,2023-04-20,1.17,"Terror of Towashi, Swamp, Scorn-Blade Berserker, Unseal the Necropolis, Seer of Stolen Sight"
Expendable 2,Jumpstart,Other,MOM,2023-04-20,3.18,"Corrupted Conviction, Terror of Towashi, Swamp, Scorn-Blade Berserker, Seer of Stolen Sight"
Experimental 1,Jumpstart,Other,J22,2022-12-02,3.44,"Mizzix, Replica Rider, Ignite the Future, Young Pyromancer, Thermo-Alchemist, Thriving Bluff"
Experimental 2,Jumpstart,Other,J22,2022-12-02,3.44,"Mizzix, Replica Rider, Thermo-Alchemist, Thriving Bluff, Spark of Creativity, Mountain"
Explorers (1),Jumpstart,Other,J25,2024-11-07,1.96,"Tireless Provisioner, Braulios of Pheres Band, Explore, Go Forth, Shardless Outlander"
Explorers (2),Jumpstart,Other,J25,2024-11-07,0.0,"Primeval Herald, Tireless Tracker, Braulios of Pheres Band, Explore, Go Forth"
Explorers (3),Jumpstart,Other,J25,2024-11-07,0.0,"Somberwald Beastmaster, Braulios of Pheres Band, Explore, Go Forth, Shardless Outlander"
Explorers (4),Jumpstart,Other,J25,2024-11-07,0.0,"Primeval Herald, Braulios of Pheres Band, Explore, Go Forth, Jadelight Ranger"
Expulsion,Theme Deck,Other,8ED,2003-07-28,24.48,"Megrim, Larceny, Swamp, Swamp, Swamp"
Extra Life 2020,Secret Lair Drop,Other,SLD,2020-11-06,134.27,"Amulet of Vigor, Teferi's Protection, Consecrated Sphinx, Collected Company"
Extra Life 2021,Secret Lair Drop,Other,SLD,2022-01-28,59.83,"Craterhoof Behemoth, Craterhoof Behemoth, Metalwork Colossus, Metalwork Colossus, Mulldrifter"
Extra Life 2021 Foil Edition,Secret Lair Drop,Other,SLD,2022-01-28,59.83,"Craterhoof Behemoth, Craterhoof Behemoth, Metalwork Colossus, Metalwork Colossus, Mulldrifter"
Extra Life 2022,Secret Lair Drop,Other,SLD,2022-11-04,149.89,"Sliver Legion, Sliver Legion, Birds of Paradise, Birds of Paradise, Lathliss, Dragon Queen"
Extra Life 2022 Foil Edition,Secret Lair Drop,Other,SLD,2022-11-04,149.89,"Sliver Legion, Sliver Legion, Birds of Paradise, Birds of Paradise, Lathliss, Dragon Queen"
Eyes of Shadow,Duel Of The Planeswalkers Deck,Other,DPA,2010-06-04,23.49,"The Rack, Megrim, Underworld Dreams, Ravenous Rats, Ascendant Evincar"
FINAL FANTASY: Game Over,Secret Lair Drop,Other,SLD,2025-06-10,77.14,"Toxic Deluge, Temporal Extortion, Praetor's Grasp, Star of Extinction, Day of Judgment"
FINAL FANTASY: Game Over Foil Edition,Secret Lair Drop,Other,SLD,2025-06-10,77.14,"Toxic Deluge, Temporal Extortion, Praetor's Grasp, Star of Extinction, Day of Judgment"
FINAL FANTASY: Grimoire,Secret Lair Drop,Other,SLD,2025-06-10,66.61,"Cyclonic Rift, Heroic Intervention, Lightning Bolt, Damn, Prismatic Ending"
FINAL FANTASY: Grimoire Foil Edition,Secret Lair Drop,Other,SLD,2025-06-10,66.61,"Cyclonic Rift, Heroic Intervention, Lightning Bolt, Damn, Prismatic Ending"
FINAL FANTASY: Weapons,Secret Lair Drop,Other,SLD,2025-06-10,77.0,"Sword of Truth and Justice, Umezawa's Jitte, Colossus Hammer, Blade of Selves, Staff of the Storyteller"
FINAL FANTASY: Weapons Foil Edition,Secret Lair Drop,Other,SLD,2025-06-10,77.0,"Sword of Truth and Justice, Umezawa's Jitte, Colossus Hammer, Blade of Selves, Staff of the Storyteller"
FORTNITE,Secret Lair Drop,Other,SLD,2022-09-02,128.26,"Triumph of the Hordes, Grim Tutor, Etherium Sculptor, Smuggler's Copter, Planar Bridge"
FORTNITE Foil Edition,Secret Lair Drop,Other,SLD,2022-09-02,128.26,"Triumph of the Hordes, Grim Tutor, Etherium Sculptor, Smuggler's Copter, Planar Bridge"
FORTNITE: Landmarks and Locations,Secret Lair Drop,Other,SLD,2022-09-02,49.59,"Island, Forest, Swamp, Mountain, Plains"
FORTNITE: Landmarks and Locations Foil Edition,Secret Lair Drop,Other,SLD,2022-09-02,49.59,"Island, Forest, Swamp, Mountain, Plains"
Face the Hydra,Challenge Deck,Other,TFTH,2013-10-19,21.33,"Savage Vigor Head, Shrieking Titan Head, Snapping Fang Head, Noxious Hydra Breath, Ravenous Brute Head"
Faerie Pranks,Arena Starter Deck,Other,OTJ,2024-07-08,94.69,"Roaming Throne, Undercity Sewers, Talion, the Kindly Lord, Three Steps Ahead, Faerie Slumber Party"
"Faerie, Faerie, Faerie Rad",Secret Lair Drop,Other,SLD,2021-04-13,123.32,"Glen Elendra Archmage, Spellstutter Sprite, Vendilion Clique, Mistbind Clique"
Faeries 1,Jumpstart,Other,J22,2022-12-02,13.27,"Spellstutter Sprite, Vendilion Clique, Wavebreak Hippocamp, Instruments of War, Glen Elendra Pranksters"
Faeries 2,Jumpstart,Other,J22,2022-12-02,8.8,"Spellstutter Sprite, Faerie Seer, Stolen by the Fae, Instruments of War, Glen Elendra Pranksters"
Fallout: Beyond Vault 33,Secret Lair Drop,Other,SLD,2026-02-16,28.34,"The Ghoul, Gunslinger, Lucy MacLean, Positively Armed, Pre-War Formalwear, Maximus, Knight Apparent, Spirit Mantle"
Fallout: Beyond Vault 33 Foil Edition,Secret Lair Drop,Other,SLD,2026-02-16,28.34,"The Ghoul, Gunslinger, Lucy MacLean, Positively Armed, Pre-War Formalwear, Maximus, Knight Apparent, Spirit Mantle"
Fallout: Greet the Dog,Secret Lair Drop,Other,SLD,2026-02-16,44.18,"Arcane Signet, Sol Ring, Yoshimaru, Ever Faithful, Patchwork Banner, Lightning Greaves"
Fallout: Greet the Dog Foil Edition,Secret Lair Drop,Other,SLD,2026-02-16,44.18,"Arcane Signet, Sol Ring, Yoshimaru, Ever Faithful, Patchwork Banner, Lightning Greaves"
Fallout: Points of Interest,Secret Lair Drop,Other,SLD,2024-04-15,85.53,"Reflecting Pool, Bojuka Bog, Reliquary Tower, Command Beacon, Fabled Passage"
Fallout: Points of Interest Foil Edition,Secret Lair Drop,Other,SLD,2024-04-15,110.8,"Bojuka Bog, Reflecting Pool, Reliquary Tower, Command Beacon, Fabled Passage"
Fallout: Rad,Secret Lair Drop,Other,SLD,2026-02-16,62.88,"Mesmeric Orb, Mindcrank, The Wise Mothman, Ripples of Potential, Mutational Advantage"
Fallout: Rad Foil Edition,Secret Lair Drop,Other,SLD,2026-02-16,62.88,"Mesmeric Orb, Mindcrank, The Wise Mothman, Ripples of Potential, Mutational Advantage"
Fallout: SPECIAL,Secret Lair Drop,Other,SLD,2024-04-15,59.53,"Idyllic Tutor, Steelshaper's Gift, Propaganda, Anger, Elixir of Immortality"
Fallout: SPECIAL Foil Edition,Secret Lair Drop,Other,SLD,2024-04-15,64.02,"Propaganda, Idyllic Tutor, Steelshaper's Gift, Anger, Elixir of Immortality"
Fallout: Vault Boy,Secret Lair Drop,Other,SLD,2024-04-15,74.24,"Trinisphere, Grand Arbiter Augustin IV, Sphere of Resistance, Winter Orb"
Fallout: Vault Boy Foil Edition,Secret Lair Drop,Other,SLD,2024-04-15,69.79,"Trinisphere, Grand Arbiter Augustin IV, Winter Orb, Sphere of Resistance"
Fallout: Welcome to New Vegas,Secret Lair Drop,Other,SLD,2026-02-16,43.7,"Nuka-Cola Vending Machine, Isshin, Two Heavens as One, Caged Sun, Tinybones, Trinket Thief, The Deck of Many Things"
Fallout: Welcome to New Vegas Foil Edition,Secret Lair Drop,Other,SLD,2026-02-16,43.7,"Nuka-Cola Vending Machine, Isshin, Two Heavens as One, Caged Sun, Tinybones, Trinket Thief, The Deck of Many Things"
Fangs 1,Jumpstart,Other,J22,2022-12-02,8.86,"Rodolf Duskbringer, Creeping Bloodsucker, Oathsworn Vampire, Falkenrath Noble, Bloodthirsty Aerialist"
Fangs 2,Jumpstart,Other,J22,2022-12-02,8.86,"Rodolf Duskbringer, Creeping Bloodsucker, Vampiric Rites, Oathsworn Vampire, Falkenrath Noble"
Fangs 3,Jumpstart,Other,J22,2022-12-02,7.62,"Creeping Bloodsucker, Blood Artist, Ancient Craving, Oathsworn Vampire, Tivash, Gloom Summoner"
Fangs 4,Jumpstart,Other,J22,2022-12-02,21.35,"Vito, Thorn of the Dusk Rose, Creeping Bloodsucker, Blood Artist, Oathsworn Vampire, Vampire Envoy"
Fangs of the Bloodchief,Intro Pack,Other,WWK,2010-02-05,51.52,"Anowon, the Ruin Sage, Diabolic Tutor, Butcher of Malakir, Urge to Feed, Pulse Tracker"
Fangs of the Predator,Theme Deck,Other,PS11,2011-01-01,0.0,"Forest, Forest, Forest, Forest, Molimo, Maro-Sorcerer"
Fantastic,Jumpstart,Other,MSH,2026-06-26,29.59,"The Fantastic Four, Farseek, Forest, Daily Bugle Newspaper, Mister Fantastic, Reed Richards"
"Far Out, Man",Secret Lair Drop,Other,SLD,2022-05-06,79.09,"Mystical Tutor, Counterspell, Fabricate, Fact or Fiction, Aether Gust"
"Far Out, Man Foil Edition",Secret Lair Drop,Other,SLD,2022-05-06,79.09,"Mystical Tutor, Counterspell, Fabricate, Fact or Fiction, Aether Gust"
Fate,Clash Pack,Other,M15,2014-07-18,38.24,"Aetherspouts, Prophet of Kruphix, Kiora's Follower, Curse of the Swine, Hypnotic Siren"
Fate Blaster,Theme Deck,Other,FUT,2007-05-04,219.49,"Dandân, Vedalken Aethermage, Mystic Speculation, Frozen Aether, Magus of the Future"
Fate Reforged Fat Pack Land Pack,Bundle Land Pack,Other,FRF,2015-01-23,1.32,"Island, Island, Forest, Plains, Plains"
Fate Reforged Foil Redemption,MTGO Redemption,Other,FRF,2015-02-22,199.71,"Merciless Executioner, Ugin, the Spirit Dragon, Temporal Trespass, Ojutai, Soul of Winter, Dark Deal"
Fate Reforged Redemption,MTGO Redemption,Other,FRF,2015-02-22,225.61,"Merciless Executioner, Ugin, the Spirit Dragon, Temporal Trespass, Ojutai, Soul of Winter, Dark Deal"
Fate and Fury,Clash Pack,Other,M15,2014-07-18,200.73,"Nykthos, Shrine to Nyx, Aetherspouts, Prophet of Kruphix, Kiora's Follower, Elvish Mystic"
Fates Foreseen,Intro Pack,Other,JOU,2014-05-02,1.04,"Island, Island, Island, Spite of Mogis, Cyclops of Eternal Fury"
Favors From Nyx,Intro Pack,Other,THS,2013-09-27,15.17,"Gift of Immortality, Plains, Swamp, Doom Blade, Swamp"
"Fblthp: Completely, Utterly, Totally Lost",Secret Lair Drop,Other,SLD,2022-05-06,64.6,"Frantic Search, Path to Exile, Intruder Alarm, Well of Lost Dreams, Shelldock Isle"
"Fblthp: Completely, Utterly, Totally Lost Foil Edition",Secret Lair Drop,Other,SLD,2022-05-06,64.6,"Frantic Search, Path to Exile, Intruder Alarm, Well of Lost Dreams, Shelldock Isle"
Fearless,Jumpstart,Other,MSH,2026-06-26,9.78,"Daredevil, Fearless Fighter, Elektra, Femme Fatale, Daredevil's Billy Club, Fogwell's Gym, Stick, Fearless Mentor"
Feast of Flesh,Intro Pack,Other,NPH,2011-05-13,99.9,"Whipflare, Mountain, Swamp, Swamp, Go for the Throat"
Feathered Friends (1),Jumpstart,Other,JMP,2020-07-17,0.0,"Plains, Steel-Plume Marshal, Plains, Falconer Adept, Warded Battlements"
Feathered Friends (2),Jumpstart,Other,JMP,2020-07-17,0.0,"Angelic Ascension, Plains, Steel-Plume Marshal, Swift Response, Plains"
Feathered Friends (3),Jumpstart,Other,JMP,2020-07-17,2.0,"Angel of the Dire Hour, Plains, Swift Response, Plains, Falconer Adept"
Feathered Friends (4),Jumpstart,Other,JMP,2020-07-17,0.0,"Plains, Plains, Falconer Adept, Aegis of the Heavens, Warded Battlements"
Featuring: Andrew MacLean,Secret Lair Drop,Other,SLD,2024-07-30,46.54,"Arbor Elf, Maelstrom Wanderer, Nirkana Revenant, Terastodon"
Featuring: Andrew MacLean Foil Edition,Secret Lair Drop,Other,SLD,2024-07-30,46.54,"Arbor Elf, Maelstrom Wanderer, Nirkana Revenant, Terastodon"
Featuring: Deathburger,Secret Lair Drop,Other,SLD,2025-07-29,55.64,"Goblin Engineer, Arcbound Ravager, Foundry Inspector, Ethersworn Canonist, Dance of the Manse"
Featuring: Deathburger Galaxy Foil Edition,Secret Lair Drop,Other,SLD,2025-07-29,55.64,"Goblin Engineer, Arcbound Ravager, Foundry Inspector, Ethersworn Canonist, Dance of the Manse"
Featuring: Gary Baseman,Secret Lair Drop,Other,SLD,2023-09-15,64.03,"Forest, Swamp, Mountain, Island, Plains"
Featuring: Gary Baseman Foil Edition,Secret Lair Drop,Other,SLD,2023-09-15,64.03,"Forest, Swamp, Mountain, Island, Plains"
Featuring: Imiri Sakabashira,Secret Lair Drop,Other,SLD,2025-06-10,44.18,"Consecrated Sphinx, Scion of Draco, Mirage Mirror, Resculpt"
Featuring: Imiri Sakabashira Foil Edition,Secret Lair Drop,Other,SLD,2025-06-10,44.18,"Consecrated Sphinx, Scion of Draco, Mirage Mirror, Resculpt"
Featuring: Jay Howell,Secret Lair Drop,Other,SLD,2025-05-13,66.65,"Treasonous Ogre, Uncivil Unrest, Agent of Treachery, Priest of Forgotten Gods, Marchesa, the Black Rose"
Featuring: Jay Howell Foil Edition,Secret Lair Drop,Other,SLD,2025-05-13,66.65,"Treasonous Ogre, Uncivil Unrest, Agent of Treachery, Priest of Forgotten Gods, Marchesa, the Black Rose"
Featuring: Julie Bell,Secret Lair Drop,Other,SLD,2024-07-10,59.4,"Coat of Arms, Elves of Deep Shadow, Soul Warden, Good-Fortune Unicorn, Shivan Dragon"
Featuring: Julie Bell Foil Edition,Secret Lair Drop,Other,SLD,2024-07-10,59.4,"Coat of Arms, Elves of Deep Shadow, Soul Warden, Good-Fortune Unicorn, Shivan Dragon"
Featuring: Kevin Eastman (Colors),Secret Lair Drop,Other,SLD,2026-03-03,43.05,"Sakashima's Student, Guttersnipe, Throat Slitter, Loxodon Gatekeeper"
Featuring: Kevin Eastman (Colors) Foil Edition,Secret Lair Drop,Other,SLD,2026-03-03,43.05,"Sakashima's Student, Guttersnipe, Throat Slitter, Loxodon Gatekeeper"
Featuring: Kevin Eastman (Inks),Secret Lair Drop,Other,SLD,2026-03-03,30.25,"Sakashima's Student, Throat Slitter, Guttersnipe, Loxodon Gatekeeper"
Featuring: Kevin Eastman (Inks) Foil Edition,Secret Lair Drop,Other,SLD,2026-03-03,30.25,"Sakashima's Student, Throat Slitter, Guttersnipe, Loxodon Gatekeeper"
Featuring: Luke Pearson,Secret Lair Drop,Other,SLD,2025-02-11,61.12,"Realmwalker, Bear Umbra, Witch of the Moors, Solemn Simulacrum"
Featuring: Luke Pearson Foil Edition,Secret Lair Drop,Other,SLD,2025-02-11,61.12,"Realmwalker, Bear Umbra, Witch of the Moors, Solemn Simulacrum"
Featuring: Mitsuhiro Arita,Secret Lair Drop,Other,SLD,2025-02-11,44.47,"Murktide Regent, Light-Paws, Emperor's Voice, Shorikai, Genesis Engine, Lightning Bolt"
Featuring: Mitsuhiro Arita Foil Edition,Secret Lair Drop,Other,SLD,2025-02-11,44.47,"Murktide Regent, Light-Paws, Emperor's Voice, Shorikai, Genesis Engine, Lightning Bolt"
Featuring: Not a Wolf,Secret Lair Drop,Other,SLD,2024-07-10,69.85,"Beastmaster Ascension, Tovolar, Dire Overlord // Tovolar, the Midnight Scourge, Second Harvest, Avabruck Caretaker // Hollowhenge Huntmaster, Howl of the Night Pack"
Featuring: Not a Wolf Foil Edition,Secret Lair Drop,Other,SLD,2024-07-10,69.85,"Beastmaster Ascension, Tovolar, Dire Overlord // Tovolar, the Midnight Scourge, Second Harvest, Avabruck Caretaker // Hollowhenge Huntmaster, Howl of the Night Pack"
Featuring: Peach Momoko,Secret Lair Drop,Other,SLD,2024-10-01,96.5,"Aetherize, Psychic Corrosion, Time Sieve, Visions of Beyond, Drown in Dreams"
Featuring: Peach Momoko Foil Edition,Secret Lair Drop,Other,SLD,2024-10-01,96.5,"Aetherize, Psychic Corrosion, Time Sieve, Visions of Beyond, Drown in Dreams"
Featuring: Phoebe Wahl,Secret Lair Drop,Other,SLD,2024-04-15,62.85,"Door of Destinies, Alela, Artful Provocateur, Swords to Plowshares, Dockside Chef, Faerie Artisans"
Featuring: Phoebe Wahl Foil Edition,Secret Lair Drop,Other,SLD,2024-04-15,71.28,"Door of Destinies, Alela, Artful Provocateur, Swords to Plowshares, Dockside Chef, Faerie Artisans"
Featuring: Stan Sakai,Secret Lair Drop,Other,SLD,2026-03-03,62.51,"Baylen, the Haymaker, Master of Ceremonies, Sunforger, Second Harvest, Felidar Retreat"
Featuring: Stan Sakai Foil Edition,Secret Lair Drop,Other,SLD,2026-03-03,62.51,"Baylen, the Haymaker, Master of Ceremonies, Sunforger, Second Harvest, Felidar Retreat"
Featuring: the Mountain Goats,Secret Lair Drop,Other,SLD,2023-08-29,47.8,"Mountain, Mountain, Mountain, Mountain, Mountain"
Featuring: the Mountain Goats Foil Edition,Secret Lair Drop,Other,SLD,2023-08-29,47.8,"Mountain, Mountain, Mountain, Mountain, Mountain"
Felix the Cat: Magic Bag of Tricks,Secret Lair Drop,Other,SLD,2026-06-16,36.76,"Barrowgoyf, Mind's Eye, Time Stretch, Throes of Chaos, Future Sight"
Felix the Cat: Magic Bag of Tricks Foil Edition,Secret Lair Drop,Other,SLD,2026-06-16,36.76,"Barrowgoyf, Mind's Eye, Time Stretch, Throes of Chaos, Future Sight"
Ferocious 1,Jumpstart,Other,J22,2022-12-02,7.41,"Rhonas the Indomitable, Colossal Majesty, Ilysian Caryatid, Rampaging Growth, Roar of Challenge"
Ferocious 2,Jumpstart,Other,J22,2022-12-02,3.48,"Goreclaw, Terror of Qal Sisma, Colossal Majesty, Ilysian Caryatid, Roar of Challenge, Spectral Hunt-Caller"
Ferocious 3,Jumpstart,Other,J22,2022-12-02,5.86,"Prowling Serpopard, Colossal Majesty, Ilysian Caryatid, Roar of Challenge, Spectral Hunt-Caller"
Ferocious 4,Jumpstart,Other,J22,2022-12-02,1.4,"Colossal Majesty, Bonders' Enclave, Towering Gibbon, Ilysian Caryatid, Creeperhulk"
Fiendish Nature,Theme Deck,Other,UDS,1999-06-07,304.68,"Pattern of Rebirth, Phyrexian Reclamation, Rancor, Yavimaya Elder, Splinter"
Fiendish Nature - Enhanced Deck,Enhanced Deck,Other,UDS,1999-06-07,321.89,"Recurring Nightmare, Pattern of Rebirth, Rancor, Engineered Plague, Yavimaya Elder"
Fiery 1,Jumpstart,Other,J22,2022-12-02,0.0,"Chandra, Flame's Fury, Thrill of Possibility, Chandra's Magmutt, Spiteful Prankster, Chandra's Spitfire"
Fiery 2,Jumpstart,Other,J22,2022-12-02,2.29,"Banefire, Thrill of Possibility, Magmatic Channeler, Chandra's Spitfire, Thriving Bluff"
Fiery 3,Jumpstart,Other,J22,2022-12-02,0.0,"Thrill of Possibility, Chandra's Spitfire, Thriving Bluff, Thermo-Alchemist, Flame Lash"
Fiery 4,Jumpstart,Other,J22,2022-12-02,0.0,"Thrill of Possibility, Chandra's Spitfire, Searing Spear, Thriving Bluff, Ogre Battlecaster"
Fiery Dawn,Intro Pack,Other,AVR,2012-05-04,32.17,"Cathars' Crusade, Goldnight Commander, Plains, Devout Chaplain, Incinerate"
Fiery Fury,MTGO Theme Deck,Other,WTH,2007-12-12,67.86,"Firestorm, Crystal Vein, Fireblast, Mountain, Mind Stone"
Fifth Dawn Foil Redemption,MTGO Redemption,Other,5DN,2004-07-04,2355.27,"Grinding Station, Mycosynth Golem, Beacon of Immortality, Eternal Witness, Crucible of Worlds"
Fifth Dawn Redemption,MTGO Redemption,Other,5DN,2004-07-04,2355.27,"Grinding Station, Mycosynth Golem, Beacon of Immortality, Eternal Witness, Crucible of Worlds"
Final Adventure,Challenger Deck,Other,Q04,2020-04-03,24.44,"Vraska, Golgari Queen, Knight of the Ebon Legion, Fabled Passage, Castle Locthwain, Midnight Reaper"
Final Fantasy Bundle Land Pack,Bundle Land Pack,Other,FIN,2025-06-13,2.48,"Wastes, Wastes, Forest, Forest, Swamp"
Finally! Left-Handed Magic Cards,Secret Lair Drop,Other,SLD,2022-08-05,82.27,"Rograkh, Son of Rohgahh, Empress Galina, Sisay, Weatherlight Captain, Garruk, Caller of Beasts, Geralf's Messenger"
Finally! Left-Handed Magic Cards Foil Edition,Secret Lair Drop,Other,SLD,2022-08-05,82.27,"Rograkh, Son of Rohgahh, Empress Galina, Sisay, Weatherlight Captain, Garruk, Caller of Beasts, Geralf's Messenger"
Finkel,Theme Deck,Other,DKM,2001-12-01,212.72,"Necropotence, Sulfurous Springs, Incinerate, Underground River, Dark Ritual"
Fire Nation,Jumpstart,Other,TLE,2025-11-20,15.34,"Longshot, Rebel Bowman, Storm of Memories, Fists of Flame, Zuko, Seeking Honor, Firebending Student"
Fire Surge,Intro Pack,Other,M14,2013-07-19,0.0,"Mountain, Island, Goblin Shortcutter, Mountain, Island"
Fire and Lightning,Premium Deck,Other,PD2,2010-11-19,18.91,"Price of Progress, Reverberate, Chain Lightning, Fireblast, Lightning Bolt"
Firebending (1),Jumpstart,Other,TLE,2025-11-20,3.45,"Reckless Blaze, Firebender Ascension, Thriving Bluff, Mountain, Loyal Fire Sage"
Firebending (2),Jumpstart,Other,TLE,2025-11-20,2.18,"Reckless Blaze, Thriving Bluff, Mountain, Loyal Fire Sage, Firebending Lesson"
Firebomber,Intro Pack,Other,M10,2009-07-17,41.59,"Earthquake, Lightning Bolt, Island, Mountain, Island"
Fireworks,Arena Starter Deck,Other,AFR,2021-09-24,13.04,"Riverglide Pathway // Lavaglide Pathway, Archmage Emeritus, Volatile Fjord, Demilich, Prismari Command"
Fixed Content,Deck Builder's Toolkit,Other,M15,2014-07-18,20.5,"Searing Blood, Elvish Mystic, Sign in Blood, Reclamation Sage, Voyaging Satyr"
Flames Of The Dragon,Intro Pack,Other,M15,2014-07-18,7.76,"Darksteel Citadel, Ensoul Artifact, Rogue's Gloves, Ornithopter, Wall of Frost"
Flames of Rath - Advanced Deck,Advanced Deck,Other,TMP,1997-10-14,122.97,"Reflecting Pool, Undiscovered Paradise, Gemstone Mine, Furnace of Rath, Ball Lightning"
Flash of Ferocity,Challenger Deck,Other,Q04,2020-04-03,16.31,"Fabled Passage, Brazen Borrower // Petty Theft, Spectral Sailor, Nightpack Ambusher, Wavebreak Hippocamp"
Flight of the Witch King,Box Set,Other,LTC,2023-11-03,81.86,"Call Forth the Tempest, Nazgûl Battle-Mace, Minas Morgul, Dark Fortress, Witch-king, Sky Scourge, Fell Beast of Mordor"
Flower Power,Secret Lair Drop,Other,SLD,2025-10-20,52.04,"Forest, Island, Mountain, Swamp, Plains"
Flower Power Foil Edition,Secret Lair Drop,Other,SLD,2025-10-20,52.04,"Forest, Island, Mountain, Swamp, Plains"
Flyover,Intro Pack,Other,WWK,2010-02-05,18.6,"Everflowing Chalice, Lightkeeper of Emeria, Kor Cartographer, Marshal's Anthem, Stormfront Pegasus"
Forest Dragon,Shandalar Enemy Deck,Other,PAST,1997-04-01,61.9,"Desert Twister, Sandstorm, Untamed Wilds, Crumble, Cockatrice"
Forest's Might,Arena Starter Deck,Other,ANB,2019-09-26,6.45,"Voracious Hydra, Gargos, Vicious Watcher, Season of Growth, Meteor Golem, Giant Growth"
Forest's Might 2,Arena Starter Deck,Other,ANB,2020-03-12,6.45,"Voracious Hydra, Gargos, Vicious Watcher, Season of Growth, Giant Growth, Aggressive Mammoth"
Forged in Battle,Intro Pack,Other,BNG,2014-02-07,6.4,"Searing Blood, Plains, Akroan Skyguard, Akroan Crusader, Elite Skirmisher"
Foundations Bundle Land Pack,Bundle Land Pack,Other,FDN,2024-11-15,3.38,"Swamp, Swamp, Plains, Plains, Mountain"
Freedom Fighters,Jumpstart,Other,TLE,2025-11-20,3.15,"The Duke, Rebel Sentry, Jet, Rebel Leader, Plains, Valorous Stance, Inspired Insurgent"
From the Vault: Angels,Box Set,Other,V15,2015-08-21,114.72,"Avacyn, Angel of Hope, Iona, Shield of Emeria, Aurelia, the Warleader, Platinum Angel, Akroma, Angel of Wrath"
From the Vault: Annihilation,Box Set,Other,V14,2014-08-22,54.83,"Armageddon, Living Death, Smokestack, Cataclysm, Decree of Annihilation"
From the Vault: Dragons,Box Set,Other,DRB,2008-08-29,136.52,"Kokusho, the Evening Star, Dragonstorm, Bladewing the Risen, Draco, Nicol Bolas"
From the Vault: Exiled,Box Set,Other,V09,2009-08-28,515.72,"Lotus Petal, Sensei's Divining Top, Necropotence, Strip Mine, Trinisphere"
From the Vault: Legends,Box Set,Other,V11,2011-08-26,169.8,"Ulamog, the Infinite Gyre, Kiki-Jiki, Mirror Breaker, Captain Sisay, Sun Quan, Lord of Wu, Doran, the Siege Tower"
From the Vault: Lore,Box Set,Other,V16,2016-08-19,92.57,"Cabal Ritual, Umezawa's Jitte, Beseech the Queen, Glissa, the Traitor, Unmask"
From the Vault: Realms,Box Set,Other,V12,2012-08-31,421.04,"Ancient Tomb, Urborg, Tomb of Yawgmoth, Glacial Chasm, Dryad Arbor, Boseiju, Who Shelters All"
From the Vault: Relics,Box Set,Other,V10,2010-08-27,1635.59,"Mox Diamond, Memory Jar, Isochron Scepter, Sol Ring, Masticore"
From the Vault: Transform,Box Set,Other,V17,2017-11-24,96.35,"Gisela, the Broken Blade // Brisela, Voice of Nightmares, Bloodline Keeper // Lord of Lineage, Liliana, Heretical Healer // Liliana, Defiant Necromancer, Bruna, the Fading Light // Brisela, Voice of Nightmares, Elbrus, the Binding Blade // Withengar Unbound"
From the Vault: Twenty,Box Set,Other,V13,2013-08-23,161.91,"Green Sun's Zenith, Tangle Wire, Dark Ritual, Jace, the Mind Sculptor, Ink-Eyes, Servant of Oni"
Full Sleeves: the Tattoo Pack,Secret Lair Drop,Other,SLD,2020-06-01,42.2,"Inkmoth Nexus, Blood Artist, Eternal Witness, Spell Pierce, Pithing Needle"
Fun Guys (1),Jumpstart,Other,J25,2024-11-07,5.02,"Shroofus Sproutsire, Spore Swarm, Tukatongue Thallid, Fungal Plots, Saproling Migration"
Fun Guys (2),Jumpstart,Other,J25,2024-11-07,5.02,"Shroofus Sproutsire, Spore Swarm, Undercellar Myconid, Fungal Plots, Saproling Migration"
Fun With Fungus,Theme Deck,Other,TSP,2006-10-06,335.21,"Claws of Gix, Pendelhaven, Fallen Ideal, Verdant Embrace, Savage Thallid"
Fungus Master,Shandalar Enemy Deck,Other,PAST,1997-04-01,46.54,"Oasis, Untamed Wilds, Forest, Fungusaur, Island"
Furby: Doo-ay Noo-lah,Secret Lair Drop,Other,SLD,2025-10-27,50.96,"Sol Ring, Chromatic Lantern, Inspiring Call, Explore, Distant Melody"
Furby: Doo-ay Noo-lah Confetti Foil Edition,Secret Lair Drop,Other,SLD,2025-10-27,98.32,"Sol Ring, Chromatic Lantern, Explore, Inspiring Call, Distant Melody"
Furby: Doo-ay Noo-lah Foil Edition,Secret Lair Drop,Other,SLD,2025-10-27,50.96,"Sol Ring, Chromatic Lantern, Inspiring Call, Explore, Distant Melody"
Furby: Furbys: The Gathering,Secret Lair Drop,Other,SLD,2025-10-27,58.7,"Tamiyo's Safekeeping, Sphere of Safety, Phyrexian Arena, Miscast, Tormenting Voice"
Furby: Furbys: The Gathering Confetti Foil Edition,Secret Lair Drop,Other,SLD,2025-10-27,108.59,"Tamiyo's Safekeeping, Sphere of Safety, Phyrexian Arena, Miscast, Tormenting Voice"
Furby: Furbys: The Gathering Foil Edition,Secret Lair Drop,Other,SLD,2025-10-27,58.7,"Tamiyo's Safekeeping, Sphere of Safety, Phyrexian Arena, Miscast, Tormenting Voice"
Furby: The Oddbodies,Secret Lair Drop,Other,SLD,2025-10-27,88.81,"Umbris, Fear Manifest, Hullbreaker Horror, Maddening Cacophony, Spellskite, Serum Visions"
Furby: The Oddbodies Confetti Foil Edition,Secret Lair Drop,Other,SLD,2025-10-27,131.91,"Hullbreaker Horror, Umbris, Fear Manifest, Spellskite, Maddening Cacophony, Serum Visions"
Furby: The Oddbodies Foil Edition,Secret Lair Drop,Other,SLD,2025-10-27,88.81,"Umbris, Fear Manifest, Hullbreaker Horror, Maddening Cacophony, Spellskite, Serum Visions"
Furious Forces,Intro Pack,Other,DTK,2015-03-27,40.18,"Savage Ventmaw, Berserkers' Onslaught, Harbinger of the Hunt, Dragonlord's Servant, Forest"
Fury,Clash Pack,Other,M15,2014-07-18,165.94,"Nykthos, Shrine to Nyx, Elvish Mystic, Courser of Kruphix, Reclamation Sage, Genesis Hydra"
Future Shock,Theme Deck,Other,FUT,2007-05-04,246.38,"Dryad Arbor, Nacatl War-Pride, Edge of Autumn, Baru, Fist of Krosa, Emblem of the Warmind"
Future Sight Foil Redemption,MTGO Redemption,Other,FUT,2007-06-03,2946.88,"Sliver Legion, Pact of Negation, Tarmogoyf, Dryad Arbor, Summoner's Pact"
Future Sight Redemption,MTGO Redemption,Other,FUT,2007-06-03,2946.88,"Sliver Legion, Pact of Negation, Tarmogoyf, Dryad Arbor, Summoner's Pact"
Gabriel Nassif - Blue-White Anti-Affinity Control,World Championship Deck,Other,WC04,2004-09-01,35.89,"Flooded Strand, Exalted Angel, Island, Plains, Temple of the False God"
Gandalf in the Pelennor Fields,Box Set,Other,LTC,2023-11-03,20.88,"Rammas Echor, Ancient Shield, Olórin's Searing Light, Gandalf of the Secret Fire, Sorcerous Squall, Courageous Resolve"
Garden Buds,Secret Lair Drop,Other,SLD,2025-03-25,81.28,"Ashaya, Soul of the Wild, Horn of Greed, Elvish Reclaimer, World Shaper, Harrow"
Garden Buds Foil Edition,Secret Lair Drop,Other,SLD,2025-03-25,81.28,"Ashaya, Soul of the Wild, Horn of Greed, Elvish Reclaimer, World Shaper, Harrow"
Garfield,Theme Deck,Other,DKM,2001-12-01,40.39,"Incinerate, Incinerate, Jokulhaups, Karplusan Forest, Lhurgoyf"
Garfield: As Intended,Secret Lair Drop,Other,SLD,2026-06-16,41.27,"Counterspell, Dark Ritual, Swords to Plowshares, Fog, Earthquake"
Garfield: As Intended Foil Edition,Secret Lair Drop,Other,SLD,2026-06-16,41.27,"Counterspell, Dark Ritual, Swords to Plowshares, Fog, Earthquake"
Garfield: Motivationally Challenged,Secret Lair Drop,Other,SLD,2026-06-16,40.2,"Rin and Seri, Inseparable, Orim's Chant, Sol Ring, Beast Within, Ponder"
Garfield: Motivationally Challenged Foil Edition,Secret Lair Drop,Other,SLD,2026-06-16,40.2,"Rin and Seri, Inseparable, Orim's Chant, Sol Ring, Beast Within, Ponder"
Garfield: Our Only Thought is to Entertain You,Secret Lair Drop,Other,SLD,2026-06-16,28.05,"It That Betrays, Maddening Cacophony, Maddening Hex, Molten Collapse, Hunter's Insight"
Garfield: Our Only Thought is to Entertain You Foil Edition,Secret Lair Drop,Other,SLD,2026-06-16,28.05,"It That Betrays, Maddening Cacophony, Maddening Hex, Molten Collapse, Hunter's Insight"
Garland at the Chaos Shrine,Box Set,Other,FIN,2025-06-13,48.44,"The Destined Black Mage, The Destined White Mage, Garland, Royal Kidnapper, Chaos Shrine's Black Crystal, The Destined Warrior"
Garruk,Duel Deck,Other,GVL,2014-12-05,13.35,"Nature's Lore, Garruk Wildspeaker, Lignify, Rude Awakening, Treetop Village"
"Garruk, Savage Herald",Planeswalker Deck,Other,M21,2020-07-03,8.68,"Ram Through, Garruk, Savage Herald, Garruk's Uprising, Forest, Ilysian Caryatid"
Gatecrash Foil Redemption,MTGO Redemption,Other,GTC,2013-03-03,538.46,"Aurelia, the Warleader, Sylvan Primordial, Godless Shrine, Legion Loyalist, Watery Grave"
Gatecrash Redemption,MTGO Redemption,Other,GTC,2013-03-03,538.46,"Aurelia, the Warleader, Sylvan Primordial, Godless Shrine, Legion Loyalist, Watery Grave"
Gatecrasher,MTGO Theme Deck,Other,WTH,2007-12-12,6.44,"Mountain, Uktabi Orangutan, Maraxus of Keld, Aboroth, Forest"
Geniuses,Jumpstart,Other,MSH,2026-06-26,4.54,"Reed Richards, Smartest Man, Ant-Man, Reformed Rogue, Shuri, Vibranium Technologist, Super Intelligence, Beast, Erudite Aerialist"
"George Baxter, Quarterfinalist",Pro Tour Deck,Other,PTC,1996-05-01,98.62,"Hypnotic Specter, City of Brass, Sulfurous Springs, Lightning Bolt, Mishra's Factory"
Ghastly (1),Jumpstart,Other,J25,2024-11-07,0.0,"Harvester of Souls, Village Rites, Ozox, the Clattering King, Dross Hopper, Doomed Dissenter"
Ghastly (2),Jumpstart,Other,J25,2024-11-07,0.0,"Bloodgift Demon, Village Rites, Ozox, the Clattering King, Typhoid Rats, Doomed Dissenter"
Ghastly (3),Jumpstart,Other,J25,2024-11-07,0.0,"Reaper from the Abyss, Wriggling Grub, Deadly Dispute, Ozox, the Clattering King, Dross Hopper"
Ghastly (4),Jumpstart,Other,J25,2024-11-07,1.16,"Army of the Damned, Deadly Dispute, Shambling Ghast, Ozox, the Clattering King, Doomed Dissenter"
Ghost of Tsushima,Secret Lair Drop,Other,SLD,2025-11-06,142.25,"Jin Sakai, Ghost of Tsushima, Borne Upon a Wind, Path to Exile, Eiganjo Castle, Ghostly Flicker"
Ghost of Tsushima Foil Edition,Secret Lair Drop,Other,SLD,2025-11-06,142.25,"Jin Sakai, Ghost of Tsushima, Borne Upon a Wind, Path to Exile, Eiganjo Castle, Ghostly Flicker"
Ghostbusters: Slimer,Secret Lair Drop,Other,SLD,2024-10-01,39.34,"Windfall, Trickbind, Incarnation Technique, The Mimeoplasm, Pernicious Deed"
Ghostbusters: Slimer Foil Edition,Secret Lair Drop,Other,SLD,2024-10-01,39.34,"Windfall, Trickbind, Incarnation Technique, The Mimeoplasm, Pernicious Deed"
Ghostbusters: The Real Ghostbusters,Secret Lair Drop,Other,SLD,2024-10-01,39.18,"Eladamri's Call, Boros Charm, Careful Study, Living End, Unlicensed Hearse"
Ghostbusters: The Real Ghostbusters Foil Edition,Secret Lair Drop,Other,SLD,2024-10-01,39.18,"Eladamri's Call, Boros Charm, Careful Study, Living End, Unlicensed Hearse"
Ghostly Tide,Intro Pack,Other,SOI,2016-04-08,7.85,"Essence Flux, Pore Over the Pages, Rattlechains, Drogskol Cavalry, Plains"
Giddyap,Jumpstart,Other,J25,2024-11-07,3.89,"Thurid, Mare of Destiny, Celestial Unicorn, Shield Mare, Sungrace Pegasus, Steadfast Unicorn"
Gideon,Archenemy Deck,Other,E01,2017-06-16,20.33,"Grand Abolisher, Plains, Fiendslayer Paladin, Plains, Gideon Jura"
"Gideon, Martial Paragon",Planeswalker Deck,Other,AKH,2017-04-28,1.19,"Mountain, Gideon, Martial Paragon, Mountain, Plains, Ahn-Crop Crasher"
"Gideon, the Oathsworn",Planeswalker Deck,Other,WAR,2019-05-03,17.29,"Cruel Celebrant, Bond of Discipline, Command the Dreadhorde, Charmed Stray, Gideon, the Oathsworn"
Gift Wrapped,Secret Lair Drop,Other,SLD,2023-12-05,61.63,"Homeward Path, Giver of Runes, Moment's Peace, Distant Melody, Cathartic Reunion"
Gift Wrapped Foil Edition,Secret Lair Drop,Other,SLD,2023-12-05,62.67,"Homeward Path, Giver of Runes, Moment's Peace, Distant Melody, Cathartic Reunion"
Gifts of the Gods,Intro Pack,Other,BNG,2014-02-07,18.99,"Gift of Immortality, Sunbond, Plains, Island, Island"
Gigantic 1,Jumpstart,Other,J22,2022-12-02,17.5,"Runadi, Behemoth Caller, Towering Gibbon, Overgrowth, Thrashing Brontodon, Pounce"
Gigantic 2,Jumpstart,Other,J22,2022-12-02,17.5,"Runadi, Behemoth Caller, Engulfing Slagwurm, Towering Gibbon, Overgrowth, Paradise Druid"
Gleeful Flames,Event Deck,Other,DKA,2012-02-24,71.58,"Inkmoth Nexus, Goblin Grenade, Faithless Looting, Infiltration Lens, Hellrider"
Gliding (1),Jumpstart,Other,TLE,2025-11-20,1.5,"Kindly Customer, Momo, Friendly Flier, Plains, Air Nomad Student, Aang, the Last Airbender"
Gliding (2),Jumpstart,Other,TLE,2025-11-20,1.6,"Tale of Momo, Momo, Friendly Flier, Plains, Inspired Insurgent, Air Nomad Student"
Glorious Combat,Game Night Deck,Other,GN3,2022-10-14,16.68,"Zamriel, Seraph of Steel, Argentum Armor, Colossus Hammer, Swords to Plowshares, Path to Exile"
Go to School 1,Jumpstart,Other,J22,2022-12-02,0.0,"Kasmina, Enigmatic Mentor, Biblioplex Kraken, Barrin, Tolarian Archmage, Merfolk Pupil, Thriving Isle"
Go to School 2,Jumpstart,Other,J22,2022-12-02,70.1,"Rhystic Study, Kasmina, Enigmatic Mentor, Biblioplex Kraken, Merfolk Pupil, Thriving Isle"
Goblin & Squabblin',Secret Lair Drop,Other,SLD,2023-08-29,302.75,"Muxus, Goblin Grandee, Goblin Recruiter, Goblin Lackey, Goblin Matron, Shattergang Brothers"
Goblin & Squabblin' Foil Edition,Secret Lair Drop,Other,SLD,2023-08-29,427.85,"Muxus, Goblin Grandee, Goblin Recruiter, Goblin Lackey, Goblin Matron, Shattergang Brothers"
Goblin Assault,Theme Deck,Other,S99,1999-07-12,12.32,"Goblin General, Relentless Assault, Mountain, Mountain, Volcanic Dragon"
Goblin Fire,Theme Deck,Other,P02,1998-06-24,34.78,"Wildfire, Goblin General, Mountain, Goblin Matron, Goblin War Strike"
Goblin Mob,Theme Deck,Other,SCG,2003-05-26,507.13,"Siege-Gang Commander, Goblin Warchief, Gempalm Incinerator, Sulfuric Vortex, Goblin War Strike"
Goblin Warlord,Shandalar Enemy Deck,Other,PAST,1997-04-01,251.57,"Mountain, Goblin King, Manabarbs, Tawnos's Weaponry, Helm of Chatzuk"
Goblingram,Secret Lair Drop,Other,SLD,2024-05-30,49.81,"Goblin Welder, Brash Taunter, Goblin Chieftain, Mogg War Marshal, Goblin Ringleader"
Goblingram Foil Edition,Secret Lair Drop,Other,SLD,2024-05-30,49.81,"Goblin Welder, Brash Taunter, Goblin Chieftain, Mogg War Marshal, Goblin Ringleader"
Goblins,Duel Deck,Other,DDT,2017-11-10,25.19,"Warren Instigator, Goblin Chieftain, Relentless Assault, Krenko, Mob Boss, Goblin Rabblemaster"
Goblins (1),Jumpstart,Other,J25,2024-11-07,5.97,"General Kreat, the Boltbringer, Dropkick Bomber, Battle Cry Goblin, Krenko's Command, Brute Strength"
Goblins (2),Jumpstart,Other,J25,2024-11-07,5.97,"General Kreat, the Boltbringer, Dropkick Bomber, Battle Cry Goblin, Goblin Goliath, Krenko's Command"
Goblins (3),Jumpstart,Other,J25,2024-11-07,8.66,"General Kreat, the Boltbringer, Krenko, Tin Street Kingpin, Beetleback Chief, Krenko's Command, Thriving Bluff"
Goblins (4),Jumpstart,Other,JMP,2020-07-17,2.56,"Krenko, Mob Boss, Goblin Lore, Mountain, Goblin Instigator, Outnumber"
Goblins 1,Jumpstart,Other,J22,2022-12-02,3.21,"Krenko, Mob Boss, Goblin Grenade, Battle Squadron, Hordeling Outburst, Volley Veteran"
Goblins 2,Jumpstart,Other,J22,2022-12-02,2.16,"Goblin Warchief, Ib Halfheart, Goblin Tactician, Goblin Grenade, Goblin Rally, Volley Veteran"
Goblins 3,Jumpstart,Other,J22,2022-12-02,13.71,"Muxus, Goblin Grandee, Goblin Grenade, Instruments of War, Destructive Tampering, Volley Veteran"
Goblins 4,Jumpstart,Other,J22,2022-12-02,6.07,"Ardoz, Cobbler of War, Goblin Rabblemaster, Goblin Grenade, Goblin Rally, Outnumber"
Goblins Everywhere!,Arena Starter Deck,Other,ANB,2020-08-13,0.0,"Tin Street Cadet, Goblin Tunneler, Nest Robber, Molten Ravager, Goblin Gang Leader"
God of War: Greek,Secret Lair Drop,Other,SLD,2025-11-06,101.38,"Kratos, God of War, Pyrohemia, Rite of Flame, World at War, Sulfuric Vortex"
God of War: Greek Foil Edition,Secret Lair Drop,Other,SLD,2025-11-06,101.38,"Kratos, God of War, Pyrohemia, Rite of Flame, World at War, Sulfuric Vortex"
God of War: Norse,Secret Lair Drop,Other,SLD,2025-11-06,37.9,"Iroas, God of Victory, Kratos, Stoic Father, Atreus, Impulsive Son, Teferi's Ageless Insight // Teferi's Ageless Insight"
God of War: Norse Foil Edition,Secret Lair Drop,Other,SLD,2025-11-06,37.9,"Iroas, God of Victory, Kratos, Stoic Father, Atreus, Impulsive Son, Teferi's Ageless Insight // Teferi's Ageless Insight"
Going Rogue,Theme Deck,Other,MOR,2008-02-01,211.18,"Notorious Throng, Island, Swamp, Oona's Blackguard, Mothdust Changeling"
Gold Deck,Starter Deck,Other,7ED,2001-04-11,237.09,"Rampant Growth, Trained Orgg, Forest, Forest, Mountain"
Gold Pack,Advanced Pack,Other,7ED,2001-04-11,230.87,"Llanowar Elves, Fog, Patagia Golem, Forest, Mountain"
Golgari,Duel Deck,Other,DDJ,2012-09-07,16.64,"Life from the Loam, Elves of Deep Shadow, Jarad, Golgari Lich Lord, Eternal Witness, Golgari Grave-Troll"
Golgari Deathcreep,Theme Deck,Other,RAV,2005-10-07,115.51,"Savra, Queen of the Golgari, Elves of Deep Shadow, Golgari Grave-Troll, Stinkweed Imp, Golgari Rot Farm"
Golgari Exploration,Arena Starter Deck,Other,DOM,2018-03-22,25.84,"Tendershoot Dryad, Vizier of the Menagerie, Wildgrowth Walker, Ravenous Chupacabra, Ifnir Deadlands"
Golgari Growth,Intro Pack,Other,RTR,2012-10-05,3.69,"Treasured Find, Grisly Salvage, Wild Beastmaster, Corpsejack Menace, Korozda Guildmage"
Golgari Swarm,Arena Starter Deck,Other,M20,2019-05-03,43.35,"Overgrown Tomb, Underrealm Lich, Assassin's Trophy, Leyline Prowler, Lotleth Giant"
Golgari Swarm 1,Jumpstart,Other,CLU,2024-02-23,18.31,"Amzu, Swarm's Hunger, Golgari Signet, Tribune of Rot, Deadbridge Chant, Golgari Rot Farm"
Golgari Swarm 2,Jumpstart,Other,CLU,2024-02-23,8.61,"Underrealm Lich, Sludge Titan, Tribune of Rot, Fungal Rebirth, Golgari Rot Farm"
Gondor: Green-White,Starter Kit,Other,LTR,2023-06-23,43.51,"Bilbo's Ring, Aragorn and Arwen, Wed, Galadriel, Gift-Giver, Gandalf, White Rider, Generous Ent"
Grab for Power,Intro Pack,Other,M12,2011-07-15,59.19,"Buried Ruin, Ponder, Diabolic Tutor, Rune-Scarred Demon, Scepter of Empires"
Grave Advantage,Intro Pack,Other,FRF,2015-01-23,64.7,"Merciless Executioner, Archfiend of Depravity, Dark Deal, Hornet Queen, Wall of Mulch"
Grave Danger,Theme Deck,Other,TOR,2002-02-08,477.87,"Psychatog, Careful Study, Cephalid Illusionist, Tainted Isle, Breakthrough"
Grave Matters,Arena Starter Deck,Other,SNC,2022-09-09,10.29,"Deathcap Glade, Old Rutstein, Infernal Grasp, Undead Butler, Shigeki, Jukai Visionary"
Grave Power,Intro Pack,Other,DKA,2012-02-03,21.5,"Gnaw to the Bone, Island, Island, Forest, Aether Adept"
Grave Robbers (1),Jumpstart,Other,J25,2024-11-07,0.0,"Eye Collector, Gorex, the Tombshell, Murder, Eternal Taskmaster, Grave Strength"
Grave Robbers (2),Jumpstart,Other,J25,2024-11-07,0.0,"Doomed Necromancer, Undead Butler, Dusk Mangler, Eye Collector, Gorex, the Tombshell"
Grave Robbers (3),Jumpstart,Other,J25,2024-11-07,0.0,"Dreadhound, Isareth the Awakener, Murder, Memorial to Folly, Eternal Taskmaster"
Grave Robbers (4),Jumpstart,Other,J25,2024-11-07,0.0,"Liliana, Death's Majesty, Undead Butler, Isareth the Awakener, Murder, Shardless Outlander"
Grave Secrets,Arena Starter Deck,Other,LTR,2023-06-20,15.2,"Breach the Multiverse, Darkslick Shores, Fallaji Archaeologist, Gix's Command, Black Sun's Twilight"
Graveborn,Premium Deck,Other,PD3,2011-11-18,91.88,"Reanimate, Crystal Vein, Entomb, Cabal Therapy, Animate Dead"
Graveyard Bash,Arena Starter Deck,Other,M19,2018-09-27,9.43,"Death Baron, Open the Graves, Yargle, Glutton of Urborg, Skulduggery, Swamp"
Great Druid,Shandalar Enemy Deck,Other,PAST,1997-04-01,135.1,"Killer Bees, Desert Twister, Birds of Paradise, Untamed Wilds, Instill Energy"
Great Lakes Avengers,Jumpstart,Other,MSH,2026-06-26,22.1,"Tippy-Toe, Terrific Partner, The Unbeatable Squirrel Girl, Flatman, Mister Immortal, Forest"
Green,Halfdeck,Other,UND,2020-02-28,0.0,"Forest, Squirrel Farm, Surgeon General Commander, Old Fogey, Timmy, Power Gamer"
Green Deck,Welcome Deck,Other,SPM,2025-09-26,17.54,"Spider-Man, Miles Morales, Venom Blast, Prowler, Misguided Mentor, Twisted Spider-Clone, Forest"
Green Deck A,Sample Deck,Other,M12,2011-07-15,18.56,"Hunter's Insight, Lead the Stampede, Gladecover Scout, Llanowar Elves, Forest"
Green Deck B,Sample Deck,Other,M12,2011-07-15,6.13,"Rampant Growth, Viridian Emissary, Withstand Death, Acidic Slime, Forest"
Green Red Beatdown,Deck Builder's Toolkit,Other,ORI,2015-07-17,2.88,"Savage Punch, Whisperer of the Wilds, Barrage of Boulders, Circle of Elders, Zendikar Incarnate"
Green Sample Deck,Sample Deck,Other,M15,2014-07-18,6.07,"Elvish Mystic, Paragon of Eternal Wilds, Forest, Forest, Forest"
Green White Convoke,Deck Builder's Toolkit,Other,M15,2014-07-18,2.39,"Triplicate Spirits, Seraph of the Masses, Siege Wurm, Raise the Alarm, Sunblade Elf"
Green and White,Deck Builder's Toolkit,Other,AKH,2017-04-28,6.9,"Manglehorn, Fairgrounds Warden, Compulsory Rest, Thopter Arrest, Shed Weakness"
Green and White Humans,Deck Builder's Toolkit,Other,KLD,2016-09-30,0.0,"Gryff's Boon, Strength of Arms, Choking Restraints, True-Faith Censer, Crossroads Consecrator"
Green-White Auras,Deck Builder's Toolkit,Other,ROE,2010-05-21,59.02,"Hyena Umbra, Snake Umbra, Canopy Cover, Aura Gnarlid, Totem-Guide Hartebeest"
Grixis Shambling Army,Intro Pack,Other,CON,2009-02-06,36.33,"Terramorphic Expanse, Crumbling Necropolis, Island, Swamp, Mountain"
Grixis Undead,Intro Pack,Other,ALA,2008-10-03,55.4,"Cruel Ultimatum, Crumbling Necropolis, Island, Swamp, Fleshbag Marauder"
Gross 1,Jumpstart,Other,J22,2022-12-02,7.28,"Massacre Wurm, Leechridden Swamp, Plaguecrafter, Skullslither Worm, Infernal Idol"
Gross 2,Jumpstart,Other,J22,2022-12-02,5.24,"Phyrexian Reclamation, Plaguecrafter, Phyrexian Plaguelord, Skullslither Worm, Blighted Fen"
Gross 3,Jumpstart,Other,J22,2022-12-02,0.0,"Plaguecrafter, Deathbringer Regent, Death Wind, Skullslither Worm, Infernal Idol"
Gross 4,Jumpstart,Other,J22,2022-12-02,3.27,"Ophiomancer, Plaguecrafter, Swarm of Bloodflies, Witch's Cauldron, Skullslither Worm"
Ground Pounder,Theme Deck,Other,BTD,2000-10-01,27.78,"Dwarven Ruins, Fireball, Ball Lightning, Shivan Dragon, Lightning Bolt"
Groundbreaker - Advanced Deck,Advanced Deck,Other,EXO,1998-06-15,225.01,"Wasteland, Reflecting Pool, Plaguebearer, Undiscovered Paradise, City of Brass"
Groundbreaker - Basic Deck,Theme Deck,Other,EXO,1998-06-15,5.58,"Searing Touch, Thopter Squadron, Necrologia, Mountain, Swamp"
Growing Hope,Arena Starter Deck,Other,LTR,2023-06-20,24.51,"Ozolith, the Shattered Spire, Kami of Whispered Hopes, Ruins Recluse, Dusk Legion Duelist, Serra Redeemer"
Growing Hunger,Arena Starter Deck,Other,AFR,2021-09-24,10.25,"Darkbore Pathway // Slitherbore Pathway, Binding the Old Gods, Drana, the Last Bloodchief, Woodland Chasm, Exponential Growth"
Gruul,Guild Kit,Other,GK2,2019-02-15,30.55,"Birds of Paradise, Rhythm of the Wild, Protean Hulk, Ruric Thar, the Unbowed, Immolation Shaman"
Gruul Clans,Arena Starter Deck,Other,M20,2019-05-03,20.74,"Stomping Ground, Rhythm of the Wild, End-Raze Forerunners, Pelt Collector, Mountain"
Gruul Clans 1,Jumpstart,Other,CLU,2024-02-23,3.95,"Herald of Ilharg, Gruul Signet, Firespout, Stormblood Berserker, Pyrewild Shaman"
Gruul Clans 2,Jumpstart,Other,CLU,2024-02-23,1.48,"Colossal Majesty, Stampede Surfer, Giant Adephage, Furious Spinesplitter, Gruul Turf"
Gruul Goliaths,Intro Pack,Other,GTC,2013-02-01,23.25,"Alpha Authority, Arbor Elf, Ranger's Path, Gruul Ragebeast, Gruul Guildgate"
Gruul Siege,Intro Pack,Other,DGM,2013-05-03,3.82,"Zhur-Taa Druid, Gruul War Chant, Pit Fight, Ruric Thar, the Unbowed, Forest"
Gruul Stompy,Pioneer Challenger Deck,Other,Q08,2022-11-04,42.98,"Chandra, Torch of Defiance, Stomping Ground, Questing Beast, Elvish Mystic, Rockfall Vale"
Gruul Wilding,Theme Deck,Other,GPT,2006-02-03,36.66,"Skarrg, the Rage Pits, Wild Cantor, Borborygmos, Dryad Sophisticate, Wurmweaver Coil"
Guardian of the Tusk,Shandalar Enemy Deck,Other,PAST,1997-04-01,304.96,"Berserk, Desert Twister, Colossus of Sardia, Birds of Paradise, Divine Transformation"
Guildpact Foil Redemption,MTGO Redemption,Other,GPT,2006-03-05,1005.29,"Steam Vents, Godless Shrine, Stomping Ground, Leyline of the Void, Teysa, Orzhov Scion"
Guildpact Redemption,MTGO Redemption,Other,GPT,2006-03-05,1005.29,"Steam Vents, Godless Shrine, Stomping Ground, Leyline of the Void, Teysa, Orzhov Scion"
Guilds of Ravnica Bundle Land Pack,Bundle Land Pack,Other,GRN,2018-10-05,0.0,"Forest, Forest, Swamp, Swamp, Mountain"
Guilds of Ravnica Foil Redemption,MTGO Redemption,Other,GRN,2018-11-04,338.5,"Mnemonic Betrayal, Chance for Glory, Steam Vents, Doom Whisperer, Watery Grave"
Guilds of Ravnica Redemption,MTGO Redemption,Other,GRN,2018-11-04,338.5,"Mnemonic Betrayal, Chance for Glory, Steam Vents, Doom Whisperer, Watery Grave"
HYDRA,Jumpstart,Other,MSH,2026-06-26,0.0,"Viper, Cruel Conspirator, Bob, Reluctant HYDRA Agent, Baron Strucker, HYDRA Overlord, HYDRA Disintegrator, Crossbones, Malicious Mercenary"
Hands of Fire,Theme Deck,Other,PS11,2011-01-01,0.0,"Mountain, Mountain, Mountain, Mountain, Kamahl, Pit Fighter"
Hands of Flame,Duel Of The Planeswalkers Deck,Other,DPA,2010-06-04,14.41,"Furnace of Rath, Bloodmark Mentor, Rage Reflection, Banefire, Blaze"
Happy Little Gathering,Secret Lair Drop,Other,SLD,2021-03-15,51.3,"Forest, Mountain, Swamp, Mountain, Island"
Happy Little Gathering Foil Edition,Secret Lair Drop,Other,SLD,2021-03-15,51.3,"Forest, Mountain, Swamp, Mountain, Island"
Happy Yargle Day!,Secret Lair Drop,Other,SLD,2020-09-03,35.09,"Fatal Push, Swords to Plowshares, Explore, Opt, Anger of the Gods"
Happy Yargle Day! Foil Edition,Secret Lair Drop,Other,SLD,2020-09-03,35.09,"Fatal Push, Swords to Plowshares, Explore, Opt, Anger of the Gods"
Hard-Boiled Thrillers,Secret Lair Drop,Other,SLD,2024-02-23,100.45,"Reconnaissance, Jace, Wielder of Mysteries, Black Market, Obeka, Brute Chronologist, Dire Undercurrents"
Hard-Boiled Thrillers Foil Edition,Secret Lair Drop,Other,SLD,2024-02-23,89.67,"Reconnaissance, Jace, Wielder of Mysteries, Black Market, Obeka, Brute Chronologist, Dire Undercurrents"
Hare Raising,Starter Kit,Other,BLB,2024-08-02,7.27,"Byrke, Long Ear of the Law, Fecund Greenshell, Colossification, Hop to It, Clifftop Lookout"
Hascon 2017 Promo Cards,Box Set,Other,H17,2017-09-20,326.17,"Grimlock, Dinobot Leader // Grimlock, Ferocious King, Nerf War, Sword of Dungeons & Dragons"
Hatsune Miku: Digital Sensation,Secret Lair Drop,Other,SLD,2024-07-10,219.23,"Sol Ring, Child of Alara, Chord of Calling, Song of Creation, Diabolic Tutor"
Hatsune Miku: Digital Sensation Foil Edition,Secret Lair Drop,Other,SLD,2024-07-10,219.23,"Sol Ring, Child of Alara, Chord of Calling, Song of Creation, Diabolic Tutor"
Hatsune Miku: Electric Entourage,Secret Lair Drop,Other,SLD,2024-10-01,146.78,"Elspeth Tirel, Freyalise, Llanowar's Fury, Liliana of the Dark Realms, Jace, Unraveler of Secrets, The Royal Scions"
Hatsune Miku: Electric Entourage Foil Edition,Secret Lair Drop,Other,SLD,2024-10-01,146.78,"Elspeth Tirel, Freyalise, Llanowar's Fury, Liliana of the Dark Realms, Jace, Unraveler of Secrets, The Royal Scions"
Hatsune Miku: Sakura Superstar,Secret Lair Drop,Other,SLD,2024-05-30,156.31,"Azusa, Lost but Seeking, Harmonize, Chandra's Ignition, Feather, the Redeemed, Inspiring Vantage"
Hatsune Miku: Sakura Superstar Foil Edition,Secret Lair Drop,Other,SLD,2024-05-30,208.72,"Harmonize, Azusa, Lost but Seeking, Feather, the Redeemed, Chandra's Ignition, Inspiring Vantage"
Hatsune Miku: Winter Diva,Secret Lair Drop,Other,SLD,2025-02-11,135.87,"Swan Song, Giada, Font of Hope, Counterspell, Brago, King Eternal, Youthful Valkyrie"
Hatsune Miku: Winter Diva Foil Edition,Secret Lair Drop,Other,SLD,2025-02-11,135.87,"Swan Song, Giada, Font of Hope, Counterspell, Brago, King Eternal, Youthful Valkyrie"
Haze of Spores,MTGO Theme Deck,Other,ME2,2008-09-22,0.0,"Forest, Forest, Forest, Havenwood Battleground, Mishra's Factory"
Hazoret Aggro,Challenger Deck,Other,Q01,2018-04-06,40.26,"Chandra, Torch of Defiance, Sunscorched Desert, Soul-Scar Mage, Hazoret the Fervent, Mountain"
Healers (1),Jumpstart,Other,J25,2024-11-07,0.0,"Speaker of the Heavens, Kabira Crossroads, Qala, Ajani's Pridemate, Hinterland Sanctifier, Angel of Vitality"
Healers (2),Jumpstart,Other,J25,2024-11-07,1.85,"Valkyrie Harbinger, Qala, Ajani's Pridemate, Hinterland Sanctifier, Angel of Vitality, Take Up the Shield"
Healers (3),Jumpstart,Other,J25,2024-11-07,5.26,"Righteous Valkyrie, Kabira Crossroads, Qala, Ajani's Pridemate, Hinterland Sanctifier, Angel of Vitality"
Healers (4),Jumpstart,Other,J25,2024-11-07,4.4,"Felidar Sovereign, Rhox Faithmender, Qala, Ajani's Pridemate, Hinterland Sanctifier, Angel of Vitality"
Healing,Jumpstart,Other,FDN,2024-11-15,0.0,"Twinblade Paladin, Ancestor Dragon, Dazzling Angel, Ajani's Pridemate, Quick-Draw Katana"
Heavily Armored (1),Jumpstart,Other,JMP,2020-07-17,7.31,"Cathars' Crusade, Plains, Secure the Scene, Trusty Retriever, Plains"
Heavily Armored (2),Jumpstart,Other,JMP,2020-07-17,7.31,"Cathars' Crusade, Plains, Secure the Scene, Trusty Retriever, Plains"
Heavily Armored (3),Jumpstart,Other,JMP,2020-07-17,0.0,"Mikaeus, the Lunarch, Plains, Trusty Retriever, Plains, Supply Runners"
Heavily Armored (4),Jumpstart,Other,JMP,2020-07-17,2.51,"Duelist's Heritage, Plains, Swift Response, Trusty Retriever, Plains"
Heavy Duty,Theme Deck,Other,INV,2000-10-02,123.57,"Armadillo Cloak, Thicket Elemental, Crimson Acolyte, Forest, Elfhame Palace"
Heavy Hitters,Theme Deck,Other,8ED,2003-07-28,33.15,"Elvish Pioneer, Rampant Growth, Forest, Naturalize, Forest"
Hei Bai (1),Jumpstart,Other,TLE,2025-11-20,2.16,"That's Rough Buddy, Aang, A Lot to Learn, Plains, Suki, Courageous Rescuer, Koala-Sheep"
Hei Bai (2),Jumpstart,Other,TLE,2025-11-20,2.16,"That's Rough Buddy, Aang, A Lot to Learn, Plains, Suki, Courageous Rescuer, Sokka's Sword Training"
Here Be Dragons,Secret Lair Drop,Other,SLD,2022-06-14,247.85,"Old Gnawbone, Tiamat, Ebondeath, Dracolich, Iymrith, Desert Doom, Icingdeath, Frost Tyrant"
Heroes,Duel Deck,Other,DDL,2013-09-06,3.8,"Pyrokinesis, Sun Titan, Winds of Rath, Auramancer, Plains"
Heroes (1),Jumpstart,Other,J25,2024-11-07,1.38,"Brigone, Soldier of Meletis, Akroan Skyguard, Chains of Custody, Defiant Strike, Tethmos High Priest"
Heroes (2),Jumpstart,Other,J25,2024-11-07,1.38,"Brigone, Soldier of Meletis, Ojutai Exemplars, Chains of Custody, Defiant Strike, Valorous Stance"
Heroes United,Box Set,Other,MSH,2026-06-26,18.31,"Hulk, Always Angry, Hawkeye, Trick Shot, Thor, Guardian of Midgard, Iron Man, Futurist Paragon, Captain America, Unbowed"
Heroes for Hire,Jumpstart,Other,MSH,2026-06-26,8.63,"Luke Cage, Hero for Hire, Heroes for Hire, Iron Fist, Hero for Hire, Big Score, Bionic Blow"
Hidden Pathways,Secret Lair Drop,Other,SLU,2021-05-07,90.22,"Riverglide Pathway // Lavaglide Pathway, Barkchannel Pathway // Tidechannel Pathway, Clearwater Pathway // Murkwater Pathway, Darkbore Pathway // Slitherbore Pathway, Brightclimb Pathway // Grimclimb Pathway"
High Priest,Shandalar Enemy Deck,Other,PAST,1997-04-01,57.52,"Fellwar Stone, Armageddon, Savannah Lions, Balance, White Mana Battery"
High-Flying Valor,Arena Starter Deck,Other,LTR,2023-06-20,20.63,"Myrel, Shield of Argive, Rescue Retriever, Siege Veteran, Fortified Beachhead, Valiant Veteran"
Hit The Ground Running,Intro Pack,Other,M15,2014-07-18,8.67,"Stormtide Leviathan, Illusory Angel, Reclamation Sage, Satyr Wayfinder, Forest"
Hold The Line,Event Deck,Other,ISD,2011-10-28,21.86,"Champion of the Parish, Honor of the Pure, Fiend Hunter, Mirran Crusader, Plains"
Holy 1,Jumpstart,Other,J22,2022-12-02,3.75,"Blessed Sanctuary, Angelic Page, Emancipation Angel, Angelic Cub, Goldnight Commander"
Holy 2,Jumpstart,Other,J22,2022-12-02,13.98,"Starnheim Aspirant, Lyra Dawnbringer, Emancipation Angel, Defy Death, Angelic Cub"
Holy 3,Jumpstart,Other,J22,2022-12-02,3.07,"Valkyrie Harbinger, Planar Atlas, Dawn of Hope, Emancipation Angel, Chains of Custody"
Holy 4,Jumpstart,Other,J22,2022-12-02,5.68,"Righteous Valkyrie, Emancipation Angel, Chains of Custody, Thriving Heath, Attended Healer"
Hope's Crusaders,Theme Deck,Other,TSP,2006-10-06,19.26,"Pentarch Paladin, Sarpadian Empires, Vol. VII, Cloudchaser Kestrel, Benalish Cavalry, Celestial Crusader"
Horizon: Into the Forbidden West,Secret Lair Drop,Other,SLD,2025-11-06,52.78,"Blightsteel Colossus, Farseek, Aloy, Savior of Meridian, Tarrian's Soulcleaver, Meteor Golem"
Horizon: Into the Forbidden West Foil Edition,Secret Lair Drop,Other,SLD,2025-11-06,52.78,"Blightsteel Colossus, Farseek, Aloy, Savior of Meridian, Tarrian's Soulcleaver, Meteor Golem"
Horrific Visions,Intro Pack,Other,SOI,2016-04-08,3.49,"Liliana's Indignation, Crawling Sensation, Wild-Field Scarecrow, Inexorable Blob, Loam Dryad"
Hour of Devastation Bundle Land Pack,Bundle Land Pack,Other,HOU,2017-07-14,5.58,"Swamp, Mountain, Plains, Island, Forest"
Hour of Devastation Foil Redemption,MTGO Redemption,Other,HOU,2017-08-13,324.05,"Torment of Hailfire, The Locust God, Razaketh, the Foulblooded, Solemnity, Obelisk Spider"
Hour of Devastation Redemption,MTGO Redemption,Other,HOU,2017-08-13,324.05,"Torment of Hailfire, The Locust God, Razaketh, the Foulblooded, Solemnity, Obelisk Spider"
House Dimir,Arena Starter Deck,Other,M20,2019-05-03,36.54,"Doom Whisperer, Watery Grave, Etrata, the Silencer, Thief of Sanity, Mission Briefing"
House Dimir 1,Jumpstart,Other,CLU,2024-02-23,1.19,"Dimir Signet, Duskmantle Seer, Memory Vampire, Dimir Aqueduct, Undercover Butler"
House Dimir 2,Jumpstart,Other,CLU,2024-02-23,0.0,"Dimir Strandcatcher, Thief of Sanity, Murder, Dimir Aqueduct, Infest"
"Huatli, Dinosaur Knight",Planeswalker Deck,Other,XLN,2017-09-29,13.76,"Goring Ceratops, Huatli, Dinosaur Knight, Kinjalli's Caller, Lightning Strike, Frenzied Raptor"
Humanity's Vengeance,Event Deck,Other,AVR,2012-05-25,281.41,"Mental Misstep, Phyrexian Metamorph, Tandem Lookout, Dismember, Porcelain Legionnaire"
Humans,Deck Builder's Toolkit,Other,M13,2012-07-13,9.15,"Avacyn's Pilgrim, Fiend Hunter, Commander's Authority, Crusader of Odric, Bonds of Faith"
Hunting (1),Jumpstart,Other,TLE,2025-11-20,2.36,"Desperate Plea, Katara, Seeking Revenge, Raven Eagle, Swamp, Purple Pentapus"
Hunting (2),Jumpstart,Other,TLE,2025-11-20,2.43,"Ruthless Waterbender, Katara, Seeking Revenge, Raven Eagle, Swamp, Gilacorn"
Hunting Pack,Intro Pack,Other,ORI,2015-07-17,16.27,"Managorger Hydra, Dwynen, Gilt-Leaf Daen, Shaman of the Pack, Dwynen's Elite, Skysnare Spider"
Icky (1),Jumpstart,Other,J25,2024-11-07,8.56,"Fumulus, the Infestation, Wriggling Grub, Village Rites, Go for the Throat, Nantuko Husk"
Icky (2),Jumpstart,Other,J25,2024-11-07,8.56,"Fumulus, the Infestation, Wriggling Grub, Go for the Throat, Nantuko Husk, Devouring Swarm"
If Looks Could Kill,Secret Lair Drop,Other,SLD,2022-12-05,54.69,"Liliana of the Dark Realms, Azami, Lady of Scrolls, Reflector Mage, Adaptive Automaton"
If Looks Could Kill Foil Edition,Secret Lair Drop,Other,SLD,2022-12-05,54.69,"Liliana of the Dark Realms, Azami, Lady of Scrolls, Reflector Mage, Adaptive Automaton"
Ignite the Forge,Arena Starter Deck,Other,SNC,2022-09-09,24.29,"Haunted Ridge, Professional Face-Breaker, Atsushi, the Blazing Sky, Blood Fountain, Big Score"
Ikoria: Lair of Behemoths Bundle Land Pack,Bundle Land Pack,Other,IKO,2020-04-24,6.42,"Swamp, Swamp, Plains, Plains, Forest"
Ikoria: Lair of Behemoths Foil Redemption,MTGO Redemption,Other,IKO,2020-05-24,315.39,"The Ozolith, Zagoth Triome, Kinnan, Bonder Prodigy, Indatha Triome, Savai Triome"
Ikoria: Lair of Behemoths Redemption,MTGO Redemption,Other,IKO,2020-05-24,315.39,"The Ozolith, Zagoth Triome, Kinnan, Bonder Prodigy, Indatha Triome, Savai Triome"
Illusionary Might,Event Deck,Other,M12,2011-08-12,98.12,"Preordain, Phantasmal Image, Glimmerpost, Steel Hellkite, Grand Architect"
Illusions,Jumpstart,Other,J25,2024-11-07,0.0,"Pol Jamaar, Illusionist, Lord of the Unreal, Murmuring Mystic, Oneirophage, Krovikan Mist"
Imaginary Friends,Secret Lair Drop,Other,SLD,2022-10-25,73.3,"Toothy, Imaginary Friend, The Gitrog Monster, Pir, Imaginative Rascal, Matter Reshaper"
Imaginary Friends Foil Edition,Secret Lair Drop,Other,SLD,2022-10-25,73.3,"Toothy, Imaginary Friend, The Gitrog Monster, Pir, Imaginative Rascal, Matter Reshaper"
Impaler,Theme Deck,Other,S99,1999-07-12,4.21,"Nature's Lore, Renewing Touch, Whirlwind, Forest, Pride of Lions"
In Memoriam: Jaya Ballard,Secret Lair Drop,Other,SLD,2022-10-25,103.0,"Pyretic Ritual, Repercussion, Jaya's Immolating Inferno, Pyromancer's Goggles, Jaya Ballard"
In Memoriam: Jaya Ballard Foil Edition,Secret Lair Drop,Other,SLD,2022-10-25,103.0,"Pyretic Ritual, Repercussion, Jaya's Immolating Inferno, Pyromancer's Goggles, Jaya Ballard"
Incredible,Jumpstart,Other,MSH,2026-06-26,13.45,"Hulk, Strongest There Is, Hulk's Thunderclap, She-Hulk, Attorney-at-Law, Origin of the Hulk, Doc Samson, Super Psychiatrist"
Infantry 1,Jumpstart,Other,BRO,2022-11-18,1.33,"Rescue Retriever, Recruitment Officer, Lay Down Arms, Recommission, Reconstructed Thopter"
Infantry 2,Jumpstart,Other,BRO,2022-11-18,1.33,"Rescue Retriever, Lay Down Arms, Yotian Frontliner, Scrapwork Cohort, Static Net"
Infect & Defile,Event Deck,Other,MBS,2011-02-25,104.61,"Preordain, Plague Myr, Hand of the Praetors, Corrupted Conscience, Deprive"
Infernal Intervention,Intro Pack,Other,M15,2014-07-18,20.26,"Profane Memento, Typhoid Rats, Indulgent Tormentor, Burning Anger, Mountain"
Inferno,Jumpstart,Other,FDN,2024-11-15,1.31,"Terror of Mount Velus, Carnelian Orb of Dragonkind, Seize the Spoils, Firespitter Whelp, Dragonlord's Servant"
Infestation,Theme Deck,Other,7ED,2001-04-11,832.25,"Goblin King, Goblin Matron, Trained Orgg, Blaze, Pillage"
Ingenious Machinists,Duel Deck,Other,DDU,2018-04-06,39.42,"Goblin Welder, Darksteel Plate, Great Furnace, Galvanic Blast, Darksteel Citadel"
Inked,Secret Lair Drop,Other,SLD,2026-05-29,34.33,"Crypt Ghast, Deathrite Shaman, Ice-Fang Coatl, Burnished Hart, Mulldrifter"
Inked Foil Edition,Secret Lair Drop,Other,SLD,2026-05-29,34.33,"Crypt Ghast, Deathrite Shaman, Ice-Fang Coatl, Burnished Hart, Mulldrifter"
Innistrad Fat Pack Land Pack,Bundle Land Pack,Other,ISD,2011-09-30,15.32,"Mountain, Swamp, Island, Plains, Island"
Innistrad Foil Redemption,MTGO Redemption,Other,ISD,2011-10-30,812.02,"Liliana of the Veil, Snapcaster Mage, Parallel Lives, Moonmist, Infernal Plunge"
Innistrad Redemption,MTGO Redemption,Other,ISD,2011-10-30,812.02,"Liliana of the Veil, Snapcaster Mage, Parallel Lives, Moonmist, Infernal Plunge"
Innistrad: Crimson Vow Bundle Land Pack,Bundle Land Pack,Other,VOW,2021-11-19,0.0,"Mountain, Mountain, Swamp, Swamp, Forest"
Innistrad: Crimson Vow Foil Redemption,MTGO Redemption,Other,VOW,2021-12-19,174.0,"Toxrill, the Corrosive, Deathcap Glade, Hallowed Haunting, Necroduality, Olivia, Crimson Bride"
Innistrad: Crimson Vow Redemption,MTGO Redemption,Other,VOW,2021-12-19,174.0,"Toxrill, the Corrosive, Deathcap Glade, Hallowed Haunting, Necroduality, Olivia, Crimson Bride"
Innistrad: Crimson Vow Welcome Booster,Welcome Booster,Other,VOW,2021-11-19,3.66,"Sorin, Vengeful Bloodlord, Niv-Mizzet, the Firemind, Thirst for Discovery, Voldaren Epicure, Commander's Sphere"
Innistrad: Midnight Hunt Bundle Land Pack,Bundle Land Pack,Other,MID,2021-09-24,0.0,"Mountain, Mountain, Island, Island, Forest"
Innistrad: Midnight Hunt Foil Redemption,MTGO Redemption,Other,MID,2021-10-24,138.68,"The Meathook Massacre, Haunted Ridge, Shipwreck Marsh, Jadar, Ghoulcaller of Nephalia, Moonsilver Key"
Innistrad: Midnight Hunt Redemption,MTGO Redemption,Other,MID,2021-10-24,138.68,"The Meathook Massacre, Haunted Ridge, Shipwreck Marsh, Jadar, Ghoulcaller of Nephalia, Moonsilver Key"
Innistrad: Midnight Hunt Welcome Booster,Welcome Booster,Other,MID,2021-09-24,0.0,"Rally the Ranks, Triskaidekaphobia, Arlinn, Voice of the Pack, Bladestitched Skaab, Commander's Sphere"
Insanity,Theme Deck,Other,TOR,2002-02-08,315.18,"Arrogant Wurm, Putrid Imp, Basking Rootwalla, Tainted Wood, Wild Mongrel"
Insatiable Hunger,Intro Pack,Other,BNG,2014-02-07,17.03,"Searing Blood, Mistcutter Hydra, Forest, Voyaging Satyr, Opaline Unicorn"
Insects 1,Jumpstart,Other,J22,2022-12-02,0.0,"Iridescent Hornbeetle, Caustic Caterpillar, Duskshell Crawler, Crawling Sensation, Nantuko Cultivator"
Insects 2,Jumpstart,Other,J22,2022-12-02,30.71,"Zask, Skittering Swarmlord, Circuit Mender, Caustic Caterpillar, Crawling Sensation, Kraul Harpooner"
Insects 3,Jumpstart,Other,J22,2022-12-02,0.0,"Iridescent Hornbeetle, Phantom Nantuko, Caustic Caterpillar, Crawling Sensation, Deadbridge Goliath"
Insects 4,Jumpstart,Other,J22,2022-12-02,30.71,"Zask, Skittering Swarmlord, Caustic Caterpillar, Crawling Sensation, Rampaging Growth, Nantuko Cultivator"
Inspiration-Struck,Intro Pack,Other,BNG,2014-02-07,22.7,"Retraction Helix, Springleaf Drum, Curse of the Swine, Siren of the Silent Song, Island"
Inspiring Heroics,Event Deck,Other,THS,2013-10-18,32.75,"Hallowed Fountain, Imposing Sovereign, Dryad Militant, Frontline Medic, Plains"
Insurgent (1),Jumpstart,Other,TLE,2025-11-20,2.69,"Tale of Momo, Momo, Rambunctious Rascal, Plains, Inspired Insurgent, Aang, the Last Airbender"
Insurgent (2),Jumpstart,Other,TLE,2025-11-20,9.35,"Duelist's Heritage, That's Rough Buddy, Momo, Rambunctious Rascal, Plains, Hakoda, Selfless Commander"
International Women's Day 2020,Secret Lair Drop,Other,SLD,2020-03-08,101.11,"Meren of Clan Nel Toth, Oona, Queen of the Fae, Captain Sisay, Saskia the Unyielding, Narset, Enlightened Master"
Intl. Collectors' Edition,Box Set,Other,CEI,1993-12-10,6826.47,"Mox Emerald, Ancestral Recall, Time Walk, Mox Jet, Volcanic Island"
Into the Breach,Event Deck,Other,MBS,2011-02-25,95.91,"Memnite, Galvanic Blast, Goblin Bushwhacker, Kuldotha Rebirth, Signal Pest"
Introducing: Kaito Shizuki,Secret Lair Drop,Other,SLD,2022-07-22,78.47,"Snap, Brain Freeze, Bribery, Unmask, Shadow of Doubt"
Introducing: Kaito Shizuki Foil Edition,Secret Lair Drop,Other,SLD,2022-07-22,78.47,"Snap, Brain Freeze, Bribery, Unmask, Shadow of Doubt"
Inundation,Theme Deck,Other,JUD,2002-05-27,259.65,"Commander Eesha, Prismatic Strands, Battle Screech, Unquestioned Authority, Tireless Tribe"
Invading Spawn,Intro Pack,Other,ROE,2010-04-23,90.94,"Pawn of Ulamog, Lightning Bolt, Emrakul's Hatcher, Hand of Emrakul, Drana, Kalastria Bloodchief"
Invasion Foil Redemption,MTGO Redemption,Other,INV,2000-11-01,5826.3,"Phyrexian Altar, Tsabo's Web, Crosis, the Purger, Reya Dawnbringer, Captain Sisay"
Invasion Redemption,MTGO Redemption,Other,INV,2000-11-01,5826.3,"Phyrexian Altar, Tsabo's Web, Crosis, the Purger, Reya Dawnbringer, Captain Sisay"
Inventive (1),Jumpstart,Other,J25,2024-11-07,0.0,"Seat of the Synod, Ornithopter of Paradise, Sai, Master Thopterist, Gilded Scuttler, Chief of the Foundry"
Inventive (2),Jumpstart,Other,J25,2024-11-07,0.0,"Seat of the Synod, Ornithopter of Paradise, Sai, Master Thopterist, Fireshrieker, Shimmer Dragon"
Inventive (3),Jumpstart,Other,J25,2024-11-07,2.87,"Thoughtcast, Padeem, Consul of Innovation, Seat of the Synod, Myr Enforcer, Ornithopter of Paradise"
Inventive (4),Jumpstart,Other,J25,2024-11-07,1.12,"Padeem, Consul of Innovation, Seat of the Synod, Ornithopter of Paradise, Guardian Idol, Gilded Scuttler"
Inventive 1,Jumpstart,Other,J22,2022-12-02,6.78,"Tezzeret, Artifice Master, Seat of the Synod, Planar Atlas, Aether Spellbomb, Merfolk Pupil"
Inventive 2,Jumpstart,Other,J22,2022-12-02,3.24,"Seat of the Synod, Hangarback Walker, Launch Mishap, Whirler Rogue, Thriving Isle"
Inventive 3,Jumpstart,Other,J22,2022-12-02,3.19,"Seat of the Synod, Steel Overseer, Thopter Spy Network, Aether Spellbomb, Launch Mishap"
Inventive 4,Jumpstart,Other,J22,2022-12-02,1.95,"Seat of the Synod, Solemn Simulacrum, Aether Spellbomb, Launch Mishap, Whirler Rogue"
Iroh,Jumpstart,Other,TLE,2025-11-20,14.03,"Bolt Bend, Iroh, Dragon of the West, Fiery Confluence, Zuko, Seeking Honor, Thriving Bluff"
Iron Maiden: Album Art,Secret Lair Drop,Other,SLD,2025-10-27,96.27,"Animate Dead, Unearth, Grave Titan, Temporal Trespass, Lethal Scheme"
Iron Maiden: Album Art Foil Edition,Secret Lair Drop,Other,SLD,2025-10-27,96.27,"Animate Dead, Unearth, Grave Titan, Temporal Trespass, Lethal Scheme"
Iron Maiden: Eddie Unchained,Secret Lair Drop,Other,SLD,2025-10-27,171.78,"Bruvac the Grandiloquent, Nekusar, the Mindrazer, Windfall, Mindcrank, Captain N'ghathrod"
Iron Maiden: Eddie Unchained Foil Edition,Secret Lair Drop,Other,SLD,2025-10-27,171.78,"Bruvac the Grandiloquent, Nekusar, the Mindrazer, Windfall, Mindcrank, Captain N'ghathrod"
Iron Man,Jumpstart,Other,MSH,2026-06-26,20.14,"Iron Man, Bleeding Edge, Origin of Iron Man, Iron Suitcase, Rescue, Pepper Potts, Happy Hogan, Bodyguard"
Ivory Doom,Theme Deck,Other,ONS,2002-10-07,232.26,"Smother, Astral Slide, Starlit Sanctum, Barren Moor, Secluded Steppe"
Ixalan Bundle Land Pack,Bundle Land Pack,Other,XLN,2017-09-29,1.9,"Island, Forest, Island, Forest, Forest"
Ixalan Foil Redemption,MTGO Redemption,Other,XLN,2017-10-29,349.55,"Gishath, Sun's Avatar, Revel in Riches, Herald of Secret Streams, Vanquisher's Banner, Primal Amulet // Primal Wellspring"
Ixalan Redemption,MTGO Redemption,Other,XLN,2017-10-29,349.55,"Gishath, Sun's Avatar, Revel in Riches, Herald of Secret Streams, Vanquisher's Banner, Primal Amulet // Primal Wellspring"
Ixidor's Legacy,Theme Deck,Other,PLC,2007-02-02,70.08,"Pongify, Desert, Piracy Charm, Riptide Pilferer, Aeon Chronicler"
Izzet,Duel Deck,Other,DDJ,2012-09-07,18.25,"Isochron Scepter, Brainstorm, Force Spike, Niv-Mizzet, the Firemind, Gelectrode"
Izzet Gizmometry,Theme Deck,Other,GPT,2006-02-03,53.65,"Gelectrode, Telling Time, Izzet Boilerworks, Repeal, Tibor and Lumia"
Izzet Ingenuity,Intro Pack,Other,RTR,2012-10-05,21.82,"Electrickery, Blustersquall, Guttersnipe, Mizzium Mortars, Krenko's Command"
Izzet League,Arena Starter Deck,Other,M20,2019-05-03,47.34,"Steam Vents, Niv-Mizzet, Parun, Electrostatic Field, Runaway Steam-Kin, Thousand-Year Storm"
Izzet League 1,Jumpstart,Other,CLU,2024-02-23,4.61,"Stunt Double, Consider, Turn to Frog, Izzet Boilerworks, Resonance Technician"
Izzet League 2,Jumpstart,Other,CLU,2024-02-23,16.44,"Corporeal Projection, Lightning Bolt, Izzet Signet, Hypersonic Dragon, Izzet Boilerworks"
Izzet Phoenix,Pioneer Challenger Deck,Other,Q08,2022-11-04,34.42,"Steam Vents, Treasure Cruise, Arclight Phoenix, Sulfur Falls, Fiery Impulse"
Izzet Spellweaving,Arena Starter Deck,Other,DOM,2018-03-22,32.74,"Primal Amulet // Primal Wellspring, Spell Swindle, Star of Extinction, Cryptic Serpent, Censor"
Jace,Duel Deck,Other,DD2,2008-11-07,21.25,"Counterspell, Terrain Generator, Jace Beleren, Gush, Ancestral Vision"
Jace Japanese,Duel Deck,Other,DD2,2008-11-07,18.33,"Counterspell, Terrain Generator, Gush, Ancestral Vision, Daze"
"Jace, Arcane Strategist",Planeswalker Deck,Other,WAR,2019-05-03,16.83,"Spark Double, Kiora, Behemoth Beckoner, Merfolk Skydiver, Jace, Arcane Strategist, Guildpact Informant"
"Jace, Ingenious Mind Mage",Planeswalker Deck,Other,XLN,2017-09-29,28.49,"Herald of Secret Streams, Fleet Swallower, Tempest Caller, Island, Jace, Ingenious Mind-Mage"
Jakub Šlemr - Mono-Black Control,World Championship Deck,Other,WC99,1999-08-04,221.67,"Vampiric Tutor, Yawgmoth's Will, Volrath's Stronghold, Powder Keg, Wasteland"
Jakub Šlemr - Prismatic Black Aggro,World Championship Deck,Other,WC97,1997-08-13,37.85,"City of Brass, Undiscovered Paradise, Gemstone Mine, Swamp, Sulfurous Springs"
Jan Tomcani - Dark Fires,World Championship Deck,Other,WC01,2001-08-08,89.31,"Llanowar Wastes, City of Brass, Rishadan Port, Birds of Paradise, Forest"
Janosch Kühn - Angry Non-Hermit,World Championship Deck,Other,WC00,2000-08-02,62.38,"Dust Bowl, Rishadan Port, Birds of Paradise, Masticore, Saproling Burst"
Janosch Kühn - Red-White-Blue Speed Control,World Championship Deck,Other,WC97,1997-08-13,102.2,"Force of Will, City of Brass, Thawing Glaciers, Swords to Plowshares, Undiscovered Paradise"
Jaws: Terror of Amity Island,Secret Lair Drop,Other,SLD,2025-10-27,231.36,"Jaws, Relentless Predator, Descent into Avernus, Sneak Attack, Reckless Endeavor, Abrade"
Jaws: Terror of Amity Island Foil Edition,Secret Lair Drop,Other,SLD,2025-10-27,231.36,"Jaws, Relentless Predator, Descent into Avernus, Sneak Attack, Reckless Endeavor, Abrade"
Jeskai Monks,Intro Pack,Other,KTK,2014-09-26,11.93,"Monastery Swiftspear, Mystic Monastery, Void Snare, Mountain, Plains"
Jiang Yanggu,Planeswalker Deck,Other,GS1,2018-06-22,0.0,"Jiang Yanggu, Mountain, Forest, Screeching Phoenix, Journey for the Elixir"
Jon Finkel - Mono-Blue Tinker,World Championship Deck,Other,WC00,2000-08-02,109.5,"Grim Monolith, Metalworker, Rishadan Port, Tangle Wire, Masticore"
Journey 1,Jumpstart,Other,LTR,2023-06-23,9.58,"Elanor Gardner, Mirkwood Spider, Meriadoc Brandybuck, Revive the Shire, Ent's Fury"
Journey 2,Jumpstart,Other,LTR,2023-06-23,11.08,"Elanor Gardner, Peregrin Took, Meriadoc Brandybuck, Revive the Shire, Quickbeam, Upstart Ent"
Journey into Nyx Foil Redemption,MTGO Redemption,Other,JOU,2014-06-01,497.62,"Sage of Hours, Mana Confluence, Athreos, God of Passage, Iroas, God of Victory, Worst Fears"
Journey into Nyx Redemption,MTGO Redemption,Other,JOU,2014-06-01,497.62,"Sage of Hours, Mana Confluence, Athreos, God of Passage, Iroas, God of Victory, Worst Fears"
Judgment Foil Redemption,MTGO Redemption,Other,JUD,2002-06-26,3329.21,"Sylvan Safekeeper, Cabal Therapy, Anger, Seedtime, Dwarven Bloodboiler"
Judgment Redemption,MTGO Redemption,Other,JUD,2002-06-26,3329.21,"Sylvan Safekeeper, Cabal Therapy, Anger, Seedtime, Dwarven Bloodboiler"
Julien Nuijten - Green-White Astral Slide,World Championship Deck,Other,WC04,2004-09-01,12.53,"Windswept Heath, Decree of Justice, Wrath of God, Plains, Forest"
Jund Appetite for War,Intro Pack,Other,CON,2009-02-06,35.01,"Terramorphic Expanse, Voracious Dragon, Swamp, Forest, Mountain"
Jungle Jam,MTGO Theme Deck,Other,MIR,2006-12-05,40.66,"Worldly Tutor, Zuberi, Golden Feather, Mountain Valley, Forest, Plains"
Jungle Secrets,Arena Starter Deck,Other,M19,2018-09-27,36.9,"Herald of Secret Streams, Kumena, Tyrant of Orazca, Tempest Caller, Merfolk Mistbinder, Seafloor Oracle"
Jurassic World: Dr. Ian Malcolm,Secret Lair Drop,Other,SLD,2023-12-05,92.9,"Atla Palani, Nest Tender, Tasigur, the Golden Fang, Tasha's Hideous Laughter, Laboratory Maniac"
Jurassic World: Dr. Ian Malcolm Foil Edition,Secret Lair Drop,Other,SLD,2023-12-05,99.63,"Atla Palani, Nest Tender, Tasigur, the Golden Fang, Tasha's Hideous Laughter, Laboratory Maniac"
Jurassic World: Life Breaks Free,Secret Lair Drop,Other,SLD,2023-12-05,201.01,"Etali, Primal Storm, Regisaur Alpha, Polyraptor, Rampaging Ferocidon, Wayward Swordtooth"
Jurassic World: Life Breaks Free Foil Edition,Secret Lair Drop,Other,SLD,2023-12-05,218.8,"Etali, Primal Storm, Polyraptor, Regisaur Alpha, Wayward Swordtooth, Rampaging Ferocidon"
Just Add Milk,Secret Lair Drop,Other,SLD,2022-12-19,65.25,"Ulamog, the Ceaseless Hunger // Ulamog, the Ceaseless Hunger, Ghalta, Primal Hunger // Ghalta, Primal Hunger, Etali, Primal Storm // Etali, Primal Storm"
Just Add Milk Foil Edition,Secret Lair Drop,Other,SLD,2022-12-19,65.25,"Ulamog, the Ceaseless Hunger // Ulamog, the Ceaseless Hunger, Ghalta, Primal Hunger // Ghalta, Primal Hunger, Etali, Primal Storm // Etali, Primal Storm"
Just Add Milk: Second Helpings,Secret Lair Drop,Other,SLD,2024-02-23,65.5,"Sakashima of a Thousand Faces // Sakashima of a Thousand Faces, Adrix and Nev, Twincasters // Adrix and Nev, Twincasters, Krark, the Thumbless // Krark, the Thumbless, Yargle, Glutton of Urborg // Yargle, Glutton of Urborg"
Just Add Milk: Second Helpings Foil Edition,Secret Lair Drop,Other,SLD,2024-02-23,65.5,"Sakashima of a Thousand Faces // Sakashima of a Thousand Faces, Adrix and Nev, Twincasters // Adrix and Nev, Twincasters, Krark, the Thumbless // Krark, the Thumbless, Yargle, Glutton of Urborg // Yargle, Glutton of Urborg"
Just Some Totally Normal Guys,Secret Lair Drop,Other,SLD,2022-08-05,57.0,"Void Winnower, Collector Ouphe, Vengevine, Goblin Settler"
Just Some Totally Normal Guys Foil Edition,Secret Lair Drop,Other,SLD,2022-08-05,57.0,"Void Winnower, Collector Ouphe, Vengevine, Goblin Settler"
KEXP: Where the Music Matters,Secret Lair Drop,Other,SLD,2025-05-13,17.72,"Forest, Swamp, Mountain, Island, Plains"
KEXP: Where the Music Matters Foil Edition,Secret Lair Drop,Other,SLD,2025-05-13,17.72,"Forest, Swamp, Mountain, Island, Plains"
KEXP: You Are Not Alone,Secret Lair Drop,Other,SLD,2025-05-13,64.43,"Concordant Crossroads, Font of Mythos, Rites of Flourishing, Cultural Exchange, Folio of Fancies"
KEXP: You Are Not Alone Foil Edition,Secret Lair Drop,Other,SLD,2025-05-13,64.43,"Concordant Crossroads, Font of Mythos, Rites of Flourishing, Cultural Exchange, Folio of Fancies"
Kai Budde - Red-Artifact Wildfire,World Championship Deck,Other,WC99,1999-08-04,163.94,"Ancient Tomb, City of Traitors, Grim Monolith, Cursed Scroll, Karn, Silver Golem"
Kaladesh Bundle Land Pack,Bundle Land Pack,Other,KLD,2016-09-30,0.0,"Island, Swamp, Forest, Island, Swamp"
Kaladesh Foil Redemption,MTGO Redemption,Other,KLD,2016-10-30,282.77,"Aetherflux Reservoir, Inventors' Fair, Noxious Gearhulk, Chandra, Torch of Defiance, Authority of the Consuls"
Kaladesh Gift Box Land Pack,Bundle Land Pack,Other,KLD,2016-11-25,0.0,"Island, Swamp, Forest, Island, Swamp"
Kaladesh Redemption,MTGO Redemption,Other,KLD,2016-10-30,282.77,"Aetherflux Reservoir, Inventors' Fair, Noxious Gearhulk, Chandra, Torch of Defiance, Authority of the Consuls"
Kaldheim Bundle Land Pack,Bundle Land Pack,Other,KHM,2021-02-05,8.14,"Swamp, Swamp, Island, Island, Mountain"
Kaldheim Foil Redemption,MTGO Redemption,Other,KHM,2021-03-07,373.06,"Vorinclex, Monstrous Raider, Birgi, God of Storytelling // Harnfel, Horn of Bounty, Halvar, God of Battle // Sword of the Realms, Esika, God of the Tree // The Prismatic Bridge, Tergrid, God of Fright // Tergrid's Lantern"
Kaldheim Redemption,MTGO Redemption,Other,KHM,2021-03-07,373.06,"Vorinclex, Monstrous Raider, Birgi, God of Storytelling // Harnfel, Horn of Bounty, Halvar, God of Battle // Sword of the Realms, Esika, God of the Tree // The Prismatic Bridge, Tergrid, God of Fright // Tergrid's Lantern"
Kaleidoscope Killers,Secret Lair Drop,Other,SLD,2019-12-08,106.08,"The Ur-Dragon, Sliver Overlord, Reaper King"
Kamahl's Temper,Theme Deck,Other,10E,2007-07-13,10.16,"Dragon's Claw, Blaze, Threaten, Incinerate, Raging Goblin"
Kami Reborn,Theme Deck,Other,CHK,2004-10-01,110.28,"Honden of Life's Web, Kodama's Reach, Honden of Night's Reach, Iname, Death Aspect, Long-Forgotten Gohei"
Kamigawa Ink,Secret Lair Drop,Other,SLD,2021-12-13,86.22,"Michiko Konda, Truth Seeker, Kami of the Crescent Moon, Heartless Hidetsugu, Reki, the History of Kamigawa, Toshiro Umezawa"
Kamigawa Ink Foil Edition,Secret Lair Drop,Other,SLD,2021-12-13,86.22,"Michiko Konda, Truth Seeker, Kami of the Crescent Moon, Heartless Hidetsugu, Reki, the History of Kamigawa, Toshiro Umezawa"
Kamigawa: Neon Dynasty Bundle Land Pack,Bundle Land Pack,Other,NEO,2022-02-18,0.0,"Swamp, Swamp, Swamp, Swamp, Mountain"
Kamigawa: Neon Dynasty Foil Redemption,MTGO Redemption,Other,NEO,2022-03-20,298.35,"Boseiju, Who Endures, Otawara, Soaring City, Kodama of the West Tree, Takenuma, Abandoned Mire, Jin-Gitaxias, Progress Tyrant"
Kamigawa: Neon Dynasty Redemption,MTGO Redemption,Other,NEO,2022-03-20,298.35,"Boseiju, Who Endures, Otawara, Soaring City, Kodama of the West Tree, Takenuma, Abandoned Mire, Jin-Gitaxias, Progress Tyrant"
Kamigawa: Neon Dynasty Welcome Booster,Welcome Booster,Other,NEO,2022-02-18,5.18,"Jugan, the Rising Star, Tamiyo, Collector of Tales, Archon of Sun's Grace, Spirited Companion, Dokuchi Shadow-Walker"
Kamigawa: the Manga: the Cards,Secret Lair Drop,Other,SLD,2022-07-22,107.77,"Veil of Summer, Swords to Plowshares, Idyllic Tutor, Praetor's Grasp, Solve the Equation"
Kamigawa: the Manga: the Cards Foil Edition,Secret Lair Drop,Other,SLD,2022-07-22,107.77,"Veil of Summer, Swords to Plowshares, Idyllic Tutor, Praetor's Grasp, Solve the Equation"
Kang Dynasty,Jumpstart,Other,MSH,2026-06-26,36.42,"Immortus, Master of Eternity, Multiversal Recruitment, Time Warp, Pharaoh Rama-Tut, Victor Timely, Wily Tycoon"
Katara,Jumpstart,Other,TLE,2025-11-20,10.01,"Katara, Waterbending Master, Consider, Island, Gran-Gran, It'll Quench Ya!"
Kazz's First Deck,Intro Pack,Other,ITP,1996-12-31,92.19,"Twiddle, Island, Merfolk of the Pearl Trident, Mountain, Swamp"
Kazz's Second Deck,Intro Pack,Other,RQS,1996-06-10,0.0,"Island, Island, Mountain, Mountain, Mountain"
"Keep Partying Hard, Shred Harder Than You Previously Thought Possible",Secret Lair Drop,Other,SLD,2023-09-15,119.16,"Jeska, Thrice Reborn, Tevesh Szat, Doom of Fools, Vial Smasher the Fierce, Godo, Bandit Warlord"
"Keep Partying Hard, Shred Harder Than You Previously Thought Possible Foil Edition",Secret Lair Drop,Other,SLD,2023-09-15,119.16,"Jeska, Thrice Reborn, Tevesh Szat, Doom of Fools, Vial Smasher the Fierce, Godo, Bandit Warlord"
Keep the Peace,Arena Starter Deck,Other,ANB,2020-08-13,0.0,"Charmed Stray, Fencing Ace, Hallowed Priest, Impassioned Orator, Moorland Inquisitor"
Khans of Tarkir Foil Redemption,MTGO Redemption,Other,KTK,2014-10-26,394.66,"Wooded Foothills, Bloodstained Mire, Polluted Delta, Windswept Heath, Flooded Strand"
Khans of Tarkir Holiday Gift Box Land Pack,Bundle Land Pack,Other,KTK,2014-11-14,1.05,"Mountain, Forest, Plains, Plains, Swamp"
Khans of Tarkir Redemption,MTGO Redemption,Other,KTK,2014-10-26,394.66,"Wooded Foothills, Bloodstained Mire, Polluted Delta, Windswept Heath, Flooded Strand"
Kiora,Duel Deck,Other,DDO,2015-02-27,1.29,"Kiora, the Crashing Wave, Whelming Wave, Scourge of Fleets, Inkwell Leviathan, Aetherize"
Kiska-Ra,Shandalar Enemy Deck,Other,PAST,1997-04-01,17354.11,"Time Walk, Ancestral Recall, Mox Pearl, Mox Emerald, Desert Twister"
Kithkin Militia,Theme Deck,Other,LRW,2007-10-12,112.49,"Brigid, Hero of Kinsbaile, Shields of Velis Vel, Crib Swap, Goldmeadow Harrier, Kithkin Harbinger"
Kjeldoran Cunning,Theme Deck,Other,CSP,2006-07-21,91.26,"Darien, King of Kjeldor, Field Marshal, Boreal Shelf, Jötun Grunt, Swords to Plowshares"
Knights,Jumpstart,Other,J22,2022-12-02,19.79,"Balan, Wandering Knight, The Circle of Loyalty, Danitha Capashen, Paragon, Hero's Blade, Chains of Custody"
Kor Armory,Intro Pack,Other,ZEN,2009-10-02,16.13,"Kor Skyfisher, Kabira Crossroads, Explorer's Scope, Kor Cartographer, Conqueror's Pledge"
Koth,Duel Deck,Other,DDI,2012-03-30,3.2,"Koth of the Hammer, Anger, Searing Blaze, Aether Membrane, Wayfarer's Bauble"
Kyoshi,Jumpstart,Other,TLE,2025-11-20,27.37,"Avatar Kyoshi, Earthbender, Cracked Earth Technique, Elephant-Mandrill, Tectonic Split, Kyoshi Warrior Exemplars"
Kzzy'n - The Dragon Lord,Shandalar Enemy Deck,Other,PAST,1997-04-01,386.43,"Mountain, Ivory Tower, Birds of Paradise, Winds of Change, Shivan Dragon"
Landfall (1),Jumpstart,Other,J25,2024-11-07,6.14,"Lotus Cobra, Undergrowth Champion, Harrow, Skyclave Pick-Axe, Sutina, Speaker of the Tajuru"
Landfall (2),Jumpstart,Other,J25,2024-11-07,12.6,"Ancient Greenwarden, Retreat to Kazandu, Sutina, Speaker of the Tajuru, Kazandu Nectarpot, Bite Down"
Landfall (3),Jumpstart,Other,J25,2024-11-07,25.46,"Scythecat Cub, Retreat to Kazandu, Harrow, Sutina, Speaker of the Tajuru, Bite Down"
Landfall (4),Jumpstart,Other,J25,2024-11-07,25.46,"Scythecat Cub, Harrow, Sporemound, Groundswell, Skyclave Pick-Axe"
Landfall 1,Jumpstart,Other,J22,2022-12-02,5.0,"Courser of Kruphix, Zendikar's Roil, Primeval Herald, Rampaging Baloths, Khalni Heart Expedition"
Landfall 2,Jumpstart,Other,J22,2022-12-02,4.12,"Broken Bond, Avenger of Zendikar, Primeval Herald, Fertilid, Khalni Heart Expedition"
Lands (1),Jumpstart,Other,JMP,2020-07-17,1.41,"Cultivate, Zendikar's Roil, Ulvenwald Hydra, Feral Hydra, Forest"
Lands (2),Jumpstart,Other,JMP,2020-07-17,5.55,"Oracle of Mul Daya, Cultivate, Feral Hydra, Sporemound, Forest"
Landslide Charge,Event Deck,Other,DTK,2015-03-27,49.69,"Stubborn Denial, Elvish Mystic, Thunderbreak Regent, Mistcutter Hydra, Frontier Bivouac"
Large and in Charge,Arena Starter Deck,Other,ANB,2020-08-13,0.0,"Jungle Delver, Ilysian Caryatid, Woodland Mystic, Wildwood Patrol, Baloth Packhunter"
Law 1,Jumpstart,Other,J22,2022-12-02,0.0,"Archon of Justice, Thriving Heath, Skyhunter Patrol, Plains, Plains"
Law 2,Jumpstart,Other,J22,2022-12-02,1.82,"Unquestioned Authority, Thriving Heath, Decree of Justice, Skyhunter Patrol, Phalanx Tactics"
Law 3,Jumpstart,Other,J22,2022-12-02,1.82,"Unquestioned Authority, Gideon, Champion of Justice, Thriving Heath, Skyhunter Patrol, Plains"
Law 4,Jumpstart,Other,J22,2022-12-02,10.16,"Michiko Konda, Truth Seeker, Isamaru, Hound of Konda, Thriving Heath, Skyhunter Patrol, Plains"
Learning (1),Jumpstart,Other,TLE,2025-11-20,7.35,"Cracked Earth Technique, Crystalline Armor, Origin of Metalbending, Aang, A Lot to Learn, Shared Roots"
Learning (2),Jumpstart,Other,TLE,2025-11-20,5.32,"Cracked Earth Technique, Master's Guidance, Aang, A Lot to Learn, Forest, The Art of Tea"
Legendary Flyers (Not That Kind),Secret Lair Drop,Other,SLD,2023-05-05,109.36,"Phage the Untouchable, Sen Triplets, Alela, Artful Provocateur, Yisan, the Wanderer Bard"
Legion (1),Jumpstart,Other,J25,2024-11-07,1.82,"Adeline, Resplendent Cathar, Hinterland Sanctifier, Mentor of the Meek, Make a Stand, Recruitment Officer"
Legion (2),Jumpstart,Other,J25,2024-11-07,1.82,"Adeline, Resplendent Cathar, Triplicate Spirits, Hinterland Sanctifier, Mentor of the Meek, Recruitment Officer"
Legion (3),Jumpstart,Other,JMP,2020-07-17,0.0,"Glorious Anthem, Plains, Release the Dogs, Plains, Plains"
Legion (4),Jumpstart,Other,JMP,2020-07-17,1.27,"Selfless Savior, Plains, Lena, Selfless Champion, Mentor of the Meek, Plains"
Legion Aloft,Intro Pack,Other,ARB,2009-04-30,90.15,"Whispersilk Cloak, Plains, Terramorphic Expanse, Etherium Sculptor, Path to Exile"
Legion of Dusk,Theme Deck,Other,E02,2017-11-24,35.67,"Beacon of Immortality, Vanquisher's Banner, Shielded by Faith, Day of Judgment, Bloodcrazed Paladin"
Legion of Glory,MTGO Theme Deck,Other,VIS,2006-04-10,9.01,"Retribution of the Meek, Plains, Zhalfirin Crusader, Plains, Plains"
Legions Foil Redemption,MTGO Redemption,Other,LGN,2003-03-05,2578.11,"Akroma, Angel of Wrath, Seedborn Muse, Graveborn Muse, Phage the Untouchable, Toxin Sliver"
Legions Redemption,MTGO Redemption,Other,LGN,2003-03-05,2578.11,"Akroma, Angel of Wrath, Seedborn Muse, Graveborn Muse, Phage the Untouchable, Toxin Sliver"
Legions of Phyrexia,Arena Starter Deck,Other,LTR,2023-06-20,10.94,"Phyrexian Arena, Gix, Yawgmoth Praetor, Essence of Orthodoxy, Caves of Koilos, Seedpod Caretaker"
"Leon Lindback, Semifinalist",Pro Tour Deck,Other,PTC,1996-05-01,97.1,"Dance of the Dead, Necropotence, Strip Mine, Hypnotic Specter, Zuran Orb"
Leonardo,Theme Deck,Other,TMT,2026-03-06,1.38,"Splinter, Aging Champion, Splinter & Leo, Father & Son, Leonardo, Worldly Warrior, Leo's Guidance, Lita, Little Orphan Amphibian"
Lessons (1),Jumpstart,Other,TLE,2025-11-20,6.99,"Whirlwind Technique, Chakra Meditation, Boomerang Basics, Katara, Seeking Revenge, Accumulate Wisdom"
Lessons (2),Jumpstart,Other,TLE,2025-11-20,5.12,"Whirlwind Technique, Chakra Meditation, Katara, Seeking Revenge, Accumulate Wisdom, Island"
Lethal,Jumpstart,Other,MSH,2026-06-26,11.45,"White Widow, Yelena Belova, Black Widow, Deadly Hunter, Origin of Black Widow, Titanium Man, Thriving Moor"
Levelers Scorn,Intro Pack,Other,ROE,2010-04-23,40.07,"Telepathy, Island, Swamp, Island, Island"
Levelers' Glory,Intro Pack,Other,ROE,2010-04-23,29.17,"Island, Island, Island, Plains, Island"
Li'l Giri Saves the Day,Secret Lair Drop,Other,SLD,2022-08-11,70.07,"Curiosity, Last Chance, Vandalblast, Peek, Greed"
Li'l Walkers,Secret Lair Drop,Other,SLD,2022-07-22,49.91,"Ashiok, Dream Render, Tamiyo, the Moon Sage, Sorin, Grim Nemesis, Ajani, Mentor of Heroes, Angrath, the Flame-Chained"
Li'l Walkers Foil Edition,Secret Lair Drop,Other,SLD,2022-07-22,49.91,"Ashiok, Dream Render, Tamiyo, the Moon Sage, Sorin, Grim Nemesis, Ajani, Mentor of Heroes, Angrath, the Flame-Chained"
Li'l'ler Walkers,Secret Lair Drop,Other,SLD,2022-11-14,59.42,"Narset, Parter of Veils, Elspeth, Sun's Champion, Garruk Wildspeaker, Saheeli, Sublime Artificer, Sarkhan Vol"
Li'l'ler Walkers Foil Edition,Secret Lair Drop,Other,SLD,2022-11-14,59.42,"Narset, Parter of Veils, Elspeth, Sun's Champion, Garruk Wildspeaker, Saheeli, Sublime Artificer, Sarkhan Vol"
Librarian,Jumpstart,Other,TLE,2025-11-20,5.16,"Wan Shi Tong, All-Knowing, Brainstorm, Dutiful Knowledge Seeker, Accumulate Wisdom, Island"
Library Depletion,Deck Builder's Toolkit,Other,M14,2013-07-19,7.76,"Codex Shredder, Psychic Spiral, Tome Scour, Psychic Strike, Paranoid Delusions"
Life Boost,Theme Deck,Other,8ED,2003-07-28,30.02,"Glorious Anthem, Spirit Link, Angel of Mercy, Suntail Hawk, Plains"
Life Drain,Theme Deck,Other,EVE,2008-07-25,176.88,"Batwing Brume, Rite of Consumption, Divinity of Pride, Swamp, Resplendent Mentor"
Life Gain,Deck Builder's Toolkit,Other,M14,2013-07-19,6.17,"Angelic Accord, Unflinching Courage, Soulmender, Congregate, Voracious Wurm"
Life Skills,Arena Starter Deck,Other,M21,2021-07-03,69.08,"Shadowspear, Vito, Thorn of the Dusk Rose, Baneslayer Angel, Silversmote Ghoul, Indulging Patrician"
Life for Death,Intro Pack,Other,NPH,2011-05-13,125.89,"Gut Shot, Mountain, Marrow Shards, Shattered Angel, Phyrexian Rebirth"
Lifegain,Theme Deck,Other,SOS,2026-04-24,5.95,"Haliya, Guided by Light, Starscape Cleric, Amalia Benavides Aguirre, Essence Channeler, Nowhere to Run"
Lifeline,Arena Starter Deck,Other,AFR,2021-09-24,16.86,"Righteous Valkyrie, Valkyrie Harbinger, Branchloft Pathway // Boulderloft Pathway, Cleric Class, Icingdeath, Frost Tyrant"
Liftoff,Theme Deck,Other,ODY,2001-10-01,183.63,"Peek, Skycloud Egg, Plains, Mystic Crusader, Millikin"
Lightforce,Intro Pack,Other,M14,2013-07-19,26.85,"Elixir of Immortality, Angelic Accord, Indestructibility, Brave the Elements, Soulmender"
Lightning (1),Jumpstart,Other,JMP,2020-07-17,2.51,"Lightning Bolt, Mountain, Lightning Phoenix, Lightning Axe, Homing Lightning"
Lightning (2),Jumpstart,Other,JMP,2020-07-17,0.0,"Ball Lightning, Mountain, Chain Lightning, Lightning Phoenix, Lightning Axe"
Lightning Aggro,Challenger Deck,Other,Q02,2019-04-12,23.26,"Runaway Steam-Kin, Banefire, Rekindling Phoenix, Goblin Chainwhirler, Fanatical Firebrand"
Lil Legends,Secret Lair Drop,Other,SLD,2024-08-19,23.07,"Omnath, Locus of Creation, Orvar, the All-Form, Reya Dawnbringer, Drana, the Last Bloodchief, Lavinia, Azorius Renegade"
Lilest Walkers,Secret Lair Drop,Other,SLD,2023-09-22,30.16,"Karn, Scion of Urza, Venser, the Sojourner, Aminatou, the Fateshifter, Chandra, Flame's Catalyst, Daretti, Ingenious Iconoclast"
Lilest Walkers Foil Edition,Secret Lair Drop,Other,SLD,2023-09-22,25.07,"Aminatou, the Fateshifter, Chandra, Flame's Catalyst, Venser, the Sojourner, Karn, Scion of Urza, Daretti, Ingenious Iconoclast"
Liliana,Jumpstart,Other,JMP,2020-07-17,4.97,"Liliana, Waker of the Dead, Swamp, Swamp, Liliana's Standard Bearer, Goremand"
"Liliana, Death Mage",Planeswalker Deck,Other,M21,2020-07-03,7.89,"Liliana, Death Mage, Swamp, Liliana's Scrounger, Swamp, Demonic Embrace"
"Liliana, Death Wielder",Planeswalker Deck,Other,AKH,2017-04-28,7.32,"Liliana, Death Wielder, Grasping Dunes, Cartouche of Strength, Channeler Initiate, Cartouche of Ambition"
Line of Fire,Arena Starter Deck,Other,M21,2021-07-03,9.36,"Piper of the Swarm, Kroxa, Titan of Death's Hunger, Serrated Scorpion, Woe Strider, Swamp"
Little Bashers,Theme Deck,Other,MRD,2003-10-02,68.22,"Banshee's Blade, Viridian Longbow, Gold Myr, Loxodon Warhammer, Fireshrieker"
Lofty Heights,Theme Deck,Other,9ED,2005-07-29,41.68,"Sleight of Hand, Mana Leak, Telepathy, Archivist, Boomerang"
Look at the Kitties,Secret Lair Drop,Other,SLD,2022-11-17,272.25,"Lord Windgrace, Violent Outburst, Felidar Sovereign, Descendants' Path"
Lord of Fate,Shandalar Enemy Deck,Other,PAST,1997-04-01,37.06,"Divine Transformation, Ornithopter, Dark Ritual, Serra Angel, Swamp"
Lorwyn Eclipsed Bundle Land Pack,Bundle Land Pack,Other,ECL,2026-01-23,0.0,"Forest, Forest, Plains, Plains, Island"
Lorwyn Eclipsed Redemption,MTGO Redemption,Other,ECL,2026-02-11,216.75,"Hexing Squelcher, Chronicle of Victory, Bitterbloom Bearer, Bloom Tender, Steam Vents"
Lorwyn Fat Pack Land Pack,Bundle Land Pack,Other,LRW,2007-10-12,55.02,"Island, Swamp, Forest, Swamp, Forest"
Lorwyn Foil Redemption,MTGO Redemption,Other,LRW,2007-11-11,3081.59,"Thoughtseize, Wort, Boggart Auntie, Thousand-Year Elixir, Ponder, Shapesharer"
Lorwyn Lightboxes,Secret Lair Drop,Other,SLD,2025-02-11,45.09,"Gilt-Leaf Palace, Secluded Glen, Auntie's Hovel, Wanderwine Hub, Ancient Amphitheater"
Lorwyn Lightboxes Foil Edition,Secret Lair Drop,Other,SLD,2025-02-11,45.09,"Gilt-Leaf Palace, Secluded Glen, Auntie's Hovel, Wanderwine Hub, Ancient Amphitheater"
Lorwyn Redemption,MTGO Redemption,Other,LRW,2007-11-11,3081.59,"Thoughtseize, Wort, Boggart Auntie, Thousand-Year Elixir, Ponder, Shapesharer"
Lotus Field Combo,Pioneer Challenger Deck,Other,Q06,2021-10-15,42.66,"Lotus Field, Thespian's Stage, Mastermind's Acquisition, Peer into the Abyss, Dig Through Time"
MSCHF,Secret Lair Drop,Other,SLD,2022-02-04,128.76,"Swords to Plowshares, Grim Tutor, Teferi's Puzzle Box, Blood Moon, Cut // Ribbons"
Magic 2010 Fat Pack Land Pack,Bundle Land Pack,Other,M10,2009-07-17,16.05,"Plains, Island, Swamp, Forest, Mountain"
Magic 2010 Foil Redemption,MTGO Redemption,Other,M10,2009-08-16,1103.94,"Lurking Predators, Time Warp, Platinum Angel, Silence, Liliana Vess"
Magic 2010 Redemption,MTGO Redemption,Other,M10,2009-08-16,1103.94,"Lurking Predators, Time Warp, Platinum Angel, Silence, Liliana Vess"
Magic 2011 Fat Pack Land Pack,Bundle Land Pack,Other,M11,2010-07-16,31.98,"Plains, Plains, Island, Swamp, Mountain"
Magic 2011 Foil Redemption,MTGO Redemption,Other,M11,2010-08-15,1012.2,"Serra Ascendant, Primeval Titan, Goblin Chieftain, Voltaic Key, Pyretic Ritual"
Magic 2011 Redemption,MTGO Redemption,Other,M11,2010-08-15,1012.2,"Serra Ascendant, Primeval Titan, Goblin Chieftain, Voltaic Key, Pyretic Ritual"
Magic 2012 Fat Pack Land Pack,Bundle Land Pack,Other,M12,2011-07-15,6.55,"Swamp, Swamp, Mountain, Island, Plains"
Magic 2012 Foil Redemption,MTGO Redemption,Other,M12,2011-08-14,829.49,"Garruk, Primal Hunter, Grand Abolisher, Sorin Markov, Angelic Destiny, Jace's Archivist"
Magic 2012 Redemption,MTGO Redemption,Other,M12,2011-08-14,829.49,"Garruk, Primal Hunter, Grand Abolisher, Sorin Markov, Angelic Destiny, Jace's Archivist"
Magic 2013 Fat Pack Land Pack,Bundle Land Pack,Other,M13,2012-07-13,8.74,"Plains, Forest, Plains, Island, Forest"
Magic 2013 Foil Redemption,MTGO Redemption,Other,M13,2012-08-12,713.01,"Worldfire, Akroma's Memorial, Liliana of the Dark Realms, Vampire Nocturnus, Clock of Omens"
Magic 2013 Redemption,MTGO Redemption,Other,M13,2012-08-12,713.01,"Worldfire, Akroma's Memorial, Liliana of the Dark Realms, Vampire Nocturnus, Clock of Omens"
Magic 2014 Fat Pack Land Pack,Bundle Land Pack,Other,M14,2013-07-19,0.0,"Mountain, Island, Swamp, Forest, Plains"
Magic 2014 Foil Redemption,MTGO Redemption,Other,M14,2013-08-18,663.79,"Archangel of Thune, Kalonian Hydra, Darksteel Forge, Silence, Dark Prophecy"
Magic 2014 Redemption,MTGO Redemption,Other,M14,2013-08-18,663.79,"Archangel of Thune, Kalonian Hydra, Darksteel Forge, Silence, Dark Prophecy"
Magic 2015 Fat Pack Land Pack,Bundle Land Pack,Other,M15,2014-07-18,0.0,"Forest, Mountain, Island, Forest, Swamp"
Magic 2015 Foil Redemption,MTGO Redemption,Other,M15,2014-08-17,587.3,"Urborg, Tomb of Yawgmoth, Sliver Hivelord, Sliver Hive, The Chain Veil, Nissa, Worldwaker"
Magic 2015 Redemption,MTGO Redemption,Other,M15,2014-08-17,587.3,"Urborg, Tomb of Yawgmoth, Sliver Hivelord, Sliver Hive, The Chain Veil, Nissa, Worldwaker"
Magic Origins Fat Pack Land Pack,Bundle Land Pack,Other,ORI,2015-07-17,0.0,"Plains, Swamp, Swamp, Mountain, Island"
Magic Origins Foil Redemption,MTGO Redemption,Other,ORI,2015-08-16,522.14,"Starfield of Nyx, Alhammarret's Archive, Liliana, Heretical Healer // Liliana, Defiant Necromancer, Woodland Bellower, Elemental Bond"
Magic Origins Redemption,MTGO Redemption,Other,ORI,2015-08-16,522.14,"Starfield of Nyx, Alhammarret's Archive, Liliana, Heretical Healer // Liliana, Defiant Necromancer, Woodland Bellower, Elemental Bond"
Magic: The Baseballing,Secret Lair Drop,Other,SLD,2023-09-15,49.71,"Liliana Vess // Liliana Vess, Jace Beleren // Jace Beleren, Chandra Nalaar // Chandra Nalaar, Ajani Goldmane // Ajani Goldmane, Garruk Wildspeaker // Garruk Wildspeaker"
Magic: The Baseballing Foil Edition,Secret Lair Drop,Other,SLD,2023-09-15,49.71,"Liliana Vess // Liliana Vess, Jace Beleren // Jace Beleren, Chandra Nalaar // Chandra Nalaar, Ajani Goldmane // Ajani Goldmane, Garruk Wildspeaker // Garruk Wildspeaker"
MagicCon: the Gathering,Secret Lair Drop,Other,SLD,2025-08-18,43.06,"Sliver Legion, Pack Rat, Shared Summons, Sylvan Offering"
Mahō Gakuin Seishun Hakusho — 魔法学院青春白書,Secret Lair Drop,Other,SLD,2026-05-12,56.07,"Stinging Study, Notion Thief, Thought Scour, Rule of Law, Time Stretch"
Mahō Gakuin Seishun Hakusho — 魔法学院青春白書 Foil Edition,Secret Lair Drop,Other,SLD,2026-05-12,56.07,"Stinging Study, Notion Thief, Thought Scour, Rule of Law, Time Stretch"
Making Fetch Happen,Secret Lair Drop,Other,SLU,2020-05-29,218.34,"Scalding Tarn, Verdant Catacombs, Marsh Flats, Arid Mesa, Misty Rainforest"
Mana Ramp,Deck Builder's Toolkit,Other,M14,2013-07-19,10.5,"Axebane Guardian, Gatecreeper Vine, Nimbus Swimmer, Urban Evolution, Verdant Haven"
Mandurang,Shandalar Enemy Deck,Other,PAST,1997-04-01,350.72,"Mountain, Dancing Scimitar, Carrion Ants, Braingeyser, Blood Lust"
Manipulative Monstrosities,Intro Pack,Other,THS,2013-09-27,11.44,"Archaeomancer, Curse of the Swine, Wall of Frost, Island, Dissolve"
Manuel Bevand - Myr Incubator Combo,World Championship Deck,Other,WC04,2004-09-01,93.67,"Chrome Mox, Ancient Den, Darksteel Citadel, Krark-Clan Ironworks, Fabricate"
Marauders 1,Jumpstart,Other,LTR,2023-06-23,2.56,"Assault on Osgiliath, Erebor Flamesmith, Grishnákh, Brash Instigator, Fear, Fire, Foes!, Gimli, Counter of Kills"
Marauders 2,Jumpstart,Other,LTR,2023-06-23,2.56,"Assault on Osgiliath, Erebor Flamesmith, Grishnákh, Brash Instigator, Gimli, Counter of Kills, Foray of Orcs"
March of the Machine Bundle Land Pack,Bundle Land Pack,Other,MOM,2023-04-21,0.0,"Swamp, Swamp, Forest, Forest, Plains"
March of the Machine Foil Redemption,MTGO Redemption,Other,MOM,2023-05-17,277.79,"Etali, Primal Conqueror // Etali, Primal Sickness, Urabrask // The Great Work, Sheoldred // The True Scriptures, Invasion of Ikoria // Zilortha, Apex of Ikoria, Faerie Mastermind"
March of the Machine Redemption,MTGO Redemption,Other,MOM,2023-05-17,277.79,"Etali, Primal Conqueror // Etali, Primal Sickness, Urabrask // The Great Work, Sheoldred // The True Scriptures, Invasion of Ikoria // Zilortha, Apex of Ikoria, Faerie Mastermind"
March of the Machine Welcome Booster,Welcome Booster,Other,MOM,2023-04-21,1.79,"Siege Rhino, Chandra, Heart of Fire, Defiant Bloodlord, Commander's Sphere, Hellkite Punisher"
March of the Multitudes,Modern Event Deck,Other,MD1,2014-05-30,75.64,"Sword of Feast and Famine, City of Brass, Elspeth, Knight-Errant, Soul Warden, Path to Exile"
Mardu Raiders,Intro Pack,Other,KTK,2014-09-26,6.63,"Nomad Outpost, Gurmag Swiftwing, Crackling Doom, Mountain, Ankle Shanker"
"Mark Justice, Quarterfinalist",Pro Tour Deck,Other,PTC,1996-05-01,121.77,"Black Vise, City of Brass, Winter Orb, Lightning Bolt, Mishra's Factory"
Mark Le Pine - Sped Red,World Championship Deck,Other,WC99,1999-08-04,70.42,"Ancient Tomb, Cursed Scroll, Wasteland, Mountain, Mountain"
Martial Law,Theme Deck,Other,P02,1998-06-24,52.78,"Armageddon, Angel of Fury, Plains, Alaborn Veteran, Plains"
Marvel Super Heroes Bundle Land Pack,Bundle Land Pack,Other,MSH,2025-09-26,2.83,"Swamp, Swamp, Forest, Island, Island"
Marvel Super Heroes Draft Night Land Pack,Bundle Land Pack,Other,MSH,2025-09-26,0.0,"Island, Forest, Mountain, Mountain, Plains"
Marvel's Black Panther,Secret Lair Drop,Other,SLD,2024-11-05,63.78,"Heroic Intervention, Black Panther, Wakandan King, Primal Vigor, Karn's Bastion, Secure the Wastes"
Marvel's Black Panther Foil Edition,Secret Lair Drop,Other,SLD,2024-11-05,63.78,"Heroic Intervention, Black Panther, Wakandan King, Primal Vigor, Karn's Bastion, Secure the Wastes"
Marvel's Captain America,Secret Lair Drop,Other,SLD,2024-11-05,114.36,"Captain America, First Avenger, Flawless Maneuver, Sigarda's Aid, Sword of War and Peace, In the Trenches"
Marvel's Captain America Foil Edition,Secret Lair Drop,Other,SLD,2024-11-05,114.36,"Captain America, First Avenger, Flawless Maneuver, Sigarda's Aid, Sword of War and Peace, In the Trenches"
Marvel's Deadpool,Secret Lair Drop,Other,SLD,2025-04-02,61.09,"Deadly Rollick, Deadpool, Trading Card, Saw in Half, Blasphemous Act, Vandalblast"
Marvel's Deadpool Foil Edition,Secret Lair Drop,Other,SLD,2025-04-02,61.09,"Deadly Rollick, Deadpool, Trading Card, Saw in Half, Blasphemous Act, Vandalblast"
Marvel's Deadpool: I Fixed It (You're Welcome),Secret Lair Drop,Other,SLD,2026-04-06,17.95,"Sol Ring, Lightning Greaves, Lightning Bolt, Deadly Dispute, Thrill of Possibility"
Marvel's Deadpool: I Fixed It (You're Welcome) Foil Edition,Secret Lair Drop,Other,SLD,2026-04-06,17.95,"Sol Ring, Lightning Greaves, Lightning Bolt, Deadly Dispute, Thrill of Possibility"
Marvel's Deadpool: I Fixed It (You're Welcome) Pool Party Foil Edition,Secret Lair Drop,Other,SLD,2026-04-06,30.12,"Sol Ring, Lightning Greaves, Lightning Bolt, Deadly Dispute, Thrill of Possibility"
Marvel's Iron Man,Secret Lair Drop,Other,SLD,2024-11-05,108.19,"Commander's Plate, Iron Man, Titan of Innovation, Inventors' Fair, Sol Ring, Galvanic Blast"
Marvel's Iron Man Foil Edition,Secret Lair Drop,Other,SLD,2024-11-05,108.19,"Commander's Plate, Iron Man, Titan of Innovation, Inventors' Fair, Sol Ring, Galvanic Blast"
Marvel's Spider-Man Bundle Land Pack,Bundle Land Pack,Other,SPM,2025-09-26,0.0,"Swamp, Plains, Island, Forest, Mountain"
Marvel's Spider-Man Foil Bundle Land Pack,Bundle Land Pack,Other,SPM,2025-09-26,0.0,"Swamp, Plains, Island, Forest, Mountain"
Marvel's Spider-Man: Daily Bugle Breaking News,Secret Lair Drop,Other,SLD,2025-09-30,33.63,"Scheming Symmetry, Frantic Search, Blasphemous Act, Impact Tremors, Fact or Fiction"
Marvel's Spider-Man: Daily Bugle Breaking News Foil Edition,Secret Lair Drop,Other,SLD,2025-09-30,33.63,"Scheming Symmetry, Frantic Search, Blasphemous Act, Impact Tremors, Fact or Fiction"
Marvel's Spider-Man: Heroic Deeds,Secret Lair Drop,Other,SLD,2025-09-30,52.92,"Three Visits, Sol Ring, Ephemerate, Lightning Greaves, Command Tower"
Marvel's Spider-Man: Heroic Deeds Foil Edition,Secret Lair Drop,Other,SLD,2025-09-30,52.92,"Three Visits, Sol Ring, Ephemerate, Lightning Greaves, Command Tower"
Marvel's Spider-Man: Mana Symbiote Raised Foil Edition,Secret Lair Drop,Other,SLD,2025-09-30,63.54,"Swamp, Plains, Mountain, Forest, Island"
Marvel's Spider-Man: Venom Unleashed (Colors),Secret Lair Drop,Other,SLD,2025-09-30,45.58,"Damnation, Dark Ritual, Peer into the Abyss, Surgical Extraction, Tendrils of Agony"
Marvel's Spider-Man: Venom Unleashed (Colors) Foil Edition,Secret Lair Drop,Other,SLD,2025-09-30,45.58,"Damnation, Dark Ritual, Peer into the Abyss, Surgical Extraction, Tendrils of Agony"
Marvel's Spider-Man: Venom Unleashed (Inks),Secret Lair Drop,Other,SLD,2025-09-30,34.31,"Damnation, Dark Ritual, Peer into the Abyss, Surgical Extraction, Tendrils of Agony"
Marvel's Spider-Man: Venom Unleashed (Inks) Foil Edition,Secret Lair Drop,Other,SLD,2025-09-30,34.31,"Damnation, Dark Ritual, Peer into the Abyss, Surgical Extraction, Tendrils of Agony"
Marvel's Spider-Man: Villainous Plots,Secret Lair Drop,Other,SLD,2025-09-30,39.85,"Sol Ring, Lightning Greaves, Go for the Throat, Deadly Dispute, Command Tower"
Marvel's Spider-Man: Villainous Plots Foil Edition,Secret Lair Drop,Other,SLD,2025-09-30,39.85,"Sol Ring, Lightning Greaves, Go for the Throat, Deadly Dispute, Command Tower"
Marvel's Storm,Secret Lair Drop,Other,SLD,2024-11-05,99.14,"Jeska's Will, Storm, Force of Nature, Manamorphose, Ice Storm, Lightning Bolt"
Marvel's Storm Foil Edition,Secret Lair Drop,Other,SLD,2024-11-05,99.14,"Jeska's Will, Storm, Force of Nature, Manamorphose, Ice Storm, Lightning Bolt"
Marvel's Wolverine,Secret Lair Drop,Other,SLD,2024-11-05,139.82,"The Ozolith, Wolverine, Best There Is, Rhythm of the Wild, Berserk, Rite of Passage"
Marvel's Wolverine Foil Edition,Secret Lair Drop,Other,SLD,2024-11-05,139.82,"The Ozolith, Wolverine, Best There Is, Rhythm of the Wild, Berserk, Rite of Passage"
Marvel: Spinner Rack Specials,Secret Lair Drop,Other,SLD,2026-07-21,86.98,"Tippy-Toe, Terrific Partner, Hex Magic, Undead Hand Ninja, Baxter Building, Hammerhead, Maggia Boss"
Marvel: Spinner Rack Specials Foil Edition,Secret Lair Drop,Other,SLD,2026-07-21,86.98,"Tippy-Toe, Terrific Partner, Hex Magic, Undead Hand Ninja, Baxter Building, Hammerhead, Maggia Boss"
Marvelous,Jumpstart,Other,MSH,2026-06-26,27.3,"Captain Marvel, Shooting Star, Quantum Entanglement, Photon, Lady of Light, Ms. Marvel, Elastic Ally, Marvel Boy, Noh-Varr"
Massed Ranks,Intro Pack,Other,DTK,2015-03-27,11.04,"Secure the Wastes, Inspiring Call, Plains, Forest, Enduring Scalelord"
Massive Menagerie,Arena Starter Deck,Other,M21,2021-07-03,24.4,"Serpent of Yawning Depths, Elder Gargaroth, Ram Through, Kogla, the Titan Ape, Cultivate"
Massive Might,Game Night Deck,Other,GN2,2019-11-15,8.57,"Voracious Hydra, Earthshaker Giant, Ripjaw Raptor, Ghalta, Primal Hunger, Leafkin Druid"
Master Blaster,Theme Deck,Other,DST,2004-02-06,109.48,"Great Furnace, Darksteel Citadel, Iron Myr, Pyrite Spellbomb, Molten Rain"
Math Is For Blockers,Secret Lair Drop,Other,SLD,2021-12-13,34.0,"Ohran Frostfang, Brazen Borrower // Petty Theft, Vindictive Lich, Thragtusk, Meandering Towershell"
Math Is For Blockers Foil Edition,Secret Lair Drop,Other,SLD,2021-12-13,34.0,"Ohran Frostfang, Brazen Borrower // Petty Theft, Vindictive Lich, Thragtusk, Meandering Towershell"
Matt Linde - Mono-Green Stompy,World Championship Deck,Other,WC99,1999-08-04,336.45,"Gaea's Cradle, Cursed Scroll, Forest, Forest, Rancor"
Max Attax,Theme Deck,Other,SCG,2003-05-26,243.39,"Smother, Temple of the False God, Tranquil Thicket, Barren Moor, Swamp"
Mayhem,Jumpstart,Other,MSH,2026-06-26,4.08,"Green Goblin, Back for More, Daily Bugle Newspaper, Sadistic Slash, Rocket-Powered Goblin Glider, Alien Symbiosis"
Meditations on Nature,Secret Lair Drop,Other,SLD,2023-12-18,103.18,"Plains, Mountain, Island, Forest, Swamp"
Meditations on Nature Foil Edition,Secret Lair Drop,Other,SLD,2023-11-30,103.18,"Plains, Mountain, Island, Forest, Swamp"
Mercenaries,Theme Deck,Other,NEM,2000-02-14,475.42,"Dark Ritual, Massacre, Cateran Summons, Haunted Crossroads, Belbe's Portal"
Mercenaries - Enhanced Deck,Enhanced Deck,Other,NEM,2000-02-14,653.8,"Dark Ritual, Yawgmoth's Will, Cateran Summons, Contamination, Silent Assassin"
Merfolk,Duel Deck,Other,DDT,2017-11-10,12.29,"Misdirection, Master of the Pearl Trident, Harbinger of the Tides, Engulf the Shore, Merrow Reejerey"
Merfolk 1,Jumpstart,Other,J22,2022-12-02,0.0,"Seafloor Oracle, Merrow Reejerey, Triton Shorestalker, Sage of the Falls, Storm Sculptor"
Merfolk 2,Jumpstart,Other,J22,2022-12-02,0.0,"Svyelun of Sea and Sky, Merrow Reejerey, Triton Shorestalker, Merfolk Pupil, Thriving Isle"
Merfolk 3,Jumpstart,Other,J22,2022-12-02,0.0,"Harbinger of the Tides, Merrow Reejerey, Triton Shorestalker, Stonybrook Angler, Fallowsage"
Merfolk 4,Jumpstart,Other,J22,2022-12-02,0.0,"Merfolk Sovereign, Merrow Reejerey, Triton Shorestalker, Thriving Isle, Aquatic Incursion"
Merfolk Shaman,Shandalar Enemy Deck,Other,PAST,1997-04-01,72.03,"Island Fish Jasconius, Lord of Atlantis, Unstable Mutation, Magical Hack, Segovian Leviathan"
Merrow Riverways,Theme Deck,Other,LRW,2007-10-12,416.59,"Ponder, Springleaf Drum, Wanderwine Prophets, Merrow Commerce, Sygg, River Guide"
Metalcraft,Deck Builder's Toolkit,Other,MBS,2011-03-11,75.67,"Voltaic Key, Palladium Myr, Golem Foundry, Darksteel Myr, Myr Sire"
Metallic Dreams,Planechase Deck,Other,HOP,2009-09-04,88.83,"Darksteel Forge, Fabricate, Great Furnace, Vault of Whispers, Arcbound Crusher"
"Michael Loconto, Champion",Pro Tour Deck,Other,PTC,1996-05-01,106.98,"Land Tax, Strip Mine, Island, Adarkar Wastes, Island"
Michealangelo,Theme Deck,Other,TMT,2026-03-06,6.26,"Mona Lisa, Ever Adaptable, Michelangelo, On the Scene, Mikey & Mona, Mutant Sitters, Frog Butler, Mona Lisa, Science Geek"
Midrange Green,Deck Builder's Toolkit,Other,M13,2012-07-13,1.53,"Bond Beetle, Mwonvuli Beast Tracker, Elvish Visionary, Borderland Ranger, Yeva's Forcemage"
Might,Duel Deck,Other,DDS,2017-03-31,32.2,"Coat of Arms, Zo-Zu the Punisher, Lovisa Coldeyes, Guttural Response, Rampant Growth"
Migraine,Theme Deck,Other,STH,1998-03-02,29.79,"Ensnaring Bridge, Bottomless Pit, Dark Ritual, Megrim, Portcullis"
Migraine - Advanced Deck,Advanced Deck,Other,STH,1998-03-02,216.34,"Vampiric Tutor, Wasteland, Anvil of Bogardan, Ensnaring Bridge, Bottomless Pit"
Milling,Jumpstart,Other,JMP,2020-07-17,43.98,"Bruvac the Grandiloquent, Capture Sphere, Thought Scour, Island, Teferi's Tutelage"
Mind,Duel Deck,Other,DDS,2017-03-31,16.14,"Desperate Ritual, Snap, Beacon of Tomorrows, Deep-Sea Kraken, Jhoira of the Ghitu"
Mind Stealer,Shandalar Enemy Deck,Other,PAST,1997-04-01,134.92,"Junún Efreet, Sindbad, Fellwar Stone, Mind Twist, Animate Dead"
Mind Swarm,Theme Deck,Other,DST,2004-02-06,127.7,"Vault of Whispers, Geth's Grimoire, Leaden Myr, Skeleton Shard, Chittering Rats"
Mind of the Void,Theme Deck,Other,PS11,2011-01-01,0.0,"Island, Island, Island, Island, Plains"
Minions (1),Jumpstart,Other,JMP,2020-07-17,0.0,"Swamp, Village Rites, Innocent Blood, Goremand, Kels, Fight Fixer"
Minions (2),Jumpstart,Other,JMP,2020-07-17,0.0,"Swamp, Village Rites, Goremand, Drainpipe Vermin, Kels, Fight Fixer"
Minions (3),Jumpstart,Other,JMP,2020-07-17,28.04,"Phyrexian Tower, Swamp, Village Rites, Goremand, Drainpipe Vermin"
Minions (4),Jumpstart,Other,JMP,2020-07-17,3.85,"Ghoulcaller Gisa, Swamp, Village Rites, Innocent Blood, Goremand"
Minotaurs (1),Jumpstart,Other,JMP,2020-07-17,4.86,"Herald's Horn, Sethron, Hurloon General, Minotaur Skullcleaver, Minotaur Sureshot, Mountain"
Minotaurs (2),Jumpstart,Other,JMP,2020-07-17,1.64,"Unleash Fury, Traitorous Greed, Sethron, Hurloon General, Rageblood Shaman, Minotaur Skullcleaver"
Mirrodin Besieged Fat Pack Land Pack,Bundle Land Pack,Other,MBS,2011-02-04,11.74,"Swamp, Forest, Swamp, Mountain, Mountain"
Mirrodin Besieged Foil Redemption,MTGO Redemption,Other,MBS,2011-03-06,890.09,"Blightsteel Colossus, Consecrated Sphinx, Green Sun's Zenith, Sword of Feast and Famine, Inkmoth Nexus"
Mirrodin Besieged Redemption,MTGO Redemption,Other,MBS,2011-03-06,890.09,"Blightsteel Colossus, Consecrated Sphinx, Green Sun's Zenith, Sword of Feast and Famine, Inkmoth Nexus"
Mirrodin Foil Redemption,MTGO Redemption,Other,MRD,2003-11-01,3115.02,"Chrome Mox, Sword of Kaldra, Quicksilver Elemental, Chalice of the Void, Confusion in the Ranks"
Mirrodin Pure,MTGO Duel Deck,Other,TD2,2013-01-11,0.0,"Platinum Angel, Ardent Recruit, Argent Sphinx, Darksteel Gargoyle, Darksteel Sentinel"
Mirrodin Redemption,MTGO Redemption,Other,MRD,2003-11-01,3115.02,"Chrome Mox, Sword of Kaldra, Quicksilver Elemental, Chalice of the Void, Confusion in the Ranks"
Mirrodinsanity,Secret Lair Drop,Other,SLD,2022-01-28,170.43,"Seat of the Synod, Great Furnace, Vault of Whispers, Ancient Den, Tree of Tales"
Mirrodinsanity Foil Edition,Secret Lair Drop,Other,SLD,2022-01-28,170.43,"Seat of the Synod, Great Furnace, Vault of Whispers, Ancient Den, Tree of Tales"
Mirromancy,Intro Pack,Other,MBS,2011-02-04,71.27,"Preordain, Silver Myr, Iron Myr, Lightning Bolt, Red Sun's Zenith"
Mite-y 1,Jumpstart,Other,ONE,2023-02-10,1.1,"Mite Overseer, Annex Sentry, Planar Disruption, Basilica Shepherd, Infested Fleshcutter"
Mite-y 2,Jumpstart,Other,ONE,2023-02-10,1.1,"Mite Overseer, Ossification, Crawling Chorus, Plains, Plains"
Mob Rule,Intro Pack,Other,M13,2012-07-13,22.2,"Fervor, Ring of Valkas, Krenko, Mob Boss, Krenko's Command, Forest"
Modern Horizons 2 Bundle Land Pack,Bundle Land Pack,Other,MH2,2021-06-18,0.0,"Plains, Island, Plains, Island, Plains"
Modern Horizons 3 Bundle Land Pack,Bundle Land Pack,Other,MH3,2024-06-14,0.0,"Forest, Forest, Island, Island, Mountain"
Modified,Jumpstart,Other,J25,2024-11-07,17.54,"Kodama of the West Tree, Audacity, Gnarlid Colony, Shardless Outlander, Cave of Temptation"
Molimo's Might,Theme Deck,Other,10E,2007-07-13,40.83,"Hurricane, Rampant Growth, Molimo, Maro-Sorcerer, Blanchwood Armor, Forest"
Mono Black,Arena Starter Kit,Other,M21,2020-07-03,13.35,"Demon of Loathing, Peer into the Abyss, Serrated Scorpion, Swamp, Demonic Embrace"
Mono Black Amazon,Arena Starter Kit,Other,M21,2020-07-03,13.35,"Demon of Loathing, Peer into the Abyss, Serrated Scorpion, Swamp, Demonic Embrace"
Mono Green,Arena Starter Kit,Other,M21,2020-07-03,8.15,"Ironscale Hydra, Ram Through, Colossification, Llanowar Visionary, Hyrax Tower Scout"
Mono Green Amazon,Arena Starter Kit,Other,M21,2020-07-03,8.15,"Ironscale Hydra, Ram Through, Colossification, Llanowar Visionary, Hyrax Tower Scout"
Mono White Aggro,Challenger Deck,Other,Q07,2022-04-01,3.97,"Paladin Class, Luminarch Aspirant, Intrepid Adversary, Thalia, Guardian of Thraben, Skyclave Apparition"
Mono-Green Stompy,Challenger Deck,Other,Q05,2021-04-02,16.2,"Turntimber Symbiosis // Turntimber, Serpentine Wood, Gemrazer, Ram Through, Stonecoil Serpent, Garruk, Unleashed"
Mono-Red Aggro,Challenger Deck,Other,Q05,2021-04-02,30.18,"Embercleave, Shatterskull Smashing // Shatterskull, the Hammer Pass, Torbran, Thane of Red Fell, Mountain, Castle Embereth"
Mono-Red Burn,Pioneer Challenger Deck,Other,Q06,2021-10-15,19.92,"Monastery Swiftspear, Soul-Scar Mage, Ramunap Ruins, Wizard's Lightning, Lightning Strike"
Monster Anatomy 101,Secret Lair Drop,Other,SLD,2022-01-28,127.73,"Gishath, Sun's Avatar, Goblin Trashmaster, Ilharg, the Raze-Boar, Protean Hulk, Fleet Swallower"
Monster Anatomy 101 Foil Etched Edition,Secret Lair Drop,Other,SLD,2022-01-28,127.73,"Gishath, Sun's Avatar, Goblin Trashmaster, Ilharg, the Raze-Boar, Protean Hulk, Fleet Swallower"
Monster Movie Marathon,Secret Lair Drop,Other,SLD,2022-01-28,99.46,"Blasphemous Act, Beast Within, Grafdigger's Cage, Dismember"
Monster Movie Marathon Foil Edition,Secret Lair Drop,Other,SLD,2022-01-28,99.46,"Blasphemous Act, Beast Within, Grafdigger's Cage, Dismember"
Monster Territory,Jumpstart,Other,DMU,2022-09-09,1.66,"Forest, Briar Hydra, Haunted Mire, The Weatherseed Treaty, Wooded Ridgeline"
Monsters,Duel Deck,Other,DDL,2013-09-06,2.71,"Skarrg, the Rage Pits, Orcish Lumberjack, Beast Within, Polukranos, World Eater, Regrowth"
Monstrous Magazines,Secret Lair Drop,Other,SLD,2024-10-01,40.81,"Koma, Cosmos Serpent, Doom Whisperer, Mazirek, Kraul Death Priest, Ravenous Chupacabra, Uril, the Miststalker"
Monstrous Magazines Foil Edition,Secret Lair Drop,Other,SLD,2024-10-01,40.81,"Koma, Cosmos Serpent, Doom Whisperer, Mazirek, Kraul Death Priest, Ravenous Chupacabra, Uril, the Miststalker"
Monstrous Surprise,Intro Pack,Other,DKA,2012-02-03,20.64,"Pyreheart Wolf, Rampant Growth, Mountain, Strangleroot Geist, Gutter Grime"
Monty Python and the Holy Grail: Vol. 1,Secret Lair Drop,Other,SLD,2024-07-30,191.12,"Birds of Paradise // Birds of Paradise, Three Visits, Dismember, Buried Alive, Prodigal Sorcerer"
Monty Python and the Holy Grail: Vol. 1 Foil Edition,Secret Lair Drop,Other,SLD,2024-07-30,191.12,"Birds of Paradise // Birds of Paradise, Three Visits, Dismember, Buried Alive, Prodigal Sorcerer"
Monty Python and the Holy Grail: Vol. 2,Secret Lair Drop,Other,SLD,2024-07-30,81.87,"Ashnod's Altar, Door to Nothingness, Dark Depths"
Monty Python and the Holy Grail: Vol. 2 Foil Edition,Secret Lair Drop,Other,SLD,2024-07-30,81.87,"Ashnod's Altar, Door to Nothingness, Dark Depths"
Morbid 1,Jumpstart,Other,J22,2022-12-02,10.55,"Spawning Pit, Tragic Slip, Reaper from the Abyss, Village Rites, Mortuary Mire"
Morbid 2,Jumpstart,Other,J22,2022-12-02,3.24,"Tragic Slip, Reassembling Skeleton, Vampiric Rites, Skirsdag High Priest, Village Rites"
Mordor 1,Jumpstart,Other,LTR,2023-06-23,42.98,"Nazgûl, Ringwraiths, Gothmog, Morgul Lieutenant, Swamp, Claim the Precious"
Mordor 2,Jumpstart,Other,LTR,2023-06-23,6.16,"Ringwraiths, Gothmog, Morgul Lieutenant, Swamp, Orcish Medicine, Gríma Wormtongue"
Mordor: Black-Red,Starter Kit,Other,LTR,2023-06-23,25.92,"Witch-king, Bringer of Ruin, Sauron, the Lidless Eye, Fires of Mount Doom, Gollum, Scheming Guide, Cast into the Fire"
More Adventures in Middle-earth,Secret Lair Drop,Other,SLD,2023-08-29,77.07,"Gandalf, Friend of the Shire, Shire Terrace, Mirror of Galadriel, Slip On the Ring"
More Adventures in Middle-earth Foil Edition,Secret Lair Drop,Other,SLD,2023-08-29,77.07,"Gandalf, Friend of the Shire, Shire Terrace, Mirror of Galadriel, Slip On the Ring"
More Borderless Planeswalkers,Secret Lair Drop,Other,SLD,2023-03-17,31.2,"Ugin, the Ineffable, Sorin, Imperious Bloodlord, Nicol Bolas, Dragon-God, Sarkhan, Dragonsoul"
Morningtide Foil Redemption,MTGO Redemption,Other,MOR,2008-03-02,2079.95,"Scapeshift, Bitterblossom, Idyllic Tutor, Lightning Crafter, Maralen of the Mornsong"
Morningtide Redemption,MTGO Redemption,Other,MOR,2008-03-02,2079.95,"Scapeshift, Bitterblossom, Idyllic Tutor, Lightning Crafter, Maralen of the Mornsong"
Morph Mayhem,Theme Deck,Other,LGN,2003-02-03,162.78,"Lonely Sandbar, Secluded Steppe, Whipcorder, Chromeshell Crab, Island"
Mortal Coil,Theme Deck,Other,SHM,2008-05-02,335.41,"Faerie Macabre, Helm of the Ghastlord, Fate Transfer, Wingrattle Scarecrow, Swamp"
Mortals 1,Jumpstart,Other,LTR,2023-11-03,0.0,"Eagle of Deliverance, Plains, Barrow-Blade, Éowyn, Lady of Rohan, Fog on the Barrow-Downs"
Mortals 2,Jumpstart,Other,LTR,2023-11-03,2.56,"Reprieve, Eagle of Deliverance, Inherited Envelope, Plains, Slip On the Ring"
Mortals of Myth,Intro Pack,Other,JOU,2014-05-02,20.37,"Spear of Heliod, Solidarity of Heroes, Raised by Wolves, Forest, Plains"
Mother's Day 2021,Secret Lair Drop,Other,SLD,2021-10-29,76.65,"Mother of Runes, Mother of Runes, Mother of Runes, Mother of Runes"
Mother's Day 2021 Foil Edition,Secret Lair Drop,Other,SLD,2021-10-29,76.65,"Mother of Runes, Mother of Runes, Mother of Runes, Mother of Runes"
"Mountain, Go",Secret Lair Drop,Other,SLD,2020-06-08,22.23,"Lightning Bolt, Lightning Bolt, Lightning Bolt, Lightning Bolt"
Mu Yanling,Planeswalker Deck,Other,GS1,2018-06-22,12.8,"Mu Yanling, Island, Ancestor Dragon, Plains, Cloak of Mists"
"Mu Yanling, Celestial Wind",Planeswalker Deck,Other,M20,2019-07-29,4.85,"Spectral Sailor, Mu Yanling, Celestial Wind, Winged Words, Island, Cloudkin Seer"
Multi-Headed 1,Jumpstart,Other,J22,2022-12-02,11.89,"Benevolent Hydra, Hydra's Growth, Fertilid, Ilysian Caryatid, Domesticated Hydra"
Multi-Headed 2,Jumpstart,Other,J22,2022-12-02,23.81,"Primordial Hydra, Benevolent Hydra, Hydra's Growth, Ilysian Caryatid, Domesticated Hydra"
Murders at Karlov Manor Bundle Land Pack,Bundle Land Pack,Other,MKM,2024-02-09,0.0,"Swamp, Swamp, Plains, Plains, Mountain"
Murders at Karlov Manor Foil Redemption,MTGO Redemption,Other,MKM,2024-03-06,243.75,"Delney, Streetwise Lookout, Undercity Sewers, Thundering Falls, Underground Mortuary, Meticulous Archive"
Murders at Karlov Manor Redemption,MTGO Redemption,Other,MKM,2024-03-06,243.75,"Delney, Streetwise Lookout, Undercity Sewers, Thundering Falls, Underground Mortuary, Meticulous Archive"
Musicians,Jumpstart,Other,TLE,2025-11-20,3.06,"Secret Tunnel, Freedom Fighter Recruit, Thriving Bluff, Mountain, Chong and Lily, Nomads"
Mutation Station,Arena Starter Deck,Other,M21,2021-07-03,14.48,"Massacre Wurm, Sea-Dasher Octopus, Unexpected Fangs, Swamp, Temple of Deceit"
My Little Pony: Friendship is Magic,Secret Lair Drop,Other,SLD,2026-05-12,70.41,"Defense of the Heart, Sol Ring, Arcane Signet, Radiate, Generous Gift"
My Little Pony: Friendship is Magic Foil Edition,Secret Lair Drop,Other,SLD,2026-05-12,70.41,"Defense of the Heart, Sol Ring, Arcane Signet, Radiate, Generous Gift"
My Little Pony: The Lands of Equestria,Secret Lair Drop,Other,SLD,2026-05-12,25.07,"Plains, Island, Forest, Mountain, Swamp"
My Little Pony: The Lands of Equestria Foil Edition,Secret Lair Drop,Other,SLD,2026-05-12,25.07,"Plains, Island, Forest, Mountain, Swamp"
Mycosynthwave,Secret Lair Drop,Other,SLD,2023-12-05,125.55,"Mycosynth Golem, Mycosynth Lattice, Mycosynth Wellspring"
Mycosynthwave Foil Edition,Secret Lair Drop,Other,SLD,2023-12-05,112.94,"Mycosynth Golem, Mycosynth Lattice, Mycosynth Wellspring"
Myr of Mirrodin,Intro Pack,Other,SOM,2010-10-01,62.13,"Myr Battlesphere, Palladium Myr, Gold Myr, Myr Galvanizer, Darksteel Myr"
Mysterious Realms,Intro Pack,Other,WWK,2010-02-05,75.46,"Walking Atlas, Halimar Depths, Telepathy, Tideforce Elemental, Seer's Sundial"
Mystic Mischief,Jumpstart,Other,DMU,2022-09-09,2.03,"Island, Cosmic Epiphany, Founding the Third Path, Tolarian Terror, Ertai's Scorn"
Mystical Might,Intro Pack,Other,M12,2011-07-15,20.98,"Elixir of Immortality, Lord of the Unreal, Levitation, Phantasmal Dragon, Skywinder Drake"
Nature Is Adorable,Secret Lair Drop,Other,SLD,2023-04-28,52.99,"Ulvenwald Tracker, Joraga Treespeaker, Yeva, Nature's Herald, Nature's Will"
Nature Is Adorable Foil Edition,Secret Lair Drop,Other,SLD,2023-04-28,52.99,"Ulvenwald Tracker, Joraga Treespeaker, Yeva, Nature's Herald, Nature's Will"
Nature's Assault,Theme Deck,Other,P02,1998-06-24,16.22,"River Bear, Alluring Scent, Golden Bear, Forest, Hurricane"
Nature's Fury,Intro Pack,Other,M10,2009-07-17,14.93,"Plains, Llanowar Elves, Harm's Way, Forest, Plains"
Naya Behemoths,Intro Pack,Other,ALA,2008-10-03,60.67,"Rampant Growth, Titanic Ultimatum, Jungle Shrine, Forest, Wild Nacatl"
Naya Domain,Intro Pack,Other,CON,2009-02-06,60.88,"Rampant Growth, Terramorphic Expanse, Path to Exile, Paleoloth, Swamp"
Ne'er-do-wells (1),Jumpstart,Other,J25,2024-11-07,21.46,"Rev, Tithe Extractor, Pilfering Imp, Serpent Assassin, Midnight Assassin, Thieves' Tools"
Ne'er-do-wells (2),Jumpstart,Other,J25,2024-11-07,21.46,"Rev, Tithe Extractor, Thieves' Guild Enforcer, Thieves' Tools, Audacious Thief, Balustrade Spy"
Necromancer,Shandalar Enemy Deck,Other,PAST,1997-04-01,39.75,"Cosmic Horror, Bad Moon, Animate Dead, Zombie Master, Dark Ritual"
Nefarious,Jumpstart,Other,J25,2024-11-07,12.94,"Vilis, Broker of Blood, Dark Confidant, Vampire Scrivener, Infernal Grasp, Arrogant Outlaw"
Nether Fiend,Shandalar Enemy Deck,Other,PAST,1997-04-01,191.72,"Mishra's Factory, Junún Efreet, Animate Dead, Xenic Poltergeist, Lord of the Pit"
New Phyrexia,MTGO Duel Deck,Other,TD2,2013-01-11,0.0,"Phyrexian Plaguelord, Desecration Elemental, Drooling Groodion, Flesh-Eater Imp, Fume Spitter"
New Phyrexia Fat Pack Land Pack,Bundle Land Pack,Other,NPH,2011-05-13,60.04,"Mountain, Swamp, Swamp, Forest, Forest"
New Phyrexia Foil Redemption,MTGO Redemption,Other,NPH,2011-06-12,1791.2,"Mental Misstep, Elesh Norn, Grand Cenobite, Noxious Revival, Praetor's Grasp, Unwinding Clock"
New Phyrexia Redemption,MTGO Redemption,Other,NPH,2011-06-12,1791.2,"Mental Misstep, Elesh Norn, Grand Cenobite, Noxious Revival, Praetor's Grasp, Unwinding Clock"
Nicol Bolas,Duel Deck,Other,DDH,2011-09-02,9.4,"Undermine, Nicol Bolas, Planeswalker, Countersquall, Steamcore Weird, Blazing Specter"
"Nicol Bolas, the Deceiver",Planeswalker Deck,Other,HOU,2017-07-14,23.24,"Throne of the God-Pharaoh, Nicol Bolas, the Deceiver, Ammit Eternal, Crypt of the Eternals, Supernatural Stamina"
Nicolas Labarre - Chimera,World Championship Deck,Other,WC00,2000-08-02,186.23,"Yawgmoth's Will, Phyrexian Tower, Academy Rector, Enlightened Tutor, City of Brass"
Night Of The Ninja,Planechase Deck,Other,PC2,2012-06-01,98.61,"Sakashima's Student, Higure, the Still Wind, Ink-Eyes, Servant of Oni, Silent-Blade Oni, Mistblade Shinobi"
Night Terrors,MTGO Theme Deck,Other,MIR,2006-12-05,128.82,"Shallow Grave, Withering Boon, Spirit of the Night, Charcoal Diamond, Swamp"
Nightmares,Jumpstart,Other,TLE,2025-11-20,3.9,"Desperate Plea, Koh, the Face Stealer, Swamp, Zuko's Conviction, Purple Pentapus"
Ninjas,Jumpstart,Other,J25,2024-11-07,5.49,"Taeko, the Patient Avalanche, Ninja of the Deep Hours, Fading Hope, Smoke Shroud, Moon-Circuit Hacker"
Ninjutsu,Theme Deck,Other,BOK,2005-02-04,199.5,"Higure, the Still Wind, Mistblade Shinobi, Ninja of the Deep Hours, Walker of Secret Ways, Tomorrow, Azami's Familiar"
Ninth Edition Fat Pack Land Pack,Bundle Land Pack,Other,9ED,2005-07-29,25.22,"Mountain, Forest, Forest, Mountain, Plains"
Ninth Edition Foil Redemption,MTGO Redemption,Other,9ED,2005-08-28,2492.98,"Fellwar Stone, Grave Pact, Greater Good, Rathi Dragon, Seething Song"
Ninth Edition Redemption,MTGO Redemption,Other,9ED,2005-08-28,2492.98,"Fellwar Stone, Grave Pact, Greater Good, Rathi Dragon, Seething Song"
Nissa,Archenemy Deck,Other,E01,2017-06-16,16.23,"Sword of the Animist, Nissa, Worldwaker, Oran-Rief Hydra, Sixth Sense, Retreat to Kazandu"
"Nissa, Genesis Mage",Planeswalker Deck,Other,HOU,2017-07-14,1.42,"Nissa, Genesis Mage, Island, Forest, Forest, Spring // Mind"
"Nissa, Nature's Artisan",Planeswalker Deck,Other,KLD,2016-09-30,4.0,"Servant of the Conduit, Nissa, Nature's Artisan, Aethersquall Ancient, Longtusk Cub, Attune with Aether"
Notebook Genius,Secret Lair Drop,Other,SLD,2026-05-12,42.98,"Storm-Kiln Artist, Bloodghast, Lier, Disciple of the Drowned, Anhelo, the Painter"
Notebook Genius Foil Edition,Secret Lair Drop,Other,SLD,2026-05-12,42.98,"Storm-Kiln Artist, Bloodghast, Lier, Disciple of the Drowned, Anhelo, the Painter"
Now on VHS!,Secret Lair Drop,Other,SLD,2023-09-15,137.5,"The First Sliver, Food Chain, Rewind, Rampant Growth"
Now on VHS! Foil Edition,Secret Lair Drop,Other,SLD,2023-09-15,137.5,"The First Sliver, Food Chain, Rewind, Rampant Growth"
Nuestra Magia,Secret Lair Drop,Other,SLD,2025-06-17,87.38,"Sylvan Library, Ancient Greenwarden, Lightning Greaves, Tireless Provisioner, Xenagos, God of Revels"
Nuestra Magia Foil Edition,Secret Lair Drop,Other,SLD,2025-06-17,87.38,"Sylvan Library, Ancient Greenwarden, Lightning Greaves, Tireless Provisioner, Xenagos, God of Revels"
Nuts and Bolts,Theme Deck,Other,5DN,2004-06-04,366.8,"Skullclamp, Seat of the Synod, Steelshaper's Gift, Ancient Den, Auriok Salvagers"
OMG KITTIES!,Secret Lair Drop,Other,SLD,2019-12-09,146.52,"Arahbo, Roar of the World, Leonin Warleader, Mirri, Weatherlight Duelist, Regal Caracal, Qasali Slingers"
Oath of the Gatewatch Fat Pack Land Pack,Bundle Land Pack,Other,OGW,2016-01-22,33.74,"Wastes, Wastes, Mountain, Island, Forest"
Oath of the Gatewatch Foil Redemption,MTGO Redemption,Other,OGW,2016-02-21,219.58,"Mirrorpool, Kozilek, the Great Distortion, General Tazri, Kalitas, Traitor of Ghet, Kozilek's Return"
Oath of the Gatewatch Redemption,MTGO Redemption,Other,OGW,2016-02-21,219.58,"Mirrorpool, Kozilek, the Great Distortion, General Tazri, Kalitas, Traitor of Ghet, Kozilek's Return"
Ob Nixilis,Duel Deck,Other,DDR,2016-09-02,0.0,"Leechridden Swamp, Indulgent Tormentor, Pestilence Demon, Ob Nixilis Reignited, Innocent Blood"
Odyssey Foil Redemption,MTGO Redemption,Other,ODY,2001-10-31,7182.95,"Entomb, Tainted Pact, Tarnished Citadel, Terravore, Deserted Temple"
Odyssey Redemption,MTGO Redemption,Other,ODY,2001-10-31,7182.95,"Entomb, Tainted Pact, Tarnished Citadel, Terravore, Deserted Temple"
Of the Coast (1),Jumpstart,Other,J25,2024-11-07,1.11,"Plagon, Lord of the Beach, Omen of the Sea, Sigiled Starfish, Lonely Sandbar, Gilded Scuttler"
Of the Coast (2),Jumpstart,Other,J25,2024-11-07,1.11,"Plagon, Lord of the Beach, Sigiled Starfish, Lonely Sandbar, Gilded Scuttler, Delightful Discovery"
Oishii! Tokens オイシイ！ トークン,Secret Lair Drop,Other,SLD,2025-03-27,0.0,
Oishii! Tokens オイシイ！ トークン Foil Edition,Secret Lair Drop,Other,SLD,2025-03-27,0.0,
"Oko, the Trickster",Planeswalker Deck,Other,ELD,2019-10-04,6.28,"Return of the Wildspeaker, Oko, the Trickster, Maraleaf Pixie, Keeper of Fables, Frogify"
Omens of Chaos,Secret Lair Drop,Other,SLD,2026-05-12,77.31,"Batwing Brume, Chance for Glory, Abrupt Decay, Counterflux, Growth Spiral"
Omens of Chaos Foil Edition,Secret Lair Drop,Other,SLD,2026-05-12,77.31,"Batwing Brume, Chance for Glory, Abrupt Decay, Counterflux, Growth Spiral"
On the Hunt,Arena Starter Deck,Other,SNC,2022-09-09,17.09,"Arlinn, the Pack's Hope // Arlinn, the Moon's Fury, Rockfall Vale, Tovolar, Dire Overlord // Tovolar, the Midnight Scourge, Howling Moon, Halana and Alena, Partners"
One-Two Punch,Theme Deck,Other,ODY,2001-10-01,386.23,"Roar of the Wurm, Seize the Day, Moment's Peace, Forest, Volcanic Spray"
Onslaught Foil Redemption,MTGO Redemption,Other,ONS,2002-11-06,10610.47,"Polluted Delta, Flooded Strand, Wooded Foothills, Bloodstained Mire, Chain of Vapor"
Onslaught Redemption,MTGO Redemption,Other,ONS,2002-11-06,10643.97,"Polluted Delta, Flooded Strand, Wooded Foothills, Bloodstained Mire, Chain of Vapor"
Orc Attack,MTGO Theme Deck,Other,ME2,2008-09-22,0.0,"Mountain, Mountain, Mountain, Mishra's Factory, Gorilla Shaman"
Orcish 1,Jumpstart,Other,LTR,2023-11-03,23.57,"Warg Rider, Mirkwood Bats, Gothmog, Morgul Lieutenant, Swamp, Orcish Medicine"
Orcish 2,Jumpstart,Other,LTR,2023-11-03,25.4,"Warg Rider, March from the Black Gate, Gothmog, Morgul Lieutenant, Swamp, Gorbag of Minas Morgul"
Ornithological Studies,Secret Lair Drop,Other,SLD,2020-06-09,53.62,"Swan Song, Birds of Paradise, Dovescape, Baleful Strix, Gilded Goose"
Orzhov,Guild Kit,Other,GK2,2019-02-15,67.39,"Smothering Tithe, Teysa Karlov, Teysa, Orzhov Scion, Ethereal Absolution, Vindictive Vampire"
Orzhov Auras,Pioneer Challenger Deck,Other,Q06,2021-10-15,17.21,"Sram, Senior Edificer, Cartouche of Solidarity, Concealed Courtyard, Caves of Koilos, Stonecoil Serpent"
Orzhov Humans,Pioneer Challenger Deck,Other,Q08,2022-11-04,32.32,"Godless Shrine, Thalia's Lieutenant, Mutavault, Concealed Courtyard, Bloodsoaked Champion"
Orzhov Oppression,Intro Pack,Other,GTC,2013-02-01,24.68,"Gift of Orzhova, Tormented Soul, Vizkopa Guildmage, Basilica Screecher, Dying Wish"
Orzhov Power,Intro Pack,Other,DGM,2013-05-03,40.95,"Crypt Ghast, Gift of Orzhova, Crypt Incursion, Basilica Screecher, Riot Control"
Orzhov Syndicate,Arena Starter Deck,Other,M20,2019-05-03,46.71,"Godless Shrine, Cruel Celebrant, Teysa Karlov, Priest of Forgotten Gods, Seraph of the Scales"
Orzhov Syndicate 1,Jumpstart,Other,CLU,2024-02-23,6.07,"Afterlife Insurance, Syndicate Heavy, Council's Judgment, Angel of Vitality, Glorifier of Dusk"
Orzhov Syndicate 2,Jumpstart,Other,CLU,2024-02-23,6.07,"Afterlife Insurance, Covetous Elegy, Orzhov Signet, Seraph of the Scales, Murder"
Otter Limits,Starter Kit,Other,BLB,2024-08-02,40.92,"Bria, Riptide Rogue, Mockingbird, Coruscation Mage, Sword of Vengeance, Stormcatch Mentor"
"Our Show Is On Friday, Can You Make It?",Secret Lair Drop,Other,SLD,2021-08-25,101.04,"Gamble, Nature's Lore, Wrath of God, Preordain, Decree of Pain"
Out for Blood,Arena Starter Deck,Other,ANB,2019-09-26,38.27,"Bolas's Citadel, Vampire of the Dire Moon, Knight of the Ebon Legion, Bloodthirsty Aerialist, Vindictive Vampire"
Out for Blood 2,Arena Starter Deck,Other,ANB,2020-03-12,20.55,"Vampire of the Dire Moon, Knight of the Ebon Legion, Piper of the Swarm, Bloodthirsty Aerialist, Vindictive Vampire"
Outlaw Anthology Vol. 1: Rebellious Renegades,Secret Lair Drop,Other,SLD,2024-05-30,57.86,"Tezzeret the Seeker, Griselbrand, Nicol Bolas, Planeswalker, Grenzo, Havoc Raiser"
Outlaw Anthology Vol. 1: Rebellious Renegades Foil Edition,Secret Lair Drop,Other,SLD,2024-05-30,57.86,"Tezzeret the Seeker, Griselbrand, Nicol Bolas, Planeswalker, Grenzo, Havoc Raiser"
Outlaw Anthology Vol. 2: Sinister Scoundrels,Secret Lair Drop,Other,SLD,2024-05-30,57.64,"Vorinclex, Voice of Hunger, Korvold, Fae-Cursed King, Memnarch, Karona, False God"
Outlaw Anthology Vol. 2: Sinister Scoundrels Foil Edition,Secret Lair Drop,Other,SLD,2024-05-30,57.64,"Vorinclex, Voice of Hunger, Korvold, Fae-Cursed King, Memnarch, Karona, False God"
Outlaw Posse,Arena Starter Deck,Other,OTJ,2024-07-08,21.22,"Raucous Theater, Tinybones, the Pickpocket, Magda, the Hoardmaster, Charming Scoundrel, Shoot the Sheriff"
Outlaws of Thunder Junction Bundle Land Pack,Bundle Land Pack,Other,OTJ,2024-04-19,0.0,"Swamp, Swamp, Forest, Forest, Mountain"
Outlaws of Thunder Junction Foil Redemption,MTGO Redemption,Other,OTJ,2024-05-15,212.12,"Bristly Bill, Spine Sower, Terror of the Peaks, The Gitrog, Ravenous Ride, Goldvein Hydra, High Noon"
Outlaws of Thunder Junction Redemption,MTGO Redemption,Other,OTJ,2024-05-15,212.12,"Bristly Bill, Spine Sower, Terror of the Peaks, The Gitrog, Ravenous Ride, Goldvein Hydra, High Noon"
Overachiever 1,Jumpstart,Other,MOM,2023-04-20,0.0,"Referee Squad, Interdisciplinary Mascot, Meeting of Minds, Island, Oracle of Tragedy"
Overachiever 2,Jumpstart,Other,MOM,2023-04-20,0.0,"Referee Squad, Interdisciplinary Mascot, Island, Oracle of Tragedy, Wicked Slumber"
Overkill,Theme Deck,Other,SHM,2008-05-02,119.72,"Prismatic Omen, Mossbridge Troll, Farhaven Elf, Scuttlemutt, Juvenile Gloomwidow"
Ozai,Jumpstart,Other,TLE,2025-11-20,5.99,"Fire Lord Ozai, Scarring Memories, Swamp, Heartless Act, Fire Navy Trebuchet"
Painflow,Theme Deck,Other,JUD,2002-05-27,376.86,"Roar of the Wurm, Krosan Wayfarer, Moment's Peace, Brawn, Forest"
Paladin,Shandalar Enemy Deck,Other,PAST,1997-04-01,19.13,"Swords to Plowshares, Magical Hack, Segovian Leviathan, Northern Paladin, Sleight of Mind"
Pandemonium,Theme Deck,Other,APC,2001-06-04,267.78,"Life // Death, Harrow, Fertile Ground, Urborg Elf, Last Stand"
Pantheon's Power,Intro Pack,Other,JOU,2014-05-02,56.42,"Archetype of Finality, Archetype of Courage, Fate Unraveler, Grim Guardian, Doomwake Giant"
Paradise Frost,Secret Lair Drop,Other,SLD,2023-12-05,101.75,"Snow-Covered Forest, Snow-Covered Island, Snow-Covered Plains, Snow-Covered Swamp, Snow-Covered Mountain"
Paradise Frost Foil Edition,Secret Lair Drop,Other,SLD,2023-12-05,137.1,"Snow-Covered Island, Snow-Covered Forest, Snow-Covered Plains, Snow-Covered Swamp, Snow-Covered Mountain"
"Party Hard, Shred Harder",Secret Lair Drop,Other,SLD,2021-03-15,56.68,"Assassin's Trophy, Anguished Unmaking, Thraximundar, Decimate, Dreadbore"
Path of Blight,Intro Pack,Other,MBS,2011-02-04,61.0,"Plague Myr, Viridian Corrupter, Decimator Web, Core Prowler, Phyrexian Juggernaut"
Path to Victory,Intro Pack,Other,M13,2012-07-13,15.82,"Attended Knight, Plains, Captain of the Watch, Ring of Thune, Plains"
Paul McCabe - Red-Blue Aggro Control,World Championship Deck,Other,WC97,1997-08-13,71.48,"Force of Will, City of Brass, Pyrokinesis, Mind Stone, Mountain"
Peer Kröger - Reanimator,World Championship Deck,Other,WC03,2003-08-06,82.14,"Bloodstained Mire, Cabal Therapy, Entomb, Anger, Symbiotic Wurm"
Phyrexia,Duel Deck,Other,DDE,2010-03-19,47.12,"Phyrexian Negator, Lightning Greaves, Phyrexian Arena, Carrion Feeder, Voltaic Key"
Phyrexia: All Will Be One Bundle Land Pack,Bundle Land Pack,Other,ONE,2023-02-10,0.0,"Mountain, Mountain, Plains, Swamp, Plains"
Phyrexia: All Will Be One Foil Redemption,MTGO Redemption,Other,ONE,2023-03-08,303.27,"Mondrak, Glory Dominus, Solphim, Mayhem Dominus, Elesh Norn, Mother of Machines, All Will Be One, Atraxa, Grand Unifier"
Phyrexia: All Will Be One Redemption,MTGO Redemption,Other,ONE,2023-03-08,303.27,"Mondrak, Glory Dominus, Solphim, Mayhem Dominus, Elesh Norn, Mother of Machines, All Will Be One, Atraxa, Grand Unifier"
Phyrexia: All Will Be One Welcome Booster,Welcome Booster,Other,ONE,2023-02-10,13.39,"Atarka, World Render, Linvala, the Preserver, Kaya, Bane of the Dead, Tyrranax Atrocity, Thrill of Possibility"
Phyrexian,Jumpstart,Other,JMP,2020-07-17,25.05,"Sheoldred, Whispering One, Phyrexian Reclamation, Swamp, Swamp, Malefic Scythe"
Phyrexian Assault,Theme Deck,Other,ULG,1999-02-15,281.19,"Phyrexian Reclamation, Phyrexian Plaguelord, Engineered Plague, Avalanche Riders, Bone Shredder"
Phyrexian Assault - Enhanced Deck,Enhanced Deck,Other,ULG,1999-02-15,296.63,"Phyrexian Reclamation, Phyrexian Plaguelord, Reflecting Pool, City of Brass, Avalanche Riders"
Phyrexian Faves,Secret Lair Drop,Other,SLD,2023-04-14,30.87,"Inkmoth Nexus, Blighted Agent, K'rrik, Son of Yawgmoth, Glistener Elf, Batterskull"
Phyrexian Faves Foil Edition,Secret Lair Drop,Other,SLD,2023-04-14,30.87,"Inkmoth Nexus, Blighted Agent, K'rrik, Son of Yawgmoth, Glistener Elf, Batterskull"
Phyrexian Poison,Intro Pack,Other,SOM,2010-10-01,68.41,"Ichor Rats, Ichorclaw Myr, Hand of the Praetors, Forest, Necropede"
Phyrexian Praetors: Compleat Edition,Secret Lair Drop,Other,SLD,2021-10-29,50.68,"Sheoldred, Whispering One, Elesh Norn, Grand Cenobite, Jin-Gitaxias, Core Augur, Vorinclex, Voice of Hunger, Urabrask the Hidden"
Phyrexian Praetors: Compleat Edition Foil Edition,Secret Lair Drop,Other,SLD,2021-10-29,50.68,"Sheoldred, Whispering One, Elesh Norn, Grand Cenobite, Jin-Gitaxias, Core Augur, Vorinclex, Voice of Hunger, Urabrask the Hidden"
Pick 'em & Stick 'em,Secret Lair Drop,Other,SLD,2025-03-25,66.83,"Hedron Crab, Pitiless Plunderer, Clever Impersonator, Thalia, Heretic Cathar, Sticker sheet"
Pick 'em & Stick 'em Foil Edition,Secret Lair Drop,Other,SLD,2025-03-25,66.83,"Hedron Crab, Pitiless Plunderer, Clever Impersonator, Thalia, Heretic Cathar, Sticker sheet"
Pictures of the Floating World,Secret Lair Drop,Other,SLD,2022-07-22,41.82,"Mosswort Bridge, Spinerock Knoll, Windbrisk Heights, Shelldock Isle, Howltooth Hollow"
Pictures of the Floating World Foil Edition,Secret Lair Drop,Other,SLD,2022-07-22,41.82,"Mosswort Bridge, Spinerock Knoll, Windbrisk Heights, Shelldock Isle, Howltooth Hollow"
Pirates,Theme Deck,Other,ECL,2026-01-23,4.29,"Inti, Seneschal of the Sun, Marauding Mako, Spell Snare, Captain Howler, Sea Scourge, Spyglass Siren"
Pirates (1),Jumpstart,Other,JMP,2020-07-17,1.24,"Coastal Piracy, Corsair Captain, Chart a Course, Thriving Isle, Island"
Pirates (2),Jumpstart,Other,JMP,2020-07-17,0.0,"Curious Obsession, Capture Sphere, Corsair Captain, Chart a Course, Thriving Isle"
Pixel Perfect,Secret Lair Drop,Other,SLD,2024-10-15,96.54,"Fierce Guardianship, Delayed Blast Fireball, Mana Geyser, Lightning Bolt"
Pixel Perfect Foil Edition,Secret Lair Drop,Other,SLD,2024-10-15,96.54,"Fierce Guardianship, Delayed Blast Fireball, Mana Geyser, Lightning Bolt"
PixelLands_v02.jpg,Secret Lair Drop,Other,SLD,2023-11-30,110.28,"Swamp, Island, Mountain, Forest, Plains"
PixelLands_v02.jpg Foil Edition,Secret Lair Drop,Other,SLD,2023-11-30,110.28,"Swamp, Island, Mountain, Forest, Plains"
PixelSnowLands.jpg,Secret Lair Drop,Other,SLD,2022-05-06,80.63,"Snow-Covered Swamp, Snow-Covered Island, Snow-Covered Forest, Snow-Covered Plains, Snow-Covered Mountain"
PixelSnowLands.jpg Foil Edition,Secret Lair Drop,Other,SLD,2022-05-06,80.63,"Snow-Covered Swamp, Snow-Covered Island, Snow-Covered Forest, Snow-Covered Plains, Snow-Covered Mountain"
PixelSnowLands.jpg Foil Etched Edition,Secret Lair Drop,Other,SLD,2022-05-06,80.63,"Snow-Covered Swamp, Snow-Covered Island, Snow-Covered Forest, Snow-Covered Plains, Snow-Covered Mountain"
Planar Chaos Foil Redemption,MTGO Redemption,Other,PLC,2007-03-04,1605.78,"Urborg, Tomb of Yawgmoth, Simian Spirit Guide, Damnation, Temporal Extortion, Pyrohemia"
Planar Chaos Redemption,MTGO Redemption,Other,PLC,2007-03-04,1605.78,"Urborg, Tomb of Yawgmoth, Simian Spirit Guide, Damnation, Temporal Extortion, Pyrohemia"
Planechase Anthology Planes,Box Set,Other,PCA,2016-11-25,295.55,"Tazeem, Goldmeadow, Izzet Steam Maze, Bant, Stairs to Infinity"
Planeshift Foil Redemption,MTGO Redemption,Other,PLS,2001-03-07,3424.97,"Orim's Chant, Diabolic Intent, Eladamri's Call, Meddling Mage, Forsaken City"
Planeshift Redemption,MTGO Redemption,Other,PLS,2001-03-07,3424.97,"Orim's Chant, Diabolic Intent, Eladamri's Call, Meddling Mage, Forsaken City"
Play-Doh: Squishful Thinking,Secret Lair Drop,Other,SLD,2025-10-06,54.34,"Polyraptor, Academy Manufactor, Greensleeves, Maro-Sorcerer, Wurmcoil Engine"
Play-Doh: Squishful Thinking Foil Edition,Secret Lair Drop,Other,SLD,2025-10-06,54.34,"Polyraptor, Academy Manufactor, Greensleeves, Maro-Sorcerer, Wurmcoil Engine"
Player A's advanced pack,Advanced Pack,Other,S00,2000-04-24,0.0,"Mountain, Swamp, Forest, Swamp, Llanowar Elves"
Player A's deck,Starter Deck,Other,S00,2000-04-24,0.0,"Mountain, Mountain, Swamp, Forest, Monstrous Growth"
Player B's advanced pack,Advanced Pack,Other,S00,2000-04-24,2.28,"Counterspell, Island, Island, Plains, Island"
Player B's deck,Starter Deck,Other,S00,2000-04-24,0.0,"Island, Breath of Life, Island, Island, Plains"
Plus One (1),Jumpstart,Other,JMP,2020-07-17,0.0,"Invigorating Surge, Primeval Bounty, Pridemalkin, Wildwood Scourge, Trufflesnout"
Plus One (2),Jumpstart,Other,JMP,2020-07-17,7.62,"Branching Evolution, Invigorating Surge, Pridemalkin, Wildwood Scourge, Trufflesnout"
Plus One (3),Jumpstart,Other,JMP,2020-07-17,0.0,"Invigorating Surge, Rishkar, Peema Renegade, Pridemalkin, Wildwood Scourge, Inspiring Call"
Plus One (4),Jumpstart,Other,JMP,2020-07-17,10.42,"Branching Evolution, Champion of Lambholt, Invigorating Surge, Pridemalkin, Wildwood Scourge"
Poker Faces,Secret Lair Drop,Other,SLD,2024-05-30,38.2,"Professional Face-Breaker, Goblin King, Rankle, Master of Pranks, Jaxis, the Troublemaker, Coffin Queen"
Poker Faces Foil Edition,Secret Lair Drop,Other,SLD,2024-05-30,38.2,"Professional Face-Breaker, Goblin King, Rankle, Master of Pranks, Jaxis, the Troublemaker, Coffin Queen"
Political Trickery,Game Night Deck,Other,GN3,2022-10-14,19.69,"Maeve, Insidious Singer, Counterspell, Split Decision, Diluvian Primordial, Murmuring Mystic"
Ponies: The Galloping,Box Set,Other,PTG,2019-10-22,392.43,"Princess Twilight Sparkle, Rarity, Nightmare Moon // Princess Luna"
Ponies: The Galloping 2,Secret Lair Drop,Other,SLD,2024-03-14,182.47,"Rainbow Dash, Pinkie Pie, Fluttershy, Applejack"
Ponies: The Galloping 2 Foil Edition,Secret Lair Drop,Other,SLD,2024-03-14,182.47,"Rainbow Dash, Pinkie Pie, Fluttershy, Applejack"
Post Malone: Backstage Pass,Secret Lair Drop,Other,SLD,2022-12-05,64.43,"Bolas's Citadel, K'rrik, Son of Yawgmoth, Jet Medallion, Leshrac's Sigil"
Post Malone: Backstage Pass Foil Edition,Secret Lair Drop,Other,SLD,2022-12-05,64.43,"Bolas's Citadel, K'rrik, Son of Yawgmoth, Jet Medallion, Leshrac's Sigil"
Post Malone: The Lands,Secret Lair Drop,Other,SLD,2022-12-05,63.26,"Swamp, Forest, Island, Mountain, Plains"
Post Malone: The Lands Foil Edition,Secret Lair Drop,Other,SLD,2022-12-05,63.26,"Swamp, Forest, Island, Mountain, Plains"
Power,Clash Pack,Other,FRF,2015-01-23,56.17,"Merciless Executioner, Monastery Siege, Murderous Cut, Opulent Palace, Treasure Cruise"
Power and Profit,Clash Pack,Other,FRF,2015-01-23,92.29,"Merciless Executioner, Whip of Erebos, Nyx Weaver, Monastery Siege, Eidolon of Blossoms"
Power of Prophecy,Intro Pack,Other,M11,2010-07-16,46.32,"Plains, Stormtide Leviathan, Crystal Ball, Plains, Augury Owl"
Power to the People,Arena Starter Deck,Other,OTJ,2024-07-08,50.03,"Delney, Streetwise Lookout, Shadowy Backstreet, Deep-Cavern Bat, Rankle's Prank, Expel the Interlopers"
Powerful (1),Jumpstart,Other,TLE,2025-11-20,2.47,"Fang, Roku's Companion, Thriving Bluff, Iroh's Demonstration, Mountain, Firebending Lesson"
Powerful (2),Jumpstart,Other,TLE,2025-11-20,2.47,"Fang, Roku's Companion, Freedom Fighter Recruit, Thriving Bluff, Mountain, Firebending Lesson"
Powerstones 1,Jumpstart,Other,BRO,2022-11-18,0.0,"Geology Enthusiast, Spotter Thopter, Urza, Powerstone Prodigy, Island, Island"
Powerstones 2,Jumpstart,Other,BRO,2022-11-18,0.0,"Geology Enthusiast, Urza, Powerstone Prodigy, Hulking Metamorph, Island, Island"
Precise,Jumpstart,Other,MSH,2026-06-26,0.0,"Hawkeye, Bowslinger, Stunning Shot, Colleen Wing, Street Samurai, Sudden Strike, Mockingbird, Ace Agent"
Preconstructed deck 1,Starter Deck,Other,P02,1998-06-24,17.0,"Mountain, Swamp, Forest, Swamp, Swamp"
Preconstructed deck 2,Starter Deck,Other,PTK,1999-05-01,152.47,"Forest Bear, Borrowing 100,000 Arrows, Forest, Island, Forest"
Predatory (1),Jumpstart,Other,JMP,2020-07-17,13.28,"Neyith of the Dire Hunt, Sabertooth Mauler, Fungal Rebirth, Trufflesnout, Irresistible Prey"
Predatory (2),Jumpstart,Other,JMP,2020-07-17,13.28,"Neyith of the Dire Hunt, Sabertooth Mauler, Fungal Rebirth, Gingerbrute, Trufflesnout"
Predatory (3),Jumpstart,Other,JMP,2020-07-17,0.0,"Sabertooth Mauler, Fungal Rebirth, Gingerbrute, Trufflesnout, Irresistible Prey"
Predatory (4),Jumpstart,Other,JMP,2020-07-17,3.01,"Momentous Fall, Sabertooth Mauler, Fungal Rebirth, Trufflesnout, Irresistible Prey"
Presence of Mind,Intro Pack,Other,M10,2009-07-17,24.32,"Telepathy, Island, Wall of Frost, Swamp, Doom Blade"
Pressure Cooker,Theme Deck,Other,ODY,2001-10-01,426.21,"Braids, Cabal Minion, Cabal Pit, Mountain, Swamp, Innocent Blood"
"Preston Poulter, Semifinalist",Pro Tour Deck,Other,PTC,1996-05-01,112.3,"Sylvan Library, Land Tax, Strip Mine, Armageddon, Mishra's Factory"
Price Of Glory,Intro Pack,Other,M15,2014-07-18,12.93,"Mass Calcify, Sign in Blood, Resolute Archangel, Staff of the Death Magus, Ulcerate"
Pride Across the Multiverse,Secret Lair Drop,Other,SLD,2022-08-05,149.8,"Mana Confluence, Bearscape, Sol Ring, Collective Voyage, Savor the Moment"
Pride Across the Multiverse Foil Edition,Secret Lair Drop,Other,SLD,2022-08-05,149.8,"Mana Confluence, Bearscape, Sol Ring, Collective Voyage, Savor the Moment"
Prideful,Jumpstart,Other,J25,2024-11-07,6.72,"Brimaz, King of Oreskos, King of the Pride, Leonin Vanguard, Take Up the Shield, Dawnwing Marshal"
Priestess,Shandalar Enemy Deck,Other,PAST,1997-04-01,56.84,"Spirit Link, Elder Land Wurm, Swords to Plowshares, Fortified Area, Blessing"
Primal,Jumpstart,Other,FDN,2024-11-15,0.0,"Bear Cub, Aggressive Mammoth, Bite Down, Wildwood Scourge, Forest"
Primal Fury,Arena Starter Deck,Other,M19,2018-09-27,48.38,"Silverclad Ferocidons, Rootbound Crag, Knight of the Stampede, Colossal Majesty, Banefire"
Primates,Jumpstart,Other,J22,2022-12-02,24.49,"Kibo, Uktabi Prince, Ram Through, Monkey Cage, Uktabi Orangutan, Cultivate"
Prime Slime,Secret Lair Drop,Other,SLD,2020-08-17,36.85,"Necrotic Ooze, The Mimeoplasm, Scavenging Ooze, Acidic Slime, Voidslime"
Primordial Hunger,Planechase Deck,Other,PCA,2016-11-25,17.1,"Dragonlair Spider, Mycoloth, Thromok the Insatiable, Khalni Garden, Skarrg, the Rage Pits"
Primordial Jund,Intro Pack,Other,ALA,2008-10-03,34.51,"Mycoloth, Swamp, Forest, Mountain, Forest"
Prints Charming,Secret Lair Drop,Other,SLD,2026-02-03,85.89,"Nature's Lore, Dryad Arbor, Skyshroud Claim, Wood Elves"
Prints Charming Foil Edition,Secret Lair Drop,Other,SLD,2026-02-03,85.89,"Nature's Lore, Dryad Arbor, Skyshroud Claim, Wood Elves"
Prints of Darkness,Secret Lair Drop,Other,SLD,2024-07-10,78.24,"Dictate of Erebos, Mayhem Devil, Moldervine Reclamation, Prossh, Skyraider of Kher, Fecundity"
Prints of Darkness Foil Edition,Secret Lair Drop,Other,SLD,2024-07-10,78.24,"Dictate of Erebos, Mayhem Devil, Moldervine Reclamation, Prossh, Skyraider of Kher, Fecundity"
Prismat,Shandalar Enemy Deck,Other,PAST,1997-04-01,13361.95,"Black Lotus, Mox Pearl, Mox Emerald, Mountain, Ivory Tower"
Prismatic Nightmares,Secret Lair Drop,Other,SLD,2024-02-23,104.33,"Simian Spirit Guide, Rain of Filth, Arcane Denial, Nightscape Familiar, Prince of Thralls"
Prismatic Nightmares Foil Edition,Secret Lair Drop,Other,SLD,2024-02-23,176.06,"Simian Spirit Guide, Rain of Filth, Nightscape Familiar, Arcane Denial, Prince of Thralls"
Profit,Clash Pack,Other,FRF,2015-01-23,46.56,"Whip of Erebos, Nyx Weaver, Eidolon of Blossoms, Grim Guardian, Doomwake Giant"
Progress 1,Jumpstart,Other,ONE,2023-02-10,0.0,"Serum Snare, Serum Sovereign, Thrummingbird, The Surgical Bay, Distorted Curiosity"
Progress 2,Jumpstart,Other,ONE,2023-02-10,0.0,"Experimental Augury, Serum Sovereign, Thrummingbird, Bring the Ending, The Surgical Bay"
Psychic Labyrinth,Intro Pack,Other,M14,2013-07-19,8.26,"Archaeomancer, Clone, Warden of Evos Isle, Coral Merfolk, Island"
Pulverize,Theme Deck,Other,SCG,2003-05-26,142.55,"Pyrostatic Pillar, Parallel Thoughts, Island, Mischievous Quanar, Dispersal Shield"
Pummel,Theme Deck,Other,PCY,2000-06-05,488.86,"Hickory Woodlot, Spore Frog, Skyshroud Claim, Invigorate, Vine Trellis"
Pumped Up,Intro Pack,Other,ZEN,2009-10-02,27.65,"Rite of Replication, Burst Lightning, Hellkite Charger, Into the Roil, Sleep"
Purr Majesty,Secret Lair Drop,Other,SLD,2026-06-16,108.99,"Queen Marchesa, Court of Grace, Reverent Mantra, Windborn Muse, Ruinous Ultimatum"
Purr Majesty Foil Edition,Secret Lair Drop,Other,SLD,2026-06-16,108.99,"Queen Marchesa, Court of Grace, Reverent Mantra, Windborn Muse, Ruinous Ultimatum"
Purrfection,Secret Lair Drop,Other,SLD,2021-10-22,341.03,"Kodama's Reach, Heirloom Blade, Generous Gift, Chain Lightning"
Purrfection Foil Edition,Secret Lair Drop,Other,SLD,2021-10-22,341.03,"Kodama's Reach, Heirloom Blade, Generous Gift, Chain Lightning"
Pym Particles,Jumpstart,Other,MSH,2026-06-26,1.09,"Pym Particles, Wasp, Shrinking Savior, Ant-Man, Reformed Rogue, Ant-Man's Air Force, Robotics Mastery"
Queltosh,Shandalar Enemy Deck,Other,PAST,1997-04-01,8126.64,"Ancestral Recall, Candelabra of Tawnos, Mountain, Land Tax, Eye for an Eye"
Radiant's Revenge,Theme Deck,Other,ULG,1999-02-15,283.29,"Mother of Runes, Miscalculation, Ring of Gix, Raven Familiar, Urza's Blueprints"
Radiant's Revenge - Enhanced Deck,Enhanced Deck,Other,ULG,1999-02-15,615.15,"Palinchron, Faerie Conclave, Miscalculation, Reflecting Pool, Forbidding Watchtower"
Raid 1,Jumpstart,Other,J22,2022-12-02,0.0,"Raze the Effigy, Daring Piracy, Kari Zev, Skyship Raider, Thriving Bluff, Goblin Oriflamme"
Raid 2,Jumpstart,Other,J22,2022-12-02,9.94,"Glint-Horn Buccaneer, Daring Piracy, Thriving Bluff, Bag of Holding, Mountain"
Raid 3,Jumpstart,Other,J22,2022-12-02,3.44,"Brazen Cannonade, Daring Piracy, Thriving Bluff, Mountain, Plundering Predator"
Raid 4,Jumpstart,Other,J22,2022-12-02,3.44,"Brazen Cannonade, Daring Piracy, Thriving Bluff, Ordeal of Purphoros, Brazen Wolves"
Rainbow,Jumpstart,Other,JMP,2020-07-17,1.14,"Maelstrom Archangel, Swamp, Alloy Myr, Plains, Terramorphic Expanse"
Rakdos,Guild Kit,Other,GK2,2019-02-15,32.07,"Utvara Hellkite, Master of Cruelties, Rakdos, Lord of Riots, Spawn of Mayhem, Rakdos the Defiler"
Rakdos Bloodsport,Theme Deck,Other,DIS,2006-05-05,40.73,"Lyzolda, the Blood Witch, Rakdos Signet, Seal of Fire, Rix Maadi, Dungeon Palace, Ignorant Bliss"
Rakdos Raid,Intro Pack,Other,RTR,2012-10-05,8.22,"Tormented Soul, Shrieking Affliction, Assassin's Strike, Blood Reckoning, Mountain"
Rakdos Revelry,Intro Pack,Other,DGM,2013-05-03,4.79,"Guttersnipe, Havoc Festival, Carnage Gladiator, Mountain, Swamp"
Rakdos Vampires,Challenger Deck,Other,Q07,2022-04-01,16.66,"Blightstep Pathway // Searstep Pathway, Florian, Voldaren Scion, Henrika Domnathi // Henrika, Infernal Seer, Swamp, Den of the Bugbear"
"Ral, Caller of Storms",Planeswalker Deck,Other,GRN,2018-10-05,1.18,"Ral, Caller of Storms, Mountain, Goblin Electromancer, Island, Chemister's Insight"
Rally and Rout,Event Deck,Other,GTC,2013-02-22,46.19,"Boros Charm, Champion of the Parish, Thalia, Guardian of Thraben, Clifftop Retreat, Slayers' Stronghold"
Rallying Cry,Intro Pack,Other,BFZ,2015-10-02,19.24,"Hero of Goma Fada, Angelic Captain, Expedition Envoy, Angel of Renewal, Evolving Wilds"
Rampaging,Jumpstart,Other,MSH,2026-06-26,2.64,"Bushmaster, Coiled Henchman, Rhino, Terrible Trampler, Rhino's Rampage, Claim the Kingdom, Titania, Rugged Rumbler"
"Randy Buehler - Draw, Go",World Championship Deck,Other,WC98,1998-08-12,13.93,"Mana Leak, Island, Counterspell, Memory Lapse, Force Spike"
Raphael,Theme Deck,Other,TMT,2026-03-06,5.56,"Raphael, Tag Team Tough, Skateboard, Casey Jones, Asphalt Hooligan, Casey & Raph, Hotheads, Raphael, Tough Turtle"
Raphael Levy - Le Wonder Goose,World Championship Deck,Other,WC02,2002-08-14,59.45,"Yavimaya Coast, Mental Note, Island, Careful Study, Island"
Rapid Fire,Intro Pack,Other,WWK,2010-02-05,45.41,"Chain Reaction, Searing Blaze, Kor Skyfisher, Ruin Ghost, Armored Ascension"
Rats,Jumpstart,Other,J22,2022-12-02,45.34,"Ashcoat of the Shadow Swarm, Infiltration Lens, Crypt Rats, Ogre Slumlord, Nezumi Bone-Reader"
Rats' Nest,Theme Deck,Other,BOK,2005-02-04,446.35,"Umezawa's Jitte, Throat Slitter, Shuko, Okiba-Gang Shinobi, Skullsnatcher"
Ravaging Swarm,Intro Pack,Other,NPH,2011-05-13,112.94,"Inexorable Tide, Viral Drake, Blighted Agent, Corrupted Conscience, Forest"
Ravenous Rats,Theme Deck,Other,PSAL,2005-08-01,0.0,"Swamp, Swamp, Swamp, Swamp, Swamp"
Ravnica Allegiance Bundle Land Pack,Bundle Land Pack,Other,RNA,2019-01-25,5.52,"Mountain, Mountain, Swamp, Swamp, Forest"
Ravnica Allegiance Foil Redemption,MTGO Redemption,Other,RNA,2019-02-24,345.89,"Smothering Tithe, Blood Crypt, Prime Speaker Vannifar, Biomancer's Familiar, Hallowed Fountain"
Ravnica Allegiance Redemption,MTGO Redemption,Other,RNA,2019-02-24,345.89,"Smothering Tithe, Blood Crypt, Prime Speaker Vannifar, Biomancer's Familiar, Hallowed Fountain"
Ravnica Fat Pack Land Pack,Bundle Land Pack,Other,RAV,2005-10-07,0.0,"Plains, Plains, Swamp, Island, Forest"
Ravnica: City of Guilds Foil Redemption,MTGO Redemption,Other,RAV,2005-11-06,1994.16,"Watery Grave, Doubling Season, Overgrown Tomb, Life from the Loam, Temple Garden"
Ravnica: City of Guilds Redemption,MTGO Redemption,Other,RAV,2005-11-06,1994.16,"Watery Grave, Doubling Season, Overgrown Tomb, Life from the Loam, Temple Garden"
Read the Fine Print,Secret Lair Drop,Other,SLD,2022-01-28,49.57,"Razaketh, the Foulblooded, Griselbrand, Liliana's Contract, Demonlord Belzenlok, Kothophed, Soul Hoarder"
Read the Fine Print Foil Edition,Secret Lair Drop,Other,SLD,2022-01-28,49.57,"Razaketh, the Foulblooded, Griselbrand, Liliana's Contract, Demonlord Belzenlok, Kothophed, Soul Hoarder"
Read the Fine Print Foil Etched Edition,Secret Lair Drop,Other,SLD,2022-01-28,49.57,"Razaketh, the Foulblooded, Griselbrand, Liliana's Contract, Demonlord Belzenlok, Kothophed, Soul Hoarder"
Ready to Attack,Jumpstart,Other,DMU,2022-09-09,2.87,"Mountain, Twinferno, Ragefire Hellkite, Electrostatic Infantry, Phoenix Chick"
Ready to Charge,Jumpstart,Other,DMU,2022-09-09,2.87,"Mountain, Twinferno, Ragefire Hellkite, Electrostatic Infantry, Yavimaya Steelcrusher"
Reality Fracture,Theme Deck,Other,TSP,2006-10-06,360.27,"Claws of Gix, Grapeshot, Clockspinning, Deep-Sea Kraken, Whispers of the Muse"
Reanimated (1),Jumpstart,Other,JMP,2020-07-17,8.57,"Reanimate, Swamp, Swamp, Archfiend's Vessel, Goremand"
Reanimated (2),Jumpstart,Other,JMP,2020-07-17,8.57,"Reanimate, Swamp, Swamp, Goremand, Miasmic Mummy"
Reanimated (3),Jumpstart,Other,JMP,2020-07-17,5.39,"Exhume, Swamp, Swamp, Scourge of Nel Toth, Goremand"
Reanimated (4),Jumpstart,Other,JMP,2020-07-17,6.3,"Rise of the Dark Realms, Swamp, Swamp, Goremand, Miasmic Mummy"
Rebel Armory,Arena Starter Deck,Other,LTR,2023-06-20,8.78,"Nahiri, Forged in Fury, Danitha, Benalia's Hope, Battlefield Forge, Rhuk, Hexgold Nabber, Astor, Bearer of Blades"
Rebel's Call,Theme Deck,Other,MMQ,1999-10-04,190.0,"Cho-Manno, Revolutionary, Ramosian Sergeant, Disenchant, Fountain of Cho, Ramosian Sky Marshal"
Rebel's Call - Enhanced Deck,Enhanced Deck,Other,MMQ,1999-10-04,785.64,"Dust Bowl, Cave-In, Mother of Runes, Reverent Mantra, City of Brass"
Rebelling (1),Jumpstart,Other,TLE,2025-11-20,14.02,"Longshot, Rebel Bowman, Smellerbee, Rebel Fighter, Zuko, Seeking Honor, Freedom Fighter Recruit, Thriving Bluff"
Rebelling (2),Jumpstart,Other,TLE,2025-11-20,17.26,"Longshot, Rebel Bowman, Overwhelming Victory, Smellerbee, Rebel Fighter, Zuko, Seeking Honor, Freedom Fighter Recruit"
Rebellious 1,Jumpstart,Other,ONE,2023-02-10,0.0,"Rhuk, Hexgold Nabber, Volt Charge, Mountain, Mountain, Free from Flesh"
Rebellious 2,Jumpstart,Other,ONE,2023-02-10,0.0,"Rhuk, Hexgold Nabber, Blazing Crescendo, Prosthetic Injector, Mountain, Mountain"
Rebels Unite,Theme Deck,Other,FUT,2007-05-04,43.76,"Dawn Charm, Big Game Hunter, Angel of Salvation, Return to Dust, Magus of the Abyss"
Red,Game Night Deck,Other,GNT,2018-11-16,18.47,"Goblin Trashmaster, Goblin Instigator, Goblin Goliath, Guttersnipe, Goblin Motivator"
Red Burn,Deck Builder's Toolkit,Other,ORI,2015-07-17,6.65,"Monastery Swiftspear, Wild Slash, Sarkhan's Rage, Twin Bolt, Ravaging Blaze"
Red Deck,Welcome Deck,Other,M19,2018-07-13,2.51,"Lightning Strike, Goblin Motivator, Mountain, Electrify, Mountain"
Red Deck A,Sample Deck,Other,M12,2011-07-15,3.61,"Fling, Mountain, Mountain, Mountain, Arc Trail"
Red Deck B,Sample Deck,Other,10E,2008-05-02,4.13,"Blaze, Incinerate, Mountain, Mountain, Mountain"
Red Green Monstrosity,Deck Builder's Toolkit,Other,M15,2014-07-18,1.63,"Market Festival, Ancient Silverback, Fall of the Hammer, Peregrination, Ill-Tempered Cyclops"
Red Sample Deck,Sample Deck,Other,M13,2012-07-13,0.0,"Mountain, Mountain, Wild Guess, Mountain, Kindled Fury"
Red White Auras,Deck Builder's Toolkit,Other,M15,2014-07-18,3.24,"Heliod's Pilgrim, Vanguard of Brimaz, Akroan Crusader, Brood Keeper, Chosen by Heliod"
Red and Black Pirates,Deck Builder's Toolkit,Other,XLN,2017-09-29,0.0,"March of the Drowned, Lightning-Rig Crew, Fiery Cannonade, Kitesail Freebooter, Dire Fleet Captain"
Red and Colorless Artifacts,Deck Builder's Toolkit,Other,KLD,2016-09-30,11.66,"Reckless Fireweaver, Foundry Inspector, Chief of the Foundry, Inventor's Apprentice, Welding Sparks"
Red and Colorless RampLandfall,Deck Builder's Toolkit,Other,SOI,2016-04-08,13.46,"Bane of Bala Ged, Scour from Existence, Hedron Crawler, Hedron Archive, Embodiment of Fury"
Red and Green Aggro,Deck Builder's Toolkit,Other,AKH,2017-04-28,1.17,"Cartouche of Strength, Ahn-Crop Crasher, Crocodile of the Crossing, Cartouche of Zeal, Fling"
Red and Green Dinosaurs,Deck Builder's Toolkit,Other,XLN,2017-09-29,8.36,"Ranging Raptors, Raging Swordtooth, Raptor Hatchling, Charging Monstrosaur, Atzocan Archer"
Red and Green Landfall,Deck Builder's Toolkit,Other,SOI,2016-04-08,0.0,"Snapping Gnarlid, Brute Strength, Blighted Gorge, Retreat to Valakut, Lightning Axe"
Red and Green Wolves,Deck Builder's Toolkit,Other,KLD,2016-09-30,2.41,"Blossoming Defense, Ulrich's Kindred, Pack Guardian, Uncaged Fury, Wolfkin Bond"
Red and White,Deck Builder's Toolkit,Other,KLD,2016-09-30,0.0,"Cathartic Reunion, Steadfast Cathar, Fairgrounds Warden, Make Mischief, Skywhaler's Shot"
Red and White Aggro,Deck Builder's Toolkit,Other,AKH,2017-04-28,3.75,"Cartouche of Solidarity, Ahn-Crop Crasher, Cartouche of Zeal, Honored Crop-Captain, Rhet-Crop Spearmaster"
Red and White Dinosaurs,Deck Builder's Toolkit,Other,XLN,2017-09-29,4.97,"Kinjalli's Caller, Charging Monstrosaur, Sky Terror, Dinosaur Stampede, Imperial Aerosaur"
Red-Green Aggression,Deck Builder's Toolkit,Other,M14,2013-07-19,2.45,"Kalonian Tusker, Gruul War Chant, Skarrg Guildmage, Ghor-Clan Rampager, Mugging"
Red-Green Aggro,Deck Builder's Toolkit,Other,ROE,2010-05-21,1.19,"Summit Apes, Borderland Ranger, Goblin Shortcutter, Trusty Machete, Centaur Courser"
Red-White,Starter Kit,Other,FIN,2025-06-13,10.43,"Ultima Weapon, Rosa, Resolute White Mage, Cloud, Planet's Champion, Beatrix, Loyal General, Freya Crescent"
Red-White Deck,Spellslinger Starter Kit,Other,M19,2018-10-05,4.75,"Lightning Strike, Charging Monstrosaur, Goblin Motivator, Sky Terror, Demanding Dragon"
Red-White Swarm,Deck Builder's Toolkit,Other,M14,2013-07-19,0.0,"Viashino Firstblade, Wojek Halberdiers, Sunhome Guildmage, Righteous Charge, Skyknight Legionnaire"
Reign of Vampirism,Intro Pack,Other,M11,2010-07-16,47.66,"Royal Assassin, Viscera Seer, Captivating Vampire, Cultivate, Diabolic Tutor"
Reinforced (1),Jumpstart,Other,TLE,2025-11-20,1.06,"Zuko, Seeking Honor, Fire Nation Salvagers, Feed the Swarm, Swamp, Thriving Moor"
Reinforced (2),Jumpstart,Other,TLE,2025-11-20,1.06,"Zuko, Seeking Honor, Fire Nation Salvagers, Swamp, Heartless Act, Gilacorn"
Reinforcement 1,Jumpstart,Other,MOM,2023-04-20,12.91,"Orthion, Hero of Lavabrink, Axgard Artisan, Volcanic Spite, Mountain, Ral's Reinforcements"
Reinforcement 2,Jumpstart,Other,MOM,2023-04-20,12.91,"Orthion, Hero of Lavabrink, Axgard Artisan, Volcanic Spite, Mountain, Mirran Banesplitter"
Relentless (1),Jumpstart,Other,TLE,2025-11-20,5.14,"Fire Nation Occupation, Ruthless Waterbender, Swamp, Heartless Act, Purple Pentapus"
Relentless (2),Jumpstart,Other,TLE,2025-11-20,2.71,"Fire Nation Occupation, Swamp, Heartless Act, Azula, On the Hunt, Canyon Crawler"
Relentless Dead,Intro Pack,Other,DKA,2012-02-03,37.49,"Endless Ranks of the Dead, Diregraf Captain, Swamp, Island, Black Cat"
Relentless Rush,Intro Pack,Other,DTK,2015-03-27,11.4,"Impact Tremors, Foul-Tongue Shriek, Mountain, Duress, Tormenting Voice"
Relic Breaker,Intro Pack,Other,SOM,2010-10-01,81.0,"Asceticism, Viridian Revel, Forest, Iron Myr, Copper Myr"
Relics of Doom,Theme Deck,Other,PS11,2011-01-01,0.0,"Island, Island, Island, Island, Swamp"
Repeat Performance,Event Deck,Other,M13,2012-08-03,128.04,"Green Sun's Zenith, Razorverge Thicket, Avacyn's Pilgrim, Arbor Elf, Stonehorn Dignitary"
Repel the Dark,Intro Pack,Other,ISD,2011-09-30,16.64,"Avacyn's Pilgrim, Fiend Hunter, Bramblecrush, Plains, Forest"
Replicator,Theme Deck,Other,NEM,2000-02-14,256.7,"Saproling Burst, Invigorate, Blastoderm, Bog Witch, Saproling Cluster"
Replicator - Enhanced Deck,Enhanced Deck,Other,NEM,2000-02-14,332.28,"Treetop Village, Rancor, Collective Unconscious, Vine Trellis, Spontaneous Generation"
Restless in Peace,Secret Lair Drop,Other,SLD,2019-12-05,30.65,"Life from the Loam, Bloodghast, Golgari Thug"
Return to Mystical Archive,Secret Lair Drop,Other,SLD,2026-05-12,32.53,"Spell Pierce, Abrade, Shared Roots, Zombify, Duty Beyond Death"
Return to Mystical Archive Foil Edition,Secret Lair Drop,Other,SLD,2026-05-12,32.53,"Spell Pierce, Abrade, Shared Roots, Zombify, Duty Beyond Death"
Return to Ravnica Fat Pack Land Pack,Bundle Land Pack,Other,RTR,2012-10-05,0.0,"Forest, Forest, Mountain, Swamp, Island"
Return to Ravnica Foil Redemption,MTGO Redemption,Other,RTR,2012-11-04,514.71,"Cyclonic Rift, Deathrite Shaman, Blood Crypt, Steam Vents, Rakdos Charm"
Return to Ravnica Holiday Gift Box Land Pack,Bundle Land Pack,Other,RTR,2012-11-16,0.0,"Forest, Forest, Mountain, Swamp, Island"
Return to Ravnica Redemption,MTGO Redemption,Other,RTR,2012-11-04,514.71,"Cyclonic Rift, Deathrite Shaman, Blood Crypt, Steam Vents, Rakdos Charm"
Returned,Jumpstart,Other,MSH,2026-06-26,6.7,"Undead Hand Ninja, Grim Reaper's Scythe, Songbird, Sonic Screamer, Grim Reaper, Lethal Legionnaire, Minion Missile"
Ride Like the Wind,MTGO Theme Deck,Other,MIR,2006-12-05,1.9,"Mountain, Telim'Tor, Plains, Mountain, Sidar Jabari"
Riders 1,Jumpstart,Other,LTR,2023-11-03,9.28,"Riders of the Mark, Rising of the Day, Rally at the Hornburg, Éomer of the Riddermark, Fear, Fire, Foes!"
Riders 2,Jumpstart,Other,LTR,2023-11-03,8.22,"Riders of the Mark, Rally at the Hornburg, Éomer of the Riddermark, Fear, Fire, Foes!, Rohirrim Lancer"
Rise of the Eldrazi Fat Pack Land Pack,Bundle Land Pack,Other,ROE,2010-04-23,39.64,"Island, Swamp, Forest, Island, Forest"
Rise of the Eldrazi Foil Redemption,MTGO Redemption,Other,ROE,2010-05-23,2069.94,"Emrakul, the Aeons Torn, Kozilek, Butcher of Truth, Ulamog, the Infinite Gyre, Nirkana Revenant, Linvala, Keeper of Silence"
Rise of the Eldrazi Redemption,MTGO Redemption,Other,ROE,2010-05-23,2069.94,"Emrakul, the Aeons Torn, Kozilek, Butcher of Truth, Ulamog, the Infinite Gyre, Nirkana Revenant, Linvala, Keeper of Silence"
Rise of the Vampires,Intro Pack,Other,ZEN,2009-10-02,48.26,"Blood Tribute, Malakir Bloodwitch, Diabolic Tutor, Vampire's Bite, Feast of Blood"
Rituals of Rebirth,Theme Deck,Other,PLC,2007-02-02,250.69,"Essence Warden, Wall of Roots, Rebuff the Wicked, Teneb, the Harvester, Jedit Ojanen of Efrava"
Rivals of Ixalan Bundle Land Pack,Bundle Land Pack,Other,RIX,2018-01-19,12.23,"Mountain, Swamp, Forest, Island, Plains"
Rivals of Ixalan Foil Redemption,MTGO Redemption,Other,RIX,2018-02-18,377.28,"Nezahal, Primal Tide, Polyraptor, The Immortal Sun, Storm the Vault // Vault of Catlacan, Pitiless Plunderer"
Rivals of Ixalan Redemption,MTGO Redemption,Other,RIX,2018-02-18,377.28,"Nezahal, Primal Tide, Polyraptor, The Immortal Sun, Storm the Vault // Vault of Catlacan, Pitiless Plunderer"
River Heralds,Theme Deck,Other,E02,2017-11-24,28.32,"Time Warp, Soul of the Harvest, Tempest Caller, Island, Rancor"
Rogues (1),Jumpstart,Other,JMP,2020-07-17,1.07,"Rogue's Gloves, Swamp, Thieves' Guild Enforcer, Alchemist's Gift, Gonti, Lord of Luxury"
Rogues (2),Jumpstart,Other,JMP,2020-07-17,1.07,"Rogue's Gloves, Swamp, Thieves' Guild Enforcer, Alchemist's Gift, Oona's Blackguard"
Roku,Jumpstart,Other,TLE,2025-11-20,16.0,"Avatar Roku, Firebender, Fang, Roku's Companion, Frantic Confrontation, Thriving Bluff, Mountain"
Rot from Within,Event Deck,Other,NPH,2011-06-10,180.69,"Green Sun's Zenith, Inkmoth Nexus, Mutagenic Growth, Ichorclaw Myr, Overgrown Battlement"
Rough and Tumble,Arena Starter Kit,Other,AFR,2021-08-06,1.28,"Evolving Wilds, Asmodeus the Archfiend, Oran-Rief Ooze, Black Dragon, Scurrid Colony"
Rough and Tumble Amazon,Arena Starter Kit,Other,AFR,2021-08-06,1.28,"Evolving Wilds, Asmodeus the Archfiend, Oran-Rief Ooze, Black Dragon, Scurrid Colony"
"Rowan, Fearless Sparkmage",Planeswalker Deck,Other,ELD,2019-10-04,0.0,"Rowan, Fearless Sparkmage, Plains, Acclaimed Contender, Giant Killer // Chop Down, Inspiring Veteran"
Rule the Room,Secret Lair Drop,Other,SLD,2022-09-13,50.17,"Brimaz, King of Oreskos, Savra, Queen of the Golgari, Queen Marchesa, Arcanis the Omnipotent"
Rule the Room Foil Edition,Secret Lair Drop,Other,SLD,2022-09-13,50.17,"Brimaz, King of Oreskos, Savra, Queen of the Golgari, Queen Marchesa, Arcanis the Omnipotent"
Rumbler,Intro Pack,Other,ARB,2009-04-30,26.18,"Terramorphic Expanse, Forest, Mountain, Forest, Mountain"
Runaways,Jumpstart,Other,MSH,2026-06-26,56.71,"Nico Minoru, Runaway, Karolina Dean, Runaway, Hex Magic, Alex Wilder, Runaway, Chase Stein, Runaway"
Rush of the Wild,Event Deck,Other,M14,2013-08-09,38.16,"Stomping Ground, Elvish Mystic, Rogue's Passage, Mizzium Mortars, Dryad Militant"
SDCC 2013 Black Planeswalkers,Box Set,Other,PSDC,2013-07-18,835.18,"Liliana of the Dark Realms, Ajani, Caller of the Pride, Chandra, Pyromaster, Jace, Memory Adept, Garruk, Caller of Beasts"
SDCC 2013 Planeswalker Set,San Diego Comic Con Promos,Other,PSDC,2013-07-18,835.18,"Liliana of the Dark Realms, Ajani, Caller of the Pride, Chandra, Pyromaster, Jace, Memory Adept, Garruk, Caller of Beasts"
SDCC 2014 Black Planeswalkers,Box Set,Other,PS14,2014-07-08,277.4,"Liliana Vess, Nissa, Worldwaker, Chandra, Pyromaster, Ajani Steadfast, Garruk, Apex Predator"
SDCC 2014 Planeswalker Set,San Diego Comic Con Promos,Other,PS14,2014-07-24,277.4,"Liliana Vess, Nissa, Worldwaker, Chandra, Pyromaster, Ajani Steadfast, Garruk, Apex Predator"
SDCC 2015 Black Planeswalkers,Box Set,Other,PS15,2015-07-09,452.71,"Liliana, Heretical Healer // Liliana, Defiant Necromancer, Chandra, Fire of Kaladesh // Chandra, Roaring Flame, Jace, Vryn's Prodigy // Jace, Telepath Unbound, Nissa, Vastwood Seer // Nissa, Sage Animist, Kytheon, Hero of Akros // Gideon, Battle-Forged"
SDCC 2015 Planeswalker Set,San Diego Comic Con Promos,Other,PS15,2015-07-09,452.71,"Liliana, Heretical Healer // Liliana, Defiant Necromancer, Chandra, Fire of Kaladesh // Chandra, Roaring Flame, Jace, Vryn's Prodigy // Jace, Telepath Unbound, Nissa, Vastwood Seer // Nissa, Sage Animist, Kytheon, Hero of Akros // Gideon, Battle-Forged"
SDCC 2016 Zombie Planeswalker Set,San Diego Comic Con Promos,Other,PS16,2016-07-21,102.13,"Liliana, the Last Hope, Chandra, Flamecaller, Jace, Unraveler of Secrets, Gideon, Ally of Zendikar, Nissa, Voice of Zendikar"
SDCC 2016 Zombie Planeswalkers,Box Set,Other,PS16,2016-10-01,102.13,"Liliana, the Last Hope, Chandra, Flamecaller, Jace, Unraveler of Secrets, Gideon, Ally of Zendikar, Nissa, Voice of Zendikar"
SDCC 2017 Egyptian Planeswalkers,Box Set,Other,PS17,2017-07-20,172.88,"Liliana, Death's Majesty, Nicol Bolas, God-Pharaoh, Chandra, Torch of Defiance, Jace, Unraveler of Secrets, Nissa, Steward of Elements"
SDCC 2017 Planeswalker Set,San Diego Comic Con Promos,Other,PS17,2017-07-20,172.88,"Liliana, Death's Majesty, Nicol Bolas, God-Pharaoh, Chandra, Torch of Defiance, Jace, Unraveler of Secrets, Nissa, Steward of Elements"
SDCC 2018 Planeswalker Set,San Diego Comic Con Promos,Other,PS18,2018-07-19,224.32,"Liliana, Untouched by Death, Chandra, Torch of Defiance, Nissa, Vital Force, Gideon of the Trials, Jace, Cunning Castaway"
SDCC 2018 Stained Glass Planeswalkers,Box Set,Other,PS18,2018-07-19,224.32,"Liliana, Untouched by Death, Chandra, Torch of Defiance, Nissa, Vital Force, Gideon of the Trials, Jace, Cunning Castaway"
SDCC 2019 God-Eternals,Box Set,Other,PS19,2019-07-18,216.42,"Nicol Bolas, Dragon-God, God-Eternal Oketra, God-Eternal Bontu, God-Eternal Kefnet, God-Eternal Rhonas"
Sacred Assault,Intro Pack,Other,M12,2011-07-15,32.13,"Spirit Mantle, Mesa Enchantress, Gladecover Scout, Lifelink, Aegis Angel"
Sacrifice,Deck Builder's Toolkit,Other,M14,2013-07-19,0.0,"Goblin Rally, Festering Newt, Barrage of Expendables, Tenacious Dead, Act of Treason"
Sacrificial Bam,Theme Deck,Other,MRD,2003-10-02,265.08,"Vault of Whispers, Great Furnace, Talisman of Indulgence, Myr Retriever, Iron Myr"
Sacrilege,Theme Deck,Other,TOR,2002-02-08,363.78,"Buried Alive, Ichorid, Tainted Field, Putrid Imp, Angel of Retribution"
Saddle Up,Arena Starter Deck,Other,OTJ,2024-07-08,13.85,"Railway Brawler, Lush Portico, Outcaster Trailblazer, Gruff Triplets, Ornery Tumblewagg"
Sainted One,Shandalar Enemy Deck,Other,PAST,1997-04-01,13163.74,"Black Lotus, Mox Pearl, Mishra's Workshop, Bottle of Suleiman, Sol Ring"
Saltrem Tor,Shandalar Enemy Deck,Other,PAST,1997-04-01,308.89,"Mountain, Birds of Paradise, Whirling Dervish, Crimson Manticore, Unstable Mutation"
Sampler Booster,Welcome Booster,Other,9ED,2005-07-29,10.04,"Remove Soul, Forest, Mountain, Island, Swamp"
Saproling Swarm,Arena Starter Deck,Other,M19,2018-09-27,23.94,"Tendershoot Dryad, Twilight Prophet, Poison-Tip Archer, Woodland Cemetery, Path of Discovery"
Sarkhan,Planeswalker Deck,Other,M19,2018-07-13,14.93,"Sarkhan, Dragonsoul, Thud, Lightning Strike, Goblin Motivator, Demanding Dragon"
Saturday Morning D&D,Secret Lair Drop,Other,SLD,2021-06-21,48.39,"Primal Vigor, Impact Tremors, Whir of Invention, Commander's Sphere, Hero's Downfall"
Saturday Morning D&D Foil Edition,Secret Lair Drop,Other,SLD,2021-06-21,48.39,"Primal Vigor, Impact Tremors, Whir of Invention, Commander's Sphere, Hero's Downfall"
Savage Auras,Planechase Deck,Other,PCA,2016-11-25,21.95,"Ghostly Prison, Kor Spiritdancer, Felidar Umbra, Three Dreams, Spirit Mantle"
Savage Lands,Jumpstart,Other,MSH,2026-06-26,56.24,"Devil Dinosaur, Sauron, Dino Devotee, Savage Lands, Moon-Boy, Dino Rider, Ka-Zar of the Savage Land"
Savage Salvagers,Arena Starter Deck,Other,LTR,2023-06-20,11.08,"Conduit of Worlds, Llanowar Wastes, Glissa Sunslayer, Shadow of the Enemy, Terror of Towashi"
Savage Stompdown,MTGO Theme Deck,Other,VIS,2006-04-10,42.94,"Natural Order, Mountain, Viashivan Dragon, Forest, Mountain"
Saviors of Kamigawa Foil Redemption,MTGO Redemption,Other,SOK,2005-07-03,2189.39,"Oboro Breezecaller, Oboro, Palace in the Clouds, Erayo, Soratami Ascendant // Erayo's Essence, Sakashima the Impostor, Miren, the Moaning Well"
Saviors of Kamigawa Redemption,MTGO Redemption,Other,SOK,2005-07-03,2189.39,"Oboro Breezecaller, Oboro, Palace in the Clouds, Erayo, Soratami Ascendant // Erayo's Essence, Sakashima the Impostor, Miren, the Moaning Well"
Scales of Fury,Theme Deck,Other,PS11,2011-01-01,0.0,"Forest, Forest, Forest, Forest, Mountain"
Scarlet,Jumpstart,Other,MSH,2026-06-26,88.68,"The Vision and Scarlet Witch, Wanda's Vision, Lightning Bolt, Hex Magic, Grapeshot"
Scars of Mirrodin Fat Pack Land Pack,Bundle Land Pack,Other,SOM,2010-10-01,31.86,"Forest, Forest, Island, Forest, Forest"
Scars of Mirrodin Foil Redemption,MTGO Redemption,Other,SOM,2010-10-31,1615.56,"Mox Opal, Skithiryx, the Blight Dragon, Platinum Emperion, Grafted Exoskeleton, Contagion Engine"
Scars of Mirrodin Redemption,MTGO Redemption,Other,SOM,2010-10-31,1615.56,"Mox Opal, Skithiryx, the Blight Dragon, Platinum Emperion, Grafted Exoskeleton, Contagion Engine"
Scene Box,Box Set,Other,SPE,2025-09-26,22.48,"Green Goblin, Nemesis, Sensational Spider-Man, Venom, Deadly Devourer, Pumpkin Bombs, Grasping Tentacles"
Scorch The World With Dragonfire,Archenemy Deck,Other,ARC,2010-06-18,29.66,"Seething Song, Thran Dynamo, Hellkite Charger, Dragonspeaker Shaman, Taurean Mauler"
Scourge Foil Redemption,MTGO Redemption,Other,SCG,2003-06-25,3319.05,"Stifle, Brain Freeze, Siege-Gang Commander, Sliver Overlord, Decree of Justice"
Scourge Redemption,MTGO Redemption,Other,SCG,2003-06-25,3319.05,"Stifle, Brain Freeze, Siege-Gang Commander, Sliver Overlord, Decree of Justice"
Scout,Theme Deck,Other,PLS,2001-02-05,521.67,"Eladamri's Call, Rith's Grove, Harrow, Fertile Ground, Armadillo Cloak"
Scrapyard Sacrifice,Arena Starter Deck,Other,LTR,2023-06-20,13.85,"Mishra, Claimed by Gix // Mishra, Lost to Phyrexia, Corrupted Conviction, Sulfurous Springs, Phyrexian Dragon Engine // Mishra, Lost to Phyrexia, Urabrask's Forge"
Scrying 1,Jumpstart,Other,J22,2022-12-02,9.57,"Kenessos, Priest of Thassa, Preordain, Cryptic Serpent, Faerie Seer, Biblioplex Kraken"
Scrying 2,Jumpstart,Other,J22,2022-12-02,9.57,"Kenessos, Priest of Thassa, Preordain, Cryptic Serpent, Condescend, Faerie Seer"
Sea Drake,Shandalar Enemy Deck,Other,PAST,1997-04-01,175.39,"Mana Vault, Island Fish Jasconius, Leviathan, Counterspell, Giant Tortoise"
Second Chance,Arena Starter Deck,Other,OTJ,2024-07-08,6.51,"Spirebluff Canal, Seize the Secrets, Demand Answers, Melek, Reforged Researcher, Hell to Pay"
Second Sun Control,Challenger Deck,Other,Q01,2018-04-06,29.01,"Approach of the Second Sun, Settle the Wreckage, Kefnet the Mindful, Ipnu Rivulet, Fumigate"
Secret Lair High: Class of '87,Secret Lair Drop,Other,SLD,2025-03-25,16.48,"Aesi, Tyrant of Gyre Strait // Aesi, Tyrant of Gyre Strait, Chulane, Teller of Tales // Chulane, Teller of Tales, Anje Falkenrath // Anje Falkenrath, Radha, Heart of Keld // Radha, Heart of Keld"
Secret Lair High: Class of '87 Foil Edition,Secret Lair Drop,Other,SLD,2025-03-25,16.48,"Aesi, Tyrant of Gyre Strait // Aesi, Tyrant of Gyre Strait, Chulane, Teller of Tales // Chulane, Teller of Tales, Anje Falkenrath // Anje Falkenrath, Radha, Heart of Keld // Radha, Heart of Keld"
Secrets of Strixhaven Bundle Land Pack,Bundle Land Pack,Other,SOS,2026-04-24,0.0,"Swamp, Swamp, Mountain, Mountain, Island"
Secrets of Strixhaven Redemption,MTGO Redemption,Other,SOS,2026-05-20,137.16,"Emeritus of Woe // Demonic Tutor, Improvisation Capstone, Germination Practicum, Decorum Dissertation, Erode"
Sedge Beast,Shandalar Enemy Deck,Other,PAST,1997-04-01,366.67,"Mountain, Strip Mine, Dancing Scimitar, Blight, Erg Raiders"
Seeing Visions,Secret Lair Drop,Other,SLD,2019-12-06,12.5,"Serum Visions, Serum Visions, Serum Visions, Serum Visions"
Seer,Shandalar Enemy Deck,Other,PAST,1997-04-01,347.16,"Triskelion, Hurkyl's Recall, Tetravus, Time Elemental, Ornithopter"
Seismic,Jumpstart,Other,JMP,2020-07-17,0.0,"Volcanic Geyser, Mountain, Volcanic Fallout, Mana Geode, Grim Lavamancer"
Selesnya,Guild Kit,Other,GK1,2018-11-02,8.14,"Privileged Position, Trostani, Selesnya's Voice, Camaraderie, Tolsimir Wolfblood, Conclave Cavalier"
Selesnya Conclave,Arena Starter Deck,Other,M20,2019-05-03,24.07,"Temple Garden, March of the Multitudes, Tolsimir, Friend to Wolves, Knight of Autumn, Pledge of Unity"
Selesnya Conclave 1,Jumpstart,Other,CLU,2024-02-23,2.61,"Conclave Evangelist, Trostani Discordant, Selesnya Sanctuary, Sumala Rumblers, Plains"
Selesnya Conclave 2,Jumpstart,Other,CLU,2024-02-23,7.93,"Beast Whisperer, Selesnya Signet, Vernal Sovereign, Selesnya Sanctuary, Sumala Rumblers"
Selesnya Pride,Arena Starter Deck,Other,DOM,2018-03-22,112.11,"Anointed Procession, Crested Sunmare, Sacred Cat, Pride Sovereign, Regal Caracal"
Selesnya Surge,Intro Pack,Other,RTR,2012-10-05,6.54,"Arbor Elf, Rootborn Defenses, Healer of the Pride, Druid's Deliverance, Forest"
Selesnya United,Theme Deck,Other,RAV,2005-10-07,26.16,"Nullmage Shepherd, Tolsimir Wolfblood, Selesnya Sanctuary, Vitu-Ghazi, the City-Tree, Scatter the Seeds"
Series 1,Box Set,Other,PVAN,1997-12-01,29.92,"Karn, Squee, Ertai, Mirri, Gerrard"
Series 2,Box Set,Other,PVAN,1997-12-01,104.92,"Orim, Selenia, Barrin, Hanna, Starke"
Series 3,Box Set,Other,PVAN,1997-12-01,195.64,"Sliver Queen, Brood Mother, Lyna, Eladamri, Oracle, Sidar Kondo"
Series 4,Box Set,Other,PVAN,1997-12-01,361.23,"Titania, Gix, Urza, Xantcha, Mishra"
Seventh Edition Foil Redemption,MTGO Redemption,Other,7ED,2001-05-11,23734.26,"Birds of Paradise, City of Brass, Final Fortune, Adarkar Wastes, Underground River"
Seventh Edition Redemption,MTGO Redemption,Other,7ED,2001-05-11,23734.26,"Birds of Paradise, City of Brass, Final Fortune, Adarkar Wastes, Underground River"
Shades Not Included,Secret Lair Drop,Other,SLD,2022-07-22,72.0,"Island, Swamp, Mountain, Plains, Forest"
Shades Not Included Foil Edition,Secret Lair Drop,Other,SLD,2022-07-22,72.0,"Island, Swamp, Mountain, Plains, Forest"
Shadowmoor Fat Pack Land Pack,Bundle Land Pack,Other,SHM,2008-05-02,37.6,"Swamp, Island, Swamp, Forest, Swamp"
Shadowmoor Foil Redemption,MTGO Redemption,Other,SHM,2008-06-01,3857.16,"Sygg, River Cutthroat, Painter's Servant, Manamorphose, Everlasting Torment, Umbral Mantle"
Shadowmoor Redemption,MTGO Redemption,Other,SHM,2008-06-01,3857.16,"Sygg, River Cutthroat, Painter's Servant, Manamorphose, Everlasting Torment, Umbral Mantle"
Shadows over Innistrad Fat Pack Land Pack,Bundle Land Pack,Other,SOI,2016-04-08,0.0,"Forest, Plains, Forest, Swamp, Island"
Shadows over Innistrad Foil Redemption,MTGO Redemption,Other,SOI,2016-05-08,249.84,"Eerie Interlude, Cryptolith Rite, Relentless Dead, Archangel Avacyn // Avacyn, the Purifier, Sorin, Grim Nemesis"
Shadows over Innistrad Gift Box Land Pack,Bundle Land Pack,Other,SOI,2016-04-08,0.0,"Forest, Plains, Forest, Swamp, Island"
Shadows over Innistrad Redemption,MTGO Redemption,Other,SOI,2016-05-08,249.84,"Eerie Interlude, Cryptolith Rite, Relentless Dead, Archangel Avacyn // Avacyn, the Purifier, Sorin, Grim Nemesis"
Shallow Graves,Intro Pack,Other,EMN,2016-07-22,8.95,"Cryptbreaker, Liliana's Indignation, Graf Harvest, Noosegraf Mob, Cemetery Recruitment"
Shamanism,Theme Deck,Other,MOR,2008-02-01,240.9,"Thornbite Staff, Bosk Banneret, Leaf-Crowned Elder, Swamp, Lignify"
Shapeshifter,Shandalar Enemy Deck,Other,PAST,1997-04-01,559.1,"Triskelion, Mishra's Factory, Mana Vault, Hurkyl's Recall, Ivory Tower"
Shapeshifters,Jumpstart,Other,J22,2022-12-02,30.14,"Pirated Copy, Mirror Image, Bloodline Pretender, Amoeboid Changeling, Universal Automaton"
Shards of Alara Fat Pack Land Pack,Bundle Land Pack,Other,ALA,2008-10-03,31.84,"Plains, Island, Swamp, Forest, Mountain"
Shards of Alara Foil Redemption,MTGO Redemption,Other,ALA,2008-11-02,987.23,"Ad Nauseam, Tezzeret the Seeker, Mayael the Anima, Ajani Vengeant, Godsire"
Shards of Alara Redemption,MTGO Redemption,Other,ALA,2008-11-02,987.23,"Ad Nauseam, Tezzeret the Seeker, Mayael the Anima, Ajani Vengeant, Godsire"
"Shawn Hammer Regnier, Quarterfinalist",Pro Tour Deck,Other,PTC,1996-05-01,103.27,"City of Brass, Land Tax, Island, Adarkar Wastes, Mishra's Factory"
Sheldon's Spellbook,Secret Lair Drop,Other,SLD,2024-07-03,87.59,"Teferi's Protection, Sol Ring, Inkshield, Command Tower, Eladamri's Vineyard"
Sheldon's Spellbook Foil Edition,Secret Lair Drop,Other,SLD,2024-07-03,87.59,"Teferi's Protection, Sol Ring, Inkshield, Command Tower, Eladamri's Vineyard"
Showcase: All Will Be One Step-and-Compleat Edition,Secret Lair Drop,Other,SLD,2023-04-14,57.04,"Phyrexian Crusader, Glissa, the Traitor, Phyrexian Unlife, Ertai, the Corrupted, Plague Engineer"
Showcase: Bloomburrow,Secret Lair Drop,Other,SLD,2024-07-30,62.03,"Tezzeret, Master of the Bridge, Sorin Markov, Kiora, Behemoth Beckoner, Vraska, Golgari Queen, Huatli, Radiant Champion"
Showcase: Bloomburrow Foil Edition,Secret Lair Drop,Other,SLD,2024-07-30,62.03,"Tezzeret, Master of the Bridge, Sorin Markov, Kiora, Behemoth Beckoner, Vraska, Golgari Queen, Huatli, Radiant Champion"
Showcase: Dominaria United Textured Foil Edition,Secret Lair Drop,Other,SLD,2022-10-25,37.61,"Nicol Bolas, Vaevictis Asmadi, Chromium, Palladia-Mors, Arcades Sabboth"
Showcase: Duskmourn,Secret Lair Drop,Other,SLD,2024-10-01,39.24,"Dauthi Voidwalker, Phyrexian Metamorph, Magus of the Moon, Witch's Oven, Cauldron Familiar"
Showcase: Duskmourn Foil Edition,Secret Lair Drop,Other,SLD,2024-10-01,39.24,"Dauthi Voidwalker, Phyrexian Metamorph, Magus of the Moon, Witch's Oven, Cauldron Familiar"
Showcase: Kaldheim - Part 1,Secret Lair Drop,Other,SLD,2021-04-13,57.36,"Uro, Titan of Nature's Wrath, Primeval Titan, Frost Titan"
Showcase: Kaldheim - Part 1 Foil Edition,Secret Lair Drop,Other,SLD,2021-04-13,57.36,"Uro, Titan of Nature's Wrath, Primeval Titan, Frost Titan"
Showcase: Kaldheim - Part 2,Secret Lair Drop,Other,SLD,2021-04-13,31.12,"Kroxa, Titan of Death's Hunger, Grave Titan, Inferno Titan"
Showcase: Kaldheim - Part 2 Foil Edition,Secret Lair Drop,Other,SLD,2021-04-13,31.12,"Kroxa, Titan of Death's Hunger, Grave Titan, Inferno Titan"
Showcase: March of the Machine Vol. 1,Secret Lair Drop,Other,SLD,2023-04-28,141.95,"Walking Ballista, The World Tree, Wheel and Deal, Questing Beast, Olivia Voldaren"
Showcase: March of the Machine Vol. 2,Secret Lair Drop,Other,SLD,2023-04-28,105.66,"Higure, the Still Wind, Nezahal, Primal Tide, Xantcha, Sleeper Agent, Mina and Denn, Wildborn, Dragonlord Kolaghan"
Showcase: March of the Machine Vol. 3,Secret Lair Drop,Other,SLD,2023-04-28,174.4,"Misdirection, Nyxbloom Ancient, Utvara Hellkite, Kogla, the Titan Ape, Jhoira, Weatherlight Captain"
Showcase: Midnight Hunt,Secret Lair Drop,Other,SLD,2022-01-28,93.68,"Vault of the Archangel, Gavony Township, Kessig Wolf Run, Alchemist's Refuge, Nephalia Drownyard"
Showcase: Midnight Hunt Foil Edition,Secret Lair Drop,Other,SLD,2022-01-28,93.68,"Vault of the Archangel, Gavony Township, Kessig Wolf Run, Alchemist's Refuge, Nephalia Drownyard"
Showcase: Murders at Karlov Manor,Secret Lair Drop,Other,SLD,2024-02-23,31.78,"Vilis, Broker of Blood, Gonti, Lord of Luxury, Grenzo, Dungeon Warden, Anowon, the Ruin Thief"
Showcase: Murders at Karlov Manor Foil Edition,Secret Lair Drop,Other,SLD,2024-02-23,36.77,"Vilis, Broker of Blood, Gonti, Lord of Luxury, Grenzo, Dungeon Warden, Anowon, the Ruin Thief"
Showcase: Neon Dynasty Neon Ink Foil Edition,Secret Lair Drop,Other,SLD,2022-07-22,86.76,"Ghostly Prison, Freed from the Real, Hall of the Bandit Lord, Boseiju, Who Shelters All"
Showcase: Outlaws of Thunder Junction,Secret Lair Drop,Other,SLD,2024-05-30,34.85,"Magda, Brazen Outlaw, Kalitas, Traitor of Ghet, Dack Fayden, Greasefang, Okiba Boss"
Showcase: Outlaws of Thunder Junction Foil Edition,Secret Lair Drop,Other,SLD,2024-05-30,34.85,"Magda, Brazen Outlaw, Kalitas, Traitor of Ghet, Dack Fayden, Greasefang, Okiba Boss"
Showcase: Streets of New Capenna Gilded Foil Edition,Secret Lair Drop,Other,SLD,2022-08-05,64.7,"Atraxa, Praetors' Voice, Breya, Etherium Shaper, Yidris, Maelstrom Wielder"
Showcase: Strixhaven,Secret Lair Drop,Other,SLD,2021-08-25,62.32,"All Is Dust, Fire Covenant, Drown in the Loch, Artifact Mutation, Fractured Identity"
Showcase: Strixhaven Foil Edition,Secret Lair Drop,Other,SLD,2021-08-25,62.32,"All Is Dust, Fire Covenant, Drown in the Loch, Artifact Mutation, Fractured Identity"
Showcase: The Lost Caverns of Ixalan,Secret Lair Drop,Other,SLD,2023-12-05,57.37,"Elenda, the Dusk Rose, Kumena, Tyrant of Orazca, Captain Lannery Storm, Admiral Beckett Brass, Vona, Butcher of Magan"
Showcase: The Lost Caverns of Ixalan Foil Edition,Secret Lair Drop,Other,SLD,2023-12-05,67.53,"Kumena, Tyrant of Orazca, Elenda, the Dusk Rose, Captain Lannery Storm, Admiral Beckett Brass, Vona, Butcher of Magan"
Showcase: Zendikar Revisited,Secret Lair Drop,Other,SLD,2020-09-25,129.74,"Avenger of Zendikar, Admonition Angel, Roil Elemental, Warren Instigator, Zulaport Cutthroat"
Showcase: Zendikar Revisited Foil Edition,Secret Lair Drop,Other,SLD,2020-09-25,129.74,"Avenger of Zendikar, Admonition Angel, Roil Elemental, Warren Instigator, Zulaport Cutthroat"
Shrines,Jumpstart,Other,TLE,2025-11-20,7.95,"Hei Bai, Forest Guardian, Forest, Northern Air Temple, The Spirit Oasis, Crescent Island Temple"
Shu Kingdom,Theme Deck,Other,PTK,1999-05-01,141.53,"Guan Yu, Sainted Warrior, Liu Bei, Lord of Shu, Kongming, ""Sleeping Dragon"", Shu General, Plains"
Sidestep,Theme Deck,Other,EVE,2008-07-25,69.82,"Clout of the Dominus, Dominus of Fealty, Mindwrack Liege, Island, Inside Out"
Siege Engines,Jumpstart,Other,TLE,2025-11-20,0.0,"Swamp, Heartless Act, Fire Navy Trebuchet, Canyon Crawler, The Fire Nation Drill"
Signature Spellbook: Chandra,Box Set,Other,SS3,2020-06-26,58.29,"Pyroblast, Rite of Flame, Chandra, Torch of Defiance, Past in Flames, Fiery Confluence"
Signature Spellbook: Gideon,Box Set,Other,SS2,2019-06-28,42.97,"Blackblade Reforged, True Conviction, Shielded by Faith, Path to Exile, Worship"
Signature Spellbook: Jace,Box Set,Other,SS1,2018-06-15,51.2,"Mystical Tutor, Blue Elemental Blast, Gifts Ungiven, Brainstorm, Counterspell"
Silver Deck,Starter Deck,Other,9ED,2005-08-09,6.86,"Plains, Island, Plains, Island, Island"
Silver Pack,Advanced Pack,Other,7ED,2001-04-11,83.73,"Disenchant, Island, Holy Strength, Plains, Wind Drake"
Sim Han How - Squirrel Opposition,World Championship Deck,Other,WC02,2002-08-14,53.02,"Yavimaya Coast, Shivan Reef, Birds of Paradise, Island, Island"
Simic,Guild Kit,Other,GK2,2019-02-15,30.99,"Guardian Project, Omnibian, Simic Ascendancy, Gyre Sage, Trollbred Guardian"
Simic Combine,Arena Starter Deck,Other,M20,2019-05-03,42.97,"Biomancer's Familiar, Breeding Pool, Incubation Druid, Hydroid Krasis, Growth Spiral"
Simic Combine 1,Jumpstart,Other,CLU,2024-02-23,4.92,"Slip Out the Back, Rapid Hybridization, Master Biomancer, Simic Signet, Unruly Krasis"
Simic Combine 2,Jumpstart,Other,CLU,2024-02-23,6.34,"Lonis, Genetics Expert, Hydroid Krasis, Duskshell Crawler, Forest, Ivy Lane Denizen"
Simic Domination,Intro Pack,Other,DGM,2013-05-03,15.51,"Gyre Sage, Bred for the Hunt, Vorel of the Hull Clade, Cloudfin Raptor, Forest"
Simic Mutology,Theme Deck,Other,DIS,2006-05-05,98.74,"Protean Hulk, Simic Growth Chamber, Experiment Kraj, Simic Guildmage, Coiling Oracle"
Simic Synthesis,Intro Pack,Other,GTC,2013-02-01,11.94,"Tower Defense, Unexpected Results, Ivy Lane Denizen, Bioshift, Urban Evolution"
Skies,Deck Builder's Toolkit,Other,M14,2013-07-19,1.19,"Warden of Evos Isle, Lyev Skyknight, Hands of Binding, Air Servant, Frost Breath"
Sky Patrol,Arena Starter Deck,Other,AFR,2021-09-24,14.32,"Hengegate Pathway // Mistgate Pathway, Grazilaxx, Illithid Scholar, Starnheim Unleashed, Saw It Coming, Luminarch Aspirant"
Sky Slam,Theme Deck,Other,8ED,2003-07-28,26.18,"Mana Leak, Urza's Armor, Island, Island, Island"
Slaughterhouse,Intro Pack,Other,AVR,2012-05-04,17.17,"Blood Artist, Reassembling Skeleton, Swamp, Swamp, Harvester of Souls"
Slay the Day,Secret Lair Drop,Other,SLD,2025-05-19,58.18,"Marwyn, the Nurturer, Oloro, Ageless Ascetic, Sythis, Harvest's Hand, Liesa, Shroud of Dusk"
Sleeper,Theme Deck,Other,USG,1998-10-12,0.0,"Plains, Plains, Plains, Plains, Opal Titan"
Sleeper - Enhanced Deck,Enhanced Deck,Other,USG,1998-10-12,87.71,"Argothian Enchantress, Oath of Lieges, Pariah, Worship, Endless Wurm"
Slither,Theme Deck,Other,PCY,2000-06-05,306.49,"Seal of Fire, Reverent Silence, Citadel of Pain, Invigorate, Vine Trellis"
Sliver Evolution,Theme Deck,Other,TSP,2006-10-06,185.61,"Gemstone Mine, Avoid Fate, Spirit Loop, Pulmonic Sliver, Gemhide Sliver"
Sliver Shivers,Theme Deck,Other,LGN,2003-02-03,348.84,"Shifting Sliver, Brood Sliver, Lonely Sandbar, Essence Sliver, Root Sliver"
Slivers,Premium Deck,Other,H09,2009-11-20,121.22,"Sliver Overlord, Coat of Arms, Heart Sliver, Crystalline Sliver, Heartstone"
Smashing (1),Jumpstart,Other,JMP,2020-07-17,1.64,"Unleash Fury, Fling, Shock, Volcanic Salvo, Furious Rise"
Smashing (2),Jumpstart,Other,JMP,2020-07-17,0.0,"Fling, Volcanic Salvo, Furious Rise, Heartfire Immolator, Mountain"
Smashing (3),Jumpstart,Other,JMP,2020-07-17,2.81,"Unleash Fury, Sarkhan's Unsealing, Fling, Hamletback Goliath, Furious Rise"
Smashing (4),Jumpstart,Other,JMP,2020-07-17,0.0,"Etali, Primal Storm, Fling, Furious Rise, Furor of the Bitten, Heartfire Immolator"
Snack Time,Arena Starter Deck,Other,OTJ,2024-07-08,29.27,"Underground Mortuary, Experimental Confectioner, Lich-Knights' Conquest, Bristlebud Farmer, Assassin's Trophy"
Snake's Path,Theme Deck,Other,CHK,2004-10-01,202.86,"Sensei's Divining Top, Time of Need, Orochi Leafcaller, Sakura-Tribe Elder, Orochi Hatchery"
Snakes,Jumpstart,Other,J25,2024-11-07,18.8,"Aphelia, Viper Whisperer, Hooded Blightfang, Night's Whisper, Gorgon Flail, Pharika's Chosen"
Sneak Attack Amazon,Arena Starter Kit,Other,AFR,2021-08-06,10.33,"Mind Flayer, Archmage Emeritus, Red Dragon, Cyclone Summoner, Calamity Bearer"
Sneak Squad,Arena Promotional Deck,Other,DMU,2022-09-09,8.35,"Mirrorhall Mimic // Ghastly Mimicry, Malevolent Hermit // Benevolent Geist, Blade of the Oni, Undying Malice, Consider"
Snow,Jumpstart,Other,J22,2022-12-02,14.29,"Coldsteel Heart, Isu the Abominable, Snow-Covered Island, Marit Lage's Slumber, Phyrexian Ironfoot"
Snowscape,Theme Deck,Other,CSP,2006-07-21,148.93,"Rimewind Cryomancer, Rimefeather Owl, Heidar, Rimewind Master, Frost Marsh, Coldsteel Heart"
So Salty,Secret Lair Drop,Other,SLD,2025-04-22,89.56,"Scrawling Crawler, Expropriate, Winter Orb, Narset, Parter of Veils, Worst Fears"
Soaring,Jumpstart,Other,MSH,2026-06-26,2.8,"Vulture, Feathered Fiend, Namora, the Sea Queen, Rescue, Pepper Potts, Justice, Vance Astrovik, Falcon, Winged Wonder"
Soaring (1),Jumpstart,Other,J25,2024-11-07,0.0,"Warden of Evos Isle, Windreader Sphinx, Winged Words, Cynette, Jelly Drover, Tide Skimmer"
Soaring (2),Jumpstart,Other,TLE,2025-11-20,3.94,"Frantic Search, Boomerang Basics, Yue, the Moon Spirit, Island, Flying Dolphin-Fish"
Soaring (3),Jumpstart,Other,J25,2024-11-07,0.0,"Mu Yanling, Sky Dancer, Cloudkin Seer, Winged Words, Cynette, Jelly Drover, Tide Skimmer"
Soaring (4),Jumpstart,Other,J25,2024-11-07,0.0,"Faerie Seer, Sprite Noble, Stolen by the Fae, Winged Words, Cynette, Jelly Drover"
Sole Domination,Intro Pack,Other,M13,2012-07-13,27.45,"Tormented Soul, Ring of Xathrid, Plains, Knight of Glory, Vampire Nighthawk"
Solitary Fiends,Intro Pack,Other,AVR,2012-05-04,23.66,"Swiftfoot Boots, Essence Harvest, Swamp, Island, Swamp"
Song Dance,Challenger Deck,Other,Q03,2019-11-08,20.03,"Sacred Foundry, Feather, the Redeemed, Gideon Blackblade, Dreadhorde Arcanist, Tithe Taker"
Sonic: Chasing Adventure,Secret Lair Drop,Other,SLD,2025-08-08,37.41,"Sol Ring, Fabricate, Unexpected Windfall, Open the Armory, Generous Gift"
Sonic: Chasing Adventure Foil Edition,Secret Lair Drop,Other,SLD,2025-08-08,37.41,"Sol Ring, Fabricate, Unexpected Windfall, Open the Armory, Generous Gift"
Sonic: Friends & Foes,Secret Lair Drop,Other,SLD,2025-08-08,53.51,"Super State, Knuckles the Echidna, Shadow the Hedgehog, Sonic the Hedgehog, Dr. Eggman"
Sonic: Friends & Foes Foil Edition,Secret Lair Drop,Other,SLD,2025-08-08,53.51,"Super State, Knuckles the Echidna, Shadow the Hedgehog, Sonic the Hedgehog, Dr. Eggman"
Sonic: Turbo Gear,Secret Lair Drop,Other,SLD,2025-08-08,45.57,"The Reaver Cleaver, Hammer of Nazahn, Swiftfoot Boots, Lightning Greaves, Weatherlight"
Sonic: Turbo Gear Foil Edition,Secret Lair Drop,Other,SLD,2025-08-08,45.57,"The Reaver Cleaver, Hammer of Nazahn, Swiftfoot Boots, Lightning Greaves, Weatherlight"
Soratami's Wisdom,Theme Deck,Other,SOK,2005-06-03,157.0,"Kami of the Crescent Moon, Freed from the Real, Overwhelming Intellect, Soramaro, First to Dream, Graceful Adept"
Sorcerer,Shandalar Enemy Deck,Other,PAST,1997-04-01,344.37,"Mountain, Brass Man, Ali Baba, Winds of Change, Manabarbs"
Sorceress,Shandalar Enemy Deck,Other,PAST,1997-04-01,321.56,"Mountain, Ball Lightning, Blood Lust, Meekstone, Bird Maiden"
Sorin,Duel Deck,Other,DDK,2013-03-15,2.72,"Sorin, Lord of Innistrad, Mesmeric Fiend, Unmake, Spectral Procession, Butcher of Malakir"
"Sorin, Vampire Lord",Planeswalker Deck,Other,M20,2019-07-29,27.92,"Sorin, Vampire Lord, Vampire of the Dire Moon, Dread Presence, Bloodthirsty Aerialist, Swamp"
Sparky Sparky (1),Jumpstart,Other,TLE,2025-11-20,0.0,"Thriving Bluff, Iroh's Demonstration, Mountain, Deer-Dog, Ran and Shaw"
Sparky Sparky (2),Jumpstart,Other,TLE,2025-11-20,4.55,"Overwhelming Victory, Price of Freedom, Thriving Bluff, Mountain, Deer-Dog"
Special Delivery,Theme Deck,Other,USG,1998-10-12,9.97,"Thran Turbine, Argothian Wurm, Forest, Wildfire, Mountain"
Special Delivery - Enhanced Deck,Enhanced Deck,Other,USG,1998-10-12,237.62,"Cursed Scroll, Wasteland, Reflecting Pool, City of Brass, Lightning Dragon"
Special Forces,Theme Deck,Other,5DN,2004-06-04,207.36,"Plunge into Darkness, Silver Myr, Acquire, Whispersilk Cloak, Leaden Myr"
Special Guest: Fiona Staples,Secret Lair Drop,Other,SLD,2021-10-29,70.51,"Dryad of the Ilysian Grove, Metallic Mimic, Sakura-Tribe Elder, Soul-Scar Mage, Spell Queller"
Special Guest: Fiona Staples Foil Edition,Secret Lair Drop,Other,SLD,2021-10-29,70.51,"Dryad of the Ilysian Grove, Metallic Mimic, Sakura-Tribe Elder, Soul-Scar Mage, Spell Queller"
Special Guest: Jen Bartel,Secret Lair Drop,Other,SLD,2021-10-29,85.77,"Bloom Tender, Archaeomancer, Mesa Enchantress, Meteor Golem"
Special Guest: Jen Bartel Foil Edition,Secret Lair Drop,Other,SLD,2021-10-29,85.77,"Bloom Tender, Archaeomancer, Mesa Enchantress, Meteor Golem"
Special Guest: Junji Ito,Secret Lair Drop,Other,SLD,2022-12-05,171.18,"Carrion Feeder, Thoughtseize, Doomsday, Plaguecrafter"
Special Guest: Junji Ito Foil Etched Edition,Secret Lair Drop,Other,SLD,2022-12-05,171.18,"Carrion Feeder, Thoughtseize, Doomsday, Plaguecrafter"
Special Guest: Kelogsloops,Secret Lair Drop,Other,SLD,2022-09-13,165.4,"Mystic Remora, Burgeoning, Utopia Sprawl, Retreat to Coralhelm"
Special Guest: Kelogsloops Foil Edition,Secret Lair Drop,Other,SLD,2022-09-13,165.4,"Mystic Remora, Burgeoning, Utopia Sprawl, Retreat to Coralhelm"
Special Guest: Kozyndan: Another Story,Secret Lair Drop,Other,SLD,2022-12-19,125.96,"Serra Ascendant, Demonic Consultation, Winds of Change, Rapid Hybridization, Llanowar Elves"
Special Guest: Kozyndan: Another Story Foil Edition,Secret Lair Drop,Other,SLD,2022-12-19,125.96,"Serra Ascendant, Demonic Consultation, Winds of Change, Rapid Hybridization, Llanowar Elves"
Special Guest: Kozyndan: The Lands,Secret Lair Drop,Other,SLD,2022-12-19,89.33,"Island, Swamp, Plains, Forest, Mountain"
Special Guest: Kozyndan: The Lands Foil Edition,Secret Lair Drop,Other,SLD,2022-12-19,89.33,"Island, Swamp, Plains, Forest, Mountain"
Special Guest: Matt Jukes,Secret Lair Drop,Other,SLD,2022-08-05,81.34,"Dragonskull Summit, Glacial Fortress, Drowned Catacomb, Sunpetal Grove, Rootbound Crag"
Special Guest: Matt Jukes Foil Edition,Secret Lair Drop,Other,SLD,2022-08-05,81.34,"Dragonskull Summit, Glacial Fortress, Drowned Catacomb, Sunpetal Grove, Rootbound Crag"
Special Guest: Yoji Shinkawa,Secret Lair Drop,Other,SLD,2022-12-05,222.01,"Skullclamp, Tezzeret the Seeker, Phyrexian Metamorph, Solemn Simulacrum"
Special Guest: Yoji Shinkawa Foil Edition,Secret Lair Drop,Other,SLD,2022-12-05,222.01,"Skullclamp, Tezzeret the Seeker, Phyrexian Metamorph, Solemn Simulacrum"
Special Guest: Yuko Shimizu,Secret Lair Drop,Other,SLD,2022-07-22,84.0,"Elvish Spirit Guide, Kira, Great Glass-Spinner, Eidolon of the Great Revel, Hokori, Dust Drinker"
Special Guest: Yuko Shimizu Foil Edition,Secret Lair Drop,Other,SLD,2022-07-22,84.0,"Elvish Spirit Guide, Kira, Great Glass-Spinner, Eidolon of the Great Revel, Hokori, Dust Drinker"
Spectral Legions,Intro Pack,Other,ISD,2011-09-30,33.53,"Spirit Mantle, Curiosity, Lifelink, Geist-Honored Monk, Island"
Spectral Slam,Theme Deck,Other,JUD,2002-05-27,280.51,"Mirari's Wake, Krosan Verge, Forest, Plains, Benevolent Bodyguard"
Spectrum,Theme Deck,Other,INV,2000-10-02,222.81,"Fires of Yavimaya, Harrow, Fertile Ground, Sabertooth Nishoba, Global Ruin"
Speed,Duel Deck,Other,DDN,2014-09-05,12.9,"Fury of the Horde, Goblin Bombardment, Goblin Warchief, Krenko, Mob Boss, Banefire"
Speed Scorch,Theme Deck,Other,8ED,2003-07-28,47.37,"Goblin King, Mountain, Mountain, Mountain, Mogg Sentry"
Speedy,Jumpstart,Other,J22,2022-12-02,26.26,"Kiki-Jiki, Mirror Breaker, Ardoz, Cobbler of War, Bolt Hound, Thriving Bluff, Mudbutton Torchrunner"
Spellcasting (1),Jumpstart,Other,JMP,2020-07-17,0.0,"Double Vision, Shock, Thermo-Alchemist, Goblin Wizardry, Kinetic Augur"
Spellcasting (2),Jumpstart,Other,JMP,2020-07-17,0.0,"Double Vision, Shock, Young Pyromancer, Thermo-Alchemist, Kinetic Augur"
Spellcasting (3),Jumpstart,Other,JMP,2020-07-17,4.6,"Dualcaster Mage, Dragon Fodder, Shock, Thermo-Alchemist, Charmbreaker Devils"
Spellcasting (4),Jumpstart,Other,JMP,2020-07-17,4.78,"Immolating Gyre, Crash Through, Shock, Thermo-Alchemist, Kinetic Augur"
Spellpower,Arena Starter Deck,Other,M21,2021-07-03,8.29,"Brazen Borrower // Petty Theft, Shark Typhoon, Wavebreak Hippocamp, Double Vision, Experimental Overload"
Spellslinger Starter Kit - Red Deck,Spellslinger Starter Kit,Other,M20,2019-07-12,15.53,"Glint-Horn Buccaneer, Drakuseth, Maw of Flames, Mountain, Leyline of Combustion, Immortal Phoenix"
Spellslinger Starter Kit - White Deck,Spellslinger Starter Kit,Other,M20,2019-07-12,12.49,"Angelic Guardian, Sephara, Sky's Blade, Bond of Discipline, Inspiring Unicorn, Plains"
Spellweaver,Theme Deck,Other,P02,1998-06-24,12.53,"Talas Warrior, Island, Island, Exhaustion, Talas Researcher"
Spicy,Jumpstart,Other,J22,2022-12-02,14.21,"Auntie Blyte, Bad Influence, Loxodon Warhammer, Spear Spewer, Coalhauler Swine, Thriving Bluff"
Spider-Verse,Jumpstart,Other,MSH,2026-06-26,10.98,"Spider-Man, New Champion, Astonishing Spider-Man, Iceman and Firestar, Fogwell's Gym, Daily Bugle Newspaper"
Spiraling Doom,Event Deck,Other,DKA,2012-02-24,135.1,"Birthing Pod, Hex Parasite, Myr Battlesphere, Diabolic Tutor, Viridian Corrupter"
Spirit,Jumpstart,Other,TLE,2025-11-20,1.85,"Dramatic Reversal, Dutiful Knowledge Seeker, Baboon Spirit, Island, The Spirit Oasis"
Spirit Flames,Theme Deck,Other,SOK,2005-06-03,31.46,"Elder Pine of Jukai, Arashi, the Sky Asunder, Shinen of Life's Roar, Jiwari, the Earth Aflame, Forest"
Spirit Gale,Theme Deck,Other,BRB,1999-11-12,37.37,"Wrath of God, Windfall, Swords to Plowshares, Soul Warden, Island"
Spiritbane,Theme Deck,Other,CHK,2004-10-01,97.32,"Kusari-Gama, Brothers Yamazaki, Kumano, Master Yamabushi, Brothers Yamazaki, No-Dachi"
Spiritcraft,Theme Deck,Other,BOK,2005-02-04,27.51,"Oyobi, Who Split the Heavens, Kodama of the Center Tree, Traproot Kami, Forest, Wear Away"
Spirits,Theme Deck,Other,PSAL,2005-08-01,0.0,"Mountain, Mountain, Mountain, Mountain, Mountain"
Spirits (1),Jumpstart,Other,JMP,2020-07-17,1.24,"Essence Flux, Capture Sphere, Roaming Ghostlight, Frost Breath, Island"
Spirits (2),Jumpstart,Other,JMP,2020-07-17,0.0,"Rewind, Capture Sphere, Rattlechains, Roaming Ghostlight, Frost Breath"
Spirits 1,Jumpstart,Other,J22,2022-12-02,5.43,"Eidolon of Rhetoric, Selfless Spirit, Chains of Custody, Thriving Heath, Angel of Flight Alabaster"
Spirits 2,Jumpstart,Other,J22,2022-12-02,4.19,"Eidolon of Rhetoric, Hour of Reckoning, Chains of Custody, Thriving Heath, Doomed Traveler"
SpongeBob SquarePants: Internet Sensation,Secret Lair Drop,Other,SLD,2025-03-25,65.12,"Counterspell, Force of Despair, Inevitable Betrayal, Night's Whisper, Daze"
SpongeBob SquarePants: Internet Sensation Foil Edition,Secret Lair Drop,Other,SLD,2025-03-25,65.12,"Counterspell, Force of Despair, Inevitable Betrayal, Night's Whisper, Daze"
SpongeBob SquarePants: Lands Under the Sea,Secret Lair Drop,Other,SLD,2025-03-25,24.6,"Island, Mountain, Forest, Plains, Swamp"
SpongeBob SquarePants: Lands Under the Sea Foil Edition,Secret Lair Drop,Other,SLD,2025-03-25,24.6,"Island, Mountain, Forest, Plains, Swamp"
SpongeBob SquarePants: Legends of Bikini Bottom,Secret Lair Drop,Other,SLD,2025-03-25,68.77,"Jodah, the Unifier, Toxrill, the Corrosive, Toski, Bearer of Secrets, Skrelv, Defector Mite, Grazilaxx, Illithid Scholar"
SpongeBob SquarePants: Legends of Bikini Bottom Foil Edition,Secret Lair Drop,Other,SLD,2025-03-25,68.77,"Jodah, the Unifier, Toxrill, the Corrosive, Toski, Bearer of Secrets, Skrelv, Defector Mite, Grazilaxx, Illithid Scholar"
Spooky (1),Jumpstart,Other,JMP,2020-07-17,0.0,"Swamp, Village Rites, Liliana's Standard Bearer, Caged Zombie, Crypt Lurker"
Spooky (2),Jumpstart,Other,JMP,2020-07-17,2.51,"Harvester of Souls, Swamp, Caged Zombie, Crypt Lurker, Malefic Scythe"
Spooky (3),Jumpstart,Other,JMP,2020-07-17,0.0,"Swamp, Languish, Caged Zombie, Crypt Lurker, Malefic Scythe"
Spooky (4),Jumpstart,Other,JMP,2020-07-17,5.63,"Black Market, Swamp, Caged Zombie, Crypt Lurker, Malefic Scythe"
Squadron,Jumpstart,Other,MSH,2026-06-26,14.72,"Hyperion, Supreme Hero, Zarda, the Power Princess, Doctor Spectrum, Blur of Heroism, Hyperion's Atomic Vision"
Ssssssnakessssss,Secret Lair Drop,Other,SLD,2023-04-14,122.35,"Lotus Cobra, Stonecoil Serpent, Hexdrinker, Ice-Fang Coatl, Seshiro the Anointed"
Ssssssnakessssss Foil Edition,Secret Lair Drop,Other,SLD,2023-04-14,122.35,"Lotus Cobra, Stonecoil Serpent, Hexdrinker, Ice-Fang Coatl, Seshiro the Anointed"
Stalwart (1),Jumpstart,Other,J25,2024-11-07,6.05,"Generous Pup, Ajani, Adversary of Tyrants, Urdnan, Dromoka Warrior, Take Up the Shield, Patron of the Valiant"
Stalwart (2),Jumpstart,Other,J25,2024-11-07,0.0,"Urdnan, Dromoka Warrior, Basri's Lieutenant, Basri's Solidarity, Star Pupil, Cave of Temptation"
Stalwart (3),Jumpstart,Other,J25,2024-11-07,6.05,"Generous Pup, Urdnan, Dromoka Warrior, Steadfast Unicorn, Take Up the Shield, Banishing Light"
Stalwart (4),Jumpstart,Other,J25,2024-11-07,0.0,"Mikaeus, the Lunarch, Urdnan, Dromoka Warrior, Light of the Legion, Gird for Battle, Banishing Light"
Stampede,Theme Deck,Other,5DN,2004-06-04,164.41,"Eternal Witness, Talisman of Impulse, Rite of Passage, Pyrite Spellbomb, Goblin Cannon"
Stampede of Beasts,Intro Pack,Other,M11,2010-07-16,59.69,"Protean Hydra, Whispersilk Cloak, Lightning Bolt, Back to Nature, Cultivate"
Stampeding Hordes,Intro Pack,Other,FRF,2015-01-23,10.03,"Deflecting Palm, Wind-Scarred Crag, Flamerush Rider, Plains, Plains"
Stardew Valley: A Flicker in the Deep,Secret Lair Drop,Other,SLD,2026-08-03,59.61,"Sword of Forge and Frontier, Arcane Signet, Mitotic Slime, Treasure Vault, Atsushi, the Blazing Sky"
Stardew Valley: A Flicker in the Deep Foil Edition,Secret Lair Drop,Other,SLD,2026-08-03,59.61,"Sword of Forge and Frontier, Arcane Signet, Mitotic Slime, Treasure Vault, Atsushi, the Blazing Sky"
Stardew Valley: Life in Pelican Town,Secret Lair Drop,Other,SLD,2026-08-03,72.35,"Yavimaya, Cradle of Growth, Homeward Path, Command Tower, Crop Rotation, Fountainport"
Stardew Valley: Life in Pelican Town Foil Edition,Secret Lair Drop,Other,SLD,2026-08-03,72.35,"Yavimaya, Cradle of Growth, Homeward Path, Command Tower, Crop Rotation, Fountainport"
Stardew Valley: Welcome to Stardew Valley,Secret Lair Drop,Other,SLD,2026-08-03,112.67,"Stardew Valley, Sol Ring, Swords to Plowshares, Rites of Flourishing, Kynaios and Tiro of Meletis"
Stardew Valley: Welcome to Stardew Valley Foil Edition,Secret Lair Drop,Other,SLD,2026-08-03,112.67,"Stardew Valley, Sol Ring, Swords to Plowshares, Rites of Flourishing, Kynaios and Tiro of Meletis"
Starry-Eyed,Arena Starter Deck,Other,M21,2021-07-03,18.65,"Kiora Bests the Sea God, Luminous Broodmoth, Elspeth Conquers Death, Archon of Sun's Grace, All That Glitters"
Starter 2000 sampler pack,Welcome Booster,Other,S00,2000-04-24,0.0,"Spined Wurm, Mountain, Swamp, Forest, Island"
Starter Collection,Box Set,Other,FDN,2024-11-15,46.22,"Swiftfoot Boots, Basilisk Collar, Boros Charm, Aurelia, the Warleader, Massacre Wurm"
Stealthy Subterfuge,Arena Starter Deck,Other,SNC,2022-09-09,18.85,"Shipwreck Marsh, Nashi, Moon Sage's Scion, Thousand-Faced Shadow, Kaito Shizuki, Dismal Backwater"
Stoked (1),Jumpstart,Other,J25,2024-11-07,0.0,"Frontline Heroism, Cleon, Merry Champion, Kiln Fiend, Thriving Bluff, Roil Eruption"
Stoked (2),Jumpstart,Other,J25,2024-11-07,0.0,"Unleash Fury, Dreadhorde Arcanist, Cleon, Merry Champion, Kiln Fiend, Thriving Bluff"
Stoked (3),Jumpstart,Other,J25,2024-11-07,0.0,"Unleash Fury, Frontline Heroism, Mirrorwing Dragon, Young Pyromancer, Cleon, Merry Champion"
Stoked (4),Jumpstart,Other,J25,2024-11-07,0.0,"Crimson Wisps, Infuriate, Young Pyromancer, Cleon, Merry Champion, Thriving Bluff"
"Stomp, Stomp",Arena Starter Deck,Other,M21,2021-07-03,43.28,"Terror of the Peaks, Return of the Wildspeaker, Ram Through, Unleash Fury, Bonecrusher Giant // Stomp"
Storm Surge,Theme Deck,Other,SCG,2003-05-26,844.49,"Chain of Vapor, Mind's Desire, Lonely Sandbar, Secluded Steppe, Whipcorder"
Storm of Blades,Arena Starter Deck,Other,SNC,2022-09-09,15.07,"The Wandering Emperor, Sundown Pass, Lion Sash, Goro-Goro, Disciple of Ryusei, Thundering Raiju"
Stranger Things,Secret Lair Drop,Other,SLD,2022-01-28,97.43,"Arvinox, the Mind Flail, Cecily, Haunted Mage, Othelm, Sigardian Outcast, Wernog, Rider's Chaplain, Elmar, Ulvenwald Informant"
Stranger Things Foil Edition,Secret Lair Drop,Other,SLD,2022-01-28,97.43,"Arvinox, the Mind Flail, Cecily, Haunted Mage, Othelm, Sigardian Outcast, Wernog, Rider's Chaplain, Elmar, Ulvenwald Informant"
Street Fighter,Secret Lair Drop,Other,SLD,2022-07-22,67.94,"Zethi, Arcane Blademaster, Maarika, Brutal Gladiator, Tadeas, Juniper Ascendant, Vikya, Scorching Stalwart, The Howling Abomination"
Street Fighter Foil Edition,Secret Lair Drop,Other,SLD,2022-07-22,67.94,"Zethi, Arcane Blademaster, Maarika, Brutal Gladiator, Tadeas, Juniper Ascendant, Vikya, Scorching Stalwart, The Howling Abomination"
Street Level Villains,Jumpstart,Other,MSH,2026-06-26,8.85,"Kingpin, Wilson Fisk, Criminal Enterprise, Hammerhead, Maggia Boss, Deadly Dispute, Madame Masque"
Streets of New Capenna Bundle Land Pack,Bundle Land Pack,Other,SNC,2022-04-29,0.0,"Mountain, Mountain, Plains, Swamp, Forest"
Streets of New Capenna Foil Redemption,MTGO Redemption,Other,SNC,2022-05-29,203.34,"Jetmir's Garden, Raffine's Tower, Xander's Lounge, Spara's Headquarters, Jetmir, Nexus of Revels"
Streets of New Capenna Redemption,MTGO Redemption,Other,SNC,2022-05-29,203.34,"Jetmir's Garden, Raffine's Tower, Xander's Lounge, Spara's Headquarters, Jetmir, Nexus of Revels"
Streets of New Capenna Welcome Booster,Welcome Booster,Other,SNC,2022-04-29,3.18,"Kogla, the Titan Ape, Sunblast Angel, Ob Nixilis Reignited, Commander's Sphere, Mr. Orfeo, the Boulder"
Strength Of Selesnya,Event Deck,Other,DGM,2013-05-24,104.63,"Parallel Lives, Godless Shrine, Champion of Lambholt, Increasing Devotion, Growing Ranks"
Strength in Numbers,Arena Starter Deck,Other,M19,2018-09-27,19.69,"Leonin Warleader, Goblin Instigator, Kinjalli's Sunwing, Captivating Crew, Clifftop Retreat"
Strike Force,Planechase Deck,Other,HOP,2009-09-04,37.92,"Insurrection, Furnace of Rath, Relic of Progenitus, Goblin Offensive, Soul Warden"
Strixhaven Bundle Land Pack,Bundle Land Pack,Other,STX,2021-04-23,0.0,"Swamp, Swamp, Plains, Plains, Swamp"
Strixhaven: School of Mages Foil Redemption,MTGO Redemption,Other,STX,2021-05-23,132.89,"Blex, Vexing Pest // Search for Blex, Wandering Archaic // Explore the Vastlands, Crackle with Power, Beledros Witherbloom, Sedgemoor Witch"
Strixhaven: School of Mages Redemption,MTGO Redemption,Other,STX,2021-05-23,132.89,"Blex, Vexing Pest // Search for Blex, Wandering Archaic // Explore the Vastlands, Crackle with Power, Beledros Witherbloom, Sedgemoor Witch"
Sultai Schemers,Intro Pack,Other,KTK,2014-09-26,17.69,"Murderous Cut, Opulent Palace, Treasure Cruise, Typhoid Rats, Wall of Mulch"
Summoner,Shandalar Enemy Deck,Other,PAST,1997-04-01,74.92,"Colossus of Sardia, Birds of Paradise, Force of Nature, Radjan Spirit, Hurricane"
Sun Empire,Theme Deck,Other,E02,2017-11-24,42.6,"Aggravated Assault, Regisaur Alpha, Quicksilver Amulet, Raging Swordtooth, Path to Exile"
Sunburst,Theme Deck,Other,5DN,2004-06-04,122.35,"Joiner Adept, Energy Chamber, Wayfarer's Bauble, Pentad Prism, Chromatic Sphere"
Superabundance,Theme Deck,Other,EVE,2008-07-25,128.71,"Fable of Wolf and Owl, Cerulean Wisps, Favor of the Overbeing, Slippery Bogle, Spitting Image"
Surge of Resistance,Intro Pack,Other,OGW,2016-01-22,9.56,"Expedite, Reckless Bushwhacker, Rolling Thunder, Stormchaser Mage, Anticipate"
Surprise Attack,Intro Pack,Other,FRF,2015-01-23,3.15,"Reality Shift, Island, Wall of Frost, Secret Plans, Island"
Surprise! (1),Jumpstart,Other,J25,2024-11-07,0.0,"Thryx, the Sudden Storm, Crystacean, Stinging Lionfish, Delightful Discovery, Opt"
Surprise! (2),Jumpstart,Other,J25,2024-11-07,0.0,"Thryx, the Sudden Storm, Voracious Greatshark, Pestermite, Starlit Mantle, Stinging Lionfish"
Surprise! (3),Jumpstart,Other,J25,2024-11-07,0.0,"Venser, Shaper Savant, Breaching Hippocamp, Pestermite, Starlit Mantle, Supreme Will"
Surprise! (4),Jumpstart,Other,J25,2024-11-07,0.0,"Wavebreak Hippocamp, Venser, Shaper Savant, Fading Hope, Soul Read, Stinging Lionfish"
Suspended Sentence,Theme Deck,Other,FUT,2007-05-04,89.93,"Clockspinning, Paradox Haze, Reality Strobe, Zoetic Cavern, Reality Acid"
Svend Geertsen - Green Stompy,World Championship Deck,Other,WC97,1997-08-13,36.96,"Winter Orb, Rogue Elephant, Quirion Ranger, Fyndhorn Elves, Bounty of the Hunt"
Swarm & Slam,Theme Deck,Other,DST,2004-02-06,81.81,"Myr Matrix, Spawning Pit, Gold Myr, Echoing Courage, Tangle Spider"
Swarming Instinct,Intro Pack,Other,BFZ,2015-10-02,23.33,"Bane of Bala Ged, Brood Monitor, Kozilek's Channeler, Scour from Existence, Titan's Presence"
Sweet Revenge,Event Deck,Other,M13,2012-08-03,50.3,"Darkslick Shores, Sulfur Falls, Faithless Looting, Red Sun's Zenith, Think Twice"
Swift Justice,Intro Pack,Other,DKA,2012-02-03,13.18,"Mountain, Stromkirk Noble, Fiend Hunter, Plains, Plains"
Swoop,Theme Deck,Other,APC,2001-06-04,315.19,"Mystic Snake, Chromatic Sphere, Fertile Ground, Urborg Elf, Wash Out"
Swordmaster,Jumpstart,Other,TLE,2025-11-20,10.96,"Duelist's Heritage, Sokka, Swordmaster, Plains, Meteor Sword, Inspired Insurgent"
Sylvan Wisdom,Arena Starter Deck,Other,LTR,2023-06-20,43.73,"Nissa, Resurgent Animist, Tribute to the World Tree, Ezuri, Stalker of Spheres, Yavimaya Coast, Elrond, Master of Healing"
Tactical Assault,Arena Starter Deck,Other,M19,2018-09-27,9.38,"Leonin Warleader, Zetalpa, Primal Dawn, Serra Angel, Herald of Faith, Plains"
Take to the Sky,Intro Pack,Other,ORI,2015-07-17,7.65,"Faerie Miscreant, Murder Investigation, Celestial Flare, Turn to Frog, Plains"
Tales of the Time Stoppers,Secret Lair Drop,Other,SLD,2023-12-05,34.5,"Nexus of Fate, Time Reversal, Beacon of Tomorrows, Time Stop"
Tales of the Time Stoppers Foil Edition,Secret Lair Drop,Other,SLD,2023-12-05,34.94,"Nexus of Fate, Time Reversal, Beacon of Tomorrows, Time Stop"
Tarkir: Dragonstorm Bundle Land Pack,Bundle Land Pack,Other,TDM,2025-04-11,8.7,"Mountain, Mountain, Forest, Forest, Island"
Tarkir: Dragonstorm Redemption,MTGO Redemption,Other,TDM,2025-05-07,354.79,"Ugin, Eye of the Storms, Elspeth, Storm Slayer, Mountain, Craterhoof Behemoth, Voice of Victory"
Tea Time at the Jasmine Dragon,Box Set,Other,TLA,2025-11-14,34.38,"Toph, Greatest Earthbender, Aang and Katara, Mai and Zuko, Sokka and Suki, Momo's Heist"
Teamwork 1,Jumpstart,Other,J22,2022-12-02,1.72,"Agrus Kos, Eternal Soldier, Angelic Cub, Taranika, Akroan Veteran, Valorous Stance, Thriving Heath"
Teamwork 2,Jumpstart,Other,J22,2022-12-02,1.72,"Agrus Kos, Eternal Soldier, Angelic Cub, Valorous Stance, Thriving Heath, Task Force"
Teenage Mutant Ninja Turtles Bundle Land Pack,Bundle Land Pack,Other,TMT,2026-03-06,0.0,"Forest, Forest, Swamp, Swamp, Mountain"
Teenage Mutant Ninja Turtles Pizza Bundle Land Pack,Bundle Land Pack,Other,TMT,2026-03-06,0.0,"Forest, Forest, Swamp, Swamp, Mountain"
Teenage Mutant Ninja Turtles: The Last Ronin,Secret Lair Drop,Other,SLD,2026-03-03,56.78,"Mental Misstep, Ink-Eyes, Servant of Oni, Chord of Calling, Anger, Settle the Wreckage"
Teenage Mutant Ninja Turtles: The Last Ronin Foil Edition,Secret Lair Drop,Other,SLD,2026-03-03,56.78,"Mental Misstep, Ink-Eyes, Servant of Oni, Chord of Calling, Anger, Settle the Wreckage"
Teenage Mutant Ninja Turtles: The Mighty Mutanimals,Secret Lair Drop,Other,SLD,2026-03-03,56.23,"Hardened Scales, Triumph of the Hordes, Kediss, Emberclaw Familiar, Pirated Copy, Deepglow Skate"
Teenage Mutant Ninja Turtles: The Mighty Mutanimals Foil Edition,Secret Lair Drop,Other,SLD,2026-03-03,56.23,"Hardened Scales, Triumph of the Hordes, Kediss, Emberclaw Familiar, Pirated Copy, Deepglow Skate"
Teenage Mutant Ninja Turtles: VHS Villains,Secret Lair Drop,Other,SLD,2026-03-03,42.75,"Higure, the Still Wind, Species Specialist, Delver of Secrets // Insectile Aberration, Rampaging Baloths, Triskelion"
Teenage Mutant Ninja Turtles: VHS Villains Foil Edition,Secret Lair Drop,Other,SLD,2026-03-03,42.75,"Higure, the Still Wind, Species Specialist, Delver of Secrets // Insectile Aberration, Rampaging Baloths, Triskelion"
Teeth of the Predator,Duel Of The Planeswalkers Deck,Other,DPA,2010-06-04,17.65,"Vigor, Loxodon Warhammer, Howl of the Night Pack, Blanchwood Armor, Rampant Growth"
Teferi,Jumpstart,Other,JMP,2020-07-17,16.58,"Teferi, Master of Time, Teferi's Ageless Insight, Island, Opt, Teferi's Tutelage"
Teferi's Time Trouble,Secret Lair Drop,Other,SLD,2021-12-13,27.37,"Karn, the Great Creator, Teferi, Time Raveler, Dack Fayden"
"Teferi, Timebender",Planeswalker Deck,Other,DOM,2018-04-27,4.85,"Jhoira's Familiar, Teferi, Timebender, Plains, Island, Serra Angel"
"Teferi, Timeless Voyager",Planeswalker Deck,Other,M21,2020-07-03,7.34,"Teferi's Ageless Insight, Teferi, Timeless Voyager, Island, Stormwing Entity, Opt"
Temur Avalanche,Intro Pack,Other,KTK,2014-09-26,40.29,"Stubborn Denial, Elvish Mystic, Frontier Bivouac, Savage Punch, Roar of Challenge"
Tenacious,Jumpstart,Other,MSH,2026-06-26,12.83,"Return of the Mole Man, Voracious Brood, White Tiger, Amulet Keeper, Call Damage Control, Terramorphic Expanse"
Tenth Edition Fat Pack Land Pack,Bundle Land Pack,Other,10E,2007-07-13,6.22,"Swamp, Forest, Mountain, Forest, Plains"
Tenth Edition Foil Redemption,MTGO Redemption,Other,10E,2007-08-12,2658.76,"Crucible of Worlds, Root Maze, Grave Pact, Seedborn Muse, Abundance"
Tenth Edition Redemption,MTGO Redemption,Other,10E,2007-08-12,2658.76,"Crucible of Worlds, Root Maze, Grave Pact, Seedborn Muse, Abundance"
Tezzeret,Duel Deck,Other,DDF,2010-09-03,38.85,"Tezzeret the Seeker, Energy Chamber, Thoughtcast, Foil, Seat of the Synod"
"Tezzeret, Master of Metal",Planeswalker Deck,Other,AER,2017-01-20,2.85,"Tezzeret, Master of Metal, Ornithopter, Barricade Breaker, Reverse Engineer, Island"
Thalia: Beyond the Helvault,Secret Lair Drop,Other,SLD,2020-03-12,16.09,"Thalia, Guardian of Thraben, Thalia, Guardian of Thraben, Thalia, Guardian of Thraben, Thalia, Guardian of Thraben"
Thallids,Theme Deck,Other,PSAL,2005-08-01,0.0,"Forest, Forest, Forest, Forest, Forest"
The '90s Binder Experience,Secret Lair Drop,Other,SLD,2023-04-14,162.38,"Exotic Orchard, Rin and Seri, Inseparable, Goreclaw, Terror of Qal Sisma, Alms Collector, Crested Sunmare"
The '90s Binder Experience Foil Edition,Secret Lair Drop,Other,SLD,2023-04-14,162.38,"Exotic Orchard, Rin and Seri, Inseparable, Goreclaw, Terror of Qal Sisma, Alms Collector, Crested Sunmare"
The Adventurers,Intro Pack,Other,ZEN,2009-10-02,21.76,"Lightning Bolt, Turntimber Ranger, Kazuul Warlord, Greenweaver Druid, Oran-Rief Survivalist"
The Art of Frank Frazetta,Secret Lair Drop,Other,SLD,2022-12-19,283.41,"Dark Ritual, Seize the Day, Midnight Reaper, Temporal Manipulation, Field Marshal"
The Art of Frank Frazetta Foil Edition,Secret Lair Drop,Other,SLD,2022-12-19,283.41,"Dark Ritual, Seize the Day, Midnight Reaper, Temporal Manipulation, Field Marshal"
The Art of Frank Frazetta: The Second Exhibition,Secret Lair Drop,Other,SLD,2025-06-10,80.05,"Aggravated Assault, Desperate Ritual, Zulaport Cutthroat, Deadly Dispute, Murderous Rider // Swift End"
The Art of Frank Frazetta: The Second Exhibition Foil Edition,Secret Lair Drop,Other,SLD,2025-06-10,80.05,"Aggravated Assault, Desperate Ritual, Zulaport Cutthroat, Deadly Dispute, Murderous Rider // Swift End"
The Astrology Lands: Aquarius,Secret Lair Drop,Other,SLD,2022-05-15,5.09,Island
The Astrology Lands: Aquarius Foil Edition,Secret Lair Drop,Other,SLD,2022-05-15,5.09,Island
The Astrology Lands: Aries,Secret Lair Drop,Other,SLD,2022-07-29,6.91,Mountain
The Astrology Lands: Aries Foil Edition,Secret Lair Drop,Other,SLD,2022-07-29,6.91,Mountain
The Astrology Lands: Cancer,Secret Lair Drop,Other,SLD,2022-10-21,7.22,Plains
The Astrology Lands: Cancer Foil Edition,Secret Lair Drop,Other,SLD,2022-10-21,7.22,Plains
The Astrology Lands: Capricorn,Secret Lair Drop,Other,SLD,2022-04-29,6.24,Swamp
The Astrology Lands: Capricorn Foil Edition,Secret Lair Drop,Other,SLD,2022-04-29,6.24,Swamp
The Astrology Lands: Gemini,Secret Lair Drop,Other,SLD,2022-09-23,7.91,Mountain
The Astrology Lands: Gemini Foil Edition,Secret Lair Drop,Other,SLD,2022-09-23,7.91,Mountain
The Astrology Lands: Leo,Secret Lair Drop,Other,SLD,2022-10-04,6.91,Plains
The Astrology Lands: Leo Foil Edition,Secret Lair Drop,Other,SLD,2022-10-04,6.91,Plains
The Astrology Lands: Libra,Secret Lair Drop,Other,SLD,2022-10-25,5.69,Plains
The Astrology Lands: Libra Foil Edition,Secret Lair Drop,Other,SLD,2022-10-25,5.69,Plains
The Astrology Lands: Pisces,Secret Lair Drop,Other,SLD,2022-07-29,5.49,Island
The Astrology Lands: Pisces Foil Edition,Secret Lair Drop,Other,SLD,2022-07-29,5.49,Island
The Astrology Lands: Sagittarius,Secret Lair Drop,Other,SLD,2022-12-27,23.77,Forest
The Astrology Lands: Sagittarius Foil Edition,Secret Lair Drop,Other,SLD,2022-12-27,23.77,Forest
The Astrology Lands: Scorpio,Secret Lair Drop,Other,SLD,2022-12-27,18.79,Swamp
The Astrology Lands: Scorpio Foil Edition,Secret Lair Drop,Other,SLD,2022-12-27,18.79,Swamp
The Astrology Lands: Taurus,Secret Lair Drop,Other,SLD,2022-09-02,5.66,Forest
The Astrology Lands: Taurus Foil Edition,Secret Lair Drop,Other,SLD,2022-09-02,5.66,Forest
The Astrology Lands: Virgo,Secret Lair Drop,Other,SLD,2022-10-25,5.53,Island
The Astrology Lands: Virgo Foil Edition,Secret Lair Drop,Other,SLD,2022-10-25,5.53,Island
The Beauty of the Beasts,Secret Lair Drop,Other,SLD,2024-02-23,120.53,"Scourge of Valkas, Felidar Guardian, Voracious Hydra, Serpent of Yawning Depths, Peregrine Drake"
The Beauty of the Beasts Foil Edition,Secret Lair Drop,Other,SLD,2024-02-23,172.43,"Scourge of Valkas, Felidar Guardian, Peregrine Drake, Voracious Hydra, Serpent of Yawning Depths"
The Black Sun Invasion,Box Set,Other,TLA,2025-11-14,34.56,"Sokka's Charge, Fire Nation Turret, Earthshape, Appa, the Vigilant, Katara's Reversal"
The Brazen Coalition,Arena Starter Deck,Other,DOM,2018-03-22,15.34,"Forerunner of the Coalition, Dire Fleet Ravager, Fanatical Firebrand, Captivating Crew, Fell Flagship"
The Brothers' War Bundle Land Pack,Bundle Land Pack,Other,BRO,2022-11-18,0.0,"Island, Island, Swamp, Swamp, Mountain"
The Brothers' War Foil Redemption,MTGO Redemption,Other,BRO,2023-01-04,249.57,"Portal to Phyrexia, Awaken the Woods, Myrel, Shield of Argive, Diabolic Intent, Cityscape Leveler"
The Brothers' War Redemption,MTGO Redemption,Other,BRO,2023-01-04,249.57,"Portal to Phyrexia, Awaken the Woods, Myrel, Shield of Argive, Diabolic Intent, Cityscape Leveler"
The Coalition,Duel Deck,Other,DDE,2010-03-19,3.22,"Armadillo Cloak, Island, Treva, the Renewer, Harrow, Darigaaz, the Igniter"
The Deluge,Theme Deck,Other,BRB,1999-11-12,49.09,"Land Tax, Catastrophe, Dirtcowl Wurm, Plains, Plains"
The Dracula Lands,Secret Lair Drop,Other,SLD,2022-05-06,64.3,"Swamp, Plains, Mountain, Forest, Island"
The Dracula Lands Foil Edition,Secret Lair Drop,Other,SLD,2022-05-06,64.3,"Swamp, Plains, Mountain, Forest, Island"
The Evil Dead,Secret Lair Drop,Other,SLD,2023-12-18,182.18,"Field of the Dead, Puresteel Paladin, Varina, Lich Queen, Vanquish the Horde, Zombie Apocalypse"
The Evil Dead Foil Edition,Secret Lair Drop,Other,SLD,2023-12-18,182.18,"Field of the Dead, Puresteel Paladin, Varina, Lich Queen, Vanquish the Horde, Zombie Apocalypse"
The Eyes Have It,Secret Lair Drop,Other,SLD,2026-05-12,40.54,"Gitaxian Probe, Otherworldly Gaze, Opt, Counterbalance, Baleful Strix"
The Eyes Have It Foil Edition,Secret Lair Drop,Other,SLD,2026-05-12,40.54,"Gitaxian Probe, Otherworldly Gaze, Opt, Counterbalance, Baleful Strix"
The Fairest Drop of All Foil Edition,Secret Lair Drop,Other,SLD,2024-12-10,40.59,"Tuvasa the Sunlit // Tuvasa the Sunlit, Steely Resolve // Steely Resolve, Estrid's Invocation // Estrid's Invocation, Estrid, the Masked // Estrid, the Masked"
The Flames of Rath,Theme Deck,Other,TMP,1997-10-14,16.66,"Furnace of Rath, Goblin Bombardment, Searing Touch, Soltari Guerrillas, Mogg Fanatic"
The Full-Text Lands,Secret Lair Drop,Other,SLD,2021-08-25,50.83,"Island, Mountain, Swamp, Forest, Plains"
The Full-Text Lands Foil Edition,Secret Lair Drop,Other,SLD,2021-08-25,50.83,"Island, Mountain, Swamp, Forest, Plains"
The Godzilla Lands,Secret Lair Drop,Other,SLD,2020-05-07,0.0,"Plains, Island, Swamp, Mountain, Forest"
The Hobbit Bundle Land Pack,Bundle Land Pack,Other,HOB,2026-01-23,82.84,"Plains, Plains, Plains, Plains, Plains"
The Last of Us Part I,Secret Lair Drop,Other,SLD,2025-11-06,30.43,"Cabal Ritual, Ellie, Brick Master, Haunted One, Joel, Resolute Survivor"
The Last of Us Part I Foil Edition,Secret Lair Drop,Other,SLD,2025-11-06,30.43,"Cabal Ritual, Ellie, Brick Master, Haunted One, Joel, Resolute Survivor"
The Last of Us Part II,Secret Lair Drop,Other,SLD,2025-11-06,22.1,"Dictate of Erebos, Ellie, Vengeful Hunter, Mycoloth, Abby, Merciless Soldier"
The Last of Us Part II Foil Edition,Secret Lair Drop,Other,SLD,2025-11-06,22.1,"Dictate of Erebos, Ellie, Vengeful Hunter, Mycoloth, Abby, Merciless Soldier"
The Legion of Dusk,Arena Starter Deck,Other,DOM,2018-03-22,58.23,"Vanquisher's Banner, Forerunner of the Legion, Vona, Butcher of Magan, Legion Lieutenant, Sanctum Seeker"
The Lord of the Rings: Tales of Middle-earth Bundle Land Pack,Bundle Land Pack,Other,LTR,2023-06-23,0.0,"Plains, Plains, Swamp, Swamp, Mountain"
The Lost Caverns of Ixalan Bundle Land Pack,Bundle Land Pack,Other,LCI,2023-11-17,0.0,"Island, Island, Plains, Plains, Forest"
The Lost Caverns of Ixalan Foil Redemption,MTGO Redemption,Other,LCI,2023-12-06,445.04,"Roaming Throne, Cavern of Souls, Bloodletter of Aclazotz, Ojer Taq, Deepest Foundation // Temple of Civilization, Ghalta, Stampede Tyrant"
The Lost Caverns of Ixalan Redemption,MTGO Redemption,Other,LCI,2023-12-06,445.04,"Roaming Throne, Cavern of Souls, Bloodletter of Aclazotz, Ojer Taq, Deepest Foundation // Temple of Civilization, Ghalta, Stampede Tyrant"
"The Meaning of Life, Maybe",Secret Lair Drop,Other,SLD,2022-12-19,218.6,"Mental Misstep, Forced Fruition, Mind's Dilation, Well of Lost Dreams, Future Sight"
"The Meaning of Life, Maybe Foil Edition",Secret Lair Drop,Other,SLD,2022-12-19,218.6,"Mental Misstep, Forced Fruition, Mind's Dilation, Well of Lost Dreams, Future Sight"
The Might of Galadriel,Box Set,Other,LTC,2023-11-03,67.81,"Galadriel's Dismissal, Galadriel, Light of Valinor, Galadhrim Brigade, Mists of Lórien, Rally the Galadhrim"
The Nightstalkers,Theme Deck,Other,P02,1998-06-24,10.54,"Ancient Craving, Swamp, Swamp, Swamp, Predatory Nightstalker"
The Office: Dwight's Destiny,Secret Lair Drop,Other,SLD,2025-10-27,92.54,"Heliod, Sun-Crowned, Swords to Plowshares, Steelshaper's Gift, Reaper King, Baral, Chief of Compliance"
The Office: Dwight's Destiny Foil Edition,Secret Lair Drop,Other,SLD,2025-10-27,92.54,"Heliod, Sun-Crowned, Swords to Plowshares, Steelshaper's Gift, Reaper King, Baral, Chief of Compliance"
The Path Not Traveled,Secret Lair Drop,Other,SLD,2020-06-03,15.08,"Ajani Steadfast, Vraska, Golgari Queen, Tamiyo, Field Researcher, Domri Rade"
The Plague,Theme Deck,Other,USG,1998-10-12,6.42,"Pariah, Worship, Plains, Swamp, Swamp"
The Plague - Enhanced Deck,Enhanced Deck,Other,USG,1998-10-12,66.16,"Reflecting Pool, Wall of Nets, Dark Ritual, Pariah, Marble Titan"
The Princess Bride,Secret Lair Drop,Other,SLD,2023-11-30,316.28,"Sisay, Weatherlight Captain, Fynn, the Fangbearer, Battle of Wits, Samut, Voice of Dissent, Silence"
The Princess Bride Foil Edition,Secret Lair Drop,Other,SLD,2023-11-30,316.28,"Sisay, Weatherlight Captain, Fynn, the Fangbearer, Battle of Wits, Samut, Voice of Dissent, Silence"
The River Heralds,Arena Starter Deck,Other,DOM,2018-03-22,53.66,"Herald of Secret Streams, Tishana, Voice of Thunder, Hadana's Climb // Winged Temple of Orazca, Mist-Cloaked Herald, Forerunner of the Heralds"
The Siege of Alexandria,Box Set,Other,FIN,2025-06-13,104.94,"Vivi's Persistence, Brilliant Wings, Judgment of Alexander, Search for Dagger, Amarant Coral"
The Slivers,Theme Deck,Other,TMP,1997-10-14,5.26,"Counterspell, Ertai's Meddling, Extinction, Winged Sliver, Fevered Convulsions"
The Slivers - Advanced Deck,Advanced Deck,Other,TMP,1997-10-14,17.35,"Underground River, Counterspell, Nevinyrral's Disk, Impulse, Winged Sliver"
The Space Beyond the Stars,Secret Lair Drop,Other,SLD,2022-12-05,52.17,"Stasis, Prismatic Omen, Imprisoned in the Moon, Wheel of Sun and Moon"
The Space Beyond the Stars Foil Edition,Secret Lair Drop,Other,SLD,2022-12-05,52.17,"Stasis, Prismatic Omen, Imprisoned in the Moon, Wheel of Sun and Moon"
The Sparkler,Theme Deck,Other,STH,1998-03-02,24.4,"Propaganda, Intruder Alarm, Counterspell, Searing Touch, Reins of Power"
The Sparkler - Advanced Deck,Advanced Deck,Other,STH,1998-03-02,23.7,"Propaganda, Jokulhaups, Counterspell, Searing Touch, Impulse"
The Spikes,Theme Deck,Other,STH,1998-03-02,20.82,"Hermit Druid, Heartstone, Spike Feeder, Forest, Forest"
The Spikes - Advanced Deck,Advanced Deck,Other,STH,1998-03-02,149.31,"Reflecting Pool, Undiscovered Paradise, City of Brass, Armageddon, Gemstone Mine"
The Stars Gaze Back,Secret Lair Drop,Other,SLD,2023-08-29,89.58,"Omnath, Locus of Rage, Flamekin Harbinger, Risen Reef, Voice of Resurgence"
The Stars Gaze Back Foil Edition,Secret Lair Drop,Other,SLD,2023-08-29,89.58,"Omnath, Locus of Rage, Flamekin Harbinger, Risen Reef, Voice of Resurgence"
The Strange Sands: Forest,Secret Lair Drop,Other,SLD,2025-01-15,3.77,Forest
The Strange Sands: Forest Foil Edition,Secret Lair Drop,Other,SLD,2025-01-15,3.77,Forest
The Strange Sands: Island,Secret Lair Drop,Other,SLD,2025-01-15,11.56,Island
The Strange Sands: Island Foil Edition,Secret Lair Drop,Other,SLD,2025-01-15,11.56,Island
The Strange Sands: Mountain,Secret Lair Drop,Other,SLD,2025-01-15,4.97,Mountain
The Strange Sands: Mountain Foil Edition,Secret Lair Drop,Other,SLD,2025-01-15,4.97,Mountain
The Strange Sands: Plains,Secret Lair Drop,Other,SLD,2025-01-15,3.01,Plains
The Strange Sands: Plains Foil Edition,Secret Lair Drop,Other,SLD,2025-01-15,3.01,Plains
The Strange Sands: Swamp,Secret Lair Drop,Other,SLD,2025-01-15,4.58,Swamp
The Strange Sands: Swamp Foil Edition,Secret Lair Drop,Other,SLD,2025-01-15,4.58,Swamp
The Sun Empire,Arena Starter Deck,Other,DOM,2018-03-22,37.72,"Forerunner of the Empire, Samut, Voice of Dissent, Verdant Sun's Avatar, Ranging Raptors, Needletooth Raptor"
The Swarm,Theme Deck,Other,TMP,1997-10-14,108.34,"Aluren, Recycle, Forest, Muscle Sliver, Forest"
The Swarm - Advanced Deck,Advanced Deck,Other,TMP,1997-10-14,139.66,"Aluren, Birds of Paradise, Armageddon, Brushland, Uktabi Orangutan"
The Tokyo Lands,Secret Lair Drop,Other,SLD,2022-09-13,91.2,"Plains, Swamp, Forest, Island, Mountain"
The Tokyo Lands Foil Etched Edition,Secret Lair Drop,Other,SLD,2022-09-13,91.2,"Plains, Swamp, Forest, Island, Mountain"
The Unfathomable Crushing Brutality of Basic Lands,Secret Lair Drop,Other,SLD,2021-04-13,72.33,"Swamp, Mountain, Island, Forest, Plains"
The Unfathomable Crushing Brutality of Basic Lands Foil Edition,Secret Lair Drop,Other,SLD,2021-04-13,72.33,"Swamp, Mountain, Island, Forest, Plains"
The Walking Dead,Secret Lair Drop,Other,SLD,2020-10-13,82.09,"Greymond, Avacyn's Stalwart, Hansk, Slayer Zealot, Malik, Grim Manipulator, Gregor, Shrewd Magistrate, Enkira, Hostile Scavenger"
The Weirdest Pets in the Multiverse,Secret Lair Drop,Other,SLD,2022-12-05,73.51,"Beast Whisperer, Stitcher's Supplier, Laboratory Maniac, Wood Elves, Vizier of the Menagerie"
The Weirdest Pets in the Multiverse Foil Edition,Secret Lair Drop,Other,SLD,2022-12-05,73.51,"Beast Whisperer, Stitcher's Supplier, Laboratory Maniac, Wood Elves, Vizier of the Menagerie"
The Wilds and the Deep,Intro Pack,Other,JOU,2014-05-02,33.58,"Archetype of Imagination, Kiora's Follower, Triton Shorestalker, Forest, Bassara Tower Archer"
Their Magic is Limitless,Secret Lair Drop,Other,SLD,2026-07-22,79.9,"Finale of Devastation, Dark Ritual, Sol Ring, Coat of Arms, Lathril, Blade of the Elves"
Their Magic is Limitless Foil Edition,Secret Lair Drop,Other,SLD,2026-07-22,79.9,"Finale of Devastation, Dark Ritual, Sol Ring, Coat of Arms, Lathril, Blade of the Elves"
Theros Beyond Death Bundle Land Pack,Bundle Land Pack,Other,THB,2020-01-24,0.0,"Mountain, Mountain, Plains, Plains, Plains"
Theros Beyond Death Foil Redemption,MTGO Redemption,Other,THB,2020-02-23,299.05,"Shadowspear, Thassa, Deep-Dwelling, Nyxbloom Ancient, Thassa's Oracle, Heliod, Sun-Crowned"
Theros Beyond Death Redemption,MTGO Redemption,Other,THB,2020-02-23,299.05,"Shadowspear, Thassa, Deep-Dwelling, Nyxbloom Ancient, Thassa's Oracle, Heliod, Sun-Crowned"
Theros Fat Pack Land Pack,Bundle Land Pack,Other,THS,2013-09-27,5.18,"Forest, Plains, Island, Forest, Island"
Theros Foil Redemption,MTGO Redemption,Other,THS,2013-10-27,528.32,"Nykthos, Shrine to Nyx, Swan Song, Purphoros, God of the Forge, Erebos, God of the Dead, Xenagos, the Reveler"
Theros Holiday Gift Box Land Pack,Bundle Land Pack,Other,THS,2013-11-15,5.18,"Forest, Plains, Island, Forest, Island"
Theros Redemption,MTGO Redemption,Other,THS,2013-10-27,528.32,"Nykthos, Shrine to Nyx, Swan Song, Purphoros, God of the Forge, Erebos, God of the Dead, Xenagos, the Reveler"
Theros Stargazing: Vol. I (Heliod),Secret Lair Drop,Other,SLD,2020-02-14,65.89,"Iroas, God of Victory, Heliod, God of the Sun, Karametra, God of Harvests"
Theros Stargazing: Vol. II (Thassa),Secret Lair Drop,Other,SLD,2020-02-14,54.29,"Thassa, God of the Sea, Ephara, God of the Polis, Kruphix, God of Horizons"
Theros Stargazing: Vol. III (Erebos),Secret Lair Drop,Other,SLD,2020-02-14,103.74,"Athreos, God of Passage, Phenax, God of Deception, Erebos, God of the Dead"
Theros Stargazing: Vol. IV (Purphoros),Secret Lair Drop,Other,SLD,2020-02-14,88.33,"Purphoros, God of the Forge, Keranos, God of Storms, Mogis, God of Slaughter"
Theros Stargazing: Vol. V (Nylea),Secret Lair Drop,Other,SLD,2020-02-14,56.18,"Nylea, God of the Hunt, Xenagos, God of Revels, Pharika, God of Affliction"
They Grow Up So Fast,Secret Lair Drop,Other,SLD,2025-03-25,50.76,"Dragonlord Dromoka // Dragonlord Dromoka, Dragonlord Kolaghan // Dragonlord Kolaghan, Dragonlord Silumgar // Dragonlord Silumgar, Dragonlord Atarka // Dragonlord Atarka, Dragonlord Ojutai // Dragonlord Ojutai"
They Grow Up So Fast Foil Edition,Secret Lair Drop,Other,SLD,2025-03-25,50.76,"Dragonlord Dromoka // Dragonlord Dromoka, Dragonlord Kolaghan // Dragonlord Kolaghan, Dragonlord Silumgar // Dragonlord Silumgar, Dragonlord Atarka // Dragonlord Atarka, Dragonlord Ojutai // Dragonlord Ojutai"
Think Again 1,Jumpstart,Other,J22,2022-12-02,3.56,"Jace, Arcane Strategist, Serum Visions, Spectral Sailor, Merfolk Pupil, Faerie Vandal"
Think Again 2,Jumpstart,Other,J22,2022-12-02,10.33,"Alandra, Sky Dreamer, Spectral Sailor, Hedron Archive, Merfolk Pupil, Faerie Vandal"
Think Again 3,Jumpstart,Other,J22,2022-12-02,10.33,"Alandra, Sky Dreamer, Spectral Sailor, Merfolk Pupil, Faerie Vandal, Lay Claim"
Think Again 4,Jumpstart,Other,J22,2022-12-02,1.03,"Spectral Sailor, Faerie Formation, Military Intelligence, Merfolk Pupil, Faerie Vandal"
Thor,Jumpstart,Other,MSH,2026-06-26,10.58,"Origin of Thor, Lightning Bolt, Asgardian Inspiration, Thor, Asgard's Avenger, Molten Lavamancer"
Thought Invoker,Shandalar Enemy Deck,Other,PAST,1997-04-01,60.95,"Time Elemental, Energy Flux, Giant Tortoise, Mahamoti Djinn, Drain Power"
Thoughts of the Wind,Duel Of The Planeswalkers Deck,Other,DPA,2010-06-04,0.0,"Evacuation, Mind Spring, Mind Control, Negate, Phantom Warrior"
Thrilling Tales of the Undead,Secret Lair Drop,Other,SLD,2022-01-28,102.81,"Gravecrawler, Rise of the Dark Realms, Liliana, Death's Majesty"
Thrilling Tales of the Undead Foil Edition,Secret Lair Drop,Other,SLD,2022-01-28,102.81,"Gravecrawler, Rise of the Dark Realms, Liliana, Death's Majesty"
Thrive and Thrash,Event Deck,Other,GTC,2013-02-22,29.08,"Deadeye Navigator, Arbor Elf, Strangleroot Geist, Farseek, Gruul Ragebeast"
Throne of Eldraine Bundle Land Pack,Bundle Land Pack,Other,ELD,2019-10-04,0.0,"Plains, Plains, Island, Swamp, Island"
Throne of Eldraine Foil Redemption,MTGO Redemption,Other,ELD,2019-11-03,244.2,"The Great Henge, Embercleave, Oko, Thief of Crowns, Wishclaw Talisman, Ayara, First of Locthwain"
Throne of Eldraine Redemption,MTGO Redemption,Other,ELD,2019-11-03,244.2,"The Great Henge, Embercleave, Oko, Thief of Crowns, Wishclaw Talisman, Ayara, First of Locthwain"
Through the Wormhole,Secret Lair Drop,Other,SLD,2023-12-05,220.05,"Sol Ring, Arcane Signet, Command Tower, Thought Vessel, Lightning Greaves"
Through the Wormhole Galaxy Foil Edition,Secret Lair Drop,Other,SLD,2023-12-05,409.46,"Sol Ring, Arcane Signet, Command Tower, Thought Vessel, Lightning Greaves"
Thunderbolts,Jumpstart,Other,MSH,2026-06-26,7.7,"Citizen V, Helmut Zemo, Valentina Allegra de Fontaine, Songbird, Sonic Screamer, Fixer, Techno Terror, Swamp"
Tibalt,Duel Deck,Other,DDK,2013-03-15,0.0,"Sulfuric Vortex, Tibalt, the Fiend-Blooded, Faithless Looting, Hellrider, Terminate"
Tidal Mastery,Theme Deck,Other,MMQ,1999-10-04,499.73,"Counterspell, Thwart, War Tax, Saprazzan Legate, Coastal Piracy"
Tidal Mastery - Enhanced Deck,Enhanced Deck,Other,MMQ,1999-10-04,917.77,"Palinchron, Counterspell, Thwart, Mother of Runes, War Tax"
Time Curse,Theme Deck,Other,S99,1999-07-12,30.5,"Time Warp, Counterspell, Island, Island, Island"
Time Drain,Theme Deck,Other,ULG,1999-02-15,760.61,"Cloud of Faeries, Snap, Frantic Search, Treetop Village, Faerie Conclave"
Time Drain - Enhanced Deck,Enhanced Deck,Other,ULG,1999-02-15,943.03,"Palinchron, Cloud of Faeries, Snap, Miscalculation, Reflecting Pool"
Time Spiral Fat Pack Land Pack,Bundle Land Pack,Other,TSP,2006-10-06,0.0,"Swamp, Island, Forest, Swamp, Mountain"
Time Spiral Foil Redemption,MTGO Redemption,Other,TSP,2006-11-05,2553.19,"Gemstone Caverns, Scion of the Ur-Dragon, Ophidian Eye, Snapback, Angel's Grace"
Time Spiral Redemption,MTGO Redemption,Other,TSP,2006-11-05,2553.19,"Gemstone Caverns, Scion of the Ur-Dragon, Ophidian Eye, Snapback, Angel's Grace"
Time Spiral Timeshifted Foil Redemption,MTGO Redemption,Other,TSB,2006-11-05,1827.62,"Claws of Gix, Tormod's Crypt, Darkness, Dandân, Akroma, Angel of Wrath"
Time Spiral Timeshifted Redemption,MTGO Redemption,Other,TSB,2006-11-05,1827.62,"Claws of Gix, Tormod's Crypt, Darkness, Dandân, Akroma, Angel of Wrath"
Time Trouble Two,Secret Lair Drop,Other,SLD,2022-12-19,40.31,"Narset, Parter of Veils, Nissa, Who Shakes the World, Tezzeret, Agent of Bolas"
Time Trouble Two Foil Edition,Secret Lair Drop,Other,SLD,2022-12-19,40.31,"Narset, Parter of Veils, Nissa, Who Shakes the World, Tezzeret, Agent of Bolas"
Titanic 1,Jumpstart,Other,BRO,2022-11-18,3.64,"Sarinth Steelseeker, Gaea's Gift, Bushwhack, Woodcaller Automaton, Cradle Clearcutter"
Titanic 2,Jumpstart,Other,BRO,2022-11-18,2.32,"Sarinth Steelseeker, Bushwhack, Woodcaller Automaton, Cradle Clearcutter, Iron-Craw Crusher"
To Adventure!,Arena Starter Deck,Other,M21,2021-07-03,4.4,"Ironscale Hydra, Realm-Cloaked Giant // Cast Off, Plains, Primal Might, Giant Killer // Chop Down"
Toby's Journey by Gary Baseman,Secret Lair Drop,Other,SLD,2026-06-16,34.81,"Prismatic Vista, Farseek, Sovereign Okinec Ahau, Trailblazer's Boots, Long Goodbye"
Toby's Journey by Gary Baseman Foil Edition,Secret Lair Drop,Other,SLD,2026-06-16,34.81,"Prismatic Vista, Farseek, Sovereign Okinec Ahau, Trailblazer's Boots, Long Goodbye"
Tokens,Deck Builder's Toolkit,Other,M13,2012-07-13,5.54,"Attended Knight, Lingering Souls, Intangible Virtue, Goldnight Redeemer, Glorious Charge"
Tom van de Logt - Machine Head,World Championship Deck,Other,WC01,2001-08-08,41.59,"Rishadan Port, Dark Ritual, Mountain, Swamp, Swamp"
Tom van de Logt - Replenish,World Championship Deck,Other,WC00,2000-08-02,200.78,"Replenish, Enlightened Tutor, Attunement, Parallax Tide, Parallax Wave"
Tomb Raider,Secret Lair Drop,Other,SLD,2023-12-05,168.92,"Shadowspear, Lara Croft, Tomb Raider, Academy Ruins, Bow of Nylea, Search for Azcanta // Azcanta, the Sunken Ruin"
Tomb Raider Foil Edition,Secret Lair Drop,Other,SLD,2023-12-05,168.92,"Shadowspear, Lara Croft, Tomb Raider, Academy Ruins, Bow of Nylea, Search for Azcanta // Azcanta, the Sunken Ruin"
Tombstone,Theme Deck,Other,USG,1998-10-12,17.14,"Victimize, Exhume, Island, Turnabout, Island"
Tombstone - Enhanced Deck,Enhanced Deck,Other,USG,1998-10-12,132.09,"Reflecting Pool, Reanimate, Living Death, Armageddon, Animate Dead"
Tome of the Astral Sorceress,Secret Lair Drop,Other,SLD,2024-10-01,37.4,"Preordain, Teferi's Ageless Insight, Back to Basics, Sphinx of the Second Sun"
Tome of the Astral Sorceress Foil Edition,Secret Lair Drop,Other,SLD,2024-10-01,37.4,"Preordain, Teferi's Ageless Insight, Back to Basics, Sphinx of the Second Sun"
Too Many,Jumpstart,Other,J25,2024-11-07,1.59,"Fiendish Duo, Reckless Impulse, Brothers Yamazaki, Brothers Yamazaki, Krenko's Command"
Toph,Jumpstart,Other,TLE,2025-11-20,57.74,"Toph, Earthbending Master, Solid Ground, Tale of Katara and Toph, Frog-Squirrels, Kyoshi Warrior Exemplars"
Torment Foil Redemption,MTGO Redemption,Other,TOR,2002-03-06,2644.52,"Grim Lavamancer, Cabal Coffers, Cabal Ritual, Insidious Dreams, Cleansing Meditation"
Torment Redemption,MTGO Redemption,Other,TOR,2002-03-06,2644.52,"Grim Lavamancer, Cabal Coffers, Cabal Ritual, Insidious Dreams, Cleansing Meditation"
Totally Merciless,Jumpstart,Other,DMU,2022-09-09,2.72,"Swamp, Knight of Dusk's Shadow, Swamp, Swamp, Braids's Frightful Return"
Totally Ruthless,Jumpstart,Other,DMU,2022-09-09,2.72,"Swamp, Cut Down, Cult Conscript, Swamp, Swamp"
Totally Spaced Out Galaxy Foil Edition,Secret Lair Drop,Other,SLD,2022-12-05,145.81,"Strip Mine, Command Beacon, Fabled Passage, Ash Barrens"
Totem Power,Intro Pack,Other,ROE,2010-04-23,76.72,"Soul's Attendant, Kor Spiritdancer, Ornithopter, Forest, Forest"
Towering,Jumpstart,Other,MSH,2026-06-26,0.0,"Forest, Giant-Man, Gargantuan Genius, Ms. Marvel, Elastic Ally, Ant-Man, Reformed Rogue, Goliath, Mass Manipulator"
Toxic 1,Jumpstart,Other,ONE,2023-02-10,1.92,"Infectious Bite, Goliath Hatchery, Cankerbloom, Venomous Brutalizer, Copper Longlegs"
Toxic 2,Jumpstart,Other,ONE,2023-02-10,1.7,"Tyvar's Stand, Goliath Hatchery, Cankerbloom, Paladin of Predation, The Hunter Maze"
Tragic Romance,Secret Lair Drop,Other,SLD,2025-03-25,150.97,"Kaalia of the Vast, Skithiryx, the Blight Dragon, Master of Cruelties, Angel of Despair"
Tragic Romance Foil Edition,Secret Lair Drop,Other,SLD,2025-03-25,150.97,"Kaalia of the Vast, Skithiryx, the Blight Dragon, Master of Cruelties, Angel of Despair"
Trained,Jumpstart,Other,MSH,2026-06-26,9.15,"Shang-Chi, Martial Mentor, Advancing the Spirit, She-Hulk, Attorney-at-Law, Forest, Thriving Grove"
Trample Civilization Underfoot,Archenemy Deck,Other,ARC,2010-06-18,8.57,"Rancor, Armadillo Cloak, Khalni Garden, Path to Exile, Fog"
Transference,Theme Deck,Other,DST,2004-02-06,276.16,"Skullclamp, Seat of the Synod, Arcbound Reclaimer, Reshape, Voltaic Construct"
"Transformers: One Shall Stand, One Shall Fall",Secret Lair Drop,Other,SLD,2022-12-19,54.54,"Plains, Mountain, Swamp, Island, Forest"
"Transformers: One Shall Stand, One Shall Fall Foil Edition",Secret Lair Drop,Other,SLD,2022-12-19,54.54,"Plains, Mountain, Swamp, Island, Forest"
Transformers: Optimus Prime vs. Megatron,Secret Lair Drop,Other,SLD,2022-12-19,106.48,"Blightsteel Colossus // Blightsteel Colossus, Doubling Cube // Doubling Cube, Darksteel Colossus // Darksteel Colossus"
Transformers: Optimus Prime vs. Megatron Foil Edition,Secret Lair Drop,Other,SLD,2022-12-19,106.48,"Blightsteel Colossus // Blightsteel Colossus, Doubling Cube // Doubling Cube, Darksteel Colossus // Darksteel Colossus"
Transformers: Roll Out or Rise Up,Secret Lair Drop,Other,SLD,2022-12-19,109.01,"Dramatic Reversal, Fabricate, True Conviction, Greater Good, By Force"
Transformers: Roll Out or Rise Up Foil Edition,Secret Lair Drop,Other,SLD,2022-12-19,109.01,"Dramatic Reversal, Fabricate, True Conviction, Greater Good, By Force"
Treasure 1,Jumpstart,Other,J22,2022-12-02,0.0,"Captain Lannery Storm, Sudden Breakthrough, Thriving Bluff, Rapacious Dragon, Goldvein Pick"
Treasure 2,Jumpstart,Other,J22,2022-12-02,6.45,"Professional Face-Breaker, Reckless Fireweaver, Thriving Bluff, Rapacious Dragon, Goldvein Pick"
Treasure 3,Jumpstart,Other,J22,2022-12-02,9.9,"Goldspan Dragon, Big Score, Thriving Bluff, Rapacious Dragon, Goldvein Pick"
Treasure 4,Jumpstart,Other,J22,2022-12-02,0.0,"Gadrak, the Crown-Scourge, Gleaming Barrier, Thriving Bluff, Rapacious Dragon, Goldvein Pick"
Treasure Hunt,Arena Starter Deck,Other,AFR,2021-09-24,37.22,"Goldspan Dragon, Xorn, Blightstep Pathway // Searstep Pathway, Soul Shatter, Shambling Ghast"
Treasures (1),Jumpstart,Other,J25,2024-11-07,9.83,"Pitiless Plunderer, Evereth, Viceroy of Plunder, Ruthless Technomancer, Deadly Dispute, Shambling Ghast"
Treasures (2),Jumpstart,Other,J25,2024-11-07,12.28,"Pitiless Plunderer, Vault of Whispers, Evereth, Viceroy of Plunder, Deadly Dispute, Shambling Ghast"
Tree-Hugging (1),Jumpstart,Other,JMP,2020-07-17,0.0,"Primordial Sage, Llanowar Visionary, Warden of the Woods, Wall of Blossoms, Explore"
Tree-Hugging (2),Jumpstart,Other,JMP,2020-07-17,0.0,"Primordial Sage, Llanowar Visionary, Warden of the Woods, Wall of Blossoms, Explore"
Tree-Hugging (3),Jumpstart,Other,JMP,2020-07-17,0.0,"Llanowar Visionary, Warden of the Woods, Wall of Blossoms, Jolrael, Mwonvuli Recluse, Explore"
Tree-Hugging (4),Jumpstart,Other,JMP,2020-07-17,1.12,"Soul of the Harvest, Llanowar Visionary, Warden of the Woods, Wall of Blossoms, Explore"
Trick or Treat,Secret Lair Drop,Other,SLD,2025-10-27,61.58,"Vito, Thorn of the Dusk Rose, Wilhelt, the Rotcleaver, Voja, Jaws of the Conclave, Liberator, Urza's Battlethopter, Satoru Umezawa"
Trick or Treat Foil Edition,Secret Lair Drop,Other,SLD,2025-10-27,61.58,"Vito, Thorn of the Dusk Rose, Wilhelt, the Rotcleaver, Voja, Jaws of the Conclave, Liberator, Urza's Battlethopter, Satoru Umezawa"
Tricksters,Jumpstart,Other,MSH,2026-06-26,104.87,"Loki, Lord of Misrule, Multiversal Recruitment, Impossible Man, Living Lies of Loki, Kid Loki"
Tricksy 1,Jumpstart,Other,LTR,2023-06-23,3.49,"Elvish Mariner, Elrond, Lord of Rivendell, Arwen's Gift, Glorious Gale, Council's Deliberation"
Tricksy 2,Jumpstart,Other,LTR,2023-06-23,3.49,"Elvish Mariner, Elrond, Lord of Rivendell, Saruman the White, Arwen's Gift, Glorious Gale"
Troll Shaman,Shandalar Enemy Deck,Other,PAST,1997-04-01,422.26,"Mountain, Strip Mine, Dancing Scimitar, Oasis, Shivan Dragon"
Trounce-O-Matic,Theme Deck,Other,ODY,2001-10-01,504.76,"Roar of the Wurm, Careful Study, Predict, Peek, Nimble Mongoose"
Truth Seekers,Theme Deck,Other,SOK,2005-06-03,143.97,"Rune-Tail, Kitsune Ascendant // Rune-Tail's Essence, Honden of Life's Web, Honden of Cleansing Fire, Nikko-Onna, Bounteous Kirin"
Turnabout,Theme Deck,Other,SHM,2008-05-02,495.43,"Umbral Mantle, Devoted Druid, Pili-Pala, Rhys the Redeemed, Seedcradle Witch"
Turnaround,Theme Deck,Other,PCY,2000-06-05,1243.23,"Daze, Rhystic Study, Foil, Seal of Cleansing, Mageta the Lion"
Twisted Reality,Intro Pack,Other,OGW,2016-01-22,21.73,"Bane of Bala Ged, Kozilek's Channeler, Endless One, Scour from Existence, Titan's Presence"
Twisted Toons,Secret Lair Drop,Other,SLD,2025-03-25,61.7,"Culling the Weak, Silence, Winds of Abandon, Fatal Push, Young Wolf"
Twisted Toons Foil Edition,Secret Lair Drop,Other,SLD,2025-03-25,61.7,"Culling the Weak, Silence, Winds of Abandon, Fatal Push, Young Wolf"
Ultimate Sacrifice,Event Deck,Other,BFZ,2015-10-02,42.92,"Zulaport Cutthroat, Grim Haruspex, Hangarback Walker, Murderous Cut, Llanowar Wastes"
Ultron,Jumpstart,Other,MSH,2026-06-26,69.74,"Ultron the Annihilator, Ultron's Auxiliary, Doombot Harbinger, Robot Domination, Dark Deed"
Uncanny,Jumpstart,Other,MSH,2026-06-26,21.82,"Wolverine, Claws Out, X-23, Deadly Weapon, Colossus, Steel Stalwart, Storm, Shaker of Skies, Forest"
Uncharted,Secret Lair Drop,Other,SLD,2025-11-06,30.92,"Passionate Archaeologist, Whip of Erebos, Nathan Drake, Treasure Hunter, Midnight Clock, Chain Reaction"
Uncharted Foil Edition,Secret Lair Drop,Other,SLD,2025-11-06,30.92,"Passionate Archaeologist, Whip of Erebos, Nathan Drake, Treasure Hunter, Midnight Clock, Chain Reaction"
Undead,Jumpstart,Other,FDN,2024-11-15,5.79,"Death Baron, Deadly Plot, Swamp, Eaten Alive, Reassembling Skeleton"
Undead Knight,Shandalar Enemy Deck,Other,PAST,1997-04-01,86.72,"El-Hajjâj, Flying Carpet, Bad Moon, Nightmare, Black Knight"
Under the Sea (1),Jumpstart,Other,JMP,2020-07-17,0.0,"Waker of Waves, Rousing Read, Aegis Turtle, Tolarian Kraken, Thriving Isle"
Under the Sea (2),Jumpstart,Other,JMP,2020-07-17,0.0,"Waker of Waves, Whelming Wave, Cryptic Serpent, Aegis Turtle, Thriving Isle"
Underwater,Jumpstart,Other,TLE,2025-11-20,4.19,"Tui and La, Moon and Ocean, Coastal Piracy, Island, Flying Dolphin-Fish, White Lotus Hideout"
Underworld Herald,Event Deck,Other,BNG,2014-02-28,29.06,"Crypt Ghast, Gift of Orzhova, Pack Rat, Desecration Demon, Agent of the Fates"
Unearthed 1,Jumpstart,Other,BRO,2022-11-18,0.0,"Go for the Throat, Ashnod's Intervention, No One Left Behind, Gruesome Realization, Scrapwork Rager"
Unearthed 2,Jumpstart,Other,BRO,2022-11-18,0.0,"Overwhelming Remorse, Transmogrant Altar, Gnawing Vermin, Gruesome Realization, Scrapwork Rager"
Unearthed Secrets,Intro Pack,Other,SOI,2016-04-08,6.01,"Tireless Tracker, Erdwal Illuminator, Watcher in the Web, Press for Answers, Gone Missing"
Unflinching Assault,Intro Pack,Other,FRF,2015-01-23,33.5,"Merciless Executioner, Elite Scaleguard, Cruel Sadist, Harsh Sustenance, Battle Brawler"
Unicorns,Jumpstart,Other,JMP,2020-07-17,21.33,"Emiel the Blessed, Blessed Sanctuary, Cloudshift, Plains, Plains"
United Assault,Challenger Deck,Other,Q02,2019-04-12,12.8,"Legion's Landing // Adanto, the First Fort, History of Benalia, Dauntless Bodyguard, Benalish Marshal, Adanto Vanguard"
Unlikely Alliances,Intro Pack,Other,EMN,2016-07-22,4.72,"Campaign of Vengeance, Repel the Abominable, Blessed Alliance, Plains, Lunarch Mantle"
Unlucky Thirteen,Jumpstart,Other,J22,2022-12-02,7.24,"Tree of Perdition, Exsanguinate, Sling-Gang Lieutenant, Triskaidekaphobia, Piranha Marsh"
Unnatural Forces,MTGO Theme Deck,Other,VIS,2006-04-10,30.57,"Necromancy, Impulse, Flooded Shoreline, Swamp, Vision Charm"
Unnatural Schemes,Intro Pack,Other,ARB,2009-04-30,44.26,"Terramorphic Expanse, Nemesis of Reason, Lich Lord of Unx, Island, Fatestitcher"
Unraveling Mind,Theme Deck,Other,PLC,2007-02-02,120.25,"Mirri the Cursed, Phantasmagorian, Mindlash Sliver, Dauthi Slayer, Fiery Temper"
Unstable Terrain,Intro Pack,Other,ZEN,2009-10-02,36.29,"Roil Elemental, Harrow, Baloth Woodcrasher, Sage Owl, Turntimber Basilisk"
Untamed Wild,Intro Pack,Other,EMN,2016-07-22,2.9,"Silverfur Partisan, Blood Mist, Primal Druid, Assembled Alphas, Furyblade Vampire"
Up and Away,Starter Kit,Other,SNC,2022-06-03,11.52,"Hullbreaker Horror, Welcoming Vampire, Inspiring Overseer, Consuming Tide, Dreamshackle Geist"
Urza's,Jumpstart,Other,J22,2022-12-02,15.29,"Walking Ballista, Karn Liberated, Expedition Map, Urza's Power Plant, Urza's Tower"
Valentine's Day 2021,Secret Lair Drop,Other,SLD,2021-04-13,56.57,"Boros Charm, Goblin Rabblemaster, Gisela, Blade of Goldnight, Monastery Swiftspear"
Valentine's Day 2021 Foil Edition,Secret Lair Drop,Other,SLD,2021-04-13,56.57,"Boros Charm, Goblin Rabblemaster, Gisela, Blade of Goldnight, Monastery Swiftspear"
Vampire Lord,Shandalar Enemy Deck,Other,PAST,1997-04-01,272.14,"Sorceress Queen, Mana Vault, Carrion Ants, Howling Mine, Animate Dead"
Vampire Onslaught,Event Deck,Other,M12,2011-08-12,267.09,"Verdant Catacombs, Blade of the Bloodchief, Bloodghast, Pawn of Ulamog, Dismember"
Vampires,Jumpstart,Other,FDN,2024-11-15,0.0,"Vengeful Bloodwitch, Swamp, Crossway Troublemakers, Hero's Downfall, Swamp"
Vampires (1),Jumpstart,Other,J25,2024-11-07,0.0,"Sangromancer, Vampire of the Dire Moon, Blood Fountain, Urge to Feed, Bleed Dry"
Vampires (2),Jumpstart,Other,JMP,2020-07-17,13.48,"Vito, Thorn of the Dusk Rose, Silversmote Ghoul, Swamp, Gifted Aetherborn, Gloom Sower"
Vampires (3),Jumpstart,Other,J25,2024-11-07,4.94,"Creeping Bloodsucker, Necropolis Regent, Blood Fountain, Go for the Throat, Vicious Conquistador"
Vampires (4),Jumpstart,Other,JMP,2020-07-17,4.73,"Drana, Liberator of Malakir, Silversmote Ghoul, Swamp, Gifted Aetherborn, Gloom Sower"
Vampiric Thirst,Intro Pack,Other,SOI,2016-04-08,9.62,"Alms of the Vein, Indulgent Aristocrat, Olivia's Bloodsworn, Burn from Within, Tormenting Voice"
Vehicle Rush,Challenger Deck,Other,Q01,2018-04-06,32.68,"Skysovereign, Consul Flagship, Spire of Industry, Inspiring Vantage, Mountain, Dragonskull Summit"
Vehicles,Jumpstart,Other,MSH,2026-06-26,5.68,"The Thanos-Copter, Intrepid Ace, Sky Cycle, Captain America's Motorcycle, Mountain"
Venser,Duel Deck,Other,DDI,2012-03-30,20.16,"Sigil of Sleep, Venser, the Sojourner, Steel of the Godhead, Path to Exile, Preordain"
Vicious Cycle,Intro Pack,Other,OGW,2016-01-22,12.42,"Brood Monitor, Smothering Abomination, Blighted Woodland, Wastes, Wastes"
Villains Unleashed,Box Set,Other,MSH,2026-06-26,20.0,"Absorbing Man and Titania, Ultron, Machine Overlord, M.O.D.O.K., Evil Intellect, Thanos, Death's Consort, Abomination, Irradiated Brute"
Viva Las Rakdos,Secret Lair Drop,Other,SLD,2025-05-13,48.0,"Beseech the Mirror, Lightning Greaves, Talisman of Indulgence, Dark Petition, Light Up the Stage"
Vivien,Planeswalker Deck,Other,M19,2018-07-13,6.67,"Colossal Majesty, Vivien of the Arkbow, Forest, Forest, Reclamation Sage"
Vivien's Hunt,Arena Promotional Deck,Other,ONE,2023-02-10,8.21,"Titan of Industry, Gala Greeters, Augur of Autumn, Howlpack Piper // Wildsong Howler, Vivien on the Hunt"
"Vivien, Nature's Avenger",Planeswalker Deck,Other,M20,2019-07-29,3.22,"Vivien, Nature's Avenger, Season of Growth, Forest, Aggressive Mammoth, Rabid Bite"
Voracious Rage,Intro Pack,Other,JOU,2014-05-02,8.23,"Searing Blood, Fanatic of Mogis, Swamp, Swamp, Swamp"
Vraska,Duel Deck,Other,DDM,2014-03-14,3.24,"Ohran Viper, Vraska the Unseen, Night's Whisper, Swamp, Rogue's Passage"
"Vraska, Regal Gorgon",Planeswalker Deck,Other,GRN,2018-10-05,14.48,"Beast Whisperer, Vraska, Regal Gorgon, Lotleth Giant, Forest, Swamp"
"Vraska, Scheming Gorgon",Planeswalker Deck,Other,RIX,2018-01-19,21.15,"Legion Lieutenant, Champion of Dusk, Swamp, Vraska, Scheming Gorgon, Famished Paladin"
Wakanda,Jumpstart,Other,MSH,2026-06-26,2.8,"Black Panther, Most Dangerous, Shuri, Vibranium Technologist, Okoye, Dora Milaje Leader, Ultimate Alliance, Wakandan Tusker"
Waking Nightmares,Theme Deck,Other,TOR,2002-02-08,280.08,"Chainer, Dementia Master, Mesmeric Fiend, Enslaved Dwarf, Tainted Peak, Mountain"
Walk the Plank,Arena Starter Deck,Other,M19,2018-09-27,15.53,"Drowned Catacomb, Siren Stormtamer, Ravenous Chupacabra, Demonlord Belzenlok, Chart a Course"
Walls,Jumpstart,Other,JMP,2020-07-17,0.0,"Assault Formation, Towering Titan, Portcullis Vine, Wall of Blossoms, Warmonger's Chariot"
War Mage,Shandalar Enemy Deck,Other,PAST,1997-04-01,500.76,"Mountain, Mana Vault, Aladdin's Ring, Ball Lightning, Fellwar Stone"
War of Attrition,Event Deck,Other,NPH,2011-06-10,140.55,"Stoneforge Mystic, Puresteel Paladin, Sword of Vengeance, Journey to Nowhere, Leonin Relic-Warder"
War of the Spark Bundle Land Pack,Bundle Land Pack,Other,WAR,2019-05-03,0.0,"Island, Plains, Swamp, Plains, Mountain"
War of the Spark Foil Redemption,MTGO Redemption,Other,WAR,2019-06-02,575.11,"Emergence Zone, Finale of Devastation, Neoform, Bolas's Citadel, God-Eternal Oketra"
War of the Spark Redemption,MTGO Redemption,Other,WAR,2019-06-02,575.11,"Emergence Zone, Finale of Devastation, Neoform, Bolas's Citadel, God-Eternal Oketra"
"Warhammer 40,000: Orks",Secret Lair Drop,Other,SLD,2022-12-05,170.61,"Zurgo Helmsmasher, Krenko, Tin Street Kingpin, Aggravated Assault, Merciless Executioner, Skysovereign, Consul Flagship"
"Warhammer 40,000: Orks Foil Edition",Secret Lair Drop,Other,SLD,2022-12-05,170.61,"Zurgo Helmsmasher, Krenko, Tin Street Kingpin, Aggravated Assault, Merciless Executioner, Skysovereign, Consul Flagship"
Warhammer Age of Sigmar,Secret Lair Drop,Other,SLD,2022-12-05,150.63,"Najeela, the Blade-Blossom, Blind Obedience, Scourge of the Throne, Loxodon Warhammer, Danitha Capashen, Paragon"
Warhammer Age of Sigmar Foil Edition,Secret Lair Drop,Other,SLD,2022-12-05,150.63,"Najeela, the Blade-Blossom, Blind Obedience, Scourge of the Throne, Loxodon Warhammer, Danitha Capashen, Paragon"
Warlock,Shandalar Enemy Deck,Other,PAST,1997-04-01,55.22,"El-Hajjâj, Hypnotic Specter, Dark Ritual, Tawnos's Wand, Swamp"
Warrior's Code,Theme Deck,Other,MOR,2008-02-01,99.12,"Boldwyr Heavyweights, Brighthearth Banneret, Unstoppable Ash, Bramblewood Paragon, Obsidian Battle-Axe"
Warriors,Jumpstart,Other,TLE,2025-11-20,1.11,"Suki, Kyoshi Captain, Plains, Valorous Stance, Sokka's Sword Training, Team Avatar"
Warriors (1),Jumpstart,Other,J25,2024-11-07,3.81,"Gornog, the Red Reaper, Boldwyr Intimidator, Thriving Bluff, Ghitu Encampment, Goma Fada Vanguard"
Warriors (2),Jumpstart,Other,J25,2024-11-07,3.81,"Gornog, the Red Reaper, Infuriate, Kargan Intimidator, Boldwyr Intimidator, Thriving Bluff"
Way Wild,Theme Deck,Other,7ED,2001-04-11,601.74,"Llanowar Elves, Wild Growth, Ancient Silverback, Wood Elves, Blanchwood Armor"
Way of the Warrior,Theme Deck,Other,CHK,2004-10-01,78.67,"Takeno, Samurai General, Bushi Tenderfoot // Kenzo the Hardhearted, Call to Glory, Konda's Hatamoto, No-Dachi"
We Are Legion,Intro Pack,Other,M10,2009-07-17,42.76,"Lightning Bolt, Soul Warden, Plains, Armored Ascension, Honor of the Pure"
We Hope You Like Squirrels,Secret Lair Drop,Other,SLD,2021-03-15,82.52,"Krosan Beast, Swarmyard, Chatter of the Squirrel, Squirrel Mob, Squirrel Wrangler"
Weapons and Wards,Intro Pack,Other,EMN,2016-07-22,9.88,"Open the Armory, Ulvenwald Observer, Subjugator Angel, Emrakul's Evangel, Gryff's Boon"
Web-Slinging,Jumpstart,Other,MSH,2026-06-26,0.0,"Amazing Spider-Girl, Aunt May, Thwip!, Vault Guardsman, Flash Thompson, Spider-Fan"
Wei Kingdom,Theme Deck,Other,PTK,1999-05-01,161.21,"Cao Cao, Lord of Wei, Sima Yi, Wei Field Marshal, Ambition's Cost, Wei Assassins, Swamp"
Welcome to Castle Dracula,Secret Lair Drop,Other,SLD,2022-05-06,121.97,"Exquisite Blood, Phyrexian Tower, Night's Whisper"
Welcome to Castle Dracula Foil Edition,Secret Lair Drop,Other,SLD,2022-05-06,121.97,"Exquisite Blood, Phyrexian Tower, Night's Whisper"
Welcome to the Fungal,Secret Lair Drop,Other,SLD,2022-12-19,80.01,"Ghave, Guru of Spores, Mycoloth, Slimefoot, the Stowaway, Abundant Growth"
Welcome to the Fungal Foil Edition,Secret Lair Drop,Other,SLD,2022-12-19,80.01,"Ghave, Guru of Spores, Mycoloth, Slimefoot, the Stowaway, Abundant Growth"
Welded 1,Jumpstart,Other,BRO,2022-11-18,0.0,"Artificer's Dragon, Bitter Reunion, Obliterating Bolt, Mishra, Excavation Prodigy, Scrapwork Mutt"
Welded 2,Jumpstart,Other,BRO,2022-11-18,0.0,"Artificer's Dragon, Mishra, Excavation Prodigy, Scrapwork Mutt, Fallaji Dragon Engine, Mishra's Research Desk"
Well-Read (1),Jumpstart,Other,JMP,2020-07-17,0.0,"Curiosity, Opt, Rousing Read, Ormos, Archive Keeper, Tolarian Kraken"
Well-Read (2),Jumpstart,Other,JMP,2020-07-17,0.0,"Curiosity, Capture Sphere, Opt, Rousing Read, Ormos, Archive Keeper"
Well-Read (3),Jumpstart,Other,JMP,2020-07-17,64.56,"Rhystic Study, Curiosity, Opt, Tolarian Kraken, Island"
Well-Read (4),Jumpstart,Other,JMP,2020-07-17,0.0,"Curiosity, Read the Runes, Capture Sphere, Opt, Tolarian Kraken"
Whim,Shandalar Enemy Deck,Other,PAST,1997-04-01,10129.91,"Black Lotus, Mox Pearl, Colossus of Sardia, Carrion Ants, Royal Assassin"
Whirlpool,Theme Deck,Other,APC,2001-06-04,399.23,"Opt, Chromatic Sphere, Fire // Ice, Flametongue Kavu, Bloodfire Dwarf"
White,Game Night Deck,Other,GNT,2018-11-16,4.92,"Cleansing Nova, Militant Angel, Always Watching, Valiant Knight, Benalish Marshal"
White Black Auras,Deck Builder's Toolkit,Other,ORI,2015-07-17,5.38,"Sage's Reverie, Blightcaster, Fetid Imp, Pacifism, Blood-Cursed Knight"
White Black Life Gain,Deck Builder's Toolkit,Other,M15,2014-07-18,5.47,"Sunbond, Nyx-Fleece Ram, Sungrace Pegasus, Wall of Limbs, Ajani's Pridemate"
White Black Warriors,Deck Builder's Toolkit,Other,ORI,2015-07-17,1.5,"Blood-Chin Rager, Mardu Woe-Reaper, Herald of Dromoka, Harsh Sustenance, Chief of the Edge"
White Blue Bestow,Deck Builder's Toolkit,Other,M15,2014-07-18,1.0,"Glimpse the Sun God, Akroan Skyguard, Skyspear Cavalry, Wavecrash Triton, Wingsteed Rider"
White Blue Prowess,Deck Builder's Toolkit,Other,ORI,2015-07-17,0.0,"Mistfire Adept, Strongarm Monk, Ojutai's Breath, Student of Ojutai, Ringwarden Owl"
White Deck,Welcome Deck,Other,M19,2018-07-13,0.0,"Herald of Faith, Rustwing Falcon, Plains, Plains, Plains"
White Deck A,Sample Deck,Other,M12,2011-07-15,14.16,"Shattered Angel, Lifelink, Inquisitor Exarch, Plains, Plains"
White Deck B,Sample Deck,Other,10E,2008-05-02,5.19,"Serra's Embrace, Armored Ascension, Skyhunter Prowler, Plains, Holy Strength"
White Equipment,Deck Builder's Toolkit,Other,MBS,2011-03-11,13.53,"Journey to Nowhere, Sylvok Lifestaff, Trusty Machete, Fledgling Griffin, Kemba's Legion"
White Green Aggro,Deck Builder's Toolkit,Other,ORI,2015-07-17,2.23,"Abzan Falconer, Valeron Wardens, Topan Freeblade, Rhox Maulers, Citadel Castellan"
White Heat - Advanced Deck,Advanced Deck,Other,EXO,1998-06-15,121.72,"Undiscovered Paradise, Tithe, City of Brass, Armageddon, Gemstone Mine"
White Heat - Basic Deck,Theme Deck,Other,EXO,1998-06-15,23.56,"Reconnaissance, Wall of Nets, Goblin Bombardment, Searing Touch, Limited Resources"
White Sample Deck,Sample Deck,Other,M15,2014-07-18,0.0,"Plains, Staff of the Sun Magus, Ajani's Pridemate, Plains, Plains"
White Weenie,Deck Builder's Toolkit,Other,ROE,2010-05-21,32.91,"Soul Warden, Journey to Nowhere, Veteran Swordsmith, Armored Ascension, Brave the Elements"
White and Black Life gain,Deck Builder's Toolkit,Other,SOI,2016-04-08,6.93,"Zulaport Cutthroat, Serene Steward, Malakir Familiar, Vampire Envoy, Allied Reinforcements"
White and Black Spirits,Deck Builder's Toolkit,Other,KLD,2016-09-30,0.0,"Haunted Dead, Inspired Charge, Servo Exhibition, Lawless Broker, Certain Death"
White and Black Zombies,Deck Builder's Toolkit,Other,AKH,2017-04-28,4.15,"Wayward Servant, Lord of the Accursed, Festering Mummy, Miasmic Mummy, Stir the Sands"
White and Blue Fliers Control,Deck Builder's Toolkit,Other,SOI,2016-04-08,9.66,"Dispel, Reflector Mage, Blighted Steppe, Angel of Renewal, Felidar Cub"
White and Colorless Equipment,Deck Builder's Toolkit,Other,SOI,2016-04-08,10.03,"Open the Armory, Kozilek's Channeler, Kor Scythemaster, True-Faith Censer, Stern Constable"
White and Green counters,Deck Builder's Toolkit,Other,SOI,2016-04-08,7.72,"Retreat to Kazandu, Blighted Woodland, Natural State, Expedition Envoy, Stasis Snare"
White-Green Aura,Deck Builder's Toolkit,Other,MBS,2011-03-11,33.08,"Hyena Umbra, Spider Umbra, Aura Gnarlid, Totem-Guide Hartebeest, Boar Umbra"
Wicked Big,Theme Deck,Other,MRD,2003-10-02,24.36,"Copper Myr, Journey of Discovery, Living Hive, Plated Slagwurm, Deconstruct"
Widowmaker - Advanced Deck,Advanced Deck,Other,EXO,1998-06-15,88.78,"Undiscovered Paradise, Living Death, Phyrexian Furnace, Underground River, Spirit of the Night"
Widowmaker - Basic Deck,Theme Deck,Other,EXO,1998-06-15,16.9,"Null Brooch, Dark Ritual, Counterspell, Forbid, Mana Leak"
Wild,Jumpstart,Other,MSH,2026-06-26,10.67,"Hit-Monkey, Mole Man, Moloid Master, Forest, Ka-Zar of the Savage Land, Claim the Kingdom"
Wild Rush,Intro Pack,Other,M13,2012-07-13,29.14,"Fungal Sprouting, Arbor Elf, Rancor, Ranger's Path, Ring of Kalonia"
Wild Wizardry,Arena Promotional Deck,Other,MID,2021-09-24,9.86,"Alrund's Epiphany, Wizard Class, Prismari Command, Silundi Vision // Silundi Isle, Efreet Flamepainter"
Wild in Bloom,Secret Lair Drop,Other,SLD,2026-07-13,52.44,"Nissa, Resurgent Animist, Six, Tireless Provisioner, Ramunap Excavator, Titania, Protector of Argoth"
Wild-Eyed Frenzy,MTGO Theme Deck,Other,VIS,2006-04-10,13.16,"Goblin Recruiter, Fireblast, Mountain, Goblin Soothsayer, Mountain"
Wilds of Eldraine Bundle Land Pack,Bundle Land Pack,Other,WOE,2023-09-08,0.0,"Plains, Plains, Forest, Forest, Mountain"
Wilds of Eldraine Foil Redemption,MTGO Redemption,Other,WOE,2023-10-04,209.09,"Agatha's Soul Cauldron, Beseech the Mirror, Moonshaker Cavalry, Talion, the Kindly Lord, Eriette of the Charmed Apple"
Wilds of Eldraine Redemption,MTGO Redemption,Other,WOE,2023-10-04,209.09,"Agatha's Soul Cauldron, Beseech the Mirror, Moonshaker Cavalry, Talion, the Kindly Lord, Eriette of the Charmed Apple"
Will Of The Masses,Intro Pack,Other,M15,2014-07-18,8.58,"Hornet Queen, Triplicate Spirits, Wall of Mulch, Forest, Phytotitan"
Wing and Claw,Arena Starter Deck,Other,GRN,2018-11-17,42.55,"Nezahal, Primal Tide, Settle the Wreckage, Goring Ceratops, Glacial Fortress, Azor, the Lawbringer"
Winged Stallion,Shandalar Enemy Deck,Other,PAST,1997-04-01,83.46,"Dancing Scimitar, Howling Mine, Psionic Entity, Counterspell, Serra Angel"
Wings of Light,Theme Deck,Other,PS11,2011-01-01,0.0,"Plains, Plains, Plains, Plains, Angel of Mercy"
Wise (1),Jumpstart,Other,TLE,2025-11-20,9.6,"Waterbender's Restoration, Whirlwind Technique, Coastal Piracy, Consider, Island"
Wise (2),Jumpstart,Other,TLE,2025-11-20,9.05,"The Blue Spirit, Whirlwind Technique, Consider, Island, Tiger-Seal"
Witch,Shandalar Enemy Deck,Other,PAST,1997-04-01,75.11,"Greed, Nevinyrral's Disk, Will-o'-the-Wisp, Dark Ritual, Diabolic Machine"
Witch's Familiar,Secret Lair Drop,Other,SLD,2026-06-16,107.48,"Witch Enchanter // Witch-Blessed Meadow, Sheltered by Ghosts, Boseiju, Who Shelters All, Spirit of the Hearth, Wayfarer's Bauble"
Witch's Familiar Foil Edition,Secret Lair Drop,Other,SLD,2026-06-16,107.48,"Witch Enchanter // Witch-Blessed Meadow, Sheltered by Ghosts, Boseiju, Who Shelters All, Spirit of the Hearth, Wayfarer's Bauble"
Witchcraft (1),Jumpstart,Other,JMP,2020-07-17,4.86,"Cauldron Familiar, Witch of the Moors, Swamp, Swamp, Bloodhunter Bat"
Witchcraft (2),Jumpstart,Other,JMP,2020-07-17,1.76,"Witch of the Moors, Swamp, Swamp, Bloodhunter Bat, Tempting Witch"
Wizards,Theme Deck,Other,PSAL,2005-08-01,0.0,"Island, Island, Island, Island, Island"
Wizards (1),Jumpstart,Other,J25,2024-11-07,0.0,"Faerie Seer, Archaeomancer, Remand, Naban, Dean of Iteration, Exclusion Mage"
Wizards (2),Jumpstart,Other,J25,2024-11-07,0.0,"Faerie Seer, Remand, Naban, Dean of Iteration, Aether Channeler, Chilling Trap"
Wizards (3),Jumpstart,Other,JMP,2020-07-17,0.0,"Talrand, Sky Summoner, Unsubstantiate, Capture Sphere, Opt, Shipwreck Dowser"
Wizards (4),Jumpstart,Other,JMP,2020-07-17,0.0,"Shipwreck Dowser, Barrin, Tolarian Archmage, Frost Breath, Rain of Revelation, Island"
Wizards of the Street,Secret Lair Drop,Other,SLD,2022-12-19,72.46,"Spellseeker, Kess, Dissident Mage, Magus of the Wheel, Baral, Chief of Compliance"
Wizards of the Street Foil Edition,Secret Lair Drop,Other,SLD,2022-12-19,72.46,"Spellseeker, Kess, Dissident Mage, Magus of the Wheel, Baral, Chief of Compliance"
Wolfgang Eder - Goblin Bidding,World Championship Deck,Other,WC03,2003-08-06,83.79,"Goblin Sharpshooter, Bloodstained Mire, City of Brass, Smother, Goblin Piledriver"
Wolves 1,Jumpstart,Other,J22,2022-12-02,0.0,"Arlinn, Voice of the Pack, Wicked Wolf, Mild-Mannered Librarian, Spectral Hunt-Caller, Packsong Pup"
Wolves 2,Jumpstart,Other,J22,2022-12-02,2.37,"Master of the Wild Hunt, Arlinn, Voice of the Pack, Moonlight Hunt, Mild-Mannered Librarian, Spectral Hunt-Caller"
Wolves 3,Jumpstart,Other,J22,2022-12-02,0.0,"Feed the Pack, Kessig Cagebreakers, Arlinn, Voice of the Pack, Mild-Mannered Librarian, Predator's Howl"
Wolves 4,Jumpstart,Other,J22,2022-12-02,0.0,"Nightpack Ambusher, Arlinn, Voice of the Pack, Mild-Mannered Librarian, Spectral Hunt-Caller, Wolfwillow Haven"
Woodland Warriors,Duel Deck,Other,DDU,2018-04-06,25.75,"Ezuri, Renegade Leader, Regal Force, Yeva, Nature's Herald, Elvish Mystic, Oran-Rief, the Vastwood"
World Aflame,Theme Deck,Other,9ED,2005-07-29,27.91,"Magnivore, Dancing Scimitar, Mountain, Stone Rain, Mountain"
Worldwake Foil Redemption,MTGO Redemption,Other,WWK,2010-03-07,1261.29,"Jace, the Mind Sculptor, Eye of Ugin, Amulet of Vigor, Stoneforge Mystic, Bojuka Bog"
Worldwake Redemption,MTGO Redemption,Other,WWK,2010-03-07,1261.29,"Jace, the Mind Sculptor, Eye of Ugin, Amulet of Vigor, Stoneforge Mystic, Bojuka Bog"
Wrack and Rage,Event Deck,Other,RTR,2012-10-26,36.25,"Rakdos Charm, Dragonskull Summit, Stromkirk Noble, Mizzium Mortars, Devil's Play"
Wrath of Mages,Arena Starter Deck,Other,M19,2018-09-27,13.02,"Banefire, River's Rebuke, Sulfur Falls, Lightning Strike, Guttersnipe"
Wrath of the Mortals,Event Deck,Other,JOU,2014-05-23,15.65,"Searing Blood, Guttersnipe, Mizzium Mortars, Young Pyromancer, Ogre Battledriver"
Wu Kingdom,Theme Deck,Other,PTK,1999-05-01,169.49,"Sun Quan, Lord of Wu, Lu Xun, Scholar General, Exhaustion, Island, Wu Longbowman"
Year of the Rat,Secret Lair Drop,Other,SLD,2020-01-07,80.99,"Marrow-Gnawer, Rat Colony, Ink-Eyes, Servant of Oni, Pack Rat"
Young Avengers,Jumpstart,Other,MSH,2026-06-26,2.08,"Hulkling, Young Avenger, Hawkeye, Young Avenger, Hawkeye's Bow, Crossover Collaboration, Mountain"
Zakk's First Deck,Intro Pack,Other,ITP,1996-12-31,40.55,"Swamp, Forest, Scryb Sprites, Swamp, Grizzly Bears"
Zakk's Second Deck,Intro Pack,Other,ITP,1996-12-31,101.72,"War Mammoth, Elvish Archers, Wall of Bone, Dark Ritual, Swamp"
Zealots (1),Jumpstart,Other,J25,2024-11-07,0.0,"Fling, Zealous Conscripts, Brute Strength, Thriving Bluff, Bloodlust Inciter"
Zealots (2),Jumpstart,Other,J25,2024-11-07,0.0,"Sandstorm Crasher, Fling, Thriving Bluff, Bloodlust Inciter, Anep, Vizier of Hazoret"
Zealots (3),Jumpstart,Other,J25,2024-11-07,0.0,"Combat Celebrant, Fling, Thriving Bluff, Bloodlust Inciter, Shock"
Zealots (4),Jumpstart,Other,J25,2024-11-07,0.0,"Sandstorm Crasher, Fling, Minotaur Sureshot, Zealous Conscripts, Thriving Bluff"
Zendikar,Duel Deck,Other,DDP,2015-08-28,3.43,"Avenger of Zendikar, Scute Mob, Territorial Baloth, Groundswell, Plains"
Zendikar Fat Pack Land Pack,Bundle Land Pack,Other,ZEN,2009-10-02,172.26,"Island, Forest, Mountain, Forest, Plains"
Zendikar Foil Redemption,MTGO Redemption,Other,ZEN,2009-11-01,2120.12,"Mindbreak Trap, Scalding Tarn, Iona, Shield of Emeria, Misty Rainforest, Verdant Catacombs"
Zendikar Redemption,MTGO Redemption,Other,ZEN,2009-11-01,2120.12,"Mindbreak Trap, Scalding Tarn, Iona, Shield of Emeria, Misty Rainforest, Verdant Catacombs"
Zendikar Rising Bundle Land Pack,Bundle Land Pack,Other,ZNR,2020-09-25,2.86,"Swamp, Swamp, Mountain, Mountain, Plains"
Zendikar Rising Foil Redemption,MTGO Redemption,Other,ZNR,2020-10-25,301.25,"Sea Gate Restoration // Sea Gate, Reborn, Agadeem's Awakening // Agadeem, the Undercrypt, Ashaya, Soul of the Wild, Valakut Awakening // Valakut Stoneforge, Malakir Rebirth // Malakir Mire"
Zendikar Rising Redemption,MTGO Redemption,Other,ZNR,2020-10-25,301.25,"Sea Gate Restoration // Sea Gate, Reborn, Agadeem's Awakening // Agadeem, the Undercrypt, Ashaya, Soul of the Wild, Valakut Awakening // Valakut Stoneforge, Malakir Rebirth // Malakir Mire"
Zendikar Rising Welcome Booster,Welcome Booster,Other,ZNR,2020-09-25,6.14,"Demon of Loathing, Vraska the Unseen, Forest, Bruna, Light of Alabaster, Commander's Sphere"
Zendikar's Rage,Intro Pack,Other,BFZ,2015-10-02,18.79,"Tunneling Geopede, Retreat to Kazandu, Blighted Woodland, Sylvan Scrying, Oran-Rief Hydra"
Zombie Empire,Planechase Deck,Other,HOP,2009-09-04,117.24,"Cabal Coffers, Grave Pact, Undead Warchief, Beseech the Queen, Noxious Ghoul"
Zombies,Deck Builder's Toolkit,Other,M13,2012-07-13,7.11,"Diregraf Captain, Black Cat, Veilborn Ghoul, Armored Skaab, Skaab Goliath"
Zombies 1,Jumpstart,Other,J22,2022-12-02,3.0,"Gravecrawler, Lord of the Accursed, Mire Triton, Necromancer's Stockpile, Deadly Plot"
Zombies 2,Jumpstart,Other,J22,2022-12-02,0.0,"Liliana, Death's Majesty, Stitcher's Supplier, Lord of the Accursed, Deadly Plot, Cemetery Recruitment"
Zombies 3,Jumpstart,Other,J22,2022-12-02,5.61,"Endless Ranks of the Dead, Graf Harvest, Lord of the Accursed, Mire Triton, Gnawing Zombie"
Zombies 4,Jumpstart,Other,J22,2022-12-02,0.0,"Liliana's Mastery, Undead Augur, Lord of the Accursed, Deadly Plot, Cemetery Recruitment"
Zombies Unleashed,Theme Deck,Other,LGN,2003-02-03,536.46,"Graveborn Muse, Withered Wretch, Soulless One, Noxious Ghoul, Shepherd of Rot"
Zuko,Jumpstart,Other,TLE,2025-11-20,19.07,"Zuko, Firebending Master, Lost in Memories, Frantic Confrontation, Fists of Flame, Thriving Bluff"
explosion sounds,Secret Lair Drop,Other,SLD,2019-12-07,73.8,"Goblin Sharpshooter, Goblin Lackey, Goblin King, Goblin Piledriver, Goblin Bushwhacker"
sAnS mERcY,Secret Lair Drop,Other,SLD,2024-05-30,86.86,"Torment of Hailfire, Mogis, God of Slaughter, Ruination, Massacre, Doom Blade"
sAnS mERcY Foil Edition,Secret Lair Drop,Other,SLD,2024-05-30,86.86,"Torment of Hailfire, Mogis, God of Slaughter, Ruination, Massacre, Doom Blade"
vroooOOOMMMMMM!,Secret Lair Drop,Other,SLD,2025-05-13,68.67,"Underworld Breach, Mishra's Bauble, Lava Dart, Monastery Swiftspear, Soul-Scar Mage"
vroooOOOMMMMMM! Foil Edition,Secret Lair Drop,Other,SLD,2025-05-13,68.67,"Underworld Breach, Mishra's Bauble, Lava Dart, Monastery Swiftspear, Soul-Scar Mage"
vroooOOOMMMMMM! Raised Foil Edition,Secret Lair Drop,Other,SLD,2025-05-13,148.52,"Underworld Breach, Mishra's Bauble, Lava Dart, Monastery Swiftspear, Soul-Scar Mage"
