Deck Name,Deck Type,Category,Set Code,Release Date,Total Value,Top 5 Cards
20 Ways to Win,Commander Deck,Commander,SLD,2024-12-04,412.6,"Revel in Riches, Heliod, Sun-Crowned, Bountiful Promenade, Sol Ring, Reflecting Pool"
Abzan Armor,Commander Deck,Commander,TDC,2025-04-11,73.42,"Seedborn Muse, Betor, Ancestor's Voice, Will of the Abzan, Staff of Compleation, Canopy Gargantuan"
Adaptive Enchantment,Commander Deck,Commander,C18,2018-08-10,67.29,"Bear Umbra, Nylea's Colossus, Tuvasa the Sunlit, Eidolon of Blossoms, Herald of the Pantheon"
Ahoy Mateys,Commander Deck,Commander,LCC,2023-11-17,74.26,"Black Market Connections, Pitiless Plunderer, Windfall, Herald's Horn, Broadside Bombardiers"
Angels: They're Just Like Us but Cooler and with Wings,Commander Deck,Commander,SLD,2023-08-14,560.16,"Archangel of Thune, Commander's Plate, Nykthos, Shrine to Nyx, Bruna, the Fading Light // Brisela, Voice of Nightmares, Serra Ascendant"
Animated Army,Commander Deck,Commander,BLC,2024-08-02,62.46,"Lotus Cobra, Greater Good, Reliquary Tower, Thran Dynamo, Kodama of the East Tree"
Arcane Maelstrom,Commander Deck,Commander,C20,2020-04-17,139.49,"Deflecting Swat, Twinning Staff, Dualcaster Mage, Lightning Greaves, Comet Storm"
Arcane Wizardry,Commander Deck,Commander,C17,2017-08-25,77.94,"Kindred Dominance, Polymorphist's Jest, Kess, Dissident Mage, Memory Plunder, Comet Storm"
Arm for Battle,Commander Deck,Commander,CMR,2020-11-20,100.12,"Sigarda's Aid, Relentless Assault, Timely Ward, Boros Charm, Dualcaster Mage"
Aura of Courage,Commander Deck,Commander,AFC,2021-07-23,133.9,"Heroic Intervention, Robe of Stars, Winged Boots, Mantle of the Ancients, Sword of the Animist"
Bedecked Brokers,Commander Deck,Commander,NCC,2022-04-29,93.39,"Damning Verdict, Power Conduit, Steelbane Hydra, Gavony Township, Agent's Toolkit"
Blame Game,Commander Deck,Commander,MKC,2024-02-09,137.55,"Trouble in Pairs, Smuggler's Share, War Room, Duelist's Heritage, Ghostly Prison"
Blast from the Past,Commander Deck,Commander,WHO,2023-10-13,193.1,"Heroic Intervention, Talisman of Unity, Three Visits, Displaced Dinosaurs, Talisman of Progress"
Blight Curse,Commander Deck,Commander,ECC,2026-01-23,44.15,"Chimil, the Inner Sun, Tree of Perdition, Flourishing Defenses, Evolution Sage, Sol Ring"
Blood Rites,Commander Deck,Commander,LCC,2023-11-17,120.12,"Exquisite Blood, Charismatic Conqueror, Elenda, the Dusk Rose, Elenda's Hierophant, Blood Artist"
Braaains,Historic Brawl Precon Deck,Commander,MOM,2024-07-08,167.49,"Bojuka Bog, Coldsteel Heart, Vanquisher's Banner, Distant Melody, Necroduality"
Breed Lethality,Commander Deck,Commander,CM2,2018-06-08,115.93,"Reyhan, Last of the Abzan, Cauldron of Souls, Cathars' Crusade, Ishai, Ojutai Dragonspeaker, Brave the Sands"
Buckle Up,Commander Deck,Commander,NEC,2022-02-18,78.87,"Drumbellower, Imposter Mech, Cyberdrive Awakener, Swift Reconfiguration, Shorikai, Genesis Engine"
Built From Scratch,Commander Deck,Commander,CM2,2018-06-08,113.71,"Goblin Welder, Ruby Medallion, Wurmcoil Engine, Arcane Lighthouse, Reliquary Tower"
Cabaretti Cacophony,Commander Deck,Commander,NCC,2022-04-29,135.89,"Master of Ceremonies, Seize the Spotlight, Life of the Party, Call the Coppercoats, Grand Crescendo"
Call for Backup,Commander Deck,Commander,MOC,2023-04-21,110.87,"Uncivil Unrest, Strionic Resonator, Shalai and Hallar, Kalonian Hydra, Gavony Township"
Call the Spirits,Commander Deck,Commander,C15,2015-11-13,89.2,"Karlov of the Ghost Council, Thief of Blood, Aura of Silence, Black Market, Lightning Greaves"
Cavalry Charge,Commander Deck,Commander,MOC,2023-04-21,83.95,"Chivalric Alliance, Herald of Hoofbeats, Herald's Horn, Vodalian Wave-Knight, Knight of the White Orchid"
Chaos Incarnate,Commander Deck,Commander,SCD,2022-12-02,39.56,"Lightning Greaves, Soul Shatter, Talisman of Indulgence, Mana Geyser, Nihil Spellbomb"
Collateral Damage,Historic Brawl Precon Deck,Commander,MOM,2024-07-08,77.72,"Coldsteel Heart, Bloodghast, Zulaport Cutthroat, Hangarback Walker, Rekindling Phoenix"
Corrupting Influence,Commander Deck,Commander,ONC,2023-02-10,162.99,"Norn's Choirmaster, Glistening Sphere, Phyresis Outbreak, Contaminant Grafter, Norn's Decree"
Counter Blitz (FINAL FANTASY X),Commander Deck,Commander,FIC,2025-06-13,77.51,"Sphere Grid, Walking Ballista, Three Visits, Farewell, Damning Verdict"
Counter Blitz Collector's Edition (FINAL FANTASY X),Commander Deck,Commander,FIC,2025-06-13,80.39,"Sphere Grid, Walking Ballista, Three Visits, Farewell, Yuna, Grand Summoner"
Counter Intelligence,Commander Deck,Commander,EOC,2025-08-01,56.93,"Swan Song, Great Furnace, Karn's Bastion, Ripples of Potential, Phyrexian Metamorph"
Counterpunch,Commander Deck,Commander,CMD,2011-06-17,107.61,"Aura Shards, Attrition, Alliance of Arms, Skullclamp, Acorn Catapult"
Coven Counters,Commander Deck,Commander,MIC,2021-09-24,55.44,"Gyre Sage, Moonsilver Key, Herald of War, Heronblade Elite, Champion of Lambholt"
Creative Energy,Commander Deck,Commander,M3C,2024-06-14,67.1,"Akroma's Will, Goldspan Dragon, Farewell, Professional Face-Breaker, Talisman of Creativity"
Creative Energy Collector's Edition,Commander Deck,Commander,M3C,2024-06-14,80.28,"Akroma's Will, Goldspan Dragon, Farewell, Professional Face-Breaker, Cayth, Famed Mechanist"
Dance of the Elements,Commander Deck,Commander,ECC,2026-01-23,56.2,"Springleaf Parade, Abundant Countryside, Endurance, Timeless Lotus, Selvala, Heart of the Wilds"
Deadly Disguise,Commander Deck,Commander,MKC,2024-02-09,132.04,"Jeska's Will, Seedborn Muse, Beast Whisperer, Three Visits, Ohran Frostfang"
Death Toll,Commander Deck,Commander,DSC,2024-09-27,73.55,"Reanimate, Whip of Erebos, Arachnogenesis, Professor Onyx, Vault of Whispers"
Deathdancer Xira,MTGO Commander Deck,Commander,TD0,2009-08-26,0.0,"Barren Moor, Darigaaz's Caldera, Forest, Forest, Forest"
Deep Clue Sea,Commander Deck,Commander,MKC,2024-02-09,114.38,"Bennie Bracks, Zoologist, Adrix and Nev, Twincasters, Academy Manufactor, Koma, Cosmos Serpent, Talisman of Unity"
Desert Bloom,Commander Deck,Commander,OTC,2024-04-19,102.96,"Ancient Greenwarden, World Shaper, Scute Swarm, Ramunap Excavator, Sand Scout"
Devour for Power,Commander Deck,Commander,CMD,2011-06-17,112.96,"Grave Pact, Riddlekeeper, Memory Erosion, Lightning Greaves, Damia, Sage of Stone"
Divine Convocation,Commander Deck,Commander,MOC,2023-04-21,97.02,"Nesting Dovehawk, The Locust God, Skullclamp, Suture Priest, Impact Tremors"
Draconic Destruction,Commander Deck,Commander,SCD,2022-12-02,32.47,"Elemental Bond, Scourge of Valkas, Swiftfoot Boots, Dragon Tempest, Vandalblast"
Draconic Dissent,Commander Deck,Commander,CLB,2022-06-10,155.18,"Astral Dragon, Bothersome Quasit, Artificer Class, Baeloth Barrityl, Entertainer, Niv-Mizzet, Parun"
Draconic Domination,Commander Deck,Commander,C17,2017-08-25,139.82,"Kindred Discovery, Utvara Hellkite, Scalelord Reckoner, Fist of Suns, Scion of the Ur-Dragon"
Draconic Rage,Commander Deck,Commander,AFC,2021-07-23,121.1,"Klauth, Unrivaled Ancient, Dragonborn Champion, Wulfgar of Icewind Dale, Neverwinter Hydra, Sword of Hours"
Dungeons of Death,Commander Deck,Commander,AFC,2021-07-23,92.79,"Wand of Orcus, Minn, Wily Illusionist, Nimbus Maze, Component Pouch, Bucknard's Everfull Purse"
Eldrazi Incursion,Commander Deck,Commander,M3C,2024-06-14,130.52,"Eldrazi Confluence, Eldrazi Monument, Morophon, the Boundless, Eldritch Immunity, Forsaken Monument"
Eldrazi Incursion Collector's Edition,Commander Deck,Commander,M3C,2024-06-14,168.68,"Glaring Fleshraker, Azlask, the Swelling Scourge, Eldrazi Confluence, Eldrazi Monument, Morophon, the Boundless"
Eldrazi Unbound,Commander Deck,Commander,CMM,2023-08-04,243.46,"Darksteel Monolith, Rise of the Eldrazi, Flayer of Loyalties, It That Betrays, Skittering Cicada"
Elven Council,Commander Deck,Commander,LTC,2023-06-23,88.33,"Heroic Intervention, Swan Song, Raise the Palisade, Rejuvenating Springs, Lightning Greaves"
Elven Empire,Commander Deck,Commander,KHC,2021-02-05,100.78,"Wolverine Riders, Elvish Promenade, Elderfang Venom, Beast Whisperer, Elven Ambush"
Enchantress Rubinia,MTGO Commander Deck,Commander,TD0,2009-08-26,0.0,"Azorius Chancery, Bant Panorama, Coastal Tower, Elfhame Palace, Forest"
Endless Punishment,Commander Deck,Commander,DSC,2024-09-27,141.43,"Persistent Constrictor, Witch's Clinic, The Lord of Pain, Kederekt Parasite, Gray Merchant of Asphodel"
Enduring Enchantments,Commander Deck,Commander,CMM,2023-08-04,167.35,"Starfield of Nyx, Ondu Spiritdancer, Narci, Fable Singer, Dryad of the Ilysian Grove, Boon of the Spirit Realm"
Enhanced Evolution,Commander Deck,Commander,C20,2020-04-17,119.33,"Deadly Rollick, Silent Arbiter, Tidal Barracuda, Beast Whisperer, Animist's Awakening"
Entropic Uprising,Commander Deck,Commander,C16,2016-11-11,169.97,"Burgeoning, Thrasios, Triton Hero, Chain of Vapor, Waste Not, Cruel Entertainment"
Eternal Bargain,Commander Deck,Commander,C13,2013-11-01,77.96,"Crawlspace, Toxic Deluge, Lim-Dûl's Vault, Sanguine Bond, Phyrexian Reclamation"
Eternal Might,Commander Deck,Commander,DRC,2025-02-14,60.21,"Renewed Solidarity, The Scarab God, Bontu's Monument, Drowned Catacomb, Talisman of Dominance"
Evasive Maneuvers,Commander Deck,Commander,CMA,2017-06-09,92.59,"Thousand-Year Elixir, Basalt Monolith, Surveyor's Scope, Borrowing 100,000 Arrows, Conjurer's Closet"
Everyone's Invited!,Commander Deck,Commander,SLD,2025-05-12,437.08,"Bitterblossom, Maskwood Nexus, Raise the Palisade, Sol Ring, Rin and Seri, Inseparable"
Exit from Exile,Commander Deck,Commander,CLB,2022-06-10,155.6,"Jeska's Will, Delayed Blast Fireball, Passionate Archaeologist, Nalfeshnee, Three Visits"
Explorers of the Deep,Commander Deck,Commander,LCC,2023-11-17,89.72,"Kindred Discovery, Herald of Secret Streams, Branching Evolution, Reliquary Tower, Ripples of Potential"
Exquisite Invention,Commander Deck,Commander,C18,2018-08-10,74.25,"Unwinding Clock, Varchild, Betrayer of Kjeldor, Mirrorworks, Treasure Nabber, Great Furnace"
Faceless Menace,Commander Deck,Commander,C19,2019-08-23,89.5,"Seedborn Muse, Apex Altisaur, Strionic Resonator, Gift of Doom, Reliquary Tower"
Fae Dominion,Commander Deck,Commander,WOC,2023-09-08,191.81,"Archmage of Echoes, Kindred Dominance, Misleading Signpost, Alela, Cunning Conqueror, Glen Elendra Archmage"
Faerie Schemes,Brawl Deck,Commander,ELD,2019-10-04,170.79,"Emergence Zone, Smothering Tithe, Watery Grave, Sephara, Sky's Blade, Massacre Girl"
Family Matters,Commander Deck,Commander,BLC,2024-08-02,59.41,"Helm of the Host, Agate Instigator, Pollywog Prodigy, Elspeth, Sun's Champion, Jacked Rabbit"
Feline Ferocity,Commander Deck,Commander,C17,2017-08-25,129.89,"Hammer of Nazahn, Qasali Slingers, Sword of the Animist, Traverse the Outlands, Mirari's Wake"
First Flight,Commander Deck,Commander,SCD,2022-12-02,30.71,"Sephara, Sky's Blade, True Conviction, Thought Vessel, Counterspell, Swords to Plowshares"
Flashy Fliers,Historic Brawl Precon Deck,Commander,MOM,2024-07-08,68.38,"Coldsteel Heart, Lyra Dawnbringer, Cavalier of Gales, Faerie Seer, Siren Stormtamer"
Food and Fellowship,Commander Deck,Commander,LTC,2023-06-23,84.27,"Birds of Paradise, Essence Warden, The Gaffer, Toxic Deluge, Sanguine Bond"
Forces of the Imperium,Commander Deck,Commander,40K,2022-10-07,238.15,"Celestine, the Living Saint, Reaver Titan, Commissar Severina Raine, Vexilus Praetor, Thunderhawk Gunship"
Forces of the Imperium Collector's Edition,Commander Deck,Commander,40K,2022-10-07,540.8,"Vexilus Praetor, Marneus Calgar, Celestine, the Living Saint, Commissar Severina Raine, Reaver Titan"
Forged In Stone,Commander Deck,Commander,C14,2014-11-07,110.74,"Emeria, the Sky Ruin, Grand Abolisher, Cathars' Crusade, Arcane Lighthouse, Skullclamp"
From Cute to Brute,Commander Deck,Commander,SLD,2023-05-08,359.69,"Nicol Bolas, the Ravager // Nicol Bolas, the Arisen, Archangel Avacyn // Avacyn, the Purifier, Bloodline Keeper // Lord of Lineage, Westvale Abbey // Ormendahl, Profane Prince, Valakut Awakening // Valakut Stoneforge"
Grand Larceny,Commander Deck,Commander,OTC,2024-04-19,168.85,"Orochi Soul-Reaver, Brainstealer Dragon, Ohran Frostfang, Fallen Shinobi, Three Visits"
Graveyard Overdrive,Commander Deck,Commander,M3C,2024-06-14,85.89,"Barrowgoyf, The Reaver Cleaver, Archon of Cruelty, Chandra's Ignition, Lightning Greaves"
Graveyard Overdrive Collector's Edition,Commander Deck,Commander,M3C,2024-06-14,106.12,"Barrowgoyf, The Reaver Cleaver, Archon of Cruelty, Chandra's Ignition, Accursed Marauder"
Growing Threat,Commander Deck,Commander,MOC,2023-04-21,83.28,"Filigree Vector, Bitterthorn, Nissa's Animus, Massacre Wurm, Nettlecyst, Karn's Bastion"
Guided By Nature,Commander Deck,Commander,C14,2014-11-07,124.14,"Grave Sifter, Ezuri, Renegade Leader, Sylvan Safekeeper, Joraga Warcaller, Crystal Vein"
Guided by Nature,Commander Deck,Commander,CMA,2017-06-09,148.04,"Grave Sifter, Joraga Warcaller, Ezuri, Renegade Leader, Sylvan Safekeeper, Crystal Vein"
"Hail, Caesar",Commander Deck,Commander,PIP,2024-03-08,272.03,"Pitiless Plunderer, Skullclamp, Talisman of Indulgence, Tainted Peak, Arcane Signet"
"Heads I Win, Tails You Lose",Commander Deck,Commander,SLD,2022-04-22,520.0,"Shadowspear, Commander's Plate, Propaganda // Propaganda, Krark's Thumb // Krark's Thumb, Gamble"
Heavenly Inferno,Commander Deck,Commander,CMD,2011-06-17,90.23,"Pyrohemia, Mother of Runes, Stranglehold, Lightning Greaves, Comet Storm"
Invent Superiority,Commander Deck,Commander,C16,2016-11-11,84.27,"Silas Renn, Seeker Adept, Curse of Vengeance, Akiri, Line-Slinger, Skullclamp, Bruse Tarl, Boorish Herder"
Jeskai Striker,Commander Deck,Commander,TDC,2025-04-11,62.69,"Ghostly Prison, Veyran, Voice of Duality, Will of the Jeskai, Reliquary Tower, Storm-Kiln Artist"
Jump Scare!,Commander Deck,Commander,DSC,2024-09-27,82.44,"Ashaya, Soul of the Wild, Giggling Skitterspike, Aesi, Tyrant of Gyre Strait, Scute Swarm, Counterspell"
Knights' Charge,Brawl Deck,Commander,ELD,2019-10-04,60.94,"Godless Shrine, Colossus Hammer, Knight of the Ebon Legion, Skyknight Vanguard, Icon of Ancestry"
Land's Wrath,Commander Deck,Commander,ZNC,2020-09-25,42.29,"Evolution Sage, Geode Rager, Emeria Shepherd, Return of the Wildspeaker, Plains"
Legends' Legacy,Commander Deck,Commander,DMC,2022-09-09,142.24,"Shizo, Death's Storehouse, The Reaver Cleaver, Bladewing, Deathless Tyrant, Oketra's Monument, Mikokoro, Center of the Sea"
Lightly Armored,Historic Brawl Precon Deck,Commander,MOM,2024-07-08,238.6,"Mirari's Wake, Ancestral Mask, Coldsteel Heart, Celestial Mantle, Lyra Dawnbringer"
Limit Break (FINAL FANTASY VII),Commander Deck,Commander,FIC,2025-06-13,75.69,"Clever Concealment, Skullclamp, Professional Face-Breaker, Sword of the Animist, Lightning Greaves"
Limit Break Collector's Edition (FINAL FANTASY VII),Commander Deck,Commander,FIC,2025-06-13,91.56,"Zack Fair, Tifa, Martial Artist, Clever Concealment, Skullclamp, Professional Face-Breaker"
Living Energy,Commander Deck,Commander,DRC,2025-02-14,53.59,"Panharmonicon, Academy Ruins, Lightning Greaves, Conjurer's Closet, Stridehangar Automaton"
Lorehold Legacies,Commander Deck,Commander,C21,2021-04-23,93.86,"Thousand-Year Elixir, Monologue Tax, Archaeomancer's Map, Boros Charm, Great Furnace"
Lorehold Spirit,Commander Deck,Commander,SOC,2026-04-24,64.04,"Emeria, the Sky Ruin, Turbulent Steppe, Moonshaker Cavalry, Bitterthorn, Nissa's Animus, Lotus Field"
Maestros Massacre,Commander Deck,Commander,NCC,2022-04-29,96.24,"Twinning Staff, Determined Iteration, Make an Example, Kess, Dissident Mage, Lightning Greaves"
Mardu Surge,Commander Deck,Commander,TDC,2025-04-11,72.01,"Skullclamp, Goldlust Triad, Lightning Greaves, Shattered Sanctum, Grand Crescendo"
Masters of Evil,Commander Deck,Commander,WHO,2023-10-13,308.96,"Cybermen Squadron, Auton Soldier, Talisman of Dominance, Dalek Squadron, Talisman of Indulgence"
Merciless Rage,Commander Deck,Commander,C19,2019-08-23,70.15,"Bone Miser, Sanctum of Eternity, In Garruk's Wake, Curse of Fool's Wisdom, Magus of the Wheel"
Mind Flayarrrs,Commander Deck,Commander,CLB,2022-06-10,163.56,"Zellix, Sanity Flayer, Brainstealer Dragon, Mindcrank, Aboleth Spawn, Leyline of Anticipation"
Mind Seize,Commander Deck,Commander,C13,2013-11-01,79.82,"Prosperity, Jace's Archivist, Sudden Spoiling, Temple Bell, Nekusar, the Mindrazer"
Miracle Worker,Commander Deck,Commander,DSC,2024-09-27,99.3,"Hall of Heliod's Generosity, Ondu Spiritdancer, Inkshield, Ancient Cellarspawn, Timely Ward"
Mirror Mastery,Commander Deck,Commander,CMD,2011-06-17,117.63,"Animar, Soul of Elements, Homeward Path, Collective Voyage, Lightning Greaves, Ruination"
Mishra's Burnished Banner,Commander Deck,Commander,BRC,2022-11-18,145.96,"Strionic Resonator, Great Furnace, Machine God's Effigy, Lithoform Engine, Reliquary Tower"
Most Wanted,Commander Deck,Commander,OTC,2024-04-19,132.31,"Seize the Spotlight, Breena, the Demagogue, Command Beacon, Academy Manufactor, Boros Charm"
Mutant Menace,Commander Deck,Commander,PIP,2024-03-08,356.06,"Mortuary Mire, Atomize, Guardian Project, Power Fist, Agent Frank Horrigan"
Mystic Intellect,Commander Deck,Commander,C19,2019-08-23,70.15,"Dockside Extortionist, Prismatic Strands, Ghostly Prison, Wall of Stolen Identity, Storm Herd"
Nature of the Beast,Commander Deck,Commander,C13,2013-11-01,69.64,"Homeward Path, Boros Charm, Khalni Garden, Tempt with Discovery, Wrath of God"
Nature's Vengeance,Commander Deck,Commander,C18,2018-08-10,46.26,"Fury Storm, Retreat to Hagra, Thantis, the Warweaver, Xantcha, Sleeper Agent, Sol Ring"
Necron Dynasties,Commander Deck,Commander,40K,2022-10-07,231.37,"Sceptre of Eternal Glory, Cryptothrall, Canoptek Spyder, Darkness, Resurrection Orb"
Necron Dynasties Collector's Edition,Commander Deck,Commander,40K,2022-10-07,516.13,"Sceptre of Eternal Glory, Cryptothrall, Resurrection Orb, Canoptek Spyder, Out of the Tombs"
Obscura Operation,Commander Deck,Commander,NCC,2022-04-29,106.25,"Currency Converter, Smuggler's Share, Strionic Resonator, Change of Plans, Fallen Shinobi"
Open Hostility,Commander Deck,Commander,C16,2016-11-11,175.55,"Tymna the Weaver, Breath of Fury, Iroas, God of Victory, Ravos, Soultender, Boros Charm"
Painbow,Commander Deck,Commander,DMC,2022-09-09,99.83,"Tiller Engine, Two-Headed Hellkite, Fallaji Wayfarer, Surrak Dragonclaw, Maelstrom Nexus"
Paradox Power,Commander Deck,Commander,WHO,2023-10-13,269.53,"Quantum Misalignment, Rockfall Vale, Danny Pink, Preordain, Iraxxa, Empress of Mars"
Party Time,Commander Deck,Commander,CLB,2022-06-10,139.82,"Black Market Connections, Grim Hireling, Mother of Runes, Deep Gnome Terramancer, Folk Hero"
Peace Offering,Commander Deck,Commander,BLC,2024-08-02,65.6,"Kalonian Hydra, Reliquary Tower, Loran of the Third Path, Twenty-Toed Toad, Perch Protection"
Peer Through Time,Commander Deck,Commander,C14,2014-11-07,87.36,"Cyclonic Rift, Sapphire Medallion, Breaching Leviathan, Crown of Doom, Thran Dynamo"
Phantom Premonition,Commander Deck,Commander,KHC,2021-02-05,65.6,"Ghostly Prison, Eerie Interlude, Cosmic Intervention, Windfall, Spectral Deluge"
Planar Portal,Commander Deck,Commander,AFC,2021-07-23,116.24,"Grim Hireling, Karazikar, the Eye Tyrant, Reckless Endeavor, Wild-Magic Sorcerer, Bucknard's Everfull Purse"
Planeswalker Party,Commander Deck,Commander,CMM,2023-08-04,152.48,"Silent Arbiter, Spark Double, Chandra, Awakened Inferno, Teyo, Geometric Tactician, Fellwar Stone"
Plunder the Graves,Commander Deck,Commander,CMA,2017-06-09,105.93,"Pathbreaker Ibex, Thief of Blood, Eldrazi Monument, Skullclamp, Lightning Greaves"
Political Puppets,Commander Deck,Commander,CMD,2011-06-17,85.36,"Flusterstorm, Insurrection, Ghostly Prison, Propaganda, Howling Mine"
Power Hungry,Commander Deck,Commander,C13,2013-11-01,86.62,"Goblin Sharpshooter, Primal Vigor, Khalni Garden, Goblin Bombardment, Swiftfoot Boots"
Primal Genesis,Commander Deck,Commander,C19,2019-08-23,73.46,"Ohran Frostfang, Marisi, Breaker of the Coil, Trostani, Selesnya's Voice, Song of the Worldsoul, Lightning Greaves"
Prismari Artistry,Commander Deck,Commander,SOC,2026-04-24,74.24,"Faerie Mastermind, Goldspan Dragon, Turbulent Springs, Lightning Greaves, Muddle, the Ever-Changing"
Prismari Performance,Commander Deck,Commander,C21,2021-04-23,91.39,"Seething Song, Veyran, Voice of Duality, Rionya, Fire Dancer, Reliquary Tower, Dualcaster Mage"
Quandrix Unlimited,Commander Deck,Commander,SOC,2026-04-24,67.68,"Turbulent Wilderness, Three Visits, Ozolith, the Shattered Spire, Reliquary Tower, Goldvein Hydra"
Quantum Quandrix,Commander Deck,Commander,C21,2021-04-23,72.13,"Spawning Kraken, Guardian Augmenter, Ruxa, Patient Professor, Deekah, Fractal Theorist, Rapid Hybridization"
Quick Draw,Commander Deck,Commander,OTC,2024-04-19,127.75,"Winged Boots, Mizzix's Mastery, Niv-Mizzet, Parun, Veyran, Voice of Duality, Thunderclap Drake"
Raining Cats and Dogs,Commander Deck,Commander,SLD,2024-01-22,421.42,"Anointed Procession // Anointed Procession, Sol Ring // Sol Ring, Jetmir, Nexus of Revels // Jetmir, Nexus of Revels, Jetmir's Garden, Lurking Predators"
Reap the Tides,Commander Deck,Commander,CMR,2020-11-20,66.28,"Nezahal, Primal Tide, Ramunap Excavator, Reliquary Tower, Swiftfoot Boots, Trench Behemoth"
Rebellion Rising,Commander Deck,Commander,ONC,2023-02-10,123.52,"Flawless Maneuver, Clever Concealment, Otharri, Suns' Glory, Call the Coppercoats, Hexplate Wallbreaker"
Revenant Recon,Commander Deck,Commander,MKC,2024-02-09,125.92,"Necromancy, Animate Dead, Reanimate, Rise of the Dark Realms, Doom Whisperer"
Revival Trance (FINAL FANTASY VI),Commander Deck,Commander,FIC,2025-06-13,56.7,"Reanimate, Rise of the Dark Realms, Pitiless Plunderer, Talisman of Indulgence, Swiftfoot Boots"
Revival Trance Collector's Edition (FINAL FANTASY VI),Commander Deck,Commander,FIC,2025-06-13,64.72,"Reanimate, Rise of the Dark Realms, Laughing Mad, Phoenix Down, Pitiless Plunderer"
Riders of Rohan,Commander Deck,Commander,LTC,2023-06-23,58.6,"Door of Destinies, Herald's Horn, Taunt from the Rampart, Vanquisher's Banner, Forth Eorlingas!"
Riveteers Rampage,Commander Deck,Commander,NCC,2022-04-29,76.57,"Jolene, the Plunder Queen, Life's Legacy, World Shaper, Industrial Advancement, Protection Racket"
Ruthless Regiment,Commander Deck,Commander,C20,2020-04-17,106.63,"Flawless Maneuver, Species Specialist, Molten Echoes, Call the Coppercoats, Skullclamp"
Savage Hunter,Brawl Deck,Commander,ELD,2019-10-04,80.0,"Evolution Sage, Stomping Ground, Rhythm of the Wild, Krenko, Tin Street Kingpin, Dreadhorde Invasion"
Science!,Commander Deck,Commander,PIP,2024-03-08,337.43,"Nuka-Cola Vending Machine, Bottle-Cap Blast, Talisman of Creativity, Lightning Greaves, Brotherhood Vertibird"
Scions & Spellcraft (FINAL FANTASY XIV),Commander Deck,Commander,FIC,2025-06-13,73.71,"Tataru Taru, Eye of Nidhogg, Snuff Out, Authority of the Consuls, Sunken Ruins"
Scions & Spellcraft Collector's Edition (FINAL FANTASY XIV),Commander Deck,Commander,FIC,2025-06-13,88.16,"Tataru Taru, Eye of Nidhogg, Snuff Out, Circle of Power, Astrologian's Planisphere"
Scrappy Survivors,Commander Deck,Commander,PIP,2024-03-08,329.46,"Silver Shroud Costume, Codsworth, Handy Helper, Heroic Intervention, Perception Bobblehead, Mantle of the Ancients"
Seize Control,Commander Deck,Commander,C15,2015-11-13,69.72,"Jace's Archivist, Reliquary Tower, Windfall, Comet Storm, Blatant Thievery"
Silverquill Influence,Commander Deck,Commander,SOC,2026-04-24,74.33,"Land Tax, Turbulent Moor, Animate Dead, Inkshield, Ghostly Prison"
Silverquill Statement,Commander Deck,Commander,C21,2021-04-23,135.61,"Stinging Study, Inkshield, Incarnation Technique, Tempting Contract, Victory Chimes"
Sliver Swarm,Commander Deck,Commander,CMM,2023-08-04,198.31,"Sliver Hivelord, Syphon Sliver, Three Visits, Lazotep Sliver, Fellwar Stone"
Smashing Stampede,Historic Brawl Precon Deck,Commander,MOM,2024-07-08,161.65,"The Great Henge, Surrak and Goreclaw, Coldsteel Heart, Elvish Mystic, Shivan Devastator"
Sneak Attack,Commander Deck,Commander,ZNC,2020-09-25,52.37,"Sygg, River Cutthroat, In Garruk's Wake, Notorious Throng, Blackblade Reforged, Obelisk of Urd"
Spirit Squadron,Commander Deck,Commander,VOC,2021-11-19,55.44,"Kami of the Crescent Moon, Ghostly Prison, Darksteel Mutation, Arcane Denial, Ghostly Pilferer"
Squirreled Away,Commander Deck,Commander,BLC,2024-08-02,81.54,"Chatterfang, Squirrel General, Skullclamp, Academy Manufactor, Saw in Half, Beastmaster Ascension"
Stalwart Unity,Commander Deck,Commander,C16,2016-11-11,201.96,"Wave of Reckoning, Lurking Predators, Homeward Path, Benefactor's Draught, Swan Song"
Subjective Reality,Commander Deck,Commander,C18,2018-08-10,58.87,"Silent-Blade Oni, Yuriko, the Tiger's Shadow, Sower of Discord, Varina, Lich Queen, Ninja of the Deep Hours"
Sultai Arisen,Commander Deck,Commander,TDC,2025-04-11,80.65,"Colossal Grave-Reaver, Teval's Judgment, Command Beacon, Dauthi Voidwalker, Life from the Loam"
Swell the Host,Commander Deck,Commander,C15,2015-11-13,68.82,"Command Beacon, Arachnogenesis, Reliquary Tower, Beastmaster Ascension, Caller of the Claw"
Sworn To Darkness,Commander Deck,Commander,C14,2014-11-07,96.4,"Jet Medallion, Crypt Ghast, Arcane Lighthouse, Sudden Spoiling, Crypt of Agadeem"
Symbiotic Swarm,Commander Deck,Commander,C20,2020-04-17,66.51,"Akroma, Angel of Wrath, Obscuring Haze, Gavony Township, Karametra, God of Harvests, Slippery Bogbonder"
Temur Roar,Commander Deck,Commander,TDC,2025-04-11,66.29,"Ureni of the Unwritten, Elemental Bond, Talisman of Creativity, Hellkite Courser, Dragon Tempest"
The Hosts of Mordor,Commander Deck,Commander,LTC,2023-06-23,85.29,"Cavern-Hoard Dragon, Reanimate, The Black Gate, Relic of Sauron, Basalt Monolith"
The Ruinous Powers,Commander Deck,Commander,40K,2022-10-07,244.36,"Bloodthirster, Exalted Flamer of Tzeentch, Magnus the Red, Nurgle's Rot, Keeper of Secrets"
The Ruinous Powers Collector's Edition,Commander Deck,Commander,40K,2022-10-07,515.96,"Bloodthirster, Exalted Flamer of Tzeentch, Magnus the Red, Be'lakor, the Dark Master, Nurgle's Rot"
Timeless Wisdom,Commander Deck,Commander,C20,2020-04-17,133.34,"Fierce Guardianship, Surly Badgersaur, Brallin, Skyshark Rider, The Locust God, Reliquary Tower"
Timey-Wimey,Commander Deck,Commander,WHO,2023-10-13,227.11,"Everybody Lives!, Dinosaurs on a Spaceship, Wedding Ring, Nanogene Conversion, Sundown Pass"
Tinker Time,Commander Deck,Commander,MOC,2023-04-21,67.13,"Hedron Detonator, Academy Manufactor, Pain Distributor, Thoughtcast, Tireless Provisioner"
Token Triumph,Commander Deck,Commander,SCD,2022-12-02,25.91,"Champion of Lambholt, Sol Ring, Harvest Season, Felidar Retreat, Eternal Witness"
Tricky Terrain,Commander Deck,Commander,M3C,2024-06-14,106.8,"Talon Gates of Madara, Yavimaya, Cradle of Growth, Dryad of the Ilysian Grove, Scute Swarm, Ramunap Excavator"
Tricky Terrain Collector's Edition,Commander Deck,Commander,M3C,2024-06-14,142.67,"Talon Gates of Madara, Yavimaya, Cradle of Growth, Planar Nexus, Dryad of the Ilysian Grove, Lazotep Quarry"
Turtle Power!,Commander Deck,Commander,TMC,2026-03-06,90.34,"City of Brass, Undergrowth Stadium, Spire Garden, Irma, Part-Time Mutant, Michelangelo, the Heart"
Tyranid Swarm,Commander Deck,Commander,40K,2022-10-07,212.8,"Ghyrson Starn, Kelermorph, Shadow in the Warp, Sporocyst, Biophagus, Nexos"
Tyranid Swarm Collector's Edition,Commander Deck,Commander,40K,2022-10-07,515.23,"Ghyrson Starn, Kelermorph, Biophagus, Shadow in the Warp, Magus Lucea Kane, Nexos"
Undead Unleashed,Commander Deck,Commander,MIC,2021-09-24,74.61,"Hordewing Skaab, Endless Ranks of the Dead, Diregraf Colossus, Death Baron, Cleaver Skaab"
Upgrades Unleashed,Commander Deck,Commander,NEC,2022-02-18,87.74,"Bear Umbra, Rhythm of the Wild, Akki Battle Squad, Krenko, Tin Street Kingpin, Komainu Battle Armor"
Urza's Iron Alliance,Commander Deck,Commander,BRC,2022-11-18,107.03,"Skullclamp, Relic of Progenitus, Thought Vessel, Sol Ring, Preordain"
Vampiric Bloodline,Commander Deck,Commander,VOC,2021-11-19,79.17,"Molten Echoes, Nirkana Revenant, Malakir Bloodwitch, Shadowgrange Archfiend, Blood Artist"
Vampiric Bloodlust,Commander Deck,Commander,C17,2017-08-25,170.48,"Teferi's Protection, Door of Destinies, Kindred Charge, Sanguine Bond, Blood Tribute"
Veloci-Ramp-Tor,Commander Deck,Commander,LCC,2023-11-17,98.08,"Akroma's Will, Apex Altisaur, Xenagos, God of Revels, Rhythm of the Wild, Chandra's Ignition"
Virtue and Valor,Commander Deck,Commander,WOC,2023-09-08,147.29,"Retether, Hall of Heliod's Generosity, Bear Umbra, Mantle of the Ancients, Umbra Mystic"
Wade into Battle,Commander Deck,Commander,CM2,2018-06-08,85.38,"Urza's Incubator, Lightning Greaves, Basalt Monolith, Blade of Selves, Gisela, Blade of Goldnight"
Wild Bounty,Brawl Deck,Commander,ELD,2019-10-04,89.33,"Hallowed Fountain, Biomancer's Familiar, Circuitous Route, Risen Reef, Steelbane Hydra"
Witherbloom Pestilence,Commander Deck,Commander,SOC,2026-04-24,71.48,"Stensian Sanguinist // Exsanguinate, Turbulent Fen, Toxic Deluge, Ohran Frostfang, Gorma, the Gullet"
Witherbloom Witchcraft,Commander Deck,Commander,C21,2021-04-23,121.63,"Gyome, Master Chef, Witch's Clinic, Alhammarret's Archive, Venser's Journal, Sapling of Colfenor"
World Shaper,Commander Deck,Commander,EOC,2025-08-01,50.82,"Exploration Broodship, Braids, Arisen Nightmare, Nature's Lore, Horizon Explorer, Oracle of Mul Daya"
2014 Full Art Land Set,Box Set,Other,J14,2014-01-01,407.24,"Island, Forest, Plains, Swamp, Mountain"
30th Anniversary Countdown Kit,Secret Lair Drop,Other,SLC,2022-11-01,599.43,"Chrome Mox, Necropotence, Deathrite Shaman, Birthing Pod, Lim-Dûl's Vault"
A Box of Rocks,Secret Lair Drop,Other,SLD,2021-03-15,38.68,"Arcane Signet, Chromatic Lantern, Commander's Sphere, Gilded Lotus, Darksteel Ingot"
A Box of Rocks Foil Edition,Secret Lair Drop,Other,SLD,2021-03-15,38.68,"Arcane Signet, Chromatic Lantern, Commander's Sphere, Gilded Lotus, Darksteel Ingot"
A Devastation of Dragons,Secret Lair Drop,Other,SLD,2025-02-20,68.27,"Kokusho, the Evening Star, Scion of the Ur-Dragon, Niv-Mizzet, Parun, Skyline Despot"
Aang,Jumpstart,Other,TLE,2025-11-20,24.26,"Aang, Airbending Master, Cloudshift, Momo, Rambunctious Rascal, Kindly Customer, Plains"
Above the Clouds (1),Jumpstart,Other,JMP,2020-07-17,4.53,"Lofty Denial, Unsubstantiate, Island, Tide Skimmer, Capture Sphere"
Above the Clouds (2),Jumpstart,Other,JMP,2020-07-17,4.91,"Lofty Denial, Unsubstantiate, Island, Tide Skimmer, Capture Sphere"
Above the Clouds (3),Jumpstart,Other,JMP,2020-07-17,4.52,"Lofty Denial, Unsubstantiate, Island, Tide Skimmer, Windreader Sphinx"
Above the Clouds (4),Jumpstart,Other,JMP,2020-07-17,9.56,"Kira, Great Glass-Spinner, Lofty Denial, Unsubstantiate, Island, Tide Skimmer"
Absolute Annihilation,Secret Lair Drop,Other,SLD,2023-09-15,58.48,"Mass Hysteria, Abrade, Terminate, Oppression"
Absolute Annihilation Foil Edition,Secret Lair Drop,Other,SLD,2023-09-15,58.48,"Mass Hysteria, Abrade, Terminate, Oppression"
Abzan Siege,Intro Pack,Other,KTK,2014-09-26,24.21,"Abzan Falconer, Eternal Thirst, Abzan Battle Priest, Sandsteppe Citadel, Sungrace Pegasus"
Adaptive,Jumpstart,Other,TLE,2025-11-20,14.04,"The Blue Spirit, Princess Yue, Boomerang Basics, Frantic Search, Thriving Isle"
Adept (1),Jumpstart,Other,TLE,2025-11-20,5.28,"Dramatic Reversal, Nightmares and Daydreams, Thriving Isle, Island, Katara, Bending Prodigy"
Adept (2),Jumpstart,Other,TLE,2025-11-20,6.59,"Consider, Nightmares and Daydreams, Octopus Form, Thriving Isle, Island"
Adventures in the Forgotten Realms Foil Redemption,MTGO Redemption,Other,AFR,2021-08-22,322.66,"Old Gnawbone, Tiamat, Circle of Dreams Druid, Teleportation Circle, Xorn"
Adventures in the Forgotten Realms Redemption,MTGO Redemption,Other,AFR,2021-08-22,322.66,"Old Gnawbone, Tiamat, Circle of Dreams Druid, Teleportation Circle, Xorn"
Adventures in the Forgotten Realms Welcome Booster,Welcome Booster,Other,AFR,2021-07-23,6.1,"Cleric Class, Sunblast Angel, Tyrant's Familiar, Atarka, World Render, Jiang Yanggu, Wildcrafter"
Adventures of the Little Witch,Secret Lair Drop,Other,SLD,2025-04-23,65.86,"Realms Uncharted, Esika's Chariot, Secret Rendezvous, Serenity"
Adventures of the Little Witch Foil Edition,Secret Lair Drop,Other,SLD,2025-04-23,65.86,"Realms Uncharted, Esika's Chariot, Secret Rendezvous, Serenity"
Aeo Paquette - Affinity,World Championship Deck,Other,WC04,2004-09-01,62.69,"Chrome Mox, Arcbound Ravager, Great Furnace, Welding Jar, Thoughtcast"
Aerial Acrobatics,Game Night Deck,Other,GN2,2019-11-15,25.83,"Agent of Treachery, Dramatic Reversal, Engulf the Shore, River's Rebuke, Winged Words"
Aerial Domination,Arena Starter Deck,Other,ANB,2020-08-13,0.0,"Wall of Runes, Sworn Guardian, Waterkin Shaman, Cloudkin Seer, Warden of Evos Isle"
Aerodoom,Theme Deck,Other,BTD,2000-10-01,39.49,"Dark Ritual, Counterspell, Power Sink, Drain Life, Brainstorm"
Aether Drifters,Secret Lair Drop,Other,SLD,2025-02-11,19.96,"Smuggler's Copter // Smuggler's Copter, Parhelion II // Parhelion II, Mechtitan Core // Mechtitan Core, Reckoner Bankbuster // Reckoner Bankbuster, Peacewalker Colossus // Peacewalker Colossus"
Aether Drifters Foil Edition,Secret Lair Drop,Other,SLD,2025-02-11,19.96,"Smuggler's Copter // Smuggler's Copter, Parhelion II // Parhelion II, Mechtitan Core // Mechtitan Core, Reckoner Bankbuster // Reckoner Bankbuster, Peacewalker Colossus // Peacewalker Colossus"
Aether Revolt Foil Redemption,MTGO Redemption,Other,AER,2017-02-19,282.16,"Paradox Engine, Walking Ballista, Heroic Intervention, Whir of Invention, Indomitable Creativity"
Aether Revolt Redemption,MTGO Redemption,Other,AER,2017-02-19,282.16,"Paradox Engine, Walking Ballista, Heroic Intervention, Whir of Invention, Indomitable Creativity"
Aetherdrift Redemption,MTGO Redemption,Other,DFT,2025-03-13,241.23,"Riverpyre Verge, The Aetherspark, Monument to Endurance, Wastewood Verge, Bleachbone Verge"
Aga Galneer,Shandalar Enemy Deck,Other,PAST,1997-04-01,160.1,"Greed, El-Hajjâj, Sol Ring, Spirit Link, Savannah Lions"
Air Forces,MTGO Theme Deck,Other,WTH,2007-12-12,28.78,"Debt of Loyalty, Impulse, Island, Island, Plains"
Air Razers,Theme Deck,Other,JUD,2002-05-27,358.63,"Worldgorger Dragon, Lava Dart, Wonder, Flash of Insight, Mountain"
Airbending,Jumpstart,Other,TLE,2025-11-20,12.11,"Monk Gyatso, Airbender Ascension, Plains, Thriving Heath, Invasion Reinforcements"
Ajani,Planeswalker Deck,Other,M19,2018-07-13,15.85,"Ajani, Wise Counselor, Plains, Militia Bugler, Inspired Charge, Plains"
Ajani Goldmane,Duel Deck,Other,DDH,2011-09-02,19.7,"Essence Warden, Ajani Vengeant, Titanic Ultimatum, Spitemare, Wild Nacatl"
"Ajani, Inspiring Leader",Planeswalker Deck,Other,M20,2019-07-29,16.0,"Ajani, Inspiring Leader, Angel of Vitality, Plains, Twinblade Paladin, Serra's Guardian"
"Ajani, Valiant Protector",Planeswalker Deck,Other,AER,2017-01-20,12.28,"Ajani, Valiant Protector, Narnam Renegade, Aid from the Cowl, Unbridled Growth, Forest"
Alara Reborn Foil Redemption,MTGO Redemption,Other,ARB,2009-05-30,562.82,"Wargate, Sen Triplets, Lord of Extinction, Time Sieve, Uril, the Miststalker"
Alara Reborn Redemption,MTGO Redemption,Other,ARB,2009-05-30,562.82,"Wargate, Sen Triplets, Lord of Extinction, Time Sieve, Uril, the Miststalker"
Alex Borteh - Merfolk Opposition,World Championship Deck,Other,WC01,2001-08-08,43.79,"Gush, Static Orb, Lord of Atlantis, Waterfront Bouncer, Island"
Alien Auroras,Secret Lair Drop,Other,SLD,2025-07-29,83.1,"Crucible of Worlds, Sylvan Safekeeper, Zuran Orb, Reprocess, Aggressive Mining"
Alien Auroras Galaxy Foil Edition,Secret Lair Drop,Other,SLD,2025-07-29,83.1,"Crucible of Worlds, Sylvan Safekeeper, Zuran Orb, Reprocess, Aggressive Mining"
Alliance (1),Jumpstart,Other,TLE,2025-11-20,6.0,"The Duke, Rebel Sentry, Plains, South Pole Voyager, Thriving Heath, Suki, Kyoshi Warrior"
Alliance (2),Jumpstart,Other,TLE,2025-11-20,7.3,"The Duke, Rebel Sentry, Jet, Rebel Leader, Plains, South Pole Voyager, Thriving Heath"
Allied Fires,Challenger Deck,Other,Q04,2020-04-03,46.12,"Steam Vents, Narset, Parter of Veils, Ugin, the Ineffable, Kenrith, the Returned King, Saheeli, Sublime Artificer"
Alt-A-Kesh,Shandalar Enemy Deck,Other,PAST,1997-04-01,8453.81,"Timetwister, Time Walk, Junún Efreet, Birds of Paradise, Energy Flux"
Amonkhet Foil Redemption,MTGO Redemption,Other,AKH,2017-05-28,493.2,"Anointed Procession, Nest of Scarabs, Bontu's Monument, Combat Celebrant, Oketra's Monument"
Amonkhet Redemption,MTGO Redemption,Other,AKH,2017-05-28,493.2,"Anointed Procession, Nest of Scarabs, Bontu's Monument, Combat Celebrant, Oketra's Monument"
Amonkhet Welcome Deck - Black,Welcome Deck,Other,W17,2017-04-15,3.66,"Swamp, Swamp, Swamp, Dune Beetle, Tattered Mummy"
Amonkhet Welcome Deck - Blue,Welcome Deck,Other,W17,2017-04-15,3.42,"Island, Island, Island, Nimble Innovator, Ancient Crab"
Amonkhet Welcome Deck - Green,Welcome Deck,Other,W17,2017-04-15,4.45,"Sixth Sense, Forest, Forest, Forest, Druid of the Cowl"
Amonkhet Welcome Deck - Red,Welcome Deck,Other,W17,2017-04-15,4.4,"Mountain, Mountain, Renegade Tactics, Mountain, Fling"
Amonkhet Welcome Deck - White,Welcome Deck,Other,W17,2017-04-15,4.29,"Plains, Plains, Plains, Inspired Charge, Bastion Enforcer"
An Encyclopedia of Magic,Secret Lair Drop,Other,SLC,2025-11-03,432.1,"Urza's Saga, Phyrexian Altar, Field of the Dead, Sol Ring, Myrel, Shield of Argive"
Ancient Arsenal,Starter Kit,Other,ACR,2024-07-05,29.45,"Surtr, Fiery Jötun, Battlefield Improvisation, Bureau Headmaster, Eivor, Battle-Ready, Escarpment Fortress"
Ancient Discovery,Arena Starter Deck,Other,OTJ,2024-07-08,41.98,"Bonehoard Dracosaur, Warleader's Call, Anim Pakal, Thousandth Moon, Aurelia, the Law Above, Inspiring Vantage"
Angelic Accountants,Arena Starter Deck,Other,SNC,2022-09-09,23.92,"Deserted Beach, Elspeth Resplendent, Planar Incision, Lion Sash, Giada, Font of Hope"
Angelic Army,Arena Starter Deck,Other,ANB,2019-09-26,3.26,"Ajani's Pridemate, Dawn of Hope, Meteor Golem, Serra's Guardian, Loxodon Lifechanter"
Angelic Army 2,Arena Starter Deck,Other,ANB,2020-03-12,2.65,"Ajani's Pridemate, Dawn of Hope, Serra's Guardian, Loxodon Lifechanter, Moment of Heroism"
Angelic Fury,Intro Pack,Other,SOI,2016-04-08,8.95,"Dance with Devils, Gryff's Boon, Nahiri's Machinations, Pyre Hound, Plains"
Angelic Might,Intro Pack,Other,AVR,2012-05-04,62.24,"Seraph Sanctuary, Herald of War, Forest, Rampant Growth, Forest"
Angels,Theme Deck,Other,PSAL,2005-08-01,0.0,"Island, Island, Island, Island, Island"
Angels (1),Jumpstart,Other,JMP,2020-07-17,10.09,"Baneslayer Angel, Plains, Angelic Ascension, Guardian Idol, Feat of Resistance"
Angels (2),Jumpstart,Other,JMP,2020-07-17,29.14,"Linvala, Keeper of Silence, Angelic Arbiter, Plains, Angelic Ascension, Guardian Idol"
"Angrath, Minotaur Pirate",Planeswalker Deck,Other,RIX,2018-01-19,31.03,"Vanquisher's Banner, Angrath, Minotaur Pirate, Mountain, Swamp, Dire Fleet Neckbreaker"
Animar & Friends,Secret Lair Drop,Other,SLD,2025-02-03,96.67,"Animar, Soul of Elements, All Will Be One, Benevolent Hydra, Forgotten Ancient, Mulldrifter"
Anthousa's Army,Intro Pack,Other,THS,2013-09-27,27.8,"Bow of Nylea, Elvish Mystic, Forest, Plains, Favored Hoplite"
Antoine Ruel - Blue-Black-Red Nether-Go,World Championship Deck,Other,WC01,2001-08-08,95.02,"Tsabo's Web, Accumulated Knowledge, Shivan Reef, Counterspell, Counterspell"
Ape Lord,Shandalar Enemy Deck,Other,PAST,1997-04-01,451.7,"Mountain, Mana Vault, Killer Bees, Birds of Paradise, Shivan Dragon"
Apocalypse Foil Redemption,MTGO Redemption,Other,APC,2001-07-04,2619.39,"Llanowar Wastes, Shivan Reef, Pernicious Deed, Yavimaya Coast, Phyrexian Arena"
Apocalypse Redemption,MTGO Redemption,Other,APC,2001-07-04,2619.39,"Llanowar Wastes, Shivan Reef, Pernicious Deed, Yavimaya Coast, Phyrexian Arena"
April Fools,Secret Lair Drop,Other,SLD,2020-09-30,20.21,"Goblin Snowman, Storm Crow, Mudhole"
Aragorn at Helm's Deep,Box Set,Other,LTC,2023-11-03,56.96,"Legolas's Quick Reflexes, Andúril, Narsil Reforged, Gimli's Reckless Might, Aragorn, Hornburg Hero, Isengard Unleashed"
Arcade Racers,Secret Lair Drop,Other,SLD,2025-02-11,48.9,"Final Fortune, Big Score, Heat Shimmer, Wheel of Misfortune, Roiling Vortex"
Arcade Racers Foil Edition,Secret Lair Drop,Other,SLD,2025-02-11,48.9,"Final Fortune, Big Score, Heat Shimmer, Wheel of Misfortune, Roiling Vortex"
Arcane,Secret Lair Drop,Other,SLD,2022-05-06,111.42,"Rhystic Study, Seize the Day, Thran Dynamo, Duress, Path to Exile"
Arcane Aggression,Arena Starter Deck,Other,LTR,2023-06-20,31.41,"Urabrask // The Great Work, Flame of Anor, Gandalf the Grey, Shivan Reef, Third Path Iconoclast"
Arcane Foil Edition,Secret Lair Drop,Other,SLD,2022-05-06,111.42,"Rhystic Study, Seize the Day, Thran Dynamo, Duress, Path to Exile"
Arcane Inventions,Arena Starter Deck,Other,M19,2018-09-27,12.12,"Sai, Master Thopterist, Diamond Mare, Island, Island, Arcane Encyclopedia"
Arcane Mischief,Jumpstart,Other,DMU,2022-09-09,5.9,"Island, Combat Research, Cosmic Epiphany, Shore Up, Frostfist Strider"
Arcane Tempo,Challenger Deck,Other,Q02,2019-04-12,25.51,"Niv-Mizzet, Parun, Arclight Phoenix, Murmuring Mystic, Sulfur Falls, Chart a Course"
Arcane: Lands,Secret Lair Drop,Other,SLD,2022-05-06,13.09,"Forest, Swamp, Plains, Mountain, Island"
Arcane: Lands Foil Edition,Secret Lair Drop,Other,SLD,2022-05-06,13.09,"Forest, Swamp, Plains, Mountain, Island"
Arcanis's Guile,Theme Deck,Other,10E,2007-07-13,30.3,"Arcanis the Omnipotent, Telling Time, Unsummon, Boomerang, Denizen of the Deep"
Arch Angel,Shandalar Enemy Deck,Other,PAST,1997-04-01,250.89,"Mana Vault, Mishra's Factory, Tetravus, Wrath of God, Swords to Plowshares"
Archaeology (1),Jumpstart,Other,JMP,2020-07-17,4.07,"Buried Ruin, Aether Spellbomb, Island, Hedron Archive, Chromatic Sphere"
Archaeology (2),Jumpstart,Other,JMP,2020-07-17,3.81,"Buried Ruin, Aether Spellbomb, Island, Scholar of the Lost Trove, Island"
Archaeology (3),Jumpstart,Other,JMP,2020-07-17,17.95,"Vedalken Archmage, Buried Ruin, Aether Spellbomb, Island, Sharding Sphinx"
Archaeology (4),Jumpstart,Other,JMP,2020-07-17,7.93,"Scarecrone, Buried Ruin, Aether Spellbomb, Island, Scuttlemutt"
Archenemy Nicol Bolas,Archenemy Deck,Other,E01,2017-06-16,34.29,"Archfiend of Depravity, Talisman of Dominance, Talisman of Indulgence, Nicol Bolas, Planeswalker, Drowned Catacomb"
Armada,Theme Deck,Other,7ED,2001-04-11,240.81,"Disenchant, Glorious Anthem, Pacifism, Spirit Link, Serra Advocate"
Armed,Clash Pack,Other,ORI,2015-07-17,42.56,"Windswept Heath, Collected Company, Dromoka's Command, Dragon Hunter, Valeron Wardens"
Armed (1),Jumpstart,Other,J25,2024-11-07,3.11,"Danitha Capashen, Paragon, Thriving Heath, Mace of the Valiant, Starnheim Courser, Ancestral Blade"
Armed (2),Jumpstart,Other,J25,2024-11-07,2.87,"Danitha Capashen, Paragon, Thriving Heath, Stone Haven Outfitter, Plate Armor, Ancestral Blade"
Armed (3),Jumpstart,Other,J25,2024-11-07,3.16,"Danitha Capashen, Paragon, Trusty Retriever, Thriving Heath, Maul of the Skyclaves, Ancestral Blade"
Armed (4),Jumpstart,Other,J25,2024-11-07,5.13,"Godsend, Danitha Capashen, Paragon, Thriving Heath, Plate Armor, Ancestral Blade"
Armed and Dangerous,Clash Pack,Other,ORI,2015-07-17,54.79,"Windswept Heath, Dromoka, the Eternal, Collected Company, Avatar of the Resolute, Sandsteppe Citadel"
Army of Entropy,Theme Deck,Other,SHM,2008-05-02,149.01,"Blowfly Infestation, Kulrath Knight, Swamp, Murderous Redcap, Ashenmoor Liege"
Army of Justice,Theme Deck,Other,9ED,2005-07-29,23.21,"Glorious Anthem, Righteousness, Angel of Mercy, Plains, Plains"
Artful Destruction,Intro Pack,Other,NPH,2011-05-13,98.21,"Suture Priest, Palladium Myr, Gold Myr, Vital Splicer, Forest"
Artifacts Attack,Arena Starter Deck,Other,M19,2018-09-27,49.26,"Nezahal, Primal Tide, Settle the Wreckage, Goring Ceratops, Glacial Fortress, Azor, the Lawbringer"
Artist Series: Alayna Danner,Secret Lair Drop,Other,SLD,2023-04-28,96.4,"Emeria, the Sky Ruin, Linvala, Keeper of Silence, Seraph Sanctuary, Sunblast Angel"
Artist Series: Alayna Danner Foil Edition,Secret Lair Drop,Other,SLD,2023-04-28,96.4,"Emeria, the Sky Ruin, Linvala, Keeper of Silence, Seraph Sanctuary, Sunblast Angel"
Artist Series: Aleksi Briclot,Secret Lair Drop,Other,SLD,2022-12-19,79.68,"Eldrazi Temple, Thought-Knot Seer, Reality Smasher, Inquisition of Kozilek"
Artist Series: Aleksi Briclot Foil Edition,Secret Lair Drop,Other,SLD,2022-12-19,79.68,"Eldrazi Temple, Thought-Knot Seer, Reality Smasher, Inquisition of Kozilek"
Artist Series: Chris Rahn,Secret Lair Drop,Other,SLD,2022-09-13,44.11,"Primeval Titan, Kozilek, the Great Distortion, Platinum Angel, Huntmaster of the Fells // Ravager of the Fells"
Artist Series: Chris Rahn Foil Edition,Secret Lair Drop,Other,SLD,2022-09-13,44.11,"Primeval Titan, Kozilek, the Great Distortion, Platinum Angel, Huntmaster of the Fells // Ravager of the Fells"
Artist Series: Jesper Ejsing,Secret Lair Drop,Other,SLD,2025-02-11,87.19,"Deflecting Swat, Sun Titan, Llanowar Elves, Breeches, Eager Pillager"
Artist Series: Jesper Ejsing Foil Edition,Secret Lair Drop,Other,SLD,2025-02-11,87.19,"Deflecting Swat, Sun Titan, Llanowar Elves, Breeches, Eager Pillager"
Artist Series: Johannes Voss,Secret Lair Drop,Other,SLD,2021-12-13,50.99,"Carpet of Flowers, Sphere of Safety, Karmic Guide, Sanctum Prelate"
Artist Series: Johannes Voss Foil Edition,Secret Lair Drop,Other,SLD,2021-12-13,50.99,"Carpet of Flowers, Sphere of Safety, Karmic Guide, Sanctum Prelate"
Artist Series: John Avon,Secret Lair Drop,Other,SLD,2023-11-30,31.06,"Emrakul, the Promised End, Progenitus, Brainstorm, Serra Angel"
Artist Series: John Avon Foil Edition,Secret Lair Drop,Other,SLD,2023-11-30,31.06,"Emrakul, the Promised End, Progenitus, Brainstorm, Serra Angel"
Artist Series: Kev Walker,Secret Lair Drop,Other,SLD,2023-09-15,72.03,"It That Betrays, Faeburrow Elder, Fleshbag Marauder, Carnage Tyrant"
Artist Series: Kev Walker Foil Edition,Secret Lair Drop,Other,SLD,2023-09-15,72.03,"It That Betrays, Faeburrow Elder, Fleshbag Marauder, Carnage Tyrant"
Artist Series: Kieran Yanner,Secret Lair Drop,Other,SLD,2025-10-27,133.68,"Demonic Tutor, Armageddon, Lord of the Pit, Northern Paladin"
Artist Series: Kieran Yanner Foil Edition,Secret Lair Drop,Other,SLD,2025-10-27,133.68,"Demonic Tutor, Armageddon, Lord of the Pit, Northern Paladin"
Artist Series: Livia Prima,Secret Lair Drop,Other,SLD,2022-09-13,66.54,"Mikaeus, the Unhallowed, Akroma, Angel of Wrath, Olivia, Mobilized for War, Glissa Sunseeker"
Artist Series: Livia Prima Foil Edition,Secret Lair Drop,Other,SLD,2022-09-13,66.54,"Mikaeus, the Unhallowed, Akroma, Angel of Wrath, Olivia, Mobilized for War, Glissa Sunseeker"
Artist Series: Magali Villeneuve,Secret Lair Drop,Other,SLD,2022-08-05,45.9,"Mother of Runes, Forest, Elvish Mystic, Death's Shadow"
Artist Series: Magali Villeneuve Foil Edition,Secret Lair Drop,Other,SLD,2022-08-05,45.9,"Mother of Runes, Forest, Elvish Mystic, Death's Shadow"
Artist Series: Mark Poole,Secret Lair Drop,Other,SLD,2021-10-29,59.06,"Wasteland, Birds of Paradise, Howling Mine, Balance, Counterspell"
Artist Series: Mark Poole Foil Edition,Secret Lair Drop,Other,SLD,2021-10-29,59.06,"Wasteland, Birds of Paradise, Howling Mine, Balance, Counterspell"
Artist Series: Nils Hamm,Secret Lair Drop,Other,SLD,2022-10-25,70.93,"Sword of Truth and Justice, Contagion Engine, Deepglow Skate, Tireless Tracker"
Artist Series: Nils Hamm Foil Edition,Secret Lair Drop,Other,SLD,2022-10-25,70.93,"Sword of Truth and Justice, Contagion Engine, Deepglow Skate, Tireless Tracker"
Artist Series: Phil Foglio,Secret Lair Drop,Other,SLD,2025-06-10,50.75,"Constant Mists, Orcish Lumberjack, Goblin Bombardment, Song of the Dryads"
Artist Series: Phil Foglio Foil Edition,Secret Lair Drop,Other,SLD,2025-06-10,50.75,"Constant Mists, Orcish Lumberjack, Goblin Bombardment, Song of the Dryads"
Artist Series: Randy Vargas,Secret Lair Drop,Other,SLD,2023-04-28,62.49,"Grand Abolisher, Umezawa's Jitte, Selfless Savior, Akroma, Angel of Fury"
Artist Series: Randy Vargas Foil Edition,Secret Lair Drop,Other,SLD,2023-04-28,62.49,"Grand Abolisher, Umezawa's Jitte, Selfless Savior, Akroma, Angel of Fury"
Artist Series: Rebecca Guay,Secret Lair Drop,Other,SLD,2023-04-28,56.04,"Stoneforge Mystic, Serra the Benevolent, Muddle the Mixture, Cleansing Nova"
Artist Series: Rebecca Guay Foil Edition,Secret Lair Drop,Other,SLD,2023-04-28,56.04,"Stoneforge Mystic, Serra the Benevolent, Muddle the Mixture, Cleansing Nova"
Artist Series: Rovina Cai,Secret Lair Drop,Other,SLD,2024-04-15,75.7,"Sword of the Animist, Arcane Signet, Inalla, Archmage Ritualist, Aether Vial"
Artist Series: Rovina Cai Foil Edition,Secret Lair Drop,Other,SLD,2024-04-15,109.84,"Arcane Signet, Sword of the Animist, Inalla, Archmage Ritualist, Aether Vial"
Artist Series: Ryan Alexander Lee,Secret Lair Drop,Other,SLD,2023-08-29,35.13,"Worldspine Wurm, Twilight Prophet, Nemesis of Reason, Gaea's Blessing"
Artist Series: Ryan Alexander Lee Foil Edition,Secret Lair Drop,Other,SLD,2023-08-29,35.13,"Worldspine Wurm, Twilight Prophet, Nemesis of Reason, Gaea's Blessing"
Artist Series: Sam Burley,Secret Lair Drop,Other,SLD,2023-04-14,70.48,"Braid of Fire, Karrthus, Tyrant of Jund, Koth of the Hammer, Master of the Wild Hunt"
Artist Series: Sam Burley Foil Edition,Secret Lair Drop,Other,SLD,2023-04-14,70.48,"Braid of Fire, Karrthus, Tyrant of Jund, Koth of the Hammer, Master of the Wild Hunt"
Artist Series: Seb McKinnon,Secret Lair Drop,Other,SLD,2021-03-15,51.37,"Damnation, Swamp, Enchanted Evening, Sower of Temptation"
Artist Series: Seb McKinnon Foil Edition,Secret Lair Drop,Other,SLD,2021-03-15,51.37,"Damnation, Swamp, Enchanted Evening, Sower of Temptation"
Artist Series: Sidharth Chaturvedi,Secret Lair Drop,Other,SLD,2022-08-05,37.84,"Concordant Crossroads, Ghost Quarter, Nomad Outpost, Island"
Artist Series: Sidharth Chaturvedi Foil Edition,Secret Lair Drop,Other,SLD,2022-08-05,37.84,"Concordant Crossroads, Ghost Quarter, Nomad Outpost, Island"
Artist Series: Thomas Baxa,Secret Lair Drop,Other,SLD,2021-12-13,49.06,"Sliver Hivelord, Spellskite, Sire of Insanity, Ob Nixilis Reignited"
Artist Series: Thomas Baxa Foil Edition,Secret Lair Drop,Other,SLD,2021-12-13,49.06,"Sliver Hivelord, Spellskite, Sire of Insanity, Ob Nixilis Reignited"
Artist Series: Victor Adame Minguez,Secret Lair Drop,Other,SLD,2022-10-25,45.36,"Lord of the Undead, Knight of the White Orchid, Knight Exemplar, Compost"
Artist Series: Victor Adame Minguez Foil Edition,Secret Lair Drop,Other,SLD,2022-10-25,45.36,"Lord of the Undead, Knight of the White Orchid, Knight Exemplar, Compost"
Artist Series: Volkan Baga,Secret Lair Drop,Other,SLD,2022-09-13,40.31,"Berserk, Elspeth, Knight-Errant, Verduran Enchantress, Patron Wizard"
Artist Series: Volkan Baga Foil Edition,Secret Lair Drop,Other,SLD,2022-09-13,40.31,"Berserk, Elspeth, Knight-Errant, Verduran Enchantress, Patron Wizard"
Artist Series: Wayne Reynolds,Secret Lair Drop,Other,SLD,2022-08-05,41.21,"Balthor the Defiled, Torbran, Thane of Red Fell, Sram, Senior Edificer, Depala, Pilot Exemplar"
Artist Series: Wayne Reynolds Foil Edition,Secret Lair Drop,Other,SLD,2022-08-05,41.21,"Balthor the Defiled, Torbran, Thane of Red Fell, Sram, Senior Edificer, Depala, Pilot Exemplar"
Arzakon,Shandalar Enemy Deck,Other,PAST,1997-04-01,19306.5,"Timetwister, Mox Emerald, Time Walk, Mishra's Workshop, Mox Pearl"
Ashiok,Planeswalker Deck,Other,THB,2020-01-24,9.52,"Gravebreaker Lamia, Ashiok, Sculptor of Fears, Sleep of the Dead, Mindwrack Harpy, Pharika's Spawn"
Assassin,Theme Deck,Other,UDS,1999-06-07,250.26,"Attrition, Engineered Plague, Body Snatcher, Ravenous Rats, Eradicate"
Assassin - Enhanced Deck,Enhanced Deck,Other,UDS,1999-06-07,816.51,"Powder Keg, Yawgmoth's Bargain, Volrath's Stronghold, Vampiric Tutor, Ravenous Rats"
Assassin's Creed: Da Vinci's Designs,Secret Lair Drop,Other,SLD,2024-07-10,82.26,"Whispersilk Cloak, Darksteel Plate, Blade of Selves, Conqueror's Flail, Deathrender"
Assassin's Creed: Da Vinci's Designs Foil Edition,Secret Lair Drop,Other,SLD,2024-07-10,82.26,"Whispersilk Cloak, Darksteel Plate, Blade of Selves, Conqueror's Flail, Deathrender"
Assassin's Creed: Lethal Legends,Secret Lair Drop,Other,SLD,2024-07-10,75.09,"Ramses, Assassin Lord, Queen Marchesa, Kelsien, the Plague, Admiral Beckett Brass, Najeela, the Blade-Blossom"
Assassin's Creed: Lethal Legends Foil Edition,Secret Lair Drop,Other,SLD,2024-07-10,75.09,"Ramses, Assassin Lord, Queen Marchesa, Kelsien, the Plague, Admiral Beckett Brass, Najeela, the Blade-Blossom"
Assemble The Doomsday Machine,Archenemy Deck,Other,ARC,2010-06-18,43.22,"Batwing Brume, Lightning Greaves, Memnarch, Master Transmuter, Leonin Abunas"
Assemble Victory,Intro Pack,Other,ORI,2015-07-17,18.11,"Ghirapur Aether Grid, Prism Ring, Alchemist's Vial, Whirler Rogue, Artificer's Epiphany"
Astral Visionary,Shandalar Enemy Deck,Other,PAST,1997-04-01,8459.57,"Timetwister, Time Walk, Copy Artifact, Howling Mine, Stasis"
At the Zoo,Jumpstart,Other,TLE,2025-11-20,9.36,"Animal Attendant, Elephant-Mandrill, Forest, Origin of Metalbending, Frog-Squirrels"
Aura Mastery,Theme Deck,Other,SHM,2008-05-02,184.91,"Twilight Shepherd, Steel of the Godhead, Puresight Merrow, Thistledown Liege, Island"
Auras of Majesty,Arena Starter Deck,Other,M19,2018-09-27,32.82,"Satyr Enchanter, Shalai, Voice of Plenty, Sunpetal Grove, History of Benalia, Danitha Capashen, Paragon"
Aurochs Stampede,Theme Deck,Other,CSP,2006-07-21,92.69,"Boreal Druid, Highland Weald, Hibernation's End, Snow-Covered Mountain, Snow-Covered Forest"
Avacyn Restored Foil Redemption,MTGO Redemption,Other,AVR,2012-06-03,1049.45,"Avacyn, Angel of Hope, Cavern of Souls, Exquisite Blood, Craterhoof Behemoth, Griselbrand"
Avacyn Restored Redemption,MTGO Redemption,Other,AVR,2012-06-03,1049.45,"Avacyn, Angel of Hope, Cavern of Souls, Exquisite Blood, Craterhoof Behemoth, Griselbrand"
Avalanche!,Arena Starter Deck,Other,AFR,2021-09-24,37.05,"Ashaya, Soul of the Wild, Lotus Cobra, Barkchannel Pathway // Tidechannel Pathway, Snow-Covered Island, Snow-Covered Forest"
Avatar: The Last Airbender: A Lot to Learn,Secret Lair Drop,Other,SLD,2025-11-18,48.03,"Serra Ascendant, Kodama's Reach, Cryptolith Rite, Ponder"
Avatar: The Last Airbender: A Lot to Learn Foil Edition,Secret Lair Drop,Other,SLD,2025-11-18,48.03,"Serra Ascendant, Kodama's Reach, Cryptolith Rite, Ponder"
Avatar: The Last Airbender: Everything Changed,Secret Lair Drop,Other,SLD,2025-11-18,55.65,"Torment of Hailfire, Blood Moon, Lightning Bolt, Dramatic Entrance"
Avatar: The Last Airbender: Everything Changed Foil Edition,Secret Lair Drop,Other,SLD,2025-11-18,55.65,"Torment of Hailfire, Blood Moon, Lightning Bolt, Dramatic Entrance"
Avatar: The Last Airbender: My Cabbages!,Secret Lair Drop,Other,SLD,2025-11-18,44.65,"Chain of Vapor, Nature's Claim, Anguished Unmaking, Meltdown, Putrefy"
Avatar: The Last Airbender: My Cabbages! Foil Edition,Secret Lair Drop,Other,SLD,2025-11-18,44.65,"Chain of Vapor, Nature's Claim, Anguished Unmaking, Meltdown, Putrefy"
Avatar: The Last Airbender: One with the Elements,Secret Lair Drop,Other,SLD,2025-11-18,48.34,"Silence, Force of Vigor, Preordain, Expressive Iteration, Past in Flames"
Avatar: The Last Airbender: One with the Elements Foil Edition,Secret Lair Drop,Other,SLD,2025-11-18,48.34,"Silence, Force of Vigor, Preordain, Expressive Iteration, Past in Flames"
Avatar: The Last Airbender: The Ember Island Players,Secret Lair Drop,Other,SLD,2025-11-18,43.87,"Braid of Fire, Cursed Mirror, Phantasmal Image, Thespian's Stage, Mask of Memory"
Avatar: The Last Airbender: The Ember Island Players Foil Edition,Secret Lair Drop,Other,SLD,2025-11-18,43.87,"Braid of Fire, Cursed Mirror, Phantasmal Image, Thespian's Stage, Mask of Memory"
Awakening Earth,Challenger Deck,Other,Q03,2019-11-08,42.23,"Breeding Pool, Nissa, Who Shakes the World, Incubation Druid, Voracious Hydra, Hydroid Krasis"
Azaar - Lichlord,Shandalar Enemy Deck,Other,PAST,1997-04-01,150.16,"Greed, Tetravus, Sol Ring, Mind Twist, Dark Ritual"
Azorius,Guild Kit,Other,GK2,2019-02-15,26.01,"Dovescape, Render Silent, Unbreakable Formation, Pride of the Clouds, Sphinx's Revelation"
Azorius Advance,Intro Pack,Other,RTR,2012-10-05,26.56,"Tablet of the Guilds, Righteous Authority, Plains, Azorius Guildgate, Island"
Azorius Ascendant,Theme Deck,Other,DIS,2006-05-05,56.23,"Isperia the Inscrutable, Azorius Chancery, Prahv, Spires of Order, Sky Hussar, Wakestone Gargoyle"
Azorius Ascension,Arena Starter Deck,Other,DOM,2018-03-22,29.76,"Spell Swindle, River's Rebuke, Field of Ruin, Angel of Sanctions, Expel from Orazca"
Azorius Authority,Intro Pack,Other,DGM,2013-05-03,11.45,"Plains, Island, Lyev Skyknight, Island, Azorius Guildgate"
Azorius Control,Challenger Deck,Other,Q05,2021-04-02,19.31,"Emeria's Call // Emeria, Shattered Skyclave, Elspeth Conquers Death, Shark Typhoon, Saw It Coming, Island"
Azorius Senate,Arena Starter Deck,Other,M20,2019-05-03,33.29,"Hallowed Fountain, Angel of Grace, Unbreakable Formation, Empyrean Eagle, Elite Guardmage"
Azorius Senate 1,Jumpstart,Other,CLU,2024-02-23,8.49,"Supreme Verdict, Lavinia, Foil to Conspiracy, Portal Manipulator, Oust, Azorius Chancery"
Azorius Senate 2,Jumpstart,Other,CLU,2024-02-23,17.18,"Suppressor Skyguard, Portal Manipulator, Azorius Signet, Lavinia of the Tenth, Azorius Chancery"
Azorius Spirits,Pioneer Challenger Deck,Other,Q06,2021-10-15,30.41,"Selfless Spirit, Brazen Borrower // Petty Theft, Glacial Fortress, Spectral Sailor, Spell Pierce"
Azula,Jumpstart,Other,TLE,2025-11-20,12.87,"Dark Deal, Azula, Ruthless Firebender, Swamp, Thriving Moor, Fire Navy Trebuchet"
Azure Skies,Arena Starter Deck,Other,ANB,2019-09-26,17.53,"Verity Circle, Spectral Sailor, Mass Manipulation, Negate, Meteor Golem"
Azure Skies 2,Arena Starter Deck,Other,ANB,2020-03-12,6.88,"Spectral Sailor, Mass Manipulation, Negate, Stolen by the Fae, Brineborn Cutthroat"
Back for More,Arena Starter Deck,Other,M21,2021-07-03,12.19,"Skull Prophet, Polukranos, Unchained, Demonic Embrace, Murderous Rider // Swift End, Arasta of the Endless Web"
Back in My Day!,Secret Lair Drop,Other,SLD,2026-05-29,54.52,"Veil of Summer, Birthing Pod, Breath of Fury, Battle Hymn"
Back in My Day! Foil Edition,Secret Lair Drop,Other,SLD,2026-05-29,54.52,"Veil of Summer, Birthing Pod, Breath of Fury, Battle Hymn"
Backup Beatdown,Starter Kit,Other,WOE,2023-09-08,16.31,"Silverback Elder, Dusk Legion Duelist, In the Trenches, Boon-Bringer Valkyrie, Ancient Imperiosaur"
Bad Advice,Jumpstart,Other,TLE,2025-11-20,4.52,"Swamp, Lo and Li, Royal Advisors, Thriving Moor, Long Feng, Grand Secretariat, Joo Dee, One of Many"
Bad to the Bones,Secret Lair Drop,Other,SLD,2023-08-29,124.89,"Tinybones, Trinket Thief, Reassembling Skeleton, Geier Reach Sanitarium, Bottomless Pit, Necrogen Mists"
Bad to the Bones Foil Edition,Secret Lair Drop,Other,SLD,2023-08-29,124.89,"Tinybones, Trinket Thief, Reassembling Skeleton, Geier Reach Sanitarium, Bottomless Pit, Necrogen Mists"
Bait & Switch,Theme Deck,Other,ONS,2002-10-07,235.82,"Smother, Lonely Sandbar, Peer Pressure, Barren Moor, Swamp"
Bait and Bludgeon,Theme Deck,Other,MRD,2003-10-02,332.82,"Thoughtcast, Vault of Whispers, Seat of the Synod, Talisman of Dominance, Myr Retriever"
Balance in All Things,Arena Starter Deck,Other,SNC,2022-09-09,18.9,"Shattered Sanctum, Lion Sash, Touch the Spirit Realm, Liesa, Forgotten Archangel, The Restoration of Eiganjo // Architect of Restoration"
Band Together,MTGO Theme Deck,Other,ME2,2008-09-22,0.0,"Plains, Plains, Plains, Kjeldoran Outpost, Mishra's Factory"
Bant Exalted,Intro Pack,Other,ALA,2008-10-03,54.3,"Knight-Captain of Eos, Plains, Island, Seaside Citadel, Forest"
Bant on the March,Intro Pack,Other,CON,2009-02-06,49.35,"Plains, Island, Terramorphic Expanse, Seaside Citadel, Forest"
Barrage,Theme Deck,Other,PLS,2001-02-05,211.36,"Flametongue Kavu, Fertile Ground, Fires of Yavimaya, Thunderscape Familiar, Gaea's Herald"
Basri,Jumpstart,Other,JMP,2020-07-17,5.95,"Basri Ket, Plains, Plains, Basri's Lieutenant, Legion's Judgment"
"Basri, Devoted Paladin",Planeswalker Deck,Other,M21,2020-07-03,5.79,"Speaker of the Heavens, Basri, Devoted Paladin, Plains, Plains, Basri's Lieutenant"
Battalion,Theme Deck,Other,MOR,2008-02-01,123.86,"Ballyrush Banneret, Reveillark, Preeminent Captain, Island, Mothdust Changeling"
Battle Blitz,Theme Deck,Other,EVE,2008-07-25,52.67,"Hateflayer, Balefire Liege, Niveous Wisps, Duergar Mine-Captain, Patrol Signaler"
Battle Cries,Intro Pack,Other,MBS,2011-02-04,93.51,"Galvanic Blast, Memnite, Gold Myr, Whispersilk Cloak, Signal Pest"
Battle Cry,Deck Builder's Toolkit,Other,MBS,2011-03-11,35.25,"Memnite, Emrakul's Hatcher, Signal Pest, Goblin Wardriver, Goblin Balloon Brigade"
Battle Surge,Theme Deck,Other,UDS,1999-06-07,280.7,"Urza's Incubator, Goblin Marshal, Raven Familiar, Mark of Fury, Aether Sting"
Battle Surge - Enhanced Deck,Enhanced Deck,Other,UDS,1999-06-07,27.51,"Thieving Magpie, Wild Colos, Island, Keldon Champion, Keldon Vandals"
Battle for Zendikar Foil Redemption,MTGO Redemption,Other,BFZ,2015-11-01,414.23,"Void Winnower, Ulamog, the Ceaseless Hunger, Drana, Liberator of Malakir, Conduit of Ruin, Omnath, Locus of Rage"
Battle for Zendikar Redemption,MTGO Redemption,Other,BFZ,2015-11-01,414.23,"Void Winnower, Ulamog, the Ceaseless Hunger, Drana, Liberator of Malakir, Conduit of Ruin, Omnath, Locus of Rage"
Beast Master,Shandalar Enemy Deck,Other,PAST,1997-04-01,89.32,"Desert Twister, Birds of Paradise, Untamed Wilds, Nafs Asp, Aspect of Wolf"
Beast Territory,Jumpstart,Other,DMU,2022-09-09,7.07,"Forest, Briar Hydra, Haunted Mire, Tangled Islet, Wooded Ridgeline"
Beasts,Theme Deck,Other,PSAL,2005-08-01,0.0,"Forest, Forest, Forest, Forest, Forest"
Beasts (1),Jumpstart,Other,J25,2024-11-07,3.25,"Slinza, the Spiked Stampede, Woodland Liege, Explore, Gnarlid Colony, Forest"
Beasts (2),Jumpstart,Other,J25,2024-11-07,3.71,"Garruk, Caller of Beasts, Slinza, the Spiked Stampede, Woodland Liege, Garruk's Packleader, Gnarlid Colony"
Ben Rubin - Sligh,World Championship Deck,Other,WC98,1998-08-12,28.29,"Wasteland, Cursed Scroll, Ball Lightning, Fireblast, Mountain"
Berserk,Theme Deck,Other,PSAL,2005-08-01,0.0,"Forest, Forest, Forest, Forest, Forest"
"Bertrand Lestree, Finalist",Pro Tour Deck,Other,PTC,1996-05-01,145.56,"Sylvan Library, Serra Angel, Land Tax, Strip Mine, Armageddon"
Bestial Strength,Intro Pack,Other,M14,2013-07-19,20.29,"Elvish Mystic, Into the Wilds, Fog, Kalonian Tusker, Doom Blade"
Betrayers of Kamigawa Foil Redemption,MTGO Redemption,Other,BOK,2005-03-06,1827.62,"Umezawa's Jitte, Disrupting Shoal, Goryo's Vengeance, Higure, the Still Wind, Toshiro Umezawa"
Betrayers of Kamigawa Redemption,MTGO Redemption,Other,BOK,2005-03-06,1827.62,"Umezawa's Jitte, Disrupting Shoal, Goryo's Vengeance, Higure, the Still Wind, Toshiro Umezawa"
Beyond The Grave,Theme Deck,Other,CSP,2006-07-21,69.5,"Sek'Kuar, Deathkeeper, Coldsteel Heart, Void Maw, Dark Ritual, Grim Harvest"
Bitterblossom Dreams,Secret Lair Drop,Other,SLD,2019-12-03,43.12,Bitterblossom
Black,Halfdeck,Other,UND,2020-02-28,10.22,"Booster Tutor, Jack-in-the-Mox, Swamp, Acornelia, Fashionable Filcher, Infernal Spawn of Evil"
Black Deck,Welcome Deck,Other,W16,2016-04-08,11.79,"Zulaport Cutthroat, Swamp, Swamp, Bone Splinters, Demon's Grasp"
Black Deck A,Sample Deck,Other,M12,2011-07-15,13.42,"Reassembling Skeleton, Zombie Infestation, Swamp, Swamp, Swamp"
Black Deck B,Sample Deck,Other,M12,2011-07-15,17.48,"Diabolic Tutor, Tormented Soul, Swamp, Swamp, Swamp"
Black Devotion,Deck Builder's Toolkit,Other,M15,2014-07-18,14.53,"Gray Merchant of Asphodel, Sign in Blood, Drown in Sorrow, Mogis's Marauder, Squelching Leeches"
Black Discard,Deck Builder's Toolkit,Other,MBS,2011-03-11,35.5,"Liliana's Caress, Bloodhusk Ritualist, Mind Sludge, Psychic Miasma, Liliana's Specter"
Black Green Graveyard,Deck Builder's Toolkit,Other,M15,2014-07-18,14.43,"Nyx Weaver, Satyr Wayfinder, Graverobber Spider, Undergrowth Scavenger, Commune with the Gods"
Black Is Magic,Secret Lair Drop,Other,SLD,2021-05-13,62.0,"Shalai, Voice of Plenty, Sol Ring, Teferi, Hero of Dominaria, Cultivate, Ponder"
Black Is Magic Foil Edition,Secret Lair Drop,Other,SLD,2021-05-13,62.0,"Shalai, Voice of Plenty, Sol Ring, Teferi, Hero of Dominaria, Cultivate, Ponder"
Black Red Minotaurs,Deck Builder's Toolkit,Other,M15,2014-07-18,3.44,"Kragma Warcaller, Felhide Petrifier, Flurry of Horns, Flesh to Dust, Ragemonger"
Black Sample Deck,Sample Deck,Other,M15,2014-07-18,10.87,"Sign in Blood, Typhoid Rats, Staff of the Death Magus, Paragon of Open Graves, Swamp"
Black and Green Counters,Deck Builder's Toolkit,Other,AKH,2017-04-28,4.92,"Cartouche of Strength, Cartouche of Ambition, Baleful Ammit, Festering Mummy, Crocodile of the Crossing"
Black and Green Delirium,Deck Builder's Toolkit,Other,KLD,2016-09-30,3.84,"Gnarlwood Dryad, Crop Sigil, Make Obsolete, Mournwillow, Grapple with the Past"
Black and Red Artifacts,Deck Builder's Toolkit,Other,AKH,2017-04-28,2.33,"Welder Automaton, Inventor's Apprentice, Enraged Giant, Implement of Malice, Welding Sparks"
Black and Red Madness,Deck Builder's Toolkit,Other,KLD,2016-09-30,7.46,"Insolent Neonate, Olivia's Bloodsworn, Furyblade Vampire, Fiery Temper, Olivia's Dragoon"
Black and White Vampires,Deck Builder's Toolkit,Other,XLN,2017-09-29,4.06,"Vicious Conquistador, Duskborne Skymarcher, Call to the Feast, Anointed Deacon, Skymarch Bloodletter"
Black-Green Deck,Spellslinger Starter Kit,Other,M19,2018-10-05,21.24,"Verdant Sun's Avatar, Ghalta, Primal Hunger, Ravenous Chupacabra, Reclamation Sage, Forest"
Black-Red Destruction,Deck Builder's Toolkit,Other,ROE,2010-05-21,5.53,"Doom Blade, Marsh Casualties, Hideous End, Rise from the Grave, Goblin Artillery"
Blades of Victory,Intro Pack,Other,M11,2010-07-16,45.07,"Plains, Angelic Arbiter, Plains, Armored Ascension, Condemn"
Blazing Beasts of Myth,Intro Pack,Other,THS,2013-09-27,16.11,"Voyaging Satyr, Forest, Lightning Strike, Destructive Revelry, Forest"
Blessed,Duel Deck,Other,DDQ,2016-02-26,17.68,"Eerie Interlude, Seraph Sanctuary, Tandem Lookout, Champion of the Parish, Geist of Saint Traft"
Blinding Fury,Theme Deck,Other,S99,1999-07-12,26.15,"Armageddon, Angel of Light, Plains, Plains, Archangel"
Blink 1,Jumpstart,Other,J22,2022-12-02,44.0,"Preston, the Vanisher, Flicker of Fate, Distinguished Conjurer, Wispweaver Angel, Rambunctious Mutt"
Blink 2,Jumpstart,Other,J22,2022-12-02,17.92,"Emiel the Blessed, Flicker of Fate, Distinguished Conjurer, Rambunctious Mutt, Inspiring Overseer"
Blink 3,Jumpstart,Other,J22,2022-12-02,43.64,"Preston, the Vanisher, Flicker of Fate, Distinguished Conjurer, Restoration Angel, Rambunctious Mutt"
Blink 4,Jumpstart,Other,J22,2022-12-02,11.04,"Panharmonicon, Flicker of Fate, Distinguished Conjurer, Wispweaver Angel, Rambunctious Mutt"
Blood Bowl,Secret Lair Drop,Other,SLD,2022-12-05,88.42,"Fellwar Stone, Defense of the Heart, Approach of the Second Sun, Rewind, Fling"
Blood Bowl Foil Edition,Secret Lair Drop,Other,SLD,2022-12-05,88.42,"Fellwar Stone, Defense of the Heart, Approach of the Second Sun, Rewind, Fling"
Blood and Fire,Intro Pack,Other,M12,2011-07-15,37.66,"Warstorm Surge, Swiftfoot Boots, Tormented Soul, Mountain, Swamp"
Bloody (1),Jumpstart,Other,J25,2024-11-07,3.63,"Ivora, Insatiable Heir, Anje's Ravager, Voldaren Epicure, Thriving Bluff, Soul Sear"
Bloody (2),Jumpstart,Other,J25,2024-11-07,3.58,"Ivora, Insatiable Heir, Markov Enforcer, Markov Blademaster, Thriving Bluff, Soul Sear"
Bloody (3),Jumpstart,Other,J25,2024-11-07,3.15,"Ivora, Insatiable Heir, Thriving Bluff, Soul Sear, Mountain, Scion of Opulence"
Bloody (4),Jumpstart,Other,J25,2024-11-07,3.38,"Ivora, Insatiable Heir, Voldaren Epicure, Thriving Bluff, Falkenrath Marauders, Soul Sear"
Bloomburrow Bundle Land Pack,Bundle Land Pack,Other,BLB,2024-09-04,15.5,"Swamp, Forest, Island, Plains, Mountain"
Bloomburrow Redemption,MTGO Redemption,Other,BLB,2024-09-04,358.42,"Lumra, Bellow of the Woods, Maha, Its Feathers Night, Three Tree City, Ral, Crackling Wit, Ygra, Eater of All"
Blossoming Growth,Arena Starter Deck,Other,SNC,2022-09-09,27.32,"Hullbreaker Horror, Colossal Skyturtle, Titan of Industry, Glorious Sunrise, Dreamroot Cascade"
Blowout,Theme Deck,Other,INV,2000-10-02,181.24,"Phyrexian Delver, Ravenous Rats, Ghitu Fire, Breath of Darigaaz, Swamp"
Blue,Halfdeck,Other,UND,2020-02-28,5.3,"Cheatyface, Rock Lobster, Island, Alexander Clamilton, B.O.B. (Bevy of Beebles)"
Blue Control,Deck Builder's Toolkit,Other,ROE,2010-05-21,5.41,"Into the Roil, Essence Scatter, Wall of Frost, Air Elemental, Summoner's Bane"
Blue Deck,Welcome Deck,Other,W16,2016-04-08,6.98,"Pore Over the Pages, Island, Island, Niblis of Dusk, Island"
Blue Deck A,Sample Deck,Other,M12,2011-07-15,12.29,"Phantasmal Dragon, Skywinder Drake, Aether Adept, Island, Island"
Blue Deck B,Sample Deck,Other,M12,2011-07-15,11.74,"Jace's Erasure, Island, Island, Island, Island"
Blue Green Enters the Battlefield,Deck Builder's Toolkit,Other,M15,2014-07-18,6.95,"Quickling, Kapsho Kitefins, Shaman of Spring, Coral Barrier, Nessian Game Warden"
Blue Red Artifacts,Deck Builder's Toolkit,Other,M15,2014-07-18,9.87,"Chariot of Victory, Ensoul Artifact, Ornithopter, Opaline Unicorn, Traveler's Amulet"
Blue Red Counterburn,Deck Builder's Toolkit,Other,M15,2014-07-18,3.92,"Magma Jet, Spite of Mogis, Spellheart Chimera, Mnemonic Wall, Rise of Eagles"
Blue Sample Deck,Sample Deck,Other,M15,2014-07-18,5.43,"Island, Negate, Staff of the Mind Magus, Island, Paragon of Gathering Mists"
Blue and Black Noncreatures,Deck Builder's Toolkit,Other,AKH,2017-04-28,5.15,"Hieroglyphic Illumination, Cartouche of Knowledge, Cartouche of Ambition, Stir the Sands, Trial of Knowledge"
Blue and Black Pirates,Deck Builder's Toolkit,Other,XLN,2017-09-29,11.2,"Siren Stormtamer, Ruthless Knave, Chart a Course, Pirate's Prize, Deadeye Plunderers"
Blue and Black Zombies,Deck Builder's Toolkit,Other,KLD,2016-09-30,3.03,"Graf Harvest, Cemetery Recruitment, Compelling Deterrence, Ingenious Skaab, Wailing Ghoul"
Blue and Colorless Artifacts,Deck Builder's Toolkit,Other,KLD,2016-09-30,3.2,"Filigree Familiar, Terrarion, Gearseeker Serpent, Consulate Skygate, Glint-Nest Crane"
Blue and Green,Deck Builder's Toolkit,Other,KLD,2016-09-30,9.96,"Pore Over the Pages, Turn Aside, Watcher in the Web, Exultant Cultist, Noose Constrictor"
Blue and Green Merfolk,Deck Builder's Toolkit,Other,XLN,2017-09-29,6.06,"Deeproot Waters, River Sneak, Watertrap Weaver, Shapers of Nature, Kumena's Speaker"
Blue and Green Ramp,Deck Builder's Toolkit,Other,XLN,2017-09-29,8.63,"Ranging Raptors, Chart a Course, Merfolk Branchwalker, Pirate's Prize, Lay Claim"
Blue and White Flying,Deck Builder's Toolkit,Other,KLD,2016-09-30,10.21,"Displace, Unsubstantiate, Nebelgast Herald, Long Road Home, Aviary Mechanic"
Blue-Black,Starter Kit,Other,FIN,2025-06-13,7.87,"Sephiroth, Planet's Heir, Ultimecia, Temporal Threat, Overkill, Swamp, Swamp"
Blue-White Fliers,Deck Builder's Toolkit,Other,ROE,2010-05-21,3.69,"Safe Passage, Illusionary Servant, Phantom Warrior, Sejiri Merfolk, Divine Verdict"
Blue-White Flyers,Deck Builder's Toolkit,Other,MBS,2011-03-11,26.15,"Oust, Aether Adept, Unsummon, Negate, Sleep"
Boggart Feast,Theme Deck,Other,LRW,2007-10-12,92.53,"Tarfire, Swamp, Boggart Harbinger, Boggart Shenanigans, Boggart Mob"
Boltslinger,MTGO Theme Deck,Other,TD0,2010-11-08,0.0,"Hellspark Elemental, Goblin Guide, Keldon Marauders, Rift Bolt, Lava Spike"
Bomber,Theme Deck,Other,7ED,2001-04-11,665.65,"Counterspell, Force Spike, Merfolk Looter, Ancestral Memories, Boomerang"
Boneyard 1,Jumpstart,Other,J22,2022-12-02,7.29,"Oversold Cemetery, Stitcher's Supplier, Wailing Ghoul, Moodmark Painter, Ossuary Rats"
Boneyard 2,Jumpstart,Other,J22,2022-12-02,4.59,"Stitcher's Supplier, Shadowborn Demon, Liliana's Elite, Wailing Ghoul, Moodmark Painter"
Bookworms (1),Jumpstart,Other,J25,2024-11-07,2.9,"Overflowing Insight, Syr Elenora, the Discerning, Blink of an Eye, Thriving Isle, Island"
Bookworms (2),Jumpstart,Other,J25,2024-11-07,5.87,"Teferi's Ageless Insight, Phantasmal Shieldback, Syr Elenora, the Discerning, Thriving Isle, Island"
Bookworms (3),Jumpstart,Other,J25,2024-11-07,2.94,"Omen of the Sea, Syr Elenora, the Discerning, Thriving Isle, Sphinx of Enlightenment, Thopter Mechanic"
Bookworms (4),Jumpstart,Other,J25,2024-11-07,3.42,"Phantasmal Shieldback, Syr Elenora, the Discerning, Opt, Nadir Kraken, Tolarian Kraken"
Booster Battle Pack: Boros,Welcome Deck,Other,GTC,2013-02-01,10.34,"Massive Raid, Boros Elite, Plains, Mountain, Plains"
Booster Battle Pack: Dimir,Welcome Deck,Other,GTC,2013-02-01,11.52,"Gridlock, Shadow Alley Denizen, Dimir Guildgate, Swamp, Island"
Booster Battle Pack: Gruul,Welcome Deck,Other,GTC,2013-02-01,10.7,"Gruul Guildgate, Pit Fight, Forest, Forest, Madcap Skills"
Booster Battle Pack: Orzhov,Welcome Deck,Other,GTC,2013-02-01,17.87,"Gift of Orzhova, Syndic of Tithes, Plains, Contaminated Ground, Orzhov Guildgate"
Booster Battle Pack: Simic,Welcome Deck,Other,GTC,2013-02-01,15.18,"Ivy Lane Denizen, Bioshift, Nimbus Swimmer, Hydroform, Simic Guildgate"
Born of the Gods Foil Redemption,MTGO Redemption,Other,BNG,2014-03-09,383.14,"Mogis, God of Slaughter, Phenax, God of Deception, Xenagos, God of Revels, Brimaz, King of Oreskos, Karametra, God of Harvests"
Born of the Gods Redemption,MTGO Redemption,Other,BNG,2014-03-09,383.14,"Mogis, God of Slaughter, Phenax, God of Deception, Xenagos, God of Revels, Brimaz, King of Oreskos, Karametra, God of Harvests"
Boros,Guild Kit,Other,GK1,2018-11-02,50.49,"Aurelia, the Warleader, Legion Loyalist, Boros Charm, Boros Reckoner, Legion Warboss"
Boros Assault,Arena Starter Deck,Other,DOM,2018-03-22,60.13,"Combat Celebrant, Oketra's Monument, Cartouche of Solidarity, Harsh Mentor, Angel of Condemnation"
Boros Battalion,Intro Pack,Other,GTC,2013-02-01,15.55,"Firemane Avenger, Boros Elite, Plains, Boros Keyrune, Mountain"
Boros Legion,Arena Starter Deck,Other,M20,2019-05-03,26.03,"Sacred Foundry, Aurelia, Exemplar of Justice, Legion Warboss, Healer's Hawk, Mountain"
Boros Legion 1,Jumpstart,Other,CLU,2024-02-23,7.44,"Finale of Glory, Aegis of the Legion, Novice Inspector, Boros Signet, Boros Garrison"
Boros Legion 2,Jumpstart,Other,CLU,2024-02-23,2.67,"Boros Strike-Captain, Firemane Avenger, Krenko's Command, Boros Garrison, Cosmotronic Wave"
Bound by Strength,Intro Pack,Other,AVR,2012-05-04,67.22,"Tandem Lookout, Forest, Deadeye Navigator, Wingcrafter, Forest"
Boundless Elves,Game Night Deck,Other,GN3,2022-10-14,49.36,"Imaryll, Elfhame Elite, Elven Ambush, Beast Whisperer, Immaculate Magistrate, Llanowar Tribe"
Bounty Hunter (1),Jumpstart,Other,TLE,2025-11-20,5.9,"Bastion of Remembrance, Swamp, Thriving Moor, Nyla, Shirshu Sleuth, Purple Pentapus"
Bounty Hunter (2),Jumpstart,Other,TLE,2025-11-20,6.2,"Bastion of Remembrance, Swamp, Obsessive Pursuit, Thriving Moor, Nyla, Shirshu Sleuth"
Brain Dead: Creatures,Secret Lair Drop,Other,SLD,2024-07-30,61.04,"Consecrated Sphinx, Kiki-Jiki, Mirror Breaker, Wurmcoil Engine, Chaotic Goo, Meteor Golem"
Brain Dead: Creatures Foil Edition,Secret Lair Drop,Other,SLD,2024-07-30,61.04,"Consecrated Sphinx, Kiki-Jiki, Mirror Breaker, Wurmcoil Engine, Chaotic Goo, Meteor Golem"
Brain Dead: Lands,Secret Lair Drop,Other,SLD,2024-07-30,101.82,"Mountain, Mountain, Swamp, Forest, Swamp"
Brain Dead: Lands Foil Edition,Secret Lair Drop,Other,SLD,2024-07-30,101.82,"Mountain, Mountain, Swamp, Forest, Swamp"
Brain Dead: New Earth Mentality,Secret Lair Drop,Other,SLD,2026-02-24,43.42,"Jace's Archivist, Mirror Entity, Stinkweed Imp, Sakura-Tribe Elder, Mogg Assassin"
Brain Dead: New Earth Mentality Foil Edition,Secret Lair Drop,Other,SLD,2026-02-24,43.42,"Jace's Archivist, Mirror Entity, Stinkweed Imp, Sakura-Tribe Elder, Mogg Assassin"
Brain Dead: Staples,Secret Lair Drop,Other,SLD,2024-07-30,54.19,"Sol Ring, Thought Vessel, Skullclamp, Command Tower, Lightning Greaves"
Brain Dead: Staples Foil Edition,Secret Lair Drop,Other,SLD,2024-07-30,54.19,"Sol Ring, Thought Vessel, Skullclamp, Command Tower, Lightning Greaves"
Brave the Battle,Intro Pack,Other,ORI,2015-07-17,10.22,"Valeron Wardens, Plains, Sentinel of the Eternal Watch, Valor in Akros, Plains"
Brazen Coalition,Theme Deck,Other,E02,2017-11-24,26.85,"Blatant Thievery, Angrath's Marauders, Shared Animosity, Adaptive Automaton, Island"
Breakdown,Theme Deck,Other,NEM,2000-02-14,469.91,"Hickory Woodlot, Accumulated Knowledge, Saprazzan Skerry, War Tax, Vine Trellis"
Breakdown - Enhanced Deck,Enhanced Deck,Other,NEM,2000-02-14,759.43,"Palinchron, Hickory Woodlot, Saprazzan Skerry, Vine Trellis, Waterfront Bouncer"
Breath of Fire,Intro Pack,Other,M11,2010-07-16,67.2,"Preordain, Lightning Bolt, Call to Mind, Augury Owl, Fire Servant"
Brian Hacker - White Weenie,World Championship Deck,Other,WC98,1998-08-12,24.99,"Tithe, Cataclysm, Soul Warden, Aura of Silence, Plains"
Brian Kibler - Red Zone 2K2,World Championship Deck,Other,WC02,2002-08-14,129.41,"Call of the Herd, City of Brass, Mountain, Birds of Paradise, Plains"
Brian Selden - Cali Nightmare,World Championship Deck,Other,WC98,1998-08-12,186.98,"Survival of the Fittest, Volrath's Stronghold, City of Brass, Scroll Rack, Recurring Nightmare"
Bring About The Undead Apocalypse,Archenemy Deck,Other,ARC,2010-06-18,37.11,"Reanimate, Bog Witch, Avatar of Woe, Swamp, Cemetery Reaper"
Brood 1,Jumpstart,Other,MOM,2023-04-20,5.47,"Essence of Orthodoxy, Plains, Plains, Plains, Seedpod Caretaker"
Brood 2,Jumpstart,Other,MOM,2023-04-20,5.47,"Essence of Orthodoxy, Plains, Plains, Plains, Seedpod Caretaker"
Brotherhood Agents,Starter Kit,Other,ACR,2024-07-05,25.68,"Ezio, Blade of Vengeance, Rooftop Bypass, Achilles Davenport, Chain Assassination, Eagle Vision"
Brute Force,Intro Pack,Other,WWK,2010-02-05,36.47,"Lightning Bolt, Canopy Cover, Terastodon, Greenweaver Druid, Leatherback Baloth"
Buff 1,Jumpstart,Other,MOM,2023-04-20,35.74,"Surrak and Goreclaw, Kami of Whispered Hopes, Ruins Recluse, Forest, Timberland Ancient"
Buff 2,Jumpstart,Other,MOM,2023-04-20,35.38,"Surrak and Goreclaw, Kami of Whispered Hopes, Ruins Recluse, Forest, Timberland Ancient"
Buggin' Out,Secret Lair Drop,Other,SLD,2023-09-15,75.99,"Noxious Revival, Eldritch Evolution, Grist, the Hunger Tide, Mazirek, Kraul Death Priest, Giant Adephage"
Buggin' Out Foil Edition,Secret Lair Drop,Other,SLD,2023-09-15,75.99,"Noxious Revival, Eldritch Evolution, Grist, the Hunger Tide, Mazirek, Kraul Death Priest, Giant Adephage"
Bumi,Jumpstart,Other,TLE,2025-11-20,8.12,"Crystalline Armor, Bumi's Feast Lecture, Forest, Origin of Metalbending, Creeping Crystal Coating"
Burial,Theme Deck,Other,APC,2001-06-04,337.51,"Phyrexian Arena, Chromatic Sphere, Death Grasp, Elfhame Palace, Forest"
Burning,Jumpstart,Other,J25,2024-11-07,11.2,"Rionya, Fire Dancer, Thriving Bluff, Chandra's Spitfire, Play with Fire, Firespitter Whelp"
Burning Revelations,Secret Lair Drop,Other,SLD,2024-01-26,158.3,"Akroma's Memorial, Reckless Fireweaver, Price of Glory, Consider, Inspiring Overseer"
Burning Sky,MTGO Theme Deck,Other,MIR,2006-12-05,35.36,"Mystical Tutor, Mist Dragon, Mountain, Island, Subterranean Spirit"
Cabbages,Jumpstart,Other,TLE,2025-11-20,35.97,"The Cabbage Merchant, Bosco, Just a Bear, Bumi's Feast Lecture, Elephant-Mandrill, Forest"
Call of Blood,Intro Pack,Other,BFZ,2015-10-02,23.34,"Zulaport Cutthroat, Felidar Sovereign, Mortuary Mire, Drana's Emissary, Defiant Bloodlord"
Call of the Kor,Theme Deck,Other,STH,1998-03-02,23.23,"Shaman en-Kor, Flickering Ward, Soltari Champion, Lab Rats, Nomads en-Kor"
Call of the Kor - Advanced Deck,Advanced Deck,Other,STH,1998-03-02,64.1,"Tithe, Armageddon, Shaman en-Kor, Soltari Champion, Plains"
Calling All Hydra Heads,Secret Lair Drop,Other,SLD,2023-12-08,75.91,"Unbound Flourishing, Zaxara, the Exemplary, Primordial Hydra, Gargos, Vicious Watcher, Hydroid Krasis"
Can You Feel With A Heart of Steel?,Secret Lair Drop,Other,SLD,2020-06-02,52.65,"Walking Ballista, Arcbound Ravager, Darksteel Colossus"
Carlos Romão - Psychatog,World Championship Deck,Other,WC02,2002-08-14,42.45,"Psychatog, Cephalid Coliseum, Swamp, Swamp, Island"
Carnival of Blood,Intro Pack,Other,ISD,2011-09-30,47.28,"Rakish Heir, Diabolic Tutor, Mask of Avacyn, Blood Seeker, Falkenrath Noble"
Cats,Theme Deck,Other,PSAL,2005-08-01,0.0,"Plains, Plains, Plains, Plains, Plains"
Cats (1),Jumpstart,Other,JMP,2020-07-17,4.92,"Feline Sovereign, Canopy Stalker, Pridemalkin, Forest, Sabertooth Mauler"
Cats (2),Jumpstart,Other,JMP,2020-07-17,23.92,"Lurking Predators, Feline Sovereign, Canopy Stalker, Pridemalkin, Forest"
Cats 1,Jumpstart,Other,J22,2022-12-02,3.73,"Regal Caracal, King of the Pride, Felidar Cub, Make a Stand, Skyhunter Patrol"
Cats 2,Jumpstart,Other,J22,2022-12-02,4.91,"Felidar Retreat, Trove Warden, King of the Pride, Steppe Lynx, Make a Stand"
Cats 3,Jumpstart,Other,J22,2022-12-02,11.31,"Ajani, Strength of the Pride, King of the Pride, Make a Stand, Ajani's Pridemate, Thriving Heath"
Cats 4,Jumpstart,Other,J22,2022-12-02,9.19,"Leonin Warleader, King of the Pride, Make a Stand, Thriving Heath, Plains"
Cats Are Better Than Dogs,Secret Lair Drop,Other,SLD,2025-03-18,92.82,"Arcane Signet, Basilisk Collar, Escape to the Wilds, Titanic Ultimatum, Rip Apart"
Cats Are Better Than Dogs Foil Edition,Secret Lair Drop,Other,SLD,2025-03-18,92.82,"Arcane Signet, Basilisk Collar, Escape to the Wilds, Titanic Ultimatum, Rip Apart"
Cavalcade Charge,Challenger Deck,Other,Q04,2020-04-03,32.53,"Embercleave, Torbran, Thane of Red Fell, Runaway Steam-Kin, Chandra, Acolyte of Flame, Cavalcade of Calamity"
Celestial Assault,Theme Deck,Other,ONS,2002-10-07,98.43,"Oblation, Seaside Haven, Island, Airborne Aid, Island"
Centaur Shaman,Shandalar Enemy Deck,Other,PAST,1997-04-01,80.91,"Birds of Paradise, Carrion Ants, Whirling Dervish, Dark Ritual, Cockatrice"
Centaur Warchief,Shandalar Enemy Deck,Other,PAST,1997-04-01,401.92,"Mountain, Land Tax, Colossus of Sardia, Ali Baba, Kismet"
Champions of Kamigawa Foil Redemption,MTGO Redemption,Other,CHK,2004-10-31,3569.01,"Minamo, School at Water's Edge, Shizo, Death's Storehouse, Dosan the Falling Leaf, Gifts Ungiven, Kiki-Jiki, Mirror Breaker"
Champions of Kamigawa Redemption,MTGO Redemption,Other,CHK,2004-10-31,3569.01,"Minamo, School at Water's Edge, Shizo, Death's Storehouse, Dosan the Falling Leaf, Gifts Ungiven, Kiki-Jiki, Mirror Breaker"
Chandra,Duel Deck,Other,JVC,2014-12-05,10.67,"Chandra Nalaar, Fireblast, Flamekin Brawler, Seal of Fire, Mountain"
Chandra Japanese,Duel Deck,Other,DD2,2008-11-07,6.47,"Fireblast, Demonfire, Fireslinger, Incinerate, Seal of Fire"
"Chandra, Bold Pyromancer",Planeswalker Deck,Other,DOM,2018-04-27,27.6,"Marwyn, the Nurturer, Llanowar Elves, Grunn, the Lonely King, Chandra, Bold Pyromancer, Gilded Lotus"
"Chandra, Flame's Catalyst",Planeswalker Deck,Other,M21,2020-07-03,13.71,"Chandra, Flame's Catalyst, Chandra's Incinerator, Unleash Fury, Mountain, Double Vision"
"Chandra, Flame's Fury",Planeswalker Deck,Other,M20,2019-07-29,6.67,"Chandra, Flame's Fury, Mountain, Drakuseth, Maw of Flames, Chandra's Outrage, Chandra's Flame Wave"
"Chandra, Pyrogenius",Planeswalker Deck,Other,KLD,2016-09-30,10.54,"Fateful Showdown, Aerial Responder, Chandra, Pyrogenius, Fleetwheel Cruiser, Bomat Bazaar Barge"
Chaos,Jumpstart,Other,J25,2024-11-07,14.52,"Violent Outburst, Chromatic Lantern, Druid of the Anima, Maelstrom Colossus, Averna, the Chaos Bloom"
Chaos Reigns,Planechase Deck,Other,PCA,2016-11-25,20.8,"Maelstrom Wanderer, Beast Within, Whirlpool Warrior, Shardless Agent, Cultivate"
Chaos and Mayhem,Arena Starter Deck,Other,M19,2018-09-27,30.03,"Goblin Trashmaster, Goblin Instigator, Dragonskull Summit, Rekindling Phoenix, Open the Graves"
Charge of the Boros,Theme Deck,Other,RAV,2005-10-07,99.63,"Sunforger, Sunhome, Fortress of the Legion, Lightning Helix, Boros Garrison, Agrus Kos, Wojek Veteran"
Charging Ahead,Arena Starter Deck,Other,LTR,2023-06-20,28.6,"Surrak and Goreclaw, Samut, Vizier of Naktamun, Copperline Gorge, Wooded Ridgeline, Rampaging Raptor"
Chargoyf,Theme Deck,Other,BRB,1999-11-12,31.11,"Spike Weaver, Forest, Llanowar Elves, Mountain, Forest"
Cho-Manno's Resolve,Theme Deck,Other,10E,2007-07-13,46.39,"Pariah, Cho-Manno, Revolutionary, Angel of Mercy, Serra's Embrace, Icy Manipulator"
Chucky,Secret Lair Drop,Other,SLD,2024-10-01,55.72,"Kardur, Doomscourge // Kardur, Doomscourge, Twinflame, Varragoth, Bloodsky Sire, Phyrexian Reclamation, Genesis Chamber"
Chucky Foil Edition,Secret Lair Drop,Other,SLD,2024-10-01,55.72,"Kardur, Doomscourge // Kardur, Doomscourge, Twinflame, Varragoth, Bloodsky Sire, Phyrexian Reclamation, Genesis Chamber"
Cinder Heart,Theme Deck,Other,BRB,1999-11-12,53.5,"Reanimate, Sadistic Glee, Living Death, Sewer Rats, Exhume"
City Styles,Secret Lair Drop,Other,SLD,2023-04-14,304.03,"Teysa Karlov, Azusa, Lost but Seeking, Paradise Mantle, Sakashima the Impostor, Massacre Girl"
City Styles 2: Dressed to Kill,Secret Lair Drop,Other,SLD,2025-02-11,107.41,"Veyran, Voice of Duality, Ninja of the Deep Hours, Karmic Guide, Captain Sisay, Selvala, Explorer Returned"
City Styles 2: Dressed to Kill Foil Edition,Secret Lair Drop,Other,SLD,2025-02-11,107.41,"Veyran, Voice of Duality, Ninja of the Deep Hours, Karmic Guide, Captain Sisay, Selvala, Explorer Returned"
City Styles Foil Edition,Secret Lair Drop,Other,SLD,2023-04-14,304.03,"Teysa Karlov, Azusa, Lost but Seeking, Paradise Mantle, Sakashima the Impostor, Massacre Girl"
Claws of Vengeance,Theme Deck,Other,PS11,2011-01-01,0.0,"Forest, Forest, Forest, Forest, Plains"
Cleric,Shandalar Enemy Deck,Other,PAST,1997-04-01,30.91,"Meekstone, Swords to Plowshares, Savannah Lions, Tawnos's Weaponry, Plains"
Clerics (1),Jumpstart,Other,J25,2024-11-07,3.4,"Skemfar Shadowsage, Taborax, Hope's Demise, Nullpriest of Oblivion, Bonecaller Cleric, Archfiend's Vessel"
Clerics (2),Jumpstart,Other,J25,2024-11-07,3.44,"Priest of Gix, Taborax, Hope's Demise, Bonecaller Cleric, Archfiend's Vessel, Thriving Moor"
Clerics (3),Jumpstart,Other,J25,2024-11-07,13.99,"Vito, Thorn of the Dusk Rose, Skemfar Shadowsage, Bonecaller Cleric, Scion of Darkness, Thriving Moor"
Clerics (4),Jumpstart,Other,J25,2024-11-07,15.97,"Vito, Thorn of the Dusk Rose, Priest of Forgotten Gods, Priest of Gix, Skemfar Shadowsage, Bonecaller Cleric"
Clue Edition Core Contents,Box Set,Other,CLU,2024-02-23,19.82,"Headliner Scarlett, Apothecary White, Mastermind Plum, Emissary Green, Commander Mustard"
Coalition Corps,Jumpstart,Other,DMU,2022-09-09,7.84,"Plains, Serra Redeemer, Resolute Reinforcements, Love Song of Night and Day, Plains"
Coalition Legion,Jumpstart,Other,DMU,2022-09-09,7.95,"Plains, Serra Redeemer, Samite Herbalist, Love Song of Night and Day, Knight of Dawn's Light"
Code of the Orzhov,Theme Deck,Other,GPT,2006-02-03,74.2,"Teysa, Orzhov Scion, Martyred Rusalka, Orzhov Basilica, Hissing Miasma, Thoughtpicker Witch"
Cold-Blooded Killers,Arena Starter Deck,Other,ANB,2020-08-13,0.0,"Sanitarium Skeleton, Typhoid Rats, Malakir Cullblade, Vampire Opportunist, Mardu Outrider"
Coldsnap Foil Redemption,MTGO Redemption,Other,CSP,2006-08-20,1746.09,"Rite of Flame, Dark Depths, Commandeer, Counterbalance, Thrumming Stone"
Coldsnap Redemption,MTGO Redemption,Other,CSP,2006-08-20,1746.09,"Rite of Flame, Dark Depths, Commandeer, Counterbalance, Thrumming Stone"
Collectors' Edition,Box Set,Other,CED,1993-12-10,15308.48,"Black Lotus, Timetwister, Mox Sapphire, Mox Jet, Mox Ruby"
Comeback,Theme Deck,Other,PLS,2001-02-05,251.93,"Ravenous Rats, Nightscape Familiar, Cavern Harpy, Stormscape Familiar, Coastal Tower"
Commander Collection Black,Box Set,Other,CC2,2022-01-28,89.19,"Sol Ring, Reanimate, Toxic Deluge, Ophiomancer, Command Tower"
Commander Collection Black Premium,Box Set,Other,CC2,2022-01-28,89.19,"Sol Ring, Reanimate, Toxic Deluge, Ophiomancer, Command Tower"
Commander Collection: Green,Box Set,Other,CC1,2020-12-04,144.21,"Seedborn Muse, Worldly Tutor, Sylvan Library, Sol Ring, Command Tower"
Commander Collection: Green - Premium,Box Set,Other,CC1,2020-12-04,144.21,"Seedborn Muse, Worldly Tutor, Sylvan Library, Sol Ring, Command Tower"
Commander's Arsenal,Box Set,Other,CM1,2012-10-23,274.41,"Rhystic Study, Scroll Rack, Sylvan Library, Command Tower, Diaochan, Artful Beauty"
Commander's Arsenal Oversized,Box Set,Other,OCM1,2012-10-23,238.51,"Sliver Queen, Azusa, Lost but Seeking, Karn, Silver Golem, Karrthus, Tyrant of Jund, Grimgrin, Corpse-Born"
Company of Knights,Arena Starter Deck,Other,M21,2021-07-03,18.63,"Embercleave, Grasping Giant, Plains, Basri's Lieutenant, Acclaimed Contender"
Concerted Effort,Intro Pack,Other,OGW,2016-01-22,8.45,"Veteran Warleader, Iona's Blessing, Angel of Renewal, Relief Captain, Evolving Wilds"
Conflux Foil Redemption,MTGO Redemption,Other,CON,2009-03-08,550.95,"Master Transmuter, Maelstrom Archangel, Kederekt Parasite, Exotic Orchard, Progenitus"
Conflux Redemption,MTGO Redemption,Other,CON,2009-03-08,550.95,"Master Transmuter, Maelstrom Archangel, Kederekt Parasite, Exotic Orchard, Progenitus"
Conjurer,Shandalar Enemy Deck,Other,PAST,1997-04-01,124.54,"Aladdin's Ring, Fellwar Stone, Apprentice Wizard, Counterspell, Giant Tortoise"
Conquering Hordes,Event Deck,Other,KTK,2014-09-26,54.06,"Dictate of Erebos, Spear of Heliod, Dictate of Heliod, Bloodsoaked Champion, Spirit Bonds"
Constellation 1,Jumpstart,Other,J22,2022-12-02,4.6,"Sage's Reverie, Archon of Sun's Grace, Chains of Custody, Spirited Companion, Transcendent Envoy"
Constellation 2,Jumpstart,Other,J22,2022-12-02,4.97,"Sage's Reverie, Sigil of the Empty Throne, Alseid of Life's Bounty, Chains of Custody, Spirited Companion"
Control Center,Arena Starter Deck,Other,AFR,2021-09-24,21.19,"Clearwater Pathway // Murkwater Pathway, Ice Tunnel, Baleful Mastery, Iymrith, Desert Doom, Mind Flayer"
Cool Ocean Breeze,Secret Lair Drop,Other,SLD,2023-04-28,280.14,"Thassa's Oracle, Thassa, Deep-Dwelling, Master of Waves, Llawan, Cephalid Empress"
Cool Ocean Breeze Foil Edition,Secret Lair Drop,Other,SLD,2023-04-28,280.14,"Thassa's Oracle, Thassa, Deep-Dwelling, Master of Waves, Llawan, Cephalid Empress"
Copied (1),Jumpstart,Other,J25,2024-11-07,4.52,"Crimson Wisps, Zada, Hedron Grinder, Invigorated Rampage, Thriving Bluff, Guttersnipe"
Copied (2),Jumpstart,Other,J25,2024-11-07,3.18,"Zada, Hedron Grinder, Charmbreaker Devils, Thriving Bluff, Fire Prophecy, Firespitter Whelp"
Core Set 2019 Foil Redemption,MTGO Redemption,Other,M19,2018-08-12,544.15,"Scapeshift, Nicol Bolas, the Ravager // Nicol Bolas, the Arisen, Crucible of Worlds, Arcades, the Strategist, Resplendent Angel"
Core Set 2019 Redemption,MTGO Redemption,Other,M19,2018-08-12,544.15,"Scapeshift, Nicol Bolas, the Ravager // Nicol Bolas, the Arisen, Crucible of Worlds, Arcades, the Strategist, Resplendent Angel"
Core Set 2020 Foil Redemption,MTGO Redemption,Other,M20,2019-08-11,534.01,"Field of the Dead, Veil of Summer, Kaalia, Zenith Seeker, Chandra, Awakened Inferno, Ajani, Strength of the Pride"
Core Set 2020 Redemption,MTGO Redemption,Other,M20,2019-08-11,534.01,"Field of the Dead, Veil of Summer, Kaalia, Zenith Seeker, Chandra, Awakened Inferno, Ajani, Strength of the Pride"
Core Set 2021 Foil Redemption,MTGO Redemption,Other,M21,2020-08-02,369.3,"Chromatic Orrery, Terror of the Peaks, Fiery Emancipation, Grim Tutor, Heroic Intervention"
Core Set 2021 Redemption,MTGO Redemption,Other,M21,2020-08-02,369.3,"Chromatic Orrery, Terror of the Peaks, Fiery Emancipation, Grim Tutor, Heroic Intervention"
Core Set 2021 Welcome Booster,Welcome Booster,Other,M21,2020-07-03,23.23,"Niv-Mizzet, Parun, Demon of Loathing, Underworld Dreams, Garruk, Primal Hunter, Archetype of Imagination"
Corruption 1,Jumpstart,Other,ONE,2023-02-10,7.3,"Drown in Ichor, Kinzu of the Bleak Coven, Anoint with Affliction, Annihilating Glare, The Dross Pits"
Corruption 2,Jumpstart,Other,ONE,2023-02-10,4.21,"Kinzu of the Bleak Coven, Vraska's Fall, Infectious Inquiry, Necrogen Communion, Bilious Skulldweller"
Counter Surge,Challenger Deck,Other,Q01,2018-04-06,44.88,"Walking Ballista, Verdurous Gearhulk, Fatal Push, Forest, Rishkar, Peema Renegade"
Courageous 1,Jumpstart,Other,LTR,2023-06-23,6.02,"Saradoc, Master of Buckland, Rosie Cotton of South Lane, Bill the Pony, Slip On the Ring, Plains"
Courageous 2,Jumpstart,Other,LTR,2023-06-23,8.02,"Saradoc, Master of Buckland, Reprieve, Rosie Cotton of South Lane, Bill the Pony, Slip On the Ring"
Crack the Case,Arena Starter Deck,Other,OTJ,2024-07-08,25.47,"Meticulous Archive, Proft's Eidetic Memory, Forensic Gadgeteer, Novice Inspector, Alquist Proft, Master Sleuth"
Crag Hydra,Shandalar Enemy Deck,Other,PAST,1997-04-01,265.64,"Mountain, Shivan Dragon, Inferno, Detonate, Lightning Bolt"
Creep and Conquer,Event Deck,Other,RTR,2012-10-26,50.78,"Ulvenwald Tracker, Disciple of Bolas, Woodland Cemetery, Golgari Charm, Victim of Night"
Creepshow,Secret Lair Drop,Other,SLD,2023-11-30,65.36,"Death Baron // Death Baron, Grimgrin, Corpse-Born // Grimgrin, Corpse-Born, Unholy Grotto // Unholy Grotto, Noxious Ghoul // Noxious Ghoul, Zombie Master // Zombie Master"
Creepshow Foil Edition,Secret Lair Drop,Other,SLD,2023-11-30,65.36,"Death Baron // Death Baron, Grimgrin, Corpse-Born // Grimgrin, Corpse-Born, Unholy Grotto // Unholy Grotto, Noxious Ghoul // Noxious Ghoul, Zombie Master // Zombie Master"
Cries of Rage,Theme Deck,Other,PS11,2011-01-01,0.0,"Mountain, Mountain, Mountain, Mountain, Forest"
Critical Mass,Theme Deck,Other,SOK,2005-06-03,223.32,"Shuko, Honden of Infinite Rage, Honden of Night's Reach, Thoughts of Ruin, Okiba-Gang Shinobi"
Critter Corps,Arena Promotional Deck,Other,M21,2021-07-03,155.47,"The Ozolith, The Great Henge, Fabled Passage, Ram Through, Selfless Savior"
Crocodile Jackson's Monstrous Menagerie,Secret Lair Drop,Other,SLD,2022-05-06,72.71,"Managorger Hydra, Pathbreaker Ibex, Temur Sabertooth, Ravenous Chupacabra, Winding Constrictor"
Crocodile Jackson's Monstrous Menagerie Foil Etched Edition,Secret Lair Drop,Other,SLD,2022-05-06,72.71,"Managorger Hydra, Pathbreaker Ibex, Temur Sabertooth, Ravenous Chupacabra, Winding Constrictor"
Cruel 1,Jumpstart,Other,J22,2022-12-02,12.14,"Creeping Bloodsucker, Termination Facilitator, Syr Konrad, the Grim, Ob Nixilis, the Hate-Twisted, Tormented Soul"
Cruel 2,Jumpstart,Other,J22,2022-12-02,11.04,"Creeping Bloodsucker, Termination Facilitator, Plague Spitter, Consign to the Pit, Ossuary Rats"
Cruel 3,Jumpstart,Other,J22,2022-12-02,7.73,"Creeping Bloodsucker, Dread Slaver, Festering Evil, Conductor of Cacophony, Ossuary Rats"
Cruel 4,Jumpstart,Other,J22,2022-12-02,10.53,"Creeping Bloodsucker, Dread Presence, Tormented Soul, Conductor of Cacophony, Ossuary Rats"
Cruel Plots,Intro Pack,Other,DTK,2015-03-27,17.63,"Silumgar's Scorn, Sidisi's Faithful, Necromaster Dragon, Gravepurge, Profaner of the Dead"
Crusader,Shandalar Enemy Deck,Other,PAST,1997-04-01,101.71,"Eye for an Eye, Dancing Scimitar, Swords to Plowshares, White Knight, Plains"
Crusher,Theme Deck,Other,ULG,1999-02-15,468.9,"Defense of the Heart, Mother of Runes, Rancor, Treetop Village, Weatherseed Treefolk"
Crusher - Enhanced Deck,Enhanced Deck,Other,ULG,1999-02-15,1788.1,"Gaea's Cradle, Might of Oaks, Eladamri, Lord of Leaves, Weatherseed Treefolk, City of Brass"
Cult of Rakdos,Arena Starter Deck,Other,M20,2019-05-03,41.51,"Blood Crypt, Bedevil, Spawn of Mayhem, Spear Spewer, Mayhem Devil"
Cult of Rakdos 1,Jumpstart,Other,CLU,2024-02-23,6.52,"Frenzied Gorespawn, Rakdos Signet, Spawn of Mayhem, Incriminating Impetus, Deadly Dispute"
Cult of Rakdos 2,Jumpstart,Other,CLU,2024-02-23,6.96,"Rakdos, the Showstopper, Carnage Interpreter, Incriminating Impetus, Rakdos Carnarium, Light Up the Stage"
Culture Shocks: Bant,Secret Lair Drop,Other,SLD,2021-08-25,36.49,"Breeding Pool, Hallowed Fountain, Temple Garden"
Culture Shocks: Esper,Secret Lair Drop,Other,SLD,2021-08-25,38.48,"Watery Grave, Hallowed Fountain, Godless Shrine"
Culture Shocks: Grixis,Secret Lair Drop,Other,SLD,2021-08-25,56.79,"Steam Vents, Blood Crypt, Watery Grave"
Culture Shocks: Jund,Secret Lair Drop,Other,SLD,2021-08-25,49.48,"Overgrown Tomb, Blood Crypt, Stomping Ground"
Culture Shocks: Naya,Secret Lair Drop,Other,SLD,2021-08-25,35.29,"Sacred Foundry, Stomping Ground, Temple Garden"
Cunning,Duel Deck,Other,DDN,2014-09-05,7.96,"Arcanis the Omnipotent, Whiplash Trap, Mana Leak, Lightning Angel, Faerie Impostor"
Cunning 1,Jumpstart,Other,LTR,2023-11-03,3.5,"Minas Tirith Garrison, Ioreth of the Healing House, The Bath Song, Meneldor, Swift Savior, Glorious Gale"
Cunning 2,Jumpstart,Other,LTR,2023-11-03,6.58,"Lórien Revealed, Minas Tirith Garrison, Elrond, Lord of Rivendell, Mirror of Galadriel, Island"
Cunning Plan,Intro Pack,Other,FRF,2015-01-23,22.67,"Monastery Swiftspear, Refocus, Void Snare, Island, Lotus Path Djinn"
Cursed,Duel Deck,Other,DDQ,2016-02-26,9.0,"Gravecrawler, Harvester of Souls, Dread Return, Unbreathing Horde, Diregraf Captain"
Custom Creatures,Theme Deck,Other,9ED,2005-07-29,87.25,"Naturalize, Verduran Enchantress, Overgrowth, Llanowar Elves, Bottle Gnomes"
Cycling 1,Jumpstart,Other,J22,2022-12-02,3.0,"Yidaro, Wandering Monster, Drannith Stinger, Flameblade Adept, Deem Worthy, Thriving Bluff"
Cycling 2,Jumpstart,Other,J22,2022-12-02,3.05,"Irencrag Pyromancer, Drannith Stinger, Starstorm, Mad Ratter, Deem Worthy"
Dan Frazier Is Back Again: The Allied Talismans,Secret Lair Drop,Other,SLD,2022-10-25,197.5,"Talisman of Dominance, Talisman of Indulgence, Talisman of Progress, Talisman of Impulse, Talisman of Unity"
Dan Frazier Is Back Again: The Allied Talismans Foil Etched Edition,Secret Lair Drop,Other,SLD,2022-10-25,197.5,"Talisman of Dominance, Talisman of Indulgence, Talisman of Progress, Talisman of Impulse, Talisman of Unity"
Dan Frazier Is Back Again: The Enemy Talismans,Secret Lair Drop,Other,SLD,2022-10-25,120.89,"Talisman of Creativity, Talisman of Hierarchy, Talisman of Curiosity, Talisman of Conviction, Talisman of Resilience"
Dan Frazier Is Back Again: The Enemy Talismans Foil Etched Edition,Secret Lair Drop,Other,SLD,2022-10-25,120.89,"Talisman of Creativity, Talisman of Hierarchy, Talisman of Curiosity, Talisman of Conviction, Talisman of Resilience"
Dan Frazier is Back: The Allied Signets,Secret Lair Drop,Other,SLD,2021-10-29,97.63,"Rakdos Signet, Dimir Signet, Azorius Signet, Gruul Signet, Selesnya Signet"
Dan Frazier is Back: The Allied Signets Foil Edition,Secret Lair Drop,Other,SLD,2021-10-29,97.63,"Rakdos Signet, Dimir Signet, Azorius Signet, Gruul Signet, Selesnya Signet"
Dan Frazier is Back: The Enemy Signets,Secret Lair Drop,Other,SLD,2021-10-29,93.17,"Izzet Signet, Orzhov Signet, Boros Signet, Simic Signet, Golgari Signet"
Dan Frazier is Back: The Enemy Signets Foil Edition,Secret Lair Drop,Other,SLD,2021-10-29,93.17,"Izzet Signet, Orzhov Signet, Boros Signet, Simic Signet, Golgari Signet"
Dan Frazier's Mox Box,Secret Lair Drop,Other,SLD,2023-09-14,538.07,"Mox Opal, Sol Ring, Mox Tantalite"
Dandân Deck,Dandan Deck,Other,SLD,2026-03-17,102.88,"Mystic Sanctuary, Mental Note, Island, Capture of Jingzhou, Dandân"
Dangerous,Clash Pack,Other,ORI,2015-07-17,28.97,"Dromoka, the Eternal, Abzan Falconer, Avatar of the Resolute, Abzan Battle Priest, Sandsteppe Citadel"
Dangerous Knowledge,Intro Pack,Other,EMN,2016-07-22,17.72,"Pore Over the Pages, Turn Aside, Pieces of the Puzzle, Niblis of Frost, Take Inventory"
Daniel Zink - White-Blue-Green Wake,World Championship Deck,Other,WC03,2003-08-06,47.8,"Flooded Strand, Forest, Mirari's Wake, Moment's Peace, Island"
Dark Alliance,Theme Deck,Other,ATH,1998-11-01,66.24,"Strip Mine, Goblin Recruiter, Hypnotic Specter, Goblin King, Pyrokinesis"
Dark Ascension Foil Redemption,MTGO Redemption,Other,DKA,2012-03-04,442.92,"Mikaeus, the Unhallowed, Grafdigger's Cage, Drogskol Reaver, Vault of the Archangel, Stromkirk Captain"
Dark Ascension Redemption,MTGO Redemption,Other,DKA,2012-03-04,442.92,"Mikaeus, the Unhallowed, Grafdigger's Cage, Drogskol Reaver, Vault of the Archangel, Stromkirk Captain"
Dark Devotion,Theme Deck,Other,BOK,2005-02-04,59.02,"Heartless Hidetsugu, Yukora, the Prisoner, Blood Speaker, Overblaze, Mark of the Oni"
Dark Sacrifice,Game Night Deck,Other,GN3,2022-10-14,31.65,"Vogar, Necropolis Tyrant, Vilis, Broker of Blood, Demon of Loathing, Ravenous Chupacabra, Sign in Blood"
Darksteel Foil Redemption,MTGO Redemption,Other,DST,2004-03-07,1546.63,"Arcbound Ravager, Skullclamp, Mycosynth Lattice, Darksteel Forge, Sword of Fire and Ice"
Darksteel Redemption,MTGO Redemption,Other,DST,2004-03-07,1546.63,"Arcbound Ravager, Skullclamp, Mycosynth Lattice, Darksteel Forge, Sword of Fire and Ice"
Dave Humpherys - Blue-Green Madness,World Championship Deck,Other,WC03,2003-08-06,35.3,"City of Brass, Centaur Garden, Aquamoeba, Careful Study, Wonder"
Day of the Dragon,Starter Kit,Other,WOE,2023-09-08,11.0,"Shivan Devastator, Sarkhan, Soul Aflame, Ingenious Prodigy, Ragefire Hellkite, Quick Study"
Dead Again,Theme Deck,Other,9ED,2005-07-29,43.22,"Underworld Dreams, Demon's Horn, Nightmare, Swamp, Raise Dead"
Dead Ahead,Intro Pack,Other,ARB,2009-04-30,35.78,"Terramorphic Expanse, Swamp, Mountain, Lightning Reaver, Mountain"
Dead and Alive,MTGO Theme Deck,Other,WTH,2007-12-12,33.03,"Necromancy, Buried Alive, Infernal Tribute, Swamp, Swamp"
Deadly Discovery,Challenger Deck,Other,Q02,2019-04-12,48.26,"Overgrown Tomb, The Eldest Reborn, Vraska, Relic Seeker, Llanowar Elves, Wildgrowth Walker"
Deadly Instinct,Theme Deck,Other,S99,1999-07-12,7.86,"Ancient Craving, Swamp, Swamp, Ravenous Rats, Dakmor Lancer"
Deadspread,Intro Pack,Other,SOM,2010-10-01,78.41,"Contagion Engine, Leaden Myr, Silver Myr, Throne of Geth, Thrummingbird"
"Death Is Temporary, Metal Is Forever",Secret Lair Drop,Other,SLD,2023-08-29,249.96,"Nekusar, the Mindrazer, Syr Konrad, the Grim, Wheel of Misfortune, Waste Not, Underworld Dreams"
"Death Is Temporary, Metal Is Forever Foil Edition",Secret Lair Drop,Other,SLD,2023-08-29,249.96,"Nekusar, the Mindrazer, Syr Konrad, the Grim, Wheel of Misfortune, Waste Not, Underworld Dreams"
Death March,Theme Deck,Other,EVE,2008-07-25,137.87,"Quillspike, Swamp, Creakwood Liege, Doomgape, Gift of the Deity"
Death Reaper,Intro Pack,Other,M14,2013-07-19,13.25,"Staff of the Death Magus, Mountain, Festering Newt, Liliana's Reaver, Swamp"
Death's Beginning,Intro Pack,Other,BNG,2014-02-07,33.48,"Archetype of Finality, Satyr Wayfinder, Raised by Wolves, Forest, Nighthowler"
Death's Encroach,Event Deck,Other,AVR,2012-05-25,69.63,"Dismember, Cemetery Reaper, Gravecrawler, Geralf's Messenger, Go for the Throat"
Death's Minions,Intro Pack,Other,M10,2009-07-17,39.97,"Cemetery Reaper, Tendrils of Corruption, Diabolic Tutor, Swamp, Doom Blade"
Deathbreed,MTGO Theme Deck,Other,ME2,2008-09-22,0.0,"Snow-Covered Swamp, Armor Thrull, Ashen Ghoul, Basal Thrull, Cuombajj Witches"
Deathfed,Event Deck,Other,ISD,2011-10-28,147.49,"Green Sun's Zenith, Birds of Paradise, Gnaw to the Bone, Ratchet Bomb, Bonehoard"
Deathly Dominion,Intro Pack,Other,ISD,2011-09-30,32.59,"Rampant Growth, Reassembling Skeleton, Moldgraf Monstrosity, Swamp, Forest"
Decay,Theme Deck,Other,7ED,2001-04-11,763.01,"Charcoal Diamond, Blood Pet, Duress, Fallen Angel, Greed"
Deceptive Divination,Secret Lair Drop,Other,SLD,2024-02-23,55.19,"Scheming Symmetry, Price of Progress, Eternal Witness, Wall of Omens, Circular Logic"
Deceptive Divination Foil Edition,Secret Lair Drop,Other,SLD,2024-02-23,69.31,"Scheming Symmetry, Price of Progress, Eternal Witness, Wall of Omens, Circular Logic"
Deck A,Starter Deck,Other,6ED,1999-04-21,10.05,"Blood Pet, Swamp, Swamp, Forest, Llanowar Elves"
Deck B,Starter Deck,Other,6ED,1999-04-21,11.07,"Counterspell, Mountain, Island, Mountain, Island"
Deck Builder's Toolkit,Deck Builder's Toolkit,Other,M20,2019-07-12,77.17,"Risen Reef, Angel of Vitality, Skyknight Vanguard, Goblin Cratermaker, Spectral Sailor"
Deep Freeze,Theme Deck,Other,TMP,1997-10-14,14.5,"Counterspell, Avenging Angel, Puppet Strings, Island, Plains"
Deep Freeze - Advanced Deck,Advanced Deck,Other,TMP,1997-10-14,32.19,"Wrath of God, Adarkar Wastes, Counterspell, Impulse, Desertion"
Deepwood Menace,Theme Deck,Other,MMQ,1999-10-04,206.25,"Natural Affinity, Vine Trellis, Thunderclap, Volcanic Wind, Battle Squadron"
Deepwood Menace - Enhanced Deck,Enhanced Deck,Other,MMQ,1999-10-04,2160.03,"Gaea's Cradle, Deranged Hermit, Rancor, Treetop Village, Collective Unconscious"
Defenders of the Cause,Theme Deck,Other,ATH,1998-11-01,42.15,"Armageddon, Pendelhaven, Mirri, Cat Warrior, Swords to Plowshares, Brushland"
Demo Booster Player 1,Welcome Booster,Other,9ED,2005-07-29,10.75,"Grizzly Bears, Forest, Plains, Forest, Forest"
Demo Booster Player 2,Welcome Booster,Other,9ED,2005-07-29,15.25,"Mountain, Mountain, Swamp, Swamp, Mountain"
Demo deck A,Demo Deck,Other,S99,1999-07-12,2.52,"Plains, Island, Giant Octopus, Sea Eagle, Eager Cadet"
Demo deck B,Demo Deck,Other,S99,1999-07-12,2.65,"Mountain, Ogre Warrior, Goblin Hero, Forest, Willow Elf"
Demonic,Duel Deck,Other,DVD,2014-12-05,91.39,"Demonic Tutor, Dark Ritual, Stinkweed Imp, Soot Imp, Abyssal Gatekeeper"
Demonic Deals,Intro Pack,Other,ORI,2015-07-17,23.17,"Chandra's Ignition, Fiery Impulse, Kothophed, Soul Hoarder, Malakir Cullblade, Fleshbag Marauder"
Demons 1,Jumpstart,Other,J22,2022-12-02,2.9,"Demon's Disciple, Disciple of Perdition, Inner Demon, Conductor of Cacophony, Kothophed, Soul Hoarder"
Demons 2,Jumpstart,Other,J22,2022-12-02,5.02,"Seizan, Perverter of Truth, Demon's Disciple, Dreadhound, Disciple of Perdition, Demon of Catastrophes"
Depths of Power,Intro Pack,Other,M13,2012-07-13,41.9,"Elixir of Immortality, Stormtide Leviathan, Archaeomancer, Mindclaw Shaman, Ring of Evos Isle"
Desert Oasis,Arena Starter Deck,Other,OTJ,2024-07-08,70.54,"Bristly Bill, Spine Sower, Hedge Maze, Case of the Locked Hothouse, Bonny Pall, Clearcutter, Sentinel of the Nameless City"
Desperate Stand,Intro Pack,Other,OGW,2016-01-22,15.89,"Cliffhaven Vampire, Drana's Emissary, Kalastria Healer, Evolving Wilds, Expedition Envoy"
Destructive Firepower,Arena Starter Deck,Other,ANB,2020-03-12,5.63,"Dreadhorde Arcanist, Drakuseth, Maw of Flames, Chandra's Outrage, Fire Urchin, Spellgorger Weird"
Detective 1,Jumpstart,Other,J22,2022-12-02,6.32,"Mechanized Production, Thriving Isle, Jace's Scrutiny, Shambling Suit, Vedalken Engineer"
Detective 2,Jumpstart,Other,J22,2022-12-02,24.63,"Teferi's Puzzle Box, Psychosis Crawler, Aeronaut Tinkerer, Thriving Isle, Oneirophage"
Detective 3,Jumpstart,Other,J22,2022-12-02,2.55,"Shimmer Dragon, Thriving Isle, Lumengrid Sentinel, Jace's Scrutiny, Vedalken Engineer"
Detective 4,Jumpstart,Other,J22,2022-12-02,12.92,"Tamiyo, the Moon Sage, Tamiyo's Journal, Thriving Isle, Jace's Scrutiny, Erdwal Illuminator"
Devastation,Theme Deck,Other,ONS,2002-10-07,218.39,"Naturalize, Cryptic Gateway, Tranquil Thicket, Explosive Vegetation, Forgotten Cave"
Devilish (1),Jumpstart,Other,JMP,2020-07-17,4.19,"Zurzoth, Chaos Rider, Spiteful Prankster, Traitorous Greed, Havoc Jester, Mountain"
Devilish (2),Jumpstart,Other,JMP,2020-07-17,4.19,"Zurzoth, Chaos Rider, Spiteful Prankster, Traitorous Greed, Havoc Jester, Mountain"
Devilish (3),Jumpstart,Other,JMP,2020-07-17,5.14,"Brash Taunter, Spiteful Prankster, Traitorous Greed, Havoc Jester, Mountain"
Devilish (4),Jumpstart,Other,JMP,2020-07-17,5.65,"Hellrider, Sin Prodder, Spiteful Prankster, Traitorous Greed, Havoc Jester"
Devotion to Darkness,Intro Pack,Other,THS,2013-09-27,32.28,"Whip of Erebos, Gray Merchant of Asphodel, Island, Island, Mogis's Marauder"
Devouring Skies,Intro Pack,Other,NPH,2011-05-13,91.31,"Argentum Armor, Brass Squire, Silver Myr, Swamp, Swamp"
Diabolical Dioramas,Secret Lair Drop,Other,SLD,2024-04-15,50.06,"Aura Shards, Fiend Artisan, Gravebreaker Lamia, Karador, Ghost Chieftain"
Diabolical Dioramas Foil Edition,Secret Lair Drop,Other,SLD,2024-04-15,55.46,"Aura Shards, Fiend Artisan, Gravebreaker Lamia, Karador, Ghost Chieftain"
Dimir,Guild Kit,Other,GK1,2018-11-02,20.49,"Glimpse the Unthinkable, Etrata, the Silencer, Price of Fame, Dimir Signet, Mission Briefing"
Dimir Control,Pioneer Challenger Deck,Other,Q08,2022-11-04,50.88,"Watery Grave, Narset, Parter of Veils, Drowned Catacomb, Dig Through Time, Fatal Push"
Dimir Dementia,Intro Pack,Other,GTC,2013-02-01,38.81,"Duskmantle Guildmage, Whispering Madness, Jace's Phantasm, Dimir Keyrune, Wight of Precinct Six"
Dimir Intrigues,Theme Deck,Other,RAV,2005-10-07,59.49,"Dimir Aqueduct, Dimir Infiltrator, Dimir Signet, Szadek, Lord of Secrets, Duskmantle, House of Shadow"
Dimir Manipulation,Arena Starter Deck,Other,DOM,2018-03-22,48.81,"Nezahal, Primal Tide, Overflowing Insight, Tetzimoc, Primal Death, Ravenous Chupacabra, Field of Ruin"
Dimir Rogue,Challenger Deck,Other,Q05,2021-04-02,27.99,"Malakir Rebirth // Malakir Mire, Rankle, Master of Pranks, Swamp, Drown in the Loch, Island"
Dinner,Jumpstart,Other,J25,2024-11-07,6.29,"Tireless Provisioner, Hurska Sweet-Tooth, Trail of Crumbs, Giant Opportunity, Gingerbrute"
Dino Might,Arena Starter Deck,Other,OTJ,2024-07-08,45.58,"Ghalta, Stampede Tyrant, Commercial District, Trumpeting Carnosaur, Hulking Raptor, Pugnacious Hammerskull"
Dinosaurs (1),Jumpstart,Other,JMP,2020-07-17,5.57,"Cultivate, Ghalta, Primal Hunger, Forest, Commune with Dinosaurs, Drover of the Mighty"
Dinosaurs (2),Jumpstart,Other,JMP,2020-07-17,10.57,"Selvala, Heart of the Wilds, Garruk's Uprising, Forest, Commune with Dinosaurs, Drover of the Mighty"
Dinosaurs (3),Jumpstart,Other,JMP,2020-07-17,5.58,"Cultivate, Ghalta, Primal Hunger, Forest, Commune with Dinosaurs, Drover of the Mighty"
Dinosaurs (4),Jumpstart,Other,JMP,2020-07-17,5.49,"Garruk's Uprising, Rampaging Brontodon, Primal Might, Forest, Commune with Dinosaurs"
Discarding (1),Jumpstart,Other,JMP,2020-07-17,23.66,"Tinybones, Trinket Thief, Ravenous Chupacabra, Fell Specter, Swamp, Swamp"
Discarding (2),Jumpstart,Other,JMP,2020-07-17,4.53,"Ravenous Chupacabra, Fell Specter, Swamp, Liliana's Reaver, Swamp"
Dismissal,Theme Deck,Other,INV,2000-10-02,262.56,"Opt, Ravenous Rats, Disrupt, Prohibit, Island"
Disrupter,Theme Deck,Other,MMQ,1999-10-04,734.48,"Dark Ritual, Snuff Out, Silent Assassin, Thrashing Wumpus, Vendetta"
Disrupter - Enhanced Deck,Enhanced Deck,Other,MMQ,1999-10-04,724.38,"Dark Ritual, Snuff Out, Silent Assassin, Thrashing Wumpus, Vendetta"
Dissension Foil Redemption,MTGO Redemption,Other,DIS,2006-06-04,1928.73,"Hallowed Fountain, Blood Crypt, Breeding Pool, Grand Arbiter Augustin IV, Spell Snare"
Dissension Redemption,MTGO Redemption,Other,DIS,2006-06-04,1928.73,"Hallowed Fountain, Blood Crypt, Breeding Pool, Grand Arbiter Augustin IV, Spell Snare"
Distress,Theme Deck,Other,PCY,2000-06-05,929.54,"Dark Ritual, Avatar of Woe, Snuff Out, Peat Bog, Seal of Cleansing"
Divine,Duel Deck,Other,DVD,2014-12-05,19.51,"Akroma, Angel of Wrath, Reya Dawnbringer, Luminous Angel, Twilight Shepherd, Pacifism"
Doctor (1),Jumpstart,Other,JMP,2020-07-17,11.83,"Light of Promise, Speaker of the Heavens, Plains, Griffin Aerie, Brightmare"
Doctor (2),Jumpstart,Other,JMP,2020-07-17,11.57,"Light of Promise, Speaker of the Heavens, Plains, Griffin Aerie, Brightmare"
Doctor (3),Jumpstart,Other,JMP,2020-07-17,13.04,"Light of Promise, Rhox Faithmender, Plains, Griffin Aerie, Brightmare"
Doctor (4),Jumpstart,Other,JMP,2020-07-17,3.85,"Cradle of Vitality, Plains, Griffin Aerie, Path of Bravery, Brightmare"
Doctor Who: Regeneration,Secret Lair Drop,Other,SLD,2024-04-09,238.98,"The Fourteenth Doctor, The Fifteenth Doctor, The Meep, The Celestial Toymaker, Rose Noble"
Doctor Who: Regeneration Foil Edition,Secret Lair Drop,Other,SLD,2024-04-09,238.98,"The Fourteenth Doctor, The Fifteenth Doctor, The Meep, The Celestial Toymaker, Rose Noble"
Doctor Who: The Dalek Lands,Secret Lair Drop,Other,SLD,2023-12-18,49.77,"Spirebluff Canal, Botanical Sanctum, Blooming Marsh, Concealed Courtyard, Inspiring Vantage"
Doctor Who: The Dalek Lands Foil Edition,Secret Lair Drop,Other,SLD,2023-12-18,49.77,"Spirebluff Canal, Botanical Sanctum, Blooming Marsh, Concealed Courtyard, Inspiring Vantage"
Doctor Who: The Weeping Angels,Secret Lair Drop,Other,SLD,2023-12-18,45.71,"Blinding Angel, Angel of Serenity, Angel of the Ruins, Restoration Angel, Sublime Archangel"
Doctor Who: The Weeping Angels Foil Edition,Secret Lair Drop,Other,SLD,2023-11-30,45.71,"Blinding Angel, Angel of Serenity, Angel of the Ruins, Restoration Angel, Sublime Archangel"
Dogs (1),Jumpstart,Other,JMP,2020-07-17,7.01,"Plains, Selfless Savior, Pack Leader, Plains, Rambunctious Mutt"
Dogs (2),Jumpstart,Other,JMP,2020-07-17,6.76,"Plains, Isamaru, Hound of Konda, Pack Leader, Plains, Rambunctious Mutt"
Dogs Are Better Than Cats,Secret Lair Drop,Other,SLD,2025-03-18,73.63,"Arcane Signet, Basilisk Collar, Titanic Ultimatum, Rip Apart, Escape to the Wilds"
Dogs Are Better Than Cats Foil Edition,Secret Lair Drop,Other,SLD,2025-03-18,73.63,"Arcane Signet, Basilisk Collar, Titanic Ultimatum, Rip Apart, Escape to the Wilds"
Domain,Theme Deck,Other,PLS,2001-02-05,247.56,"Quirion Dryad, Harrow, Tribal Flames, Breath of Darigaaz, Magnigoth Treefolk"
Dome Destruction,Arena Starter Deck,Other,ANB,2019-09-26,5.3,"Dreadhorde Arcanist, Drakuseth, Maw of Flames, Meteor Golem, Chandra's Outrage, Spellgorger Weird"
Dominaria Foil Redemption,MTGO Redemption,Other,DOM,2018-05-27,533.88,"Mox Amber, Helm of the Host, Cabal Stronghold, Teferi, Hero of Dominaria, Unwind"
Dominaria Redemption,MTGO Redemption,Other,DOM,2018-05-27,533.88,"Mox Amber, Helm of the Host, Cabal Stronghold, Teferi, Hero of Dominaria, Unwind"
Dominaria United Foil Redemption,MTGO Redemption,Other,DMU,2022-09-28,299.27,"Sheoldred, the Apocalypse, Timeless Lotus, Plaza of Heroes, Silverback Elder, Leaf-Crowned Visionary"
Dominaria United Redemption,MTGO Redemption,Other,DMU,2022-09-28,299.27,"Sheoldred, the Apocalypse, Timeless Lotus, Plaza of Heroes, Silverback Elder, Leaf-Crowned Visionary"
Dominaria United Welcome Booster,Welcome Booster,Other,DMU,2022-09-09,7.22,"Blackblade Reforged, Ajani, the Greathearted, Phylath, World Sculptor, Ertai's Scorn, Commander's Sphere"
Dominator - Advanced Deck,Advanced Deck,Other,EXO,1998-06-15,133.11,"Wasteland, Undiscovered Paradise, Winter Orb, Propaganda, Counterspell"
Dominator - Basic Deck,Theme Deck,Other,EXO,1998-06-15,26.09,"Propaganda, Counterspell, Equilibrium, Erratic Portal, Dominating Licid"
"Domri, City Smasher",Planeswalker Deck,Other,RNA,2019-01-25,8.47,"End-Raze Forerunners, Mountain, Forest, Glass of the Guildpact, Gruul Guildgate"
Donatello,Theme Deck,Other,TMT,2026-03-06,21.46,"April O'Neil, Human Element, Utrom Monitor, Donatello, Rad Scientist, Sewer-veillance Cam, Manhole Cover"
Doom Inevitable,Intro Pack,Other,MBS,2011-02-04,38.24,"Bonehoard, Myr Sire, Contagion Clasp, Steady Progress, Psychosis Crawler"
"Dovin, Architect of Law",Planeswalker Deck,Other,RNA,2019-01-25,20.61,"Verity Circle, Unbreakable Formation, Dovin, Architect of Law, Island, Arrester's Zeal"
Draconic Fury,Game Night Deck,Other,GN3,2022-10-14,25.78,"Nogi, Draco-Zealot, Dragon Tempest, Mana Geyser, Dragonspeaker Shaman, Lightning Bolt"
Dracur,Shandalar Enemy Deck,Other,PAST,1997-04-01,4068.4,"Mox Emerald, Mountain, Strip Mine, Desert Twister, Fellwar Stone"
Dragon's Endgame,San Diego Comic Con Promos,Other,PS19,2019-07-18,204.29,"Nicol Bolas, Dragon-God, God-Eternal Oketra, God-Eternal Bontu, God-Eternal Rhonas, God-Eternal Kefnet"
Dragon's Fire,Arena Starter Deck,Other,M19,2018-09-27,16.62,"Lathliss, Dragon Queen, Goblin Instigator, Charging Monstrosaur, Spit Flame, Demanding Dragon"
Dragon's Maze Foil Redemption,MTGO Redemption,Other,DGM,2013-06-02,266.14,"Hidden Strings, Render Silent, Voice of Resurgence, Progenitor Mimic, Blood Baron of Vizkopa"
Dragon's Maze Redemption,MTGO Redemption,Other,DGM,2013-06-02,266.14,"Hidden Strings, Render Silent, Voice of Resurgence, Progenitor Mimic, Blood Baron of Vizkopa"
Dragons,Duel Deck,Other,DDG,2011-04-01,27.72,"Seething Song, Dragonspeaker Shaman, Bloodmark Mentor, Bogardan Hellkite, Kilnmouth Dragon"
Dragons (1),Jumpstart,Other,JMP,2020-07-17,36.32,"Terror of the Peaks, Dragonspeaker Shaman, Dragon Fodder, Mountain, Thrill of Possibility"
Dragons (2),Jumpstart,Other,JMP,2020-07-17,3.95,"Lathliss, Dragon Queen, Gadrak, the Crown-Scourge, Dragonlord's Servant, Dragon Fodder, Mountain"
Dragons 1,Jumpstart,Other,J22,2022-12-02,2.76,"Dragon Mage, Sarkhan, the Dragonspeaker, Thriving Bluff, Dragon Fodder, Sarkhan's Whelp"
Dragons 2,Jumpstart,Other,J22,2022-12-02,7.16,"Dragonspeaker Shaman, Lathliss, Dragon Queen, Dragon's Hoard, Dragon Mage, Dragonlord's Servant"
Dragons of Tarkir Foil Redemption,MTGO Redemption,Other,DTK,2015-04-26,468.18,"Shaman of Forgotten Ways, Haven of the Spirit Dragon, Sarkhan Unbroken, Narset Transcendent, Savage Ventmaw"
Dragons of Tarkir Redemption,MTGO Redemption,Other,DTK,2015-04-26,468.18,"Shaman of Forgotten Ways, Haven of the Spirit Dragon, Sarkhan Unbroken, Narset Transcendent, Savage Ventmaw"
Draw Your Hand,Secret Lair Drop,Other,SLD,2023-04-14,66.06,"Counterbalance, Deafening Silence, Eldrazi Conscription, Bruna, Light of Alabaster"
Draw Your Hand Foil Edition,Secret Lair Drop,Other,SLD,2023-04-14,66.06,"Counterbalance, Deafening Silence, Eldrazi Conscription, Bruna, Light of Alabaster"
Dreaming Darkly,Secret Lair Drop,Other,SLD,2025-10-27,40.94,"Guardian Project, Glen Elendra Archmage, Soulherder, Roon of the Hidden Realm"
Dreaming Darkly Foil Edition,Secret Lair Drop,Other,SLD,2025-10-27,40.94,"Guardian Project, Glen Elendra Archmage, Soulherder, Roon of the Hidden Realm"
Drowned (1),Jumpstart,Other,J25,2024-11-07,5.07,"Neerdiv, Devious Diver, Ipnu Rivulet, Shipwreck Dowser, Wall of Lost Thoughts, Thriving Isle"
Drowned (2),Jumpstart,Other,J25,2024-11-07,4.76,"Neerdiv, Devious Diver, Waker of Waves, Wall of Lost Thoughts, Cackling Counterpart, Thriving Isle"
Druid,Shandalar Enemy Deck,Other,PAST,1997-04-01,165.07,"Mishra's Factory, Killer Bees, Oasis, Nafs Asp, Instill Energy"
Dungeon Delving,Arena Starter Deck,Other,AFR,2021-09-24,16.24,"Brightclimb Pathway // Grimclimb Pathway, Acererak the Archlich, Triumphant Adventurer, Nullpriest of Oblivion, Vanishing Verse"
Dungeons & Dragons: An Exhibition of Adventure,Secret Lair Drop,Other,SLD,2024-08-28,89.75,"Goldspan Dragon, Ponder, Monster Manual // Zoological Study, Acererak the Archlich, Faithless Looting"
Dungeons & Dragons: An Exhibition of Adventure Foil Edition,Secret Lair Drop,Other,SLD,2024-08-28,89.75,"Goldspan Dragon, Ponder, Monster Manual // Zoological Study, Acererak the Archlich, Faithless Looting"
Dungeons & Dragons: Astarion's Thirst,Secret Lair Drop,Other,SLD,2024-08-28,118.74,"Exquisite Blood, Astarion, the Decadent, Sanguine Bond, Anguished Unmaking, Mortify"
Dungeons & Dragons: Astarion's Thirst Foil Edition,Secret Lair Drop,Other,SLD,2024-08-28,118.74,"Exquisite Blood, Astarion, the Decadent, Sanguine Bond, Anguished Unmaking, Mortify"
Dungeons & Dragons: Black Lights & Dark Dungeons,Secret Lair Drop,Other,SLD,2026-03-02,98.92,"Displacer Kitten, Tortured Existence, Seasoned Dungeoneer, Sefris of the Hidden Ways"
Dungeons & Dragons: Black Lights & Dark Dungeons Foil Edition,Secret Lair Drop,Other,SLD,2026-03-02,98.92,"Displacer Kitten, Tortured Existence, Seasoned Dungeoneer, Sefris of the Hidden Ways"
Dungeons & Dragons: Death is in the Eyes of the Beholder I,Secret Lair Drop,Other,SLD,2024-08-28,32.71,"Stifle, Xanathar, Guild Kingpin, Bribery, Blood Money, Delay"
Dungeons & Dragons: Death is in the Eyes of the Beholder I Foil Edition,Secret Lair Drop,Other,SLD,2024-08-28,32.71,"Stifle, Xanathar, Guild Kingpin, Bribery, Blood Money, Delay"
Dungeons & Dragons: Death is in the Eyes of the Beholder II,Secret Lair Drop,Other,SLD,2024-08-28,39.2,"Karazikar, the Eye Tyrant, Snuff Out, Fire Covenant, Defile, Oubliette"
Dungeons & Dragons: Death is in the Eyes of the Beholder II Foil Edition,Secret Lair Drop,Other,SLD,2024-08-28,39.2,"Karazikar, the Eye Tyrant, Snuff Out, Fire Covenant, Defile, Oubliette"
Dungeons & Dragons: Gale's Ambition,Secret Lair Drop,Other,SLD,2026-03-02,25.09,"Arcane Denial, Personal Tutor, Brainstorm, Archmage's Charm, Gale, Waterdeep Prodigy"
Dungeons & Dragons: Gale's Ambition Foil Edition,Secret Lair Drop,Other,SLD,2026-03-02,25.09,"Arcane Denial, Personal Tutor, Brainstorm, Archmage's Charm, Gale, Waterdeep Prodigy"
Dungeons & Dragons: Honor Among Thieves,Secret Lair Drop,Other,SLD,2023-03-31,99.39,"Casal, Lurkwood Pathfinder // Casal, Pathbreaker Owlbear, Bohn, Beguiling Balladeer, Rashel, Fist of Torm, Evin, Waterdeep Opportunist, Mathise, Surge Channeler"
Dungeons & Dragons: Honor Among Thieves Foil Edition,Secret Lair Drop,Other,SLD,2023-03-31,99.39,"Casal, Lurkwood Pathfinder // Casal, Pathbreaker Owlbear, Bohn, Beguiling Balladeer, Rashel, Fist of Torm, Evin, Waterdeep Opportunist, Mathise, Surge Channeler"
Dungeons & Dragons: Karlach's Rage,Secret Lair Drop,Other,SLD,2024-08-28,131.48,"Karlach, Fury of Avernus, Dolmen Gate, City on Fire, Stranglehold, Thrill of Possibility"
Dungeons & Dragons: Karlach's Rage Foil Edition,Secret Lair Drop,Other,SLD,2024-08-28,131.48,"Karlach, Fury of Avernus, Dolmen Gate, City on Fire, Stranglehold, Thrill of Possibility"
Dungeons & Dragons: Lands of the Forgotten Realms,Secret Lair Drop,Other,SLD,2026-03-02,33.29,"Swamp, Island, Forest, Plains, Mountain"
Dungeons & Dragons: Lands of the Forgotten Realms Foil Edition,Secret Lair Drop,Other,SLD,2026-03-02,33.29,"Swamp, Island, Forest, Plains, Mountain"
Dungeons & Dragons: Shadowheart's Devotion,Secret Lair Drop,Other,SLD,2026-03-02,63.42,"Ancient Bronze Dragon, Shadowheart, Dark Justiciar, Beseech the Queen, Victimize, Black Market"
Dungeons & Dragons: Shadowheart's Devotion Foil Edition,Secret Lair Drop,Other,SLD,2026-03-02,63.42,"Ancient Bronze Dragon, Shadowheart, Dark Justiciar, Beseech the Queen, Victimize, Black Market"
Dungeons & Dragons: Shadows Over Baldur's Gate,Secret Lair Drop,Other,SLD,2026-03-02,43.81,"Grim Hireling, Prosper, Tome-Bound, Xorn, Wild-Magic Sorcerer"
Dungeons & Dragons: Shadows Over Baldur's Gate Foil Edition,Secret Lair Drop,Other,SLD,2026-03-02,43.81,"Grim Hireling, Prosper, Tome-Bound, Xorn, Wild-Magic Sorcerer"
Dungeons & Dragons: Strahd's Descent,Secret Lair Drop,Other,SLD,2026-03-02,41.11,"Bloodletter of Aclazotz, Strefan, Maurer Progenitor, Voldaren Estate, End the Festivities"
Dungeons & Dragons: Strahd's Descent Foil Edition,Secret Lair Drop,Other,SLD,2026-03-02,41.11,"Bloodletter of Aclazotz, Strefan, Maurer Progenitor, Voldaren Estate, End the Festivities"
Dungeons & Dragons: Whispers in Candlekeep,Secret Lair Drop,Other,SLD,2026-03-02,72.74,"Miirym, Sentinel Wyrm, Klauth, Unrivaled Ancient, Dragonborn Champion, Counterspell"
Dungeons & Dragons: Whispers in Candlekeep Foil Edition,Secret Lair Drop,Other,SLD,2026-03-02,72.74,"Miirym, Sentinel Wyrm, Klauth, Unrivaled Ancient, Dragonborn Champion, Counterspell"
Duskmourn: House of Horror Redemption,MTGO Redemption,Other,DSK,2024-10-16,360.28,"Overlord of the Balemurk, Kaito, Bane of Nightmares, Valgavoth, Terror Eater, Abhorrent Oculus, Enduring Tenacity"
Dwarf Fortress: Create New World,Secret Lair Drop,Other,SLD,2026-05-12,55.43,"Terror of the Peaks, Secret Rendezvous, Communal Brewing, Rune-Scarred Demon, Rogue's Passage"
Dwarf Fortress: Create New World Foil Edition,Secret Lair Drop,Other,SLD,2026-05-12,55.43,"Terror of the Peaks, Secret Rendezvous, Communal Brewing, Rune-Scarred Demon, Rogue's Passage"
EVERYTHING IS ON FIRE,Secret Lair Drop,Other,SLD,2025-05-13,43.64,"Dragon's Rage Channeler, Chain Lightning, Lava Spike, Rift Bolt, Skewer the Critics"
EVERYTHING IS ON FIRE Foil Edition,Secret Lair Drop,Other,SLD,2025-05-13,43.64,"Dragon's Rage Channeler, Chain Lightning, Lava Spike, Rift Bolt, Skewer the Critics"
EVERYTHING IS ON FIRE Raised Foil Edition,Secret Lair Drop,Other,SLD,2025-05-13,85.56,"Dragon's Rage Channeler, Chain Lightning, Skewer the Critics, Rift Bolt, Lava Spike"
Ears of the Elves,Theme Deck,Other,PS11,2011-01-01,0.0,"Forest, Forest, Forest, Forest, Swamp"
Earth Kingdom (1),Jumpstart,Other,TLE,2025-11-20,8.94,"Descendants' Path, Match the Odds, Forest, Haru, Hidden Talent, Toph, the Blind Bandit"
Earth Kingdom (2),Jumpstart,Other,TLE,2025-11-20,8.94,"Descendants' Path, Great Divide Guide, Forest, Origin of Metalbending, Haru, Hidden Talent"
Earth Rumble (1),Jumpstart,Other,TLE,2025-11-20,6.1,"Master's Guidance, Forest, Uncle Iroh, Toph, the Blind Bandit, The Boulder, Ready to Rumble"
Earth Rumble (2),Jumpstart,Other,TLE,2025-11-20,8.91,"Master's Guidance, Bosco, Just a Bear, The Earth King, Forest, Origin of Metalbending"
Earth Shakers,Starter Kit,Other,SNC,2022-06-03,7.95,"Glorious Sunrise, Thundering Raiju, Topiary Stomper, Ascendant Packleader, Abrade"
Earthbending (1),Jumpstart,Other,TLE,2025-11-20,9.95,"Earthbender Ascension, Inspiring Call, Explore, Forest, Toph, the Blind Bandit"
Earthbending (2),Jumpstart,Other,TLE,2025-11-20,19.23,"Solid Ground, Tale of Katara and Toph, Explore, Forest, Frog-Squirrels"
Edge of Eternities Redemption,MTGO Redemption,Other,EOE,2025-08-27,394.49,"Quantum Riddler, Ouroboroid, Icetill Explorer, Tezzeret, Cruel Captain, Exalted Sunborn"
Eerie,Theme Deck,Other,SOS,2026-04-24,19.65,"Enduring Innocence, Sheltered by Ghosts, Silent Hallcreeper, Ethereal Armor, Valgavoth's Lair"
Eighth Edition Foil Redemption,MTGO Redemption,Other,8ED,2003-08-27,2312.49,"Birds of Paradise, Grave Pact, City of Brass, Mana Clash, Curiosity"
Eighth Edition Redemption,MTGO Redemption,Other,8ED,2003-08-27,2312.49,"Birds of Paradise, Grave Pact, City of Brass, Mana Clash, Curiosity"
Eldraine Wonderland,Secret Lair Drop,Other,SLD,2019-12-04,31.26,"Snow-Covered Island, Snow-Covered Forest, Snow-Covered Plains, Snow-Covered Swamp, Snow-Covered Mountain"
Eldrazi,Deck Builder's Toolkit,Other,ROE,2010-05-21,43.0,"Emrakul's Hatcher, Artisan of Kozilek, Hand of Emrakul, Pathrazer of Ulamog, Brood Birthing"
Eldrazi Arisen,Intro Pack,Other,ROE,2010-04-23,59.95,"Awakening Zone, Hand of Emrakul, Growth Spasm, Ulamog's Crusher, Pathrazer of Ulamog"
Eldrazi Assault,Intro Pack,Other,BFZ,2015-10-02,10.12,"Forerunner of Slaughter, Nettle Drone, Vile Aggregate, Evolving Wilds, Molten Nursery"
Eldritch Moon Foil Redemption,MTGO Redemption,Other,EMN,2016-08-21,355.83,"Emrakul, the Promised End, Gisela, the Broken Blade // Brisela, Voice of Nightmares, Sigarda's Aid, Tree of Perdition, Geier Reach Sanitarium"
Eldritch Moon Redemption,MTGO Redemption,Other,EMN,2016-08-21,355.83,"Emrakul, the Promised End, Gisela, the Broken Blade // Brisela, Voice of Nightmares, Sigarda's Aid, Tree of Perdition, Geier Reach Sanitarium"
Eldritch Onslaught,Intro Pack,Other,ISD,2011-09-30,26.6,"Ghoulcaller's Bell, Think Twice, Island, Mountain, Charmbreaker Devils"
Elemental Thunder,Planechase Deck,Other,HOP,2009-09-04,39.51,"Flamekin Harbinger, Relentless Assault, Mage Slayer, Taurean Mauler, Forest"
Elementalist,Shandalar Enemy Deck,Other,PAST,1997-04-01,356.91,"Mountain, Mana Vault, Energy Flux, Unstable Mutation, Lightning Bolt"
Elementals' Path,Theme Deck,Other,LRW,2007-10-12,221.5,"Horde of Notions, Springleaf Drum, Flamekin Harbinger, Island, Swamp"
Elspeth,Planeswalker Deck,Other,THB,2020-01-24,3.45,"Elspeth, Undaunted Hero, Daxos, Blessed by the Sun, Taranika, Akroan Veteran, Karametra's Blessing, Archon of Falling Stars"
Elven 1,Jumpstart,Other,LTR,2023-11-03,8.95,"Entish Restoration, Lembas, Mirkwood Channeler, Stew the Coneys, Shower of Arrows"
Elven 2,Jumpstart,Other,LTR,2023-11-03,3.98,"Mirkwood Channeler, Mirkwood Spider, Revive the Shire, Stew the Coneys, Quickbeam, Upstart Ent"
Elves,Theme Deck,Other,PSAL,2005-08-01,0.0,"Forest, Forest, Forest, Forest, Forest"
Elves (1),Jumpstart,Other,JMP,2020-07-17,24.65,"Craterhoof Behemoth, Elvish Archdruid, Llanowar Visionary, Presence of Gond, Hunter's Edge"
Elves (2),Jumpstart,Other,JMP,2020-07-17,53.09,"Allosaurus Shepherd, Llanowar Visionary, Presence of Gond, Hunter's Edge, Forest"
Elves (3),Jumpstart,Other,J25,2024-11-07,17.08,"Dionus, Elvish Archdruid, Marwyn, the Nurturer, Llanowar Elves, Bounty of Skemfar, Llanowar Visionary"
Elves (4),Jumpstart,Other,J25,2024-11-07,18.1,"Dionus, Elvish Archdruid, Tyvar Kell, Llanowar Elves, Paradise Druid, Ivy Lane Denizen"
Elves 1,Jumpstart,Other,J22,2022-12-02,8.82,"Elvish Warmaster, Primeval Herald, Reclamation Sage, Elvish Rejuvenator, Thriving Grove"
Elves 2,Jumpstart,Other,J22,2022-12-02,3.31,"Primeval Herald, Imperious Perfect, Elvish Rejuvenator, Thriving Grove, Might of the Masses"
Elves 3,Jumpstart,Other,J22,2022-12-02,25.5,"Wolverine Riders, Lys Alana Huntmaster, Instruments of War, Elvish Rejuvenator, Thriving Grove"
Elves 4,Jumpstart,Other,J22,2022-12-02,2.37,"Wildborn Preserver, Elvish Rejuvenator, Presence of Gond, Thriving Grove, Woodland Champion"
Elves!,Deck Builder's Toolkit,Other,ROE,2010-05-21,10.25,"Llanowar Elves, Greenweaver Druid, Pennon Blade, Overrun, Nissa's Chosen"
Elvish Magi,Shandalar Enemy Deck,Other,PAST,1997-04-01,38.54,"Winter Blast, Elven Riders, Untamed Wilds, Jayemdae Tome, Elvish Archers"
Elvish Predation,Theme Deck,Other,LRW,2007-10-12,169.89,"Nath of the Gilt-Leaf, Elvish Promenade, Prowess of the Fair, Elvish Harbinger, Swamp"
Elvish Rage,Theme Deck,Other,LGN,2003-02-03,205.56,"Wellwisher, Tribal Forcemage, Wirewood Channeler, Timberwatch Elf, Birchlore Rangers"
Enchanted (1),Jumpstart,Other,JMP,2020-07-17,6.45,"Kor Spiritdancer, Plains, Face of Divinity, Trusty Retriever, Plains"
Enchanted (2),Jumpstart,Other,JMP,2020-07-17,14.12,"Celestial Mantle, Plains, Ajani's Chosen, Face of Divinity, Trusty Retriever"
Enchanted (3),Jumpstart,Other,J25,2024-11-07,3.8,"Nykthos Paragon, Starfield Mystic, Psemilla, Meletian Poet, Thriving Heath, Nyx-Fleece Ram"
Enchanted (4),Jumpstart,Other,J25,2024-11-07,3.41,"Archon of Sun's Grace, Spirited Companion, Angelic Gift, Psemilla, Meletian Poet, Thriving Heath"
Enchanter,Theme Deck,Other,UDS,1999-06-07,401.91,"Mother of Runes, Sigil of Sleep, Miscalculation, Rayne, Academy Chancellor, Thran Golem"
Enchanter - Enhanced Deck,Enhanced Deck,Other,UDS,1999-06-07,336.43,"Time Spiral, Mother of Runes, Miscalculation, Rayne, Academy Chancellor, Ertai, Wizard Adept"
Enchantress,Shandalar Enemy Deck,Other,PAST,1997-04-01,102.15,"Desert Twister, Ivory Tower, Library of Leng, Coral Helm, Aspect of Wolf"
Encounter (1),Jumpstart,Other,J25,2024-11-07,3.2,"Forgotten Ancient, Mowu, Loyal Companion, Snakeskin Veil, Forest, Duskshell Crawler"
Encounter (2),Jumpstart,Other,J25,2024-11-07,3.32,"Invigorating Surge, Mowu, Loyal Companion, Oran-Rief Ooze, Stony Strength, Forest"
Encounter (3),Jumpstart,Other,J25,2024-11-07,3.16,"Rishkar, Peema Renegade, Mowu, Loyal Companion, Snakeskin Veil, Forest, Duskshell Crawler"
Encounter (4),Jumpstart,Other,J25,2024-11-07,3.51,"Primeval Bounty, Mowu, Loyal Companion, Gnarlid Colony, Pridemalkin, Quirion Beastcaller"
Endless Hordes,Game Night Deck,Other,GN2,2019-11-15,28.8,"Vilis, Broker of Blood, Dread Presence, Blood for Bones, Calculating Lich, Liliana's Mastery"
Endless March,Theme Deck,Other,PLC,2007-02-02,114.37,"Children of Korlis, Dead // Gone, Dust Elemental, Dawn Charm, Fatal Frenzy"
Enemy Deck,Enemy Deck,Other,TMT,2026-03-06,0.0,
Enlightened Mastery,Intro Pack,Other,DTK,2015-03-27,13.37,"Plains, Orator of Ojutai, Island, Plains, Strongarm Monk"
Entangling Webs,Intro Pack,Other,M12,2011-07-15,31.34,"Hunter's Insight, Rampant Growth, Overrun, Mountain, Mountain"
Eons of Evil,Theme Deck,Other,PS11,2011-01-01,0.0,"Terramorphic Expanse, Terror, Acolyte of Xathrid, Deathbringer Thoctar, Garza Zol, Plague Queen"
"Eric Tam, Quarterfinalist",Pro Tour Deck,Other,PTC,1996-05-01,146.43,"City of Brass, Land Tax, Serra Angel, Lightning Bolt, Birds of Paradise"
Eruption,Theme Deck,Other,NEM,2000-02-14,217.75,"Seal of Cleansing, Seal of Fire, Thunderclap, Volcanic Wind, Disenchant"
Eruption - Enhanced Deck,Enhanced Deck,Other,NEM,2000-02-14,222.75,"Ring of Gix, Seal of Cleansing, Seal of Fire, Armageddon, Reckless Abandon"
Esper Air Assault,Intro Pack,Other,CON,2009-02-06,44.92,"Island, Terramorphic Expanse, Swamp, Arcane Sanctum, Inkwell Leviathan"
Esper Artifice,Intro Pack,Other,ALA,2008-10-03,61.74,"Sharding Sphinx, Etherium Sculptor, Island, Filigree Sages, Swamp"
Eternal Siege,Intro Pack,Other,ARB,2009-04-30,48.55,"Plains, Path to Exile, Terramorphic Expanse, Knight of New Alara, Forest"
Eternal Thirst,Arena Starter Deck,Other,M19,2018-09-27,59.89,"Resplendent Angel, Legion Lieutenant, Ajani's Welcome, Leonin Warleader, Sanctum Seeker"
Eventide Foil Redemption,MTGO Redemption,Other,EVE,2008-08-24,1779.12,"Bloom Tender, Ward of Bones, Ashling, the Extinguisher, Necroskitter, Waves of Aggression"
Eventide Redemption,MTGO Redemption,Other,EVE,2008-08-24,1779.12,"Bloom Tender, Ward of Bones, Ashling, the Extinguisher, Necroskitter, Waves of Aggression"
Every Dog Has Its Day,Secret Lair Drop,Other,SLD,2020-08-26,60.14,"Lightning Greaves, Ancient Grudge, Rest in Peace, Dig Through Time"
Every Dog Has Its Day Foil Edition,Secret Lair Drop,Other,SLD,2020-08-26,60.14,"Lightning Greaves, Ancient Grudge, Rest in Peace, Dig Through Time"
Evincar's Tyranny,Theme Deck,Other,10E,2007-07-13,34.03,"Ascendant Evincar, Mortivore, Diabolic Tutor, Terror, Unholy Strength"
Exiler,MTGO Theme Deck,Other,TD0,2010-11-08,0.0,"Stoneforge Mystic, Jötun Grunt, Mangara of Corondor, Serra Avenger, Ethersworn Canonist"
Expendable 1,Jumpstart,Other,MOM,2023-04-20,4.69,"Terror of Towashi, Swamp, Scorn-Blade Berserker, Seer of Stolen Sight, Gift of Compleation"
Expendable 2,Jumpstart,Other,MOM,2023-04-20,5.85,"Corrupted Conviction, Terror of Towashi, Swamp, Scorn-Blade Berserker, Seer of Stolen Sight"
Experimental 1,Jumpstart,Other,J22,2022-12-02,5.35,"Mizzix, Replica Rider, Ignite the Future, Thermo-Alchemist, Young Pyromancer, Thriving Bluff"
Experimental 2,Jumpstart,Other,J22,2022-12-02,5.07,"Mizzix, Replica Rider, Thermo-Alchemist, Spark of Creativity, Thriving Bluff, Sparkmage Apprentice"
Explorers (1),Jumpstart,Other,J25,2024-11-07,4.96,"Tireless Provisioner, Braulios of Pheres Band, Explore, Go Forth, Forest"
Explorers (2),Jumpstart,Other,J25,2024-11-07,3.48,"Primeval Herald, Braulios of Pheres Band, Explore, Tireless Tracker, Ulvenwald Mysteries"
Explorers (3),Jumpstart,Other,J25,2024-11-07,3.13,"Braulios of Pheres Band, Explore, Somberwald Beastmaster, Ulvenwald Mysteries, Go Forth"
Explorers (4),Jumpstart,Other,J25,2024-11-07,3.43,"Primeval Herald, Braulios of Pheres Band, Explore, Jadelight Ranger, Go Forth"
Expulsion,Theme Deck,Other,8ED,2003-07-28,31.08,"Megrim, Larceny, Swamp, Swamp, Swamp"
Extra Life 2020,Secret Lair Drop,Other,SLD,2020-11-06,134.46,"Amulet of Vigor, Teferi's Protection, Consecrated Sphinx, Collected Company"
Extra Life 2021,Secret Lair Drop,Other,SLD,2022-01-28,55.31,"Craterhoof Behemoth, Craterhoof Behemoth, Metalwork Colossus, Metalwork Colossus, Mulldrifter"
Extra Life 2021 Foil Edition,Secret Lair Drop,Other,SLD,2022-01-28,55.31,"Craterhoof Behemoth, Craterhoof Behemoth, Metalwork Colossus, Metalwork Colossus, Mulldrifter"
Extra Life 2022,Secret Lair Drop,Other,SLD,2022-11-04,167.23,"Sliver Legion, Sliver Legion, Birds of Paradise, Birds of Paradise, Lathliss, Dragon Queen"
Extra Life 2022 Foil Edition,Secret Lair Drop,Other,SLD,2022-11-04,167.23,"Sliver Legion, Sliver Legion, Birds of Paradise, Birds of Paradise, Lathliss, Dragon Queen"
Eyes of Shadow,Theme Deck,Other,PS11,2011-01-01,0.0,"Swamp, Swamp, Swamp, Swamp, Mortivore"
FINAL FANTASY: Game Over,Secret Lair Drop,Other,SLD,2025-06-10,69.98,"Toxic Deluge, Temporal Extortion, Praetor's Grasp, Star of Extinction, Day of Judgment"
FINAL FANTASY: Game Over Foil Edition,Secret Lair Drop,Other,SLD,2025-06-10,69.98,"Toxic Deluge, Temporal Extortion, Praetor's Grasp, Star of Extinction, Day of Judgment"
FINAL FANTASY: Grimoire,Secret Lair Drop,Other,SLD,2025-06-10,64.86,"Cyclonic Rift, Heroic Intervention, Lightning Bolt, Damn, Prismatic Ending"
FINAL FANTASY: Grimoire Foil Edition,Secret Lair Drop,Other,SLD,2025-06-10,64.86,"Cyclonic Rift, Heroic Intervention, Lightning Bolt, Damn, Prismatic Ending"
FINAL FANTASY: Weapons,Secret Lair Drop,Other,SLD,2025-06-10,75.93,"Sword of Truth and Justice, Umezawa's Jitte, Colossus Hammer, Blade of Selves, Staff of the Storyteller"
FINAL FANTASY: Weapons Foil Edition,Secret Lair Drop,Other,SLD,2025-06-10,75.93,"Sword of Truth and Justice, Umezawa's Jitte, Colossus Hammer, Blade of Selves, Staff of the Storyteller"
FORTNITE,Secret Lair Drop,Other,SLD,2022-09-02,125.38,"Triumph of the Hordes, Grim Tutor, Etherium Sculptor, Smuggler's Copter, Wrath of God"
FORTNITE Foil Edition,Secret Lair Drop,Other,SLD,2022-09-02,125.38,"Triumph of the Hordes, Grim Tutor, Etherium Sculptor, Smuggler's Copter, Wrath of God"
FORTNITE: Landmarks and Locations,Secret Lair Drop,Other,SLD,2022-09-02,51.72,"Island, Forest, Swamp, Mountain, Plains"
FORTNITE: Landmarks and Locations Foil Edition,Secret Lair Drop,Other,SLD,2022-09-02,51.72,"Island, Forest, Swamp, Mountain, Plains"
Faerie Pranks,Arena Starter Deck,Other,OTJ,2024-07-08,108.93,"Roaming Throne, Undercity Sewers, Talion, the Kindly Lord, Three Steps Ahead, Faerie Slumber Party"
"Faerie, Faerie, Faerie Rad",Secret Lair Drop,Other,SLD,2021-04-13,129.54,"Glen Elendra Archmage, Spellstutter Sprite, Vendilion Clique, Mistbind Clique"
Faeries 1,Jumpstart,Other,J22,2022-12-02,17.2,"Spellstutter Sprite, Vendilion Clique, Wavebreak Hippocamp, Instruments of War, Synchronized Eviction"
Faeries 2,Jumpstart,Other,J22,2022-12-02,12.31,"Spellstutter Sprite, Faerie Seer, Stolen by the Fae, Instruments of War, Synchronized Eviction"
Fallout: Beyond Vault 33,Secret Lair Drop,Other,SLD,2026-02-16,34.26,"The Ghoul, Gunslinger, Lucy MacLean, Positively Armed, Pre-War Formalwear, Spirit Mantle, Maximus, Knight Apparent"
Fallout: Beyond Vault 33 Foil Edition,Secret Lair Drop,Other,SLD,2026-02-16,34.26,"The Ghoul, Gunslinger, Lucy MacLean, Positively Armed, Pre-War Formalwear, Spirit Mantle, Maximus, Knight Apparent"
Fallout: Greet the Dog,Secret Lair Drop,Other,SLD,2026-02-16,38.38,"Sol Ring, Arcane Signet, Yoshimaru, Ever Faithful, Patchwork Banner, Lightning Greaves"
Fallout: Greet the Dog Foil Edition,Secret Lair Drop,Other,SLD,2026-02-16,38.38,"Sol Ring, Arcane Signet, Yoshimaru, Ever Faithful, Patchwork Banner, Lightning Greaves"
Fallout: Points of Interest,Secret Lair Drop,Other,SLD,2024-04-15,85.16,"Reflecting Pool, Bojuka Bog, Reliquary Tower, Command Beacon, Fabled Passage"
Fallout: Points of Interest Foil Edition,Secret Lair Drop,Other,SLD,2024-04-15,114.55,"Bojuka Bog, Reliquary Tower, Reflecting Pool, Fabled Passage, Command Beacon"
Fallout: Rad,Secret Lair Drop,Other,SLD,2026-02-16,50.65,"Mesmeric Orb, Mindcrank, The Wise Mothman, Mutational Advantage, Ripples of Potential"
Fallout: Rad Foil Edition,Secret Lair Drop,Other,SLD,2026-02-16,50.65,"Mesmeric Orb, Mindcrank, The Wise Mothman, Mutational Advantage, Ripples of Potential"
Fallout: SPECIAL,Secret Lair Drop,Other,SLD,2024-04-15,59.79,"Propaganda, Idyllic Tutor, Steelshaper's Gift, Anger, Elixir of Immortality"
Fallout: SPECIAL Foil Edition,Secret Lair Drop,Other,SLD,2024-04-15,68.19,"Propaganda, Idyllic Tutor, Steelshaper's Gift, Anger, Elixir of Immortality"
Fallout: Vault Boy,Secret Lair Drop,Other,SLD,2024-04-15,68.83,"Trinisphere, Grand Arbiter Augustin IV, Winter Orb, Sphere of Resistance"
Fallout: Vault Boy Foil Edition,Secret Lair Drop,Other,SLD,2024-04-15,65.4,"Trinisphere, Grand Arbiter Augustin IV, Winter Orb, Sphere of Resistance"
Fallout: Welcome to New Vegas,Secret Lair Drop,Other,SLD,2026-02-16,42.11,"Nuka-Cola Vending Machine, Isshin, Two Heavens as One, Tinybones, Trinket Thief, Caged Sun, The Deck of Many Things"
Fallout: Welcome to New Vegas Foil Edition,Secret Lair Drop,Other,SLD,2026-02-16,42.11,"Nuka-Cola Vending Machine, Isshin, Two Heavens as One, Tinybones, Trinket Thief, Caged Sun, The Deck of Many Things"
Fangs 1,Jumpstart,Other,J22,2022-12-02,14.29,"Rodolf Duskbringer, Creeping Bloodsucker, Oathsworn Vampire, Falkenrath Noble, Feast of Blood"
Fangs 2,Jumpstart,Other,J22,2022-12-02,14.29,"Rodolf Duskbringer, Creeping Bloodsucker, Vampiric Rites, Oathsworn Vampire, Falkenrath Noble"
Fangs 3,Jumpstart,Other,J22,2022-12-02,12.4,"Creeping Bloodsucker, Blood Artist, Oathsworn Vampire, Tivash, Gloom Summoner, Ancient Craving"
Fangs 4,Jumpstart,Other,J22,2022-12-02,26.64,"Vito, Thorn of the Dusk Rose, Creeping Bloodsucker, Blood Artist, Oathsworn Vampire, Feast of Blood"
Fangs of the Bloodchief,Intro Pack,Other,WWK,2010-02-05,57.91,"Anowon, the Ruin Sage, Butcher of Malakir, Diabolic Tutor, Urge to Feed, Vampire Nighthawk"
Fangs of the Predator,Theme Deck,Other,PS11,2011-01-01,0.0,"Forest, Forest, Forest, Forest, Molimo, Maro-Sorcerer"
"Far Out, Man",Secret Lair Drop,Other,SLD,2022-05-06,67.92,"Mystical Tutor, Counterspell, Fabricate, Fact or Fiction, Aether Gust"
"Far Out, Man Foil Edition",Secret Lair Drop,Other,SLD,2022-05-06,67.92,"Mystical Tutor, Counterspell, Fabricate, Fact or Fiction, Aether Gust"
Fate,Clash Pack,Other,M15,2014-07-18,39.08,"Prophet of Kruphix, Aetherspouts, Kiora's Follower, Curse of the Swine, Hypnotic Siren"
Fate Blaster,Theme Deck,Other,FUT,2007-05-04,218.11,"Vedalken Aethermage, Dandân, Mystic Speculation, Frozen Aether, Sage of Epityr"
Fate Reforged Foil Redemption,MTGO Redemption,Other,FRF,2015-02-22,234.34,"Ugin, the Spirit Dragon, Merciless Executioner, Dark Deal, Temporal Trespass, Atarka, World Render"
Fate Reforged Redemption,MTGO Redemption,Other,FRF,2015-02-22,262.18,"Ugin, the Spirit Dragon, Merciless Executioner, Dark Deal, Temporal Trespass, Atarka, World Render"
Fate and Fury,Clash Pack,Other,M15,2014-07-18,174.77,"Nykthos, Shrine to Nyx, Prophet of Kruphix, Aetherspouts, Kiora's Follower, Courser of Kruphix"
Fates Foreseen,Intro Pack,Other,JOU,2014-05-02,14.3,"Island, Pull from the Deep, Island, Scourge of Fleets, Interpret the Signs"
Favors From Nyx,Intro Pack,Other,THS,2013-09-27,27.31,"Gift of Immortality, Banisher Priest, Plains, Doom Blade, Swamp"
"Fblthp: Completely, Utterly, Totally Lost",Secret Lair Drop,Other,SLD,2022-05-06,66.58,"Frantic Search, Path to Exile, Intruder Alarm, Well of Lost Dreams, Shelldock Isle"
"Fblthp: Completely, Utterly, Totally Lost Foil Edition",Secret Lair Drop,Other,SLD,2022-05-06,66.58,"Frantic Search, Path to Exile, Intruder Alarm, Well of Lost Dreams, Shelldock Isle"
Feast of Flesh,Intro Pack,Other,NPH,2011-05-13,99.05,"Whipflare, Mountain, Swamp, Swamp, Go for the Throat"
Feathered Friends (1),Jumpstart,Other,JMP,2020-07-17,3.52,"Plains, Steel-Plume Marshal, Aven Gagglemaster, Healer's Hawk, Falconer Adept"
Feathered Friends (2),Jumpstart,Other,JMP,2020-07-17,3.88,"Plains, Steel-Plume Marshal, Angelic Ascension, Aven Gagglemaster, Healer's Hawk"
Feathered Friends (3),Jumpstart,Other,JMP,2020-07-17,5.16,"Angel of the Dire Hour, Plains, Aven Gagglemaster, Healer's Hawk, Falconer Adept"
Feathered Friends (4),Jumpstart,Other,JMP,2020-07-17,3.26,"Plains, Healer's Hawk, Falconer Adept, Warded Battlements, Plains"
Featuring: Andrew MacLean,Secret Lair Drop,Other,SLD,2024-07-30,44.51,"Arbor Elf, Maelstrom Wanderer, Nirkana Revenant, Terastodon"
Featuring: Andrew MacLean Foil Edition,Secret Lair Drop,Other,SLD,2024-07-30,44.51,"Arbor Elf, Maelstrom Wanderer, Nirkana Revenant, Terastodon"
Featuring: Deathburger,Secret Lair Drop,Other,SLD,2025-07-29,54.49,"Goblin Engineer, Arcbound Ravager, Foundry Inspector, Ethersworn Canonist, Dance of the Manse"
Featuring: Deathburger Galaxy Foil Edition,Secret Lair Drop,Other,SLD,2025-07-29,54.49,"Goblin Engineer, Arcbound Ravager, Foundry Inspector, Ethersworn Canonist, Dance of the Manse"
Featuring: Gary Baseman,Secret Lair Drop,Other,SLD,2023-09-15,66.66,"Forest, Island, Swamp, Mountain, Plains"
Featuring: Gary Baseman Foil Edition,Secret Lair Drop,Other,SLD,2023-09-15,66.66,"Forest, Island, Swamp, Mountain, Plains"
Featuring: Imiri Sakabashira,Secret Lair Drop,Other,SLD,2025-06-10,42.45,"Consecrated Sphinx, Scion of Draco, Mirage Mirror, Resculpt"
Featuring: Imiri Sakabashira Foil Edition,Secret Lair Drop,Other,SLD,2025-06-10,42.45,"Consecrated Sphinx, Scion of Draco, Mirage Mirror, Resculpt"
Featuring: Jay Howell,Secret Lair Drop,Other,SLD,2025-05-13,63.7,"Treasonous Ogre, Uncivil Unrest, Agent of Treachery, Priest of Forgotten Gods, Marchesa, the Black Rose"
Featuring: Jay Howell Foil Edition,Secret Lair Drop,Other,SLD,2025-05-13,63.7,"Treasonous Ogre, Uncivil Unrest, Agent of Treachery, Priest of Forgotten Gods, Marchesa, the Black Rose"
Featuring: Julie Bell,Secret Lair Drop,Other,SLD,2024-07-10,59.9,"Coat of Arms, Elves of Deep Shadow, Soul Warden, Good-Fortune Unicorn, Shivan Dragon"
Featuring: Julie Bell Foil Edition,Secret Lair Drop,Other,SLD,2024-07-10,59.9,"Coat of Arms, Elves of Deep Shadow, Soul Warden, Good-Fortune Unicorn, Shivan Dragon"
Featuring: Kevin Eastman (Colors),Secret Lair Drop,Other,SLD,2026-03-03,40.08,"Sakashima's Student, Throat Slitter, Guttersnipe, Loxodon Gatekeeper"
Featuring: Kevin Eastman (Colors) Foil Edition,Secret Lair Drop,Other,SLD,2026-03-03,40.08,"Sakashima's Student, Throat Slitter, Guttersnipe, Loxodon Gatekeeper"
Featuring: Kevin Eastman (Inks),Secret Lair Drop,Other,SLD,2026-03-03,29.15,"Sakashima's Student, Throat Slitter, Guttersnipe, Loxodon Gatekeeper"
Featuring: Kevin Eastman (Inks) Foil Edition,Secret Lair Drop,Other,SLD,2026-03-03,29.15,"Sakashima's Student, Throat Slitter, Guttersnipe, Loxodon Gatekeeper"
Featuring: Luke Pearson,Secret Lair Drop,Other,SLD,2025-02-11,60.51,"Realmwalker, Bear Umbra, Witch of the Moors, Solemn Simulacrum"
Featuring: Luke Pearson Foil Edition,Secret Lair Drop,Other,SLD,2025-02-11,60.51,"Realmwalker, Bear Umbra, Witch of the Moors, Solemn Simulacrum"
Featuring: Mitsuhiro Arita,Secret Lair Drop,Other,SLD,2025-02-11,44.42,"Murktide Regent, Light-Paws, Emperor's Voice, Shorikai, Genesis Engine, Lightning Bolt"
Featuring: Mitsuhiro Arita Foil Edition,Secret Lair Drop,Other,SLD,2025-02-11,44.42,"Murktide Regent, Light-Paws, Emperor's Voice, Shorikai, Genesis Engine, Lightning Bolt"
Featuring: Not a Wolf,Secret Lair Drop,Other,SLD,2024-07-10,67.61,"Beastmaster Ascension, Tovolar, Dire Overlord // Tovolar, the Midnight Scourge, Second Harvest, Avabruck Caretaker // Hollowhenge Huntmaster, Howl of the Night Pack"
Featuring: Not a Wolf Foil Edition,Secret Lair Drop,Other,SLD,2024-07-10,67.61,"Beastmaster Ascension, Tovolar, Dire Overlord // Tovolar, the Midnight Scourge, Second Harvest, Avabruck Caretaker // Hollowhenge Huntmaster, Howl of the Night Pack"
Featuring: Peach Momoko,Secret Lair Drop,Other,SLD,2024-10-01,87.7,"Psychic Corrosion, Aetherize, Time Sieve, Visions of Beyond, Drown in Dreams"
Featuring: Peach Momoko Foil Edition,Secret Lair Drop,Other,SLD,2024-10-01,87.7,"Psychic Corrosion, Aetherize, Time Sieve, Visions of Beyond, Drown in Dreams"
Featuring: Phoebe Wahl,Secret Lair Drop,Other,SLD,2024-04-15,62.25,"Door of Destinies, Alela, Artful Provocateur, Swords to Plowshares, Dockside Chef, Faerie Artisans"
Featuring: Phoebe Wahl Foil Edition,Secret Lair Drop,Other,SLD,2024-04-15,71.81,"Door of Destinies, Alela, Artful Provocateur, Swords to Plowshares, Dockside Chef, Faerie Artisans"
Featuring: Stan Sakai,Secret Lair Drop,Other,SLD,2026-03-03,51.51,"Baylen, the Haymaker, Master of Ceremonies, Sunforger, Second Harvest, Felidar Retreat"
Featuring: Stan Sakai Foil Edition,Secret Lair Drop,Other,SLD,2026-03-03,51.51,"Baylen, the Haymaker, Master of Ceremonies, Sunforger, Second Harvest, Felidar Retreat"
Featuring: the Mountain Goats,Secret Lair Drop,Other,SLD,2023-08-29,46.37,"Mountain, Mountain, Mountain, Mountain, Mountain"
Featuring: the Mountain Goats Foil Edition,Secret Lair Drop,Other,SLD,2023-08-29,46.37,"Mountain, Mountain, Mountain, Mountain, Mountain"
Ferocious 1,Jumpstart,Other,J22,2022-12-02,9.54,"Rhonas the Indomitable, Colossal Majesty, Roar of Challenge, Ilysian Caryatid, Rampaging Growth"
Ferocious 2,Jumpstart,Other,J22,2022-12-02,4.72,"Colossal Majesty, Goreclaw, Terror of Qal Sisma, Roar of Challenge, Ilysian Caryatid, Thriving Grove"
Ferocious 3,Jumpstart,Other,J22,2022-12-02,7.56,"Prowling Serpopard, Colossal Majesty, Roar of Challenge, Ilysian Caryatid, Ornery Dilophosaur"
Ferocious 4,Jumpstart,Other,J22,2022-12-02,4.7,"Colossal Majesty, Bonders' Enclave, Roar of Challenge, Towering Gibbon, Ilysian Caryatid"
Fiendish Nature,Theme Deck,Other,UDS,1999-06-07,290.27,"Phyrexian Reclamation, Pattern of Rebirth, Rancor, Yavimaya Elder, Gamekeeper"
Fiendish Nature - Enhanced Deck,Enhanced Deck,Other,UDS,1999-06-07,310.56,"Recurring Nightmare, Pattern of Rebirth, Rancor, Engineered Plague, Yavimaya Elder"
Fiery 1,Jumpstart,Other,J22,2022-12-02,3.63,"Chandra, Flame's Fury, Thrill of Possibility, Chandra's Magmutt, Spiteful Prankster, Chandra's Pyrohelix"
Fiery 2,Jumpstart,Other,J22,2022-12-02,3.21,"Banefire, Thrill of Possibility, Magmatic Channeler, Thriving Bluff, Chandra's Spitfire"
Fiery 3,Jumpstart,Other,J22,2022-12-02,2.5,"Thrill of Possibility, Ogre Battlecaster, Thermo-Alchemist, Thriving Bluff, Chandra's Spitfire"
Fiery 4,Jumpstart,Other,J22,2022-12-02,2.46,"Thrill of Possibility, Ogre Battlecaster, Thriving Bluff, Chandra's Spitfire, Searing Spear"
Fiery Dawn,Intro Pack,Other,AVR,2012-05-04,45.15,"Cathars' Crusade, Goldnight Commander, Plains, Devout Chaplain, Commander's Authority"
Fiery Fury,MTGO Theme Deck,Other,WTH,2007-12-12,72.65,"Firestorm, Crystal Vein, Fireblast, Mind Stone, Mountain"
Fifth Dawn Foil Redemption,MTGO Redemption,Other,5DN,2004-07-04,2178.86,"Mycosynth Golem, Grinding Station, Krark-Clan Ironworks, Eternal Witness, Crucible of Worlds"
Fifth Dawn Redemption,MTGO Redemption,Other,5DN,2004-07-04,2178.86,"Mycosynth Golem, Grinding Station, Krark-Clan Ironworks, Eternal Witness, Crucible of Worlds"
Final Adventure,Challenger Deck,Other,Q04,2020-04-03,28.54,"Vraska, Golgari Queen, Fabled Passage, Knight of the Ebon Legion, Castle Locthwain, Midnight Reaper"
Final Fantasy Bundle Land Pack,Bundle Land Pack,Other,FIN,2025-06-13,14.2,"Wastes, Wastes, Forest, Forest, Forest"
Finally! Left-Handed Magic Cards,Secret Lair Drop,Other,SLD,2022-08-05,77.88,"Rograkh, Son of Rohgahh, Empress Galina, Sisay, Weatherlight Captain, Garruk, Caller of Beasts, Geralf's Messenger"
Finally! Left-Handed Magic Cards Foil Edition,Secret Lair Drop,Other,SLD,2022-08-05,77.88,"Rograkh, Son of Rohgahh, Empress Galina, Sisay, Weatherlight Captain, Garruk, Caller of Beasts, Geralf's Messenger"
Finkel,Theme Deck,Other,DKM,2001-12-01,183.97,"Necropotence, Sulfurous Springs, Incinerate, Underground River, Dark Ritual"
Fire Nation,Jumpstart,Other,TLE,2025-11-20,21.78,"Longshot, Rebel Bowman, Storm of Memories, Zuko, Seeking Honor, Fists of Flame, Firebending Student"
Fire Surge,Intro Pack,Other,M14,2013-07-19,9.13,"Mountain, Island, Mountain, Negate, Phantom Warrior"
Fire and Lightning,Premium Deck,Other,PD2,2010-11-19,29.15,"Price of Progress, Reverberate, Chain Lightning, Fireblast, Lightning Bolt"
Firebending (1),Jumpstart,Other,TLE,2025-11-20,8.55,"Reckless Blaze, Firebender Ascension, Loyal Fire Sage, Mountain, Thriving Bluff"
Firebending (2),Jumpstart,Other,TLE,2025-11-20,7.2,"Reckless Blaze, Loyal Fire Sage, Mountain, Combustion Technique, Thriving Bluff"
Firebomber,Intro Pack,Other,M10,2009-07-17,59.76,"Earthquake, Lightning Bolt, Island, Sleep, Mountain"
Fireworks,Arena Starter Deck,Other,AFR,2021-09-24,16.94,"Riverglide Pathway // Lavaglide Pathway, Archmage Emeritus, Volatile Fjord, Demilich, Prismari Command"
Fixed Content,Deck Builder's Toolkit,Other,XLN,2017-09-29,52.81,"Sunscorched Desert, Gifted Aetherborn, Blossoming Defense, Island, Spell Pierce"
Flames Of The Dragon,Intro Pack,Other,M15,2014-07-18,18.27,"Darksteel Citadel, Ensoul Artifact, Rogue's Gloves, Ornithopter, Wall of Frost"
Flames of Rath - Advanced Deck,Advanced Deck,Other,TMP,1997-10-14,127.82,"Reflecting Pool, Undiscovered Paradise, Gemstone Mine, Furnace of Rath, Ball Lightning"
Flash of Ferocity,Challenger Deck,Other,Q04,2020-04-03,22.1,"Fabled Passage, Brazen Borrower // Petty Theft, Spectral Sailor, Nightpack Ambusher, Wavebreak Hippocamp"
Flight of the Witch King,Box Set,Other,LTC,2023-11-03,74.24,"Call Forth the Tempest, Nazgûl Battle-Mace, Minas Morgul, Dark Fortress, Witch-king, Sky Scourge, Fell Beast of Mordor"
Flower Power,Secret Lair Drop,Other,SLD,2025-10-20,47.73,"Forest, Island, Mountain, Swamp, Plains"
Flower Power Foil Edition,Secret Lair Drop,Other,SLD,2025-10-20,47.73,"Forest, Island, Mountain, Swamp, Plains"
Flyover,Intro Pack,Other,WWK,2010-02-05,29.63,"Everflowing Chalice, Lightkeeper of Emeria, Kor Cartographer, Marshal's Anthem, Sleep"
Forest Dragon,Shandalar Enemy Deck,Other,PAST,1997-04-01,67.88,"Desert Twister, Sandstorm, Untamed Wilds, Crumble, Cockatrice"
Forest's Might,Arena Starter Deck,Other,M19,2018-09-27,10.3,"Ghalta, Primal Hunger, Verdant Rebirth, Forest, Forest, Forest"
Forest's Might 2,Arena Starter Deck,Other,ANB,2020-03-12,9.78,"Voracious Hydra, Gargos, Vicious Watcher, Season of Growth, Giant Growth, Aggressive Mammoth"
Forged in Battle,Intro Pack,Other,BNG,2014-02-07,17.87,"Searing Blood, Akroan Crusader, Plains, Mountain, Mountain"
Freedom Fighters,Jumpstart,Other,TLE,2025-11-20,7.27,"The Duke, Rebel Sentry, Jet, Rebel Leader, Plains, Valorous Stance, Thriving Heath"
From the Vault: Angels,Box Set,Other,V15,2015-08-21,119.46,"Avacyn, Angel of Hope, Iona, Shield of Emeria, Aurelia, the Warleader, Platinum Angel, Akroma, Angel of Wrath"
From the Vault: Annihilation,Box Set,Other,V14,2014-08-22,58.1,"Armageddon, Decree of Annihilation, Living Death, Smokestack, Cataclysm"
From the Vault: Dragons,Box Set,Other,DRB,2008-08-29,127.29,"Kokusho, the Evening Star, Dragonstorm, Bladewing the Risen, Draco, Nicol Bolas"
From the Vault: Exiled,Box Set,Other,V09,2009-08-28,490.96,"Lotus Petal, Sensei's Divining Top, Necropotence, Strip Mine, Goblin Lackey"
From the Vault: Legends,Box Set,Other,V11,2011-08-26,156.95,"Ulamog, the Infinite Gyre, Kiki-Jiki, Mirror Breaker, Captain Sisay, Doran, the Siege Tower, Sun Quan, Lord of Wu"
From the Vault: Lore,Box Set,Other,V16,2016-08-19,97.51,"Cabal Ritual, Umezawa's Jitte, Beseech the Queen, Obliterate, Glissa, the Traitor"
From the Vault: Realms,Box Set,Other,V12,2012-08-31,408.01,"Ancient Tomb, Urborg, Tomb of Yawgmoth, Glacial Chasm, Dryad Arbor, Boseiju, Who Shelters All"
From the Vault: Relics,Box Set,Other,V10,2010-08-27,1497.34,"Mox Diamond, Memory Jar, Isochron Scepter, Masticore, Sol Ring"
From the Vault: Transform,Box Set,Other,V17,2017-11-24,85.01,"Gisela, the Broken Blade // Brisela, Voice of Nightmares, Liliana, Heretical Healer // Liliana, Defiant Necromancer, Bloodline Keeper // Lord of Lineage, Bruna, the Fading Light // Brisela, Voice of Nightmares, Jace, Vryn's Prodigy // Jace, Telepath Unbound"
From the Vault: Twenty,Box Set,Other,V13,2013-08-23,157.99,"Green Sun's Zenith, Tangle Wire, Ink-Eyes, Servant of Oni, Dark Ritual, Jace, the Mind Sculptor"
Full Sleeves: the Tattoo Pack,Secret Lair Drop,Other,SLD,2020-06-01,41.88,"Inkmoth Nexus, Blood Artist, Eternal Witness, Spell Pierce, Pithing Needle"
Fun Guys (1),Jumpstart,Other,J25,2024-11-07,8.29,"Shroofus Sproutsire, Spore Swarm, Tukatongue Thallid, Sporecrown Thallid, Forest"
Fun Guys (2),Jumpstart,Other,J25,2024-11-07,8.6,"Shroofus Sproutsire, Verdeloth the Ancient, Undercellar Myconid, Spore Swarm, Sporecrown Thallid"
Fun With Fungus,Theme Deck,Other,TSP,2006-10-06,271.83,"Claws of Gix, Pendelhaven, Fallen Ideal, Verdant Embrace, Dread Return"
Fungus Master,Shandalar Enemy Deck,Other,PAST,1997-04-01,46.01,"Oasis, Untamed Wilds, Fungusaur, Island, Island"
Furby: Doo-ay Noo-lah,Secret Lair Drop,Other,SLD,2025-10-27,49.71,"Sol Ring, Chromatic Lantern, Inspiring Call, Explore, Distant Melody"
Furby: Doo-ay Noo-lah Confetti Foil Edition,Secret Lair Drop,Other,SLD,2025-10-27,103.68,"Sol Ring, Chromatic Lantern, Explore, Inspiring Call, Distant Melody"
Furby: Doo-ay Noo-lah Foil Edition,Secret Lair Drop,Other,SLD,2025-10-27,49.71,"Sol Ring, Chromatic Lantern, Inspiring Call, Explore, Distant Melody"
Furby: Furbys: The Gathering,Secret Lair Drop,Other,SLD,2025-10-27,52.06,"Tamiyo's Safekeeping, Sphere of Safety, Phyrexian Arena, Miscast, Tormenting Voice"
Furby: Furbys: The Gathering Confetti Foil Edition,Secret Lair Drop,Other,SLD,2025-10-27,96.01,"Tamiyo's Safekeeping, Sphere of Safety, Phyrexian Arena, Miscast, Tormenting Voice"
Furby: Furbys: The Gathering Foil Edition,Secret Lair Drop,Other,SLD,2025-10-27,52.06,"Tamiyo's Safekeeping, Sphere of Safety, Phyrexian Arena, Miscast, Tormenting Voice"
Furby: The Oddbodies,Secret Lair Drop,Other,SLD,2025-10-27,80.0,"Umbris, Fear Manifest, Hullbreaker Horror, Maddening Cacophony, Spellskite, Serum Visions"
Furby: The Oddbodies Confetti Foil Edition,Secret Lair Drop,Other,SLD,2025-10-27,127.79,"Hullbreaker Horror, Umbris, Fear Manifest, Spellskite, Maddening Cacophony, Serum Visions"
Furby: The Oddbodies Foil Edition,Secret Lair Drop,Other,SLD,2025-10-27,80.0,"Umbris, Fear Manifest, Hullbreaker Horror, Maddening Cacophony, Spellskite, Serum Visions"
Furious Forces,Intro Pack,Other,DTK,2015-03-27,43.54,"Savage Ventmaw, Berserkers' Onslaught, Dragonlord's Servant, Forest, Mountain"
Fury,Clash Pack,Other,M15,2014-07-18,149.51,"Nykthos, Shrine to Nyx, Courser of Kruphix, Elvish Mystic, Voyaging Satyr, Genesis Hydra"
Future Shock,Theme Deck,Other,FUT,2007-05-04,204.67,"Dryad Arbor, Nacatl War-Pride, Edge of Autumn, Baru, Fist of Krosa, Emblem of the Warmind"
Future Sight Foil Redemption,MTGO Redemption,Other,FUT,2007-06-03,2692.66,"Sliver Legion, Tarmogoyf, Pact of Negation, Summoner's Pact, Dryad Arbor"
Future Sight Redemption,MTGO Redemption,Other,FUT,2007-06-03,2692.66,"Sliver Legion, Tarmogoyf, Pact of Negation, Summoner's Pact, Dryad Arbor"
Gabriel Nassif - Blue-White Anti-Affinity Control,World Championship Deck,Other,WC04,2004-09-01,34.68,"Flooded Strand, Exalted Angel, Island, Plains, Wayfarer's Bauble"
Gandalf in the Pelennor Fields,Box Set,Other,LTC,2023-11-03,22.59,"Rammas Echor, Ancient Shield, Olórin's Searing Light, Gandalf of the Secret Fire, Sorcerous Squall, Courageous Resolve"
Garden Buds,Secret Lair Drop,Other,SLD,2025-03-25,82.6,"Ashaya, Soul of the Wild, Horn of Greed, Elvish Reclaimer, World Shaper, Harrow"
Garden Buds Foil Edition,Secret Lair Drop,Other,SLD,2025-03-25,82.6,"Ashaya, Soul of the Wild, Horn of Greed, Elvish Reclaimer, World Shaper, Harrow"
Garfield,Theme Deck,Other,DKM,2001-12-01,45.79,"Incinerate, Incinerate, Jokulhaups, Karplusan Forest, Lhurgoyf"
Garruk,Jumpstart,Other,JMP,2020-07-17,7.99,"Garruk's Uprising, Forest, Garruk, Unleashed, Hunter's Insight, Garruk's Harbinger"
"Garruk, Savage Herald",Planeswalker Deck,Other,M21,2020-07-03,12.59,"Ram Through, Garruk, Savage Herald, Garruk's Uprising, Forest, Ilysian Caryatid"
Gatecrash Foil Redemption,MTGO Redemption,Other,GTC,2013-03-03,588.74,"Aurelia, the Warleader, Sylvan Primordial, Godless Shrine, Watery Grave, Breeding Pool"
Gatecrash Redemption,MTGO Redemption,Other,GTC,2013-03-03,588.74,"Aurelia, the Warleader, Sylvan Primordial, Godless Shrine, Watery Grave, Breeding Pool"
Gatecrasher,MTGO Theme Deck,Other,WTH,2007-12-12,15.06,"Mountain, Uktabi Orangutan, Maraxus of Keld, Aboroth, Forest"
"George Baxter, Quarterfinalist",Pro Tour Deck,Other,PTC,1996-05-01,87.63,"City of Brass, Sulfurous Springs, Lightning Bolt, Hypnotic Specter, Mishra's Factory"
Ghastly (1),Jumpstart,Other,J25,2024-11-07,4.35,"Harvester of Souls, Dross Hopper, Morbid Opportunist, Falkenrath Noble, Ozox, the Clattering King"
Ghastly (2),Jumpstart,Other,J25,2024-11-07,4.17,"Bloodgift Demon, Morbid Opportunist, Falkenrath Noble, Ozox, the Clattering King, Village Rites"
Ghastly (3),Jumpstart,Other,J25,2024-11-07,4.76,"Reaper from the Abyss, Wriggling Grub, Deadly Dispute, Dross Hopper, Morbid Opportunist"
Ghastly (4),Jumpstart,Other,J25,2024-11-07,4.74,"Army of the Damned, Shambling Ghast, Deadly Dispute, Morbid Opportunist, Falkenrath Noble"
Ghost of Tsushima,Secret Lair Drop,Other,SLD,2025-11-06,141.81,"Jin Sakai, Ghost of Tsushima, Borne Upon a Wind, Path to Exile, Eiganjo Castle, Ghostly Flicker"
Ghost of Tsushima Foil Edition,Secret Lair Drop,Other,SLD,2025-11-06,141.81,"Jin Sakai, Ghost of Tsushima, Borne Upon a Wind, Path to Exile, Eiganjo Castle, Ghostly Flicker"
Ghostbusters: Slimer,Secret Lair Drop,Other,SLD,2024-10-01,38.55,"Windfall, Incarnation Technique, Trickbind, The Mimeoplasm, Pernicious Deed"
Ghostbusters: Slimer Foil Edition,Secret Lair Drop,Other,SLD,2024-10-01,38.55,"Windfall, Incarnation Technique, Trickbind, The Mimeoplasm, Pernicious Deed"
Ghostbusters: The Real Ghostbusters,Secret Lair Drop,Other,SLD,2024-10-01,42.46,"Eladamri's Call, Boros Charm, Careful Study, Unlicensed Hearse, Living End"
Ghostbusters: The Real Ghostbusters Foil Edition,Secret Lair Drop,Other,SLD,2024-10-01,42.46,"Eladamri's Call, Boros Charm, Careful Study, Unlicensed Hearse, Living End"
Ghostly Tide,Intro Pack,Other,SOI,2016-04-08,17.44,"Essence Flux, Pore Over the Pages, Rattlechains, Drogskol Cavalry, Island"
Giddyap,Jumpstart,Other,J25,2024-11-07,7.35,"Thurid, Mare of Destiny, Steadfast Unicorn, Thriving Heath, Celestial Unicorn, Moment of Triumph"
Gideon,Archenemy Deck,Other,E01,2017-06-16,26.05,"Grand Abolisher, Plains, Fiendslayer Paladin, Plains, Plains"
"Gideon, Martial Paragon",Planeswalker Deck,Other,AKH,2017-04-28,11.2,"Gideon, Martial Paragon, Mountain, Plains, Ahn-Crop Crasher, Mountain"
"Gideon, the Oathsworn",Planeswalker Deck,Other,WAR,2019-05-03,26.62,"Cruel Celebrant, Bond of Discipline, Command the Dreadhorde, Charmed Stray, Ajani's Pridemate"
Gift Wrapped,Secret Lair Drop,Other,SLD,2023-12-05,59.13,"Homeward Path, Giver of Runes, Moment's Peace, Distant Melody, Cathartic Reunion"
Gift Wrapped Foil Edition,Secret Lair Drop,Other,SLD,2023-12-05,62.0,"Homeward Path, Giver of Runes, Moment's Peace, Distant Melody, Cathartic Reunion"
Gifts of the Gods,Intro Pack,Other,BNG,2014-02-07,29.73,"Gift of Immortality, Sunbond, Island, Plains, Island"
Gigantic 1,Jumpstart,Other,J22,2022-12-02,21.42,"Runadi, Behemoth Caller, Overgrowth, Towering Gibbon, Thrashing Brontodon, Thriving Grove"
Gigantic 2,Jumpstart,Other,J22,2022-12-02,21.89,"Runadi, Behemoth Caller, Engulfing Slagwurm, Overgrowth, Towering Gibbon, Paradise Druid"
Gleeful Flames,Event Deck,Other,DKA,2012-02-24,75.05,"Inkmoth Nexus, Goblin Grenade, Faithless Looting, Infiltration Lens, Hellrider"
Gliding (1),Jumpstart,Other,TLE,2025-11-20,5.18,"Kindly Customer, Momo, Friendly Flier, Plains, Thriving Heath, Appa, Loyal Sky Bison"
Gliding (2),Jumpstart,Other,TLE,2025-11-20,5.74,"Tale of Momo, Momo, Friendly Flier, Plains, Thriving Heath, Appa, Loyal Sky Bison"
Glorious Combat,Game Night Deck,Other,GN3,2022-10-14,22.1,"Zamriel, Seraph of Steel, Argentum Armor, Colossus Hammer, Path to Exile, Swords to Plowshares"
Go to School 1,Jumpstart,Other,J22,2022-12-02,2.71,"Kasmina, Enigmatic Mentor, Barrin, Tolarian Archmage, Biblioplex Kraken, Thriving Isle, Overwhelmed Apprentice"
Go to School 2,Jumpstart,Other,J22,2022-12-02,71.88,"Rhystic Study, Kasmina, Enigmatic Mentor, Biblioplex Kraken, Thriving Isle, Overwhelmed Apprentice"
Goblin & Squabblin',Secret Lair Drop,Other,SLD,2023-08-29,335.53,"Muxus, Goblin Grandee, Goblin Recruiter, Goblin Lackey, Goblin Matron, Shattergang Brothers"
Goblin & Squabblin' Foil Edition,Secret Lair Drop,Other,SLD,2023-08-29,477.85,"Muxus, Goblin Grandee, Goblin Lackey, Goblin Recruiter, Goblin Matron, Shattergang Brothers"
Goblin Assault,Theme Deck,Other,S99,1999-07-12,16.5,"Goblin General, Relentless Assault, Volcanic Dragon, Mountain, Mountain"
Goblin Fire,Theme Deck,Other,P02,1998-06-24,33.03,"Goblin General, Relentless Assault, Mountain, Wildfire, Blaze"
Goblin Mob,Theme Deck,Other,SCG,2003-05-26,316.15,"Siege-Gang Commander, Goblin Warchief, Sulfuric Vortex, Gempalm Incinerator, Goblin War Strike"
Goblin Warlord,Shandalar Enemy Deck,Other,PAST,1997-04-01,236.71,"Mountain, Goblin King, Manabarbs, Tawnos's Weaponry, Helm of Chatzuk"
Goblingram,Secret Lair Drop,Other,SLD,2024-05-30,48.65,"Goblin Welder, Goblin Chieftain, Brash Taunter, Mogg War Marshal, Goblin Ringleader"
Goblingram Foil Edition,Secret Lair Drop,Other,SLD,2024-05-30,48.65,"Goblin Welder, Goblin Chieftain, Brash Taunter, Mogg War Marshal, Goblin Ringleader"
Goblins,Jumpstart,Other,FDN,2024-11-15,5.57,"Dropkick Bomber, Goblin Oriflamme, Mountain, Mountain, Frenzied Goblin"
Goblins (1),Jumpstart,Other,JMP,2020-07-17,17.41,"Muxus, Goblin Grandee, Mountain, Goblin Instigator, Beetleback Chief, Goblin Arsonist"
Goblins (2),Jumpstart,Other,JMP,2020-07-17,17.21,"Muxus, Goblin Grandee, Mountain, Goblin Instigator, Beetleback Chief, Goblin Arsonist"
Goblins (3),Jumpstart,Other,JMP,2020-07-17,10.63,"Goblin Chieftain, Mountain, Goblin Instigator, Beetleback Chief, Goblin Arsonist"
Goblins (4),Jumpstart,Other,JMP,2020-07-17,6.18,"Krenko, Mob Boss, Goblin Lore, Mountain, Goblin Instigator, Goblin Rally"
Goblins 1,Jumpstart,Other,J22,2022-12-02,6.24,"Krenko, Mob Boss, Battle Squadron, Goblin Grenade, Hordeling Outburst, Dragon Fodder"
Goblins 2,Jumpstart,Other,J22,2022-12-02,4.79,"Goblin Warchief, Ib Halfheart, Goblin Tactician, Goblin Grenade, Goblin Rally, Dragon Fodder"
Goblins 3,Jumpstart,Other,J22,2022-12-02,17.77,"Muxus, Goblin Grandee, Goblin Grenade, Instruments of War, Dragon Fodder, Thriving Bluff"
Goblins 4,Jumpstart,Other,J22,2022-12-02,8.97,"Ardoz, Cobbler of War, Goblin Rabblemaster, Goblin Grenade, Goblin Rally, Hordeling Outburst"
Goblins Everywhere!,Arena Starter Deck,Other,ANB,2020-08-13,0.0,"Tin Street Cadet, Goblin Tunneler, Nest Robber, Molten Ravager, Goblin Gang Leader"
God of War: Greek,Secret Lair Drop,Other,SLD,2025-11-06,86.31,"Kratos, God of War, Rite of Flame, World at War, Pyrohemia, Sulfuric Vortex"
God of War: Greek Foil Edition,Secret Lair Drop,Other,SLD,2025-11-06,86.31,"Kratos, God of War, Rite of Flame, World at War, Pyrohemia, Sulfuric Vortex"
God of War: Norse,Secret Lair Drop,Other,SLD,2025-11-06,36.94,"Iroas, God of Victory, Kratos, Stoic Father, Atreus, Impulsive Son, Teferi's Ageless Insight // Teferi's Ageless Insight"
God of War: Norse Foil Edition,Secret Lair Drop,Other,SLD,2025-11-06,36.94,"Iroas, God of Victory, Kratos, Stoic Father, Atreus, Impulsive Son, Teferi's Ageless Insight // Teferi's Ageless Insight"
Going Rogue,Theme Deck,Other,MOR,2008-02-01,211.94,"Notorious Throng, Island, Swamp, Oona's Blackguard, Mothdust Changeling"
Gold Deck,Starter Deck,Other,9ED,2005-08-09,27.37,"Mountain, Grizzly Bears, Mountain, Stone Rain, Forest"
Gold Pack,Advanced Pack,Other,9ED,2005-08-09,39.61,"Naturalize, Dancing Scimitar, Mountain, Forest, Blanchwood Armor"
Golgari,Guild Kit,Other,GK1,2018-11-02,35.47,"Deathrite Shaman, Elves of Deep Shadow, Savra, Queen of the Golgari, Jarad, Golgari Lich Lord, Plaguecrafter"
Golgari Deathcreep,Theme Deck,Other,RAV,2005-10-07,120.94,"Savra, Queen of the Golgari, Elves of Deep Shadow, Golgari Grave-Troll, Stinkweed Imp, Golgari Rot Farm"
Golgari Exploration,Arena Starter Deck,Other,DOM,2018-03-22,36.56,"Tendershoot Dryad, Vizier of the Menagerie, Wildgrowth Walker, Ravenous Chupacabra, Ifnir Deadlands"
Golgari Growth,Intro Pack,Other,RTR,2012-10-05,19.89,"Treasured Find, Grisly Salvage, Korozda Guildmage, Corpsejack Menace, Wild Beastmaster"
Golgari Swarm,Arena Starter Deck,Other,M20,2019-05-03,52.67,"Overgrown Tomb, Underrealm Lich, Assassin's Trophy, Leyline Prowler, Plaguecrafter"
Golgari Swarm 1,Jumpstart,Other,CLU,2024-02-23,21.53,"Amzu, Swarm's Hunger, Golgari Signet, Tribune of Rot, Golgari Rot Farm, Deadbridge Chant"
Golgari Swarm 2,Jumpstart,Other,CLU,2024-02-23,11.6,"Underrealm Lich, Sludge Titan, Fungal Rebirth, Tribune of Rot, Rubblebelt Maverick"
Gondor: Green-White,Starter Kit,Other,LTR,2023-06-23,46.92,"Bilbo's Ring, Aragorn and Arwen, Wed, Galadriel, Gift-Giver, Generous Ent, Gandalf, White Rider"
Grab for Power,Intro Pack,Other,M12,2011-07-15,66.97,"Buried Ruin, Ponder, Diabolic Tutor, Reassembling Skeleton, Throne of Empires"
Grave Advantage,Intro Pack,Other,FRF,2015-01-23,56.03,"Merciless Executioner, Archfiend of Depravity, Dark Deal, Hornet Queen, Wall of Mulch"
Grave Danger,Theme Deck,Other,TOR,2002-02-08,369.06,"Psychatog, Cephalid Illusionist, Careful Study, Tainted Isle, Breakthrough"
Grave Matters,Arena Starter Deck,Other,SNC,2022-09-09,18.06,"Deathcap Glade, Old Rutstein, Infernal Grasp, Undead Butler, Shigeki, Jukai Visionary"
Grave Power,Intro Pack,Other,DKA,2012-02-03,26.6,"Gnaw to the Bone, Island, Forest, Forest, Aether Adept"
Grave Robbers (1),Jumpstart,Other,J25,2024-11-07,2.98,"Grave Strength, Gorex, the Tombshell, Thriving Moor, Gorging Vulture, Eternal Taskmaster"
Grave Robbers (2),Jumpstart,Other,J25,2024-11-07,3.44,"Doomed Necromancer, Undead Butler, Dusk Mangler, Gorex, the Tombshell, Thriving Moor"
Grave Robbers (3),Jumpstart,Other,J25,2024-11-07,3.69,"Dreadhound, Grave Strength, Isareth the Awakener, Memorial to Folly, Persistent Specimen"
Grave Robbers (4),Jumpstart,Other,J25,2024-11-07,3.56,"Liliana, Death's Majesty, Undead Butler, Isareth the Awakener, Persistent Specimen, Thriving Moor"
Grave Secrets,Arena Starter Deck,Other,LTR,2023-06-20,18.22,"Breach the Multiverse, Darkslick Shores, Gix's Command, Contaminated Aquifer, Black Sun's Twilight"
Graveborn,Premium Deck,Other,PD3,2011-11-18,97.63,"Reanimate, Entomb, Crystal Vein, Animate Dead, Cabal Therapy"
Graveyard Bash,Arena Starter Deck,Other,M19,2018-09-27,14.81,"Death Baron, Open the Graves, Swamp, Yargle, Glutton of Urborg, Vampire Sovereign"
Great Druid,Shandalar Enemy Deck,Other,PAST,1997-04-01,139.62,"Desert Twister, Killer Bees, Birds of Paradise, Untamed Wilds, Jayemdae Tome"
Green,Halfdeck,Other,UND,2020-02-28,3.99,"Forest, Surgeon General Commander, Squirrel Farm, Who // What // When // Where // Why, Timmy, Power Gamer"
Green Deck,Welcome Deck,Other,W16,2016-04-08,10.57,"Blighted Woodland, Soul of the Harvest, Pulse of Murasa, Forest, Forest"
Green Deck A,Sample Deck,Other,M12,2011-07-15,25.27,"Hunter's Insight, Gladecover Scout, Lead the Stampede, Ezuri's Archers, Llanowar Elves"
Green Deck B,Sample Deck,Other,M12,2011-07-15,15.54,"Rampant Growth, Withstand Death, Viridian Emissary, Acidic Slime, Forest"
Green Sample Deck,Sample Deck,Other,M15,2014-07-18,10.58,"Elvish Mystic, Paragon of Eternal Wilds, Forest, Staff of the Wild Magus, Forest"
Green White Convoke,Deck Builder's Toolkit,Other,M15,2014-07-18,5.64,"Triplicate Spirits, Seraph of the Masses, Raise the Alarm, Sunblade Elf, Feral Incarnation"
Green and White,Deck Builder's Toolkit,Other,AKH,2017-04-28,9.24,"Manglehorn, Fairgrounds Warden, Compulsory Rest, Prey Upon, Those Who Serve"
Green and White Humans,Deck Builder's Toolkit,Other,KLD,2016-09-30,2.93,"Gryff's Boon, Choking Restraints, True-Faith Censer, Murderer's Axe, Strength of Arms"
Green-White Auras,Deck Builder's Toolkit,Other,ROE,2010-05-21,44.99,"Hyena Umbra, Snake Umbra, Canopy Cover, Aura Gnarlid, Boar Umbra"
Grixis Shambling Army,Intro Pack,Other,CON,2009-02-06,47.09,"Island, Terramorphic Expanse, Crumbling Necropolis, Swamp, Mountain"
Grixis Undead,Intro Pack,Other,ALA,2008-10-03,59.7,"Cruel Ultimatum, Island, Crumbling Necropolis, Swamp, Fleshbag Marauder"
Gross 1,Jumpstart,Other,J22,2022-12-02,9.75,"Massacre Wurm, Leechridden Swamp, Plaguecrafter, Skullslither Worm, Black Cat"
Gross 2,Jumpstart,Other,J22,2022-12-02,8.27,"Phyrexian Reclamation, Plaguecrafter, Phyrexian Plaguelord, Skullslither Worm, Fungal Infection"
Gross 3,Jumpstart,Other,J22,2022-12-02,3.63,"Plaguecrafter, Deathbringer Regent, Skullslither Worm, Kraul Swarm, Death Wind"
Gross 4,Jumpstart,Other,J22,2022-12-02,6.31,"Ophiomancer, Plaguecrafter, Skullslither Worm, Witch's Cauldron, Swarm of Bloodflies"
Ground Pounder,Theme Deck,Other,BTD,2000-10-01,48.08,"Dwarven Ruins, Forest, Fireball, Shivan Dragon, Ball Lightning"
Groundbreaker - Advanced Deck,Advanced Deck,Other,EXO,1998-06-15,233.4,"Wasteland, Reflecting Pool, Plaguebearer, Undiscovered Paradise, City of Brass"
Groundbreaker - Basic Deck,Theme Deck,Other,EXO,1998-06-15,16.71,"Searing Touch, Thopter Squadron, Necrologia, Swamp, Mountain"
Growing Hope,Arena Starter Deck,Other,LTR,2023-06-20,35.56,"Ozolith, the Shattered Spire, Kami of Whispered Hopes, Ruins Recluse, Dusk Legion Duelist, Serra Redeemer"
Growing Hunger,Arena Starter Deck,Other,AFR,2021-09-24,16.69,"Darkbore Pathway // Slitherbore Pathway, Binding the Old Gods, Drana, the Last Bloodchief, Exponential Growth, Ochre Jelly"
Gruul,Guild Kit,Other,GK2,2019-02-15,41.5,"Birds of Paradise, Rhythm of the Wild, Protean Hulk, Ruric Thar, the Unbowed, Immolation Shaman"
Gruul Clans,Arena Starter Deck,Other,M20,2019-05-03,30.79,"Stomping Ground, Rhythm of the Wild, End-Raze Forerunners, Forest, Mountain"
Gruul Clans 1,Jumpstart,Other,CLU,2024-02-23,6.71,"Herald of Ilharg, Gruul Signet, Firespout, Furious Spinesplitter, Pyrewild Shaman"
Gruul Clans 2,Jumpstart,Other,CLU,2024-02-23,4.21,"Colossal Majesty, Stampede Surfer, Giant Adephage, Furious Spinesplitter, Gruul Turf"
Gruul Goliaths,Intro Pack,Other,GTC,2013-02-01,34.26,"Alpha Authority, Arbor Elf, Ranger's Path, Gruul Ragebeast, Gruul Guildgate"
Gruul Siege,Intro Pack,Other,DGM,2013-05-03,16.47,"Zhur-Taa Druid, Gruul War Chant, Pit Fight, Ruric Thar, the Unbowed, Forest"
Gruul Stompy,Pioneer Challenger Deck,Other,Q08,2022-11-04,41.83,"Stomping Ground, Chandra, Torch of Defiance, Questing Beast, Elvish Mystic, Rockfall Vale"
Gruul Wilding,Theme Deck,Other,GPT,2006-02-03,44.63,"Skarrg, the Rage Pits, Wild Cantor, Dryad Sophisticate, Borborygmos, Wurmweaver Coil"
Guardian of the Tusk,Shandalar Enemy Deck,Other,PAST,1997-04-01,299.47,"Berserk, Desert Twister, Colossus of Sardia, Birds of Paradise, Divine Transformation"
Guildpact Foil Redemption,MTGO Redemption,Other,GPT,2006-03-05,1018.42,"Steam Vents, Godless Shrine, Stomping Ground, Leyline of the Void, Teysa, Orzhov Scion"
Guildpact Redemption,MTGO Redemption,Other,GPT,2006-03-05,1018.42,"Steam Vents, Godless Shrine, Stomping Ground, Leyline of the Void, Teysa, Orzhov Scion"
Guilds of Ravnica Foil Redemption,MTGO Redemption,Other,GRN,2018-11-04,401.76,"Mnemonic Betrayal, Chance for Glory, Steam Vents, Watery Grave, Overgrown Tomb"
Guilds of Ravnica Redemption,MTGO Redemption,Other,GRN,2018-11-04,401.76,"Mnemonic Betrayal, Chance for Glory, Steam Vents, Watery Grave, Overgrown Tomb"
Hands of Fire,Theme Deck,Other,PS11,2011-01-01,0.0,"Mountain, Mountain, Mountain, Mountain, Kamahl, Pit Fighter"
Hands of Flame,Duel Of The Planeswalkers Deck,Other,DPA,2010-06-04,19.63,"Furnace of Rath, Bloodmark Mentor, Rage Reflection, Banefire, Blaze"
Happy Little Gathering,Secret Lair Drop,Other,SLD,2021-03-15,45.71,"Swamp, Forest, Island, Mountain, Mountain"
Happy Little Gathering Foil Edition,Secret Lair Drop,Other,SLD,2021-03-15,45.71,"Swamp, Forest, Island, Mountain, Mountain"
Happy Yargle Day!,Secret Lair Drop,Other,SLD,2020-09-03,34.7,"Fatal Push, Swords to Plowshares, Explore, Opt, Anger of the Gods"
Happy Yargle Day! Foil Edition,Secret Lair Drop,Other,SLD,2020-09-03,34.7,"Fatal Push, Swords to Plowshares, Explore, Opt, Anger of the Gods"
Hard-Boiled Thrillers,Secret Lair Drop,Other,SLD,2024-02-23,94.86,"Jace, Wielder of Mysteries, Reconnaissance, Black Market, Obeka, Brute Chronologist, Dire Undercurrents"
Hard-Boiled Thrillers Foil Edition,Secret Lair Drop,Other,SLD,2024-02-23,85.29,"Jace, Wielder of Mysteries, Reconnaissance, Black Market, Obeka, Brute Chronologist, Dire Undercurrents"
Hare Raising,Starter Kit,Other,BLB,2024-08-02,13.41,"Byrke, Long Ear of the Law, Fecund Greenshell, Colossification, Clifftop Lookout, Hop to It"
Hascon 2017 Promo Cards,Box Set,Other,H17,2017-09-20,320.36,"Grimlock, Dinobot Leader // Grimlock, Ferocious King, Nerf War, Sword of Dungeons & Dragons"
Hatsune Miku: Digital Sensation,Secret Lair Drop,Other,SLD,2024-07-10,132.43,"Sol Ring, Child of Alara, Chord of Calling, Diabolic Tutor, Song of Creation"
Hatsune Miku: Digital Sensation Foil Edition,Secret Lair Drop,Other,SLD,2024-07-10,132.43,"Sol Ring, Child of Alara, Chord of Calling, Diabolic Tutor, Song of Creation"
Hatsune Miku: Electric Entourage,Secret Lair Drop,Other,SLD,2024-10-01,75.36,"Elspeth Tirel, Liliana of the Dark Realms, Freyalise, Llanowar's Fury, The Royal Scions, Jace, Unraveler of Secrets"
Hatsune Miku: Electric Entourage Foil Edition,Secret Lair Drop,Other,SLD,2024-10-01,75.36,"Elspeth Tirel, Liliana of the Dark Realms, Freyalise, Llanowar's Fury, The Royal Scions, Jace, Unraveler of Secrets"
Hatsune Miku: Sakura Superstar,Secret Lair Drop,Other,SLD,2024-05-30,108.29,"Azusa, Lost but Seeking, Chandra's Ignition, Feather, the Redeemed, Harmonize, Inspiring Vantage"
Hatsune Miku: Sakura Superstar Foil Edition,Secret Lair Drop,Other,SLD,2024-05-30,137.45,"Azusa, Lost but Seeking, Feather, the Redeemed, Chandra's Ignition, Inspiring Vantage, Harmonize"
Hatsune Miku: Winter Diva,Secret Lair Drop,Other,SLD,2025-02-11,98.02,"Swan Song, Giada, Font of Hope, Counterspell, Brago, King Eternal, Youthful Valkyrie"
Hatsune Miku: Winter Diva Foil Edition,Secret Lair Drop,Other,SLD,2025-02-11,98.02,"Swan Song, Giada, Font of Hope, Counterspell, Brago, King Eternal, Youthful Valkyrie"
Haze of Spores,MTGO Theme Deck,Other,ME2,2008-09-22,0.0,"Forest, Forest, Forest, Havenwood Battleground, Mishra's Factory"
Hazoret Aggro,Challenger Deck,Other,Q01,2018-04-06,39.11,"Chandra, Torch of Defiance, Sunscorched Desert, Hazoret the Fervent, Mountain, Soul-Scar Mage"
Healers (1),Jumpstart,Other,J25,2024-11-07,4.44,"Speaker of the Heavens, Hinterland Sanctifier, Qala, Ajani's Pridemate, Angel of Vitality, Revitalize"
Healers (2),Jumpstart,Other,J25,2024-11-07,5.64,"Valkyrie Harbinger, Hinterland Sanctifier, Qala, Ajani's Pridemate, Angel of Vitality, Revitalize"
Healers (3),Jumpstart,Other,J25,2024-11-07,9.32,"Righteous Valkyrie, Hinterland Sanctifier, Qala, Ajani's Pridemate, Angel of Vitality, Revitalize"
Healers (4),Jumpstart,Other,J25,2024-11-07,7.03,"Felidar Sovereign, Rhox Faithmender, Hinterland Sanctifier, Qala, Ajani's Pridemate, Angel of Vitality"
Healing,Jumpstart,Other,FDN,2024-11-15,4.22,"Twinblade Paladin, Ancestor Dragon, Dazzling Angel, Ajani's Pridemate, Hinterland Sanctifier"
Heavily Armored (1),Jumpstart,Other,JMP,2020-07-17,12.59,"Cathars' Crusade, Plains, Trusty Retriever, Basri's Solidarity, Feat of Resistance"
Heavily Armored (2),Jumpstart,Other,JMP,2020-07-17,12.16,"Cathars' Crusade, Plains, Trusty Retriever, Basri's Acolyte, Patron of the Valiant"
Heavily Armored (3),Jumpstart,Other,JMP,2020-07-17,4.17,"Mikaeus, the Lunarch, Plains, Supply Runners, Trusty Retriever, Basri's Solidarity"
Heavily Armored (4),Jumpstart,Other,JMP,2020-07-17,5.19,"Duelist's Heritage, Plains, Supply Runners, Trusty Retriever, Basri's Acolyte"
Heavy Duty,Theme Deck,Other,INV,2000-10-02,125.4,"Armadillo Cloak, Thicket Elemental, Crimson Acolyte, Noble Panther, Elfhame Palace"
Heavy Hitters,Theme Deck,Other,8ED,2003-07-28,37.25,"Wood Elves, Rampant Growth, Elvish Pioneer, Naturalize, Primeval Force"
Hei Bai (1),Jumpstart,Other,TLE,2025-11-20,5.96,"That's Rough Buddy, Plains, Aang, A Lot to Learn, Suki, Courageous Rescuer, Thriving Heath"
Hei Bai (2),Jumpstart,Other,TLE,2025-11-20,5.77,"That's Rough Buddy, Plains, Aang, A Lot to Learn, Suki, Courageous Rescuer, Thriving Heath"
Here Be Dragons,Secret Lair Drop,Other,SLD,2022-06-14,232.98,"Old Gnawbone, Tiamat, Ebondeath, Dracolich, Icingdeath, Frost Tyrant, Iymrith, Desert Doom"
Heroes,Duel Deck,Other,DDL,2013-09-06,10.29,"Pyrokinesis, Sun Titan, Plains, Winds of Rath, Plains"
Heroes (1),Jumpstart,Other,J25,2024-11-07,4.91,"Brigone, Soldier of Meletis, Chains of Custody, Thriving Heath, Favored Hoplite, Tethmos High Priest"
Heroes (2),Jumpstart,Other,J25,2024-11-07,4.82,"Brigone, Soldier of Meletis, Chains of Custody, Ojutai Exemplars, Thriving Heath, Favored Hoplite"
Hidden Pathways,Secret Lair Drop,Other,SLU,2021-05-07,79.97,"Riverglide Pathway // Lavaglide Pathway, Barkchannel Pathway // Tidechannel Pathway, Clearwater Pathway // Murkwater Pathway, Blightstep Pathway // Searstep Pathway, Darkbore Pathway // Slitherbore Pathway"
High Priest,Shandalar Enemy Deck,Other,PAST,1997-04-01,59.38,"Fellwar Stone, Armageddon, Savannah Lions, White Mana Battery, Balance"
High-Flying Valor,Arena Starter Deck,Other,LTR,2023-06-20,26.75,"Myrel, Shield of Argive, Rescue Retriever, Valiant Veteran, Siege Veteran, Elspeth's Smite"
Hit The Ground Running,Intro Pack,Other,M15,2014-07-18,19.55,"Stormtide Leviathan, Reclamation Sage, Illusory Angel, Satyr Wayfinder, Island"
Hold The Line,Event Deck,Other,ISD,2011-10-28,25.94,"Champion of the Parish, Honor of the Pure, Fiend Hunter, Bonds of Faith, Plains"
Holy 1,Jumpstart,Other,J22,2022-12-02,6.63,"Blessed Sanctuary, Angelic Cub, Chains of Custody, Emancipation Angel, Goldnight Commander"
Holy 2,Jumpstart,Other,J22,2022-12-02,17.4,"Starnheim Aspirant, Lyra Dawnbringer, Angelic Cub, Chains of Custody, Emancipation Angel"
Holy 3,Jumpstart,Other,J22,2022-12-02,6.77,"Valkyrie Harbinger, Planar Atlas, Chains of Custody, Dawn of Hope, Emancipation Angel"
Holy 4,Jumpstart,Other,J22,2022-12-02,7.58,"Righteous Valkyrie, Chains of Custody, Emancipation Angel, Thriving Heath, Attended Healer"
Hope's Crusaders,Theme Deck,Other,TSP,2006-10-06,24.8,"Pentarch Paladin, Benalish Cavalry, Sarpadian Empires, Vol. VII, Cloudchaser Kestrel, Celestial Crusader"
Horizon: Into the Forbidden West,Secret Lair Drop,Other,SLD,2025-11-06,46.98,"Blightsteel Colossus, Farseek, Aloy, Savior of Meridian, Tarrian's Soulcleaver, Meteor Golem"
Horizon: Into the Forbidden West Foil Edition,Secret Lair Drop,Other,SLD,2025-11-06,46.98,"Blightsteel Colossus, Farseek, Aloy, Savior of Meridian, Tarrian's Soulcleaver, Meteor Golem"
Horrific Visions,Intro Pack,Other,SOI,2016-04-08,14.37,"Crawling Sensation, Liliana's Indignation, Inexorable Blob, Forest, Swamp"
Hour of Devastation Foil Redemption,MTGO Redemption,Other,HOU,2017-08-13,353.13,"Torment of Hailfire, The Locust God, Obelisk Spider, Solemnity, Razaketh, the Foulblooded"
Hour of Devastation Redemption,MTGO Redemption,Other,HOU,2017-08-13,353.13,"Torment of Hailfire, The Locust God, Obelisk Spider, Solemnity, Razaketh, the Foulblooded"
House Dimir,Arena Starter Deck,Other,M20,2019-05-03,45.93,"Watery Grave, Doom Whisperer, Etrata, the Silencer, Thief of Sanity, Swamp"
House Dimir 1,Jumpstart,Other,CLU,2024-02-23,3.61,"Dimir Signet, Duskmantle Seer, Memory Vampire, Dimir Aqueduct, Forbidden Alchemy"
House Dimir 2,Jumpstart,Other,CLU,2024-02-23,3.37,"Dimir Strandcatcher, Thief of Sanity, Murder, Dimir Aqueduct, Mausoleum Turnkey"
"Huatli, Dinosaur Knight",Planeswalker Deck,Other,XLN,2017-09-29,19.92,"Huatli, Dinosaur Knight, Goring Ceratops, Kinjalli's Caller, Lightning Strike, Plains"
Humanity's Vengeance,Event Deck,Other,AVR,2012-05-25,242.22,"Mental Misstep, Phyrexian Metamorph, Tandem Lookout, Dismember, Porcelain Legionnaire"
Hunting (1),Jumpstart,Other,TLE,2025-11-20,7.19,"Desperate Plea, Swamp, Katara, Seeking Revenge, Thriving Moor, Diresight"
Hunting (2),Jumpstart,Other,TLE,2025-11-20,5.01,"Ruthless Waterbender, Swamp, Katara, Seeking Revenge, Thriving Moor, Diresight"
Hunting Pack,Intro Pack,Other,ORI,2015-07-17,24.12,"Managorger Hydra, Dwynen, Gilt-Leaf Daen, Shaman of the Pack, Dwynen's Elite, Skysnare Spider"
Icky (1),Jumpstart,Other,J25,2024-11-07,14.08,"Fumulus, the Infestation, Wriggling Grub, Go for the Throat, Devouring Swarm, Nantuko Husk"
Icky (2),Jumpstart,Other,J25,2024-11-07,14.51,"Fumulus, the Infestation, Wriggling Grub, Go for the Throat, Endless Cockroaches, Devouring Swarm"
If Looks Could Kill,Secret Lair Drop,Other,SLD,2022-12-05,53.87,"Liliana of the Dark Realms, Azami, Lady of Scrolls, Reflector Mage, Adaptive Automaton"
If Looks Could Kill Foil Edition,Secret Lair Drop,Other,SLD,2022-12-05,53.87,"Liliana of the Dark Realms, Azami, Lady of Scrolls, Reflector Mage, Adaptive Automaton"
Ignite the Forge,Arena Starter Deck,Other,SNC,2022-09-09,30.4,"Haunted Ridge, Professional Face-Breaker, Atsushi, the Blazing Sky, Blood Fountain, Big Score"
Ikoria: Lair of Behemoths Foil Redemption,MTGO Redemption,Other,IKO,2020-05-24,373.09,"The Ozolith, Zagoth Triome, Kinnan, Bonder Prodigy, Savai Triome, Indatha Triome"
Ikoria: Lair of Behemoths Redemption,MTGO Redemption,Other,IKO,2020-05-24,373.09,"The Ozolith, Zagoth Triome, Kinnan, Bonder Prodigy, Savai Triome, Indatha Triome"
Illusionary Might,Event Deck,Other,M12,2011-08-12,108.97,"Preordain, Phantasmal Image, Glimmerpost, Steel Hellkite, Lord of the Unreal"
Illusions,Jumpstart,Other,J25,2024-11-07,4.84,"Pol Jamaar, Illusionist, Lord of the Unreal, Murmuring Mystic, Oneirophage, Phantom Ninja"
Imaginary Friends,Secret Lair Drop,Other,SLD,2022-10-25,74.49,"Toothy, Imaginary Friend, The Gitrog Monster, Pir, Imaginative Rascal, Matter Reshaper"
Imaginary Friends Foil Edition,Secret Lair Drop,Other,SLD,2022-10-25,74.49,"Toothy, Imaginary Friend, The Gitrog Monster, Pir, Imaginative Rascal, Matter Reshaper"
Impaler,Theme Deck,Other,S99,1999-07-12,9.37,"Nature's Lore, Whirlwind, Renewing Touch, Pride of Lions, Thorn Elemental"
In Memoriam: Jaya Ballard,Secret Lair Drop,Other,SLD,2022-10-25,110.11,"Pyretic Ritual, Repercussion, Pyromancer's Goggles, Jaya's Immolating Inferno, Jaya Ballard"
In Memoriam: Jaya Ballard Foil Edition,Secret Lair Drop,Other,SLD,2022-10-25,110.11,"Pyretic Ritual, Repercussion, Pyromancer's Goggles, Jaya's Immolating Inferno, Jaya Ballard"
Infantry 1,Jumpstart,Other,BRO,2022-11-18,3.48,"Rescue Retriever, Recommission, Lay Down Arms, Recruitment Officer, Airlift Chaplain"
Infantry 2,Jumpstart,Other,BRO,2022-11-18,3.27,"Rescue Retriever, Lay Down Arms, Scrapwork Cohort, Yotian Frontliner, Veteran's Powerblade"
Infect & Defile,Event Deck,Other,MBS,2011-02-25,110.01,"Preordain, Plague Myr, Hand of the Praetors, Corrupted Conscience, Deprive"
Infernal Intervention,Intro Pack,Other,M15,2014-07-18,34.95,"Profane Memento, Typhoid Rats, Caustic Tar, Burning Anger, Lightning Strike"
Inferno,Jumpstart,Other,FDN,2024-11-15,5.14,"Terror of Mount Velus, Carnelian Orb of Dragonkind, Seize the Spoils, Firespitter Whelp, Mountain"
Infestation,Theme Deck,Other,7ED,2001-04-11,488.62,"Goblin King, Lightning Blast, Trained Orgg, Mountain, Shock"
Ingenious Machinists,Duel Deck,Other,DDU,2018-04-06,46.17,"Goblin Welder, Darksteel Plate, Great Furnace, Galvanic Blast, Etherium Sculptor"
Inked,Secret Lair Drop,Other,SLD,2026-05-29,71.47,"Crypt Ghast, Deathrite Shaman, Ice-Fang Coatl, Burnished Hart, Mulldrifter"
Inked Foil Edition,Secret Lair Drop,Other,SLD,2026-05-29,71.47,"Crypt Ghast, Deathrite Shaman, Ice-Fang Coatl, Burnished Hart, Mulldrifter"
Innistrad Foil Redemption,MTGO Redemption,Other,ISD,2011-10-30,839.27,"Liliana of the Veil, Snapcaster Mage, Parallel Lives, Moonmist, Army of the Damned"
Innistrad Redemption,MTGO Redemption,Other,ISD,2011-10-30,839.27,"Liliana of the Veil, Snapcaster Mage, Parallel Lives, Moonmist, Army of the Damned"
Innistrad: Crimson Vow Foil Redemption,MTGO Redemption,Other,VOW,2021-12-19,239.78,"Toxrill, the Corrosive, Hallowed Haunting, Deathcap Glade, Kessig Flamebreather, Hullbreaker Horror"
Innistrad: Crimson Vow Redemption,MTGO Redemption,Other,VOW,2021-12-19,239.78,"Toxrill, the Corrosive, Hallowed Haunting, Deathcap Glade, Kessig Flamebreather, Hullbreaker Horror"
Innistrad: Crimson Vow Welcome Booster,Welcome Booster,Other,VOW,2021-11-19,5.65,"Sorin, Vengeful Bloodlord, Niv-Mizzet, the Firemind, Thirst for Discovery, Voldaren Epicure, Commander's Sphere"
Innistrad: Midnight Hunt Foil Redemption,MTGO Redemption,Other,MID,2021-10-24,206.92,"The Meathook Massacre, Haunted Ridge, Jadar, Ghoulcaller of Nephalia, Shipwreck Marsh, Deserted Beach"
Innistrad: Midnight Hunt Redemption,MTGO Redemption,Other,MID,2021-10-24,206.92,"The Meathook Massacre, Haunted Ridge, Jadar, Ghoulcaller of Nephalia, Shipwreck Marsh, Deserted Beach"
Innistrad: Midnight Hunt Welcome Booster,Welcome Booster,Other,MID,2021-09-24,3.23,"Rally the Ranks, Triskaidekaphobia, Arlinn, Voice of the Pack, Bladestitched Skaab, Commander's Sphere"
Insanity,Theme Deck,Other,TOR,2002-02-08,252.0,"Arrogant Wurm, Putrid Imp, Basking Rootwalla, Tainted Wood, Forest"
Insatiable Hunger,Intro Pack,Other,BNG,2014-02-07,27.45,"Searing Blood, Mistcutter Hydra, Voyaging Satyr, Forest, Ordeal of Nylea"
Insects 1,Jumpstart,Other,J22,2022-12-02,2.4,"Caustic Caterpillar, Duskshell Crawler, Iridescent Hornbeetle, Crawling Sensation, Thriving Grove"
Insects 2,Jumpstart,Other,J22,2022-12-02,34.55,"Zask, Skittering Swarmlord, Circuit Mender, Caustic Caterpillar, Kraul Harpooner, Crawling Sensation"
Insects 3,Jumpstart,Other,J22,2022-12-02,2.4,"Caustic Caterpillar, Phantom Nantuko, Iridescent Hornbeetle, Deadbridge Goliath, Crawling Sensation"
Insects 4,Jumpstart,Other,J22,2022-12-02,34.22,"Zask, Skittering Swarmlord, Caustic Caterpillar, Rampaging Growth, Crawling Sensation, Thriving Grove"
Inspiration-Struck,Intro Pack,Other,BNG,2014-02-07,32.05,"Retraction Helix, Springleaf Drum, Curse of the Swine, Siren of the Silent Song, Island"
Inspiring Heroics,Event Deck,Other,THS,2013-10-18,40.09,"Hallowed Fountain, Imposing Sovereign, Frontline Medic, Dryad Militant, Detention Sphere"
Insurgent (1),Jumpstart,Other,TLE,2025-11-20,6.65,"Tale of Momo, Momo, Rambunctious Rascal, Plains, Thriving Heath, Invasion Reinforcements"
Insurgent (2),Jumpstart,Other,TLE,2025-11-20,12.27,"Duelist's Heritage, That's Rough Buddy, Momo, Rambunctious Rascal, Plains, Hakoda, Selfless Commander"
International Women's Day 2020,Secret Lair Drop,Other,SLD,2020-03-08,100.5,"Meren of Clan Nel Toth, Oona, Queen of the Fae, Captain Sisay, Narset, Enlightened Master, Saskia the Unyielding"
Intl. Collectors' Edition,Box Set,Other,CEI,1993-12-10,6381.25,"Mox Jet, Mox Ruby, Time Walk, Underground Sea, Tundra"
Into the Breach,Event Deck,Other,MBS,2011-02-25,90.46,"Galvanic Blast, Memnite, Goblin Bushwhacker, Kuldotha Rebirth, Signal Pest"
Introducing: Kaito Shizuki,Secret Lair Drop,Other,SLD,2022-07-22,80.66,"Snap, Brain Freeze, Bribery, Unmask, Shadow of Doubt"
Introducing: Kaito Shizuki Foil Edition,Secret Lair Drop,Other,SLD,2022-07-22,80.66,"Snap, Brain Freeze, Bribery, Unmask, Shadow of Doubt"
Inundation,Theme Deck,Other,JUD,2002-05-27,255.52,"Commander Eesha, Battle Screech, Prismatic Strands, Tireless Tribe, Unquestioned Authority"
Invading Spawn,Intro Pack,Other,ROE,2010-04-23,90.53,"Pawn of Ulamog, Lightning Bolt, Emrakul's Hatcher, Hand of Emrakul, Bloodthrone Vampire"
Invasion Foil Redemption,MTGO Redemption,Other,INV,2000-11-01,5214.91,"Phyrexian Altar, Reya Dawnbringer, Captain Sisay, Tsabo's Web, Coalition Victory"
Invasion Redemption,MTGO Redemption,Other,INV,2000-11-01,5214.91,"Phyrexian Altar, Reya Dawnbringer, Captain Sisay, Tsabo's Web, Coalition Victory"
Inventive (1),Jumpstart,Other,J25,2024-11-07,4.96,"Seat of the Synod, Ornithopter of Paradise, Sai, Master Thopterist, Blink of an Eye, Gilded Scuttler"
Inventive (2),Jumpstart,Other,J25,2024-11-07,4.95,"Seat of the Synod, Ornithopter of Paradise, Sai, Master Thopterist, Fireshrieker, Gilded Scuttler"
Inventive (3),Jumpstart,Other,J25,2024-11-07,8.36,"Thoughtcast, Padeem, Consul of Innovation, Seat of the Synod, Ornithopter of Paradise, Thought Monitor"
Inventive (4),Jumpstart,Other,J25,2024-11-07,5.85,"Padeem, Consul of Innovation, Seat of the Synod, Ornithopter of Paradise, Guardian Idol, Blink of an Eye"
Inventive 1,Jumpstart,Other,J22,2022-12-02,11.92,"Tezzeret, Artifice Master, Seat of the Synod, Planar Atlas, Aether Spellbomb, Whirler Rogue"
Inventive 2,Jumpstart,Other,J22,2022-12-02,6.74,"Seat of the Synod, Hangarback Walker, Whirler Rogue, Aeronaut Tinkerer, Launch Mishap"
Inventive 3,Jumpstart,Other,J22,2022-12-02,7.14,"Seat of the Synod, Steel Overseer, Thopter Spy Network, Aether Spellbomb, Whirler Rogue"
Inventive 4,Jumpstart,Other,J22,2022-12-02,6.13,"Seat of the Synod, Solemn Simulacrum, Aether Spellbomb, Whirler Rogue, Launch Mishap"
Iroh,Jumpstart,Other,TLE,2025-11-20,15.92,"Bolt Bend, Iroh, Dragon of the West, Zuko, Seeking Honor, Fiery Confluence, Mountain"
Iron Maiden: Album Art,Secret Lair Drop,Other,SLD,2025-10-27,92.67,"Animate Dead, Unearth, Grave Titan, Temporal Trespass, Lethal Scheme"
Iron Maiden: Album Art Foil Edition,Secret Lair Drop,Other,SLD,2025-10-27,92.67,"Animate Dead, Unearth, Grave Titan, Temporal Trespass, Lethal Scheme"
Iron Maiden: Eddie Unchained,Secret Lair Drop,Other,SLD,2025-10-27,152.01,"Bruvac the Grandiloquent, Nekusar, the Mindrazer, Mindcrank, Windfall, Captain N'ghathrod"
Iron Maiden: Eddie Unchained Foil Edition,Secret Lair Drop,Other,SLD,2025-10-27,152.01,"Bruvac the Grandiloquent, Nekusar, the Mindrazer, Mindcrank, Windfall, Captain N'ghathrod"
Ivory Doom,Theme Deck,Other,ONS,2002-10-07,206.98,"Smother, Astral Slide, Starlit Sanctum, Barren Moor, Swamp"
Ixalan Foil Redemption,MTGO Redemption,Other,XLN,2017-10-29,422.81,"Gishath, Sun's Avatar, Revel in Riches, Herald of Secret Streams, Vanquisher's Banner, Primal Amulet // Primal Wellspring"
Ixalan Redemption,MTGO Redemption,Other,XLN,2017-10-29,422.81,"Gishath, Sun's Avatar, Revel in Riches, Herald of Secret Streams, Vanquisher's Banner, Primal Amulet // Primal Wellspring"
Ixidor's Legacy,Theme Deck,Other,PLC,2007-02-02,73.97,"Pongify, Desert, Piracy Charm, Riptide Pilferer, Aeon Chronicler"
Izzet,Guild Kit,Other,GK1,2018-11-02,26.12,"Electrostatic Field, Niv-Mizzet, the Firemind, Quasiduplicate, Shattering Spree, Stitch in Time"
Izzet Gizmometry,Theme Deck,Other,GPT,2006-02-03,60.74,"Gelectrode, Izzet Boilerworks, Repeal, Telling Time, Tibor and Lumia"
Izzet Ingenuity,Intro Pack,Other,RTR,2012-10-05,33.39,"Electrickery, Blustersquall, Krenko's Command, Mizzium Mortars, Guttersnipe"
Izzet League,Arena Starter Deck,Other,M20,2019-05-03,54.29,"Steam Vents, Niv-Mizzet, Parun, Electrostatic Field, Runaway Steam-Kin, Murmuring Mystic"
Izzet League 1,Jumpstart,Other,CLU,2024-02-23,7.84,"Stunt Double, Consider, Resonance Technician, Ecstatic Electromancer, Izzet Boilerworks"
Izzet League 2,Jumpstart,Other,CLU,2024-02-23,24.85,"Corporeal Projection, Lightning Bolt, Izzet Signet, Ecstatic Electromancer, Goblin Wizardry"
Izzet Phoenix,Pioneer Challenger Deck,Other,Q08,2022-11-04,40.06,"Steam Vents, Treasure Cruise, Arclight Phoenix, Fiery Impulse, Pieces of the Puzzle"
Izzet Spellweaving,Arena Starter Deck,Other,DOM,2018-03-22,44.42,"Primal Amulet // Primal Wellspring, Spell Swindle, Star of Extinction, Field of Ruin, Censor"
Jace,Duel Deck,Other,JVC,2014-12-05,26.23,"Counterspell, Terrain Generator, Gush, Ancestral Vision, Jace Beleren"
Jace Japanese,Duel Deck,Other,DD2,2008-11-07,24.88,"Counterspell, Terrain Generator, Ancestral Vision, Daze, Gush"
"Jace, Arcane Strategist",Planeswalker Deck,Other,WAR,2019-05-03,24.2,"Spark Double, Kiora, Behemoth Beckoner, Merfolk Skydiver, Jace, Arcane Strategist, Guildpact Informant"
"Jace, Ingenious Mind Mage",Planeswalker Deck,Other,XLN,2017-09-29,36.21,"Herald of Secret Streams, Tempest Caller, Fleet Swallower, Island, Jace, Ingenious Mind-Mage"
Jakub Šlemr - Mono-Black Control,World Championship Deck,Other,WC99,1999-08-04,215.61,"Vampiric Tutor, Volrath's Stronghold, Yawgmoth's Will, Powder Keg, Wasteland"
Jakub Šlemr - Prismatic Black Aggro,World Championship Deck,Other,WC97,1997-08-13,35.16,"City of Brass, Undiscovered Paradise, Gemstone Mine, Sulfurous Springs, Underground River"
Jan Tomcani - Dark Fires,World Championship Deck,Other,WC01,2001-08-08,135.19,"Llanowar Wastes, City of Brass, Rishadan Port, Forest, Birds of Paradise"
Janosch Kühn - Angry Non-Hermit,World Championship Deck,Other,WC00,2000-08-02,56.04,"Dust Bowl, Rishadan Port, Birds of Paradise, Priest of Titania, Karplusan Forest"
Janosch Kühn - Red-White-Blue Speed Control,World Championship Deck,Other,WC97,1997-08-13,90.35,"Force of Will, City of Brass, Thawing Glaciers, Swords to Plowshares, Undiscovered Paradise"
Jaws: Terror of Amity Island,Secret Lair Drop,Other,SLD,2025-10-27,198.06,"Jaws, Relentless Predator, Descent into Avernus, Sneak Attack, Reckless Endeavor, Abrade"
Jaws: Terror of Amity Island Foil Edition,Secret Lair Drop,Other,SLD,2025-10-27,198.06,"Jaws, Relentless Predator, Descent into Avernus, Sneak Attack, Reckless Endeavor, Abrade"
Jeskai Monks,Intro Pack,Other,KTK,2014-09-26,27.24,"Monastery Swiftspear, Mystic Monastery, Void Snare, Mountain, Plains"
Jiang Yanggu,Planeswalker Deck,Other,GS1,2018-06-22,5.42,"Jiang Yanggu, Forest, Mountain, Screeching Phoenix, Journey for the Elixir"
Jon Finkel - Mono-Blue Tinker,World Championship Deck,Other,WC00,2000-08-02,96.71,"Grim Monolith, Metalworker, Rishadan Port, Tangle Wire, Masticore"
Journey 1,Jumpstart,Other,LTR,2023-06-23,9.67,"Elanor Gardner, Mirkwood Spider, Revive the Shire, Meriadoc Brandybuck, Quickbeam, Upstart Ent"
Journey 2,Jumpstart,Other,LTR,2023-06-23,10.81,"Elanor Gardner, Peregrin Took, Revive the Shire, Meriadoc Brandybuck, Stew the Coneys"
Journey into Nyx Foil Redemption,MTGO Redemption,Other,JOU,2014-06-01,516.5,"Mana Confluence, Sage of Hours, Athreos, God of Passage, Iroas, God of Victory, Dictate of Erebos"
Journey into Nyx Redemption,MTGO Redemption,Other,JOU,2014-06-01,516.5,"Mana Confluence, Sage of Hours, Athreos, God of Passage, Iroas, God of Victory, Dictate of Erebos"
Judgment Foil Redemption,MTGO Redemption,Other,JUD,2002-06-26,3091.72,"Sylvan Safekeeper, Cabal Therapy, Seedtime, Mirari's Wake, Anger"
Judgment Redemption,MTGO Redemption,Other,JUD,2002-06-26,3091.72,"Sylvan Safekeeper, Cabal Therapy, Seedtime, Mirari's Wake, Anger"
Julien Nuijten - Green-White Astral Slide,World Championship Deck,Other,WC04,2004-09-01,26.35,"Windswept Heath, Plains, Wrath of God, Plains, Plains"
Jund Appetite for War,Intro Pack,Other,CON,2009-02-06,45.63,"Terramorphic Expanse, Swamp, Voracious Dragon, Forest, Forest"
Jungle Jam,MTGO Theme Deck,Other,MIR,2006-12-05,44.04,"Worldly Tutor, Zuberi, Golden Feather, Mountain Valley, Forest, Plains"
Jungle Secrets,Arena Starter Deck,Other,M19,2018-09-27,45.26,"Herald of Secret Streams, Kumena, Tyrant of Orazca, Tempest Caller, Merfolk Mistbinder, Hinterland Harbor"
Jurassic World: Dr. Ian Malcolm,Secret Lair Drop,Other,SLD,2023-12-05,87.7,"Atla Palani, Nest Tender, Tasigur, the Golden Fang, Tasha's Hideous Laughter, Laboratory Maniac"
Jurassic World: Dr. Ian Malcolm Foil Edition,Secret Lair Drop,Other,SLD,2023-12-05,95.88,"Atla Palani, Nest Tender, Tasigur, the Golden Fang, Tasha's Hideous Laughter, Laboratory Maniac"
Jurassic World: Life Breaks Free,Secret Lair Drop,Other,SLD,2023-12-05,194.03,"Etali, Primal Storm, Regisaur Alpha, Polyraptor, Rampaging Ferocidon, Wayward Swordtooth"
Jurassic World: Life Breaks Free Foil Edition,Secret Lair Drop,Other,SLD,2023-12-05,218.58,"Etali, Primal Storm, Polyraptor, Regisaur Alpha, Wayward Swordtooth, Rampaging Ferocidon"
Just Add Milk,Secret Lair Drop,Other,SLD,2022-12-19,57.63,"Ulamog, the Ceaseless Hunger // Ulamog, the Ceaseless Hunger, Ghalta, Primal Hunger // Ghalta, Primal Hunger, Etali, Primal Storm // Etali, Primal Storm"
Just Add Milk Foil Edition,Secret Lair Drop,Other,SLD,2022-12-19,57.63,"Ulamog, the Ceaseless Hunger // Ulamog, the Ceaseless Hunger, Ghalta, Primal Hunger // Ghalta, Primal Hunger, Etali, Primal Storm // Etali, Primal Storm"
Just Add Milk: Second Helpings,Secret Lair Drop,Other,SLD,2024-02-23,64.93,"Sakashima of a Thousand Faces // Sakashima of a Thousand Faces, Adrix and Nev, Twincasters // Adrix and Nev, Twincasters, Krark, the Thumbless // Krark, the Thumbless, Yargle, Glutton of Urborg // Yargle, Glutton of Urborg"
Just Add Milk: Second Helpings Foil Edition,Secret Lair Drop,Other,SLD,2024-02-23,64.93,"Sakashima of a Thousand Faces // Sakashima of a Thousand Faces, Adrix and Nev, Twincasters // Adrix and Nev, Twincasters, Krark, the Thumbless // Krark, the Thumbless, Yargle, Glutton of Urborg // Yargle, Glutton of Urborg"
Just Some Totally Normal Guys,Secret Lair Drop,Other,SLD,2022-08-05,52.24,"Void Winnower, Collector Ouphe, Vengevine, Goblin Settler"
Just Some Totally Normal Guys Foil Edition,Secret Lair Drop,Other,SLD,2022-08-05,52.24,"Void Winnower, Collector Ouphe, Vengevine, Goblin Settler"
KEXP: Where the Music Matters,Secret Lair Drop,Other,SLD,2025-05-13,16.46,"Swamp, Forest, Mountain, Island, Plains"
KEXP: Where the Music Matters Foil Edition,Secret Lair Drop,Other,SLD,2025-05-13,16.46,"Swamp, Forest, Mountain, Island, Plains"
KEXP: You Are Not Alone,Secret Lair Drop,Other,SLD,2025-05-13,47.73,"Concordant Crossroads, Font of Mythos, Rites of Flourishing, Cultural Exchange, Folio of Fancies"
KEXP: You Are Not Alone Foil Edition,Secret Lair Drop,Other,SLD,2025-05-13,47.73,"Concordant Crossroads, Font of Mythos, Rites of Flourishing, Cultural Exchange, Folio of Fancies"
Kai Budde - Red-Artifact Wildfire,World Championship Deck,Other,WC99,1999-08-04,155.23,"Ancient Tomb, City of Traitors, Grim Monolith, Cursed Scroll, Karn, Silver Golem"
Kaladesh Foil Redemption,MTGO Redemption,Other,KLD,2016-10-30,352.23,"Aetherflux Reservoir, Inventors' Fair, Saheeli Rai, Noxious Gearhulk, Authority of the Consuls"
Kaladesh Redemption,MTGO Redemption,Other,KLD,2016-10-30,352.23,"Aetherflux Reservoir, Inventors' Fair, Saheeli Rai, Noxious Gearhulk, Authority of the Consuls"
Kaldheim Foil Redemption,MTGO Redemption,Other,KHM,2021-03-07,430.1,"Vorinclex, Monstrous Raider, Birgi, God of Storytelling // Harnfel, Horn of Bounty, Halvar, God of Battle // Sword of the Realms, Esika, God of the Tree // The Prismatic Bridge, Tergrid, God of Fright // Tergrid's Lantern"
Kaldheim Redemption,MTGO Redemption,Other,KHM,2021-03-07,430.1,"Vorinclex, Monstrous Raider, Birgi, God of Storytelling // Harnfel, Horn of Bounty, Halvar, God of Battle // Sword of the Realms, Esika, God of the Tree // The Prismatic Bridge, Tergrid, God of Fright // Tergrid's Lantern"
Kaleidoscope Killers,Secret Lair Drop,Other,SLD,2019-12-08,115.52,"The Ur-Dragon, Sliver Overlord, Reaper King"
Kamahl's Temper,Theme Deck,Other,10E,2007-07-13,16.02,"Mountain, Dragon's Claw, Threaten, Incinerate, Raging Goblin"
Kami Reborn,Theme Deck,Other,CHK,2004-10-01,115.59,"Honden of Night's Reach, Honden of Life's Web, Kodama's Reach, Iname, Death Aspect, Long-Forgotten Gohei"
Kamigawa Ink,Secret Lair Drop,Other,SLD,2021-12-13,90.44,"Michiko Konda, Truth Seeker, Reki, the History of Kamigawa, Kami of the Crescent Moon, Heartless Hidetsugu, Toshiro Umezawa"
Kamigawa Ink Foil Edition,Secret Lair Drop,Other,SLD,2021-12-13,90.44,"Michiko Konda, Truth Seeker, Reki, the History of Kamigawa, Kami of the Crescent Moon, Heartless Hidetsugu, Toshiro Umezawa"
Kamigawa: Neon Dynasty Foil Redemption,MTGO Redemption,Other,NEO,2022-03-20,371.57,"Boseiju, Who Endures, Otawara, Soaring City, Kodama of the West Tree, Takenuma, Abandoned Mire, Light-Paws, Emperor's Voice"
Kamigawa: Neon Dynasty Redemption,MTGO Redemption,Other,NEO,2022-03-20,371.57,"Boseiju, Who Endures, Otawara, Soaring City, Kodama of the West Tree, Takenuma, Abandoned Mire, Light-Paws, Emperor's Voice"
Kamigawa: Neon Dynasty Welcome Booster,Welcome Booster,Other,NEO,2022-02-18,6.19,"Jugan, the Rising Star, Tamiyo, Collector of Tales, Archon of Sun's Grace, Spirited Companion, Commander's Sphere"
Kamigawa: the Manga: the Cards,Secret Lair Drop,Other,SLD,2022-07-22,111.55,"Veil of Summer, Swords to Plowshares, Idyllic Tutor, Praetor's Grasp, Solve the Equation"
Kamigawa: the Manga: the Cards Foil Edition,Secret Lair Drop,Other,SLD,2022-07-22,111.55,"Veil of Summer, Swords to Plowshares, Idyllic Tutor, Praetor's Grasp, Solve the Equation"
Katara,Jumpstart,Other,TLE,2025-11-20,18.54,"Katara, Waterbending Master, Consider, Gran-Gran, Sokka's Haiku, Octopus Form"
Kazz's First Deck,Intro Pack,Other,RQS,1996-06-10,0.0,"Island, Island, Mountain, Mountain, Mountain"
Kazz's Second Deck,Intro Pack,Other,RQS,1996-06-10,0.0,"Island, Island, Mountain, Mountain, Mountain"
"Keep Partying Hard, Shred Harder Than You Previously Thought Possible",Secret Lair Drop,Other,SLD,2023-09-15,105.57,"Jeska, Thrice Reborn, Tevesh Szat, Doom of Fools, Vial Smasher the Fierce, Godo, Bandit Warlord"
"Keep Partying Hard, Shred Harder Than You Previously Thought Possible Foil Edition",Secret Lair Drop,Other,SLD,2023-09-15,105.57,"Jeska, Thrice Reborn, Tevesh Szat, Doom of Fools, Vial Smasher the Fierce, Godo, Bandit Warlord"
Keep the Peace,Arena Starter Deck,Other,ANB,2020-08-13,0.0,"Charmed Stray, Fencing Ace, Hallowed Priest, Impassioned Orator, Moorland Inquisitor"
Khans of Tarkir Foil Redemption,MTGO Redemption,Other,KTK,2014-10-26,467.9,"Wooded Foothills, Bloodstained Mire, Polluted Delta, Windswept Heath, Flooded Strand"
Khans of Tarkir Redemption,MTGO Redemption,Other,KTK,2014-10-26,467.9,"Wooded Foothills, Bloodstained Mire, Polluted Delta, Windswept Heath, Flooded Strand"
Kiora,Duel Deck,Other,DDO,2015-02-27,8.89,"Kiora, the Crashing Wave, Whelming Wave, Scourge of Fleets, Inkwell Leviathan, Aetherize"
Kiska-Ra,Shandalar Enemy Deck,Other,PAST,1997-04-01,14983.3,"Timetwister, Mox Emerald, Time Walk, Mox Pearl, Desert Twister"
Kithkin Militia,Theme Deck,Other,LRW,2007-10-12,94.78,"Brigid, Hero of Kinsbaile, Shields of Velis Vel, Goldmeadow Harrier, Crib Swap, Kithkin Harbinger"
Kjeldoran Cunning,Theme Deck,Other,CSP,2006-07-21,96.25,"Darien, King of Kjeldor, Field Marshal, Boreal Shelf, Jötun Grunt, Swords to Plowshares"
Knights,Jumpstart,Other,J22,2022-12-02,19.95,"Balan, Wandering Knight, The Circle of Loyalty, Danitha Capashen, Paragon, Chains of Custody, Hero's Blade"
Kor Armory,Intro Pack,Other,ZEN,2009-10-02,20.29,"Kor Skyfisher, Explorer's Scope, Kabira Crossroads, Kor Cartographer, Conqueror's Pledge"
Koth,Duel Deck,Other,DDI,2012-03-30,9.62,"Anger, Koth of the Hammer, Searing Blaze, Mountain, Aether Membrane"
Kyoshi,Jumpstart,Other,TLE,2025-11-20,38.27,"Avatar Kyoshi, Earthbender, Cracked Earth Technique, Tectonic Split, Elephant-Mandrill, Kyoshi Warrior Exemplars"
Kzzy'n - The Dragon Lord,Shandalar Enemy Deck,Other,PAST,1997-04-01,371.24,"Mountain, Ivory Tower, Birds of Paradise, Shivan Dragon, Winds of Change"
Landfall (1),Jumpstart,Other,J25,2024-11-07,9.22,"Lotus Cobra, Undergrowth Champion, Sutina, Speaker of the Tajuru, Baloth Woodcrasher, Harrow"
Landfall (2),Jumpstart,Other,J25,2024-11-07,16.8,"Ancient Greenwarden, Sutina, Speaker of the Tajuru, Territorial Scythecat, Evolving Wilds, Retreat to Kazandu"
Landfall (3),Jumpstart,Other,J25,2024-11-07,31.85,"Scythecat Cub, Sutina, Speaker of the Tajuru, Harrow, Territorial Scythecat, Cliffhaven Kitesail"
Landfall (4),Jumpstart,Other,J25,2024-11-07,32.29,"Scythecat Cub, Sutina, Speaker of the Tajuru, Baloth Woodcrasher, Harrow, Skyclave Pick-Axe"
Landfall 1,Jumpstart,Other,J22,2022-12-02,7.31,"Courser of Kruphix, Zendikar's Roil, Primeval Herald, Rampaging Baloths, Khalni Heart Expedition"
Landfall 2,Jumpstart,Other,J22,2022-12-02,7.07,"Broken Bond, Avenger of Zendikar, Primeval Herald, Khalni Heart Expedition, Groundswell"
Lands (1),Jumpstart,Other,JMP,2020-07-17,5.63,"Cultivate, Zendikar's Roil, Ulvenwald Hydra, Feral Hydra, Forest"
Lands (2),Jumpstart,Other,JMP,2020-07-17,9.8,"Oracle of Mul Daya, Cultivate, Sporemound, Feral Hydra, Forest"
Landslide Charge,Event Deck,Other,DTK,2015-03-27,55.43,"Stubborn Denial, Mistcutter Hydra, Elvish Mystic, Thunderbreak Regent, Frontier Bivouac"
Large and in Charge,Arena Starter Deck,Other,ANB,2020-08-13,0.0,"Jungle Delver, Ilysian Caryatid, Woodland Mystic, Wildwood Patrol, Baloth Packhunter"
Law 1,Jumpstart,Other,J22,2022-12-02,2.09,"Archon of Justice, Skyhunter Patrol, Thriving Heath, Kami of Ancient Law, Plains"
Law 2,Jumpstart,Other,J22,2022-12-02,3.63,"Unquestioned Authority, Skyhunter Patrol, Decree of Justice, Thriving Heath, Kami of Ancient Law"
Law 3,Jumpstart,Other,J22,2022-12-02,4.05,"Unquestioned Authority, Gideon, Champion of Justice, Skyhunter Patrol, Angelic Edict, Thriving Heath"
Law 4,Jumpstart,Other,J22,2022-12-02,12.51,"Michiko Konda, Truth Seeker, Isamaru, Hound of Konda, Murder Investigation, Skyhunter Patrol, Edifice of Authority"
Learning (1),Jumpstart,Other,TLE,2025-11-20,12.17,"Cracked Earth Technique, Crystalline Armor, Shared Roots, Forest, Origin of Metalbending"
Learning (2),Jumpstart,Other,TLE,2025-11-20,11.38,"Cracked Earth Technique, Master's Guidance, Forest, The Art of Tea, Aang, A Lot to Learn"
Legendary Flyers (Not That Kind),Secret Lair Drop,Other,SLD,2023-05-05,104.02,"Phage the Untouchable, Sen Triplets, Alela, Artful Provocateur, Yisan, the Wanderer Bard"
Legion (1),Jumpstart,Other,JMP,2020-07-17,8.8,"Blessed Sanctuary, Path to Exile, Selfless Savior, Plains, Legion's Judgment"
Legion (2),Jumpstart,Other,JMP,2020-07-17,4.48,"Glorious Anthem, Plains, Legion's Judgment, Release the Dogs, Plains"
Legion (3),Jumpstart,Other,JMP,2020-07-17,4.41,"Glorious Anthem, Plains, Legion's Judgment, Release the Dogs, Plains"
Legion (4),Jumpstart,Other,JMP,2020-07-17,5.15,"Selfless Savior, Plains, Legion's Judgment, Lena, Selfless Champion, Mentor of the Meek"
Legion Aloft,Intro Pack,Other,ARB,2009-04-30,92.76,"Whispersilk Cloak, Etherium Sculptor, Plains, Path to Exile, Island"
Legion of Dusk,Theme Deck,Other,E02,2017-11-24,48.05,"Beacon of Immortality, Vanquisher's Banner, Shielded by Faith, Day of Judgment, Bloodcrazed Paladin"
Legion of Glory,MTGO Theme Deck,Other,VIS,2006-04-10,14.43,"Retribution of the Meek, Plains, Zhalfirin Crusader, Plains, Plains"
Legions Foil Redemption,MTGO Redemption,Other,LGN,2003-03-05,2101.46,"Seedborn Muse, Akroma, Angel of Wrath, Graveborn Muse, Phage the Untouchable, Synapse Sliver"
Legions Redemption,MTGO Redemption,Other,LGN,2003-03-05,2101.46,"Seedborn Muse, Akroma, Angel of Wrath, Graveborn Muse, Phage the Untouchable, Synapse Sliver"
Legions of Phyrexia,Arena Starter Deck,Other,LTR,2023-06-20,16.27,"Phyrexian Arena, Gix, Yawgmoth Praetor, Essence of Orthodoxy, Caves of Koilos, Grafted Butcher"
"Leon Lindback, Semifinalist",Pro Tour Deck,Other,PTC,1996-05-01,96.21,"Dance of the Dead, Necropotence, Strip Mine, Hypnotic Specter, Zuran Orb"
Leonardo,Theme Deck,Other,TMT,2026-03-06,8.55,"Splinter, Aging Champion, Splinter & Leo, Father & Son, Leonardo, Worldly Warrior, Leo's Guidance, Triceraton Regenta"
Lessons (1),Jumpstart,Other,TLE,2025-11-20,10.14,"Whirlwind Technique, Chakra Meditation, Boomerang Basics, Katara, Seeking Revenge, Accumulate Wisdom"
Lessons (2),Jumpstart,Other,TLE,2025-11-20,8.65,"Whirlwind Technique, Chakra Meditation, Katara, Seeking Revenge, Accumulate Wisdom, Gran-Gran"
Levelers Scorn,Intro Pack,Other,ROE,2010-04-23,40.95,"Telepathy, Island, Swamp, Island, Echo Mage"
Levelers' Glory,Intro Pack,Other,ROE,2010-04-23,33.18,"Island, Plains, Island, Sleep, Student of Warfare"
Li'l Giri Saves the Day,Secret Lair Drop,Other,SLD,2022-08-11,66.47,"Curiosity, Last Chance, Vandalblast, Peek, Greed"
Li'l Walkers,Secret Lair Drop,Other,SLD,2022-07-22,50.35,"Ashiok, Dream Render, Tamiyo, the Moon Sage, Sorin, Grim Nemesis, Ajani, Mentor of Heroes, Angrath, the Flame-Chained"
Li'l Walkers Foil Edition,Secret Lair Drop,Other,SLD,2022-07-22,50.35,"Ashiok, Dream Render, Tamiyo, the Moon Sage, Sorin, Grim Nemesis, Ajani, Mentor of Heroes, Angrath, the Flame-Chained"
Li'l'ler Walkers,Secret Lair Drop,Other,SLD,2022-11-14,58.17,"Narset, Parter of Veils, Elspeth, Sun's Champion, Garruk Wildspeaker, Saheeli, Sublime Artificer, Sarkhan Vol"
Li'l'ler Walkers Foil Edition,Secret Lair Drop,Other,SLD,2022-11-14,58.17,"Narset, Parter of Veils, Elspeth, Sun's Champion, Garruk Wildspeaker, Saheeli, Sublime Artificer, Sarkhan Vol"
Librarian,Jumpstart,Other,TLE,2025-11-20,8.38,"Brainstorm, Wan Shi Tong, All-Knowing, Dutiful Knowledge Seeker, Accumulate Wisdom, Octopus Form"
Library Depletion,Deck Builder's Toolkit,Other,MBS,2011-03-11,45.45,"Hedron Crab, Jace's Erasure, Call to Mind, Guard Gomazoa, Sea Gate Oracle"
Life Boost,Theme Deck,Other,8ED,2003-07-28,29.73,"Glorious Anthem, Angel of Mercy, Spirit Link, Plains, Plains"
Life Drain,Theme Deck,Other,EVE,2008-07-25,182.73,"Batwing Brume, Rite of Consumption, Divinity of Pride, Swamp, Resplendent Mentor"
Life Skills,Arena Starter Deck,Other,M21,2021-07-03,76.52,"Shadowspear, Vito, Thorn of the Dusk Rose, Baneslayer Angel, Indulging Patrician, Silversmote Ghoul"
Life for Death,Intro Pack,Other,NPH,2011-05-13,120.49,"Gut Shot, Mountain, Marrow Shards, Shattered Angel, Phyrexian Rebirth"
Lifegain,Theme Deck,Other,SOS,2026-04-24,15.44,"Haliya, Guided by Light, Starscape Cleric, Essence Channeler, Nowhere to Run, Requiting Hex"
Lifeline,Arena Starter Deck,Other,AFR,2021-09-24,21.46,"Righteous Valkyrie, Branchloft Pathway // Boulderloft Pathway, Valkyrie Harbinger, Cleric Class, Icingdeath, Frost Tyrant"
Liftoff,Theme Deck,Other,ODY,2001-10-01,146.87,"Peek, Plains, Mystic Crusader, Skycloud Egg, Millikin"
Lightforce,Intro Pack,Other,M14,2013-07-19,36.04,"Elixir of Immortality, Angelic Accord, Indestructibility, Brave the Elements, Banisher Priest"
Lightning (1),Jumpstart,Other,JMP,2020-07-17,4.86,"Lightning Bolt, Mountain, Lightning Phoenix, Thriving Bluff, Mountain"
Lightning (2),Jumpstart,Other,JMP,2020-07-17,3.04,"Ball Lightning, Chain Lightning, Mountain, Lightning Phoenix, Thriving Bluff"
Lightning Aggro,Challenger Deck,Other,Q02,2019-04-12,22.18,"Runaway Steam-Kin, Banefire, Goblin Chainwhirler, Rekindling Phoenix, Fanatical Firebrand"
Lil Legends,Secret Lair Drop,Other,SLD,2024-08-19,24.19,"Omnath, Locus of Creation, Reya Dawnbringer, Drana, the Last Bloodchief, Orvar, the All-Form, Lavinia, Azorius Renegade"
Lilest Walkers,Secret Lair Drop,Other,SLD,2023-09-22,30.08,"Karn, Scion of Urza, Venser, the Sojourner, Chandra, Flame's Catalyst, Aminatou, the Fateshifter, Daretti, Ingenious Iconoclast"
Lilest Walkers Foil Edition,Secret Lair Drop,Other,SLD,2023-09-22,27.19,"Aminatou, the Fateshifter, Chandra, Flame's Catalyst, Venser, the Sojourner, Karn, Scion of Urza, Daretti, Ingenious Iconoclast"
Liliana,Planeswalker Deck,Other,M19,2018-07-13,22.62,"Liliana, the Necromancer, Reassembling Skeleton, Sovereign's Bite, Blood Divination, Swamp"
"Liliana, Death Mage",Planeswalker Deck,Other,M21,2020-07-03,10.25,"Liliana, Death Mage, Swamp, Demonic Embrace, Liliana's Scrounger, Swamp"
"Liliana, Death Wielder",Planeswalker Deck,Other,AKH,2017-04-28,19.15,"Liliana, Death Wielder, Grasping Dunes, Cartouche of Strength, Cartouche of Ambition, Swamp"
Line of Fire,Arena Starter Deck,Other,M21,2021-07-03,15.13,"Piper of the Swarm, Kroxa, Titan of Death's Hunger, Serrated Scorpion, Woe Strider, Temple of Malice"
Little Bashers,Theme Deck,Other,MRD,2003-10-02,75.72,"Banshee's Blade, Viridian Longbow, Gold Myr, Loxodon Warhammer, Fireshrieker"
Lofty Heights,Theme Deck,Other,9ED,2005-07-29,41.9,"Sleight of Hand, Mana Leak, Telepathy, Archivist, Boomerang"
Look at the Kitties,Secret Lair Drop,Other,SLD,2022-11-17,239.18,"Lord Windgrace, Felidar Sovereign, Descendants' Path, Violent Outburst"
Lord of Fate,Shandalar Enemy Deck,Other,PAST,1997-04-01,43.71,"Divine Transformation, Dark Ritual, Ornithopter, Serra Angel, Swamp"
Lorwyn Eclipsed Redemption,MTGO Redemption,Other,ECL,2026-02-11,296.32,"Hexing Squelcher, Chronicle of Victory, Bitterbloom Bearer, Bloom Tender, Moonshadow"
Lorwyn Foil Redemption,MTGO Redemption,Other,LRW,2007-11-11,2809.15,"Thoughtseize, Thousand-Year Elixir, Ponder, Mosswort Bridge, Liliana Vess"
Lorwyn Lightboxes,Secret Lair Drop,Other,SLD,2025-02-11,45.48,"Gilt-Leaf Palace, Secluded Glen, Auntie's Hovel, Wanderwine Hub, Ancient Amphitheater"
Lorwyn Lightboxes Foil Edition,Secret Lair Drop,Other,SLD,2025-02-11,45.48,"Gilt-Leaf Palace, Secluded Glen, Auntie's Hovel, Wanderwine Hub, Ancient Amphitheater"
Lorwyn Redemption,MTGO Redemption,Other,LRW,2007-11-11,2809.15,"Thoughtseize, Thousand-Year Elixir, Ponder, Mosswort Bridge, Liliana Vess"
Lotus Field Combo,Pioneer Challenger Deck,Other,Q06,2021-10-15,45.19,"Lotus Field, Thespian's Stage, Dig Through Time, Peer into the Abyss, Mastermind's Acquisition"
MSCHF,Secret Lair Drop,Other,SLD,2022-02-04,128.64,"Swords to Plowshares, Grim Tutor, Teferi's Puzzle Box, Blood Moon, Cut // Ribbons"
Magic 2010 Foil Redemption,MTGO Redemption,Other,M10,2009-08-16,1049.72,"Lurking Predators, Time Warp, Silence, Sphinx Ambassador, Ponder"
Magic 2010 Redemption,MTGO Redemption,Other,M10,2009-08-16,1049.72,"Lurking Predators, Time Warp, Silence, Sphinx Ambassador, Ponder"
Magic 2011 Foil Redemption,MTGO Redemption,Other,M11,2010-08-15,983.5,"Serra Ascendant, Primeval Titan, Goblin Chieftain, Preordain, Voltaic Key"
Magic 2011 Redemption,MTGO Redemption,Other,M11,2010-08-15,983.5,"Serra Ascendant, Primeval Titan, Goblin Chieftain, Preordain, Voltaic Key"
Magic 2012 Foil Redemption,MTGO Redemption,Other,M12,2011-08-14,873.11,"Angelic Destiny, Grand Abolisher, Sorin Markov, Garruk, Primal Hunter, Primordial Hydra"
Magic 2012 Redemption,MTGO Redemption,Other,M12,2011-08-14,873.11,"Angelic Destiny, Grand Abolisher, Sorin Markov, Garruk, Primal Hunter, Primordial Hydra"
Magic 2013 Foil Redemption,MTGO Redemption,Other,M13,2012-08-12,769.55,"Worldfire, Akroma's Memorial, Liliana of the Dark Realms, Master of the Pearl Trident, Clock of Omens"
Magic 2013 Redemption,MTGO Redemption,Other,M13,2012-08-12,769.55,"Worldfire, Akroma's Memorial, Liliana of the Dark Realms, Master of the Pearl Trident, Clock of Omens"
Magic 2014 Foil Redemption,MTGO Redemption,Other,M14,2013-08-18,719.84,"Archangel of Thune, Kalonian Hydra, Darksteel Forge, Silence, Dark Prophecy"
Magic 2014 Redemption,MTGO Redemption,Other,M14,2013-08-18,719.84,"Archangel of Thune, Kalonian Hydra, Darksteel Forge, Silence, Dark Prophecy"
Magic 2015 Foil Redemption,MTGO Redemption,Other,M15,2014-08-17,641.06,"Sliver Hivelord, Urborg, Tomb of Yawgmoth, Sliver Hive, The Chain Veil, Profane Memento"
Magic 2015 Redemption,MTGO Redemption,Other,M15,2014-08-17,641.06,"Sliver Hivelord, Urborg, Tomb of Yawgmoth, Sliver Hive, The Chain Veil, Profane Memento"
Magic Origins Foil Redemption,MTGO Redemption,Other,ORI,2015-08-16,557.18,"Starfield of Nyx, Alhammarret's Archive, Woodland Bellower, Liliana, Heretical Healer // Liliana, Defiant Necromancer, Elemental Bond"
Magic Origins Redemption,MTGO Redemption,Other,ORI,2015-08-16,557.18,"Starfield of Nyx, Alhammarret's Archive, Woodland Bellower, Liliana, Heretical Healer // Liliana, Defiant Necromancer, Elemental Bond"
Magic: The Baseballing,Secret Lair Drop,Other,SLD,2023-09-15,46.69,"Liliana Vess // Liliana Vess, Jace Beleren // Jace Beleren, Chandra Nalaar // Chandra Nalaar, Ajani Goldmane // Ajani Goldmane, Garruk Wildspeaker // Garruk Wildspeaker"
Magic: The Baseballing Foil Edition,Secret Lair Drop,Other,SLD,2023-09-15,46.69,"Liliana Vess // Liliana Vess, Jace Beleren // Jace Beleren, Chandra Nalaar // Chandra Nalaar, Ajani Goldmane // Ajani Goldmane, Garruk Wildspeaker // Garruk Wildspeaker"
MagicCon: the Gathering,Secret Lair Drop,Other,SLD,2025-08-18,39.75,"Sliver Legion, Pack Rat, Sylvan Offering, Shared Summons"
Mahō Gakuin Seishun Hakusho — 魔法学院青春白書,Secret Lair Drop,Other,SLD,2026-05-12,22.2,"Notion Thief, Rule of Law, Thought Scour, Time Stretch, Stinging Study"
Mahō Gakuin Seishun Hakusho — 魔法学院青春白書 Foil Edition,Secret Lair Drop,Other,SLD,2026-05-12,22.2,"Notion Thief, Rule of Law, Thought Scour, Time Stretch, Stinging Study"
Making Fetch Happen,Secret Lair Drop,Other,SLU,2020-05-29,197.42,"Scalding Tarn, Marsh Flats, Arid Mesa, Verdant Catacombs, Misty Rainforest"
Mana Ramp,Deck Builder's Toolkit,Other,ROE,2010-05-21,21.2,"Whispersilk Cloak, Explore, Howl of the Night Pack, Frontier Guide, Pelakka Wurm"
Mandurang,Shandalar Enemy Deck,Other,PAST,1997-04-01,337.48,"Mountain, Dancing Scimitar, Carrion Ants, Braingeyser, Blood Lust"
Manipulative Monstrosities,Intro Pack,Other,THS,2013-09-27,22.79,"Archaeomancer, Curse of the Swine, Lightning Strike, Wall of Frost, Island"
Manuel Bevand - Myr Incubator Combo,World Championship Deck,Other,WC04,2004-09-01,92.81,"Chrome Mox, Krark-Clan Ironworks, Ancient Den, Fabricate, Darksteel Citadel"
Marauders 1,Jumpstart,Other,LTR,2023-06-23,4.74,"Assault on Osgiliath, Erebor Flamesmith, Gimli, Counter of Kills, Grishnákh, Brash Instigator, Quarrel's End"
Marauders 2,Jumpstart,Other,LTR,2023-06-23,4.79,"Assault on Osgiliath, Erebor Flamesmith, Gimli, Counter of Kills, Grishnákh, Brash Instigator, Quarrel's End"
March of the Machine Foil Redemption,MTGO Redemption,Other,MOM,2023-05-17,350.79,"Etali, Primal Conqueror // Etali, Primal Sickness, Faerie Mastermind, Sheoldred // The True Scriptures, Urabrask // The Great Work, Tribute to the World Tree"
March of the Machine Redemption,MTGO Redemption,Other,MOM,2023-05-17,350.79,"Etali, Primal Conqueror // Etali, Primal Sickness, Faerie Mastermind, Sheoldred // The True Scriptures, Urabrask // The Great Work, Tribute to the World Tree"
March of the Machine Welcome Booster,Welcome Booster,Other,MOM,2023-04-21,4.72,"Siege Rhino, Chandra, Heart of Fire, Defiant Bloodlord, Commander's Sphere, Hellkite Punisher"
March of the Multitudes,Modern Event Deck,Other,MD1,2014-05-30,84.06,"Sword of Feast and Famine, City of Brass, Elspeth, Knight-Errant, Soul Warden, Path to Exile"
Mardu Raiders,Intro Pack,Other,KTK,2014-09-26,23.11,"Nomad Outpost, Gurmag Swiftwing, Crackling Doom, Mountain, Ankle Shanker"
"Mark Justice, Quarterfinalist",Pro Tour Deck,Other,PTC,1996-05-01,116.87,"Black Vise, City of Brass, Winter Orb, Lightning Bolt, Mishra's Factory"
Mark Le Pine - Sped Red,World Championship Deck,Other,WC99,1999-08-04,70.93,"Ancient Tomb, Wasteland, Cursed Scroll, Mountain, Mountain"
Martial Law,Theme Deck,Other,P02,1998-06-24,61.31,"Armageddon, Angel of Fury, Plains, Alaborn Veteran, Plains"
Marvel's Black Panther,Secret Lair Drop,Other,SLD,2024-11-05,59.5,"Black Panther, Wakandan King, Heroic Intervention, Primal Vigor, Karn's Bastion, Secure the Wastes"
Marvel's Black Panther Foil Edition,Secret Lair Drop,Other,SLD,2024-11-05,59.5,"Black Panther, Wakandan King, Heroic Intervention, Primal Vigor, Karn's Bastion, Secure the Wastes"
Marvel's Captain America,Secret Lair Drop,Other,SLD,2024-11-05,91.71,"Captain America, First Avenger, Flawless Maneuver, Sigarda's Aid, Sword of War and Peace, In the Trenches"
Marvel's Captain America Foil Edition,Secret Lair Drop,Other,SLD,2024-11-05,91.71,"Captain America, First Avenger, Flawless Maneuver, Sigarda's Aid, Sword of War and Peace, In the Trenches"
Marvel's Deadpool,Secret Lair Drop,Other,SLD,2025-04-02,59.27,"Deadly Rollick, Deadpool, Trading Card, Saw in Half, Blasphemous Act, Vandalblast"
Marvel's Deadpool Foil Edition,Secret Lair Drop,Other,SLD,2025-04-02,59.27,"Deadly Rollick, Deadpool, Trading Card, Saw in Half, Blasphemous Act, Vandalblast"
Marvel's Deadpool: I Fixed It (You're Welcome),Secret Lair Drop,Other,SLD,2026-04-06,15.16,"Sol Ring, Lightning Greaves, Lightning Bolt, Thrill of Possibility, Deadly Dispute"
Marvel's Deadpool: I Fixed It (You're Welcome) Foil Edition,Secret Lair Drop,Other,SLD,2026-04-06,15.16,"Sol Ring, Lightning Greaves, Lightning Bolt, Thrill of Possibility, Deadly Dispute"
Marvel's Deadpool: I Fixed It (You're Welcome) Pool Party Foil Edition,Secret Lair Drop,Other,SLD,2026-04-06,34.99,"Sol Ring, Lightning Greaves, Lightning Bolt, Deadly Dispute, Thrill of Possibility"
Marvel's Iron Man,Secret Lair Drop,Other,SLD,2024-11-05,96.5,"Commander's Plate, Iron Man, Titan of Innovation, Inventors' Fair, Sol Ring, Galvanic Blast"
Marvel's Iron Man Foil Edition,Secret Lair Drop,Other,SLD,2024-11-05,96.5,"Commander's Plate, Iron Man, Titan of Innovation, Inventors' Fair, Sol Ring, Galvanic Blast"
Marvel's Spider-Man: Daily Bugle Breaking News,Secret Lair Drop,Other,SLD,2025-09-30,26.86,"Scheming Symmetry, Blasphemous Act, Impact Tremors, Frantic Search, Fact or Fiction"
Marvel's Spider-Man: Daily Bugle Breaking News Foil Edition,Secret Lair Drop,Other,SLD,2025-09-30,26.86,"Scheming Symmetry, Blasphemous Act, Impact Tremors, Frantic Search, Fact or Fiction"
Marvel's Spider-Man: Heroic Deeds,Secret Lair Drop,Other,SLD,2025-09-30,47.84,"Three Visits, Sol Ring, Lightning Greaves, Ephemerate, Command Tower"
Marvel's Spider-Man: Heroic Deeds Foil Edition,Secret Lair Drop,Other,SLD,2025-09-30,47.84,"Three Visits, Sol Ring, Lightning Greaves, Ephemerate, Command Tower"
Marvel's Spider-Man: Mana Symbiote Raised Foil Edition,Secret Lair Drop,Other,SLD,2025-09-30,61.0,"Swamp, Mountain, Plains, Forest, Island"
Marvel's Spider-Man: Venom Unleashed (Colors),Secret Lair Drop,Other,SLD,2025-09-30,42.48,"Damnation, Dark Ritual, Peer into the Abyss, Surgical Extraction, Tendrils of Agony"
Marvel's Spider-Man: Venom Unleashed (Colors) Foil Edition,Secret Lair Drop,Other,SLD,2025-09-30,42.48,"Damnation, Dark Ritual, Peer into the Abyss, Surgical Extraction, Tendrils of Agony"
Marvel's Spider-Man: Venom Unleashed (Inks),Secret Lair Drop,Other,SLD,2025-09-30,33.31,"Damnation, Dark Ritual, Peer into the Abyss, Surgical Extraction, Tendrils of Agony"
Marvel's Spider-Man: Venom Unleashed (Inks) Foil Edition,Secret Lair Drop,Other,SLD,2025-09-30,33.31,"Damnation, Dark Ritual, Peer into the Abyss, Surgical Extraction, Tendrils of Agony"
Marvel's Spider-Man: Villainous Plots,Secret Lair Drop,Other,SLD,2025-09-30,34.35,"Sol Ring, Lightning Greaves, Go for the Throat, Deadly Dispute, Command Tower"
Marvel's Spider-Man: Villainous Plots Foil Edition,Secret Lair Drop,Other,SLD,2025-09-30,34.35,"Sol Ring, Lightning Greaves, Go for the Throat, Deadly Dispute, Command Tower"
Marvel's Storm,Secret Lair Drop,Other,SLD,2024-11-05,97.02,"Jeska's Will, Storm, Force of Nature, Manamorphose, Lightning Bolt, Ice Storm"
Marvel's Storm Foil Edition,Secret Lair Drop,Other,SLD,2024-11-05,97.02,"Jeska's Will, Storm, Force of Nature, Manamorphose, Lightning Bolt, Ice Storm"
Marvel's Wolverine,Secret Lair Drop,Other,SLD,2024-11-05,137.18,"The Ozolith, Wolverine, Best There Is, Rhythm of the Wild, Berserk, Rite of Passage"
Marvel's Wolverine Foil Edition,Secret Lair Drop,Other,SLD,2024-11-05,137.18,"The Ozolith, Wolverine, Best There Is, Rhythm of the Wild, Berserk, Rite of Passage"
Massed Ranks,Intro Pack,Other,DTK,2015-03-27,20.13,"Secure the Wastes, Inspiring Call, Plains, Forest, Enduring Scalelord"
Massive Menagerie,Arena Starter Deck,Other,M21,2021-07-03,31.56,"Serpent of Yawning Depths, Elder Gargaroth, Kogla, the Titan Ape, Ram Through, Cultivate"
Massive Might,Game Night Deck,Other,GN2,2019-11-15,15.45,"Voracious Hydra, Earthshaker Giant, Ripjaw Raptor, Ranging Raptors, Ghalta, Primal Hunger"
Master Blaster,Theme Deck,Other,DST,2004-02-06,104.86,"Great Furnace, Darksteel Citadel, Iron Myr, Pyrite Spellbomb, Steel Wall"
Math Is For Blockers,Secret Lair Drop,Other,SLD,2021-12-13,32.5,"Ohran Frostfang, Brazen Borrower // Petty Theft, Vindictive Lich, Meandering Towershell, Thragtusk"
Math Is For Blockers Foil Edition,Secret Lair Drop,Other,SLD,2021-12-13,32.5,"Ohran Frostfang, Brazen Borrower // Petty Theft, Vindictive Lich, Meandering Towershell, Thragtusk"
Matt Linde - Mono-Green Stompy,World Championship Deck,Other,WC99,1999-08-04,315.62,"Gaea's Cradle, Cursed Scroll, Forest, Forest, Rancor"
Max Attax,Theme Deck,Other,SCG,2003-05-26,232.14,"Smother, Temple of the False God, Tranquil Thicket, Barren Moor, Swamp"
Meditations on Nature,Secret Lair Drop,Other,SLD,2023-12-18,102.41,"Plains, Mountain, Island, Forest, Swamp"
Meditations on Nature Foil Edition,Secret Lair Drop,Other,SLD,2023-11-30,102.41,"Plains, Mountain, Island, Forest, Swamp"
Mercenaries,Theme Deck,Other,NEM,2000-02-14,525.28,"Dark Ritual, Massacre, Belbe's Portal, Cateran Summons, Haunted Crossroads"
Mercenaries - Enhanced Deck,Enhanced Deck,Other,NEM,2000-02-14,697.96,"Dark Ritual, Yawgmoth's Will, Silent Assassin, Cateran Summons, Contamination"
Merfolk,Duel Deck,Other,DDT,2017-11-10,18.34,"Misdirection, Master of the Pearl Trident, Engulf the Shore, Harbinger of the Tides, Master of Waves"
Merfolk 1,Jumpstart,Other,J22,2022-12-02,3.47,"Seafloor Oracle, Triton Shorestalker, Merrow Reejerey, Thriving Isle, Sage of the Falls"
Merfolk 2,Jumpstart,Other,J22,2022-12-02,3.41,"Triton Shorestalker, Svyelun of Sea and Sky, Merrow Reejerey, Synchronized Eviction, Thriving Isle"
Merfolk 3,Jumpstart,Other,J22,2022-12-02,3.53,"Triton Shorestalker, Merrow Reejerey, Harbinger of the Tides, Fallowsage, Synchronized Eviction"
Merfolk 4,Jumpstart,Other,J22,2022-12-02,3.19,"Triton Shorestalker, Merfolk Sovereign, Merrow Reejerey, Thriving Isle, Aquatic Incursion"
Merfolk Shaman,Shandalar Enemy Deck,Other,PAST,1997-04-01,77.22,"Island Fish Jasconius, Lord of Atlantis, Unstable Mutation, Magical Hack, Segovian Leviathan"
Merrow Riverways,Theme Deck,Other,LRW,2007-10-12,363.52,"Ponder, Merrow Commerce, Wanderwine Prophets, Springleaf Drum, Merrow Reejerey"
Metalcraft,Intro Pack,Other,SOM,2010-10-01,95.31,"Galvanic Blast, Memnite, Etched Champion, Silver Myr, Trinket Mage"
Metallic Dreams,Planechase Deck,Other,HOP,2009-09-04,98.58,"Darksteel Forge, Fabricate, Great Furnace, Vault of Whispers, Arcbound Crusher"
"Michael Loconto, Champion",Pro Tour Deck,Other,PTC,1996-05-01,106.64,"Land Tax, Strip Mine, Island, Adarkar Wastes, Island"
Michealangelo,Theme Deck,Other,TMT,2026-03-06,13.92,"Mona Lisa, Ever Adaptable, Michelangelo, On the Scene, Study the Classics, Mikey & Mona, Mutant Sitters, Mona Lisa, Science Geek"
Might,Duel Deck,Other,DDS,2017-03-31,34.95,"Coat of Arms, Zo-Zu the Punisher, Guttural Response, Lovisa Coldeyes, Rampant Growth"
Migraine,Theme Deck,Other,STH,1998-03-02,33.82,"Ensnaring Bridge, Bottomless Pit, Dark Ritual, Megrim, Portcullis"
Migraine - Advanced Deck,Advanced Deck,Other,STH,1998-03-02,221.06,"Vampiric Tutor, Wasteland, Anvil of Bogardan, Ensnaring Bridge, Bottomless Pit"
Milling,Jumpstart,Other,JMP,2020-07-17,47.87,"Bruvac the Grandiloquent, Thought Collapse, Thought Scour, Teferi's Tutelage, Island"
Mind,Duel Deck,Other,DDS,2017-03-31,22.86,"Desperate Ritual, Snap, Beacon of Tomorrows, Deep-Sea Kraken, Jori En, Ruin Diver"
Mind Stealer,Shandalar Enemy Deck,Other,PAST,1997-04-01,137.26,"Junún Efreet, Sindbad, Fellwar Stone, Animate Dead, Mind Twist"
Mind Swarm,Theme Deck,Other,DST,2004-02-06,119.37,"Vault of Whispers, Geth's Grimoire, Leaden Myr, Skeleton Shard, Chittering Rats"
Mind of the Void,Theme Deck,Other,PS11,2011-01-01,0.0,"Island, Island, Island, Island, Plains"
Minions (1),Jumpstart,Other,JMP,2020-07-17,4.23,"Village Rites, Swamp, Innocent Blood, Goremand, Crypt Lurker"
Minions (2),Jumpstart,Other,JMP,2020-07-17,4.07,"Village Rites, Swamp, Goremand, Crypt Lurker, Eliminate"
Minions (3),Jumpstart,Other,JMP,2020-07-17,29.32,"Phyrexian Tower, Village Rites, Swamp, Goremand, Crypt Lurker"
Minions (4),Jumpstart,Other,JMP,2020-07-17,8.24,"Ghoulcaller Gisa, Village Rites, Swamp, Innocent Blood, Goremand"
Minotaurs (1),Jumpstart,Other,JMP,2020-07-17,8.1,"Herald's Horn, Sethron, Hurloon General, Mountain, Soul Sear, Thriving Bluff"
Minotaurs (2),Jumpstart,Other,JMP,2020-07-17,5.16,"Unleash Fury, Sethron, Hurloon General, Traitorous Greed, Mountain, Rageblood Shaman"
Mirrodin Besieged Foil Redemption,MTGO Redemption,Other,MBS,2011-03-06,862.06,"Blightsteel Colossus, Green Sun's Zenith, Consecrated Sphinx, Sword of Feast and Famine, Inkmoth Nexus"
Mirrodin Besieged Redemption,MTGO Redemption,Other,MBS,2011-03-06,862.06,"Blightsteel Colossus, Green Sun's Zenith, Consecrated Sphinx, Sword of Feast and Famine, Inkmoth Nexus"
Mirrodin Foil Redemption,MTGO Redemption,Other,MRD,2003-11-01,2991.1,"Chrome Mox, Quicksilver Elemental, Sword of Kaldra, Seething Song, Confusion in the Ranks"
Mirrodin Pure,MTGO Duel Deck,Other,TD2,2013-01-11,0.0,"Platinum Angel, Ardent Recruit, Argent Sphinx, Darksteel Gargoyle, Darksteel Sentinel"
Mirrodin Redemption,MTGO Redemption,Other,MRD,2003-11-01,2991.1,"Chrome Mox, Quicksilver Elemental, Sword of Kaldra, Seething Song, Confusion in the Ranks"
Mirrodinsanity,Secret Lair Drop,Other,SLD,2022-01-28,151.59,"Great Furnace, Seat of the Synod, Vault of Whispers, Ancient Den, Tree of Tales"
Mirrodinsanity Foil Edition,Secret Lair Drop,Other,SLD,2022-01-28,151.59,"Great Furnace, Seat of the Synod, Vault of Whispers, Ancient Den, Tree of Tales"
Mirromancy,Intro Pack,Other,MBS,2011-02-04,80.39,"Preordain, Silver Myr, Iron Myr, Lightning Bolt, Red Sun's Zenith"
Mite-y 1,Jumpstart,Other,ONE,2023-02-10,3.9,"Mite Overseer, Planar Disruption, Basilica Shepherd, Infested Fleshcutter, Annex Sentry"
Mite-y 2,Jumpstart,Other,ONE,2023-02-10,3.49,"Mite Overseer, Ossification, Crawling Chorus, The Fair Basilica, Compleat Devotion"
Mob Rule,Intro Pack,Other,M13,2012-07-13,30.71,"Fervor, Ring of Valkas, Krenko, Mob Boss, Krenko's Command, Forest"
Modified,Jumpstart,Other,J25,2024-11-07,20.79,"Kodama of the West Tree, Audacity, Gnarlid Colony, Orochi Merge-Keeper, Snakeskin Veil"
Molimo's Might,Theme Deck,Other,10E,2007-07-13,35.79,"Hurricane, Molimo, Maro-Sorcerer, Forest, Forest, Blanchwood Armor"
Mono Black,Arena Starter Kit,Other,M21,2020-07-03,17.14,"Demon of Loathing, Peer into the Abyss, Serrated Scorpion, Demonic Embrace, Swamp"
Mono Black Amazon,Arena Starter Kit,Other,M21,2020-07-03,17.14,"Demon of Loathing, Peer into the Abyss, Serrated Scorpion, Demonic Embrace, Swamp"
Mono Green,Arena Starter Kit,Other,M21,2020-07-03,12.51,"Ironscale Hydra, Ram Through, Colossification, Llanowar Visionary, Hyrax Tower Scout"
Mono Green Amazon,Arena Starter Kit,Other,M21,2020-07-03,12.51,"Ironscale Hydra, Ram Through, Colossification, Llanowar Visionary, Hyrax Tower Scout"
Mono White Aggro,Challenger Deck,Other,Q07,2022-04-01,10.42,"Paladin Class, Luminarch Aspirant, Intrepid Adversary, Thalia, Guardian of Thraben, Reidane, God of the Worthy // Valkmira, Protector's Shield"
Mono-Green Stompy,Challenger Deck,Other,Q05,2021-04-02,16.52,"Ram Through, Gemrazer, Turntimber Symbiosis // Turntimber, Serpentine Wood, Stonecoil Serpent, Garruk, Unleashed"
Mono-Red Aggro,Challenger Deck,Other,Q05,2021-04-02,33.06,"Embercleave, Shatterskull Smashing // Shatterskull, the Hammer Pass, Torbran, Thane of Red Fell, Mountain, Castle Embereth"
Mono-Red Burn,Pioneer Challenger Deck,Other,Q06,2021-10-15,22.09,"Monastery Swiftspear, Ramunap Ruins, Soul-Scar Mage, Wizard's Lightning, Lightning Strike"
Monster Anatomy 101,Secret Lair Drop,Other,SLD,2022-01-28,120.8,"Gishath, Sun's Avatar, Goblin Trashmaster, Ilharg, the Raze-Boar, Protean Hulk, Fleet Swallower"
Monster Anatomy 101 Foil Etched Edition,Secret Lair Drop,Other,SLD,2022-01-28,120.8,"Gishath, Sun's Avatar, Goblin Trashmaster, Ilharg, the Raze-Boar, Protean Hulk, Fleet Swallower"
Monster Movie Marathon,Secret Lair Drop,Other,SLD,2022-01-28,98.18,"Blasphemous Act, Beast Within, Grafdigger's Cage, Dismember"
Monster Movie Marathon Foil Edition,Secret Lair Drop,Other,SLD,2022-01-28,98.18,"Blasphemous Act, Beast Within, Grafdigger's Cage, Dismember"
Monster Territory,Jumpstart,Other,DMU,2022-09-09,7.24,"Forest, Briar Hydra, Haunted Mire, The Weatherseed Treaty, Tangled Islet"
Monsters,Duel Deck,Other,DDL,2013-09-06,14.98,"Skarrg, the Rage Pits, Orcish Lumberjack, Polukranos, World Eater, Beast Within, Regrowth"
Monstrous Magazines,Secret Lair Drop,Other,SLD,2024-10-01,38.14,"Koma, Cosmos Serpent, Doom Whisperer, Mazirek, Kraul Death Priest, Ravenous Chupacabra, Uril, the Miststalker"
Monstrous Magazines Foil Edition,Secret Lair Drop,Other,SLD,2024-10-01,38.14,"Koma, Cosmos Serpent, Doom Whisperer, Mazirek, Kraul Death Priest, Ravenous Chupacabra, Uril, the Miststalker"
Monstrous Surprise,Intro Pack,Other,DKA,2012-02-03,31.64,"Rampant Growth, Pyreheart Wolf, Strangleroot Geist, Young Wolf, Overrun"
Monty Python and the Holy Grail: Vol. 1,Secret Lair Drop,Other,SLD,2024-07-30,173.07,"Three Visits, Dismember, Birds of Paradise // Birds of Paradise, Buried Alive, Prodigal Sorcerer"
Monty Python and the Holy Grail: Vol. 1 Foil Edition,Secret Lair Drop,Other,SLD,2024-07-30,173.07,"Three Visits, Dismember, Birds of Paradise // Birds of Paradise, Buried Alive, Prodigal Sorcerer"
Monty Python and the Holy Grail: Vol. 2,Secret Lair Drop,Other,SLD,2024-07-30,71.99,"Ashnod's Altar, Dark Depths, Door to Nothingness"
Monty Python and the Holy Grail: Vol. 2 Foil Edition,Secret Lair Drop,Other,SLD,2024-07-30,71.99,"Ashnod's Altar, Dark Depths, Door to Nothingness"
Morbid 1,Jumpstart,Other,J22,2022-12-02,12.15,"Spawning Pit, Tragic Slip, Reaper from the Abyss, Village Rites, Mortuary Mire"
Morbid 2,Jumpstart,Other,J22,2022-12-02,5.28,"Tragic Slip, Reassembling Skeleton, Vampiric Rites, Village Rites, Mortuary Mire"
Mordor 1,Jumpstart,Other,LTR,2023-06-23,34.68,"Nazgûl, Ringwraiths, Claim the Precious, Gothmog, Morgul Lieutenant, Gollum's Bite"
Mordor 2,Jumpstart,Other,LTR,2023-06-23,7.87,"Ringwraiths, Gothmog, Morgul Lieutenant, Orcish Medicine, Gríma Wormtongue, Gollum, Patient Plotter"
Mordor: Black-Red,Starter Kit,Other,LTR,2023-06-23,33.52,"Witch-king, Bringer of Ruin, Sauron, the Lidless Eye, Gollum, Scheming Guide, Cast into the Fire, Fires of Mount Doom"
More Adventures in Middle-earth,Secret Lair Drop,Other,SLD,2023-08-29,69.15,"Gandalf, Friend of the Shire, Shire Terrace, Mirror of Galadriel, Slip On the Ring"
More Adventures in Middle-earth Foil Edition,Secret Lair Drop,Other,SLD,2023-08-29,69.15,"Gandalf, Friend of the Shire, Shire Terrace, Mirror of Galadriel, Slip On the Ring"
More Borderless Planeswalkers,Secret Lair Drop,Other,SLD,2023-03-17,29.66,"Ugin, the Ineffable, Nicol Bolas, Dragon-God, Sorin, Imperious Bloodlord, Sarkhan, Dragonsoul"
Morningtide Foil Redemption,MTGO Redemption,Other,MOR,2008-03-02,1980.38,"Scapeshift, Bitterblossom, Lightning Crafter, Idyllic Tutor, Maralen of the Mornsong"
Morningtide Redemption,MTGO Redemption,Other,MOR,2008-03-02,1980.38,"Scapeshift, Bitterblossom, Lightning Crafter, Idyllic Tutor, Maralen of the Mornsong"
Morph Mayhem,Theme Deck,Other,LGN,2003-02-03,154.56,"Lonely Sandbar, Secluded Steppe, Chromeshell Crab, Whipcorder, Island"
Mortal Coil,Theme Deck,Other,SHM,2008-05-02,308.69,"Faerie Macabre, Helm of the Ghastlord, Swamp, River Kelpie, Grim Poppet"
Mortals 1,Jumpstart,Other,LTR,2023-11-03,3.33,"Eagle of Deliverance, Éowyn, Lady of Rohan, Barrow-Blade, Plains, Plains"
Mortals 2,Jumpstart,Other,LTR,2023-11-03,5.31,"Reprieve, Eagle of Deliverance, Inherited Envelope, Slip On the Ring, Plains"
Mortals of Myth,Intro Pack,Other,JOU,2014-05-02,29.21,"Solidarity of Heroes, Spear of Heliod, Raised by Wolves, Forest, Vanguard of Brimaz"
Mother's Day 2021,Secret Lair Drop,Other,SLD,2021-10-29,71.14,"Mother of Runes, Mother of Runes, Mother of Runes, Mother of Runes"
Mother's Day 2021 Foil Edition,Secret Lair Drop,Other,SLD,2021-10-29,71.14,"Mother of Runes, Mother of Runes, Mother of Runes, Mother of Runes"
"Mountain, Go",Secret Lair Drop,Other,SLD,2020-06-08,22.02,"Lightning Bolt, Lightning Bolt, Lightning Bolt, Lightning Bolt"
Mu Yanling,Planeswalker Deck,Other,GS1,2018-06-22,15.23,"Mu Yanling, Island, Ancestor Dragon, Plains, Cloak of Mists"
"Mu Yanling, Celestial Wind",Planeswalker Deck,Other,M20,2019-07-29,8.76,"Spectral Sailor, Mu Yanling, Celestial Wind, Winged Words, Island, Warden of Evos Isle"
Multi-Headed 1,Jumpstart,Other,J22,2022-12-02,17.3,"Benevolent Hydra, Hydra's Growth, Feral Hydra, Ilysian Caryatid, Domesticated Hydra"
Multi-Headed 2,Jumpstart,Other,J22,2022-12-02,32.64,"Primordial Hydra, Benevolent Hydra, Hydra's Growth, Ilysian Caryatid, Domesticated Hydra"
Murders at Karlov Manor Foil Redemption,MTGO Redemption,Other,MKM,2024-03-06,326.16,"Delney, Streetwise Lookout, Undercity Sewers, Thundering Falls, Underground Mortuary, Meticulous Archive"
Murders at Karlov Manor Redemption,MTGO Redemption,Other,MKM,2024-03-06,326.16,"Delney, Streetwise Lookout, Undercity Sewers, Thundering Falls, Underground Mortuary, Meticulous Archive"
Musicians,Jumpstart,Other,TLE,2025-11-20,7.42,"Secret Tunnel, Mountain, Thriving Bluff, Chong and Lily, Nomads, Founding of Omashu"
Mutation Station,Arena Starter Deck,Other,M21,2021-07-03,21.14,"Massacre Wurm, Sea-Dasher Octopus, Unexpected Fangs, Temple of Deceit, Stern Dismissal"
My Little Pony: Friendship is Magic,Secret Lair Drop,Other,SLD,2026-05-12,99.18,"Defense of the Heart, Sol Ring, Arcane Signet, Radiate, Reconnaissance Mission"
My Little Pony: Friendship is Magic Foil Edition,Secret Lair Drop,Other,SLD,2026-05-12,99.18,"Defense of the Heart, Sol Ring, Arcane Signet, Radiate, Reconnaissance Mission"
My Little Pony: The Lands of Equestria,Secret Lair Drop,Other,SLD,2026-05-12,46.24,"Plains, Island, Forest, Swamp, Mountain"
My Little Pony: The Lands of Equestria Foil Edition,Secret Lair Drop,Other,SLD,2026-05-12,46.24,"Plains, Island, Forest, Swamp, Mountain"
Mycosynthwave,Secret Lair Drop,Other,SLD,2023-12-05,115.59,"Mycosynth Lattice, Mycosynth Golem, Mycosynth Wellspring"
Mycosynthwave Foil Edition,Secret Lair Drop,Other,SLD,2023-12-05,97.98,"Mycosynth Lattice, Mycosynth Golem, Mycosynth Wellspring"
Myr of Mirrodin,Intro Pack,Other,SOM,2010-10-01,63.97,"Palladium Myr, Myr Battlesphere, Gold Myr, Myr Galvanizer, Darksteel Myr"
Mysterious Realms,Intro Pack,Other,WWK,2010-02-05,85.02,"Walking Atlas, Halimar Depths, Tideforce Elemental, Telepathy, Seer's Sundial"
Mystic Mischief,Jumpstart,Other,DMU,2022-09-09,5.97,"Island, Founding the Third Path, Cosmic Epiphany, Ertai's Scorn, Tolarian Terror"
Mystical Might,Intro Pack,Other,M12,2011-07-15,33.37,"Lord of the Unreal, Elixir of Immortality, Levitation, Phantasmal Dragon, Skywinder Drake"
Nature Is Adorable,Secret Lair Drop,Other,SLD,2023-04-28,49.12,"Joraga Treespeaker, Ulvenwald Tracker, Nature's Will, Yeva, Nature's Herald"
Nature Is Adorable Foil Edition,Secret Lair Drop,Other,SLD,2023-04-28,49.12,"Joraga Treespeaker, Ulvenwald Tracker, Nature's Will, Yeva, Nature's Herald"
Nature's Assault,Theme Deck,Other,P02,1998-06-24,19.92,"River Bear, Alluring Scent, Golden Bear, Forest, Sylvan Basilisk"
Nature's Fury,Intro Pack,Other,M10,2009-07-17,27.28,"Plains, Llanowar Elves, Plains, Harm's Way, Awakener Druid"
Naya Behemoths,Intro Pack,Other,ALA,2008-10-03,52.97,"Titanic Ultimatum, Forest, Jungle Shrine, Wild Nacatl, Druid of the Anima"
Naya Domain,Intro Pack,Other,CON,2009-02-06,55.03,"Path to Exile, Paleoloth, Terramorphic Expanse, Swamp, Forest"
Ne'er-do-wells (1),Jumpstart,Other,J25,2024-11-07,30.37,"Rev, Tithe Extractor, Audacious Thief, Morbid Opportunist, Thriving Moor, Midnight Assassin"
Ne'er-do-wells (2),Jumpstart,Other,J25,2024-11-07,30.42,"Rev, Tithe Extractor, Audacious Thief, Morbid Opportunist, Thriving Moor, Balustrade Spy"
Necromancer,Shandalar Enemy Deck,Other,PAST,1997-04-01,48.82,"Cosmic Horror, Bad Moon, Animate Dead, Dark Ritual, Zombie Master"
Nefarious,Jumpstart,Other,J25,2024-11-07,17.43,"Vilis, Broker of Blood, Dark Confidant, Infernal Grasp, Read the Bones, Audacious Thief"
Nether Fiend,Shandalar Enemy Deck,Other,PAST,1997-04-01,157.71,"Mishra's Factory, Junún Efreet, Animate Dead, Xenic Poltergeist, Lord of the Pit"
New Phyrexia,MTGO Duel Deck,Other,TD2,2013-01-11,0.0,"Phyrexian Plaguelord, Desecration Elemental, Drooling Groodion, Flesh-Eater Imp, Fume Spitter"
New Phyrexia Foil Redemption,MTGO Redemption,Other,NPH,2011-06-12,1693.1,"Mental Misstep, Noxious Revival, Unwinding Clock, Praetor's Grasp, Elesh Norn, Grand Cenobite"
New Phyrexia Redemption,MTGO Redemption,Other,NPH,2011-06-12,1693.1,"Mental Misstep, Noxious Revival, Unwinding Clock, Praetor's Grasp, Elesh Norn, Grand Cenobite"
Nicol Bolas,Duel Deck,Other,DDH,2011-09-02,18.4,"Undermine, Nicol Bolas, Planeswalker, Countersquall, Blazing Specter, Nightscape Familiar"
"Nicol Bolas, the Deceiver",Planeswalker Deck,Other,HOU,2017-07-14,32.59,"Throne of the God-Pharaoh, Nicol Bolas, the Deceiver, Ammit Eternal, Crypt of the Eternals, Island"
Nicolas Labarre - Chimera,World Championship Deck,Other,WC00,2000-08-02,187.59,"Yawgmoth's Will, Phyrexian Tower, Academy Rector, Enlightened Tutor, City of Brass"
Night Of The Ninja,Planechase Deck,Other,PCA,2016-11-25,91.14,"Sakashima's Student, Higure, the Still Wind, Ink-Eyes, Servant of Oni, Silent-Blade Oni, Throat Slitter"
Night Terrors,MTGO Theme Deck,Other,MIR,2006-12-05,103.89,"Shallow Grave, Withering Boon, Spirit of the Night, Swamp, Swamp"
Nightmares,Jumpstart,Other,TLE,2025-11-20,7.76,"Desperate Plea, Koh, the Face Stealer, Swamp, Thriving Moor, Purple Pentapus"
Ninjas,Theme Deck,Other,PSAL,2005-08-01,0.0,"Island, Island, Island, Island, Island"
Ninjutsu,Theme Deck,Other,BOK,2005-02-04,187.22,"Higure, the Still Wind, Mistblade Shinobi, Ninja of the Deep Hours, Walker of Secret Ways, Tomorrow, Azami's Familiar"
Ninth Edition Foil Redemption,MTGO Redemption,Other,9ED,2005-08-28,2516.79,"Fellwar Stone, Grave Pact, Biorhythm, Rathi Dragon, Elvish Champion"
Ninth Edition Redemption,MTGO Redemption,Other,9ED,2005-08-28,2516.79,"Fellwar Stone, Grave Pact, Biorhythm, Rathi Dragon, Elvish Champion"
Nissa,Archenemy Deck,Other,E01,2017-06-16,29.43,"Sword of the Animist, Nissa, Worldwaker, Oran-Rief Hydra, Sixth Sense, Cultivate"
"Nissa, Genesis Mage",Planeswalker Deck,Other,HOU,2017-07-14,7.98,"Nissa, Genesis Mage, Island, Forest, Spring // Mind, Island"
"Nissa, Nature's Artisan",Planeswalker Deck,Other,KLD,2016-09-30,11.36,"Servant of the Conduit, Nissa, Nature's Artisan, Aethersquall Ancient, Longtusk Cub, Attune with Aether"
Notebook Genius,Secret Lair Drop,Other,SLD,2026-05-12,0.0,"Lier, Disciple of the Drowned, Bloodghast, Storm-Kiln Artist, Anhelo, the Painter"
Notebook Genius Foil Edition,Secret Lair Drop,Other,SLD,2026-05-12,0.0,"Lier, Disciple of the Drowned, Bloodghast, Storm-Kiln Artist, Anhelo, the Painter"
Now on VHS!,Secret Lair Drop,Other,SLD,2023-09-15,147.24,"Food Chain, The First Sliver, Rewind, Rampant Growth"
Now on VHS! Foil Edition,Secret Lair Drop,Other,SLD,2023-09-15,147.24,"Food Chain, The First Sliver, Rewind, Rampant Growth"
Nuestra Magia,Secret Lair Drop,Other,SLD,2025-06-17,87.91,"Sylvan Library, Ancient Greenwarden, Lightning Greaves, Tireless Provisioner, Xenagos, God of Revels"
Nuestra Magia Foil Edition,Secret Lair Drop,Other,SLD,2025-06-17,87.91,"Sylvan Library, Ancient Greenwarden, Lightning Greaves, Tireless Provisioner, Xenagos, God of Revels"
Nuts and Bolts,Theme Deck,Other,5DN,2004-06-04,359.91,"Skullclamp, Seat of the Synod, Steelshaper's Gift, Ancient Den, Aether Spellbomb"
OMG KITTIES!,Secret Lair Drop,Other,SLD,2019-12-09,136.94,"Arahbo, Roar of the World, Mirri, Weatherlight Duelist, Leonin Warleader, Regal Caracal, Qasali Slingers"
Oath of the Gatewatch Foil Redemption,MTGO Redemption,Other,OGW,2016-02-21,263.78,"Mirrorpool, General Tazri, Kalitas, Traitor of Ghet, Kozilek's Return, Kozilek, the Great Distortion"
Oath of the Gatewatch Redemption,MTGO Redemption,Other,OGW,2016-02-21,263.78,"Mirrorpool, General Tazri, Kalitas, Traitor of Ghet, Kozilek's Return, Kozilek, the Great Distortion"
Ob Nixilis,Duel Deck,Other,DDR,2016-09-02,8.8,"Ob Nixilis Reignited, Innocent Blood, Leechridden Swamp, Indulgent Tormentor, Pestilence Demon"
Odyssey Foil Redemption,MTGO Redemption,Other,ODY,2001-10-31,6396.15,"Tainted Pact, Entomb, Tarnished Citadel, Deserted Temple, Call of the Herd"
Odyssey Redemption,MTGO Redemption,Other,ODY,2001-10-31,6396.15,"Tainted Pact, Entomb, Tarnished Citadel, Deserted Temple, Call of the Herd"
Of the Coast (1),Jumpstart,Other,J25,2024-11-07,4.98,"Plagon, Lord of the Beach, Omen of the Sea, Sigiled Starfish, Shorecomber Crab, Lonely Sandbar"
Of the Coast (2),Jumpstart,Other,J25,2024-11-07,4.98,"Plagon, Lord of the Beach, Sigiled Starfish, Opt, Shipwreck Dowser, Shorecomber Crab"
Oishii! Tokens オイシイ！ トークン,Secret Lair Drop,Other,SLD,2025-03-27,0.0,
Oishii! Tokens オイシイ！ トークン Foil Edition,Secret Lair Drop,Other,SLD,2025-03-27,0.0,
"Oko, the Trickster",Planeswalker Deck,Other,ELD,2019-10-04,11.2,"Return of the Wildspeaker, Oko, the Trickster, Maraleaf Pixie, Keeper of Fables, Frogify"
Omens of Chaos,Secret Lair Drop,Other,SLD,2026-05-12,29.95,"Batwing Brume, Counterflux, Abrupt Decay, Chance for Glory, Growth Spiral"
Omens of Chaos Foil Edition,Secret Lair Drop,Other,SLD,2026-05-12,29.95,"Batwing Brume, Counterflux, Abrupt Decay, Chance for Glory, Growth Spiral"
On the Hunt,Arena Starter Deck,Other,SNC,2022-09-09,22.98,"Arlinn, the Pack's Hope // Arlinn, the Moon's Fury, Tovolar, Dire Overlord // Tovolar, the Midnight Scourge, Rockfall Vale, Howling Moon, Halana and Alena, Partners"
One-Two Punch,Theme Deck,Other,ODY,2001-10-01,330.07,"Roar of the Wurm, Seize the Day, Moment's Peace, Forest, Volcanic Spray"
Onslaught Foil Redemption,MTGO Redemption,Other,ONS,2002-11-06,8613.43,"Flooded Strand, Polluted Delta, Wooded Foothills, Windswept Heath, Bloodstained Mire"
Onslaught Redemption,MTGO Redemption,Other,ONS,2002-11-06,8633.9,"Flooded Strand, Polluted Delta, Wooded Foothills, Windswept Heath, Bloodstained Mire"
Orc Attack,MTGO Theme Deck,Other,ME2,2008-09-22,0.0,"Mountain, Mountain, Mountain, Mishra's Factory, Gorilla Shaman"
Orcish 1,Jumpstart,Other,LTR,2023-11-03,21.43,"Warg Rider, Mirkwood Bats, Gorbag of Minas Morgul, Sam's Desperate Rescue, Gothmog, Morgul Lieutenant"
Orcish 2,Jumpstart,Other,LTR,2023-11-03,20.08,"Warg Rider, March from the Black Gate, Gorbag of Minas Morgul, Gothmog, Morgul Lieutenant, Dunland Crebain"
Ornithological Studies,Secret Lair Drop,Other,SLD,2020-06-09,50.86,"Swan Song, Birds of Paradise, Dovescape, Baleful Strix, Gilded Goose"
Orzhov,Guild Kit,Other,GK2,2019-02-15,72.81,"Smothering Tithe, Teysa Karlov, Ethereal Absolution, Teysa, Orzhov Scion, Vindictive Vampire"
Orzhov Auras,Pioneer Challenger Deck,Other,Q06,2021-10-15,19.69,"Sram, Senior Edificer, Cartouche of Solidarity, Concealed Courtyard, Caves of Koilos, Stonecoil Serpent"
Orzhov Humans,Pioneer Challenger Deck,Other,Q08,2022-11-04,37.17,"Godless Shrine, Thalia's Lieutenant, Mutavault, Concealed Courtyard, Bloodsoaked Champion"
Orzhov Oppression,Intro Pack,Other,GTC,2013-02-01,38.16,"Gift of Orzhova, Vizkopa Guildmage, Tormented Soul, Basilica Screecher, Dying Wish"
Orzhov Power,Intro Pack,Other,DGM,2013-05-03,50.7,"Crypt Ghast, Gift of Orzhova, Crypt Incursion, Basilica Screecher, Riot Control"
Orzhov Syndicate,Arena Starter Deck,Other,M20,2019-05-03,57.11,"Cruel Celebrant, Godless Shrine, Teysa Karlov, Priest of Forgotten Gods, Seraph of the Scales"
Orzhov Syndicate 1,Jumpstart,Other,CLU,2024-02-23,15.91,"Afterlife Insurance, Syndicate Heavy, Angel of Vitality, Council's Judgment, Glorifier of Dusk"
Orzhov Syndicate 2,Jumpstart,Other,CLU,2024-02-23,16.05,"Afterlife Insurance, Covetous Elegy, Seraph of the Scales, Orzhov Signet, Murder"
Otter Limits,Starter Kit,Other,BLB,2024-08-02,58.87,"Bria, Riptide Rogue, Mockingbird, Coruscation Mage, Stormcatch Mentor, Sword of Vengeance"
"Our Show Is On Friday, Can You Make It?",Secret Lair Drop,Other,SLD,2021-08-25,95.31,"Gamble, Nature's Lore, Wrath of God, Preordain, Decree of Pain"
Out for Blood,Arena Starter Deck,Other,ANB,2019-09-26,39.94,"Bolas's Citadel, Vampire of the Dire Moon, Knight of the Ebon Legion, Bloodthirsty Aerialist, Vindictive Vampire"
Out for Blood 2,Arena Starter Deck,Other,ANB,2020-03-12,22.02,"Vampire of the Dire Moon, Knight of the Ebon Legion, Piper of the Swarm, Bloodthirsty Aerialist, Vindictive Vampire"
Outlaw Anthology Vol. 1: Rebellious Renegades,Secret Lair Drop,Other,SLD,2024-05-30,53.69,"Tezzeret the Seeker, Griselbrand, Nicol Bolas, Planeswalker, Grenzo, Havoc Raiser"
Outlaw Anthology Vol. 1: Rebellious Renegades Foil Edition,Secret Lair Drop,Other,SLD,2024-05-30,53.69,"Tezzeret the Seeker, Griselbrand, Nicol Bolas, Planeswalker, Grenzo, Havoc Raiser"
Outlaw Anthology Vol. 2: Sinister Scoundrels,Secret Lair Drop,Other,SLD,2024-05-30,58.9,"Vorinclex, Voice of Hunger, Korvold, Fae-Cursed King, Memnarch, Karona, False God"
Outlaw Anthology Vol. 2: Sinister Scoundrels Foil Edition,Secret Lair Drop,Other,SLD,2024-05-30,58.9,"Vorinclex, Voice of Hunger, Korvold, Fae-Cursed King, Memnarch, Karona, False God"
Outlaw Posse,Arena Starter Deck,Other,OTJ,2024-07-08,26.18,"Raucous Theater, Tinybones, the Pickpocket, Charming Scoundrel, Shoot the Sheriff, Magda, the Hoardmaster"
Outlaws of Thunder Junction Foil Redemption,MTGO Redemption,Other,OTJ,2024-05-15,281.13,"Bristly Bill, Spine Sower, Terror of the Peaks, Gisa, the Hellraiser, Goldvein Hydra, The Gitrog, Ravenous Ride"
Outlaws of Thunder Junction Redemption,MTGO Redemption,Other,OTJ,2024-05-15,281.13,"Bristly Bill, Spine Sower, Terror of the Peaks, Gisa, the Hellraiser, Goldvein Hydra, The Gitrog, Ravenous Ride"
Overachiever 1,Jumpstart,Other,MOM,2023-04-20,3.1,"Meeting of Minds, Referee Squad, Island, Interdisciplinary Mascot, Oracle of Tragedy"
Overachiever 2,Jumpstart,Other,MOM,2023-04-20,2.93,"Referee Squad, Island, Interdisciplinary Mascot, Oracle of Tragedy, Zephyr Winder"
Overkill,Theme Deck,Other,SHM,2008-05-02,106.8,"Prismatic Omen, Mossbridge Troll, Farhaven Elf, Scuttlemutt, Juvenile Gloomwidow"
Ozai,Jumpstart,Other,TLE,2025-11-20,9.54,"Fire Lord Ozai, Scarring Memories, Swamp, Thriving Moor, Heartless Act"
Painflow,Theme Deck,Other,JUD,2002-05-27,295.12,"Roar of the Wurm, Krosan Wayfarer, Brawn, Moment's Peace, Forest"
Paladin,Shandalar Enemy Deck,Other,PAST,1997-04-01,23.51,"Swords to Plowshares, Magical Hack, Segovian Leviathan, Northern Paladin, Sleight of Mind"
Pandemonium,Theme Deck,Other,APC,2001-06-04,250.64,"Life // Death, Fertile Ground, Last Stand, Harrow, Evasive Action"
Pantheon's Power,Intro Pack,Other,JOU,2014-05-02,64.59,"Archetype of Finality, Archetype of Courage, Fate Unraveler, Doomwake Giant, Grim Guardian"
Paradise Frost,Secret Lair Drop,Other,SLD,2023-12-05,97.9,"Snow-Covered Forest, Snow-Covered Island, Snow-Covered Plains, Snow-Covered Swamp, Snow-Covered Mountain"
Paradise Frost Foil Edition,Secret Lair Drop,Other,SLD,2023-12-05,120.16,"Snow-Covered Island, Snow-Covered Forest, Snow-Covered Plains, Snow-Covered Swamp, Snow-Covered Mountain"
"Party Hard, Shred Harder",Secret Lair Drop,Other,SLD,2021-03-15,55.84,"Assassin's Trophy, Anguished Unmaking, Thraximundar, Dreadbore, Decimate"
Path of Blight,Intro Pack,Other,MBS,2011-02-04,64.08,"Plague Myr, Viridian Corrupter, Core Prowler, Decimator Web, Phyrexian Juggernaut"
Path to Victory,Intro Pack,Other,M13,2012-07-13,27.83,"Captain of the Watch, Plains, Ring of Thune, Plains, Island"
Paul McCabe - Red-Blue Aggro Control,World Championship Deck,Other,WC97,1997-08-13,83.42,"Force of Will, City of Brass, Pyrokinesis, Mind Stone, Undiscovered Paradise"
Peer Kröger - Reanimator,World Championship Deck,Other,WC03,2003-08-06,80.33,"Bloodstained Mire, Cabal Therapy, Entomb, Stitch Together, Anger"
Phyrexia,Duel Deck,Other,DDE,2010-03-19,48.6,"Phyrexian Negator, Lightning Greaves, Dark Ritual, Voltaic Key, Carrion Feeder"
Phyrexia: All Will Be One Foil Redemption,MTGO Redemption,Other,ONE,2023-03-08,362.55,"Mondrak, Glory Dominus, Solphim, Mayhem Dominus, Elesh Norn, Mother of Machines, All Will Be One, Atraxa, Grand Unifier"
Phyrexia: All Will Be One Redemption,MTGO Redemption,Other,ONE,2023-03-08,362.55,"Mondrak, Glory Dominus, Solphim, Mayhem Dominus, Elesh Norn, Mother of Machines, All Will Be One, Atraxa, Grand Unifier"
Phyrexia: All Will Be One Welcome Booster,Welcome Booster,Other,ONE,2023-02-10,16.92,"Atarka, World Render, Linvala, the Preserver, Commander's Sphere, Kaya, Bane of the Dead, Thrill of Possibility"
Phyrexian,Jumpstart,Other,JMP,2020-07-17,31.11,"Sheoldred, Whispering One, Phyrexian Reclamation, Swamp, Swamp, Malefic Scythe"
Phyrexian Assault,Theme Deck,Other,ULG,1999-02-15,258.95,"Phyrexian Reclamation, Engineered Plague, Phyrexian Plaguelord, Avalanche Riders, Bone Shredder"
Phyrexian Assault - Enhanced Deck,Enhanced Deck,Other,ULG,1999-02-15,274.66,"Phyrexian Reclamation, Reflecting Pool, Phyrexian Plaguelord, City of Brass, Avalanche Riders"
Phyrexian Faves,Secret Lair Drop,Other,SLD,2023-04-14,30.21,"Inkmoth Nexus, Blighted Agent, K'rrik, Son of Yawgmoth, Batterskull, Glistener Elf"
Phyrexian Faves Foil Edition,Secret Lair Drop,Other,SLD,2023-04-14,30.21,"Inkmoth Nexus, Blighted Agent, K'rrik, Son of Yawgmoth, Batterskull, Glistener Elf"
Phyrexian Poison,Intro Pack,Other,SOM,2010-10-01,73.43,"Ichorclaw Myr, Hand of the Praetors, Forest, Ichor Rats, Necropede"
Phyrexian Praetors: Compleat Edition,Secret Lair Drop,Other,SLD,2021-10-29,51.98,"Sheoldred, Whispering One, Elesh Norn, Grand Cenobite, Jin-Gitaxias, Core Augur, Vorinclex, Voice of Hunger, Urabrask the Hidden"
Phyrexian Praetors: Compleat Edition Foil Edition,Secret Lair Drop,Other,SLD,2021-10-29,51.98,"Sheoldred, Whispering One, Elesh Norn, Grand Cenobite, Jin-Gitaxias, Core Augur, Vorinclex, Voice of Hunger, Urabrask the Hidden"
Pick 'em & Stick 'em,Secret Lair Drop,Other,SLD,2025-03-25,64.86,"Hedron Crab, Pitiless Plunderer, Clever Impersonator, Thalia, Heretic Cathar, Sticker sheet"
Pick 'em & Stick 'em Foil Edition,Secret Lair Drop,Other,SLD,2025-03-25,64.86,"Hedron Crab, Pitiless Plunderer, Clever Impersonator, Thalia, Heretic Cathar, Sticker sheet"
Pictures of the Floating World,Secret Lair Drop,Other,SLD,2022-07-22,38.48,"Mosswort Bridge, Spinerock Knoll, Windbrisk Heights, Shelldock Isle, Howltooth Hollow"
Pictures of the Floating World Foil Edition,Secret Lair Drop,Other,SLD,2022-07-22,38.48,"Mosswort Bridge, Spinerock Knoll, Windbrisk Heights, Shelldock Isle, Howltooth Hollow"
Pirates,Jumpstart,Other,FDN,2024-11-15,3.36,"Eaten by Piranhas, Tolarian Terror, Spectral Sailor, Cancel, Bigfin Bouncer"
Pirates (1),Jumpstart,Other,JMP,2020-07-17,4.26,"Coastal Piracy, Corsair Captain, Island, Chart a Course, Spectral Sailor"
Pirates (2),Jumpstart,Other,JMP,2020-07-17,3.86,"Corsair Captain, Island, Chart a Course, Curious Obsession, Capture Sphere"
Pixel Perfect,Secret Lair Drop,Other,SLD,2024-10-15,90.41,"Fierce Guardianship, Delayed Blast Fireball, Mana Geyser, Lightning Bolt"
Pixel Perfect Foil Edition,Secret Lair Drop,Other,SLD,2024-10-15,90.41,"Fierce Guardianship, Delayed Blast Fireball, Mana Geyser, Lightning Bolt"
PixelLands_v02.jpg,Secret Lair Drop,Other,SLD,2023-11-30,111.18,"Swamp, Island, Mountain, Forest, Plains"
PixelLands_v02.jpg Foil Edition,Secret Lair Drop,Other,SLD,2023-11-30,111.18,"Swamp, Island, Mountain, Forest, Plains"
PixelSnowLands.jpg,Secret Lair Drop,Other,SLD,2022-05-06,72.92,"Snow-Covered Island, Snow-Covered Swamp, Snow-Covered Forest, Snow-Covered Plains, Snow-Covered Mountain"
PixelSnowLands.jpg Foil Edition,Secret Lair Drop,Other,SLD,2022-05-06,72.92,"Snow-Covered Island, Snow-Covered Swamp, Snow-Covered Forest, Snow-Covered Plains, Snow-Covered Mountain"
PixelSnowLands.jpg Foil Etched Edition,Secret Lair Drop,Other,SLD,2022-05-06,72.92,"Snow-Covered Island, Snow-Covered Swamp, Snow-Covered Forest, Snow-Covered Plains, Snow-Covered Mountain"
Planar Chaos Foil Redemption,MTGO Redemption,Other,PLC,2007-03-04,1525.47,"Urborg, Tomb of Yawgmoth, Simian Spirit Guide, Damnation, Temporal Extortion, Pyrohemia"
Planar Chaos Redemption,MTGO Redemption,Other,PLC,2007-03-04,1525.47,"Urborg, Tomb of Yawgmoth, Simian Spirit Guide, Damnation, Temporal Extortion, Pyrohemia"
Planechase Anthology Planes,Box Set,Other,PCA,2016-11-25,330.74,"Tazeem, Goldmeadow, Izzet Steam Maze, Pools of Becoming, Bant"
Planeshift Foil Redemption,MTGO Redemption,Other,PLS,2001-03-07,2773.37,"Diabolic Intent, Meddling Mage, Orim's Chant, Eladamri's Call, Forsaken City"
Planeshift Redemption,MTGO Redemption,Other,PLS,2001-03-07,2773.37,"Diabolic Intent, Meddling Mage, Orim's Chant, Eladamri's Call, Forsaken City"
Play-Doh: Squishful Thinking,Secret Lair Drop,Other,SLD,2025-10-06,52.8,"Polyraptor, Academy Manufactor, Greensleeves, Maro-Sorcerer, Wurmcoil Engine"
Play-Doh: Squishful Thinking Foil Edition,Secret Lair Drop,Other,SLD,2025-10-06,52.8,"Polyraptor, Academy Manufactor, Greensleeves, Maro-Sorcerer, Wurmcoil Engine"
Player A's advanced pack,Advanced Pack,Other,S00,2000-04-24,4.18,"Swamp, Mountain, Forest, Llanowar Elves, Swamp"
Player A's deck,Starter Deck,Other,S00,2000-04-24,6.47,"Swamp, Mountain, Forest, Monstrous Growth, Mountain"
Player B's advanced pack,Advanced Pack,Other,S00,2000-04-24,6.33,"Counterspell, Island, Plains, Island, Island"
Player B's deck,Starter Deck,Other,S00,2000-04-24,5.6,"Island, Island, Plains, Island, Island"
Plus One (1),Jumpstart,Other,JMP,2020-07-17,4.25,"Invigorating Surge, Primeval Bounty, Wildwood Scourge, Pridemalkin, Hunter's Edge"
Plus One (2),Jumpstart,Other,JMP,2020-07-17,10.5,"Branching Evolution, Invigorating Surge, Wildwood Scourge, Pridemalkin, Hunter's Edge"
Plus One (3),Jumpstart,Other,JMP,2020-07-17,4.43,"Invigorating Surge, Wildwood Scourge, Pridemalkin, Inspiring Call, Rishkar, Peema Renegade"
Plus One (4),Jumpstart,Other,JMP,2020-07-17,13.3,"Branching Evolution, Champion of Lambholt, Invigorating Surge, Wildwood Scourge, Pridemalkin"
Poker Faces,Secret Lair Drop,Other,SLD,2024-05-30,36.9,"Professional Face-Breaker, Goblin King, Jaxis, the Troublemaker, Rankle, Master of Pranks, Coffin Queen"
Poker Faces Foil Edition,Secret Lair Drop,Other,SLD,2024-05-30,36.9,"Professional Face-Breaker, Goblin King, Jaxis, the Troublemaker, Rankle, Master of Pranks, Coffin Queen"
Political Trickery,Game Night Deck,Other,GN3,2022-10-14,24.25,"Maeve, Insidious Singer, Counterspell, Split Decision, Diluvian Primordial, Plea for Power"
Ponies: The Galloping,Box Set,Other,PTG,2019-10-22,347.79,"Princess Twilight Sparkle, Rarity, Nightmare Moon // Princess Luna"
Ponies: The Galloping 2,Secret Lair Drop,Other,SLD,2024-03-14,164.12,"Rainbow Dash, Pinkie Pie, Fluttershy, Applejack"
Ponies: The Galloping 2 Foil Edition,Secret Lair Drop,Other,SLD,2024-03-14,164.12,"Rainbow Dash, Pinkie Pie, Fluttershy, Applejack"
Post Malone: Backstage Pass,Secret Lair Drop,Other,SLD,2022-12-05,61.49,"Bolas's Citadel, K'rrik, Son of Yawgmoth, Jet Medallion, Leshrac's Sigil"
Post Malone: Backstage Pass Foil Edition,Secret Lair Drop,Other,SLD,2022-12-05,61.49,"Bolas's Citadel, K'rrik, Son of Yawgmoth, Jet Medallion, Leshrac's Sigil"
Post Malone: The Lands,Secret Lair Drop,Other,SLD,2022-12-05,60.81,"Swamp, Forest, Island, Mountain, Plains"
Post Malone: The Lands Foil Edition,Secret Lair Drop,Other,SLD,2022-12-05,60.81,"Swamp, Forest, Island, Mountain, Plains"
Power,Clash Pack,Other,FRF,2015-01-23,51.59,"Merciless Executioner, Monastery Siege, Murderous Cut, Treasure Cruise, Opulent Palace"
Power and Profit,Clash Pack,Other,FRF,2015-01-23,83.49,"Merciless Executioner, Whip of Erebos, Nyx Weaver, Monastery Siege, Eidolon of Blossoms"
Power of Prophecy,Intro Pack,Other,M11,2010-07-16,53.21,"Plains, Stormtide Leviathan, Crystal Ball, Plains, Augury Owl"
Power to the People,Arena Starter Deck,Other,OTJ,2024-07-08,59.14,"Delney, Streetwise Lookout, Shadowy Backstreet, Deep-Cavern Bat, Rankle's Prank, Assemble the Players"
Powerful (1),Jumpstart,Other,TLE,2025-11-20,5.69,"Fang, Roku's Companion, Mountain, Uncle Iroh, Thriving Bluff, Iroh's Demonstration"
Powerful (2),Jumpstart,Other,TLE,2025-11-20,5.84,"Fang, Roku's Companion, Mountain, Uncle Iroh, Thriving Bluff, Cathartic Reunion"
Powerstones 1,Jumpstart,Other,BRO,2022-11-18,3.32,"Geology Enthusiast, Island, Island, Urza's Rebuff, Combat Courier"
Powerstones 2,Jumpstart,Other,BRO,2022-11-18,3.41,"Geology Enthusiast, Hulking Metamorph, Island, Island, Combat Courier"
Preconstructed deck 1,Starter Deck,Other,S99,1999-07-12,9.48,"Swamp, Swamp, Mountain, Mountain, Trained Orgg"
Preconstructed deck 2,Starter Deck,Other,S99,1999-07-12,7.14,"Plains, Plains, Island, Island, Island"
Predatory (1),Jumpstart,Other,JMP,2020-07-17,11.28,"Neyith of the Dire Hunt, Fungal Rebirth, Irresistible Prey, Dawntreader Elk, Sabertooth Mauler"
Predatory (2),Jumpstart,Other,JMP,2020-07-17,11.4,"Neyith of the Dire Hunt, Fungal Rebirth, Irresistible Prey, Dawntreader Elk, Sabertooth Mauler"
Predatory (3),Jumpstart,Other,JMP,2020-07-17,3.87,"Fungal Rebirth, Irresistible Prey, Dawntreader Elk, Sabertooth Mauler, Forest"
Predatory (4),Jumpstart,Other,JMP,2020-07-17,6.82,"Momentous Fall, Ravenous Baloth, Fungal Rebirth, Irresistible Prey, Dawntreader Elk"
Presence of Mind,Intro Pack,Other,M10,2009-07-17,32.02,"Telepathy, Island, Sleep, Swamp, Clone"
Pressure Cooker,Theme Deck,Other,ODY,2001-10-01,402.69,"Braids, Cabal Minion, Cabal Pit, Mountain, Innocent Blood, Swamp"
"Preston Poulter, Semifinalist",Pro Tour Deck,Other,PTC,1996-05-01,123.82,"Sylvan Library, Land Tax, Strip Mine, Armageddon, Mishra's Factory"
Price Of Glory,Intro Pack,Other,M15,2014-07-18,23.21,"Mass Calcify, Sign in Blood, Staff of the Death Magus, Resolute Archangel, Ulcerate"
Pride Across the Multiverse,Secret Lair Drop,Other,SLD,2022-08-05,134.09,"Mana Confluence, Sol Ring, Bearscape, Collective Voyage, Savor the Moment"
Pride Across the Multiverse Foil Edition,Secret Lair Drop,Other,SLD,2022-08-05,134.09,"Mana Confluence, Sol Ring, Bearscape, Collective Voyage, Savor the Moment"
Prideful,Jumpstart,Other,J25,2024-11-07,8.75,"Brimaz, King of Oreskos, King of the Pride, Thriving Heath, Dawnwing Marshal, Leonin Vanguard"
Priestess,Shandalar Enemy Deck,Other,PAST,1997-04-01,60.43,"Spirit Link, Elder Land Wurm, Swords to Plowshares, Fortified Area, Blessing"
Primal,Jumpstart,Other,FDN,2024-11-15,3.81,"Bear Cub, Aggressive Mammoth, Bite Down, Wildwood Scourge, Forest"
Primal Fury,Arena Starter Deck,Other,M19,2018-09-27,48.87,"Silverclad Ferocidons, Rootbound Crag, Knight of the Stampede, Colossal Majesty, Carnage Tyrant"
Primates,Jumpstart,Other,J22,2022-12-02,22.39,"Kibo, Uktabi Prince, Ram Through, Uktabi Orangutan, Monkey Cage, Cultivate"
Prime Slime,Secret Lair Drop,Other,SLD,2020-08-17,31.51,"Necrotic Ooze, Scavenging Ooze, The Mimeoplasm, Acidic Slime, Voidslime"
Primordial Hunger,Planechase Deck,Other,PCA,2016-11-25,28.31,"Dragonlair Spider, Mycoloth, Thromok the Insatiable, Khalni Garden, Skarrg, the Rage Pits"
Primordial Jund,Intro Pack,Other,ALA,2008-10-03,46.06,"Mycoloth, Swamp, Forest, Forest, Mountain"
Prints Charming,Secret Lair Drop,Other,SLD,2026-02-03,75.91,"Nature's Lore, Dryad Arbor, Skyshroud Claim, Wood Elves"
Prints Charming Foil Edition,Secret Lair Drop,Other,SLD,2026-02-03,75.91,"Nature's Lore, Dryad Arbor, Skyshroud Claim, Wood Elves"
Prints of Darkness,Secret Lair Drop,Other,SLD,2024-07-10,69.54,"Dictate of Erebos, Mayhem Devil, Moldervine Reclamation, Prossh, Skyraider of Kher, Fecundity"
Prints of Darkness Foil Edition,Secret Lair Drop,Other,SLD,2024-07-10,69.54,"Dictate of Erebos, Mayhem Devil, Moldervine Reclamation, Prossh, Skyraider of Kher, Fecundity"
Prismat,Shandalar Enemy Deck,Other,PAST,1997-04-01,6848.06,"Mox Emerald, Mox Pearl, Mountain, Ivory Tower, Sol Ring"
Prismatic Nightmares,Secret Lair Drop,Other,SLD,2024-02-23,99.04,"Simian Spirit Guide, Rain of Filth, Arcane Denial, Nightscape Familiar, Prince of Thralls"
Prismatic Nightmares Foil Edition,Secret Lair Drop,Other,SLD,2024-02-23,156.17,"Simian Spirit Guide, Rain of Filth, Arcane Denial, Nightscape Familiar, Prince of Thralls"
Profit,Clash Pack,Other,FRF,2015-01-23,53.58,"Whip of Erebos, Nyx Weaver, Eidolon of Blossoms, Doomwake Giant, Grim Guardian"
Progress 1,Jumpstart,Other,ONE,2023-02-10,2.76,"Thrummingbird, Serum Snare, Serum Sovereign, Distorted Curiosity, The Surgical Bay"
Progress 2,Jumpstart,Other,ONE,2023-02-10,3.3,"Thrummingbird, Experimental Augury, Serum Sovereign, Distorted Curiosity, The Surgical Bay"
Psychic Labyrinth,Intro Pack,Other,M14,2013-07-19,16.01,"Archaeomancer, Clone, Warden of Evos Isle, Coral Merfolk, Plains"
Pulverize,Theme Deck,Other,SCG,2003-05-26,111.03,"Pyrostatic Pillar, Parallel Thoughts, Island, Dispersal Shield, Mischievous Quanar"
Pummel,Theme Deck,Other,PCY,2000-06-05,435.59,"Hickory Woodlot, Skyshroud Claim, Spore Frog, Vine Trellis, Invigorate"
Pumped Up,Intro Pack,Other,ZEN,2009-10-02,37.38,"Rite of Replication, Burst Lightning, Hellkite Charger, Sleep, Into the Roil"
Purrfection,Secret Lair Drop,Other,SLD,2021-10-22,296.69,"Kodama's Reach, Generous Gift, Heirloom Blade, Chain Lightning"
Purrfection Foil Edition,Secret Lair Drop,Other,SLD,2021-10-22,296.69,"Kodama's Reach, Generous Gift, Heirloom Blade, Chain Lightning"
Queltosh,Shandalar Enemy Deck,Other,PAST,1997-04-01,2605.21,"Candelabra of Tawnos, Mountain, Land Tax, Eye for an Eye, Time Elemental"
Radiant's Revenge,Theme Deck,Other,ULG,1999-02-15,309.7,"Mother of Runes, Ring of Gix, Miscalculation, Raven Familiar, Urza's Blueprints"
Radiant's Revenge - Enhanced Deck,Enhanced Deck,Other,ULG,1999-02-15,610.44,"Palinchron, Miscalculation, Faerie Conclave, Reflecting Pool, Forbidding Watchtower"
Raid 1,Jumpstart,Other,J22,2022-12-02,2.33,"Daring Piracy, Kari Zev, Skyship Raider, Thriving Bluff, Goblin Oriflamme, Mountain"
Raid 2,Jumpstart,Other,J22,2022-12-02,9.38,"Glint-Horn Buccaneer, Daring Piracy, Bag of Holding, Thriving Bluff, Mountain"
Raid 3,Jumpstart,Other,J22,2022-12-02,5.76,"Brazen Cannonade, Daring Piracy, Thriving Bluff, Mountain, Axgard Cavalry"
Raid 4,Jumpstart,Other,J22,2022-12-02,5.85,"Brazen Cannonade, Daring Piracy, Thriving Bluff, Borderland Marauder, Mountain"
Rainbow,Jumpstart,Other,JMP,2020-07-17,5.41,"Maelstrom Archangel, Alloy Myr, Swamp, Plains, Island"
Rakdos,Guild Kit,Other,GK2,2019-02-15,39.09,"Utvara Hellkite, Master of Cruelties, Rakdos, Lord of Riots, Spawn of Mayhem, Rakdos the Defiler"
Rakdos Bloodsport,Theme Deck,Other,DIS,2006-05-05,67.03,"Rix Maadi, Dungeon Palace, Lyzolda, the Blood Witch, Rakdos Signet, Seal of Fire, Ignorant Bliss"
Rakdos Raid,Intro Pack,Other,RTR,2012-10-05,20.81,"Tormented Soul, Shrieking Affliction, Blood Reckoning, Swamp, Ravenous Rats"
Rakdos Revelry,Intro Pack,Other,DGM,2013-05-03,16.11,"Guttersnipe, Havoc Festival, Carnage Gladiator, Toil // Trouble, Swamp"
Rakdos Vampires,Challenger Deck,Other,Q07,2022-04-01,24.17,"Blightstep Pathway // Searstep Pathway, Florian, Voldaren Scion, Swamp, Den of the Bugbear, Henrika Domnathi // Henrika, Infernal Seer"
"Ral, Caller of Storms",Planeswalker Deck,Other,GRN,2018-10-05,8.07,"Ral, Caller of Storms, Mountain, Island, Hellkite Whelp, Goblin Electromancer"
Rally and Rout,Event Deck,Other,GTC,2013-02-22,57.18,"Boros Charm, Champion of the Parish, Thalia, Guardian of Thraben, Clifftop Retreat, Slayers' Stronghold"
Rallying Cry,Intro Pack,Other,BFZ,2015-10-02,21.98,"Hero of Goma Fada, Angelic Captain, Chasm Guide, Resolute Blademaster, Angel of Renewal"
"Randy Buehler - Draw, Go",World Championship Deck,Other,WC98,1998-08-12,16.95,"Mana Leak, Counterspell, Island, Force Spike, Dissipate"
Raphael,Theme Deck,Other,TMT,2026-03-06,12.76,"Raphael, Tag Team Tough, Skateboard, Casey & Raph, Hotheads, Casey Jones, Asphalt Hooligan, Definitely Not a Turtle"
Raphael Levy - Le Wonder Goose,World Championship Deck,Other,WC02,2002-08-14,62.02,"Yavimaya Coast, Mental Note, Island, Island, Island"
Rapid Fire,Intro Pack,Other,WWK,2010-02-05,46.5,"Chain Reaction, Searing Blaze, Kor Skyfisher, Ruin Ghost, Steppe Lynx"
Rats,Jumpstart,Other,J22,2022-12-02,60.97,"Ashcoat of the Shadow Swarm, Infiltration Lens, Crypt Rats, Ogre Slumlord, Nezumi Bone-Reader"
Rats' Nest,Theme Deck,Other,BOK,2005-02-04,372.41,"Umezawa's Jitte, Shuko, Throat Slitter, Skullsnatcher, Okiba-Gang Shinobi"
Ravaging Swarm,Intro Pack,Other,NPH,2011-05-13,109.76,"Inexorable Tide, Viral Drake, Blighted Agent, Corrupted Conscience, Forest"
Ravenous Rats,Theme Deck,Other,PSAL,2005-08-01,0.0,"Swamp, Swamp, Swamp, Swamp, Swamp"
Ravnica Allegiance Foil Redemption,MTGO Redemption,Other,RNA,2019-02-24,393.5,"Smothering Tithe, Blood Crypt, Hallowed Fountain, Breeding Pool, Godless Shrine"
Ravnica Allegiance Redemption,MTGO Redemption,Other,RNA,2019-02-24,393.5,"Smothering Tithe, Blood Crypt, Hallowed Fountain, Breeding Pool, Godless Shrine"
Ravnica: City of Guilds Foil Redemption,MTGO Redemption,Other,RAV,2005-11-06,1967.37,"Watery Grave, Doubling Season, Overgrown Tomb, Life from the Loam, Sacred Foundry"
Ravnica: City of Guilds Redemption,MTGO Redemption,Other,RAV,2005-11-06,1967.37,"Watery Grave, Doubling Season, Overgrown Tomb, Life from the Loam, Sacred Foundry"
Read the Fine Print,Secret Lair Drop,Other,SLD,2022-01-28,47.46,"Razaketh, the Foulblooded, Griselbrand, Liliana's Contract, Demonlord Belzenlok, Kothophed, Soul Hoarder"
Read the Fine Print Foil Edition,Secret Lair Drop,Other,SLD,2022-01-28,47.46,"Razaketh, the Foulblooded, Griselbrand, Liliana's Contract, Demonlord Belzenlok, Kothophed, Soul Hoarder"
Read the Fine Print Foil Etched Edition,Secret Lair Drop,Other,SLD,2022-01-28,47.46,"Razaketh, the Foulblooded, Griselbrand, Liliana's Contract, Demonlord Belzenlok, Kothophed, Soul Hoarder"
Ready to Attack,Jumpstart,Other,DMU,2022-09-09,6.07,"Mountain, Twinferno, Ragefire Hellkite, Electrostatic Infantry, Phoenix Chick"
Ready to Charge,Jumpstart,Other,DMU,2022-09-09,5.94,"Mountain, Twinferno, Ragefire Hellkite, Electrostatic Infantry, Balduvian Berserker"
Reality Fracture,Theme Deck,Other,TSP,2006-10-06,300.0,"Claws of Gix, Grapeshot, Clockspinning, Deep-Sea Kraken, Whispers of the Muse"
Reanimated (1),Jumpstart,Other,JMP,2020-07-17,12.36,"Reanimate, Swamp, Archfiend's Vessel, Swamp, Goremand"
Reanimated (2),Jumpstart,Other,JMP,2020-07-17,12.21,"Reanimate, Swamp, Swamp, Goremand, Crypt Lurker"
Reanimated (3),Jumpstart,Other,JMP,2020-07-17,9.21,"Exhume, Swamp, Scourge of Nel Toth, Swamp, Goremand"
Reanimated (4),Jumpstart,Other,JMP,2020-07-17,10.26,"Rise of the Dark Realms, Swamp, Swamp, Goremand, Crypt Lurker"
Rebel Armory,Arena Starter Deck,Other,LTR,2023-06-20,16.72,"Nahiri, Forged in Fury, Danitha, Benalia's Hope, Battlefield Forge, Astor, Bearer of Blades, Bladehold War-Whip"
Rebel's Call,Theme Deck,Other,MMQ,1999-10-04,185.49,"Cho-Manno, Revolutionary, Nightwind Glider, Fountain of Cho, Disenchant, Moonlit Wake"
Rebel's Call - Enhanced Deck,Enhanced Deck,Other,MMQ,1999-10-04,697.15,"Dust Bowl, Cave-In, Reverent Mantra, Mother of Runes, City of Brass"
Rebelling (1),Jumpstart,Other,TLE,2025-11-20,20.37,"Longshot, Rebel Bowman, Smellerbee, Rebel Fighter, Zuko, Seeking Honor, Mountain, Thriving Bluff"
Rebelling (2),Jumpstart,Other,TLE,2025-11-20,24.64,"Longshot, Rebel Bowman, Overwhelming Victory, Smellerbee, Rebel Fighter, Zuko, Seeking Honor, Mountain"
Rebellious 1,Jumpstart,Other,ONE,2023-02-10,3.05,"Rhuk, Hexgold Nabber, Volt Charge, Barbed Batterfist, Rebel Salvo, Hexgold Halberd"
Rebellious 2,Jumpstart,Other,ONE,2023-02-10,3.22,"Rhuk, Hexgold Nabber, Blazing Crescendo, Bladegraft Aspirant, Barbed Batterfist, Hexgold Halberd"
Rebels Unite,Theme Deck,Other,FUT,2007-05-04,44.42,"Dawn Charm, Big Game Hunter, Terramorphic Expanse, Magus of the Abyss, Amrou Scout"
Red,Halfdeck,Other,UND,2020-02-28,4.33,"Mountain, Goblin Tutor, Scissors Lizard, Strategy, Schmategy, Krark's Other Thumb"
Red Burn,Deck Builder's Toolkit,Other,ROE,2010-05-21,30.52,"Lightning Bolt, Searing Blaze, Burst Lightning, Kiln Fiend, Fireball"
Red Deck,Welcome Deck,Other,W16,2016-04-08,5.01,"Rolling Thunder, Pyre Hound, Outnumber, Hulking Devil, Brute Strength"
Red Deck A,Sample Deck,Other,M12,2011-07-15,8.65,"Mountain, Mountain, Mountain, Arc Trail, Mountain"
Red Deck B,Sample Deck,Other,M12,2011-07-15,28.16,"Goblin Grenade, Goblin Wardriver, Mountain, Mountain, Goblin Fireslinger"
Red Green Monstrosity,Deck Builder's Toolkit,Other,M15,2014-07-18,5.01,"Market Festival, Ancient Silverback, Peregrination, Stoneshock Giant, Fall of the Hammer"
Red Sample Deck,Sample Deck,Other,M15,2014-07-18,6.59,"Lightning Strike, Mountain, Goblin Roughrider, Paragon of Fierce Defiance, Mountain"
Red White Auras,Deck Builder's Toolkit,Other,M15,2014-07-18,5.79,"Vanguard of Brimaz, Akroan Crusader, Brood Keeper, Heliod's Pilgrim, Chosen by Heliod"
Red and Black Pirates,Deck Builder's Toolkit,Other,XLN,2017-09-29,4.84,"Fiery Cannonade, Lightning-Rig Crew, March of the Drowned, Kitesail Freebooter, Rigging Runner"
Red and Colorless Artifacts,Deck Builder's Toolkit,Other,KLD,2016-09-30,13.2,"Reckless Fireweaver, Foundry Inspector, Terrarion, Salivating Gremlins, Eager Construct"
Red and Green Aggro,Deck Builder's Toolkit,Other,AKH,2017-04-28,4.67,"Cartouche of Strength, Ahn-Crop Crasher, Cartouche of Zeal, Crocodile of the Crossing, Fling"
Red and Green Dinosaurs,Deck Builder's Toolkit,Other,XLN,2017-09-29,9.53,"Ranging Raptors, Raging Swordtooth, Charging Monstrosaur, Raptor Hatchling, Sun-Crowned Hunters"
Red and Green Wolves,Deck Builder's Toolkit,Other,KLD,2016-09-30,5.11,"Blossoming Defense, Ulrich's Kindred, Pack Guardian, Quilled Wolf, Wolfkin Bond"
Red and White,Deck Builder's Toolkit,Other,KLD,2016-09-30,3.33,"Cathartic Reunion, Fairgrounds Warden, Spireside Infiltrator, Steadfast Cathar, Make Mischief"
Red and White Aggro,Deck Builder's Toolkit,Other,AKH,2017-04-28,6.53,"Cartouche of Solidarity, Ahn-Crop Crasher, Cartouche of Zeal, Honored Crop-Captain, Trial of Solidarity"
Red and White Dinosaurs,Deck Builder's Toolkit,Other,XLN,2017-09-29,6.93,"Kinjalli's Caller, Charging Monstrosaur, Sky Terror, Dinosaur Stampede, Imperial Aerosaur"
Red-Green Aggro,Deck Builder's Toolkit,Other,ROE,2010-05-21,4.54,"Summit Apes, Borderland Ranger, Goblin Shortcutter, Trusty Machete, Centaur Courser"
Red-White,Starter Kit,Other,FIN,2025-06-13,21.38,"Ultima Weapon, Rosa, Resolute White Mage, Cloud, Planet's Champion, Beatrix, Loyal General, Lightning, Security Sergeant"
Red-White Deck,Spellslinger Starter Kit,Other,M19,2018-10-05,14.41,"Lightning Strike, Charging Monstrosaur, Goblin Motivator, Sky Terror, Demanding Dragon"
Reign of Vampirism,Intro Pack,Other,M11,2010-07-16,43.02,"Viscera Seer, Royal Assassin, Cultivate, Captivating Vampire, Diabolic Tutor"
Reinforced (1),Jumpstart,Other,TLE,2025-11-20,6.63,"Zuko, Seeking Honor, Swamp, Fire Nation Salvagers, Feed the Swarm, Thriving Moor"
Reinforced (2),Jumpstart,Other,TLE,2025-11-20,6.44,"Zuko, Seeking Honor, Swamp, Fire Nation Salvagers, Thriving Moor, Long Feng, Grand Secretariat"
Reinforcement 1,Jumpstart,Other,MOM,2023-04-20,15.64,"Orthion, Hero of Lavabrink, Axgard Artisan, Mountain, Volcanic Spite, Ral's Reinforcements"
Reinforcement 2,Jumpstart,Other,MOM,2023-04-20,15.65,"Orthion, Hero of Lavabrink, Axgard Artisan, Mountain, Mirran Banesplitter, Volcanic Spite"
Relentless (1),Jumpstart,Other,TLE,2025-11-20,7.48,"Fire Nation Occupation, Ruthless Waterbender, Swamp, Thriving Moor, Buzzard-Wasp Colony"
Relentless (2),Jumpstart,Other,TLE,2025-11-20,6.76,"Fire Nation Occupation, Swamp, Thriving Moor, Heartless Act, Joo Dee, One of Many"
Relentless Dead,Intro Pack,Other,DKA,2012-02-03,43.57,"Endless Ranks of the Dead, Diregraf Captain, Island, Swamp, Black Cat"
Relentless Rush,Intro Pack,Other,DTK,2015-03-27,20.48,"Impact Tremors, Foul-Tongue Shriek, Duress, Mountain, Swift Warkite"
Relic Breaker,Intro Pack,Other,SOM,2010-10-01,87.71,"Asceticism, Viridian Revel, Forest, Iron Myr, Copper Myr"
Relics of Doom,Theme Deck,Other,PS11,2011-01-01,0.0,"Island, Island, Island, Island, Swamp"
Repeat Performance,Event Deck,Other,M13,2012-08-03,132.06,"Green Sun's Zenith, Razorverge Thicket, Avacyn's Pilgrim, Arbor Elf, Plains"
Repel the Dark,Intro Pack,Other,ISD,2011-09-30,28.81,"Avacyn's Pilgrim, Fiend Hunter, Overrun, Forest, Bonds of Faith"
Replicator,Theme Deck,Other,NEM,2000-02-14,194.86,"Saproling Burst, Invigorate, Blastoderm, Bog Witch, Saproling Cluster"
Replicator - Enhanced Deck,Enhanced Deck,Other,NEM,2000-02-14,293.06,"Rancor, Treetop Village, Collective Unconscious, Vine Trellis, Spontaneous Generation"
Restless in Peace,Secret Lair Drop,Other,SLD,2019-12-05,30.03,"Life from the Loam, Bloodghast, Golgari Thug"
Return to Mystical Archive,Secret Lair Drop,Other,SLD,2026-05-12,0.0,"Duty Beyond Death, Spell Pierce, Zombify, Abrade, Shared Roots"
Return to Mystical Archive Foil Edition,Secret Lair Drop,Other,SLD,2026-05-12,0.0,"Duty Beyond Death, Spell Pierce, Zombify, Abrade, Shared Roots"
Return to Ravnica Foil Redemption,MTGO Redemption,Other,RTR,2012-11-04,574.38,"Cyclonic Rift, Deathrite Shaman, Blood Crypt, Steam Vents, Jarad, Golgari Lich Lord"
Return to Ravnica Redemption,MTGO Redemption,Other,RTR,2012-11-04,574.38,"Cyclonic Rift, Deathrite Shaman, Blood Crypt, Steam Vents, Jarad, Golgari Lich Lord"
Ride Like the Wind,MTGO Theme Deck,Other,MIR,2006-12-05,11.07,"Mountain, Plains, Telim'Tor, Mountain, Sidar Jabari"
Riders 1,Jumpstart,Other,LTR,2023-11-03,12.48,"Riders of the Mark, Rising of the Day, Rally at the Hornburg, Quarrel's End, Smite the Deathless"
Riders 2,Jumpstart,Other,LTR,2023-11-03,11.76,"Riders of the Mark, Rally at the Hornburg, Smite the Deathless, Mountain, Erkenbrand, Lord of Westfold"
Rise of the Eldrazi Foil Redemption,MTGO Redemption,Other,ROE,2010-05-23,1931.24,"Emrakul, the Aeons Torn, Kozilek, Butcher of Truth, Linvala, Keeper of Silence, Ulamog, the Infinite Gyre, Nirkana Revenant"
Rise of the Eldrazi Redemption,MTGO Redemption,Other,ROE,2010-05-23,1931.24,"Emrakul, the Aeons Torn, Kozilek, Butcher of Truth, Linvala, Keeper of Silence, Ulamog, the Infinite Gyre, Nirkana Revenant"
Rise of the Vampires,Intro Pack,Other,ZEN,2009-10-02,53.43,"Blood Tribute, Malakir Bloodwitch, Diabolic Tutor, Vampire Nighthawk, Vampire's Bite"
Rituals of Rebirth,Theme Deck,Other,PLC,2007-02-02,241.39,"Wall of Roots, Essence Warden, Teneb, the Harvester, Rebuff the Wicked, Jedit Ojanen of Efrava"
Rivals of Ixalan Foil Redemption,MTGO Redemption,Other,RIX,2018-02-18,406.37,"Nezahal, Primal Tide, Polyraptor, The Immortal Sun, Storm the Vault // Vault of Catlacan, Pitiless Plunderer"
Rivals of Ixalan Redemption,MTGO Redemption,Other,RIX,2018-02-18,406.37,"Nezahal, Primal Tide, Polyraptor, The Immortal Sun, Storm the Vault // Vault of Catlacan, Pitiless Plunderer"
River Heralds,Theme Deck,Other,E02,2017-11-24,33.9,"Time Warp, Tempest Caller, Island, Soul of the Harvest, Rancor"
Rogues (1),Jumpstart,Other,JMP,2020-07-17,4.9,"Rogue's Gloves, Thieves' Guild Enforcer, Swamp, Oona's Blackguard, Alchemist's Gift"
Rogues (2),Jumpstart,Other,JMP,2020-07-17,4.6,"Rogue's Gloves, Thieves' Guild Enforcer, Swamp, Oona's Blackguard, Alchemist's Gift"
Roku,Jumpstart,Other,TLE,2025-11-20,26.76,"Avatar Roku, Firebender, Frantic Confrontation, Fang, Roku's Companion, Loyal Fire Sage, Mountain"
Rot from Within,Event Deck,Other,NPH,2011-06-10,180.88,"Green Sun's Zenith, Inkmoth Nexus, Mutagenic Growth, Ichorclaw Myr, Overgrown Battlement"
Rough and Tumble,Arena Starter Kit,Other,AFR,2021-08-06,5.07,"Evolving Wilds, Asmodeus the Archfiend, Oran-Rief Ooze, Rabid Bite, Dragonsguard Elite"
Rough and Tumble Amazon,Arena Starter Kit,Other,AFR,2021-08-06,5.07,"Evolving Wilds, Asmodeus the Archfiend, Oran-Rief Ooze, Rabid Bite, Dragonsguard Elite"
"Rowan, Fearless Sparkmage",Planeswalker Deck,Other,ELD,2019-10-04,6.48,"Rowan, Fearless Sparkmage, Plains, Giant Killer // Chop Down, Acclaimed Contender, Mountain"
Rule the Room,Secret Lair Drop,Other,SLD,2022-09-13,48.01,"Brimaz, King of Oreskos, Savra, Queen of the Golgari, Queen Marchesa, Arcanis the Omnipotent"
Rule the Room Foil Edition,Secret Lair Drop,Other,SLD,2022-09-13,48.01,"Brimaz, King of Oreskos, Savra, Queen of the Golgari, Queen Marchesa, Arcanis the Omnipotent"
Rumbler,Intro Pack,Other,ARB,2009-04-30,34.44,"Terramorphic Expanse, Forest, Forest, Mountain, Mountain"
Rush of the Wild,Event Deck,Other,M14,2013-08-09,45.92,"Stomping Ground, Rogue's Passage, Elvish Mystic, Mizzium Mortars, Dryad Militant"
SDCC 2013 Black Planeswalkers,Box Set,Other,PSDC,2013-07-18,822.27,"Liliana of the Dark Realms, Ajani, Caller of the Pride, Chandra, Pyromaster, Jace, Memory Adept, Garruk, Caller of Beasts"
SDCC 2013 Planeswalker Set,San Diego Comic Con Promos,Other,PSDC,2013-07-18,822.27,"Liliana of the Dark Realms, Ajani, Caller of the Pride, Chandra, Pyromaster, Jace, Memory Adept, Garruk, Caller of Beasts"
SDCC 2014 Black Planeswalkers,Box Set,Other,PS14,2014-07-08,268.05,"Liliana Vess, Nissa, Worldwaker, Chandra, Pyromaster, Ajani Steadfast, Jace, the Living Guildpact"
SDCC 2014 Planeswalker Set,San Diego Comic Con Promos,Other,PS14,2014-07-24,268.05,"Liliana Vess, Nissa, Worldwaker, Chandra, Pyromaster, Ajani Steadfast, Jace, the Living Guildpact"
SDCC 2015 Black Planeswalkers,Box Set,Other,PS15,2015-07-09,387.78,"Liliana, Heretical Healer // Liliana, Defiant Necromancer, Chandra, Fire of Kaladesh // Chandra, Roaring Flame, Jace, Vryn's Prodigy // Jace, Telepath Unbound, Nissa, Vastwood Seer // Nissa, Sage Animist, Kytheon, Hero of Akros // Gideon, Battle-Forged"
SDCC 2015 Planeswalker Set,San Diego Comic Con Promos,Other,PS15,2015-07-09,387.78,"Liliana, Heretical Healer // Liliana, Defiant Necromancer, Chandra, Fire of Kaladesh // Chandra, Roaring Flame, Jace, Vryn's Prodigy // Jace, Telepath Unbound, Nissa, Vastwood Seer // Nissa, Sage Animist, Kytheon, Hero of Akros // Gideon, Battle-Forged"
SDCC 2016 Zombie Planeswalker Set,San Diego Comic Con Promos,Other,PS16,2016-07-21,101.26,"Liliana, the Last Hope, Chandra, Flamecaller, Jace, Unraveler of Secrets, Nissa, Voice of Zendikar, Gideon, Ally of Zendikar"
SDCC 2016 Zombie Planeswalkers,Box Set,Other,PS16,2016-10-01,101.26,"Liliana, the Last Hope, Chandra, Flamecaller, Jace, Unraveler of Secrets, Nissa, Voice of Zendikar, Gideon, Ally of Zendikar"
SDCC 2017 Egyptian Planeswalkers,Box Set,Other,PS17,2017-07-20,164.09,"Liliana, Death's Majesty, Nicol Bolas, God-Pharaoh, Chandra, Torch of Defiance, Jace, Unraveler of Secrets, Nissa, Steward of Elements"
SDCC 2017 Planeswalker Set,San Diego Comic Con Promos,Other,PS17,2017-07-20,164.09,"Liliana, Death's Majesty, Nicol Bolas, God-Pharaoh, Chandra, Torch of Defiance, Jace, Unraveler of Secrets, Nissa, Steward of Elements"
SDCC 2018 Planeswalker Set,San Diego Comic Con Promos,Other,PS18,2018-07-19,201.24,"Liliana, Untouched by Death, Chandra, Torch of Defiance, Nissa, Vital Force, Gideon of the Trials, Jace, Cunning Castaway"
SDCC 2018 Stained Glass Planeswalkers,Box Set,Other,PS18,2018-07-19,201.24,"Liliana, Untouched by Death, Chandra, Torch of Defiance, Nissa, Vital Force, Gideon of the Trials, Jace, Cunning Castaway"
SDCC 2019 God-Eternals,Box Set,Other,PS19,2019-07-18,204.29,"Nicol Bolas, Dragon-God, God-Eternal Oketra, God-Eternal Bontu, God-Eternal Rhonas, God-Eternal Kefnet"
Sacred Assault,Intro Pack,Other,M12,2011-07-15,43.86,"Spirit Mantle, Mesa Enchantress, Gladecover Scout, Lifelink, Aegis Angel"
Sacrificial Bam,Theme Deck,Other,MRD,2003-10-02,230.93,"Vault of Whispers, Great Furnace, Myr Retriever, Talisman of Indulgence, Iron Myr"
Sacrilege,Theme Deck,Other,TOR,2002-02-08,330.86,"Buried Alive, Ichorid, Tainted Field, Putrid Imp, Angel of Retribution"
Saddle Up,Arena Starter Deck,Other,OTJ,2024-07-08,19.45,"Lush Portico, Railway Brawler, Outcaster Trailblazer, Ornery Tumblewagg, Gruff Triplets"
Sainted One,Shandalar Enemy Deck,Other,PAST,1997-04-01,6005.71,"Mishra's Workshop, Mox Pearl, Bottle of Suleiman, Sol Ring, Armageddon"
Saltrem Tor,Shandalar Enemy Deck,Other,PAST,1997-04-01,295.54,"Mountain, Birds of Paradise, Whirling Dervish, Crimson Manticore, Giant Tortoise"
Sampler Booster,Welcome Booster,Other,9ED,2005-07-29,10.56,"Mountain, Forest, Island, Swamp, Gravedigger"
Saproling Swarm,Arena Starter Deck,Other,M19,2018-09-27,34.07,"Tendershoot Dryad, Twilight Prophet, Poison-Tip Archer, Woodland Cemetery, Path of Discovery"
Sarkhan,Planeswalker Deck,Other,M19,2018-07-13,20.84,"Sarkhan, Dragonsoul, Thud, Lightning Strike, Goblin Motivator, Demanding Dragon"
Saturday Morning D&D,Secret Lair Drop,Other,SLD,2021-06-21,47.96,"Primal Vigor, Impact Tremors, Whir of Invention, Commander's Sphere, Hero's Downfall"
Saturday Morning D&D Foil Edition,Secret Lair Drop,Other,SLD,2021-06-21,47.96,"Primal Vigor, Impact Tremors, Whir of Invention, Commander's Sphere, Hero's Downfall"
Savage Auras,Planechase Deck,Other,PCA,2016-11-25,34.64,"Ghostly Prison, Kor Spiritdancer, Felidar Umbra, Spirit Mantle, Three Dreams"
Savage Lands,Arena Starter Deck,Other,AFR,2021-09-24,17.33,"Toski, Bearer of Secrets, Inferno of the Star Mounts, Cragcrown Pathway // Timbercrown Pathway, Werewolf Pack Leader, Froghemoth"
Savage Salvagers,Arena Starter Deck,Other,LTR,2023-06-20,16.54,"Conduit of Worlds, Glissa Sunslayer, Shadow of the Enemy, Terror of Towashi, Llanowar Wastes"
Savage Stompdown,MTGO Theme Deck,Other,VIS,2006-04-10,53.87,"Natural Order, Mountain, Viashivan Dragon, Forest, Mountain"
Saviors of Kamigawa Foil Redemption,MTGO Redemption,Other,SOK,2005-07-03,1964.91,"Oboro Breezecaller, Oboro, Palace in the Clouds, Erayo, Soratami Ascendant // Erayo's Essence, Sakashima the Impostor, Miren, the Moaning Well"
Saviors of Kamigawa Redemption,MTGO Redemption,Other,SOK,2005-07-03,1964.91,"Oboro Breezecaller, Oboro, Palace in the Clouds, Erayo, Soratami Ascendant // Erayo's Essence, Sakashima the Impostor, Miren, the Moaning Well"
Scales of Fury,Theme Deck,Other,PS11,2011-01-01,0.0,"Forest, Forest, Forest, Forest, Mountain"
Scars of Mirrodin Foil Redemption,MTGO Redemption,Other,SOM,2010-10-31,1508.01,"Mox Opal, Skithiryx, the Blight Dragon, Platinum Emperion, Grafted Exoskeleton, Sword of Body and Mind"
Scars of Mirrodin Redemption,MTGO Redemption,Other,SOM,2010-10-31,1508.01,"Mox Opal, Skithiryx, the Blight Dragon, Platinum Emperion, Grafted Exoskeleton, Sword of Body and Mind"
Scene Box,Box Set,Other,SPE,2025-09-26,9.99,"Venom, Deadly Devourer, Sensational Spider-Man, Green Goblin, Nemesis, Pumpkin Bombs, Grasping Tentacles"
Scorch The World With Dragonfire,Archenemy Deck,Other,ARC,2010-06-18,37.34,"Seething Song, Thran Dynamo, Hellkite Charger, Dragonspeaker Shaman, Taurean Mauler"
Scourge Foil Redemption,MTGO Redemption,Other,SCG,2003-06-25,3030.84,"Stifle, Brain Freeze, Decree of Justice, Sliver Overlord, Eternal Dragon"
Scourge Redemption,MTGO Redemption,Other,SCG,2003-06-25,3030.84,"Stifle, Brain Freeze, Decree of Justice, Sliver Overlord, Eternal Dragon"
Scout,Theme Deck,Other,PLS,2001-02-05,479.12,"Eladamri's Call, Fertile Ground, Harrow, Armadillo Cloak, Rith's Grove"
Scrapyard Sacrifice,Arena Starter Deck,Other,LTR,2023-06-20,15.91,"Mishra, Claimed by Gix // Mishra, Lost to Phyrexia, Sulfurous Springs, Urabrask's Forge, Corrupted Conviction, Phyrexian Dragon Engine // Mishra, Lost to Phyrexia"
Scrying 1,Jumpstart,Other,J22,2022-12-02,12.26,"Kenessos, Priest of Thassa, Preordain, Cryptic Serpent, Faerie Seer, Biblioplex Kraken"
Scrying 2,Jumpstart,Other,J22,2022-12-02,13.24,"Kenessos, Priest of Thassa, Preordain, Condescend, Cryptic Serpent, Faerie Seer"
Sea Drake,Shandalar Enemy Deck,Other,PAST,1997-04-01,188.46,"Mana Vault, Island Fish Jasconius, Leviathan, Counterspell, Giant Tortoise"
Second Chance,Arena Starter Deck,Other,OTJ,2024-07-08,14.47,"Spirebluff Canal, Seize the Secrets, Demand Answers, Melek, Reforged Researcher, Ill-Timed Explosion"
Second Sun Control,Challenger Deck,Other,Q01,2018-04-06,32.29,"Approach of the Second Sun, Settle the Wreckage, Kefnet the Mindful, Fumigate, Island"
Secret Lair High: Class of '87,Secret Lair Drop,Other,SLD,2025-03-25,17.42,"Aesi, Tyrant of Gyre Strait // Aesi, Tyrant of Gyre Strait, Chulane, Teller of Tales // Chulane, Teller of Tales, Anje Falkenrath // Anje Falkenrath, Radha, Heart of Keld // Radha, Heart of Keld"
Secret Lair High: Class of '87 Foil Edition,Secret Lair Drop,Other,SLD,2025-03-25,17.42,"Aesi, Tyrant of Gyre Strait // Aesi, Tyrant of Gyre Strait, Chulane, Teller of Tales // Chulane, Teller of Tales, Anje Falkenrath // Anje Falkenrath, Radha, Heart of Keld // Radha, Heart of Keld"
Sedge Beast,Shandalar Enemy Deck,Other,PAST,1997-04-01,346.7,"Mountain, Strip Mine, Dancing Scimitar, Blight, Erg Raiders"
Seeing Visions,Secret Lair Drop,Other,SLD,2019-12-06,11.96,"Serum Visions, Serum Visions, Serum Visions, Serum Visions"
Seer,Shandalar Enemy Deck,Other,PAST,1997-04-01,336.28,"Triskelion, Hurkyl's Recall, Tetravus, Time Elemental, Ornithopter"
Seismic,Jumpstart,Other,JMP,2020-07-17,3.15,"Mountain, Volcanic Fallout, Grim Lavamancer, Mana Geode, Thriving Bluff"
Selesnya,Guild Kit,Other,GK1,2018-11-02,19.03,"Privileged Position, Trostani, Selesnya's Voice, Camaraderie, Tolsimir Wolfblood, Growing Ranks"
Selesnya Conclave,Arena Starter Deck,Other,M20,2019-05-03,35.98,"Temple Garden, March of the Multitudes, Tolsimir, Friend to Wolves, Knight of Autumn, Pledge of Unity"
Selesnya Conclave 1,Jumpstart,Other,CLU,2024-02-23,4.13,"Conclave Evangelist, Trostani Discordant, Sumala Rumblers, Selesnya Sanctuary, Rootborn Defenses"
Selesnya Conclave 2,Jumpstart,Other,CLU,2024-02-23,12.05,"Beast Whisperer, Vernal Sovereign, Selesnya Signet, Sumala Rumblers, Selesnya Sanctuary"
Selesnya Pride,Arena Starter Deck,Other,DOM,2018-03-22,122.76,"Anointed Procession, Crested Sunmare, Sacred Cat, Pride Sovereign, Regal Caracal"
Selesnya Surge,Intro Pack,Other,RTR,2012-10-05,21.76,"Arbor Elf, Rootborn Defenses, Healer of the Pride, Druid's Deliverance, Plains"
Selesnya United,Theme Deck,Other,RAV,2005-10-07,40.72,"Nullmage Shepherd, Selesnya Sanctuary, Tolsimir Wolfblood, Vitu-Ghazi, the City-Tree, Watchwolf"
Series 1,Box Set,Other,PVAN,1997-12-01,31.42,"Karn, Squee, Gerrard, Mirri, Ertai"
Series 2,Box Set,Other,PVAN,1997-12-01,94.03,"Orim, Selenia, Hanna, Volrath, Barrin"
Series 3,Box Set,Other,PVAN,1997-12-01,202.43,"Sliver Queen, Brood Mother, Lyna, Eladamri, Oracle, Sidar Kondo"
Series 4,Box Set,Other,PVAN,1997-12-01,367.69,"Titania, Gix, Urza, Xantcha, Serra"
Seventh Edition Foil Redemption,MTGO Redemption,Other,7ED,2001-05-11,16735.91,"Birds of Paradise, Final Fortune, City of Brass, Karplusan Forest, Shivan Dragon"
Seventh Edition Redemption,MTGO Redemption,Other,7ED,2001-05-11,16735.91,"Birds of Paradise, Final Fortune, City of Brass, Karplusan Forest, Shivan Dragon"
Shades Not Included,Secret Lair Drop,Other,SLD,2022-07-22,75.45,"Mountain, Swamp, Island, Plains, Forest"
Shades Not Included Foil Edition,Secret Lair Drop,Other,SLD,2022-07-22,75.45,"Mountain, Swamp, Island, Plains, Forest"
Shadowmoor Foil Redemption,MTGO Redemption,Other,SHM,2008-06-01,3599.55,"Sygg, River Cutthroat, Manamorphose, Painter's Servant, Faerie Macabre, Umbral Mantle"
Shadowmoor Redemption,MTGO Redemption,Other,SHM,2008-06-01,3599.55,"Sygg, River Cutthroat, Manamorphose, Painter's Servant, Faerie Macabre, Umbral Mantle"
Shadows over Innistrad Foil Redemption,MTGO Redemption,Other,SOI,2016-05-08,332.88,"Eerie Interlude, Relentless Dead, Archangel Avacyn // Avacyn, the Purifier, Sorin, Grim Nemesis, Jace, Unraveler of Secrets"
Shadows over Innistrad Redemption,MTGO Redemption,Other,SOI,2016-05-08,332.88,"Eerie Interlude, Relentless Dead, Archangel Avacyn // Avacyn, the Purifier, Sorin, Grim Nemesis, Jace, Unraveler of Secrets"
Shallow Graves,Intro Pack,Other,EMN,2016-07-22,17.12,"Cryptbreaker, Liliana's Indignation, Graf Harvest, Noosegraf Mob, Exultant Cultist"
Shamanism,Theme Deck,Other,MOR,2008-02-01,197.67,"Thornbite Staff, Bosk Banneret, Leaf-Crowned Elder, Lignify, Swamp"
Shapeshifter,Shandalar Enemy Deck,Other,PAST,1997-04-01,510.31,"Triskelion, Mana Vault, Hurkyl's Recall, Mishra's Factory, Ivory Tower"
Shapeshifters,Jumpstart,Other,J22,2022-12-02,35.66,"Pirated Copy, Mirror Image, Bloodline Pretender, Amoeboid Changeling, Universal Automaton"
Shards of Alara Foil Redemption,MTGO Redemption,Other,ALA,2008-11-02,980.97,"Ad Nauseam, Elspeth, Knight-Errant, Mayael the Anima, Tezzeret the Seeker, Godsire"
Shards of Alara Redemption,MTGO Redemption,Other,ALA,2008-11-02,980.97,"Ad Nauseam, Elspeth, Knight-Errant, Mayael the Anima, Tezzeret the Seeker, Godsire"
"Shawn Hammer Regnier, Quarterfinalist",Pro Tour Deck,Other,PTC,1996-05-01,97.6,"Land Tax, City of Brass, Island, Mishra's Factory, Island"
Sheldon's Spellbook,Secret Lair Drop,Other,SLD,2024-07-03,93.93,"Teferi's Protection, Sol Ring, Inkshield, Command Tower, Eladamri's Vineyard"
Sheldon's Spellbook Foil Edition,Secret Lair Drop,Other,SLD,2024-07-03,93.93,"Teferi's Protection, Sol Ring, Inkshield, Command Tower, Eladamri's Vineyard"
Showcase: All Will Be One Step-and-Compleat Edition,Secret Lair Drop,Other,SLD,2023-04-14,53.82,"Phyrexian Crusader, Glissa, the Traitor, Phyrexian Unlife, Ertai, the Corrupted, Plague Engineer"
Showcase: Bloomburrow,Secret Lair Drop,Other,SLD,2024-07-30,64.37,"Tezzeret, Master of the Bridge, Sorin Markov, Kiora, Behemoth Beckoner, Vraska, Golgari Queen, Huatli, Radiant Champion"
Showcase: Bloomburrow Foil Edition,Secret Lair Drop,Other,SLD,2024-07-30,64.37,"Tezzeret, Master of the Bridge, Sorin Markov, Kiora, Behemoth Beckoner, Vraska, Golgari Queen, Huatli, Radiant Champion"
Showcase: Dominaria United Textured Foil Edition,Secret Lair Drop,Other,SLD,2022-10-25,30.61,"Nicol Bolas, Vaevictis Asmadi, Chromium, Palladia-Mors, Arcades Sabboth"
Showcase: Duskmourn,Secret Lair Drop,Other,SLD,2024-10-01,39.72,"Dauthi Voidwalker, Phyrexian Metamorph, Magus of the Moon, Witch's Oven, Cauldron Familiar"
Showcase: Duskmourn Foil Edition,Secret Lair Drop,Other,SLD,2024-10-01,39.72,"Dauthi Voidwalker, Phyrexian Metamorph, Magus of the Moon, Witch's Oven, Cauldron Familiar"
Showcase: Kaldheim - Part 1,Secret Lair Drop,Other,SLD,2021-04-13,59.12,"Uro, Titan of Nature's Wrath, Primeval Titan, Frost Titan"
Showcase: Kaldheim - Part 1 Foil Edition,Secret Lair Drop,Other,SLD,2021-04-13,59.12,"Uro, Titan of Nature's Wrath, Primeval Titan, Frost Titan"
Showcase: Kaldheim - Part 2,Secret Lair Drop,Other,SLD,2021-04-13,27.37,"Grave Titan, Kroxa, Titan of Death's Hunger, Inferno Titan"
Showcase: Kaldheim - Part 2 Foil Edition,Secret Lair Drop,Other,SLD,2021-04-13,27.37,"Grave Titan, Kroxa, Titan of Death's Hunger, Inferno Titan"
Showcase: March of the Machine Vol. 1,Secret Lair Drop,Other,SLD,2023-04-28,132.26,"Walking Ballista, The World Tree, Wheel and Deal, Questing Beast, Olivia Voldaren"
Showcase: March of the Machine Vol. 2,Secret Lair Drop,Other,SLD,2023-04-28,109.61,"Higure, the Still Wind, Nezahal, Primal Tide, Xantcha, Sleeper Agent, Mina and Denn, Wildborn, Dragonlord Kolaghan"
Showcase: March of the Machine Vol. 3,Secret Lair Drop,Other,SLD,2023-04-28,189.38,"Misdirection, Nyxbloom Ancient, Utvara Hellkite, Kogla, the Titan Ape, Jhoira, Weatherlight Captain"
Showcase: Midnight Hunt,Secret Lair Drop,Other,SLD,2022-01-28,94.31,"Vault of the Archangel, Gavony Township, Kessig Wolf Run, Alchemist's Refuge, Slayers' Stronghold"
Showcase: Midnight Hunt Foil Edition,Secret Lair Drop,Other,SLD,2022-01-28,94.31,"Vault of the Archangel, Gavony Township, Kessig Wolf Run, Alchemist's Refuge, Slayers' Stronghold"
Showcase: Murders at Karlov Manor,Secret Lair Drop,Other,SLD,2024-02-23,31.32,"Vilis, Broker of Blood, Gonti, Lord of Luxury, Grenzo, Dungeon Warden, Anowon, the Ruin Thief"
Showcase: Murders at Karlov Manor Foil Edition,Secret Lair Drop,Other,SLD,2024-02-23,37.5,"Vilis, Broker of Blood, Gonti, Lord of Luxury, Grenzo, Dungeon Warden, Anowon, the Ruin Thief"
Showcase: Neon Dynasty Neon Ink Foil Edition,Secret Lair Drop,Other,SLD,2022-07-22,86.52,"Ghostly Prison, Freed from the Real, Hall of the Bandit Lord, Boseiju, Who Shelters All"
Showcase: Outlaws of Thunder Junction,Secret Lair Drop,Other,SLD,2024-05-30,30.83,"Magda, Brazen Outlaw, Kalitas, Traitor of Ghet, Dack Fayden, Greasefang, Okiba Boss"
Showcase: Outlaws of Thunder Junction Foil Edition,Secret Lair Drop,Other,SLD,2024-05-30,30.83,"Magda, Brazen Outlaw, Kalitas, Traitor of Ghet, Dack Fayden, Greasefang, Okiba Boss"
Showcase: Streets of New Capenna Gilded Foil Edition,Secret Lair Drop,Other,SLD,2022-08-05,59.86,"Atraxa, Praetors' Voice, Breya, Etherium Shaper, Yidris, Maelstrom Wielder"
Showcase: Strixhaven,Secret Lair Drop,Other,SLD,2021-08-25,69.5,"All Is Dust, Drown in the Loch, Fire Covenant, Artifact Mutation, Fractured Identity"
Showcase: Strixhaven Foil Edition,Secret Lair Drop,Other,SLD,2021-08-25,69.5,"All Is Dust, Drown in the Loch, Fire Covenant, Artifact Mutation, Fractured Identity"
Showcase: The Lost Caverns of Ixalan,Secret Lair Drop,Other,SLD,2023-12-05,56.84,"Elenda, the Dusk Rose, Kumena, Tyrant of Orazca, Captain Lannery Storm, Admiral Beckett Brass, Vona, Butcher of Magan"
Showcase: The Lost Caverns of Ixalan Foil Edition,Secret Lair Drop,Other,SLD,2023-12-05,68.12,"Kumena, Tyrant of Orazca, Elenda, the Dusk Rose, Captain Lannery Storm, Admiral Beckett Brass, Vona, Butcher of Magan"
Showcase: Zendikar Revisited,Secret Lair Drop,Other,SLD,2020-09-25,119.99,"Avenger of Zendikar, Admonition Angel, Roil Elemental, Zulaport Cutthroat, Warren Instigator"
Showcase: Zendikar Revisited Foil Edition,Secret Lair Drop,Other,SLD,2020-09-25,119.99,"Avenger of Zendikar, Admonition Angel, Roil Elemental, Zulaport Cutthroat, Warren Instigator"
Shrines,Jumpstart,Other,TLE,2025-11-20,14.74,"Hei Bai, Forest Guardian, Forest, Crescent Island Temple, The Spirit Oasis, Southern Air Temple"
Shu Kingdom,Theme Deck,Other,PTK,1999-05-01,154.77,"Guan Yu, Sainted Warrior, Liu Bei, Lord of Shu, Kongming, ""Sleeping Dragon"", Shu General, Plains"
Sidestep,Theme Deck,Other,EVE,2008-07-25,87.34,"Clout of the Dominus, Dominus of Fealty, Mindwrack Liege, Island, Crag Puca"
Siege Engines,Jumpstart,Other,TLE,2025-11-20,3.99,"Swamp, The Fire Nation Drill, Thriving Moor, Heartless Act, Fire Navy Trebuchet"
Signature Spellbook: Chandra,Box Set,Other,SS3,2020-06-26,53.75,"Pyroblast, Rite of Flame, Chandra, Torch of Defiance, Past in Flames, Fiery Confluence"
Signature Spellbook: Gideon,Box Set,Other,SS2,2019-06-28,44.19,"Blackblade Reforged, True Conviction, Shielded by Faith, Path to Exile, Worship"
Signature Spellbook: Jace,Box Set,Other,SS1,2018-06-15,48.22,"Mystical Tutor, Blue Elemental Blast, Gifts Ungiven, Counterspell, Brainstorm"
Silver Deck,Starter Deck,Other,9ED,2005-08-09,10.89,"Island, Island, Island, Plains, Plains"
Silver Pack,Advanced Pack,Other,9ED,2005-08-09,11.13,"Telepathy, Holy Day, Island, Wind Drake, Plains"
Sim Han How - Squirrel Opposition,World Championship Deck,Other,WC02,2002-08-14,64.49,"Yavimaya Coast, Shivan Reef, Birds of Paradise, Island, Forest"
Simic,Guild Kit,Other,GK2,2019-02-15,37.85,"Guardian Project, Omnibian, Gyre Sage, Simic Ascendancy, Trollbred Guardian"
Simic Combine,Arena Starter Deck,Other,M20,2019-05-03,49.23,"Breeding Pool, Biomancer's Familiar, Incubation Druid, Hydroid Krasis, Growth Spiral"
Simic Combine 1,Jumpstart,Other,CLU,2024-02-23,8.0,"Slip Out the Back, Rapid Hybridization, Master Biomancer, Unruly Krasis, Helium Squirter"
Simic Combine 2,Jumpstart,Other,CLU,2024-02-23,10.35,"Lonis, Genetics Expert, Hydroid Krasis, Scuttling Sentinel, Ivy Lane Denizen, Duskshell Crawler"
Simic Domination,Intro Pack,Other,DGM,2013-05-03,29.59,"Gyre Sage, Bred for the Hunt, Vorel of the Hull Clade, Simic Guildgate, Forest"
Simic Mutology,Theme Deck,Other,DIS,2006-05-05,119.17,"Protean Hulk, Simic Growth Chamber, Experiment Kraj, Simic Guildmage, Vigean Graftmage"
Simic Synthesis,Intro Pack,Other,GTC,2013-02-01,26.13,"Tower Defense, Unexpected Results, Ivy Lane Denizen, Bioshift, Urban Evolution"
Sky Patrol,Arena Starter Deck,Other,AFR,2021-09-24,19.24,"Hengegate Pathway // Mistgate Pathway, Grazilaxx, Illithid Scholar, Starnheim Unleashed, Portable Hole, Luminarch Aspirant"
Sky Slam,Theme Deck,Other,8ED,2003-07-28,31.44,"Mana Leak, Urza's Armor, Island, Island, Island"
Slaughterhouse,Intro Pack,Other,AVR,2012-05-04,29.73,"Blood Artist, Reassembling Skeleton, Swamp, Swamp, Harvester of Souls"
Slay the Day,Secret Lair Drop,Other,SLD,2025-05-19,51.32,"Marwyn, the Nurturer, Oloro, Ageless Ascetic, Sythis, Harvest's Hand, Liesa, Shroud of Dusk"
Sleeper,Theme Deck,Other,USG,1998-10-12,7.48,"Plains, Plains, Plains, Opal Titan, Plains"
Sleeper - Enhanced Deck,Enhanced Deck,Other,USG,1998-10-12,87.91,"Argothian Enchantress, Oath of Lieges, Pariah, Worship, Endless Wurm"
Slither,Theme Deck,Other,PCY,2000-06-05,262.21,"Reverent Silence, Vine Trellis, Seal of Fire, Invigorate, Citadel of Pain"
Sliver Evolution,Theme Deck,Other,TSP,2006-10-06,192.92,"Gemstone Mine, Avoid Fate, Pulmonic Sliver, Spined Sliver, Spirit Loop"
Sliver Shivers,Theme Deck,Other,LGN,2003-02-03,308.19,"Shifting Sliver, Brood Sliver, Lonely Sandbar, Essence Sliver, Root Sliver"
Slivers,Theme Deck,Other,PSAL,2005-08-01,0.0,"Darigaaz's Caldera, Forest, Forest, Forest, Forest"
Smashing (1),Jumpstart,Other,JMP,2020-07-17,4.67,"Unleash Fury, Volcanic Salvo, Heartfire Immolator, Shock, Furious Rise"
Smashing (2),Jumpstart,Other,JMP,2020-07-17,2.92,"Volcanic Salvo, Heartfire Immolator, Furious Rise, Thriving Bluff, Mountain"
Smashing (3),Jumpstart,Other,JMP,2020-07-17,5.8,"Unleash Fury, Sarkhan's Unsealing, Hamletback Goliath, Heartfire Immolator, Furious Rise"
Smashing (4),Jumpstart,Other,JMP,2020-07-17,3.0,"Etali, Primal Storm, Heartfire Immolator, Furious Rise, Thriving Bluff, Mountain"
Snack Time,Arena Starter Deck,Other,OTJ,2024-07-08,38.29,"Underground Mortuary, Experimental Confectioner, Lich-Knights' Conquest, Assassin's Trophy, Bristlebud Farmer"
Snake's Path,Theme Deck,Other,CHK,2004-10-01,194.42,"Sensei's Divining Top, Orochi Hatchery, Time of Need, Sakura-Tribe Elder, Orochi Leafcaller"
Snakes,Jumpstart,Other,J25,2024-11-07,12.04,"Aphelia, Viper Whisperer, Hooded Blightfang, Night's Whisper, Gorgon Flail, Scourge of the Undercity"
Sneak Attack Amazon,Arena Starter Kit,Other,AFR,2021-08-06,7.98,"Archmage Emeritus, Mind Flayer, Calamity Bearer, Red Dragon, Cyclone Summoner"
Sneak Squad,Arena Promotional Deck,Other,DMU,2022-09-09,11.79,"Mirrorhall Mimic // Ghastly Mimicry, Malevolent Hermit // Benevolent Geist, Undying Malice, Dismal Backwater, Blade of the Oni"
Snow,Jumpstart,Other,J22,2022-12-02,17.13,"Coldsteel Heart, Isu the Abominable, Snow-Covered Island, Marit Lage's Slumber, Phyrexian Ironfoot"
Snowscape,Theme Deck,Other,CSP,2006-07-21,140.22,"Rimefeather Owl, Rimewind Cryomancer, Snow-Covered Island, Heidar, Rimewind Master, Coldsteel Heart"
So Salty,Secret Lair Drop,Other,SLD,2025-04-22,97.97,"Scrawling Crawler, Winter Orb, Narset, Parter of Veils, Expropriate, Worst Fears"
Soaring (1),Jumpstart,Other,TLE,2025-11-20,5.06,"Boomerang Basics, Sokka's Haiku, Thriving Isle, Island, The Mechanist, Aerial Artisan"
Soaring (2),Jumpstart,Other,TLE,2025-11-20,6.35,"Boomerang Basics, Frantic Search, Yue, the Moon Spirit, Octopus Form, Thriving Isle"
Soaring (3),Jumpstart,Other,J25,2024-11-07,3.64,"Mu Yanling, Sky Dancer, Cynette, Jelly Drover, Cloudkin Seer, Gust of Wind, Thriving Isle"
Soaring (4),Jumpstart,Other,J25,2024-11-07,3.63,"Faerie Seer, Cynette, Jelly Drover, Sprite Noble, Nightveil Sprite, Opt"
Sole Domination,Intro Pack,Other,M13,2012-07-13,35.19,"Ring of Xathrid, Tormented Soul, Plains, Knight of Glory, Vampire Nighthawk"
Solitary Fiends,Intro Pack,Other,AVR,2012-05-04,30.76,"Swiftfoot Boots, Essence Harvest, Swamp, Island, Swamp"
Song Dance,Challenger Deck,Other,Q03,2019-11-08,25.3,"Sacred Foundry, Feather, the Redeemed, Gideon Blackblade, Dreadhorde Arcanist, Tithe Taker"
Sonic: Chasing Adventure,Secret Lair Drop,Other,SLD,2025-08-08,33.24,"Sol Ring, Fabricate, Unexpected Windfall, Open the Armory, Deadly Dispute"
Sonic: Chasing Adventure Foil Edition,Secret Lair Drop,Other,SLD,2025-08-08,33.24,"Sol Ring, Fabricate, Unexpected Windfall, Open the Armory, Deadly Dispute"
Sonic: Friends & Foes,Secret Lair Drop,Other,SLD,2025-08-08,50.43,"Super State, Knuckles the Echidna, Shadow the Hedgehog, Sonic the Hedgehog, Amy Rose"
Sonic: Friends & Foes Foil Edition,Secret Lair Drop,Other,SLD,2025-08-08,50.43,"Super State, Knuckles the Echidna, Shadow the Hedgehog, Sonic the Hedgehog, Amy Rose"
Sonic: Turbo Gear,Secret Lair Drop,Other,SLD,2025-08-08,36.61,"The Reaver Cleaver, Hammer of Nazahn, Lightning Greaves, Swiftfoot Boots, Weatherlight"
Sonic: Turbo Gear Foil Edition,Secret Lair Drop,Other,SLD,2025-08-08,36.61,"The Reaver Cleaver, Hammer of Nazahn, Lightning Greaves, Swiftfoot Boots, Weatherlight"
Soratami's Wisdom,Theme Deck,Other,SOK,2005-06-03,157.71,"Kami of the Crescent Moon, Freed from the Real, Overwhelming Intellect, Graceful Adept, Soramaro, First to Dream"
Sorcerer,Shandalar Enemy Deck,Other,PAST,1997-04-01,319.28,"Mountain, Brass Man, Ali Baba, Winds of Change, Manabarbs"
Sorceress,Shandalar Enemy Deck,Other,PAST,1997-04-01,303.16,"Mountain, Ball Lightning, Blood Lust, Meekstone, Bird Maiden"
Sorin,Duel Deck,Other,DDK,2013-03-15,10.39,"Sorin, Lord of Innistrad, Mesmeric Fiend, Unmake, Butcher of Malakir, Vampire's Bite"
"Sorin, Vampire Lord",Planeswalker Deck,Other,M20,2019-07-29,28.34,"Sorin, Vampire Lord, Vampire of the Dire Moon, Dread Presence, Swamp, Bloodthirsty Aerialist"
Sparky Sparky (1),Jumpstart,Other,TLE,2025-11-20,4.33,"Mountain, Combustion Technique, Thriving Bluff, Iroh's Demonstration, Deer-Dog"
Sparky Sparky (2),Jumpstart,Other,TLE,2025-11-20,8.54,"Overwhelming Victory, Mountain, Price of Freedom, Combustion Technique, Thriving Bluff"
Special Delivery,Theme Deck,Other,USG,1998-10-12,16.34,"Argothian Wurm, Thran Turbine, Wildfire, Forest, Mountain"
Special Delivery - Enhanced Deck,Enhanced Deck,Other,USG,1998-10-12,243.83,"Cursed Scroll, Wasteland, Reflecting Pool, City of Brass, Searing Touch"
Special Forces,Theme Deck,Other,5DN,2004-06-04,176.31,"Plunge into Darkness, Acquire, Silver Myr, Whispersilk Cloak, Leaden Myr"
Special Guest: Fiona Staples,Secret Lair Drop,Other,SLD,2021-10-29,70.91,"Dryad of the Ilysian Grove, Metallic Mimic, Sakura-Tribe Elder, Soul-Scar Mage, Spell Queller"
Special Guest: Fiona Staples Foil Edition,Secret Lair Drop,Other,SLD,2021-10-29,70.91,"Dryad of the Ilysian Grove, Metallic Mimic, Sakura-Tribe Elder, Soul-Scar Mage, Spell Queller"
Special Guest: Jen Bartel,Secret Lair Drop,Other,SLD,2021-10-29,95.68,"Bloom Tender, Archaeomancer, Mesa Enchantress, Meteor Golem"
Special Guest: Jen Bartel Foil Edition,Secret Lair Drop,Other,SLD,2021-10-29,95.68,"Bloom Tender, Archaeomancer, Mesa Enchantress, Meteor Golem"
Special Guest: Junji Ito,Secret Lair Drop,Other,SLD,2022-12-05,156.92,"Carrion Feeder, Thoughtseize, Plaguecrafter, Doomsday"
Special Guest: Junji Ito Foil Etched Edition,Secret Lair Drop,Other,SLD,2022-12-05,156.92,"Carrion Feeder, Thoughtseize, Plaguecrafter, Doomsday"
Special Guest: Kelogsloops,Secret Lair Drop,Other,SLD,2022-09-13,157.79,"Mystic Remora, Burgeoning, Utopia Sprawl, Retreat to Coralhelm"
Special Guest: Kelogsloops Foil Edition,Secret Lair Drop,Other,SLD,2022-09-13,157.79,"Mystic Remora, Burgeoning, Utopia Sprawl, Retreat to Coralhelm"
Special Guest: Kozyndan: Another Story,Secret Lair Drop,Other,SLD,2022-12-19,127.64,"Serra Ascendant, Demonic Consultation, Winds of Change, Rapid Hybridization, Llanowar Elves"
Special Guest: Kozyndan: Another Story Foil Edition,Secret Lair Drop,Other,SLD,2022-12-19,127.64,"Serra Ascendant, Demonic Consultation, Winds of Change, Rapid Hybridization, Llanowar Elves"
Special Guest: Kozyndan: The Lands,Secret Lair Drop,Other,SLD,2022-12-19,90.03,"Island, Swamp, Plains, Forest, Mountain"
Special Guest: Kozyndan: The Lands Foil Edition,Secret Lair Drop,Other,SLD,2022-12-19,90.03,"Island, Swamp, Plains, Forest, Mountain"
Special Guest: Matt Jukes,Secret Lair Drop,Other,SLD,2022-08-05,74.8,"Dragonskull Summit, Drowned Catacomb, Glacial Fortress, Sunpetal Grove, Rootbound Crag"
Special Guest: Matt Jukes Foil Edition,Secret Lair Drop,Other,SLD,2022-08-05,74.8,"Dragonskull Summit, Drowned Catacomb, Glacial Fortress, Sunpetal Grove, Rootbound Crag"
Special Guest: Yoji Shinkawa,Secret Lair Drop,Other,SLD,2022-12-05,225.53,"Skullclamp, Tezzeret the Seeker, Phyrexian Metamorph, Solemn Simulacrum"
Special Guest: Yoji Shinkawa Foil Edition,Secret Lair Drop,Other,SLD,2022-12-05,225.53,"Skullclamp, Tezzeret the Seeker, Phyrexian Metamorph, Solemn Simulacrum"
Special Guest: Yuko Shimizu,Secret Lair Drop,Other,SLD,2022-07-22,72.99,"Elvish Spirit Guide, Kira, Great Glass-Spinner, Eidolon of the Great Revel, Hokori, Dust Drinker"
Special Guest: Yuko Shimizu Foil Edition,Secret Lair Drop,Other,SLD,2022-07-22,72.99,"Elvish Spirit Guide, Kira, Great Glass-Spinner, Eidolon of the Great Revel, Hokori, Dust Drinker"
Spectral Legions,Intro Pack,Other,ISD,2011-09-30,43.38,"Spirit Mantle, Curiosity, Geist-Honored Monk, Lifelink, Island"
Spectral Slam,Theme Deck,Other,JUD,2002-05-27,295.97,"Mirari's Wake, Krosan Verge, Forest, Benevolent Bodyguard, Phantom Centaur"
Spectrum,Theme Deck,Other,INV,2000-10-02,211.37,"Fertile Ground, Fires of Yavimaya, Harrow, Global Ruin, Tribal Flames"
Speed,Duel Deck,Other,DDN,2014-09-05,20.58,"Fury of the Horde, Goblin Bombardment, Krenko, Mob Boss, Goblin Warchief, Banefire"
Speed Scorch,Theme Deck,Other,8ED,2003-07-28,51.71,"Goblin King, Mountain, Mountain, Mogg Sentry, Mountain"
Speedy,Jumpstart,Other,J22,2022-12-02,25.83,"Kiki-Jiki, Mirror Breaker, Ardoz, Cobbler of War, Bolt Hound, Thriving Bluff, Warcry Phoenix"
Spellcasting (1),Jumpstart,Other,JMP,2020-07-17,4.06,"Double Vision, Heartfire Immolator, Thermo-Alchemist, Kinetic Augur, Shock"
Spellcasting (2),Jumpstart,Other,JMP,2020-07-17,4.18,"Double Vision, Young Pyromancer, Heartfire Immolator, Thermo-Alchemist, Kinetic Augur"
Spellcasting (3),Jumpstart,Other,JMP,2020-07-17,8.13,"Dualcaster Mage, Dragon Fodder, Heartfire Immolator, Charmbreaker Devils, Thermo-Alchemist"
Spellcasting (4),Jumpstart,Other,JMP,2020-07-17,10.38,"Immolating Gyre, Crash Through, Heartfire Immolator, Thermo-Alchemist, Kinetic Augur"
Spellpower,Arena Starter Deck,Other,M21,2021-07-03,14.62,"Brazen Borrower // Petty Theft, Shark Typhoon, Wavebreak Hippocamp, Double Vision, Stolen by the Fae"
Spellslinger Starter Kit - Red Deck,Spellslinger Starter Kit,Other,M20,2019-07-12,20.19,"Glint-Horn Buccaneer, Mountain, Drakuseth, Maw of Flames, Leyline of Combustion, Hellkite Whelp"
Spellslinger Starter Kit - White Deck,Spellslinger Starter Kit,Other,M20,2019-07-12,16.44,"Angelic Guardian, Sephara, Sky's Blade, Bond of Discipline, Inspiring Unicorn, Plains"
Spellweaver,Arena Starter Deck,Other,SNC,2022-09-09,21.13,"Stormcarved Coast, Lier, Disciple of the Drowned, Reckless Impulse, Big Score, Consider"
Spicy,Jumpstart,Other,J22,2022-12-02,12.38,"Auntie Blyte, Bad Influence, Loxodon Warhammer, Spear Spewer, Coalhauler Swine, Thriving Bluff"
Spiraling Doom,Event Deck,Other,DKA,2012-02-24,134.74,"Birthing Pod, Hex Parasite, Myr Battlesphere, Bloodgift Demon, Diabolic Tutor"
Spirit,Jumpstart,Other,TLE,2025-11-20,5.26,"Dramatic Reversal, Dutiful Knowledge Seeker, Baboon Spirit, Octopus Form, The Spirit Oasis"
Spirit Flames,Theme Deck,Other,SOK,2005-06-03,37.59,"Elder Pine of Jukai, Arashi, the Sky Asunder, Forest, Mountain, Hana Kami"
Spirit Gale,Theme Deck,Other,BRB,1999-11-12,46.78,"Wrath of God, Windfall, Island, Swords to Plowshares, Soul Warden"
Spiritbane,Theme Deck,Other,CHK,2004-10-01,105.78,"Kusari-Gama, Brothers Yamazaki, Kumano, Master Yamabushi, Brothers Yamazaki, No-Dachi"
Spiritcraft,Theme Deck,Other,BOK,2005-02-04,39.03,"Oyobi, Who Split the Heavens, Kodama of the Center Tree, Traproot Kami, Forest, Wear Away"
Spirits,Theme Deck,Other,PSAL,2005-08-01,0.0,"Mountain, Mountain, Mountain, Mountain, Mountain"
Spirits (1),Jumpstart,Other,JMP,2020-07-17,4.8,"Essence Flux, Island, Winged Words, Capture Sphere, Roaming Ghostlight"
Spirits (2),Jumpstart,Other,JMP,2020-07-17,4.35,"Rewind, Island, Winged Words, Capture Sphere, Roaming Ghostlight"
Spirits 1,Jumpstart,Other,J22,2022-12-02,6.71,"Eidolon of Rhetoric, Selfless Spirit, Chains of Custody, Angel of Flight Alabaster, Doomed Traveler"
Spirits 2,Jumpstart,Other,J22,2022-12-02,6.05,"Eidolon of Rhetoric, Chains of Custody, Hour of Reckoning, Triplicate Spirits, Doomed Traveler"
SpongeBob SquarePants: Internet Sensation,Secret Lair Drop,Other,SLD,2025-03-25,56.2,"Counterspell, Daze, Force of Despair, Inevitable Betrayal, Night's Whisper"
SpongeBob SquarePants: Internet Sensation Foil Edition,Secret Lair Drop,Other,SLD,2025-03-25,56.2,"Counterspell, Daze, Force of Despair, Inevitable Betrayal, Night's Whisper"
SpongeBob SquarePants: Lands Under the Sea,Secret Lair Drop,Other,SLD,2025-03-25,21.8,"Island, Mountain, Forest, Plains, Swamp"
SpongeBob SquarePants: Lands Under the Sea Foil Edition,Secret Lair Drop,Other,SLD,2025-03-25,21.8,"Island, Mountain, Forest, Plains, Swamp"
SpongeBob SquarePants: Legends of Bikini Bottom,Secret Lair Drop,Other,SLD,2025-03-25,60.27,"Toxrill, the Corrosive, Jodah, the Unifier, Toski, Bearer of Secrets, Skrelv, Defector Mite, Grazilaxx, Illithid Scholar"
SpongeBob SquarePants: Legends of Bikini Bottom Foil Edition,Secret Lair Drop,Other,SLD,2025-03-25,60.27,"Toxrill, the Corrosive, Jodah, the Unifier, Toski, Bearer of Secrets, Skrelv, Defector Mite, Grazilaxx, Illithid Scholar"
Spooky (1),Jumpstart,Other,JMP,2020-07-17,4.16,"Village Rites, Swamp, Liliana's Standard Bearer, Malefic Scythe, Crypt Lurker"
Spooky (2),Jumpstart,Other,JMP,2020-07-17,5.51,"Harvester of Souls, Swamp, Malefic Scythe, Crypt Lurker, Swamp"
Spooky (3),Jumpstart,Other,JMP,2020-07-17,4.05,"Swamp, Languish, Malefic Scythe, Crypt Lurker, Swamp"
Spooky (4),Jumpstart,Other,JMP,2020-07-17,8.06,"Black Market, Swamp, Malefic Scythe, Crypt Lurker, Swamp"
Ssssssnakessssss,Secret Lair Drop,Other,SLD,2023-04-14,111.21,"Lotus Cobra, Stonecoil Serpent, Hexdrinker, Ice-Fang Coatl, Seshiro the Anointed"
Ssssssnakessssss Foil Edition,Secret Lair Drop,Other,SLD,2023-04-14,111.21,"Lotus Cobra, Stonecoil Serpent, Hexdrinker, Ice-Fang Coatl, Seshiro the Anointed"
Stalwart (1),Jumpstart,Other,J25,2024-11-07,11.25,"Generous Pup, Ajani, Adversary of Tyrants, Urdnan, Dromoka Warrior, Thriving Heath, Angelic Cub"
Stalwart (2),Jumpstart,Other,J25,2024-11-07,3.04,"Urdnan, Dromoka Warrior, Basri's Lieutenant, Thriving Heath, Patron of the Valiant, Star Pupil"
Stalwart (3),Jumpstart,Other,J25,2024-11-07,10.38,"Generous Pup, Urdnan, Dromoka Warrior, Steadfast Unicorn, Thriving Heath, Take Up the Shield"
Stalwart (4),Jumpstart,Other,J25,2024-11-07,2.84,"Mikaeus, the Lunarch, Urdnan, Dromoka Warrior, Thriving Heath, Light of the Legion, Plains"
Stampede,Theme Deck,Other,5DN,2004-06-04,158.64,"Eternal Witness, Talisman of Impulse, Rite of Passage, Pyrite Spellbomb, Goblin Cannon"
Stampede of Beasts,Intro Pack,Other,M11,2010-07-16,62.91,"Protean Hydra, Whispersilk Cloak, Back to Nature, Cultivate, Overwhelming Stampede"
Stampeding Hordes,Intro Pack,Other,FRF,2015-01-23,19.58,"Deflecting Palm, Flamerush Rider, Goblin Roughrider, Wind-Scarred Crag, Mountain"
Starry-Eyed,Arena Starter Deck,Other,M21,2021-07-03,24.57,"Kiora Bests the Sea God, Luminous Broodmoth, Elspeth Conquers Death, All That Glitters, Midnight Clock"
Starter 2000 sampler pack,Welcome Booster,Other,S00,2000-04-24,3.7,"Spined Wurm, Mountain, Island, Swamp, Forest"
Starter Collection,Box Set,Other,FDN,2024-11-15,106.65,"Swiftfoot Boots, Aurelia, the Warleader, Boros Charm, Basilisk Collar, Bolt Bend"
Stealthy Subterfuge,Arena Starter Deck,Other,SNC,2022-09-09,24.25,"Shipwreck Marsh, Nashi, Moon Sage's Scion, Thousand-Faced Shadow, Kaito Shizuki, Dismal Backwater"
Stoked (1),Jumpstart,Other,J25,2024-11-07,3.15,"Frontline Heroism, Twinferno, Thriving Bluff, Cleon, Merry Champion, Uncaged Fury"
Stoked (2),Jumpstart,Other,J25,2024-11-07,3.24,"Dreadhorde Arcanist, Unleash Fury, Thriving Bluff, Cleon, Merry Champion, Mountain"
Stoked (3),Jumpstart,Other,J25,2024-11-07,4.06,"Unleash Fury, Mirrorwing Dragon, Frontline Heroism, Twinferno, Akroan Crusader"
Stoked (4),Jumpstart,Other,J25,2024-11-07,4.39,"Crimson Wisps, Infuriate, Akroan Crusader, Thriving Bluff, Cleon, Merry Champion"
"Stomp, Stomp",Arena Starter Deck,Other,M21,2021-07-03,46.85,"Terror of the Peaks, Ram Through, Return of the Wildspeaker, Unleash Fury, Bonecrusher Giant // Stomp"
Storm Surge,Theme Deck,Other,SCG,2003-05-26,241.92,"Mind's Desire, Lonely Sandbar, Chain of Vapor, Secluded Steppe, Whipcorder"
Storm of Blades,Arena Starter Deck,Other,SNC,2022-09-09,24.27,"Sundown Pass, The Wandering Emperor, Lion Sash, Goro-Goro, Disciple of Ryusei, Thundering Raiju"
Stranger Things,Secret Lair Drop,Other,SLD,2022-01-28,118.61,"Arvinox, the Mind Flail, Cecily, Haunted Mage, Othelm, Sigardian Outcast, Wernog, Rider's Chaplain, Elmar, Ulvenwald Informant"
Stranger Things Foil Edition,Secret Lair Drop,Other,SLD,2022-01-28,118.61,"Arvinox, the Mind Flail, Cecily, Haunted Mage, Othelm, Sigardian Outcast, Wernog, Rider's Chaplain, Elmar, Ulvenwald Informant"
Street Fighter,Secret Lair Drop,Other,SLD,2022-07-22,67.78,"Zethi, Arcane Blademaster, Maarika, Brutal Gladiator, Tadeas, Juniper Ascendant, Vikya, Scorching Stalwart, The Howling Abomination"
Street Fighter Foil Edition,Secret Lair Drop,Other,SLD,2022-07-22,67.78,"Zethi, Arcane Blademaster, Maarika, Brutal Gladiator, Tadeas, Juniper Ascendant, Vikya, Scorching Stalwart, The Howling Abomination"
Streets of New Capenna Foil Redemption,MTGO Redemption,Other,SNC,2022-05-29,251.71,"Jetmir's Garden, Spara's Headquarters, Raffine's Tower, Xander's Lounge, Ziatora's Proving Ground"
Streets of New Capenna Redemption,MTGO Redemption,Other,SNC,2022-05-29,251.71,"Jetmir's Garden, Spara's Headquarters, Raffine's Tower, Xander's Lounge, Ziatora's Proving Ground"
Streets of New Capenna Welcome Booster,Welcome Booster,Other,SNC,2022-04-29,6.34,"Kogla, the Titan Ape, Sunblast Angel, Ob Nixilis Reignited, Commander's Sphere, Mr. Orfeo, the Boulder"
Strength Of Selesnya,Event Deck,Other,DGM,2013-05-24,116.5,"Parallel Lives, Godless Shrine, Champion of Lambholt, Growing Ranks, Increasing Devotion"
Strength in Numbers,Arena Starter Deck,Other,SNC,2022-09-09,22.28,"Halo Fountain, Adeline, Resplendent Cathar, Overgrown Farmland, Gala Greeters, Rumor Gatherer"
Strike Force,Planechase Deck,Other,HOP,2009-09-04,41.36,"Insurrection, Relic of Progenitus, Furnace of Rath, Goblin Offensive, Soul Warden"
Strixhaven: School of Mages Foil Redemption,MTGO Redemption,Other,STX,2021-05-23,202.31,"Blex, Vexing Pest // Search for Blex, Crackle with Power, Wandering Archaic // Explore the Vastlands, Sedgemoor Witch, Professor Onyx"
Strixhaven: School of Mages Redemption,MTGO Redemption,Other,STX,2021-05-23,202.31,"Blex, Vexing Pest // Search for Blex, Crackle with Power, Wandering Archaic // Explore the Vastlands, Sedgemoor Witch, Professor Onyx"
Sultai Schemers,Intro Pack,Other,KTK,2014-09-26,32.99,"Murderous Cut, Treasure Cruise, Opulent Palace, Typhoid Rats, Wall of Mulch"
Summoner,Shandalar Enemy Deck,Other,PAST,1997-04-01,77.56,"Colossus of Sardia, Birds of Paradise, Force of Nature, Radjan Spirit, Hurricane"
Sun Empire,Theme Deck,Other,E02,2017-11-24,64.32,"Aggravated Assault, Regisaur Alpha, Quicksilver Amulet, Raging Swordtooth, Path to Exile"
Sunburst,Theme Deck,Other,5DN,2004-06-04,119.48,"Joiner Adept, Energy Chamber, Pentad Prism, Wayfarer's Bauble, Chromatic Sphere"
Superabundance,Theme Deck,Other,EVE,2008-07-25,134.03,"Fable of Wolf and Owl, Cerulean Wisps, Favor of the Overbeing, Slippery Bogle, Island"
Surge of Resistance,Intro Pack,Other,OGW,2016-01-22,15.87,"Expedite, Reckless Bushwhacker, Stormchaser Mage, Rolling Thunder, Pyromancer's Assault"
Surprise Attack,Intro Pack,Other,FRF,2015-01-23,13.02,"Reality Shift, Island, Wall of Frost, Secret Plans, Forest"
Surprise! (1),Jumpstart,Other,J25,2024-11-07,3.3,"Spectral Sailor, Thryx, the Sudden Storm, Opt, Crystacean, Stinging Lionfish"
Surprise! (2),Jumpstart,Other,J25,2024-11-07,3.45,"Spectral Sailor, Thryx, the Sudden Storm, Opt, Voracious Greatshark, Stinging Lionfish"
Surprise! (3),Jumpstart,Other,J25,2024-11-07,3.58,"Venser, Shaper Savant, Spectral Sailor, Opt, Supreme Will, Stinging Lionfish"
Surprise! (4),Jumpstart,Other,J25,2024-11-07,3.56,"Wavebreak Hippocamp, Venser, Shaper Savant, Spectral Sailor, Stinging Lionfish, Thriving Isle"
Suspended Sentence,Theme Deck,Other,FUT,2007-05-04,94.8,"Clockspinning, Paradox Haze, Reality Strobe, Zoetic Cavern, Reality Acid"
Svend Geertsen - Green Stompy,World Championship Deck,Other,WC97,1997-08-13,37.09,"Winter Orb, Rogue Elephant, Quirion Ranger, Fyndhorn Elves, Forest"
Swarm & Slam,Theme Deck,Other,DST,2004-02-06,90.99,"Myr Matrix, Spawning Pit, Gold Myr, Tangle Spider, Echoing Courage"
Swarming Instinct,Intro Pack,Other,BFZ,2015-10-02,32.64,"Bane of Bala Ged, Brood Monitor, Kozilek's Channeler, Breaker of Armies, Scour from Existence"
Sweet Revenge,Event Deck,Other,M13,2012-08-03,54.92,"Darkslick Shores, Faithless Looting, Sulfur Falls, Red Sun's Zenith, Think Twice"
Swift Justice,Intro Pack,Other,DKA,2012-02-03,19.19,"Stromkirk Noble, Fiend Hunter, Mountain, Plains, Mountain"
Swoop,Theme Deck,Other,APC,2001-06-04,266.37,"Chromatic Sphere, Mystic Snake, Fertile Ground, Wash Out, Urborg Elf"
Swordmaster,Jumpstart,Other,TLE,2025-11-20,11.75,"Duelist's Heritage, Sokka, Swordmaster, Plains, Meteor Sword, Thriving Heath"
Sylvan Wisdom,Arena Starter Deck,Other,LTR,2023-06-20,49.24,"Nissa, Resurgent Animist, Tribute to the World Tree, Ezuri, Stalker of Spheres, Yavimaya Coast, Elrond, Master of Healing"
Tactical Assault,Arena Starter Deck,Other,M19,2018-09-27,15.89,"Leonin Warleader, Zetalpa, Primal Dawn, Serra Angel, Plains, Plains"
Take to the Sky,Intro Pack,Other,ORI,2015-07-17,16.23,"Faerie Miscreant, Plains, Celestial Flare, Turn to Frog, Sigiled Starfish"
Tales of the Time Stoppers,Secret Lair Drop,Other,SLD,2023-12-05,33.47,"Nexus of Fate, Time Reversal, Beacon of Tomorrows, Time Stop"
Tales of the Time Stoppers Foil Edition,Secret Lair Drop,Other,SLD,2023-12-05,30.99,"Nexus of Fate, Time Reversal, Beacon of Tomorrows, Time Stop"
Tarkir: Dragonstorm Redemption,MTGO Redemption,Other,TDM,2025-05-07,408.74,"Elspeth, Storm Slayer, Ugin, Eye of the Storms, Mountain, Craterhoof Behemoth, Voice of Victory"
Teamwork 1,Jumpstart,Other,J22,2022-12-02,4.5,"Agrus Kos, Eternal Soldier, Angelic Cub, Taranika, Akroan Veteran, Valorous Stance, Moment of Triumph"
Teamwork 2,Jumpstart,Other,J22,2022-12-02,4.22,"Agrus Kos, Eternal Soldier, Angelic Cub, Valorous Stance, Tempered Veteran, Angelic Protector"
Teenage Mutant Ninja Turtles: The Last Ronin,Secret Lair Drop,Other,SLD,2026-03-03,52.51,"Mental Misstep, Ink-Eyes, Servant of Oni, Anger, Chord of Calling, Settle the Wreckage"
Teenage Mutant Ninja Turtles: The Last Ronin Foil Edition,Secret Lair Drop,Other,SLD,2026-03-03,52.51,"Mental Misstep, Ink-Eyes, Servant of Oni, Anger, Chord of Calling, Settle the Wreckage"
Teenage Mutant Ninja Turtles: The Mighty Mutanimals,Secret Lair Drop,Other,SLD,2026-03-03,53.59,"Hardened Scales, Triumph of the Hordes, Pirated Copy, Kediss, Emberclaw Familiar, Deepglow Skate"
Teenage Mutant Ninja Turtles: The Mighty Mutanimals Foil Edition,Secret Lair Drop,Other,SLD,2026-03-03,53.59,"Hardened Scales, Triumph of the Hordes, Pirated Copy, Kediss, Emberclaw Familiar, Deepglow Skate"
Teenage Mutant Ninja Turtles: VHS Villains,Secret Lair Drop,Other,SLD,2026-03-03,41.07,"Higure, the Still Wind, Species Specialist, Rampaging Baloths, Triskelion, Delver of Secrets // Insectile Aberration"
Teenage Mutant Ninja Turtles: VHS Villains Foil Edition,Secret Lair Drop,Other,SLD,2026-03-03,41.07,"Higure, the Still Wind, Species Specialist, Rampaging Baloths, Triskelion, Delver of Secrets // Insectile Aberration"
Teeth of the Predator,Duel Of The Planeswalkers Deck,Other,DPA,2010-06-04,24.37,"Vigor, Loxodon Warhammer, Howl of the Night Pack, Blanchwood Armor, Rampant Growth"
Teferi,Jumpstart,Other,JMP,2020-07-17,18.39,"Teferi, Master of Time, Teferi's Ageless Insight, Island, Opt, Teferi's Tutelage"
Teferi's Time Trouble,Secret Lair Drop,Other,SLD,2021-12-13,25.84,"Karn, the Great Creator, Teferi, Time Raveler, Dack Fayden"
"Teferi, Timebender",Planeswalker Deck,Other,DOM,2018-04-27,13.74,"Jhoira's Familiar, Teferi, Timebender, Serra Angel, Island, Tetsuko Umezawa, Fugitive"
"Teferi, Timeless Voyager",Planeswalker Deck,Other,M21,2020-07-03,10.54,"Teferi's Ageless Insight, Teferi, Timeless Voyager, Island, Stern Dismissal, Opt"
Temur Avalanche,Intro Pack,Other,KTK,2014-09-26,54.41,"Stubborn Denial, Savage Punch, Elvish Mystic, Frontier Bivouac, Roar of Challenge"
Tenth Edition Foil Redemption,MTGO Redemption,Other,10E,2007-08-12,2686.75,"Sleeper Agent, Crucible of Worlds, Seedborn Muse, Root Maze, Doubling Cube"
Tenth Edition Redemption,MTGO Redemption,Other,10E,2007-08-12,2686.75,"Sleeper Agent, Crucible of Worlds, Seedborn Muse, Root Maze, Doubling Cube"
Tezzeret,Planeswalker Deck,Other,M19,2018-07-13,8.15,"Tezzeret, Cruel Machinist, Island, One with the Machine, Island, Manalith"
"Tezzeret, Master of Metal",Planeswalker Deck,Other,AER,2017-01-20,8.64,"Ornithopter, Tezzeret, Master of Metal, Swamp, Island, Swamp"
Thalia: Beyond the Helvault,Secret Lair Drop,Other,SLD,2020-03-12,15.5,"Thalia, Guardian of Thraben, Thalia, Guardian of Thraben, Thalia, Guardian of Thraben, Thalia, Guardian of Thraben"
Thallids,Theme Deck,Other,PSAL,2005-08-01,0.0,"Forest, Forest, Forest, Forest, Forest"
The '90s Binder Experience,Secret Lair Drop,Other,SLD,2023-04-14,151.84,"Exotic Orchard, Rin and Seri, Inseparable, Goreclaw, Terror of Qal Sisma, Alms Collector, Crested Sunmare"
The '90s Binder Experience Foil Edition,Secret Lair Drop,Other,SLD,2023-04-14,151.84,"Exotic Orchard, Rin and Seri, Inseparable, Goreclaw, Terror of Qal Sisma, Alms Collector, Crested Sunmare"
The Adventurers,Intro Pack,Other,ZEN,2009-10-02,31.38,"Lightning Bolt, Turntimber Ranger, Kazuul Warlord, Greenweaver Druid, Oran-Rief Survivalist"
The Art of Frank Frazetta,Secret Lair Drop,Other,SLD,2022-12-19,281.11,"Dark Ritual, Seize the Day, Midnight Reaper, Temporal Manipulation, Field Marshal"
The Art of Frank Frazetta Foil Edition,Secret Lair Drop,Other,SLD,2022-12-19,281.11,"Dark Ritual, Seize the Day, Midnight Reaper, Temporal Manipulation, Field Marshal"
The Art of Frank Frazetta: The Second Exhibition,Secret Lair Drop,Other,SLD,2025-06-10,67.75,"Aggravated Assault, Zulaport Cutthroat, Desperate Ritual, Deadly Dispute, Murderous Rider // Swift End"
The Art of Frank Frazetta: The Second Exhibition Foil Edition,Secret Lair Drop,Other,SLD,2025-06-10,67.75,"Aggravated Assault, Zulaport Cutthroat, Desperate Ritual, Deadly Dispute, Murderous Rider // Swift End"
The Astrology Lands: Aquarius,Secret Lair Drop,Other,SLD,2022-05-15,4.97,Island
The Astrology Lands: Aquarius Foil Edition,Secret Lair Drop,Other,SLD,2022-05-15,4.97,Island
The Astrology Lands: Aries,Secret Lair Drop,Other,SLD,2022-07-29,6.99,Mountain
The Astrology Lands: Aries Foil Edition,Secret Lair Drop,Other,SLD,2022-07-29,6.99,Mountain
The Astrology Lands: Cancer,Secret Lair Drop,Other,SLD,2022-10-21,6.91,Plains
The Astrology Lands: Cancer Foil Edition,Secret Lair Drop,Other,SLD,2022-10-21,6.91,Plains
The Astrology Lands: Capricorn,Secret Lair Drop,Other,SLD,2022-04-29,6.45,Swamp
The Astrology Lands: Capricorn Foil Edition,Secret Lair Drop,Other,SLD,2022-04-29,6.45,Swamp
The Astrology Lands: Gemini,Secret Lair Drop,Other,SLD,2022-09-23,7.56,Mountain
The Astrology Lands: Gemini Foil Edition,Secret Lair Drop,Other,SLD,2022-09-23,7.56,Mountain
The Astrology Lands: Leo,Secret Lair Drop,Other,SLD,2022-10-04,6.77,Plains
The Astrology Lands: Leo Foil Edition,Secret Lair Drop,Other,SLD,2022-10-04,6.77,Plains
The Astrology Lands: Libra,Secret Lair Drop,Other,SLD,2022-10-25,5.7,Plains
The Astrology Lands: Libra Foil Edition,Secret Lair Drop,Other,SLD,2022-10-25,5.7,Plains
The Astrology Lands: Pisces,Secret Lair Drop,Other,SLD,2022-07-29,5.69,Island
The Astrology Lands: Pisces Foil Edition,Secret Lair Drop,Other,SLD,2022-07-29,5.69,Island
The Astrology Lands: Sagittarius,Secret Lair Drop,Other,SLD,2022-12-27,23.81,Forest
The Astrology Lands: Sagittarius Foil Edition,Secret Lair Drop,Other,SLD,2022-12-27,23.81,Forest
The Astrology Lands: Scorpio,Secret Lair Drop,Other,SLD,2022-12-27,19.03,Swamp
The Astrology Lands: Scorpio Foil Edition,Secret Lair Drop,Other,SLD,2022-12-27,19.03,Swamp
The Astrology Lands: Taurus,Secret Lair Drop,Other,SLD,2022-09-02,4.92,Forest
The Astrology Lands: Taurus Foil Edition,Secret Lair Drop,Other,SLD,2022-09-02,4.92,Forest
The Astrology Lands: Virgo,Secret Lair Drop,Other,SLD,2022-10-25,5.65,Island
The Astrology Lands: Virgo Foil Edition,Secret Lair Drop,Other,SLD,2022-10-25,5.65,Island
The Beauty of the Beasts,Secret Lair Drop,Other,SLD,2024-02-23,116.24,"Scourge of Valkas, Felidar Guardian, Voracious Hydra, Serpent of Yawning Depths, Peregrine Drake"
The Beauty of the Beasts Foil Edition,Secret Lair Drop,Other,SLD,2024-02-23,164.53,"Scourge of Valkas, Felidar Guardian, Peregrine Drake, Voracious Hydra, Serpent of Yawning Depths"
The Brazen Coalition,Arena Starter Deck,Other,DOM,2018-03-22,27.53,"Forerunner of the Coalition, Dire Fleet Ravager, Captivating Crew, Fanatical Firebrand, Fell Flagship"
The Brothers' War Foil Redemption,MTGO Redemption,Other,BRO,2023-01-04,287.52,"Portal to Phyrexia, Awaken the Woods, Myrel, Shield of Argive, Diabolic Intent, Cityscape Leveler"
The Brothers' War Redemption,MTGO Redemption,Other,BRO,2023-01-04,287.52,"Portal to Phyrexia, Awaken the Woods, Myrel, Shield of Argive, Diabolic Intent, Cityscape Leveler"
The Coalition,Duel Deck,Other,DDE,2010-03-19,14.02,"Island, Armadillo Cloak, Treva, the Renewer, Harrow, Gerrard Capashen"
The Deluge,Theme Deck,Other,BRB,1999-11-12,54.63,"Land Tax, Catastrophe, Dirtcowl Wurm, Plains, Plains"
The Dracula Lands,Secret Lair Drop,Other,SLD,2022-05-06,63.18,"Swamp, Plains, Mountain, Island, Forest"
The Dracula Lands Foil Edition,Secret Lair Drop,Other,SLD,2022-05-06,63.18,"Swamp, Plains, Mountain, Island, Forest"
The Evil Dead,Secret Lair Drop,Other,SLD,2023-12-18,180.74,"Field of the Dead, Varina, Lich Queen, Puresteel Paladin, Vanquish the Horde, Zombie Apocalypse"
The Evil Dead Foil Edition,Secret Lair Drop,Other,SLD,2023-12-18,180.74,"Field of the Dead, Varina, Lich Queen, Puresteel Paladin, Vanquish the Horde, Zombie Apocalypse"
The Eyes Have It,Secret Lair Drop,Other,SLD,2026-05-12,104.29,"Gitaxian Probe, Opt, Otherworldly Gaze, Baleful Strix, Counterbalance"
The Eyes Have It Foil Edition,Secret Lair Drop,Other,SLD,2026-05-12,104.29,"Gitaxian Probe, Opt, Otherworldly Gaze, Baleful Strix, Counterbalance"
The Fairest Drop of All Foil Edition,Secret Lair Drop,Other,SLD,2024-12-10,41.09,"Tuvasa the Sunlit // Tuvasa the Sunlit, Steely Resolve // Steely Resolve, Estrid's Invocation // Estrid's Invocation, Estrid, the Masked // Estrid, the Masked"
The Flames of Rath,Theme Deck,Other,TMP,1997-10-14,26.13,"Furnace of Rath, Searing Touch, Goblin Bombardment, Soltari Guerrillas, Mogg Fanatic"
The Full-Text Lands,Secret Lair Drop,Other,SLD,2021-08-25,48.11,"Island, Swamp, Mountain, Forest, Plains"
The Full-Text Lands Foil Edition,Secret Lair Drop,Other,SLD,2021-08-25,48.11,"Island, Swamp, Mountain, Forest, Plains"
The Godzilla Lands,Secret Lair Drop,Other,SLD,2020-05-07,0.0,"Plains, Island, Swamp, Mountain, Forest"
The Last of Us Part I,Secret Lair Drop,Other,SLD,2025-11-06,32.5,"Cabal Ritual, Haunted One, Ellie, Brick Master, Joel, Resolute Survivor"
The Last of Us Part I Foil Edition,Secret Lair Drop,Other,SLD,2025-11-06,32.5,"Cabal Ritual, Haunted One, Ellie, Brick Master, Joel, Resolute Survivor"
The Last of Us Part II,Secret Lair Drop,Other,SLD,2025-11-06,21.36,"Dictate of Erebos, Ellie, Vengeful Hunter, Mycoloth, Abby, Merciless Soldier"
The Last of Us Part II Foil Edition,Secret Lair Drop,Other,SLD,2025-11-06,21.36,"Dictate of Erebos, Ellie, Vengeful Hunter, Mycoloth, Abby, Merciless Soldier"
The Legion of Dusk,Arena Starter Deck,Other,DOM,2018-03-22,76.58,"Vanquisher's Banner, Forerunner of the Legion, Legion Lieutenant, Vona, Butcher of Magan, Sanctum Seeker"
The Lost Caverns of Ixalan Bundle Land Pack,Bundle Land Pack,Other,LCI,2023-11-17,3.98,"Plains, Plains, Mountain, Mountain, Island"
The Lost Caverns of Ixalan Foil Redemption,MTGO Redemption,Other,LCI,2023-12-06,503.63,"Roaming Throne, Cavern of Souls, Bloodletter of Aclazotz, Ojer Taq, Deepest Foundation // Temple of Civilization, Ojer Axonil, Deepest Might // Temple of Power"
The Lost Caverns of Ixalan Redemption,MTGO Redemption,Other,LCI,2023-12-06,503.63,"Roaming Throne, Cavern of Souls, Bloodletter of Aclazotz, Ojer Taq, Deepest Foundation // Temple of Civilization, Ojer Axonil, Deepest Might // Temple of Power"
"The Meaning of Life, Maybe",Secret Lair Drop,Other,SLD,2022-12-19,210.43,"Mental Misstep, Mind's Dilation, Forced Fruition, Well of Lost Dreams, Future Sight"
"The Meaning of Life, Maybe Foil Edition",Secret Lair Drop,Other,SLD,2022-12-19,210.43,"Mental Misstep, Mind's Dilation, Forced Fruition, Well of Lost Dreams, Future Sight"
The Might of Galadriel,Box Set,Other,LTC,2023-11-03,67.73,"Galadriel's Dismissal, Galadriel, Light of Valinor, Galadhrim Brigade, Mists of Lórien, Rally the Galadhrim"
The Nightstalkers,Theme Deck,Other,P02,1998-06-24,16.0,"Ancient Craving, Swamp, Swamp, Swamp, Predatory Nightstalker"
The Office: Dwight's Destiny,Secret Lair Drop,Other,SLD,2025-10-27,91.37,"Heliod, Sun-Crowned, Swords to Plowshares, Steelshaper's Gift, Reaper King, Baral, Chief of Compliance"
The Office: Dwight's Destiny Foil Edition,Secret Lair Drop,Other,SLD,2025-10-27,91.37,"Heliod, Sun-Crowned, Swords to Plowshares, Steelshaper's Gift, Reaper King, Baral, Chief of Compliance"
The Path Not Traveled,Secret Lair Drop,Other,SLD,2020-06-03,13.49,"Ajani Steadfast, Vraska, Golgari Queen, Tamiyo, Field Researcher, Domri Rade"
The Plague,Theme Deck,Other,USG,1998-10-12,15.06,"Pariah, Worship, Swamp, Plains, Plains"
The Plague - Enhanced Deck,Enhanced Deck,Other,USG,1998-10-12,72.29,"Reflecting Pool, Dark Ritual, Wall of Nets, Pariah, Worship"
The Princess Bride,Secret Lair Drop,Other,SLD,2023-11-30,269.44,"Sisay, Weatherlight Captain, Fynn, the Fangbearer, Samut, Voice of Dissent, Silence, Brion Stoutarm"
The Princess Bride Foil Edition,Secret Lair Drop,Other,SLD,2023-11-30,269.44,"Sisay, Weatherlight Captain, Fynn, the Fangbearer, Samut, Voice of Dissent, Silence, Brion Stoutarm"
The River Heralds,Arena Starter Deck,Other,DOM,2018-03-22,62.88,"Herald of Secret Streams, Tishana, Voice of Thunder, Hadana's Climb // Winged Temple of Orazca, Mist-Cloaked Herald, Tempest Caller"
The Slivers,Theme Deck,Other,TMP,1997-10-14,17.18,"Counterspell, Ertai's Meddling, Extinction, Island, Swamp"
The Slivers - Advanced Deck,Advanced Deck,Other,TMP,1997-10-14,26.78,"Underground River, Counterspell, Impulse, Nevinyrral's Disk, Island"
The Space Beyond the Stars,Secret Lair Drop,Other,SLD,2022-12-05,51.86,"Stasis, Prismatic Omen, Imprisoned in the Moon, Wheel of Sun and Moon"
The Space Beyond the Stars Foil Edition,Secret Lair Drop,Other,SLD,2022-12-05,51.86,"Stasis, Prismatic Omen, Imprisoned in the Moon, Wheel of Sun and Moon"
The Sparkler,Theme Deck,Other,STH,1998-03-02,36.94,"Propaganda, Searing Touch, Intruder Alarm, Counterspell, Reins of Power"
The Sparkler - Advanced Deck,Advanced Deck,Other,STH,1998-03-02,37.43,"Propaganda, Searing Touch, Jokulhaups, Counterspell, Impulse"
The Spikes,Theme Deck,Other,STH,1998-03-02,25.77,"Hermit Druid, Heartstone, Forest, Forest, Spike Feeder"
The Spikes - Advanced Deck,Advanced Deck,Other,STH,1998-03-02,154.99,"Reflecting Pool, Undiscovered Paradise, City of Brass, Gemstone Mine, Armageddon"
The Stars Gaze Back,Secret Lair Drop,Other,SLD,2023-08-29,89.1,"Omnath, Locus of Rage, Flamekin Harbinger, Risen Reef, Voice of Resurgence"
The Stars Gaze Back Foil Edition,Secret Lair Drop,Other,SLD,2023-08-29,89.1,"Omnath, Locus of Rage, Flamekin Harbinger, Risen Reef, Voice of Resurgence"
The Strange Sands: Forest,Secret Lair Drop,Other,SLD,2025-01-15,3.95,Forest
The Strange Sands: Forest Foil Edition,Secret Lair Drop,Other,SLD,2025-01-15,3.95,Forest
The Strange Sands: Island,Secret Lair Drop,Other,SLD,2025-01-15,12.21,Island
The Strange Sands: Island Foil Edition,Secret Lair Drop,Other,SLD,2025-01-15,12.21,Island
The Strange Sands: Mountain,Secret Lair Drop,Other,SLD,2025-01-15,4.99,Mountain
The Strange Sands: Mountain Foil Edition,Secret Lair Drop,Other,SLD,2025-01-15,4.99,Mountain
The Strange Sands: Plains,Secret Lair Drop,Other,SLD,2025-01-15,2.77,Plains
The Strange Sands: Plains Foil Edition,Secret Lair Drop,Other,SLD,2025-01-15,2.77,Plains
The Strange Sands: Swamp,Secret Lair Drop,Other,SLD,2025-01-15,4.33,Swamp
The Strange Sands: Swamp Foil Edition,Secret Lair Drop,Other,SLD,2025-01-15,4.33,Swamp
The Sun Empire,Arena Starter Deck,Other,DOM,2018-03-22,49.48,"Forerunner of the Empire, Verdant Sun's Avatar, Samut, Voice of Dissent, Ranging Raptors, Needletooth Raptor"
The Swarm,Theme Deck,Other,TMP,1997-10-14,116.55,"Aluren, Recycle, Muscle Sliver, Forest, Forest"
The Swarm - Advanced Deck,Advanced Deck,Other,TMP,1997-10-14,146.04,"Aluren, Birds of Paradise, Armageddon, Brushland, Muscle Sliver"
The Tokyo Lands,Secret Lair Drop,Other,SLD,2022-09-13,89.44,"Plains, Swamp, Forest, Mountain, Island"
The Tokyo Lands Foil Etched Edition,Secret Lair Drop,Other,SLD,2022-09-13,89.44,"Plains, Swamp, Forest, Mountain, Island"
The Unfathomable Crushing Brutality of Basic Lands,Secret Lair Drop,Other,SLD,2021-04-13,67.15,"Swamp, Mountain, Island, Forest, Plains"
The Unfathomable Crushing Brutality of Basic Lands Foil Edition,Secret Lair Drop,Other,SLD,2021-04-13,67.15,"Swamp, Mountain, Island, Forest, Plains"
The Walking Dead,Secret Lair Drop,Other,SLD,2020-10-13,90.0,"Greymond, Avacyn's Stalwart, Hansk, Slayer Zealot, Malik, Grim Manipulator, Gregor, Shrewd Magistrate, Enkira, Hostile Scavenger"
The Weirdest Pets in the Multiverse,Secret Lair Drop,Other,SLD,2022-12-05,76.65,"Beast Whisperer, Stitcher's Supplier, Laboratory Maniac, Wood Elves, Vizier of the Menagerie"
The Weirdest Pets in the Multiverse Foil Edition,Secret Lair Drop,Other,SLD,2022-12-05,76.65,"Beast Whisperer, Stitcher's Supplier, Laboratory Maniac, Wood Elves, Vizier of the Menagerie"
The Wilds and the Deep,Intro Pack,Other,JOU,2014-05-02,40.78,"Archetype of Imagination, Kiora's Follower, Triton Shorestalker, Forest, Market Festival"
Theros Beyond Death Foil Redemption,MTGO Redemption,Other,THB,2020-02-23,357.44,"Shadowspear, Thassa, Deep-Dwelling, Nyxbloom Ancient, Thassa's Oracle, Heliod, Sun-Crowned"
Theros Beyond Death Redemption,MTGO Redemption,Other,THB,2020-02-23,357.44,"Shadowspear, Thassa, Deep-Dwelling, Nyxbloom Ancient, Thassa's Oracle, Heliod, Sun-Crowned"
Theros Foil Redemption,MTGO Redemption,Other,THS,2013-10-27,550.81,"Nykthos, Shrine to Nyx, Swan Song, Purphoros, God of the Forge, Erebos, God of the Dead, Xenagos, the Reveler"
Theros Redemption,MTGO Redemption,Other,THS,2013-10-27,550.81,"Nykthos, Shrine to Nyx, Swan Song, Purphoros, God of the Forge, Erebos, God of the Dead, Xenagos, the Reveler"
Theros Stargazing: Vol. I (Heliod),Secret Lair Drop,Other,SLD,2020-02-14,69.27,"Iroas, God of Victory, Heliod, God of the Sun, Karametra, God of Harvests"
Theros Stargazing: Vol. II (Thassa),Secret Lair Drop,Other,SLD,2020-02-14,53.65,"Thassa, God of the Sea, Ephara, God of the Polis, Kruphix, God of Horizons"
Theros Stargazing: Vol. III (Erebos),Secret Lair Drop,Other,SLD,2020-02-14,94.84,"Athreos, God of Passage, Phenax, God of Deception, Erebos, God of the Dead"
Theros Stargazing: Vol. IV (Purphoros),Secret Lair Drop,Other,SLD,2020-02-14,84.79,"Purphoros, God of the Forge, Keranos, God of Storms, Mogis, God of Slaughter"
Theros Stargazing: Vol. V (Nylea),Secret Lair Drop,Other,SLD,2020-02-14,45.97,"Nylea, God of the Hunt, Xenagos, God of Revels, Pharika, God of Affliction"
They Grow Up So Fast,Secret Lair Drop,Other,SLD,2025-03-25,45.73,"Dragonlord Dromoka // Dragonlord Dromoka, Dragonlord Kolaghan // Dragonlord Kolaghan, Dragonlord Atarka // Dragonlord Atarka, Dragonlord Silumgar // Dragonlord Silumgar, Dragonlord Ojutai // Dragonlord Ojutai"
They Grow Up So Fast Foil Edition,Secret Lair Drop,Other,SLD,2025-03-25,45.73,"Dragonlord Dromoka // Dragonlord Dromoka, Dragonlord Kolaghan // Dragonlord Kolaghan, Dragonlord Atarka // Dragonlord Atarka, Dragonlord Silumgar // Dragonlord Silumgar, Dragonlord Ojutai // Dragonlord Ojutai"
Think Again 1,Jumpstart,Other,J22,2022-12-02,5.77,"Serum Visions, Jace, Arcane Strategist, Spectral Sailor, Thriving Isle, Faerie Vandal"
Think Again 2,Jumpstart,Other,J22,2022-12-02,7.91,"Alandra, Sky Dreamer, Spectral Sailor, Hedron Archive, Thriving Isle, Opt"
Think Again 3,Jumpstart,Other,J22,2022-12-02,7.88,"Alandra, Sky Dreamer, Spectral Sailor, Thriving Isle, Lay Claim, Faerie Vandal"
Think Again 4,Jumpstart,Other,J22,2022-12-02,3.63,"Spectral Sailor, Military Intelligence, Faerie Formation, Thriving Isle, Mantle of Tides"
Thought Invoker,Shandalar Enemy Deck,Other,PAST,1997-04-01,66.68,"Time Elemental, Energy Flux, Giant Tortoise, Mahamoti Djinn, Mana Short"
Thoughts of the Wind,Theme Deck,Other,PS11,2011-01-01,0.0,"Island, Island, Island, Island, Air Elemental"
Thrilling Tales of the Undead,Secret Lair Drop,Other,SLD,2022-01-28,84.97,"Gravecrawler, Rise of the Dark Realms, Liliana, Death's Majesty"
Thrilling Tales of the Undead Foil Edition,Secret Lair Drop,Other,SLD,2022-01-28,84.97,"Gravecrawler, Rise of the Dark Realms, Liliana, Death's Majesty"
Thrive and Thrash,Event Deck,Other,GTC,2013-02-22,37.05,"Deadeye Navigator, Arbor Elf, Strangleroot Geist, Farseek, Thragtusk"
Throne of Eldraine Foil Redemption,MTGO Redemption,Other,ELD,2019-11-03,305.3,"The Great Henge, Oko, Thief of Crowns, Embercleave, Wishclaw Talisman, Ayara, First of Locthwain"
Throne of Eldraine Redemption,MTGO Redemption,Other,ELD,2019-11-03,305.3,"The Great Henge, Oko, Thief of Crowns, Embercleave, Wishclaw Talisman, Ayara, First of Locthwain"
Through the Wormhole,Secret Lair Drop,Other,SLD,2023-12-05,209.08,"Sol Ring, Arcane Signet, Command Tower, Thought Vessel, Lightning Greaves"
Through the Wormhole Galaxy Foil Edition,Secret Lair Drop,Other,SLD,2023-12-05,379.48,"Sol Ring, Arcane Signet, Command Tower, Lightning Greaves, Thought Vessel"
Tibalt,Duel Deck,Other,DDK,2013-03-15,9.71,"Sulfuric Vortex, Tibalt, the Fiend-Blooded, Hellrider, Terminate, Faithless Looting"
Tidal Mastery,Theme Deck,Other,MMQ,1999-10-04,456.76,"Counterspell, Thwart, War Tax, Coastal Piracy, Saprazzan Legate"
Tidal Mastery - Enhanced Deck,Enhanced Deck,Other,MMQ,1999-10-04,876.62,"Palinchron, Counterspell, Mother of Runes, Thwart, War Tax"
Time Curse,Theme Deck,Other,S99,1999-07-12,45.52,"Time Warp, Counterspell, Island, Island, Island"
Time Drain,Theme Deck,Other,ULG,1999-02-15,651.03,"Cloud of Faeries, Snap, Frantic Search, Treetop Village, Miscalculation"
Time Drain - Enhanced Deck,Enhanced Deck,Other,ULG,1999-02-15,893.75,"Palinchron, Cloud of Faeries, Snap, Miscalculation, Reflecting Pool"
Time Spiral Foil Redemption,MTGO Redemption,Other,TSP,2006-11-05,2449.84,"Gemstone Caverns, Scion of the Ur-Dragon, Ophidian Eye, Snapback, Angel's Grace"
Time Spiral Redemption,MTGO Redemption,Other,TSP,2006-11-05,2449.84,"Gemstone Caverns, Scion of the Ur-Dragon, Ophidian Eye, Snapback, Angel's Grace"
Time Spiral Timeshifted Foil Redemption,MTGO Redemption,Other,TSB,2006-11-05,1627.58,"Claws of Gix, Darkness, Tormod's Crypt, Dandân, Lightning Angel"
Time Spiral Timeshifted Redemption,MTGO Redemption,Other,TSB,2006-11-05,1627.58,"Claws of Gix, Darkness, Tormod's Crypt, Dandân, Lightning Angel"
Time Trouble Two,Secret Lair Drop,Other,SLD,2022-12-19,40.1,"Narset, Parter of Veils, Nissa, Who Shakes the World, Tezzeret, Agent of Bolas"
Time Trouble Two Foil Edition,Secret Lair Drop,Other,SLD,2022-12-19,40.1,"Narset, Parter of Veils, Nissa, Who Shakes the World, Tezzeret, Agent of Bolas"
Titanic 1,Jumpstart,Other,BRO,2022-11-18,6.62,"Gaea's Gift, Sarinth Steelseeker, Woodcaller Automaton, Bushwhack, Blanchwood Prowler"
Titanic 2,Jumpstart,Other,BRO,2022-11-18,4.26,"Sarinth Steelseeker, Woodcaller Automaton, Bushwhack, Cradle Clearcutter, Iron-Craw Crusher"
To Adventure!,Arena Starter Deck,Other,M21,2021-07-03,10.55,"Ironscale Hydra, Plains, Giant Killer // Chop Down, Wandermare, Temple of Plenty"
Tom van de Logt - Machine Head,World Championship Deck,Other,WC01,2001-08-08,52.09,"Rishadan Port, Dark Ritual, Swamp, Swamp, Swamp"
Tom van de Logt - Replenish,World Championship Deck,Other,WC00,2000-08-02,206.15,"Replenish, Parallax Tide, Enlightened Tutor, Parallax Wave, Opalescence"
Tomb Raider,Secret Lair Drop,Other,SLD,2023-12-05,174.36,"Shadowspear, Lara Croft, Tomb Raider, Academy Ruins, Bow of Nylea, Search for Azcanta // Azcanta, the Sunken Ruin"
Tomb Raider Foil Edition,Secret Lair Drop,Other,SLD,2023-12-05,174.36,"Shadowspear, Lara Croft, Tomb Raider, Academy Ruins, Bow of Nylea, Search for Azcanta // Azcanta, the Sunken Ruin"
Tombstone,Theme Deck,Other,USG,1998-10-12,27.08,"Victimize, Exhume, Island, Turnabout, Island"
Tombstone - Enhanced Deck,Enhanced Deck,Other,USG,1998-10-12,131.05,"Reflecting Pool, Reanimate, Armageddon, Living Death, Animate Dead"
Tome of the Astral Sorceress,Secret Lair Drop,Other,SLD,2024-10-01,36.55,"Preordain, Teferi's Ageless Insight, Back to Basics, Sphinx of the Second Sun"
Tome of the Astral Sorceress Foil Edition,Secret Lair Drop,Other,SLD,2024-10-01,36.55,"Preordain, Teferi's Ageless Insight, Back to Basics, Sphinx of the Second Sun"
Too Many,Jumpstart,Other,J25,2024-11-07,5.67,"Fiendish Duo, Reckless Impulse, Brothers Yamazaki, Twinferno, Thriving Bluff"
Toph,Jumpstart,Other,TLE,2025-11-20,63.44,"Toph, Earthbending Master, Solid Ground, Tale of Katara and Toph, Kyoshi Warrior Exemplars, Forest"
Torment Foil Redemption,MTGO Redemption,Other,TOR,2002-03-06,2357.29,"Grim Lavamancer, Cabal Coffers, Cabal Ritual, Insidious Dreams, Chainer, Dementia Master"
Torment Redemption,MTGO Redemption,Other,TOR,2002-03-06,2357.29,"Grim Lavamancer, Cabal Coffers, Cabal Ritual, Insidious Dreams, Chainer, Dementia Master"
Totally Merciless,Jumpstart,Other,DMU,2022-09-09,6.15,"Swamp, Knight of Dusk's Shadow, Tyrannical Pitlord, Braids's Frightful Return, Phyrexian Rager"
Totally Ruthless,Jumpstart,Other,DMU,2022-09-09,6.51,"Swamp, Cut Down, Cult Conscript, Tyrannical Pitlord, Braids's Frightful Return"
Totally Spaced Out Galaxy Foil Edition,Secret Lair Drop,Other,SLD,2022-12-05,147.64,"Strip Mine, Fabled Passage, Command Beacon, Ash Barrens"
Totem Power,Intro Pack,Other,ROE,2010-04-23,78.73,"Soul's Attendant, Kor Spiritdancer, Ornithopter, Forest, Forest"
Toxic 1,Jumpstart,Other,ONE,2023-02-10,4.52,"Infectious Bite, Goliath Hatchery, Cankerbloom, Venomous Brutalizer, Ichorspit Basilisk"
Toxic 2,Jumpstart,Other,ONE,2023-02-10,4.64,"Tyvar's Stand, Goliath Hatchery, Cankerbloom, Branchblight Stalker, The Hunter Maze"
Tragic Romance,Secret Lair Drop,Other,SLD,2025-03-25,137.46,"Kaalia of the Vast, Skithiryx, the Blight Dragon, Master of Cruelties, Angel of Despair"
Tragic Romance Foil Edition,Secret Lair Drop,Other,SLD,2025-03-25,137.46,"Kaalia of the Vast, Skithiryx, the Blight Dragon, Master of Cruelties, Angel of Despair"
Trample Civilization Underfoot,Archenemy Deck,Other,ARC,2010-06-18,21.11,"Rancor, Armadillo Cloak, Khalni Garden, Fog, Path to Exile"
Transference,Theme Deck,Other,DST,2004-02-06,261.22,"Skullclamp, Seat of the Synod, Arcbound Reclaimer, Reshape, Voltaic Construct"
"Transformers: One Shall Stand, One Shall Fall",Secret Lair Drop,Other,SLD,2022-12-19,56.21,"Mountain, Plains, Swamp, Island, Forest"
"Transformers: One Shall Stand, One Shall Fall Foil Edition",Secret Lair Drop,Other,SLD,2022-12-19,56.21,"Mountain, Plains, Swamp, Island, Forest"
Transformers: Optimus Prime vs. Megatron,Secret Lair Drop,Other,SLD,2022-12-19,103.41,"Blightsteel Colossus // Blightsteel Colossus, Doubling Cube // Doubling Cube, Darksteel Colossus // Darksteel Colossus"
Transformers: Optimus Prime vs. Megatron Foil Edition,Secret Lair Drop,Other,SLD,2022-12-19,103.41,"Blightsteel Colossus // Blightsteel Colossus, Doubling Cube // Doubling Cube, Darksteel Colossus // Darksteel Colossus"
Transformers: Roll Out or Rise Up,Secret Lair Drop,Other,SLD,2022-12-19,102.6,"Dramatic Reversal, Fabricate, True Conviction, Greater Good, By Force"
Transformers: Roll Out or Rise Up Foil Edition,Secret Lair Drop,Other,SLD,2022-12-19,102.6,"Dramatic Reversal, Fabricate, True Conviction, Greater Good, By Force"
Treasure 1,Jumpstart,Other,J22,2022-12-02,2.84,"Rapacious Dragon, Sudden Breakthrough, Captain Lannery Storm, Thriving Bluff, Goldhound"
Treasure 2,Jumpstart,Other,J22,2022-12-02,9.93,"Professional Face-Breaker, Reckless Fireweaver, Rapacious Dragon, Pyre-Sledge Arsonist, Thriving Bluff"
Treasure 3,Jumpstart,Other,J22,2022-12-02,15.14,"Goldspan Dragon, Big Score, Rapacious Dragon, Thriving Bluff, Goldhound"
Treasure 4,Jumpstart,Other,J22,2022-12-02,2.82,"Gadrak, the Crown-Scourge, Rapacious Dragon, Gleaming Barrier, Thriving Bluff, Goldhound"
Treasure Hunt,Arena Starter Deck,Other,AFR,2021-09-24,44.8,"Goldspan Dragon, Xorn, Blightstep Pathway // Searstep Pathway, Soul Shatter, Shambling Ghast"
Treasures (1),Jumpstart,Other,J25,2024-11-07,13.53,"Evereth, Viceroy of Plunder, Pitiless Plunderer, Ruthless Technomancer, Shambling Ghast, Deadly Dispute"
Treasures (2),Jumpstart,Other,J25,2024-11-07,15.42,"Vault of Whispers, Evereth, Viceroy of Plunder, Pitiless Plunderer, Shambling Ghast, Deadly Dispute"
Tree-Hugging (1),Jumpstart,Other,JMP,2020-07-17,4.68,"Primordial Sage, Llanowar Visionary, Warden of the Woods, Explore, Wall of Blossoms"
Tree-Hugging (2),Jumpstart,Other,JMP,2020-07-17,4.62,"Primordial Sage, Llanowar Visionary, Warden of the Woods, Explore, Wall of Blossoms"
Tree-Hugging (3),Jumpstart,Other,JMP,2020-07-17,4.24,"Llanowar Visionary, Warden of the Woods, Explore, Wall of Blossoms, Jolrael, Mwonvuli Recluse"
Tree-Hugging (4),Jumpstart,Other,JMP,2020-07-17,5.35,"Soul of the Harvest, Llanowar Visionary, Warden of the Woods, Explore, Wall of Blossoms"
Trick or Treat,Secret Lair Drop,Other,SLD,2025-10-27,56.39,"Vito, Thorn of the Dusk Rose, Wilhelt, the Rotcleaver, Voja, Jaws of the Conclave, Liberator, Urza's Battlethopter, Satoru Umezawa"
Trick or Treat Foil Edition,Secret Lair Drop,Other,SLD,2025-10-27,56.39,"Vito, Thorn of the Dusk Rose, Wilhelt, the Rotcleaver, Voja, Jaws of the Conclave, Liberator, Urza's Battlethopter, Satoru Umezawa"
Tricksy 1,Jumpstart,Other,LTR,2023-06-23,6.19,"Elvish Mariner, Elrond, Lord of Rivendell, Meneldor, Swift Savior, Glorious Gale, Arwen's Gift"
Tricksy 2,Jumpstart,Other,LTR,2023-06-23,6.14,"Elvish Mariner, Elrond, Lord of Rivendell, Glorious Gale, Arwen's Gift, Saruman's Trickery"
Troll Shaman,Shandalar Enemy Deck,Other,PAST,1997-04-01,397.18,"Mountain, Strip Mine, Dancing Scimitar, Oasis, Shivan Dragon"
Trounce-O-Matic,Theme Deck,Other,ODY,2001-10-01,373.53,"Roar of the Wurm, Predict, Careful Study, Nimble Mongoose, Forest"
Truth Seekers,Theme Deck,Other,SOK,2005-06-03,126.32,"Rune-Tail, Kitsune Ascendant // Rune-Tail's Essence, Honden of Life's Web, Honden of Cleansing Fire, Nikko-Onna, Bounteous Kirin"
Turnabout,Theme Deck,Other,SHM,2008-05-02,461.87,"Umbral Mantle, Devoted Druid, Pili-Pala, Rhys the Redeemed, Seedcradle Witch"
Turnaround,Theme Deck,Other,PCY,2000-06-05,1038.03,"Rhystic Study, Daze, Foil, Seal of Cleansing, Mageta the Lion"
Twisted Reality,Intro Pack,Other,OGW,2016-01-22,29.73,"Bane of Bala Ged, Kozilek's Channeler, Endless One, Scour from Existence, Titan's Presence"
Twisted Toons,Secret Lair Drop,Other,SLD,2025-03-25,60.41,"Culling the Weak, Silence, Winds of Abandon, Fatal Push, Young Wolf"
Twisted Toons Foil Edition,Secret Lair Drop,Other,SLD,2025-03-25,60.41,"Culling the Weak, Silence, Winds of Abandon, Fatal Push, Young Wolf"
Ultimate Sacrifice,Event Deck,Other,BFZ,2015-10-02,49.73,"Zulaport Cutthroat, Grim Haruspex, Hangarback Walker, Murderous Cut, Llanowar Wastes"
Uncharted,Secret Lair Drop,Other,SLD,2025-11-06,28.45,"Passionate Archaeologist, Whip of Erebos, Nathan Drake, Treasure Hunter, Midnight Clock, Chain Reaction"
Uncharted Foil Edition,Secret Lair Drop,Other,SLD,2025-11-06,28.45,"Passionate Archaeologist, Whip of Erebos, Nathan Drake, Treasure Hunter, Midnight Clock, Chain Reaction"
Undead,Jumpstart,Other,FDN,2024-11-15,7.76,"Death Baron, Deadly Plot, Swamp, Reassembling Skeleton, Undying Malice"
Undead Knight,Shandalar Enemy Deck,Other,PAST,1997-04-01,86.72,"El-Hajjâj, Flying Carpet, Bad Moon, Nightmare, Black Knight"
Under the Sea (1),Jumpstart,Other,JMP,2020-07-17,4.03,"Waker of Waves, Island, Tolarian Kraken, Aegis Turtle, Rousing Read"
Under the Sea (2),Jumpstart,Other,JMP,2020-07-17,4.61,"Waker of Waves, Whelming Wave, Cryptic Serpent, Island, Aegis Turtle"
Underwater,Jumpstart,Other,TLE,2025-11-20,5.82,"Tui and La, Moon and Ocean, Coastal Piracy, Octopus Form, Thriving Isle, Island"
Underworld Herald,Event Deck,Other,BNG,2014-02-28,38.96,"Crypt Ghast, Gift of Orzhova, Pack Rat, Desecration Demon, Agent of the Fates"
Unearthed 1,Jumpstart,Other,BRO,2022-11-18,3.28,"Go for the Throat, Gruesome Realization, Terror Ballista, Ashnod's Intervention, No One Left Behind"
Unearthed 2,Jumpstart,Other,BRO,2022-11-18,3.13,"Overwhelming Remorse, Transmogrant Altar, Gnawing Vermin, Gruesome Realization, Terror Ballista"
Unearthed Secrets,Intro Pack,Other,SOI,2016-04-08,16.09,"Tireless Tracker, Erdwal Illuminator, Watcher in the Web, Byway Courier, Press for Answers"
Unflinching Assault,Intro Pack,Other,FRF,2015-01-23,27.35,"Merciless Executioner, Elite Scaleguard, Cruel Sadist, Hooded Assassin, Raiders' Spoils"
Unicorns,Jumpstart,Other,JMP,2020-07-17,23.96,"Emiel the Blessed, Blessed Sanctuary, Cloudshift, Plains, Plains"
United Assault,Challenger Deck,Other,Q02,2019-04-12,18.92,"Legion's Landing // Adanto, the First Fort, History of Benalia, Dauntless Bodyguard, Adanto Vanguard, Benalish Marshal"
Unlikely Alliances,Intro Pack,Other,EMN,2016-07-22,12.17,"Campaign of Vengeance, Blessed Alliance, Repel the Abominable, Swamp, Plains"
Unlucky Thirteen,Jumpstart,Other,J22,2022-12-02,13.51,"Tree of Perdition, Exsanguinate, Sling-Gang Lieutenant, Triskaidekaphobia, Disciple of Perdition"
Unnatural Forces,MTGO Theme Deck,Other,VIS,2006-04-10,35.05,"Necromancy, Impulse, Vision Charm, Swamp, Island"
Unnatural Schemes,Intro Pack,Other,ARB,2009-04-30,52.72,"Island, Terramorphic Expanse, Lich Lord of Unx, Nemesis of Reason, Swamp"
Unraveling Mind,Theme Deck,Other,PLC,2007-02-02,129.49,"Mirri the Cursed, Dauthi Slayer, Phantasmagorian, Mindlash Sliver, Big Game Hunter"
Unstable Terrain,Intro Pack,Other,ZEN,2009-10-02,43.44,"Roil Elemental, Harrow, Baloth Woodcrasher, Sage Owl, Turntimber Basilisk"
Untamed Wild,Intro Pack,Other,EMN,2016-07-22,12.28,"Silverfur Partisan, Furyblade Vampire, Blood Mist, Primal Druid, Forest"
Up and Away,Starter Kit,Other,SNC,2022-06-03,16.82,"Hullbreaker Horror, Welcoming Vampire, Consuming Tide, Inspiring Overseer, Dreamshackle Geist"
Urza's,Jumpstart,Other,J22,2022-12-02,20.44,"Walking Ballista, Karn Liberated, Expedition Map, Manakin, Urza's Power Plant"
Valentine's Day 2021,Secret Lair Drop,Other,SLD,2021-04-13,53.84,"Boros Charm, Gisela, Blade of Goldnight, Goblin Rabblemaster, Monastery Swiftspear"
Valentine's Day 2021 Foil Edition,Secret Lair Drop,Other,SLD,2021-04-13,53.84,"Boros Charm, Gisela, Blade of Goldnight, Goblin Rabblemaster, Monastery Swiftspear"
Vampire Lord,Shandalar Enemy Deck,Other,PAST,1997-04-01,285.58,"Sorceress Queen, Mana Vault, Carrion Ants, Howling Mine, Animate Dead"
Vampire Onslaught,Event Deck,Other,M12,2011-08-12,254.17,"Verdant Catacombs, Blade of the Bloodchief, Pawn of Ulamog, Bloodghast, Dismember"
Vampires,Deck Builder's Toolkit,Other,ROE,2010-05-21,26.88,"Sign in Blood, Blood Seeker, Tendrils of Corruption, Vampire Nighthawk, Feast of Blood"
Vampires (1),Jumpstart,Other,JMP,2020-07-17,22.61,"Vito, Thorn of the Dusk Rose, Blood Artist, Silversmote Ghoul, Swamp, Gifted Aetherborn"
Vampires (2),Jumpstart,Other,JMP,2020-07-17,18.44,"Vito, Thorn of the Dusk Rose, Silversmote Ghoul, Swamp, Gifted Aetherborn, Eternal Thirst"
Vampires (3),Jumpstart,Other,JMP,2020-07-17,40.5,"Exquisite Blood, Silversmote Ghoul, Sangromancer, Swamp, Gifted Aetherborn"
Vampires (4),Jumpstart,Other,JMP,2020-07-17,6.9,"Drana, Liberator of Malakir, Silversmote Ghoul, Swamp, Gifted Aetherborn, Falkenrath Noble"
Vampiric Thirst,Intro Pack,Other,SOI,2016-04-08,20.36,"Alms of the Vein, Indulgent Aristocrat, Olivia's Bloodsworn, Burn from Within, Sinister Concoction"
Vehicle Rush,Challenger Deck,Other,Q01,2018-04-06,35.68,"Skysovereign, Consul Flagship, Spire of Industry, Inspiring Vantage, Mountain, Dragonskull Summit"
Vehicles,Jumpstart,Other,J22,2022-12-02,11.78,"Lita, Mechanical Engineer, Peacewalker Colossus, Aradara Express, Giant Ox, Hotshot Mechanic"
Venser,Duel Deck,Other,DDI,2012-03-30,28.88,"Sigil of Sleep, Venser, the Sojourner, Steel of the Godhead, Path to Exile, Preordain"
Vicious Cycle,Intro Pack,Other,OGW,2016-01-22,21.03,"Brood Monitor, Blighted Woodland, Smothering Abomination, Wastes, Wastes"
Viva Las Rakdos,Secret Lair Drop,Other,SLD,2025-05-13,36.06,"Beseech the Mirror, Talisman of Indulgence, Lightning Greaves, Dark Petition, Light Up the Stage"
Vivien,Planeswalker Deck,Other,M19,2018-07-13,15.35,"Colossal Majesty, Vivien of the Arkbow, Reclamation Sage, Forest, Forest"
Vivien's Hunt,Arena Promotional Deck,Other,ONE,2023-02-10,12.54,"Titan of Industry, Gala Greeters, Augur of Autumn, Howlpack Piper // Wildsong Howler, Vivien on the Hunt"
"Vivien, Nature's Avenger",Planeswalker Deck,Other,M20,2019-07-29,8.22,"Vivien, Nature's Avenger, Season of Growth, Forest, Aggressive Mammoth, Wakeroot Elemental"
Voracious Rage,Intro Pack,Other,JOU,2014-05-02,19.71,"Searing Blood, Fanatic of Mogis, Swamp, Mountain, Mountain"
Vraska,Duel Deck,Other,DDM,2014-03-14,11.51,"Ohran Viper, Vraska the Unseen, Night's Whisper, Swamp, Pulse Tracker"
"Vraska, Regal Gorgon",Planeswalker Deck,Other,GRN,2018-10-05,18.2,"Beast Whisperer, Vraska, Regal Gorgon, Lotleth Giant, Forest, Golgari Guildgate"
"Vraska, Scheming Gorgon",Planeswalker Deck,Other,RIX,2018-01-19,26.77,"Legion Lieutenant, Champion of Dusk, Vraska, Scheming Gorgon, Vicious Conquistador, Swamp"
Waking Nightmares,Theme Deck,Other,TOR,2002-02-08,270.28,"Chainer, Dementia Master, Mesmeric Fiend, Enslaved Dwarf, Tainted Peak, Mountain"
Walk the Plank,Arena Starter Deck,Other,M19,2018-09-27,23.78,"Drowned Catacomb, Siren Stormtamer, Ravenous Chupacabra, Chart a Course, Demonlord Belzenlok"
Walls,Jumpstart,Other,JMP,2020-07-17,3.96,"Assault Formation, Towering Titan, Wall of Blossoms, Portcullis Vine, Warmonger's Chariot"
War Mage,Shandalar Enemy Deck,Other,PAST,1997-04-01,499.21,"Mountain, Mana Vault, Aladdin's Ring, Ball Lightning, Fellwar Stone"
War of Attrition,Event Deck,Other,NPH,2011-06-10,140.55,"Stoneforge Mystic, Puresteel Paladin, Sword of Vengeance, Journey to Nowhere, Leonin Relic-Warder"
War of the Spark Foil Redemption,MTGO Redemption,Other,WAR,2019-06-02,600.68,"Emergence Zone, Finale of Devastation, Bolas's Citadel, Neoform, God-Eternal Oketra"
War of the Spark Redemption,MTGO Redemption,Other,WAR,2019-06-02,600.68,"Emergence Zone, Finale of Devastation, Bolas's Citadel, Neoform, God-Eternal Oketra"
"Warhammer 40,000: Orks",Secret Lair Drop,Other,SLD,2022-12-05,153.37,"Zurgo Helmsmasher, Krenko, Tin Street Kingpin, Aggravated Assault, Merciless Executioner, Skysovereign, Consul Flagship"
"Warhammer 40,000: Orks Foil Edition",Secret Lair Drop,Other,SLD,2022-12-05,153.37,"Zurgo Helmsmasher, Krenko, Tin Street Kingpin, Aggravated Assault, Merciless Executioner, Skysovereign, Consul Flagship"
Warhammer Age of Sigmar,Secret Lair Drop,Other,SLD,2022-12-05,143.33,"Najeela, the Blade-Blossom, Blind Obedience, Scourge of the Throne, Loxodon Warhammer, Danitha Capashen, Paragon"
Warhammer Age of Sigmar Foil Edition,Secret Lair Drop,Other,SLD,2022-12-05,143.33,"Najeela, the Blade-Blossom, Blind Obedience, Scourge of the Throne, Loxodon Warhammer, Danitha Capashen, Paragon"
Warlock,Shandalar Enemy Deck,Other,PAST,1997-04-01,53.6,"El-Hajjâj, Dark Ritual, Hypnotic Specter, Tawnos's Wand, Swamp"
Warrior's Code,Theme Deck,Other,MOR,2008-02-01,86.58,"Boldwyr Heavyweights, Brighthearth Banneret, Unstoppable Ash, Changeling Berserker, Recross the Paths"
Warriors,Jumpstart,Other,TLE,2025-11-20,4.83,"Suki, Kyoshi Captain, Plains, Valorous Stance, Thriving Heath, Invasion Reinforcements"
Warriors (1),Jumpstart,Other,J25,2024-11-07,6.72,"Gornog, the Red Reaper, Thriving Bluff, Ghitu Encampment, Boldwyr Intimidator, Soul Sear"
Warriors (2),Jumpstart,Other,J25,2024-11-07,6.98,"Gornog, the Red Reaper, Infuriate, Thriving Bluff, Ghitu Encampment, Kargan Intimidator"
Way Wild,Theme Deck,Other,7ED,2001-04-11,566.43,"Llanowar Elves, Wild Growth, Ancient Silverback, Wood Elves, Blanchwood Armor"
Way of the Warrior,Theme Deck,Other,CHK,2004-10-01,65.88,"Takeno, Samurai General, Bushi Tenderfoot // Kenzo the Hardhearted, Konda's Hatamoto, Call to Glory, Devoted Retainer"
We Are Legion,Intro Pack,Other,M10,2009-07-17,46.08,"Lightning Bolt, Soul Warden, Plains, Honor of the Pure, Armored Ascension"
We Hope You Like Squirrels,Secret Lair Drop,Other,SLD,2021-03-15,47.95,"Swarmyard, Krosan Beast, Chatter of the Squirrel, Squirrel Mob, Squirrel Wrangler"
Weapons and Wards,Intro Pack,Other,EMN,2016-07-22,17.57,"Open the Armory, Subjugator Angel, Ulvenwald Observer, Emrakul's Evangel, Gryff's Boon"
Wei Kingdom,Theme Deck,Other,PTK,1999-05-01,162.95,"Cao Cao, Lord of Wei, Sima Yi, Wei Field Marshal, Ambition's Cost, Wei Assassins, Swamp"
Welcome to Castle Dracula,Secret Lair Drop,Other,SLD,2022-05-06,104.25,"Phyrexian Tower, Exquisite Blood, Night's Whisper"
Welcome to Castle Dracula Foil Edition,Secret Lair Drop,Other,SLD,2022-05-06,104.25,"Phyrexian Tower, Exquisite Blood, Night's Whisper"
Welcome to the Fungal,Secret Lair Drop,Other,SLD,2022-12-19,74.93,"Ghave, Guru of Spores, Mycoloth, Slimefoot, the Stowaway, Abundant Growth"
Welcome to the Fungal Foil Edition,Secret Lair Drop,Other,SLD,2022-12-19,74.93,"Ghave, Guru of Spores, Mycoloth, Slimefoot, the Stowaway, Abundant Growth"
Welded 1,Jumpstart,Other,BRO,2022-11-18,3.62,"Artificer's Dragon, Obliterating Bolt, Bitter Reunion, Scrapwork Mutt, Mishra, Excavation Prodigy"
Welded 2,Jumpstart,Other,BRO,2022-11-18,2.93,"Artificer's Dragon, Scrapwork Mutt, Mishra, Excavation Prodigy, Mishra's Research Desk, Mountain"
Well-Read (1),Jumpstart,Other,JMP,2020-07-17,5.2,"Curiosity, Opt, Island, Ormos, Archive Keeper, Tolarian Kraken"
Well-Read (2),Jumpstart,Other,JMP,2020-07-17,5.26,"Curiosity, Opt, Island, Ormos, Archive Keeper, Tolarian Kraken"
Well-Read (3),Jumpstart,Other,JMP,2020-07-17,65.41,"Rhystic Study, Curiosity, Opt, Island, Tolarian Kraken"
Well-Read (4),Jumpstart,Other,JMP,2020-07-17,5.5,"Curiosity, Read the Runes, Opt, Island, Tolarian Kraken"
Whim,Shandalar Enemy Deck,Other,PAST,1997-04-01,2971.67,"Mox Pearl, Colossus of Sardia, Carrion Ants, Royal Assassin, Kismet"
Whirlpool,Theme Deck,Other,APC,2001-06-04,367.53,"Opt, Chromatic Sphere, Fire // Ice, Flametongue Kavu, Whirlpool Warrior"
White,Halfdeck,Other,UND,2020-02-28,4.51,"Sword of Dungeons & Dragons, Paper Tiger, Plains, Look at Me, I'm the DCI, Frankie Peanuts"
White Black Life Gain,Deck Builder's Toolkit,Other,M15,2014-07-18,9.98,"Sunbond, Nyx-Fleece Ram, Sungrace Pegasus, Wall of Limbs, Ajani's Pridemate"
White Blue Bestow,Deck Builder's Toolkit,Other,M15,2014-07-18,4.78,"Glimpse the Sun God, Akroan Skyguard, Nimbus Naiad, Skyspear Cavalry, Wingsteed Rider"
White Deck,Welcome Deck,Other,W16,2016-04-08,4.93,"Blighted Steppe, Plains, Angel of Renewal, Devilthorn Fox, Aegis Angel"
White Deck A,Sample Deck,Other,M12,2011-07-15,19.66,"Shattered Angel, Lifelink, Inquisitor Exarch, Auramancer, Plains"
White Deck B,Sample Deck,Other,M12,2011-07-15,32.86,"Spirit Mantle, Kite Shield, Loxodon Convert, Plains, Plains"
White Equipment,Deck Builder's Toolkit,Other,MBS,2011-03-11,16.29,"Journey to Nowhere, Sylvok Lifestaff, Kor Duelist, Kemba's Legion, Trusty Machete"
White Heat - Advanced Deck,Advanced Deck,Other,EXO,1998-06-15,131.94,"Undiscovered Paradise, Tithe, City of Brass, Gemstone Mine, Armageddon"
White Heat - Basic Deck,Theme Deck,Other,EXO,1998-06-15,33.63,"Reconnaissance, Searing Touch, Wall of Nets, Goblin Bombardment, Limited Resources"
White Sample Deck,Sample Deck,Other,M15,2014-07-18,6.45,"Plains, Plains, Ajani's Pridemate, Staff of the Sun Magus, Plains"
White Weenie,Deck Builder's Toolkit,Other,ROE,2010-05-21,31.55,"Journey to Nowhere, Soul Warden, Veteran Swordsmith, Brave the Elements, Armored Ascension"
White and Black Spirits,Deck Builder's Toolkit,Other,KLD,2016-09-30,2.51,"Inspired Charge, Nearheath Chaplain, Haunted Dead, Servo Exhibition, Lawless Broker"
White and Black Zombies,Deck Builder's Toolkit,Other,AKH,2017-04-28,7.21,"Wayward Servant, Lord of the Accursed, Miasmic Mummy, Doomed Dissenter, Festering Mummy"
White-Green Aura,Deck Builder's Toolkit,Other,MBS,2011-03-11,28.05,"Hyena Umbra, Spider Umbra, Aura Gnarlid, Boar Umbra, Totem-Guide Hartebeest"
Wicked Big,Theme Deck,Other,MRD,2003-10-02,34.59,"Living Hive, Copper Myr, Journey of Discovery, Plated Slagwurm, Deconstruct"
Widowmaker - Advanced Deck,Advanced Deck,Other,EXO,1998-06-15,100.2,"Undiscovered Paradise, Phyrexian Furnace, Living Death, Underground River, Spirit of the Night"
Widowmaker - Basic Deck,Theme Deck,Other,EXO,1998-06-15,25.38,"Dark Ritual, Null Brooch, Counterspell, Forbid, Mana Leak"
Wild Rush,Intro Pack,Other,M13,2012-07-13,40.6,"Fungal Sprouting, Arbor Elf, Garruk's Packleader, Rancor, Ranger's Path"
Wild Wizardry,Arena Promotional Deck,Other,MID,2021-09-24,13.64,"Alrund's Epiphany, Wizard Class, Prismari Command, Silundi Vision // Silundi Isle, Song-Mad Treachery // Song-Mad Ruins"
Wild-Eyed Frenzy,MTGO Theme Deck,Other,VIS,2006-04-10,19.03,"Goblin Recruiter, Fireblast, Mountain, Mountain, Kookus"
Wilds of Eldraine Foil Redemption,MTGO Redemption,Other,WOE,2023-10-04,278.87,"Agatha's Soul Cauldron, Beseech the Mirror, Moonshaker Cavalry, Talion, the Kindly Lord, Eriette of the Charmed Apple"
Wilds of Eldraine Redemption,MTGO Redemption,Other,WOE,2023-10-04,278.87,"Agatha's Soul Cauldron, Beseech the Mirror, Moonshaker Cavalry, Talion, the Kindly Lord, Eriette of the Charmed Apple"
Will Of The Masses,Intro Pack,Other,M15,2014-07-18,21.51,"Hornet Queen, Triplicate Spirits, Wall of Mulch, Phytotitan, Nissa's Expedition"
Wing and Claw,Arena Starter Deck,Other,GRN,2018-11-17,49.78,"Nezahal, Primal Tide, Settle the Wreckage, Goring Ceratops, Glacial Fortress, Azor, the Lawbringer"
Winged Stallion,Shandalar Enemy Deck,Other,PAST,1997-04-01,87.49,"Dancing Scimitar, Howling Mine, Psionic Entity, Counterspell, Serra Angel"
Wings of Light,Theme Deck,Other,PS11,2011-01-01,0.0,"Plains, Plains, Plains, Plains, Angel of Mercy"
Wise (1),Jumpstart,Other,TLE,2025-11-20,13.01,"Waterbender's Restoration, Whirlwind Technique, Consider, Coastal Piracy, Gran-Gran"
Wise (2),Jumpstart,Other,TLE,2025-11-20,14.41,"The Blue Spirit, Whirlwind Technique, Consider, Sokka's Haiku, Thriving Isle"
Witch,Shandalar Enemy Deck,Other,PAST,1997-04-01,72.07,"Greed, Nevinyrral's Disk, Dark Ritual, Will-o'-the-Wisp, Swamp"
Witchcraft (1),Jumpstart,Other,JMP,2020-07-17,8.13,"Witch of the Moors, Cauldron Familiar, Swamp, Swamp, Tempting Witch"
Witchcraft (2),Jumpstart,Other,JMP,2020-07-17,5.57,"Witch of the Moors, Swamp, Swamp, Tempting Witch, Bubbling Cauldron"
Wizards,Theme Deck,Other,PSAL,2005-08-01,0.0,"Island, Island, Island, Island, Island"
Wizards (1),Jumpstart,Other,JMP,2020-07-17,4.33,"Talrand, Sky Summoner, Opt, Island, Winged Words, Wizard's Retort"
Wizards (2),Jumpstart,Other,JMP,2020-07-17,4.54,"Riptide Laboratory, Opt, Island, Winged Words, Wizard's Retort"
Wizards (3),Jumpstart,Other,JMP,2020-07-17,4.86,"Unsubstantiate, Talrand, Sky Summoner, Opt, Island, Winged Words"
Wizards (4),Jumpstart,Other,JMP,2020-07-17,3.89,"Island, Barrin, Tolarian Archmage, Wizard's Retort, Rain of Revelation, Shipwreck Dowser"
Wizards of the Street,Secret Lair Drop,Other,SLD,2022-12-19,67.26,"Spellseeker, Kess, Dissident Mage, Magus of the Wheel, Baral, Chief of Compliance"
Wizards of the Street Foil Edition,Secret Lair Drop,Other,SLD,2022-12-19,67.26,"Spellseeker, Kess, Dissident Mage, Magus of the Wheel, Baral, Chief of Compliance"
Wolfgang Eder - Goblin Bidding,World Championship Deck,Other,WC03,2003-08-06,82.71,"Goblin Sharpshooter, Bloodstained Mire, City of Brass, Smother, Patriarch's Bidding"
Wolves 1,Jumpstart,Other,J22,2022-12-02,2.85,"Arlinn, Voice of the Pack, Wicked Wolf, Packsong Pup, Wolfwillow Haven, Thriving Grove"
Wolves 2,Jumpstart,Other,J22,2022-12-02,5.46,"Master of the Wild Hunt, Arlinn, Voice of the Pack, Moonlight Hunt, Thriving Grove, Ferocious Pup"
Wolves 3,Jumpstart,Other,J22,2022-12-02,3.29,"Feed the Pack, Arlinn, Voice of the Pack, Kessig Cagebreakers, Predator's Howl, Wolfwillow Haven"
Wolves 4,Jumpstart,Other,J22,2022-12-02,2.8,"Nightpack Ambusher, Arlinn, Voice of the Pack, Wolfwillow Haven, Thriving Grove, Ferocious Pup"
Woodland Warriors,Duel Deck,Other,DDU,2018-04-06,34.17,"Ezuri, Renegade Leader, Regal Force, Yeva, Nature's Herald, Elvish Mystic, Oran-Rief, the Vastwood"
World Aflame,Theme Deck,Other,9ED,2005-07-29,48.51,"Magnivore, Wildfire, Mountain, Dancing Scimitar, Dragon's Claw"
Worldwake Foil Redemption,MTGO Redemption,Other,WWK,2010-03-07,1296.16,"Jace, the Mind Sculptor, Eye of Ugin, Amulet of Vigor, Stoneforge Mystic, Thada Adel, Acquisitor"
Worldwake Redemption,MTGO Redemption,Other,WWK,2010-03-07,1296.16,"Jace, the Mind Sculptor, Eye of Ugin, Amulet of Vigor, Stoneforge Mystic, Thada Adel, Acquisitor"
Wrack and Rage,Event Deck,Other,RTR,2012-10-26,44.77,"Rakdos Charm, Dragonskull Summit, Stromkirk Noble, Mizzium Mortars, Devil's Play"
Wrath of Mages,Arena Starter Deck,Other,M19,2018-09-27,20.36,"Banefire, River's Rebuke, Sulfur Falls, Lightning Strike, Ghitu Lavarunner"
Wrath of the Mortals,Event Deck,Other,JOU,2014-05-23,27.48,"Searing Blood, Mizzium Mortars, Guttersnipe, Young Pyromancer, Ogre Battledriver"
Wu Kingdom,Theme Deck,Other,PTK,1999-05-01,159.89,"Sun Quan, Lord of Wu, Lu Xun, Scholar General, Exhaustion, Island, Preemptive Strike"
Year of the Rat,Secret Lair Drop,Other,SLD,2020-01-07,80.13,"Marrow-Gnawer, Rat Colony, Ink-Eyes, Servant of Oni, Pack Rat"
Zakk's First Deck,Intro Pack,Other,RQS,1996-06-10,0.0,"Forest, Forest, Forest, Plains, Plains"
Zakk's Second Deck,Intro Pack,Other,RQS,1996-06-10,0.0,"Forest, Forest, Forest, Plains, Plains"
Zealots (1),Jumpstart,Other,J25,2024-11-07,3.32,"Desert of the Fervent, Brute Strength, Fling, Thriving Bluff, Zealous Conscripts"
Zealots (2),Jumpstart,Other,J25,2024-11-07,3.1,"Sandstorm Crasher, Fling, Thriving Bluff, Anep, Vizier of Hazoret, Bloodlust Inciter"
Zealots (3),Jumpstart,Other,J25,2024-11-07,4.0,"Combat Celebrant, Desert of the Fervent, Fling, Thriving Bluff, Shock"
Zealots (4),Jumpstart,Other,J25,2024-11-07,3.13,"Sandstorm Crasher, Fling, Thriving Bluff, Zealous Conscripts, Anep, Vizier of Hazoret"
Zendikar,Duel Deck,Other,DDP,2015-08-28,11.87,"Avenger of Zendikar, Scute Mob, Daggerback Basilisk, Groundswell, Harrow"
Zendikar Foil Redemption,MTGO Redemption,Other,ZEN,2009-11-01,2016.52,"Mindbreak Trap, Scalding Tarn, Misty Rainforest, Iona, Shield of Emeria, Verdant Catacombs"
Zendikar Redemption,MTGO Redemption,Other,ZEN,2009-11-01,2016.52,"Mindbreak Trap, Scalding Tarn, Misty Rainforest, Iona, Shield of Emeria, Verdant Catacombs"
Zendikar Rising Foil Redemption,MTGO Redemption,Other,ZNR,2020-10-25,357.77,"Sea Gate Restoration // Sea Gate, Reborn, Agadeem's Awakening // Agadeem, the Undercrypt, Ashaya, Soul of the Wild, Valakut Awakening // Valakut Stoneforge, Malakir Rebirth // Malakir Mire"
Zendikar Rising Redemption,MTGO Redemption,Other,ZNR,2020-10-25,357.77,"Sea Gate Restoration // Sea Gate, Reborn, Agadeem's Awakening // Agadeem, the Undercrypt, Ashaya, Soul of the Wild, Valakut Awakening // Valakut Stoneforge, Malakir Rebirth // Malakir Mire"
Zendikar Rising Welcome Booster,Welcome Booster,Other,ZNR,2020-09-25,12.3,"Demon of Loathing, Vraska the Unseen, Forest, Bruna, Light of Alabaster, Commander's Sphere"
Zendikar's Rage,Intro Pack,Other,BFZ,2015-10-02,26.57,"Tunneling Geopede, Retreat to Kazandu, Blighted Woodland, Sylvan Scrying, Oran-Rief Hydra"
Zombie Empire,Planechase Deck,Other,HOP,2009-09-04,115.8,"Cabal Coffers, Grave Pact, Undead Warchief, Beseech the Queen, Noxious Ghoul"
Zombies,Theme Deck,Other,PSAL,2005-08-01,0.0,"Swamp, Swamp, Swamp, Swamp, Swamp"
Zombies 1,Jumpstart,Other,J22,2022-12-02,5.55,"Gravecrawler, Lord of the Accursed, Deadly Plot, Necromancer's Stockpile, Mire Triton"
Zombies 2,Jumpstart,Other,J22,2022-12-02,3.29,"Liliana, Death's Majesty, Lord of the Accursed, Stitcher's Supplier, Deadly Plot, Cemetery Recruitment"
Zombies 3,Jumpstart,Other,J22,2022-12-02,7.86,"Endless Ranks of the Dead, Lord of the Accursed, Graf Harvest, Deadly Plot, Mire Triton"
Zombies 4,Jumpstart,Other,J22,2022-12-02,2.92,"Lord of the Accursed, Liliana's Mastery, Deadly Plot, Undead Augur, Cemetery Recruitment"
Zombies Unleashed,Theme Deck,Other,LGN,2003-02-03,374.1,"Graveborn Muse, Withered Wretch, Noxious Ghoul, Shepherd of Rot, Corpse Harvester"
Zuko,Jumpstart,Other,TLE,2025-11-20,24.42,"Zuko, Firebending Master, Frantic Confrontation, Lost in Memories, Fists of Flame, Mountain"
explosion sounds,Secret Lair Drop,Other,SLD,2019-12-07,72.32,"Goblin Sharpshooter, Goblin Lackey, Goblin King, Goblin Piledriver, Goblin Bushwhacker"
sAnS mERcY,Secret Lair Drop,Other,SLD,2024-05-30,75.99,"Torment of Hailfire, Mogis, God of Slaughter, Ruination, Massacre, Doom Blade"
sAnS mERcY Foil Edition,Secret Lair Drop,Other,SLD,2024-05-30,75.99,"Torment of Hailfire, Mogis, God of Slaughter, Ruination, Massacre, Doom Blade"
vroooOOOMMMMMM!,Secret Lair Drop,Other,SLD,2025-05-13,58.6,"Underworld Breach, Mishra's Bauble, Lava Dart, Monastery Swiftspear, Soul-Scar Mage"
vroooOOOMMMMMM! Foil Edition,Secret Lair Drop,Other,SLD,2025-05-13,58.6,"Underworld Breach, Mishra's Bauble, Lava Dart, Monastery Swiftspear, Soul-Scar Mage"
vroooOOOMMMMMM! Raised Foil Edition,Secret Lair Drop,Other,SLD,2025-05-13,135.88,"Underworld Breach, Mishra's Bauble, Lava Dart, Monastery Swiftspear, Soul-Scar Mage"
