Deck Name,Deck Type,Category,Set Code,Release Date,Total Value,Top 5 Cards
20 Ways to Win,Commander Deck,Commander,SLD,2024-12-04,408.09,"Revel in Riches, Heliod, Sun-Crowned, Bountiful Promenade, Sol Ring, Reflecting Pool"
Abzan Armor,Commander Deck,Commander,TDC,2025-04-11,48.67,"Seedborn Muse, Will of the Abzan, Staff of Compleation, Betor, Ancestor's Voice, Welcoming Vampire"
Adaptive Enchantment,Commander Deck,Commander,C18,2018-08-10,45.63,"Bear Umbra, Nylea's Colossus, Tuvasa the Sunlit, Eidolon of Blossoms, Herald of the Pantheon"
Ahoy Mateys,Commander Deck,Commander,LCC,2023-11-17,50.86,"Black Market Connections, Pitiless Plunderer, Windfall, Herald's Horn, Vanquisher's Banner"
Angels: They're Just Like Us but Cooler and with Wings,Commander Deck,Commander,SLD,2023-08-14,562.78,"Archangel of Thune, Commander's Plate, Bruna, the Fading Light // Brisela, Voice of Nightmares, Nykthos, Shrine to Nyx, Serra Ascendant"
Animated Army,Commander Deck,Commander,BLC,2024-08-02,35.29,"Lotus Cobra, Greater Good, Reliquary Tower, Thran Dynamo, Alchemist's Talent"
Arcane Maelstrom,Commander Deck,Commander,C20,2020-04-17,109.05,"Deflecting Swat, Twinning Staff, Dualcaster Mage, Lightning Greaves, Crop Rotation"
Arcane Wizardry,Commander Deck,Commander,C17,2017-08-25,52.3,"Kindred Dominance, Polymorphist's Jest, Kess, Dissident Mage, Memory Plunder, Comet Storm"
Arm for Battle,Commander Deck,Commander,CMR,2020-11-20,89.17,"Sigarda's Aid, Relentless Assault, Timely Ward, Boros Charm, Dualcaster Mage"
Aura of Courage,Commander Deck,Commander,AFC,2021-07-23,111.13,"Heroic Intervention, Robe of Stars, Winged Boots, Sword of the Animist, Mantle of the Ancients"
Avengers Assemble,Commander Deck,Commander,MSC,2026-06-26,56.77,"Kindred Discovery, Iron Man, Armored Avenger, Thor, Asgard's Avenger, Captain America, Living Legend, Professor Hulk"
Avengers Assemble Collector's Edition,Commander Deck,Commander,MSC,2026-06-26,56.77,"Kindred Discovery, Iron Man, Armored Avenger, Thor, Asgard's Avenger, Captain America, Living Legend, Professor Hulk"
Bedecked Brokers,Commander Deck,Commander,NCC,2022-04-29,75.36,"Damning Verdict, Power Conduit, Agent's Toolkit, Steelbane Hydra, Gavony Township"
Blame Game,Commander Deck,Commander,MKC,2024-02-09,111.13,"Trouble in Pairs, Smuggler's Share, Prisoner's Dilemma, Ghostly Prison, Duelist's Heritage"
Blast from the Past,Commander Deck,Commander,WHO,2023-10-13,169.04,"Heroic Intervention, Talisman of Unity, Three Visits, Displaced Dinosaurs, Talisman of Progress"
Blight Curse,Commander Deck,Commander,ECC,2026-01-23,13.77,"Chimil, the Inner Sun, Tree of Perdition, Evolution Sage, Flourishing Defenses, Sol Ring"
Blood Rites,Commander Deck,Commander,LCC,2023-11-17,103.2,"Exquisite Blood, Charismatic Conqueror, Elenda, the Dusk Rose, Elenda's Hierophant, Blade of the Bloodchief"
Braaains,Historic Brawl Precon Deck,Commander,MOM,2024-07-08,157.8,"Bojuka Bog, Coldsteel Heart, Vanquisher's Banner, Distant Melody, Gempalm Polluter"
Breed Lethality,Commander Deck,Commander,C16,2016-11-11,81.2,"Reyhan, Last of the Abzan, Cauldron of Souls, Cathars' Crusade, Brave the Sands, Kalonian Hydra"
Buckle Up,Commander Deck,Commander,NEC,2022-02-18,58.53,"Drumbellower, Imposter Mech, Cyberdrive Awakener, Swift Reconfiguration, Shorikai, Genesis Engine"
Built From Scratch,Commander Deck,Commander,C14,2014-11-07,90.27,"Goblin Welder, Ruby Medallion, Wurmcoil Engine, Arcane Lighthouse, Reliquary Tower"
Cabaretti Cacophony,Commander Deck,Commander,NCC,2022-04-29,118.53,"Master of Ceremonies, Seize the Spotlight, Life of the Party, Call the Coppercoats, Scute Swarm"
Call for Backup,Commander Deck,Commander,MOC,2023-04-21,87.33,"Uncivil Unrest, Strionic Resonator, Shalai and Hallar, Kalonian Hydra, Gavony Township"
Call the Spirits,Commander Deck,Commander,C15,2015-11-13,67.22,"Karlov of the Ghost Council, Thief of Blood, Aura of Silence, Black Market, Lightning Greaves"
Cavalry Charge,Commander Deck,Commander,MOC,2023-04-21,67.49,"Chivalric Alliance, Herald of Hoofbeats, Herald's Horn, Vodalian Wave-Knight, Vanquisher's Banner"
Chaos Incarnate,Commander Deck,Commander,SCD,2022-12-02,18.12,"Lightning Greaves, Soul Shatter, Talisman of Indulgence, Nihil Spellbomb, Mana Geyser"
Collateral Damage,Historic Brawl Precon Deck,Commander,MOM,2024-07-08,60.48,"Coldsteel Heart, Bloodghast, Zulaport Cutthroat, Hangarback Walker, Rekindling Phoenix"
Corrupting Influence,Commander Deck,Commander,ONC,2023-02-10,132.04,"Norn's Choirmaster, Glistening Sphere, Phyresis Outbreak, Contaminant Grafter, Norn's Decree"
Counter Blitz (FINAL FANTASY X),Commander Deck,Commander,FIC,2025-06-13,45.45,"Sphere Grid, Walking Ballista, Farewell, Three Visits, Yuna, Grand Summoner"
Counter Blitz Collector's Edition (FINAL FANTASY X),Commander Deck,Commander,FIC,2025-06-13,49.12,"Sphere Grid, Walking Ballista, Farewell, Three Visits, Yuna, Grand Summoner"
Counter Intelligence,Commander Deck,Commander,EOC,2025-08-01,27.78,"Swan Song, Great Furnace, Phyrexian Metamorph, Ripples of Potential, Karn's Bastion"
Counterpunch,Commander Deck,Commander,CMD,2011-06-17,85.41,"Aura Shards, Attrition, Alliance of Arms, Skullclamp, Acorn Catapult"
Coven Counters,Commander Deck,Commander,MIC,2021-09-24,33.84,"Moonsilver Key, Gyre Sage, Herald of War, Heronblade Elite, Champion of Lambholt"
Creative Energy,Commander Deck,Commander,M3C,2024-06-14,43.25,"Akroma's Will, Goldspan Dragon, Farewell, Professional Face-Breaker, Talisman of Creativity"
Creative Energy Collector's Edition,Commander Deck,Commander,M3C,2024-06-14,56.84,"Akroma's Will, Goldspan Dragon, Farewell, Professional Face-Breaker, Cayth, Famed Mechanist"
Dance of the Elements,Commander Deck,Commander,ECC,2026-01-23,24.31,"Springleaf Parade, Endurance, Timeless Lotus, Abundant Countryside, Selvala, Heart of the Wilds"
Deadly Disguise,Commander Deck,Commander,MKC,2024-02-09,112.12,"Jeska's Will, Seedborn Muse, Beast Whisperer, Neheb, the Eternal, Ohran Frostfang"
Death Toll,Commander Deck,Commander,DSC,2024-09-27,49.25,"Reanimate, Whip of Erebos, Arachnogenesis, Professor Onyx, Vault of Whispers"
Deathdancer Xira,MTGO Commander Deck,Commander,TD0,2009-08-26,0.0,"Barren Moor, Darigaaz's Caldera, Forest, Forest, Forest"
Deep Clue Sea,Commander Deck,Commander,MKC,2024-02-09,94.94,"Bennie Bracks, Zoologist, Adrix and Nev, Twincasters, Koma, Cosmos Serpent, Academy Manufactor, Farewell"
Desert Bloom,Commander Deck,Commander,OTC,2024-04-19,80.01,"Ancient Greenwarden, Scute Swarm, World Shaper, Ramunap Excavator, Sand Scout"
Devour for Power,Commander Deck,Commander,CMD,2011-06-17,91.69,"Grave Pact, Riddlekeeper, Memory Erosion, Lightning Greaves, Windfall"
Divine Convocation,Commander Deck,Commander,MOC,2023-04-21,75.86,"Nesting Dovehawk, The Locust God, Skullclamp, Suture Priest, Impact Tremors"
Draconic Destruction,Commander Deck,Commander,SCD,2022-12-02,13.7,"Elemental Bond, Scourge of Valkas, Swiftfoot Boots, Dragon Tempest, Vandalblast"
Draconic Dissent,Commander Deck,Commander,CLB,2022-06-10,137.46,"Astral Dragon, Bothersome Quasit, Artificer Class, Baeloth Barrityl, Entertainer, Niv-Mizzet, Parun"
Draconic Domination,Commander Deck,Commander,C17,2017-08-25,113.16,"Kindred Discovery, Utvara Hellkite, Scalelord Reckoner, Scion of the Ur-Dragon, Fist of Suns"
Draconic Rage,Commander Deck,Commander,AFC,2021-07-23,97.89,"Klauth, Unrivaled Ancient, Neverwinter Hydra, Dragonborn Champion, Wulfgar of Icewind Dale, Sword of Hours"
Dungeons of Death,Commander Deck,Commander,AFC,2021-07-23,73.54,"Wand of Orcus, Minn, Wily Illusionist, Nimbus Maze, Bucknard's Everfull Purse, Component Pouch"
Eldrazi Incursion,Commander Deck,Commander,M3C,2024-06-14,121.64,"Eldrazi Confluence, Eldrazi Monument, Morophon, the Boundless, Eldritch Immunity, Forsaken Monument"
Eldrazi Incursion Collector's Edition,Commander Deck,Commander,M3C,2024-06-14,160.55,"Glaring Fleshraker, Eldrazi Confluence, Azlask, the Swelling Scourge, Eldrazi Monument, Morophon, the Boundless"
Eldrazi Unbound,Commander Deck,Commander,CMM,2023-08-04,224.07,"Darksteel Monolith, Rise of the Eldrazi, Flayer of Loyalties, It That Betrays, Skittering Cicada"
Elven Council,Commander Deck,Commander,LTC,2023-06-23,74.67,"Heroic Intervention, Swan Song, Raise the Palisade, Rejuvenating Springs, Galadhrim Ambush"
Elven Empire,Commander Deck,Commander,KHC,2021-02-05,83.6,"Wolverine Riders, Elvish Promenade, Beast Whisperer, Elven Ambush, Elderfang Venom"
Enchantress Rubinia,MTGO Commander Deck,Commander,TD0,2009-08-26,0.0,"Azorius Chancery, Bant Panorama, Coastal Tower, Elfhame Palace, Forest"
Endless Punishment,Commander Deck,Commander,DSC,2024-09-27,130.33,"Persistent Constrictor, Witch's Clinic, The Lord of Pain, Kederekt Parasite, Spiked Corridor // Torture Pit"
Enduring Enchantments,Commander Deck,Commander,CMM,2023-08-04,151.1,"Starfield of Nyx, Ondu Spiritdancer, Narci, Fable Singer, Dryad of the Ilysian Grove, Boon of the Spirit Realm"
Enhanced Evolution,Commander Deck,Commander,C20,2020-04-17,89.78,"Deadly Rollick, Silent Arbiter, Tidal Barracuda, Beast Whisperer, Animist's Awakening"
Entropic Uprising,Commander Deck,Commander,C16,2016-11-11,154.13,"Burgeoning, Thrasios, Triton Hero, Chain of Vapor, Waste Not, Cruel Entertainment"
Eternal Bargain,Commander Deck,Commander,C13,2013-11-01,52.68,"Crawlspace, Toxic Deluge, Lim-Dûl's Vault, Sanguine Bond, Phyrexian Reclamation"
Eternal Might,Commander Deck,Commander,DRC,2025-02-14,25.65,"Renewed Solidarity, The Scarab God, Bontu's Monument, Drowned Catacomb, Sol Ring"
Evasive Maneuvers,Commander Deck,Commander,CMA,2017-06-09,65.76,"Thousand-Year Elixir, Basalt Monolith, Surveyor's Scope, Borrowing 100,000 Arrows, Conjurer's Closet"
Everyone's Invited!,Commander Deck,Commander,SLD,2025-05-12,416.97,"Bitterblossom, Maskwood Nexus, Raise the Palisade, Sol Ring, Rin and Seri, Inseparable"
Exit from Exile,Commander Deck,Commander,CLB,2022-06-10,133.46,"Jeska's Will, Delayed Blast Fireball, Passionate Archaeologist, Nalfeshnee, Three Visits"
Explorers of the Deep,Commander Deck,Commander,LCC,2023-11-17,69.1,"Kindred Discovery, Branching Evolution, Herald of Secret Streams, Reliquary Tower, Hardened Scales"
Exquisite Invention,Commander Deck,Commander,C18,2018-08-10,53.33,"Unwinding Clock, Varchild, Betrayer of Kjeldor, Treasure Nabber, Mirrorworks, Great Furnace"
Faceless Menace,Commander Deck,Commander,C19,2019-08-23,68.25,"Seedborn Muse, Apex Altisaur, Strionic Resonator, Sudden Substitution, Reliquary Tower"
Fae Dominion,Commander Deck,Commander,WOC,2023-09-08,168.71,"Archmage of Echoes, Kindred Dominance, Misleading Signpost, Alela, Cunning Conqueror, Glen Elendra Archmage"
Faerie Schemes,Brawl Deck,Commander,ELD,2019-10-04,158.22,"Emergence Zone, Smothering Tithe, Watery Grave, Sephara, Sky's Blade, Massacre Girl"
Family Matters,Commander Deck,Commander,BLC,2024-08-02,31.42,"Helm of the Host, Agate Instigator, Pollywog Prodigy, Jacked Rabbit, Elspeth, Sun's Champion"
Feline Ferocity,Commander Deck,Commander,C17,2017-08-25,109.56,"Hammer of Nazahn, Qasali Slingers, Traverse the Outlands, Sword of the Animist, Mirari's Wake"
First Flight,Commander Deck,Commander,SCD,2022-12-02,14.17,"Thought Vessel, True Conviction, Sephara, Sky's Blade, Counterspell, Sol Ring"
Flashy Fliers,Historic Brawl Precon Deck,Commander,MOM,2024-07-08,54.85,"Coldsteel Heart, Lyra Dawnbringer, Cavalier of Gales, Faerie Seer, Opt"
Food and Fellowship,Commander Deck,Commander,LTC,2023-06-23,60.7,"Birds of Paradise, Essence Warden, The Gaffer, Toxic Deluge, Sanguine Bond"
Forces of the Imperium,Commander Deck,Commander,40K,2022-10-07,222.63,"Celestine, the Living Saint, Reaver Titan, Commissar Severina Raine, Vexilus Praetor, Thunderhawk Gunship"
Forces of the Imperium Collector's Edition,Commander Deck,Commander,40K,2022-10-07,530.37,"Vexilus Praetor, Marneus Calgar, Celestine, the Living Saint, Commissar Severina Raine, Reaver Titan"
Forged In Stone,Commander Deck,Commander,C14,2014-11-07,94.91,"Emeria, the Sky Ruin, Grand Abolisher, Cathars' Crusade, Arcane Lighthouse, Skullclamp"
From Cute to Brute,Commander Deck,Commander,SLD,2023-05-08,343.72,"Nicol Bolas, the Ravager // Nicol Bolas, the Arisen, Westvale Abbey // Ormendahl, Profane Prince, Archangel Avacyn // Avacyn, the Purifier, Bloodline Keeper // Lord of Lineage, Valakut Awakening // Valakut Stoneforge"
Goblin Storm,Commander Deck,Commander,SLD,2026-05-18,400.0,"Roaming Throne, Sol Ring, Skullclamp, Krenko, Mob Boss, Broadside Bombardiers"
Grand Larceny,Commander Deck,Commander,OTC,2024-04-19,142.13,"Orochi Soul-Reaver, Brainstealer Dragon, Fallen Shinobi, Three Visits, Mind's Dilation"
Graveyard Overdrive,Commander Deck,Commander,M3C,2024-06-14,65.36,"The Reaver Cleaver, Barrowgoyf, Archon of Cruelty, Chandra's Ignition, Lightning Greaves"
Graveyard Overdrive Collector's Edition,Commander Deck,Commander,M3C,2024-06-14,86.8,"Barrowgoyf, The Reaver Cleaver, Archon of Cruelty, Chandra's Ignition, Accursed Marauder"
Growing Threat,Commander Deck,Commander,MOC,2023-04-21,65.69,"Filigree Vector, Bitterthorn, Nissa's Animus, Massacre Wurm, Nettlecyst, Vault of the Archangel"
Guided By Nature,Commander Deck,Commander,C14,2014-11-07,109.19,"Ezuri, Renegade Leader, Grave Sifter, Sylvan Safekeeper, Joraga Warcaller, Crystal Vein"
Guided by Nature,Commander Deck,Commander,CMA,2017-06-09,127.55,"Grave Sifter, Joraga Warcaller, Ezuri, Renegade Leader, Sylvan Safekeeper, Crystal Vein"
"Hail, Caesar",Commander Deck,Commander,PIP,2024-03-08,252.42,"Pitiless Plunderer, Skullclamp, Talisman of Indulgence, Tainted Peak, Arcane Signet"
"Heads I Win, Tails You Lose",Commander Deck,Commander,SLD,2022-04-22,506.0,"Shadowspear, Commander's Plate, Propaganda // Propaganda, Krark's Thumb // Krark's Thumb, Gamble"
Heavenly Inferno,Commander Deck,Commander,CMD,2011-06-17,71.11,"Pyrohemia, Mother of Runes, Stranglehold, Lightning Greaves, Comet Storm"
Invent Superiority,Commander Deck,Commander,C16,2016-11-11,63.43,"Silas Renn, Seeker Adept, Curse of Vengeance, Skullclamp, Akiri, Line-Slinger, Bruse Tarl, Boorish Herder"
Jeskai Striker,Commander Deck,Commander,TDC,2025-04-11,31.04,"Ghostly Prison, Veyran, Voice of Duality, Will of the Jeskai, Reliquary Tower, Narset's Reversal"
Jump Scare!,Commander Deck,Commander,DSC,2024-09-27,68.85,"Ashaya, Soul of the Wild, Giggling Skitterspike, Aesi, Tyrant of Gyre Strait, Scute Swarm, Reliquary Tower"
Knights' Charge,Brawl Deck,Commander,ELD,2019-10-04,46.8,"Godless Shrine, Colossus Hammer, Knight of the Ebon Legion, Skyknight Vanguard, Icon of Ancestry"
Land's Wrath,Commander Deck,Commander,ZNC,2020-09-25,22.13,"Emeria Shepherd, Geode Rager, Evolution Sage, Kodama's Reach, Zendikar's Roil"
Legends' Legacy,Commander Deck,Commander,DMC,2022-09-09,123.97,"Shizo, Death's Storehouse, The Reaver Cleaver, Bladewing, Deathless Tyrant, Mikokoro, Center of the Sea, Oketra's Monument"
Lightly Armored,Historic Brawl Precon Deck,Commander,MOM,2024-07-08,225.51,"Mirari's Wake, Ancestral Mask, Coldsteel Heart, Celestial Mantle, Lyra Dawnbringer"
Limit Break (FINAL FANTASY VII),Commander Deck,Commander,FIC,2025-06-13,47.09,"Skullclamp, Sword of the Animist, Professional Face-Breaker, Clever Concealment, Lightning Greaves"
Limit Break Collector's Edition (FINAL FANTASY VII),Commander Deck,Commander,FIC,2025-06-13,66.94,"Zack Fair, Tifa, Martial Artist, Skullclamp, Sword of the Animist, Professional Face-Breaker"
Living Energy,Commander Deck,Commander,DRC,2025-02-14,27.98,"Panharmonicon, Academy Ruins, Lightning Greaves, Conjurer's Closet, Stridehangar Automaton"
Lorehold Legacies,Commander Deck,Commander,C21,2021-04-23,72.59,"Thousand-Year Elixir, Monologue Tax, Great Furnace, Boros Charm, Hellkite Tyrant"
Lorehold Spirit,Commander Deck,Commander,SOC,2026-04-24,39.32,"Bitterthorn, Nissa's Animus, Moonshaker Cavalry, Emeria, the Sky Ruin, Turbulent Steppe, Lotus Field"
Maestros Massacre,Commander Deck,Commander,NCC,2022-04-29,73.76,"Twinning Staff, Make an Example, Determined Iteration, Kess, Dissident Mage, Lightning Greaves"
Mardu Surge,Commander Deck,Commander,TDC,2025-04-11,35.15,"Skullclamp, Goldlust Triad, Lightning Greaves, Grand Crescendo, Blade of Selves"
Masters of Evil,Commander Deck,Commander,WHO,2023-10-13,290.72,"Cybermen Squadron, Auton Soldier, Talisman of Dominance, Dalek Squadron, Talisman of Indulgence"
Merciless Rage,Commander Deck,Commander,C19,2019-08-23,46.91,"Bone Miser, Sanctum of Eternity, In Garruk's Wake, Curse of Fool's Wisdom, Magus of the Wheel"
Mind Flayarrrs,Commander Deck,Commander,CLB,2022-06-10,142.74,"Zellix, Sanity Flayer, Mindcrank, Brainstealer Dragon, Aboleth Spawn, Leyline of Anticipation"
Mind Seize,Commander Deck,Commander,C13,2013-11-01,56.28,"Jace's Archivist, Sudden Spoiling, Prosperity, Temple Bell, Nekusar, the Mindrazer"
Miracle Worker,Commander Deck,Commander,DSC,2024-09-27,79.58,"Ondu Spiritdancer, Hall of Heliod's Generosity, Ancient Cellarspawn, Inkshield, Timely Ward"
Mirror Mastery,Commander Deck,Commander,CMD,2011-06-17,97.83,"Animar, Soul of Elements, Homeward Path, Collective Voyage, Lightning Greaves, Ruination"
Mishra's Burnished Banner,Commander Deck,Commander,BRC,2022-11-18,121.82,"Strionic Resonator, Machine God's Effigy, Great Furnace, Reliquary Tower, Lithoform Engine"
Most Wanted,Commander Deck,Commander,OTC,2024-04-19,110.72,"Seize the Spotlight, Command Beacon, Breena, the Demagogue, Academy Manufactor, Boros Charm"
Mutant Menace,Commander Deck,Commander,PIP,2024-03-08,348.16,"Mortuary Mire, Infesting Radroach, Atomize, Power Fist, Guardian Project"
Mystic Intellect,Commander Deck,Commander,C19,2019-08-23,47.51,"Dockside Extortionist, Prismatic Strands, Ghostly Prison, Storm Herd, Clever Impersonator"
Nature of the Beast,Commander Deck,Commander,C13,2013-11-01,47.69,"Homeward Path, Boros Charm, Wrath of God, Khalni Garden, From the Ashes"
Nature's Vengeance,Commander Deck,Commander,C18,2018-08-10,21.37,"Fury Storm, Thantis, the Warweaver, Retreat to Hagra, Xantcha, Sleeper Agent, Stitch Together"
Necron Dynasties,Commander Deck,Commander,40K,2022-10-07,223.41,"Cryptothrall, Sceptre of Eternal Glory, Darkness, Canoptek Spyder, Resurrection Orb"
Necron Dynasties Collector's Edition,Commander Deck,Commander,40K,2022-10-07,523.46,"Sceptre of Eternal Glory, Cryptothrall, Resurrection Orb, Canoptek Spyder, Out of the Tombs"
Obscura Operation,Commander Deck,Commander,NCC,2022-04-29,86.61,"Smuggler's Share, Currency Converter, Change of Plans, Strionic Resonator, Fallen Shinobi"
Open Hostility,Commander Deck,Commander,C16,2016-11-11,154.5,"Tymna the Weaver, Breath of Fury, Iroas, God of Victory, Ravos, Soultender, Boros Charm"
Painbow,Commander Deck,Commander,DMC,2022-09-09,72.25,"Tiller Engine, Two-Headed Hellkite, Fallaji Wayfarer, Surrak Dragonclaw, Maelstrom Nexus"
Paradox Power,Commander Deck,Commander,WHO,2023-10-13,249.21,"Rockfall Vale, Quantum Misalignment, Danny Pink, Iraxxa, Empress of Mars, Preordain"
Party Time,Commander Deck,Commander,CLB,2022-06-10,120.79,"Black Market Connections, Mother of Runes, Grim Hireling, Deep Gnome Terramancer, Folk Hero"
Peace Offering,Commander Deck,Commander,BLC,2024-08-02,44.11,"Bloodroot Apothecary, Tempt with Bunnies, Kalonian Hydra, Reliquary Tower, Loran of the Third Path"
Peer Through Time,Commander Deck,Commander,C14,2014-11-07,71.31,"Cyclonic Rift, Sapphire Medallion, Breaching Leviathan, Crown of Doom, Thran Dynamo"
Phantom Premonition,Commander Deck,Commander,KHC,2021-02-05,44.49,"Eerie Interlude, Ghostly Prison, Cosmic Intervention, Windfall, Spectral Deluge"
Planar Portal,Commander Deck,Commander,AFC,2021-07-23,95.12,"Grim Hireling, Reckless Endeavor, Karazikar, the Eye Tyrant, Wild-Magic Sorcerer, Bucknard's Everfull Purse"
Planeswalker Party,Commander Deck,Commander,CMM,2023-08-04,132.27,"Silent Arbiter, Spark Double, Teyo, Geometric Tactician, Chandra, Awakened Inferno, Fellwar Stone"
Plunder the Graves,Commander Deck,Commander,C15,2015-11-13,66.55,"Pathbreaker Ibex, Eldrazi Monument, Thief of Blood, Skullclamp, Lightning Greaves"
Political Puppets,Commander Deck,Commander,CMD,2011-06-17,64.78,"Flusterstorm, Insurrection, Ghostly Prison, Propaganda, Howling Mine"
Power Hungry,Commander Deck,Commander,C13,2013-11-01,65.71,"Goblin Sharpshooter, Primal Vigor, Goblin Bombardment, Khalni Garden, Swiftfoot Boots"
Primal Genesis,Commander Deck,Commander,C19,2019-08-23,51.22,"Marisi, Breaker of the Coil, Ohran Frostfang, Momentous Fall, Trostani, Selesnya's Voice, Lightning Greaves"
Prismari Artistry,Commander Deck,Commander,SOC,2026-04-24,45.57,"Faerie Mastermind, Goldspan Dragon, Turbulent Springs, Lightning Greaves, Harmonic Prodigy"
Prismari Performance,Commander Deck,Commander,C21,2021-04-23,68.77,"Seething Song, Veyran, Voice of Duality, Rionya, Fire Dancer, Dualcaster Mage, Reliquary Tower"
Quandrix Unlimited,Commander Deck,Commander,SOC,2026-04-24,40.96,"Turbulent Wilderness, Three Visits, Ozolith, the Shattered Spire, Reliquary Tower, Goldvein Hydra"
Quantum Quandrix,Commander Deck,Commander,C21,2021-04-23,44.35,"Spawning Kraken, Guardian Augmenter, Ruxa, Patient Professor, Deekah, Fractal Theorist, Ezuri's Predation"
Quick Draw,Commander Deck,Commander,OTC,2024-04-19,108.09,"Winged Boots, Mizzix's Mastery, Veyran, Voice of Duality, Arcane Bombardment, Niv-Mizzet, Parun"
Raining Cats and Dogs,Commander Deck,Commander,SLD,2024-01-22,413.67,"Anointed Procession // Anointed Procession, Sol Ring // Sol Ring, Jetmir, Nexus of Revels // Jetmir, Nexus of Revels, Jetmir's Garden, Lurking Predators"
Reap the Tides,Commander Deck,Commander,CMR,2020-11-20,47.15,"Nezahal, Primal Tide, Ramunap Excavator, Reliquary Tower, Swiftfoot Boots, Scourge of Fleets"
Rebellion Rising,Commander Deck,Commander,ONC,2023-02-10,111.94,"Flawless Maneuver, Clever Concealment, Otharri, Suns' Glory, Call the Coppercoats, Hexplate Wallbreaker"
Revenant Recon,Commander Deck,Commander,MKC,2024-02-09,106.73,"Necromancy, Animate Dead, Rise of the Dark Realms, Reanimate, Doom Whisperer"
Revival Trance (FINAL FANTASY VI),Commander Deck,Commander,FIC,2025-06-13,26.25,"Reanimate, Rise of the Dark Realms, Pitiless Plunderer, Talisman of Indulgence, Swiftfoot Boots"
Revival Trance Collector's Edition (FINAL FANTASY VI),Commander Deck,Commander,FIC,2025-06-13,36.45,"Reanimate, Phoenix Down, Rise of the Dark Realms, Pitiless Plunderer, Laughing Mad"
Riders of Rohan,Commander Deck,Commander,LTC,2023-06-23,42.8,"Door of Destinies, Herald's Horn, Taunt from the Rampart, Vanquisher's Banner, Forth Eorlingas!"
Riveteers Rampage,Commander Deck,Commander,NCC,2022-04-29,52.98,"Jolene, the Plunder Queen, Life's Legacy, World Shaper, Industrial Advancement, Protection Racket"
Ruthless Regiment,Commander Deck,Commander,C20,2020-04-17,84.44,"Flawless Maneuver, Molten Echoes, Species Specialist, Call the Coppercoats, Skullclamp"
Savage Hunger,Brawl Deck,Commander,ELD,2019-10-04,64.88,"Evolution Sage, Stomping Ground, Rhythm of the Wild, Krenko, Tin Street Kingpin, Dreadhorde Invasion"
Science!,Commander Deck,Commander,PIP,2024-03-08,315.19,"Nuka-Cola Vending Machine, Bottle-Cap Blast, Lightning Greaves, Talisman of Creativity, Brotherhood Vertibird"
Scions & Spellcraft (FINAL FANTASY XIV),Commander Deck,Commander,FIC,2025-06-13,44.61,"Tataru Taru, Snuff Out, Authority of the Consuls, Sunken Ruins, Propaganda"
Scions & Spellcraft Collector's Edition (FINAL FANTASY XIV),Commander Deck,Commander,FIC,2025-06-13,61.5,"Tataru Taru, Snuff Out, Circle of Power, Authority of the Consuls, Astrologian's Planisphere"
Scrappy Survivors,Commander Deck,Commander,PIP,2024-03-08,314.66,"Silver Shroud Costume, Codsworth, Handy Helper, Heroic Intervention, Perception Bobblehead, Mantle of the Ancients"
Seize Control,Commander Deck,Commander,C15,2015-11-13,50.46,"Jace's Archivist, Reliquary Tower, Blatant Thievery, Mizzix's Mastery, Windfall"
Silverquill Influence,Commander Deck,Commander,SOC,2026-04-24,48.7,"Land Tax, Turbulent Moor, Animate Dead, Inkshield, Ghostly Prison"
Silverquill Statement,Commander Deck,Commander,C21,2021-04-23,108.72,"Stinging Study, Tempting Contract, Incarnation Technique, Inkshield, Victory Chimes"
Sliver Swarm,Commander Deck,Commander,CMM,2023-08-04,172.91,"Sliver Hivelord, Lazotep Sliver, Syphon Sliver, Three Visits, Hatchery Sliver"
Smashing Stampede,Historic Brawl Precon Deck,Commander,MOM,2024-07-08,145.35,"The Great Henge, Surrak and Goreclaw, Coldsteel Heart, Elvish Mystic, Shivan Devastator"
Sneak Attack,Commander Deck,Commander,ZNC,2020-09-25,31.98,"Sygg, River Cutthroat, Notorious Throng, In Garruk's Wake, Zulaport Cutthroat, Blackblade Reforged"
Spirit Squadron,Commander Deck,Commander,VOC,2021-11-19,35.69,"Kami of the Crescent Moon, Ghostly Prison, Arcane Denial, Darksteel Mutation, Knight of the White Orchid"
Squirreled Away,Commander Deck,Commander,BLC,2024-08-02,66.94,"Chatterfang, Squirrel General, Academy Manufactor, Skullclamp, Beledros Witherbloom, Saw in Half"
Stalwart Unity,Commander Deck,Commander,C16,2016-11-11,183.26,"Wave of Reckoning, Lurking Predators, Benefactor's Draught, Homeward Path, Swan Song"
Subjective Reality,Commander Deck,Commander,C18,2018-08-10,35.27,"Silent-Blade Oni, Yuriko, the Tiger's Shadow, Sower of Discord, Varina, Lich Queen, Ninja of the Deep Hours"
Sultai Arisen,Commander Deck,Commander,TDC,2025-04-11,57.34,"Colossal Grave-Reaver, Command Beacon, Teval's Judgment, Dauthi Voidwalker, Life from the Loam"
Swell the Host,Commander Deck,Commander,C15,2015-11-13,49.32,"Command Beacon, Arachnogenesis, Reliquary Tower, Beastmaster Ascension, Caller of the Claw"
Sworn To Darkness,Commander Deck,Commander,C14,2014-11-07,80.86,"Jet Medallion, Crypt Ghast, Arcane Lighthouse, Sudden Spoiling, Crypt of Agadeem"
Symbiotic Swarm,Commander Deck,Commander,C20,2020-04-17,39.73,"Akroma, Angel of Wrath, Obscuring Haze, Gavony Township, Karametra, God of Harvests, Slippery Bogbonder"
Temur Roar,Commander Deck,Commander,TDC,2025-04-11,39.04,"Ureni of the Unwritten, Elemental Bond, Talisman of Creativity, Dragon Tempest, Hellkite Courser"
The Fantastic Four,Commander Deck,Commander,MSC,2026-06-26,171.25,"Human Torch, Mister Fantastic, The Fantasticar, Rejuvenating Springs, Mind's Dilation"
The Fantastic Four Collector's Edition,Commander Deck,Commander,MSC,2026-06-26,67.79,"The Fantasticar, Rejuvenating Springs, Mind's Dilation, Valeria Richards, Precocious, Unstable Molecule Suit"
The Hosts of Mordor,Commander Deck,Commander,LTC,2023-06-23,70.9,"Cavern-Hoard Dragon, The Black Gate, Reanimate, Relic of Sauron, Basalt Monolith"
The Ruinous Powers,Commander Deck,Commander,40K,2022-10-07,224.87,"Bloodthirster, Exalted Flamer of Tzeentch, Magnus the Red, Nurgle's Rot, Keeper of Secrets"
The Ruinous Powers Collector's Edition,Commander Deck,Commander,40K,2022-10-07,515.12,"Bloodthirster, Magnus the Red, Exalted Flamer of Tzeentch, Be'lakor, the Dark Master, Nurgle's Rot"
Timeless Wisdom,Commander Deck,Commander,C20,2020-04-17,111.73,"Fierce Guardianship, Surly Badgersaur, The Locust God, Brallin, Skyshark Rider, Reliquary Tower"
Timey-Wimey,Commander Deck,Commander,WHO,2023-10-13,197.91,"Everybody Lives!, Dinosaurs on a Spaceship, Wedding Ring, Nanogene Conversion, Sundown Pass"
Tinker Time,Commander Deck,Commander,MOC,2023-04-21,45.1,"Hedron Detonator, Academy Manufactor, Pain Distributor, Thoughtcast, Tireless Provisioner"
Token Triumph,Commander Deck,Commander,SCD,2022-12-02,7.17,"Champion of Lambholt, Path to Exile, Sol Ring, Felidar Retreat, Eternal Witness"
Tricky Terrain,Commander Deck,Commander,M3C,2024-06-14,90.48,"Talon Gates of Madara, Yavimaya, Cradle of Growth, Dryad of the Ilysian Grove, Scute Swarm, Ramunap Excavator"
Tricky Terrain Collector's Edition,Commander Deck,Commander,M3C,2024-06-14,124.14,"Talon Gates of Madara, Yavimaya, Cradle of Growth, Planar Nexus, Dryad of the Ilysian Grove, Lazotep Quarry"
Turtle Power!,Commander Deck,Commander,TMC,2026-03-06,64.9,"City of Brass, Undergrowth Stadium, Spire Garden, Irma, Part-Time Mutant, Michelangelo, the Heart"
Tyranid Swarm,Commander Deck,Commander,40K,2022-10-07,191.65,"Ghyrson Starn, Kelermorph, Shadow in the Warp, Sporocyst, Biophagus, Nexos"
Tyranid Swarm Collector's Edition,Commander Deck,Commander,40K,2022-10-07,516.05,"Ghyrson Starn, Kelermorph, Biophagus, Shadow in the Warp, Magus Lucea Kane, Sporocyst"
Undead Unleashed,Commander Deck,Commander,MIC,2021-09-24,49.62,"Diregraf Colossus, Endless Ranks of the Dead, Death Baron, Hordewing Skaab, Curse of the Restless Dead"
Upgrades Unleashed,Commander Deck,Commander,NEC,2022-02-18,63.47,"Bear Umbra, Rhythm of the Wild, Komainu Battle Armor, Akki Battle Squad, Blackblade Reforged"
Urza's Iron Alliance,Commander Deck,Commander,BRC,2022-11-18,84.69,"Skullclamp, Relic of Progenitus, Thought Vessel, Preordain, Sol Ring"
Vampiric Bloodline,Commander Deck,Commander,VOC,2021-11-19,56.73,"Molten Echoes, Nirkana Revenant, Shadowgrange Archfiend, Malakir Bloodwitch, Blood Artist"
Vampiric Bloodlust,Commander Deck,Commander,C17,2017-08-25,149.98,"Teferi's Protection, Door of Destinies, Kindred Charge, Licia, Sanguine Tribune, Well of Lost Dreams"
Veloci-Ramp-Tor,Commander Deck,Commander,LCC,2023-11-17,79.92,"Akroma's Will, Xenagos, God of Revels, Apex Altisaur, Chandra's Ignition, Rhythm of the Wild"
Virtue and Valor,Commander Deck,Commander,WOC,2023-09-08,123.37,"Retether, Hall of Heliod's Generosity, Mantle of the Ancients, Bear Umbra, Umbra Mystic"
Wade into Battle,Commander Deck,Commander,C15,2015-11-13,66.98,"Urza's Incubator, Blade of Selves, Lightning Greaves, Basalt Monolith, Gisela, Blade of Goldnight"
Wild Bounty,Brawl Deck,Commander,ELD,2019-10-04,70.04,"Hallowed Fountain, Biomancer's Familiar, Circuitous Route, Risen Reef, Steelbane Hydra"
Witherbloom Pestilence,Commander Deck,Commander,SOC,2026-04-24,38.77,"Turbulent Fen, Stensian Sanguinist // Exsanguinate, Toxic Deluge, Gorma, the Gullet, Ohran Frostfang"
Witherbloom Witchcraft,Commander Deck,Commander,C21,2021-04-23,92.45,"Witch's Clinic, Gyome, Master Chef, Alhammarret's Archive, Venser's Journal, Sapling of Colfenor"
World Shaper,Commander Deck,Commander,EOC,2025-08-01,20.83,"Exploration Broodship, Nature's Lore, Braids, Arisen Nightmare, Horizon Explorer, Oracle of Mul Daya"
2014 Full Art Land Set,Box Set,Other,J14,2014-01-01,407.39,"Island, Forest, Swamp, Plains, Mountain"
30th Anniversary Countdown Kit,Secret Lair Drop,Other,SLC,2022-11-01,634.13,"Chrome Mox, Necropotence, Deathrite Shaman, Birthing Pod, Lim-Dûl's Vault"
A Box of Rocks,Secret Lair Drop,Other,SLD,2021-03-15,37.82,"Arcane Signet, Commander's Sphere, Chromatic Lantern, Gilded Lotus, Darksteel Ingot"
A Box of Rocks Foil Edition,Secret Lair Drop,Other,SLD,2021-03-15,37.82,"Arcane Signet, Commander's Sphere, Chromatic Lantern, Gilded Lotus, Darksteel Ingot"
A Devastation of Dragons,Secret Lair Drop,Other,SLD,2025-02-20,69.99,"Kokusho, the Evening Star, Scion of the Ur-Dragon, Niv-Mizzet, Parun, Skyline Despot"
Aang,Jumpstart,Other,TLE,2025-11-20,16.03,"Aang, Airbending Master, Cloudshift, Momo, Rambunctious Rascal, Kindly Customer, Plains"
Above the Clouds (1),Jumpstart,Other,JMP,2020-07-17,0.0,"Lofty Denial, Unsubstantiate, Tide Skimmer, Island, Capture Sphere"
Above the Clouds (2),Jumpstart,Other,JMP,2020-07-17,0.0,"Lofty Denial, Unsubstantiate, Tide Skimmer, Island, Capture Sphere"
Above the Clouds (3),Jumpstart,Other,JMP,2020-07-17,0.0,"Lofty Denial, Unsubstantiate, Tide Skimmer, Island, Capture Sphere"
Above the Clouds (4),Jumpstart,Other,JMP,2020-07-17,5.46,"Kira, Great Glass-Spinner, Lofty Denial, Unsubstantiate, Tide Skimmer, Island"
Absolute Annihilation,Secret Lair Drop,Other,SLD,2023-09-15,57.72,"Mass Hysteria, Abrade, Terminate, Oppression"
Absolute Annihilation Foil Edition,Secret Lair Drop,Other,SLD,2023-09-15,57.72,"Mass Hysteria, Abrade, Terminate, Oppression"
Abzan Siege,Intro Pack,Other,KTK,2014-09-26,7.39,"Abzan Falconer, Eternal Thirst, Abzan Battle Priest, Sandsteppe Citadel, Sungrace Pegasus"
Adaptive,Jumpstart,Other,TLE,2025-11-20,11.68,"The Blue Spirit, Princess Yue, Boomerang Basics, Frantic Search, Island"
Adept (1),Jumpstart,Other,TLE,2025-11-20,1.25,"Dramatic Reversal, Nightmares and Daydreams, Island, Thriving Isle, Katara, Bending Prodigy"
Adept (2),Jumpstart,Other,TLE,2025-11-20,1.62,"Consider, Nightmares and Daydreams, Island, Thriving Isle, Katara, Bending Prodigy"
Adventures in the Forgotten Realms Foil Redemption,MTGO Redemption,Other,AFR,2021-08-22,266.99,"Old Gnawbone, Tiamat, Circle of Dreams Druid, Teleportation Circle, Xorn"
Adventures in the Forgotten Realms Redemption,MTGO Redemption,Other,AFR,2021-08-22,266.99,"Old Gnawbone, Tiamat, Circle of Dreams Druid, Teleportation Circle, Xorn"
Adventures in the Forgotten Realms Welcome Booster,Welcome Booster,Other,AFR,2021-07-23,2.41,"Cleric Class, Sunblast Angel, Tyrant's Familiar, Atarka, World Render, Jiang Yanggu, Wildcrafter"
Adventures of the Little Witch,Secret Lair Drop,Other,SLD,2025-04-23,66.64,"Realms Uncharted, Esika's Chariot, Secret Rendezvous, Serenity"
Adventures of the Little Witch Foil Edition,Secret Lair Drop,Other,SLD,2025-04-23,66.64,"Realms Uncharted, Esika's Chariot, Secret Rendezvous, Serenity"
Aeo Paquette - Affinity,World Championship Deck,Other,WC04,2004-09-01,61.52,"Chrome Mox, Arcbound Ravager, Great Furnace, Welding Jar, Thoughtcast"
Aerial Acrobatics,Game Night Deck,Other,GN2,2019-11-15,18.06,"Agent of Treachery, Dramatic Reversal, Engulf the Shore, River's Rebuke, Winged Words"
Aerial Domination,Arena Starter Deck,Other,ANB,2020-08-13,0.0,"Wall of Runes, Sworn Guardian, Waterkin Shaman, Cloudkin Seer, Warden of Evos Isle"
Aerodoom,Theme Deck,Other,BTD,2000-10-01,27.08,"Dark Ritual, Counterspell, Power Sink, Drain Life, Brainstorm"
Aether Drifters,Secret Lair Drop,Other,SLD,2025-02-11,20.13,"Smuggler's Copter // Smuggler's Copter, Parhelion II // Parhelion II, Mechtitan Core // Mechtitan Core, Reckoner Bankbuster // Reckoner Bankbuster, Peacewalker Colossus // Peacewalker Colossus"
Aether Drifters Foil Edition,Secret Lair Drop,Other,SLD,2025-02-11,20.13,"Smuggler's Copter // Smuggler's Copter, Parhelion II // Parhelion II, Mechtitan Core // Mechtitan Core, Reckoner Bankbuster // Reckoner Bankbuster, Peacewalker Colossus // Peacewalker Colossus"
Aether Revolt Foil Redemption,MTGO Redemption,Other,AER,2017-02-19,235.68,"Paradox Engine, Walking Ballista, Heroic Intervention, Whir of Invention, Felidar Guardian"
Aether Revolt Redemption,MTGO Redemption,Other,AER,2017-02-19,235.68,"Paradox Engine, Walking Ballista, Heroic Intervention, Whir of Invention, Felidar Guardian"
Aetherdrift Redemption,MTGO Redemption,Other,DFT,2025-03-13,181.25,"Riverpyre Verge, The Aetherspark, Monument to Endurance, Wastewood Verge, Bleachbone Verge"
Aga Galneer,Shandalar Enemy Deck,Other,PAST,1997-04-01,167.37,"Greed, El-Hajjâj, Sol Ring, Spirit Link, Savannah Lions"
Air Forces,MTGO Theme Deck,Other,WTH,2007-12-12,19.16,"Debt of Loyalty, Impulse, Island, Island, Plains"
Air Razers,Theme Deck,Other,JUD,2002-05-27,375.31,"Worldgorger Dragon, Lava Dart, Wonder, Flash of Insight, Mountain"
Airbending,Jumpstart,Other,TLE,2025-11-20,8.7,"Monk Gyatso, Airbender Ascension, Plains, Airbender's Reversal, Thriving Heath"
Ajani,Planeswalker Deck,Other,M19,2018-07-13,7.96,"Ajani, Wise Counselor, Herald of Faith, Plains, Militia Bugler, Inspired Charge"
Ajani Goldmane,Duel Deck,Other,DDH,2011-09-02,10.38,"Essence Warden, Ajani Vengeant, Titanic Ultimatum, Spitemare, Wild Nacatl"
"Ajani, Inspiring Leader",Planeswalker Deck,Other,M20,2019-07-29,12.02,"Ajani, Inspiring Leader, Angel of Vitality, Plains, Twinblade Paladin, Serra's Guardian"
"Ajani, Valiant Protector",Planeswalker Deck,Other,AER,2017-01-20,5.6,"Ajani, Valiant Protector, Narnam Renegade, Aid from the Cowl, Unbridled Growth, Forest"
Alara Reborn Foil Redemption,MTGO Redemption,Other,ARB,2009-05-30,543.44,"Wargate, Sen Triplets, Lord of Extinction, Time Sieve, Uril, the Miststalker"
Alara Reborn Redemption,MTGO Redemption,Other,ARB,2009-05-30,543.44,"Wargate, Sen Triplets, Lord of Extinction, Time Sieve, Uril, the Miststalker"
Alex Borteh - Merfolk Opposition,World Championship Deck,Other,WC01,2001-08-08,43.33,"Gush, Static Orb, Lord of Atlantis, Island, Waterfront Bouncer"
Alien Auroras,Secret Lair Drop,Other,SLD,2025-07-29,83.68,"Crucible of Worlds, Sylvan Safekeeper, Zuran Orb, Reprocess, Aggressive Mining"
Alien Auroras Galaxy Foil Edition,Secret Lair Drop,Other,SLD,2025-07-29,83.68,"Crucible of Worlds, Sylvan Safekeeper, Zuran Orb, Reprocess, Aggressive Mining"
Alliance (1),Jumpstart,Other,TLE,2025-11-20,1.74,"The Duke, Rebel Sentry, Plains, South Pole Voyager, Thriving Heath, Mechanical Glider"
Alliance (2),Jumpstart,Other,TLE,2025-11-20,3.42,"The Duke, Rebel Sentry, Jet, Rebel Leader, Plains, South Pole Voyager, Inspired Insurgent"
Allied Fires,Challenger Deck,Other,Q04,2020-04-03,36.17,"Steam Vents, Narset, Parter of Veils, Ugin, the Ineffable, Kenrith, the Returned King, Saheeli, Sublime Artificer"
Alt-A-Kesh,Shandalar Enemy Deck,Other,PAST,1997-04-01,8446.29,"Timetwister, Time Walk, Junún Efreet, Birds of Paradise, Energy Flux"
Amonkhet Foil Redemption,MTGO Redemption,Other,AKH,2017-05-28,421.9,"Anointed Procession, Nest of Scarabs, Bontu's Monument, Combat Celebrant, Oketra's Monument"
Amonkhet Redemption,MTGO Redemption,Other,AKH,2017-05-28,421.9,"Anointed Procession, Nest of Scarabs, Bontu's Monument, Combat Celebrant, Oketra's Monument"
Amonkhet Welcome Deck - Black,Welcome Deck,Other,W17,2017-04-15,0.0,"Swamp, Swamp, Swamp, Gravedigger, Dune Beetle"
Amonkhet Welcome Deck - Blue,Welcome Deck,Other,W17,2017-04-15,0.0,"Island, Island, Nimble Innovator, Island, Ancient Crab"
Amonkhet Welcome Deck - Green,Welcome Deck,Other,W17,2017-04-15,1.01,"Sixth Sense, Forest, Forest, Forest, Spidery Grasp"
Amonkhet Welcome Deck - Red,Welcome Deck,Other,W17,2017-04-15,1.09,"Mountain, Renegade Tactics, Mountain, Mountain, Fling"
Amonkhet Welcome Deck - White,Welcome Deck,Other,W17,2017-04-15,0.0,"Plains, Plains, Plains, Inspired Charge, Bastion Enforcer"
An Encyclopedia of Magic,Secret Lair Drop,Other,SLC,2025-11-03,445.72,"Urza's Saga, Phyrexian Altar, Field of the Dead, Sol Ring, Myrel, Shield of Argive"
Ancient Arsenal,Starter Kit,Other,ACR,2024-07-05,28.06,"Surtr, Fiery Jötun, Battlefield Improvisation, Bureau Headmaster, Eivor, Battle-Ready, Escarpment Fortress"
Ancient Discovery,Arena Starter Deck,Other,OTJ,2024-07-08,35.79,"Bonehoard Dracosaur, Warleader's Call, Anim Pakal, Thousandth Moon, Aurelia, the Law Above, Inspiring Vantage"
Angelic Accountants,Arena Starter Deck,Other,SNC,2022-09-09,18.71,"Deserted Beach, Elspeth Resplendent, Planar Incision, Lion Sash, Giada, Font of Hope"
Angelic Army,Arena Starter Deck,Other,ANB,2019-09-26,0.0,"Ajani's Pridemate, Dawn of Hope, Meteor Golem, Serra's Guardian, Loxodon Lifechanter"
Angelic Army 2,Arena Starter Deck,Other,ANB,2020-03-12,0.0,"Ajani's Pridemate, Dawn of Hope, Serra's Guardian, Loxodon Lifechanter, Moment of Heroism"
Angelic Fury,Intro Pack,Other,SOI,2016-04-08,0.0,"Dance with Devils, Nahiri's Machinations, Gryff's Boon, Pyre Hound, Plains"
Angelic Might,Intro Pack,Other,AVR,2012-05-04,53.31,"Seraph Sanctuary, Herald of War, Forest, Rampant Growth, Forest"
Angels,Theme Deck,Other,PSAL,2005-08-01,0.0,"Island, Island, Island, Island, Island"
Angels (1),Jumpstart,Other,JMP,2020-07-17,6.49,"Baneslayer Angel, Angelic Ascension, Plains, Feat of Resistance, Guardian Idol"
Angels (2),Jumpstart,Other,J25,2024-11-07,2.67,"Herald of War, Giada, Font of Hope, Rally of Wings, Youthful Valkyrie, Secluded Steppe"
"Angrath, Minotaur Pirate",Planeswalker Deck,Other,RIX,2018-01-19,30.62,"Vanquisher's Banner, Angrath, Minotaur Pirate, Mountain, Swamp, Lightning Strike"
Animar & Friends,Secret Lair Drop,Other,SLD,2025-02-03,96.87,"Animar, Soul of Elements, All Will Be One, Benevolent Hydra, Forgotten Ancient, Mulldrifter"
Anthousa's Army,Intro Pack,Other,THS,2013-09-27,16.4,"Bow of Nylea, Elvish Mystic, Forest, Plains, Forest"
Antoine Ruel - Blue-Black-Red Nether-Go,World Championship Deck,Other,WC01,2001-08-08,93.29,"Tsabo's Web, Accumulated Knowledge, Shivan Reef, Counterspell, Island"
Ape Lord,Shandalar Enemy Deck,Other,PAST,1997-04-01,449.96,"Mountain, Mana Vault, Killer Bees, Birds of Paradise, Shivan Dragon"
Apocalypse Foil Redemption,MTGO Redemption,Other,APC,2001-07-04,2653.55,"Llanowar Wastes, Shivan Reef, Pernicious Deed, Yavimaya Coast, Phyrexian Arena"
Apocalypse Redemption,MTGO Redemption,Other,APC,2001-07-04,2653.55,"Llanowar Wastes, Shivan Reef, Pernicious Deed, Yavimaya Coast, Phyrexian Arena"
April Fools,Secret Lair Drop,Other,SLD,2020-09-30,21.08,"Goblin Snowman, Storm Crow, Mudhole"
Aragorn at Helm's Deep,Box Set,Other,LTC,2023-11-03,58.84,"Legolas's Quick Reflexes, Andúril, Narsil Reforged, Gimli's Reckless Might, Aragorn, Hornburg Hero, Isengard Unleashed"
Arcade Racers,Secret Lair Drop,Other,SLD,2025-02-11,48.67,"Final Fortune, Big Score, Heat Shimmer, Wheel of Misfortune, Roiling Vortex"
Arcade Racers Foil Edition,Secret Lair Drop,Other,SLD,2025-02-11,48.67,"Final Fortune, Big Score, Heat Shimmer, Wheel of Misfortune, Roiling Vortex"
Arcane,Secret Lair Drop,Other,SLD,2022-05-06,112.96,"Rhystic Study, Seize the Day, Thran Dynamo, Duress, Path to Exile"
Arcane Aggression,Arena Starter Deck,Other,LTR,2023-06-20,29.87,"Urabrask // The Great Work, Flame of Anor, Mountain, Mountain, Gandalf the Grey"
Arcane Foil Edition,Secret Lair Drop,Other,SLD,2022-05-06,112.96,"Rhystic Study, Seize the Day, Thran Dynamo, Duress, Path to Exile"
Arcane Inventions,Arena Starter Deck,Other,M19,2018-09-27,6.09,"Sai, Master Thopterist, Diamond Mare, Island, Island, Arcane Encyclopedia"
Arcane Mischief,Jumpstart,Other,DMU,2022-09-09,2.24,"Island, Combat Research, Cosmic Epiphany, Shore Up, Impulse"
Arcane Tempo,Challenger Deck,Other,Q02,2019-04-12,18.97,"Niv-Mizzet, Parun, Arclight Phoenix, Murmuring Mystic, Sulfur Falls, Chart a Course"
Arcane: Lands,Secret Lair Drop,Other,SLD,2022-05-06,13.09,"Forest, Plains, Swamp, Mountain, Island"
Arcane: Lands Foil Edition,Secret Lair Drop,Other,SLD,2022-05-06,13.09,"Forest, Plains, Swamp, Mountain, Island"
Arcanis's Guile,Theme Deck,Other,10E,2007-07-13,23.75,"Arcanis the Omnipotent, Telling Time, Unsummon, Boomerang, Denizen of the Deep"
Arch Angel,Shandalar Enemy Deck,Other,PAST,1997-04-01,253.57,"Mana Vault, Mishra's Factory, Tetravus, Wrath of God, Swords to Plowshares"
Archaeology (1),Jumpstart,Other,JMP,2020-07-17,0.0,"Buried Ruin, Aether Spellbomb, Hedron Archive, Island, Chromatic Sphere"
Archaeology (2),Jumpstart,Other,JMP,2020-07-17,0.0,"Buried Ruin, Aether Spellbomb, Island, Ancestral Statue, Scholar of the Lost Trove"
Archaeology (3),Jumpstart,Other,JMP,2020-07-17,13.78,"Vedalken Archmage, Buried Ruin, Aether Spellbomb, Sharding Sphinx, Hedron Archive"
Archaeology (4),Jumpstart,Other,JMP,2020-07-17,4.53,"Scarecrone, Buried Ruin, Aether Spellbomb, Island, Scuttlemutt"
Archenemy Nicol Bolas,Archenemy Deck,Other,E01,2017-06-16,20.51,"Archfiend of Depravity, Talisman of Dominance, Talisman of Indulgence, Nicol Bolas, Planeswalker, Drowned Catacomb"
Armada,Theme Deck,Other,7ED,2001-04-11,247.26,"Disenchant, Glorious Anthem, Pacifism, Spirit Link, Serra Advocate"
Armed,Clash Pack,Other,ORI,2015-07-17,31.71,"Windswept Heath, Collected Company, Dromoka's Command, Dragon Hunter, Valeron Wardens"
Armed (1),Jumpstart,Other,J25,2024-11-07,0.0,"Danitha Capashen, Paragon, Mace of the Valiant, Starnheim Courser, Thriving Heath, Valkyrie's Sword"
Armed (2),Jumpstart,Other,J25,2024-11-07,0.0,"Danitha Capashen, Paragon, Plate Armor, Stone Haven Outfitter, Thriving Heath, Light the Way"
Armed (3),Jumpstart,Other,J25,2024-11-07,0.0,"Danitha Capashen, Paragon, Maul of the Skyclaves, Trusty Retriever, Thriving Heath, Valkyrie's Sword"
Armed (4),Jumpstart,Other,J25,2024-11-07,2.61,"Godsend, Danitha Capashen, Paragon, Plate Armor, Thopter Architect, Thriving Heath"
Armed and Dangerous,Arena Starter Deck,Other,AFR,2021-09-24,35.78,"Halvar, God of Battle // Sword of the Realms, Needleverge Pathway // Pillarverge Pathway, Bruenor Battlehammer, Axgard Armory, Showdown of the Skalds"
Army of Entropy,Theme Deck,Other,SHM,2008-05-02,144.52,"Blowfly Infestation, Kulrath Knight, Swamp, Murderous Redcap, Ashenmoor Liege"
Army of Justice,Theme Deck,Other,9ED,2005-07-29,17.65,"Glorious Anthem, Righteousness, Angel of Mercy, Plains, Plains"
Artful Destruction,Intro Pack,Other,NPH,2011-05-13,95.43,"Suture Priest, Palladium Myr, Gold Myr, Vital Splicer, Forest"
Artifacts Attack,Arena Starter Deck,Other,M19,2018-09-27,40.78,"Nezahal, Primal Tide, Settle the Wreckage, Goring Ceratops, Glacial Fortress, Azor, the Lawbringer"
Artist Series: Alayna Danner,Secret Lair Drop,Other,SLD,2023-04-28,96.32,"Emeria, the Sky Ruin, Linvala, Keeper of Silence, Seraph Sanctuary, Sunblast Angel"
Artist Series: Alayna Danner Foil Edition,Secret Lair Drop,Other,SLD,2023-04-28,96.32,"Emeria, the Sky Ruin, Linvala, Keeper of Silence, Seraph Sanctuary, Sunblast Angel"
Artist Series: Aleksi Briclot,Secret Lair Drop,Other,SLD,2022-12-19,79.24,"Eldrazi Temple, Thought-Knot Seer, Reality Smasher, Inquisition of Kozilek"
Artist Series: Aleksi Briclot Foil Edition,Secret Lair Drop,Other,SLD,2022-12-19,79.24,"Eldrazi Temple, Thought-Knot Seer, Reality Smasher, Inquisition of Kozilek"
Artist Series: Chris Rahn,Secret Lair Drop,Other,SLD,2022-09-13,43.99,"Primeval Titan, Kozilek, the Great Distortion, Platinum Angel, Huntmaster of the Fells // Ravager of the Fells"
Artist Series: Chris Rahn Foil Edition,Secret Lair Drop,Other,SLD,2022-09-13,43.99,"Primeval Titan, Kozilek, the Great Distortion, Platinum Angel, Huntmaster of the Fells // Ravager of the Fells"
Artist Series: Jesper Ejsing,Secret Lair Drop,Other,SLD,2025-02-11,88.29,"Deflecting Swat, Sun Titan, Llanowar Elves, Breeches, Eager Pillager"
Artist Series: Jesper Ejsing Foil Edition,Secret Lair Drop,Other,SLD,2025-02-11,88.29,"Deflecting Swat, Sun Titan, Llanowar Elves, Breeches, Eager Pillager"
Artist Series: Johannes Voss,Secret Lair Drop,Other,SLD,2021-12-13,50.48,"Carpet of Flowers, Sphere of Safety, Karmic Guide, Sanctum Prelate"
Artist Series: Johannes Voss Foil Edition,Secret Lair Drop,Other,SLD,2021-12-13,50.48,"Carpet of Flowers, Sphere of Safety, Karmic Guide, Sanctum Prelate"
Artist Series: John Avon,Secret Lair Drop,Other,SLD,2023-11-30,30.51,"Emrakul, the Promised End, Progenitus, Brainstorm, Serra Angel"
Artist Series: John Avon Foil Edition,Secret Lair Drop,Other,SLD,2023-11-30,30.51,"Emrakul, the Promised End, Progenitus, Brainstorm, Serra Angel"
Artist Series: Kev Walker,Secret Lair Drop,Other,SLD,2023-09-15,72.01,"It That Betrays, Faeburrow Elder, Fleshbag Marauder, Carnage Tyrant"
Artist Series: Kev Walker Foil Edition,Secret Lair Drop,Other,SLD,2023-09-15,72.01,"It That Betrays, Faeburrow Elder, Fleshbag Marauder, Carnage Tyrant"
Artist Series: Kieran Yanner,Secret Lair Drop,Other,SLD,2025-10-27,131.73,"Demonic Tutor, Armageddon, Lord of the Pit, Northern Paladin"
Artist Series: Kieran Yanner Foil Edition,Secret Lair Drop,Other,SLD,2025-10-27,131.73,"Demonic Tutor, Armageddon, Lord of the Pit, Northern Paladin"
Artist Series: Livia Prima,Secret Lair Drop,Other,SLD,2022-09-13,66.0,"Mikaeus, the Unhallowed, Akroma, Angel of Wrath, Olivia, Mobilized for War, Glissa Sunseeker"
Artist Series: Livia Prima Foil Edition,Secret Lair Drop,Other,SLD,2022-09-13,66.0,"Mikaeus, the Unhallowed, Akroma, Angel of Wrath, Olivia, Mobilized for War, Glissa Sunseeker"
Artist Series: Magali Villeneuve,Secret Lair Drop,Other,SLD,2022-08-05,47.23,"Mother of Runes, Forest, Elvish Mystic, Death's Shadow"
Artist Series: Magali Villeneuve Foil Edition,Secret Lair Drop,Other,SLD,2022-08-05,47.23,"Mother of Runes, Forest, Elvish Mystic, Death's Shadow"
Artist Series: Mark Poole,Secret Lair Drop,Other,SLD,2021-10-29,59.42,"Wasteland, Birds of Paradise, Howling Mine, Balance, Counterspell"
Artist Series: Mark Poole Foil Edition,Secret Lair Drop,Other,SLD,2021-10-29,59.42,"Wasteland, Birds of Paradise, Howling Mine, Balance, Counterspell"
Artist Series: Nils Hamm,Secret Lair Drop,Other,SLD,2022-10-25,68.14,"Sword of Truth and Justice, Contagion Engine, Deepglow Skate, Tireless Tracker"
Artist Series: Nils Hamm Foil Edition,Secret Lair Drop,Other,SLD,2022-10-25,68.14,"Sword of Truth and Justice, Contagion Engine, Deepglow Skate, Tireless Tracker"
Artist Series: Phil Foglio,Secret Lair Drop,Other,SLD,2025-06-10,51.09,"Constant Mists, Orcish Lumberjack, Goblin Bombardment, Song of the Dryads"
Artist Series: Phil Foglio Foil Edition,Secret Lair Drop,Other,SLD,2025-06-10,51.09,"Constant Mists, Orcish Lumberjack, Goblin Bombardment, Song of the Dryads"
Artist Series: Randy Vargas,Secret Lair Drop,Other,SLD,2023-04-28,63.46,"Grand Abolisher, Umezawa's Jitte, Selfless Savior, Akroma, Angel of Fury"
Artist Series: Randy Vargas Foil Edition,Secret Lair Drop,Other,SLD,2023-04-28,63.46,"Grand Abolisher, Umezawa's Jitte, Selfless Savior, Akroma, Angel of Fury"
Artist Series: Rebecca Guay,Secret Lair Drop,Other,SLD,2023-04-28,55.85,"Stoneforge Mystic, Serra the Benevolent, Muddle the Mixture, Cleansing Nova"
Artist Series: Rebecca Guay Foil Edition,Secret Lair Drop,Other,SLD,2023-04-28,55.85,"Stoneforge Mystic, Serra the Benevolent, Muddle the Mixture, Cleansing Nova"
Artist Series: Rovina Cai,Secret Lair Drop,Other,SLD,2024-04-15,76.97,"Sword of the Animist, Arcane Signet, Inalla, Archmage Ritualist, Aether Vial"
Artist Series: Rovina Cai Foil Edition,Secret Lair Drop,Other,SLD,2024-04-15,110.97,"Arcane Signet, Sword of the Animist, Inalla, Archmage Ritualist, Aether Vial"
Artist Series: Ryan Alexander Lee,Secret Lair Drop,Other,SLD,2023-08-29,35.67,"Worldspine Wurm, Nemesis of Reason, Twilight Prophet, Gaea's Blessing"
Artist Series: Ryan Alexander Lee Foil Edition,Secret Lair Drop,Other,SLD,2023-08-29,35.67,"Worldspine Wurm, Nemesis of Reason, Twilight Prophet, Gaea's Blessing"
Artist Series: Sam Burley,Secret Lair Drop,Other,SLD,2023-04-14,71.82,"Braid of Fire, Karrthus, Tyrant of Jund, Koth of the Hammer, Master of the Wild Hunt"
Artist Series: Sam Burley Foil Edition,Secret Lair Drop,Other,SLD,2023-04-14,71.82,"Braid of Fire, Karrthus, Tyrant of Jund, Koth of the Hammer, Master of the Wild Hunt"
Artist Series: Seb McKinnon,Secret Lair Drop,Other,SLD,2021-03-15,52.22,"Damnation, Swamp, Enchanted Evening, Sower of Temptation"
Artist Series: Seb McKinnon Foil Edition,Secret Lair Drop,Other,SLD,2021-03-15,52.22,"Damnation, Swamp, Enchanted Evening, Sower of Temptation"
Artist Series: Sidharth Chaturvedi,Secret Lair Drop,Other,SLD,2022-08-05,39.51,"Concordant Crossroads, Ghost Quarter, Nomad Outpost, Island"
Artist Series: Sidharth Chaturvedi Foil Edition,Secret Lair Drop,Other,SLD,2022-08-05,39.51,"Concordant Crossroads, Ghost Quarter, Nomad Outpost, Island"
Artist Series: Thomas Baxa,Secret Lair Drop,Other,SLD,2021-12-13,50.58,"Sliver Hivelord, Spellskite, Sire of Insanity, Ob Nixilis Reignited"
Artist Series: Thomas Baxa Foil Edition,Secret Lair Drop,Other,SLD,2021-12-13,50.58,"Sliver Hivelord, Spellskite, Sire of Insanity, Ob Nixilis Reignited"
Artist Series: Victor Adame Minguez,Secret Lair Drop,Other,SLD,2022-10-25,46.18,"Lord of the Undead, Knight of the White Orchid, Knight Exemplar, Compost"
Artist Series: Victor Adame Minguez Foil Edition,Secret Lair Drop,Other,SLD,2022-10-25,46.18,"Lord of the Undead, Knight of the White Orchid, Knight Exemplar, Compost"
Artist Series: Volkan Baga,Secret Lair Drop,Other,SLD,2022-09-13,39.9,"Berserk, Elspeth, Knight-Errant, Verduran Enchantress, Patron Wizard"
Artist Series: Volkan Baga Foil Edition,Secret Lair Drop,Other,SLD,2022-09-13,39.9,"Berserk, Elspeth, Knight-Errant, Verduran Enchantress, Patron Wizard"
Artist Series: Wayne Reynolds,Secret Lair Drop,Other,SLD,2022-08-05,41.32,"Balthor the Defiled, Torbran, Thane of Red Fell, Sram, Senior Edificer, Depala, Pilot Exemplar"
Artist Series: Wayne Reynolds Foil Edition,Secret Lair Drop,Other,SLD,2022-08-05,41.32,"Balthor the Defiled, Torbran, Thane of Red Fell, Sram, Senior Edificer, Depala, Pilot Exemplar"
Arzakon,Shandalar Enemy Deck,Other,PAST,1997-04-01,19682.39,"Timetwister, Mox Emerald, Mox Pearl, Time Walk, Mishra's Workshop"
Ashiok,Planeswalker Deck,Other,THB,2020-01-24,5.13,"Gravebreaker Lamia, Ashiok, Sculptor of Fears, Sleep of the Dead, Mindwrack Harpy, Pharika's Spawn"
Assassin,Theme Deck,Other,UDS,1999-06-07,256.62,"Attrition, Engineered Plague, Ravenous Rats, Body Snatcher, Eradicate"
Assassin - Enhanced Deck,Enhanced Deck,Other,UDS,1999-06-07,835.77,"Powder Keg, Yawgmoth's Bargain, Volrath's Stronghold, Vampiric Tutor, Ravenous Rats"
Assassin's Creed: Da Vinci's Designs,Secret Lair Drop,Other,SLD,2024-07-10,82.24,"Whispersilk Cloak, Darksteel Plate, Conqueror's Flail, Blade of Selves, Deathrender"
Assassin's Creed: Da Vinci's Designs Foil Edition,Secret Lair Drop,Other,SLD,2024-07-10,82.24,"Whispersilk Cloak, Darksteel Plate, Conqueror's Flail, Blade of Selves, Deathrender"
Assassin's Creed: Lethal Legends,Secret Lair Drop,Other,SLD,2024-07-10,75.21,"Ramses, Assassin Lord, Queen Marchesa, Kelsien, the Plague, Admiral Beckett Brass, Najeela, the Blade-Blossom"
Assassin's Creed: Lethal Legends Foil Edition,Secret Lair Drop,Other,SLD,2024-07-10,75.21,"Ramses, Assassin Lord, Queen Marchesa, Kelsien, the Plague, Admiral Beckett Brass, Najeela, the Blade-Blossom"
Assemble The Doomsday Machine,Archenemy Deck,Other,ARC,2010-06-18,31.16,"Batwing Brume, Master Transmuter, Lightning Greaves, Memnarch, Leonin Abunas"
Assemble Victory,Intro Pack,Other,ORI,2015-07-17,8.33,"Ghirapur Aether Grid, Prism Ring, Alchemist's Vial, Whirler Rogue, Artificer's Epiphany"
Astral Visionary,Shandalar Enemy Deck,Other,PAST,1997-04-01,8457.12,"Timetwister, Time Walk, Copy Artifact, Stasis, Howling Mine"
At the Zoo,Jumpstart,Other,TLE,2025-11-20,6.58,"Animal Attendant, Elephant-Mandrill, Forest, Frog-Squirrels, Thriving Grove"
Aura Mastery,Theme Deck,Other,SHM,2008-05-02,181.49,"Twilight Shepherd, Steel of the Godhead, Puresight Merrow, Thistledown Liege, Island"
Auras of Majesty,Arena Starter Deck,Other,M19,2018-09-27,24.79,"Satyr Enchanter, Shalai, Voice of Plenty, Sunpetal Grove, History of Benalia, Danitha Capashen, Paragon"
Aurochs Stampede,Theme Deck,Other,CSP,2006-07-21,79.13,"Boreal Druid, Highland Weald, Hibernation's End, Snow-Covered Mountain, Snow-Covered Forest"
Avacyn Restored Foil Redemption,MTGO Redemption,Other,AVR,2012-06-03,992.53,"Avacyn, Angel of Hope, Cavern of Souls, Exquisite Blood, Craterhoof Behemoth, Griselbrand"
Avacyn Restored Redemption,MTGO Redemption,Other,AVR,2012-06-03,992.53,"Avacyn, Angel of Hope, Cavern of Souls, Exquisite Blood, Craterhoof Behemoth, Griselbrand"
Avalanche!,Arena Starter Deck,Other,AFR,2021-09-24,30.92,"Ashaya, Soul of the Wild, Lotus Cobra, Barkchannel Pathway // Tidechannel Pathway, Snow-Covered Island, Snow-Covered Forest"
Avatar: The Last Airbender: A Lot to Learn,Secret Lair Drop,Other,SLD,2025-11-18,49.23,"Serra Ascendant, Kodama's Reach, Cryptolith Rite, Ponder"
Avatar: The Last Airbender: A Lot to Learn Foil Edition,Secret Lair Drop,Other,SLD,2025-11-18,49.23,"Serra Ascendant, Kodama's Reach, Cryptolith Rite, Ponder"
Avatar: The Last Airbender: Everything Changed,Secret Lair Drop,Other,SLD,2025-11-18,61.47,"Torment of Hailfire, Blood Moon, Lightning Bolt, Dramatic Entrance"
Avatar: The Last Airbender: Everything Changed Foil Edition,Secret Lair Drop,Other,SLD,2025-11-18,61.47,"Torment of Hailfire, Blood Moon, Lightning Bolt, Dramatic Entrance"
Avatar: The Last Airbender: My Cabbages!,Secret Lair Drop,Other,SLD,2025-11-18,44.54,"Chain of Vapor, Nature's Claim, Anguished Unmaking, Meltdown, Putrefy"
Avatar: The Last Airbender: My Cabbages! Foil Edition,Secret Lair Drop,Other,SLD,2025-11-18,44.54,"Chain of Vapor, Nature's Claim, Anguished Unmaking, Meltdown, Putrefy"
Avatar: The Last Airbender: One with the Elements,Secret Lair Drop,Other,SLD,2025-11-18,49.86,"Silence, Force of Vigor, Past in Flames, Preordain, Expressive Iteration"
Avatar: The Last Airbender: One with the Elements Foil Edition,Secret Lair Drop,Other,SLD,2025-11-18,49.86,"Silence, Force of Vigor, Past in Flames, Preordain, Expressive Iteration"
Avatar: The Last Airbender: The Ember Island Players,Secret Lair Drop,Other,SLD,2025-11-18,43.46,"Braid of Fire, Cursed Mirror, Phantasmal Image, Thespian's Stage, Mask of Memory"
Avatar: The Last Airbender: The Ember Island Players Foil Edition,Secret Lair Drop,Other,SLD,2025-11-18,43.46,"Braid of Fire, Cursed Mirror, Phantasmal Image, Thespian's Stage, Mask of Memory"
Awakening Earth,Challenger Deck,Other,Q03,2019-11-08,37.53,"Breeding Pool, Nissa, Who Shakes the World, Incubation Druid, Voracious Hydra, Hydroid Krasis"
Azaar - Lichlord,Shandalar Enemy Deck,Other,PAST,1997-04-01,156.29,"Greed, Tetravus, Sol Ring, Mind Twist, Hypnotic Specter"
Azorius,Guild Kit,Other,GK2,2019-02-15,12.55,"Dovescape, Render Silent, Unbreakable Formation, Pride of the Clouds, Sphinx's Revelation"
Azorius Advance,Intro Pack,Other,RTR,2012-10-05,11.9,"Tablet of the Guilds, Righteous Authority, Plains, Azorius Guildgate, Island"
Azorius Ascendant,Theme Deck,Other,DIS,2006-05-05,42.66,"Isperia the Inscrutable, Azorius Chancery, Prahv, Spires of Order, Sky Hussar, Wakestone Gargoyle"
Azorius Ascension,Arena Starter Deck,Other,DOM,2018-03-22,15.71,"Spell Swindle, River's Rebuke, Field of Ruin, Angel of Sanctions, Censor"
Azorius Authority,Intro Pack,Other,DGM,2013-05-03,0.0,"Plains, Island, Lyev Skyknight, Island, Plains"
Azorius Control,Challenger Deck,Other,Q05,2021-04-02,11.07,"Emeria's Call // Emeria, Shattered Skyclave, Elspeth Conquers Death, Shark Typhoon, Saw It Coming, Archon of Sun's Grace"
Azorius Senate,Arena Starter Deck,Other,M20,2019-05-03,24.16,"Hallowed Fountain, Angel of Grace, Unbreakable Formation, Empyrean Eagle, Elite Guardmage"
Azorius Senate 1,Jumpstart,Other,CLU,2024-02-23,6.55,"Supreme Verdict, Lavinia, Foil to Conspiracy, Portal Manipulator, Oust, Azorius Chancery"
Azorius Senate 2,Jumpstart,Other,CLU,2024-02-23,15.68,"Suppressor Skyguard, Portal Manipulator, Azorius Signet, Lavinia of the Tenth, Turn to Mist"
Azorius Spirits,Pioneer Challenger Deck,Other,Q06,2021-10-15,27.73,"Selfless Spirit, Brazen Borrower // Petty Theft, Glacial Fortress, Spectral Sailor, Spell Pierce"
Azula,Jumpstart,Other,TLE,2025-11-20,7.42,"Dark Deal, Azula, Ruthless Firebender, Swamp, Thriving Moor, Fire Navy Trebuchet"
Azure Skies,Arena Starter Deck,Other,ANB,2019-09-26,16.06,"Verity Circle, Spectral Sailor, Mass Manipulation, Negate, Meteor Golem"
Azure Skies 2,Arena Starter Deck,Other,ANB,2020-03-12,4.94,"Spectral Sailor, Mass Manipulation, Negate, Stolen by the Fae, Brineborn Cutthroat"
Back for More,Arena Starter Deck,Other,M21,2021-07-03,3.46,"Skull Prophet, Polukranos, Unchained, Demonic Embrace, Murderous Rider // Swift End, Arasta of the Endless Web"
Back in My Day!,Secret Lair Drop,Other,SLD,2026-05-29,52.35,"Veil of Summer, Birthing Pod, Breath of Fury, Battle Hymn"
Back in My Day! Foil Edition,Secret Lair Drop,Other,SLD,2026-05-29,52.35,"Veil of Summer, Birthing Pod, Breath of Fury, Battle Hymn"
Backup Beatdown,Starter Kit,Other,WOE,2023-09-08,10.49,"Silverback Elder, Dusk Legion Duelist, In the Trenches, Boon-Bringer Valkyrie, Siege Veteran"
Bad Advice,Jumpstart,Other,TLE,2025-11-20,0.0,"Lo and Li, Royal Advisors, Swamp, Long Feng, Grand Secretariat, Thriving Moor, Ozai's Cruelty"
Bad to the Bones,Secret Lair Drop,Other,SLD,2023-08-29,124.74,"Tinybones, Trinket Thief, Reassembling Skeleton, Geier Reach Sanitarium, Bottomless Pit, Necrogen Mists"
Bad to the Bones Foil Edition,Secret Lair Drop,Other,SLD,2023-08-29,124.74,"Tinybones, Trinket Thief, Reassembling Skeleton, Geier Reach Sanitarium, Bottomless Pit, Necrogen Mists"
Bait & Switch,Theme Deck,Other,ONS,2002-10-07,240.4,"Smother, Lonely Sandbar, Peer Pressure, Barren Moor, Swamp"
Bait and Bludgeon,Theme Deck,Other,MRD,2003-10-02,312.12,"Vault of Whispers, Seat of the Synod, Thoughtcast, Talisman of Dominance, Myr Retriever"
Balance in All Things,Arena Starter Deck,Other,SNC,2022-09-09,12.61,"Shattered Sanctum, Lion Sash, Touch the Spirit Realm, Liesa, Forgotten Archangel, The Restoration of Eiganjo // Architect of Restoration"
Band Together,MTGO Theme Deck,Other,ME2,2008-09-22,0.0,"Plains, Plains, Plains, Kjeldoran Outpost, Mishra's Factory"
Bant Exalted,Intro Pack,Other,ALA,2008-10-03,45.8,"Knight-Captain of Eos, Plains, Island, Seaside Citadel, Forest"
Bant on the March,Intro Pack,Other,CON,2009-02-06,42.84,"Terramorphic Expanse, Plains, Island, Seaside Citadel, Forest"
Barrage,Theme Deck,Other,PLS,2001-02-05,204.69,"Flametongue Kavu, Fires of Yavimaya, Fertile Ground, Thunderscape Familiar, Gaea's Herald"
Basri,Jumpstart,Other,JMP,2020-07-17,1.46,"Basri Ket, Plains, Basri's Lieutenant, Plains, Legion's Judgment"
"Basri, Devoted Paladin",Planeswalker Deck,Other,M21,2020-07-03,0.0,"Speaker of the Heavens, Basri, Devoted Paladin, Plains, Basri's Lieutenant, Plains"
Battalion,Theme Deck,Other,MOR,2008-02-01,121.58,"Ballyrush Banneret, Reveillark, Island, Preeminent Captain, Mothdust Changeling"
Battle Blitz,Theme Deck,Other,EVE,2008-07-25,41.45,"Hateflayer, Balefire Liege, Niveous Wisps, Patrol Signaler, Duergar Mine-Captain"
Battle Cries,Intro Pack,Other,MBS,2011-02-04,87.71,"Galvanic Blast, Memnite, Gold Myr, Whispersilk Cloak, Signal Pest"
Battle Cry,Deck Builder's Toolkit,Other,MBS,2011-03-11,34.0,"Memnite, Emrakul's Hatcher, Signal Pest, Goblin Wardriver, Goblin Balloon Brigade"
Battle Surge,Theme Deck,Other,UDS,1999-06-07,276.2,"Urza's Incubator, Goblin Marshal, Raven Familiar, Mark of Fury, Aether Sting"
Battle Surge - Enhanced Deck,Enhanced Deck,Other,UDS,1999-06-07,22.38,"Thieving Magpie, Wild Colos, Island, Keldon Champion, Keldon Vandals"
Battle for Zendikar Foil Redemption,MTGO Redemption,Other,BFZ,2015-11-01,333.19,"Void Winnower, Ulamog, the Ceaseless Hunger, Drana, Liberator of Malakir, Conduit of Ruin, Omnath, Locus of Rage"
Battle for Zendikar Redemption,MTGO Redemption,Other,BFZ,2015-11-01,333.19,"Void Winnower, Ulamog, the Ceaseless Hunger, Drana, Liberator of Malakir, Conduit of Ruin, Omnath, Locus of Rage"
Beast Master,Shandalar Enemy Deck,Other,PAST,1997-04-01,81.39,"Desert Twister, Birds of Paradise, Untamed Wilds, Nafs Asp, Aspect of Wolf"
Beast Territory,Jumpstart,Other,DMU,2022-09-09,2.3,"Forest, Briar Hydra, Haunted Mire, Tangled Islet, Deathbloom Gardener"
Beasts,Theme Deck,Other,PSAL,2005-08-01,0.0,"Forest, Forest, Forest, Forest, Forest"
Beasts (1),Jumpstart,Other,J25,2024-11-07,0.0,"Slinza, the Spiked Stampede, Thriving Grove, Woodland Liege, Gnarlid Colony, Explore"
Beasts (2),Jumpstart,Other,J25,2024-11-07,0.0,"Garruk, Caller of Beasts, Slinza, the Spiked Stampede, Thriving Grove, Woodland Liege, Garruk's Packleader"
Ben Rubin - Sligh,World Championship Deck,Other,WC98,1998-08-12,23.15,"Wasteland, Cursed Scroll, Ball Lightning, Fireblast, Mountain"
Berserk,Theme Deck,Other,PSAL,2005-08-01,0.0,"Forest, Forest, Forest, Forest, Forest"
"Bertrand Lestree, Finalist",Pro Tour Deck,Other,PTC,1996-05-01,141.51,"Sylvan Library, Serra Angel, Land Tax, Strip Mine, Fyndhorn Elves"
Bestial Strength,Intro Pack,Other,M14,2013-07-19,9.96,"Elvish Mystic, Into the Wilds, Fog, Kalonian Tusker, Doom Blade"
Betrayers of Kamigawa Foil Redemption,MTGO Redemption,Other,BOK,2005-03-06,1815.0,"Umezawa's Jitte, Disrupting Shoal, Goryo's Vengeance, Higure, the Still Wind, Toshiro Umezawa"
Betrayers of Kamigawa Redemption,MTGO Redemption,Other,BOK,2005-03-06,1815.0,"Umezawa's Jitte, Disrupting Shoal, Goryo's Vengeance, Higure, the Still Wind, Toshiro Umezawa"
Beyond The Grave,Theme Deck,Other,CSP,2006-07-21,60.83,"Sek'Kuar, Deathkeeper, Coldsteel Heart, Void Maw, Dark Ritual, Forest"
Bitterblossom Dreams,Secret Lair Drop,Other,SLD,2019-12-03,42.14,Bitterblossom
Black,Game Night Deck,Other,GNT,2018-11-16,19.71,"Death Baron, Stitcher's Supplier, Rot Hulk, Zulaport Cutthroat, Open the Graves"
Black Deck,Welcome Deck,Other,M20,2019-07-12,1.6,"Swamp, Disentomb, Swamp, Barony Vampire, Murder"
Black Deck A,Sample Deck,Other,10E,2008-05-02,11.04,"Megrim, Corrupt, Ravenous Rats, Swamp, Smolder Initiate"
Black Deck B,Sample Deck,Other,M11,2010-07-16,24.79,"Blood Seeker, Urge to Feed, Vampire Nighthawk, Blood Tithe, Pulse Tracker"
Black Devotion,Deck Builder's Toolkit,Other,M15,2014-07-18,11.47,"Gray Merchant of Asphodel, Sign in Blood, Drown in Sorrow, Mogis's Marauder, Squelching Leeches"
Black Discard,Deck Builder's Toolkit,Other,MBS,2011-03-11,33.29,"Liliana's Caress, Bloodhusk Ritualist, Last Kiss, Mind Sludge, Liliana's Specter"
Black Green Graveyard,Deck Builder's Toolkit,Other,M15,2014-07-18,10.39,"Nyx Weaver, Satyr Wayfinder, Graverobber Spider, Undergrowth Scavenger, Commune with the Gods"
Black Is Magic,Secret Lair Drop,Other,SLD,2021-05-13,63.09,"Shalai, Voice of Plenty, Sol Ring, Teferi, Hero of Dominaria, Cultivate, Ponder"
Black Is Magic Foil Edition,Secret Lair Drop,Other,SLD,2021-05-13,63.09,"Shalai, Voice of Plenty, Sol Ring, Teferi, Hero of Dominaria, Cultivate, Ponder"
Black Red Minotaurs,Deck Builder's Toolkit,Other,M15,2014-07-18,0.0,"Felhide Petrifier, Kragma Warcaller, Flurry of Horns, Ragemonger, Flesh to Dust"
Black Sample Deck,Sample Deck,Other,M15,2014-07-18,6.65,"Sign in Blood, Typhoid Rats, Staff of the Death Magus, Paragon of Open Graves, Swamp"
Black and Green Counters,Deck Builder's Toolkit,Other,AKH,2017-04-28,1.19,"Cartouche of Strength, Cartouche of Ambition, Baleful Ammit, Festering Mummy, Crocodile of the Crossing"
Black and Green Delirium,Deck Builder's Toolkit,Other,KLD,2016-09-30,1.2,"Gnarlwood Dryad, Crop Sigil, Mournwillow, Grapple with the Past, Make Obsolete"
Black and Red Artifacts,Deck Builder's Toolkit,Other,AKH,2017-04-28,0.0,"Inventor's Apprentice, Welder Automaton, Enraged Giant, Implement of Malice, Welding Sparks"
Black and Red Madness,Deck Builder's Toolkit,Other,KLD,2016-09-30,3.78,"Insolent Neonate, Olivia's Bloodsworn, Furyblade Vampire, Fiery Temper, Stromkirk Mentor"
Black and White Vampires,Deck Builder's Toolkit,Other,XLN,2017-09-29,1.41,"Vicious Conquistador, Duskborne Skymarcher, Call to the Feast, Anointed Deacon, Skymarch Bloodletter"
Black-Green Deck,Spellslinger Starter Kit,Other,M19,2018-10-05,10.75,"Verdant Sun's Avatar, Ghalta, Primal Hunger, Ravenous Chupacabra, Forest, Reclamation Sage"
Black-Red Destruction,Deck Builder's Toolkit,Other,ROE,2010-05-21,1.46,"Doom Blade, Marsh Casualties, Hideous End, Rise from the Grave, Goblin Artillery"
Blades of Victory,Intro Pack,Other,M11,2010-07-16,39.04,"Plains, Angelic Arbiter, Plains, Ajani's Mantra, Armored Ascension"
Blazing Beasts of Myth,Intro Pack,Other,THS,2013-09-27,7.49,"Voyaging Satyr, Forest, Magma Jet, Lightning Strike, Destructive Revelry"
Blessed,Duel Deck,Other,DDQ,2016-02-26,12.09,"Eerie Interlude, Seraph Sanctuary, Tandem Lookout, Champion of the Parish, Geist of Saint Traft"
Blinding Fury,Theme Deck,Other,S99,1999-07-12,21.63,"Armageddon, Angel of Light, Plains, Archangel, Plains"
Blink 1,Jumpstart,Other,J22,2022-12-02,33.95,"Preston, the Vanisher, Flicker of Fate, Wispweaver Angel, Rambunctious Mutt, Distinguished Conjurer"
Blink 2,Jumpstart,Other,J22,2022-12-02,13.54,"Emiel the Blessed, Flicker of Fate, Rambunctious Mutt, Distinguished Conjurer, Inspiring Overseer"
Blink 3,Jumpstart,Other,J22,2022-12-02,33.95,"Preston, the Vanisher, Flicker of Fate, Rambunctious Mutt, Distinguished Conjurer, Restoration Angel"
Blink 4,Jumpstart,Other,J22,2022-12-02,7.14,"Panharmonicon, Flicker of Fate, Wispweaver Angel, Rambunctious Mutt, Distinguished Conjurer"
Blood Bowl,Secret Lair Drop,Other,SLD,2022-12-05,90.05,"Fellwar Stone, Defense of the Heart, Approach of the Second Sun, Rewind, Fling"
Blood Bowl Foil Edition,Secret Lair Drop,Other,SLD,2022-12-05,90.05,"Fellwar Stone, Defense of the Heart, Approach of the Second Sun, Rewind, Fling"
Blood and Fire,Intro Pack,Other,M12,2011-07-15,27.59,"Warstorm Surge, Swiftfoot Boots, Tormented Soul, Swamp, Mountain"
Bloody (1),Jumpstart,Other,J25,2024-11-07,0.0,"Ivora, Insatiable Heir, Anje's Ravager, Voldaren Epicure, Thriving Bluff, Abandon Reason"
Bloody (2),Jumpstart,Other,J25,2024-11-07,0.0,"Ivora, Insatiable Heir, Markov Blademaster, Insolent Neonate, Markov Enforcer, Thriving Bluff"
Bloody (3),Jumpstart,Other,J25,2024-11-07,0.0,"Ivora, Insatiable Heir, Insolent Neonate, Thriving Bluff, Soul Sear, Scion of Opulence"
Bloody (4),Jumpstart,Other,J25,2024-11-07,0.0,"Ivora, Insatiable Heir, Voldaren Epicure, Falkenrath Marauders, Thriving Bluff, Soul Sear"
Bloomburrow Bundle Land Pack,Bundle Land Pack,Other,BLB,2024-09-04,5.71,"Forest, Swamp, Island, Plains, Island"
Bloomburrow Redemption,MTGO Redemption,Other,BLB,2024-09-04,292.65,"Lumra, Bellow of the Woods, Three Tree City, Maha, Its Feathers Night, Ral, Crackling Wit, Ygra, Eater of All"
Blossoming Growth,Arena Starter Deck,Other,SNC,2022-09-09,22.4,"Hullbreaker Horror, Colossal Skyturtle, Titan of Industry, Glorious Sunrise, Dreamroot Cascade"
Blowout,Theme Deck,Other,INV,2000-10-02,172.51,"Phyrexian Delver, Ravenous Rats, Ghitu Fire, Breath of Darigaaz, Swamp"
Blue,Halfdeck,Other,UND,2020-02-28,1.21,"Cheatyface, Rock Lobster, Island, Alexander Clamilton, B.O.B. (Bevy of Beebles)"
Blue Control,Deck Builder's Toolkit,Other,ROE,2010-05-21,2.42,"Into the Roil, Essence Scatter, Wall of Frost, Air Elemental, Summoner's Bane"
Blue Deck,Welcome Deck,Other,M19,2018-07-13,0.0,"Island, Sleep, Island, Mist-Cloaked Herald, Island"
Blue Deck A,Sample Deck,Other,M12,2011-07-15,5.79,"Phantasmal Dragon, Skywinder Drake, Aether Adept, Island, Island"
Blue Deck B,Sample Deck,Other,10E,2008-05-02,114.91,"Ponder, Peek, Island, Wall of Air, Moonglove Extract"
Blue Green Enters the Battlefield,Deck Builder's Toolkit,Other,M15,2014-07-18,3.54,"Quickling, Kapsho Kitefins, Shaman of Spring, Coral Barrier, Nessian Game Warden"
Blue Red Artifacts,Deck Builder's Toolkit,Other,M15,2014-07-18,6.93,"Chariot of Victory, Ensoul Artifact, Ornithopter, Opaline Unicorn, Lava Axe"
Blue Red Counterburn,Deck Builder's Toolkit,Other,M15,2014-07-18,1.19,"Magma Jet, Spite of Mogis, Mnemonic Wall, Rise of Eagles, Bolt of Keranos"
Blue Sample Deck,Sample Deck,Other,M15,2014-07-18,0.0,"Negate, Island, Paragon of Gathering Mists, Divination, Island"
Blue and Black Noncreatures,Deck Builder's Toolkit,Other,AKH,2017-04-28,2.55,"Hieroglyphic Illumination, Cartouche of Knowledge, Cartouche of Ambition, Trial of Knowledge, Stir the Sands"
Blue and Black Pirates,Deck Builder's Toolkit,Other,XLN,2017-09-29,8.66,"Siren Stormtamer, Ruthless Knave, Chart a Course, Pirate's Prize, Deadeye Plunderers"
Blue and Black Zombies,Deck Builder's Toolkit,Other,KLD,2016-09-30,0.0,"Graf Harvest, Cemetery Recruitment, Compelling Deterrence, Ingenious Skaab, Wailing Ghoul"
Blue and Colorless Artifacts,Deck Builder's Toolkit,Other,KLD,2016-09-30,0.0,"Filigree Familiar, Glint-Nest Crane, Terrarion, Gearseeker Serpent, Consulate Skygate"
Blue and Green,Deck Builder's Toolkit,Other,KLD,2016-09-30,6.94,"Pore Over the Pages, Turn Aside, Watcher in the Web, Exultant Cultist, Geist of the Archives"
Blue and Green Merfolk,Deck Builder's Toolkit,Other,XLN,2017-09-29,2.84,"Deeproot Waters, River Sneak, Watertrap Weaver, Shapers of Nature, Kumena's Speaker"
Blue and Green Ramp,Deck Builder's Toolkit,Other,XLN,2017-09-29,6.28,"Ranging Raptors, Chart a Course, Merfolk Branchwalker, Pirate's Prize, Lay Claim"
Blue and White Flying,Deck Builder's Toolkit,Other,KLD,2016-09-30,8.13,"Displace, Unsubstantiate, Long Road Home, Nebelgast Herald, Aviary Mechanic"
Blue-Black,Starter Kit,Other,FIN,2025-06-13,0.0,"Sephiroth, Planet's Heir, Swamp, Ultimecia, Temporal Threat, Overkill, Island"
Blue-White Fliers,Deck Builder's Toolkit,Other,ROE,2010-05-21,0.0,"Safe Passage, Illusionary Servant, Sejiri Merfolk, Phantom Warrior, Divine Verdict"
Blue-White Flyers,Deck Builder's Toolkit,Other,MBS,2011-03-11,26.06,"Oust, Aether Adept, Unsummon, Negate, Sleep"
Boggart Feast,Theme Deck,Other,LRW,2007-10-12,88.96,"Tarfire, Swamp, Boggart Shenanigans, Boggart Harbinger, Boggart Mob"
Boltslinger,MTGO Theme Deck,Other,TD0,2010-11-08,0.0,"Hellspark Elemental, Goblin Guide, Keldon Marauders, Rift Bolt, Lava Spike"
Bomber,Theme Deck,Other,7ED,2001-04-11,661.14,"Counterspell, Force Spike, Merfolk Looter, Ancestral Memories, Boomerang"
Boneyard 1,Jumpstart,Other,J22,2022-12-02,5.81,"Oversold Cemetery, Stitcher's Supplier, Wailing Ghoul, Gorging Vulture, Moodmark Painter"
Boneyard 2,Jumpstart,Other,J22,2022-12-02,2.01,"Stitcher's Supplier, Shadowborn Demon, Liliana's Elite, Wailing Ghoul, Gorging Vulture"
Bookworms (1),Jumpstart,Other,J25,2024-11-07,0.0,"Syr Elenora, the Discerning, Thriving Isle, Blink of an Eye, Overflowing Insight, Cartouche of Knowledge"
Bookworms (2),Jumpstart,Other,J25,2024-11-07,3.06,"Teferi's Ageless Insight, Phantasmal Shieldback, Syr Elenora, the Discerning, Thriving Isle, Faerie Vandal"
Bookworms (3),Jumpstart,Other,J25,2024-11-07,0.0,"Omen of the Sea, Syr Elenora, the Discerning, Thriving Isle, Sphinx of Enlightenment, Thopter Mechanic"
Bookworms (4),Jumpstart,Other,J25,2024-11-07,0.0,"Phantasmal Shieldback, Syr Elenora, the Discerning, Thriving Isle, Nadir Kraken, Opt"
Booster Battle Pack: Boros,Welcome Deck,Other,GTC,2013-02-01,3.17,"Massive Raid, Boros Elite, Plains, Mountain, Plains"
Booster Battle Pack: Dimir,Welcome Deck,Other,GTC,2013-02-01,1.42,"Gridlock, Shadow Alley Denizen, Dimir Guildgate, Swamp, Island"
Booster Battle Pack: Gruul,Welcome Deck,Other,GTC,2013-02-01,1.2,"Gruul Guildgate, Pit Fight, Forest, Forest, Madcap Skills"
Booster Battle Pack: Orzhov,Welcome Deck,Other,GTC,2013-02-01,7.94,"Gift of Orzhova, Syndic of Tithes, Plains, Orzhov Guildgate, Contaminated Ground"
Booster Battle Pack: Simic,Welcome Deck,Other,GTC,2013-02-01,4.76,"Ivy Lane Denizen, Bioshift, Nimbus Swimmer, Hydroform, Forest"
Born of the Gods Foil Redemption,MTGO Redemption,Other,BNG,2014-03-09,341.05,"Mogis, God of Slaughter, Phenax, God of Deception, Xenagos, God of Revels, Brimaz, King of Oreskos, Karametra, God of Harvests"
Born of the Gods Redemption,MTGO Redemption,Other,BNG,2014-03-09,341.05,"Mogis, God of Slaughter, Phenax, God of Deception, Xenagos, God of Revels, Brimaz, King of Oreskos, Karametra, God of Harvests"
Boros,Guild Kit,Other,GK1,2018-11-02,35.12,"Aurelia, the Warleader, Legion Loyalist, Boros Charm, Boros Reckoner, Legion Warboss"
Boros Assault,Arena Starter Deck,Other,DOM,2018-03-22,46.71,"Combat Celebrant, Oketra's Monument, Cartouche of Solidarity, Harsh Mentor, Angel of Condemnation"
Boros Battalion,Intro Pack,Other,GTC,2013-02-01,3.24,"Firemane Avenger, Boros Elite, Plains, Boros Keyrune, Court Street Denizen"
Boros Legion,Arena Starter Deck,Other,M20,2019-05-03,15.19,"Sacred Foundry, Aurelia, Exemplar of Justice, Legion Warboss, Mountain, Healer's Hawk"
Boros Legion 1,Jumpstart,Other,CLU,2024-02-23,5.53,"Finale of Glory, Aegis of the Legion, Novice Inspector, Boros Signet, Boros Garrison"
Boros Legion 2,Jumpstart,Other,CLU,2024-02-23,0.0,"Boros Strike-Captain, Firemane Avenger, Boros Garrison, Krenko's Command, Ordruun Mentor"
Bound by Strength,Intro Pack,Other,AVR,2012-05-04,60.03,"Tandem Lookout, Forest, Deadeye Navigator, Wingcrafter, Forest"
Boundless Elves,Game Night Deck,Other,GN3,2022-10-14,43.2,"Imaryll, Elfhame Elite, Elven Ambush, Beast Whisperer, Immaculate Magistrate, Llanowar Tribe"
Bounty Hunter (1),Jumpstart,Other,TLE,2025-11-20,2.33,"Bastion of Remembrance, Swamp, Nyla, Shirshu Sleuth, Thriving Moor, Azula, On the Hunt"
Bounty Hunter (2),Jumpstart,Other,TLE,2025-11-20,2.33,"Bastion of Remembrance, Obsessive Pursuit, Swamp, Nyla, Shirshu Sleuth, Thriving Moor"
Brain Dead: Creatures,Secret Lair Drop,Other,SLD,2024-07-30,62.11,"Consecrated Sphinx, Kiki-Jiki, Mirror Breaker, Wurmcoil Engine, Chaotic Goo, Meteor Golem"
Brain Dead: Creatures Foil Edition,Secret Lair Drop,Other,SLD,2024-07-30,62.11,"Consecrated Sphinx, Kiki-Jiki, Mirror Breaker, Wurmcoil Engine, Chaotic Goo, Meteor Golem"
Brain Dead: Lands,Secret Lair Drop,Other,SLD,2024-07-30,106.51,"Mountain, Mountain, Swamp, Forest, Forest"
Brain Dead: Lands Foil Edition,Secret Lair Drop,Other,SLD,2024-07-30,106.51,"Mountain, Mountain, Swamp, Forest, Forest"
Brain Dead: New Earth Mentality,Secret Lair Drop,Other,SLD,2026-02-24,45.43,"Jace's Archivist, Stinkweed Imp, Mirror Entity, Sakura-Tribe Elder, Mogg Assassin"
Brain Dead: New Earth Mentality Foil Edition,Secret Lair Drop,Other,SLD,2026-02-24,45.43,"Jace's Archivist, Stinkweed Imp, Mirror Entity, Sakura-Tribe Elder, Mogg Assassin"
Brain Dead: Staples,Secret Lair Drop,Other,SLD,2024-07-30,52.48,"Sol Ring, Thought Vessel, Skullclamp, Command Tower, Lightning Greaves"
Brain Dead: Staples Foil Edition,Secret Lair Drop,Other,SLD,2024-07-30,52.48,"Sol Ring, Thought Vessel, Skullclamp, Command Tower, Lightning Greaves"
Brave the Battle,Intro Pack,Other,ORI,2015-07-17,0.0,"Valeron Wardens, Valor in Akros, Plains, Sentinel of the Eternal Watch, Plains"
Brazen Coalition,Theme Deck,Other,E02,2017-11-24,14.26,"Angrath's Marauders, Blatant Thievery, Shared Animosity, Adaptive Automaton, Island"
Breakdown,Theme Deck,Other,NEM,2000-02-14,514.04,"Hickory Woodlot, Accumulated Knowledge, Saprazzan Skerry, Ensnare, Vine Trellis"
Breakdown - Enhanced Deck,Enhanced Deck,Other,NEM,2000-02-14,807.92,"Palinchron, Hickory Woodlot, Saprazzan Skerry, Ensnare, Vine Trellis"
Breath of Fire,Intro Pack,Other,M11,2010-07-16,58.57,"Preordain, Lightning Bolt, Call to Mind, Augury Owl, Fire Servant"
Brian Hacker - White Weenie,World Championship Deck,Other,WC98,1998-08-12,20.14,"Tithe, Cataclysm, Soul Warden, Aura of Silence, Plains"
Brian Kibler - Red Zone 2K2,World Championship Deck,Other,WC02,2002-08-14,132.21,"Call of the Herd, City of Brass, Mountain, Birds of Paradise, Plains"
Brian Selden - Cali Nightmare,World Championship Deck,Other,WC98,1998-08-12,183.78,"Survival of the Fittest, Volrath's Stronghold, City of Brass, Scroll Rack, Recurring Nightmare"
Bring About The Undead Apocalypse,Archenemy Deck,Other,ARC,2010-06-18,25.69,"Reanimate, Bog Witch, Avatar of Woe, Swamp, Rakdos Signet"
Brood 1,Jumpstart,Other,MOM,2023-04-20,1.41,"Essence of Orthodoxy, Plains, Plains, Plains, Seedpod Caretaker"
Brood 2,Jumpstart,Other,MOM,2023-04-20,1.41,"Essence of Orthodoxy, Plains, Plains, Plains, Seedpod Caretaker"
Brotherhood Agents,Starter Kit,Other,ACR,2024-07-05,24.66,"Ezio, Blade of Vengeance, Rooftop Bypass, Achilles Davenport, Chain Assassination, Eagle Vision"
Brute Force,Intro Pack,Other,WWK,2010-02-05,28.01,"Lightning Bolt, Canopy Cover, Terastodon, Greenweaver Druid, Leatherback Baloth"
Buff 1,Jumpstart,Other,MOM,2023-04-20,33.71,"Surrak and Goreclaw, Kami of Whispered Hopes, Ruins Recluse, Forest, Timberland Ancient"
Buff 2,Jumpstart,Other,MOM,2023-04-20,33.71,"Surrak and Goreclaw, Kami of Whispered Hopes, Ruins Recluse, Forest, Timberland Ancient"
Buggin' Out,Secret Lair Drop,Other,SLD,2023-09-15,80.37,"Noxious Revival, Eldritch Evolution, Grist, the Hunger Tide, Mazirek, Kraul Death Priest, Giant Adephage"
Buggin' Out Foil Edition,Secret Lair Drop,Other,SLD,2023-09-15,80.37,"Noxious Revival, Eldritch Evolution, Grist, the Hunger Tide, Mazirek, Kraul Death Priest, Giant Adephage"
Bumi,Jumpstart,Other,TLE,2025-11-20,5.21,"Crystalline Armor, Bumi's Feast Lecture, Creeping Crystal Coating, Forest, Thriving Grove"
Burial,Theme Deck,Other,APC,2001-06-04,340.56,"Phyrexian Arena, Chromatic Sphere, Death Grasp, Forest, Elfhame Palace"
Burning,Jumpstart,Other,J25,2024-11-07,7.72,"Rionya, Fire Dancer, Firespitter Whelp, Chandra's Spitfire, Play with Fire, Firebrand Archer"
Burning Revelations,Secret Lair Drop,Other,SLD,2024-01-26,175.72,"Akroma's Memorial, Reckless Fireweaver, Consider, Price of Glory, Inspiring Overseer"
Burning Sky,MTGO Theme Deck,Other,MIR,2006-12-05,28.46,"Mystical Tutor, Mist Dragon, Mountain, Island, Island"
Cabbages,Jumpstart,Other,TLE,2025-11-20,36.42,"The Cabbage Merchant, Bosco, Just a Bear, Bumi's Feast Lecture, Elephant-Mandrill, Forest"
Call of Blood,Intro Pack,Other,BFZ,2015-10-02,16.9,"Zulaport Cutthroat, Felidar Sovereign, Mortuary Mire, Drana's Emissary, Defiant Bloodlord"
Call of the Kor,Theme Deck,Other,STH,1998-03-02,15.34,"Shaman en-Kor, Flickering Ward, Soltari Champion, Lab Rats, Nomads en-Kor"
Call of the Kor - Advanced Deck,Advanced Deck,Other,STH,1998-03-02,61.05,"Tithe, Armageddon, Shaman en-Kor, Soltari Champion, Plains"
Calling All Hydra Heads,Secret Lair Drop,Other,SLD,2023-12-08,81.75,"Zaxara, the Exemplary, Unbound Flourishing, Primordial Hydra, Gargos, Vicious Watcher, Hydroid Krasis"
Can You Feel With A Heart of Steel?,Secret Lair Drop,Other,SLD,2020-06-02,53.47,"Walking Ballista, Arcbound Ravager, Darksteel Colossus"
Carlos Romão - Psychatog,World Championship Deck,Other,WC02,2002-08-14,36.54,"Psychatog, Cephalid Coliseum, Swamp, Island, Island"
Carnival of Blood,Intro Pack,Other,ISD,2011-09-30,40.8,"Rakish Heir, Diabolic Tutor, Mask of Avacyn, Blood Seeker, Falkenrath Noble"
Cats,Jumpstart,Other,FDN,2024-11-15,0.0,"Leonin Vanguard, Helpful Hunter, Prideful Parent, Elspeth's Smite, Felidar Savior"
Cats (1),Jumpstart,Other,JMP,2020-07-17,1.67,"Feline Sovereign, Pridemalkin, Canopy Stalker, Forest, Keeper of Fables"
Cats (2),Jumpstart,Other,JMP,2020-07-17,21.38,"Lurking Predators, Feline Sovereign, Pridemalkin, Canopy Stalker, Forest"
Cats 1,Jumpstart,Other,J22,2022-12-02,1.4,"Regal Caracal, King of the Pride, Felidar Cub, Make a Stand, Skyhunter Patrol"
Cats 2,Jumpstart,Other,J22,2022-12-02,2.33,"Felidar Retreat, Trove Warden, King of the Pride, Make a Stand, Steppe Lynx"
Cats 3,Jumpstart,Other,J22,2022-12-02,8.8,"Ajani, Strength of the Pride, King of the Pride, Make a Stand, Ajani's Pridemate, Thriving Heath"
Cats 4,Jumpstart,Other,J22,2022-12-02,6.21,"Leonin Warleader, King of the Pride, Make a Stand, Thriving Heath, Plains"
Cats Are Better Than Dogs,Secret Lair Drop,Other,SLD,2025-03-18,93.73,"Arcane Signet, Basilisk Collar, Titanic Ultimatum, Escape to the Wilds, Rip Apart"
Cats Are Better Than Dogs Foil Edition,Secret Lair Drop,Other,SLD,2025-03-18,93.73,"Arcane Signet, Basilisk Collar, Titanic Ultimatum, Escape to the Wilds, Rip Apart"
Cavalcade Charge,Challenger Deck,Other,Q04,2020-04-03,28.8,"Embercleave, Torbran, Thane of Red Fell, Runaway Steam-Kin, Chandra, Acolyte of Flame, Cavalcade of Calamity"
Celestial Assault,Theme Deck,Other,ONS,2002-10-07,96.89,"Oblation, Seaside Haven, Island, Airborne Aid, Island"
Centaur Shaman,Shandalar Enemy Deck,Other,PAST,1997-04-01,73.86,"Birds of Paradise, Carrion Ants, Whirling Dervish, Dark Ritual, Cockatrice"
Centaur Warchief,Shandalar Enemy Deck,Other,PAST,1997-04-01,407.44,"Mountain, Land Tax, Colossus of Sardia, Ali Baba, Kismet"
Champions of Kamigawa Foil Redemption,MTGO Redemption,Other,CHK,2004-10-31,3589.63,"Minamo, School at Water's Edge, Shizo, Death's Storehouse, Dosan the Falling Leaf, Gifts Ungiven, Kiki-Jiki, Mirror Breaker"
Champions of Kamigawa Redemption,MTGO Redemption,Other,CHK,2004-10-31,3589.63,"Minamo, School at Water's Edge, Shizo, Death's Storehouse, Dosan the Falling Leaf, Gifts Ungiven, Kiki-Jiki, Mirror Breaker"
Chandra,Duel Deck,Other,DD2,2008-11-07,1.07,"Chandra Nalaar, Fireblast, Demonfire, Incinerate, Seal of Fire"
Chandra Japanese,Duel Deck,Other,DD2,2008-11-07,0.0,"Fireblast, Demonfire, Incinerate, Seal of Fire, Fireslinger"
"Chandra, Bold Pyromancer",Planeswalker Deck,Other,DOM,2018-04-27,20.34,"Marwyn, the Nurturer, Llanowar Elves, Grunn, the Lonely King, Chandra, Bold Pyromancer, Gilded Lotus"
"Chandra, Flame's Catalyst",Planeswalker Deck,Other,M21,2020-07-03,9.62,"Chandra, Flame's Catalyst, Chandra's Incinerator, Unleash Fury, Mountain, Double Vision"
"Chandra, Flame's Fury",Planeswalker Deck,Other,M20,2019-07-29,1.6,"Chandra, Flame's Fury, Mountain, Drakuseth, Maw of Flames, Chandra's Outrage, Chandra's Flame Wave"
"Chandra, Pyrogenius",Planeswalker Deck,Other,KLD,2016-09-30,0.0,"Fateful Showdown, Aerial Responder, Chandra, Pyrogenius, Fleetwheel Cruiser, Bomat Bazaar Barge"
Chaos,Jumpstart,Other,J25,2024-11-07,5.5,"Violent Outburst, Chromatic Lantern, Druid of the Anima, Averna, the Chaos Bloom, Maelstrom Colossus"
Chaos Reigns,Planechase Deck,Other,PC2,2012-06-01,7.76,"Maelstrom Wanderer, Beast Within, Whirlpool Warrior, Exotic Orchard, Cultivate"
Chaos and Mayhem,Arena Starter Deck,Other,M19,2018-09-27,23.98,"Goblin Trashmaster, Goblin Instigator, Dragonskull Summit, Rekindling Phoenix, Open the Graves"
Charge of the Boros,Theme Deck,Other,RAV,2005-10-07,88.45,"Sunforger, Sunhome, Fortress of the Legion, Lightning Helix, Boros Garrison, Boros Recruit"
Charging Ahead,Arena Starter Deck,Other,LTR,2023-06-20,28.7,"Surrak and Goreclaw, Mountain, Mountain, Samut, Vizier of Naktamun, Copperline Gorge"
Chargoyf,Theme Deck,Other,BRB,1999-11-12,24.03,"Spike Weaver, Forest, Forest, Seeker of Skybreak, Forest"
Cho-Manno's Resolve,Theme Deck,Other,10E,2007-07-13,39.4,"Pariah, Cho-Manno, Revolutionary, Angel of Mercy, Serra's Embrace, Icy Manipulator"
Chucky,Secret Lair Drop,Other,SLD,2024-10-01,55.58,"Kardur, Doomscourge // Kardur, Doomscourge, Twinflame, Varragoth, Bloodsky Sire, Phyrexian Reclamation, Genesis Chamber"
Chucky Foil Edition,Secret Lair Drop,Other,SLD,2024-10-01,55.58,"Kardur, Doomscourge // Kardur, Doomscourge, Twinflame, Varragoth, Bloodsky Sire, Phyrexian Reclamation, Genesis Chamber"
Cinder Heart,Theme Deck,Other,BRB,1999-11-12,45.47,"Reanimate, Sadistic Glee, Living Death, Sewer Rats, Exhume"
City Styles,Secret Lair Drop,Other,SLD,2023-04-14,317.6,"Teysa Karlov, Azusa, Lost but Seeking, Sakashima the Impostor, Paradise Mantle, Massacre Girl"
City Styles 2: Dressed to Kill,Secret Lair Drop,Other,SLD,2025-02-11,109.51,"Veyran, Voice of Duality, Ninja of the Deep Hours, Karmic Guide, Captain Sisay, Selvala, Explorer Returned"
City Styles 2: Dressed to Kill Foil Edition,Secret Lair Drop,Other,SLD,2025-02-11,109.51,"Veyran, Voice of Duality, Ninja of the Deep Hours, Karmic Guide, Captain Sisay, Selvala, Explorer Returned"
City Styles Foil Edition,Secret Lair Drop,Other,SLD,2023-04-14,317.6,"Teysa Karlov, Azusa, Lost but Seeking, Sakashima the Impostor, Paradise Mantle, Massacre Girl"
Claws of Vengeance,Theme Deck,Other,PS11,2011-01-01,0.0,"Forest, Forest, Forest, Forest, Plains"
Cleric,Shandalar Enemy Deck,Other,PAST,1997-04-01,27.69,"Meekstone, Swords to Plowshares, Savannah Lions, Tawnos's Weaponry, Plains"
Clerics (1),Jumpstart,Other,J25,2024-11-07,0.0,"Nullpriest of Oblivion, Skemfar Shadowsage, Thriving Moor, Taborax, Hope's Demise, Bonecaller Cleric"
Clerics (2),Jumpstart,Other,J25,2024-11-07,0.0,"Priest of Gix, Elderfang Disciple, Thriving Moor, Taborax, Hope's Demise, Bonecaller Cleric"
Clerics (3),Jumpstart,Other,J25,2024-11-07,11.25,"Vito, Thorn of the Dusk Rose, Skemfar Shadowsage, Elderfang Disciple, Scion of Darkness, Thriving Moor"
Clerics (4),Jumpstart,Other,J25,2024-11-07,13.05,"Vito, Thorn of the Dusk Rose, Priest of Forgotten Gods, Skemfar Shadowsage, Priest of Gix, Thriving Moor"
Clue Edition Core Contents,Box Set,Other,CLU,2024-02-23,15.17,"Headliner Scarlett, Apothecary White, Mastermind Plum, Emissary Green, Commander Mustard"
Coalition Corps,Jumpstart,Other,DMU,2022-09-09,5.57,"Plains, Serra Redeemer, Love Song of Night and Day, Resolute Reinforcements, Plains"
Coalition Legion,Jumpstart,Other,DMU,2022-09-09,5.57,"Plains, Serra Redeemer, Love Song of Night and Day, Knight of Dawn's Light, Plains"
Code of the Orzhov,Theme Deck,Other,GPT,2006-02-03,63.49,"Teysa, Orzhov Scion, Orzhov Basilica, Martyred Rusalka, Hissing Miasma, Thoughtpicker Witch"
Cold-Blooded Killers,Arena Starter Deck,Other,ANB,2020-08-13,0.0,"Sanitarium Skeleton, Typhoid Rats, Malakir Cullblade, Vampire Opportunist, Mardu Outrider"
Coldsnap Foil Redemption,MTGO Redemption,Other,CSP,2006-08-20,1720.71,"Rite of Flame, Dark Depths, Commandeer, Counterbalance, Thrumming Stone"
Coldsnap Redemption,MTGO Redemption,Other,CSP,2006-08-20,1720.71,"Rite of Flame, Dark Depths, Commandeer, Counterbalance, Thrumming Stone"
Collectors' Edition,Box Set,Other,CED,1993-12-10,15490.16,"Black Lotus, Timetwister, Mox Sapphire, Mox Jet, Mox Ruby"
Comeback,Theme Deck,Other,PLS,2001-02-05,253.25,"Ravenous Rats, Nightscape Familiar, Cavern Harpy, Stormscape Familiar, Coastal Tower"
Commander Collection Black,Box Set,Other,CC2,2022-01-28,91.79,"Sol Ring, Reanimate, Toxic Deluge, Ophiomancer, Command Tower"
Commander Collection Black Premium,Box Set,Other,CC2,2022-01-28,91.79,"Sol Ring, Reanimate, Toxic Deluge, Ophiomancer, Command Tower"
Commander Collection: Green,Box Set,Other,CC1,2020-12-04,144.84,"Seedborn Muse, Worldly Tutor, Sylvan Library, Sol Ring, Command Tower"
Commander Collection: Green - Premium,Box Set,Other,CC1,2020-12-04,144.84,"Seedborn Muse, Worldly Tutor, Sylvan Library, Sol Ring, Command Tower"
Commander's Arsenal,Box Set,Other,CM1,2012-10-23,278.3,"Rhystic Study, Scroll Rack, Sylvan Library, Command Tower, Diaochan, Artful Beauty"
Commander's Arsenal Oversized,Box Set,Other,OCM1,2012-10-23,237.84,"Sliver Queen, Azusa, Lost but Seeking, Karn, Silver Golem, Karrthus, Tyrant of Jund, Grimgrin, Corpse-Born"
Company of Knights,Arena Starter Deck,Other,M21,2021-07-03,11.43,"Embercleave, Grasping Giant, Worthy Knight, Basri's Lieutenant, Plains"
Concerted Effort,Intro Pack,Other,OGW,2016-01-22,0.0,"Relief Captain, Veteran Warleader, Angel of Renewal, Evolving Wilds, Joraga Auxiliary"
Conflux Foil Redemption,MTGO Redemption,Other,CON,2009-03-08,518.74,"Maelstrom Archangel, Master Transmuter, Exotic Orchard, Kederekt Parasite, Progenitus"
Conflux Redemption,MTGO Redemption,Other,CON,2009-03-08,518.74,"Maelstrom Archangel, Master Transmuter, Exotic Orchard, Kederekt Parasite, Progenitus"
Conjurer,Shandalar Enemy Deck,Other,PAST,1997-04-01,118.21,"Aladdin's Ring, Fellwar Stone, Apprentice Wizard, Counterspell, Giant Tortoise"
Conquering Hordes,Event Deck,Other,KTK,2014-09-26,43.3,"Dictate of Erebos, Spear of Heliod, Dictate of Heliod, Bloodsoaked Champion, Spirit Bonds"
Constellation 1,Jumpstart,Other,J22,2022-12-02,2.71,"Sage's Reverie, Archon of Sun's Grace, Spirited Companion, Chains of Custody, Transcendent Envoy"
Constellation 2,Jumpstart,Other,J22,2022-12-02,1.66,"Sage's Reverie, Sigil of the Empty Throne, Alseid of Life's Bounty, Spirited Companion, Chains of Custody"
Control Center,Arena Starter Deck,Other,AFR,2021-09-24,14.69,"Clearwater Pathway // Murkwater Pathway, Baleful Mastery, Ice Tunnel, Iymrith, Desert Doom, Mind Flayer"
Cool Ocean Breeze,Secret Lair Drop,Other,SLD,2023-04-28,281.84,"Thassa's Oracle, Thassa, Deep-Dwelling, Master of Waves, Llawan, Cephalid Empress"
Cool Ocean Breeze Foil Edition,Secret Lair Drop,Other,SLD,2023-04-28,281.84,"Thassa's Oracle, Thassa, Deep-Dwelling, Master of Waves, Llawan, Cephalid Empress"
Copied (1),Jumpstart,Other,J25,2024-11-07,1.06,"Crimson Wisps, Zada, Hedron Grinder, Fire Prophecy, Young Pyromancer, Invigorated Rampage"
Copied (2),Jumpstart,Other,J25,2024-11-07,0.0,"Zada, Hedron Grinder, Firespitter Whelp, Fire Prophecy, Charmbreaker Devils, Young Pyromancer"
Core Set 2019 Foil Redemption,MTGO Redemption,Other,M19,2018-08-12,473.18,"Scapeshift, Nicol Bolas, the Ravager // Nicol Bolas, the Arisen, Crucible of Worlds, Arcades, the Strategist, Resplendent Angel"
Core Set 2019 Redemption,MTGO Redemption,Other,M19,2018-08-12,473.18,"Scapeshift, Nicol Bolas, the Ravager // Nicol Bolas, the Arisen, Crucible of Worlds, Arcades, the Strategist, Resplendent Angel"
Core Set 2020 Foil Redemption,MTGO Redemption,Other,M20,2019-08-11,463.24,"Field of the Dead, Veil of Summer, Kaalia, Zenith Seeker, Chandra, Awakened Inferno, Vilis, Broker of Blood"
Core Set 2020 Redemption,MTGO Redemption,Other,M20,2019-08-11,463.24,"Field of the Dead, Veil of Summer, Kaalia, Zenith Seeker, Chandra, Awakened Inferno, Vilis, Broker of Blood"
Core Set 2021 Foil Redemption,MTGO Redemption,Other,M21,2020-08-02,303.6,"Chromatic Orrery, Terror of the Peaks, Grim Tutor, Fiery Emancipation, Heroic Intervention"
Core Set 2021 Redemption,MTGO Redemption,Other,M21,2020-08-02,303.6,"Chromatic Orrery, Terror of the Peaks, Grim Tutor, Fiery Emancipation, Heroic Intervention"
Core Set 2021 Welcome Booster,Welcome Booster,Other,M21,2020-07-03,21.25,"Niv-Mizzet, Parun, Demon of Loathing, Underworld Dreams, Garruk, Primal Hunter, Archetype of Imagination"
Corruption 1,Jumpstart,Other,ONE,2023-02-10,1.49,"Drown in Ichor, Kinzu of the Bleak Coven, Anoint with Affliction, Pestilent Syphoner, Annihilating Glare"
Corruption 2,Jumpstart,Other,ONE,2023-02-10,0.0,"Kinzu of the Bleak Coven, Vraska's Fall, Bilious Skulldweller, Infectious Inquiry, Necrogen Communion"
Counter Surge,Challenger Deck,Other,Q01,2018-04-06,41.85,"Walking Ballista, Verdurous Gearhulk, Fatal Push, Swamp, Forest"
Courageous 1,Jumpstart,Other,LTR,2023-06-23,2.71,"Saradoc, Master of Buckland, Rosie Cotton of South Lane, Bill the Pony, Plains, Slip On the Ring"
Courageous 2,Jumpstart,Other,LTR,2023-06-23,4.68,"Saradoc, Master of Buckland, Reprieve, Rosie Cotton of South Lane, Bill the Pony, Plains"
Crack the Case,Arena Starter Deck,Other,OTJ,2024-07-08,21.55,"Meticulous Archive, Proft's Eidetic Memory, Forensic Gadgeteer, Novice Inspector, Alquist Proft, Master Sleuth"
Crag Hydra,Shandalar Enemy Deck,Other,PAST,1997-04-01,273.53,"Mountain, Shivan Dragon, Inferno, Detonate, Mana Flare"
Creep and Conquer,Event Deck,Other,RTR,2012-10-26,40.9,"Ulvenwald Tracker, Disciple of Bolas, Woodland Cemetery, Golgari Charm, Victim of Night"
Creepshow,Secret Lair Drop,Other,SLD,2023-11-30,66.17,"Death Baron // Death Baron, Grimgrin, Corpse-Born // Grimgrin, Corpse-Born, Unholy Grotto // Unholy Grotto, Noxious Ghoul // Noxious Ghoul, Zombie Master // Zombie Master"
Creepshow Foil Edition,Secret Lair Drop,Other,SLD,2023-11-30,66.17,"Death Baron // Death Baron, Grimgrin, Corpse-Born // Grimgrin, Corpse-Born, Unholy Grotto // Unholy Grotto, Noxious Ghoul // Noxious Ghoul, Zombie Master // Zombie Master"
Cries of Rage,Theme Deck,Other,PS11,2011-01-01,0.0,"Mountain, Mountain, Mountain, Mountain, Forest"
Critical Mass,Theme Deck,Other,SOK,2005-06-03,216.33,"Shuko, Honden of Infinite Rage, Honden of Night's Reach, Thoughts of Ruin, Okiba-Gang Shinobi"
Critter Corps,Arena Promotional Deck,Other,M21,2021-07-03,150.96,"The Ozolith, The Great Henge, Fabled Passage, Ram Through, Selfless Savior"
Crocodile Jackson's Monstrous Menagerie,Secret Lair Drop,Other,SLD,2022-05-06,73.85,"Managorger Hydra, Pathbreaker Ibex, Temur Sabertooth, Ravenous Chupacabra, Winding Constrictor"
Crocodile Jackson's Monstrous Menagerie Foil Etched Edition,Secret Lair Drop,Other,SLD,2022-05-06,73.85,"Managorger Hydra, Pathbreaker Ibex, Temur Sabertooth, Ravenous Chupacabra, Winding Constrictor"
Cruel 1,Jumpstart,Other,J22,2022-12-02,8.43,"Creeping Bloodsucker, Termination Facilitator, Syr Konrad, the Grim, Ob Nixilis, the Hate-Twisted, Tormented Soul"
Cruel 2,Jumpstart,Other,J22,2022-12-02,8.43,"Creeping Bloodsucker, Termination Facilitator, Plague Spitter, Feast on the Fallen, Ossuary Rats"
Cruel 3,Jumpstart,Other,J22,2022-12-02,5.51,"Creeping Bloodsucker, Dread Slaver, Festering Evil, Conductor of Cacophony, Feast on the Fallen"
Cruel 4,Jumpstart,Other,J22,2022-12-02,8.82,"Creeping Bloodsucker, Dread Presence, Tormented Soul, Conductor of Cacophony, Feast on the Fallen"
Cruel Plots,Intro Pack,Other,DTK,2015-03-27,5.38,"Silumgar's Scorn, Sidisi's Faithful, Necromaster Dragon, Coat with Venom, Gravepurge"
Crusader,Shandalar Enemy Deck,Other,PAST,1997-04-01,92.35,"Eye for an Eye, Dancing Scimitar, Swords to Plowshares, White Knight, Battering Ram"
Crusher,Theme Deck,Other,ULG,1999-02-15,486.96,"Defense of the Heart, Mother of Runes, Treetop Village, Rancor, Weatherseed Treefolk"
Crusher - Enhanced Deck,Enhanced Deck,Other,ULG,1999-02-15,1810.59,"Gaea's Cradle, Might of Oaks, Eladamri, Lord of Leaves, Weatherseed Treefolk, City of Brass"
Cult of Rakdos,Arena Starter Deck,Other,M20,2019-05-03,34.08,"Blood Crypt, Bedevil, Spawn of Mayhem, Spear Spewer, Mayhem Devil"
Cult of Rakdos 1,Jumpstart,Other,CLU,2024-02-23,3.18,"Frenzied Gorespawn, Rakdos Signet, Spawn of Mayhem, Deadly Dispute, Incriminating Impetus"
Cult of Rakdos 2,Jumpstart,Other,CLU,2024-02-23,5.38,"Rakdos, the Showstopper, Carnage Interpreter, Incriminating Impetus, Rakdos Carnarium, Light Up the Stage"
Culture Shocks: Bant,Secret Lair Drop,Other,SLD,2021-08-25,33.91,"Breeding Pool, Hallowed Fountain, Temple Garden"
Culture Shocks: Esper,Secret Lair Drop,Other,SLD,2021-08-25,38.29,"Watery Grave, Godless Shrine, Hallowed Fountain"
Culture Shocks: Grixis,Secret Lair Drop,Other,SLD,2021-08-25,52.49,"Steam Vents, Blood Crypt, Watery Grave"
Culture Shocks: Jund,Secret Lair Drop,Other,SLD,2021-08-25,45.24,"Overgrown Tomb, Blood Crypt, Stomping Ground"
Culture Shocks: Naya,Secret Lair Drop,Other,SLD,2021-08-25,33.79,"Sacred Foundry, Stomping Ground, Temple Garden"
Cunning,Duel Deck,Other,DDN,2014-09-05,0.0,"Arcanis the Omnipotent, Whiplash Trap, Mana Leak, Lightning Angel, Faerie Impostor"
Cunning 1,Jumpstart,Other,LTR,2023-11-03,0.0,"Minas Tirith Garrison, Ioreth of the Healing House, The Bath Song, Island, Glorious Gale"
Cunning 2,Jumpstart,Other,LTR,2023-11-03,4.25,"Lórien Revealed, Minas Tirith Garrison, Elrond, Lord of Rivendell, Mirror of Galadriel, Island"
Cunning Plan,Intro Pack,Other,FRF,2015-01-23,11.63,"Monastery Swiftspear, Refocus, Void Snare, Island, Lightning Strike"
Cursed,Duel Deck,Other,DDQ,2016-02-26,2.14,"Gravecrawler, Harvester of Souls, Dread Return, Victim of Night, Unbreathing Horde"
Custom Creatures,Theme Deck,Other,9ED,2005-07-29,87.14,"Naturalize, Verduran Enchantress, Overgrowth, Llanowar Elves, Forest"
Cycling 1,Jumpstart,Other,J22,2022-12-02,0.0,"Drannith Stinger, Yidaro, Wandering Monster, Flameblade Adept, Deem Worthy, Forgotten Cave"
Cycling 2,Jumpstart,Other,J22,2022-12-02,0.0,"Drannith Stinger, Irencrag Pyromancer, Starstorm, Deem Worthy, Mad Ratter"
Dan Frazier Is Back Again: The Allied Talismans,Secret Lair Drop,Other,SLD,2022-10-25,207.77,"Talisman of Dominance, Talisman of Indulgence, Talisman of Progress, Talisman of Impulse, Talisman of Unity"
Dan Frazier Is Back Again: The Allied Talismans Foil Etched Edition,Secret Lair Drop,Other,SLD,2022-10-25,207.77,"Talisman of Dominance, Talisman of Indulgence, Talisman of Progress, Talisman of Impulse, Talisman of Unity"
Dan Frazier Is Back Again: The Enemy Talismans,Secret Lair Drop,Other,SLD,2022-10-25,122.17,"Talisman of Creativity, Talisman of Hierarchy, Talisman of Curiosity, Talisman of Conviction, Talisman of Resilience"
Dan Frazier Is Back Again: The Enemy Talismans Foil Etched Edition,Secret Lair Drop,Other,SLD,2022-10-25,122.17,"Talisman of Creativity, Talisman of Hierarchy, Talisman of Curiosity, Talisman of Conviction, Talisman of Resilience"
Dan Frazier is Back: The Allied Signets,Secret Lair Drop,Other,SLD,2021-10-29,98.76,"Rakdos Signet, Dimir Signet, Azorius Signet, Gruul Signet, Selesnya Signet"
Dan Frazier is Back: The Allied Signets Foil Edition,Secret Lair Drop,Other,SLD,2021-10-29,98.76,"Rakdos Signet, Dimir Signet, Azorius Signet, Gruul Signet, Selesnya Signet"
Dan Frazier is Back: The Enemy Signets,Secret Lair Drop,Other,SLD,2021-10-29,96.46,"Izzet Signet, Orzhov Signet, Boros Signet, Simic Signet, Golgari Signet"
Dan Frazier is Back: The Enemy Signets Foil Edition,Secret Lair Drop,Other,SLD,2021-10-29,96.46,"Izzet Signet, Orzhov Signet, Boros Signet, Simic Signet, Golgari Signet"
Dan Frazier's Mox Box,Secret Lair Drop,Other,SLD,2023-09-14,535.5,"Mox Opal, Sol Ring, Mox Tantalite"
Dandân Deck,Dandan Deck,Other,SLD,2026-03-17,101.94,"Mystic Sanctuary, Mental Note, Capture of Jingzhou, Island, Dandân"
Dangerous,Clash Pack,Other,ORI,2015-07-17,14.52,"Dromoka, the Eternal, Abzan Falconer, Avatar of the Resolute, Abzan Battle Priest, Sandsteppe Citadel"
Dangerous Knowledge,Intro Pack,Other,EMN,2016-07-22,6.75,"Pore Over the Pages, Turn Aside, Pieces of the Puzzle, Niblis of Frost, Take Inventory"
Daniel Zink - White-Blue-Green Wake,World Championship Deck,Other,WC03,2003-08-06,40.52,"Flooded Strand, Forest, Mirari's Wake, Moment's Peace, Island"
Dark Alliance,Theme Deck,Other,ATH,1998-11-01,56.65,"Strip Mine, Goblin Recruiter, Hypnotic Specter, Goblin King, Pyrokinesis"
Dark Ascension Foil Redemption,MTGO Redemption,Other,DKA,2012-03-04,413.39,"Mikaeus, the Unhallowed, Grafdigger's Cage, Drogskol Reaver, Vault of the Archangel, Moonveil Dragon"
Dark Ascension Redemption,MTGO Redemption,Other,DKA,2012-03-04,413.39,"Mikaeus, the Unhallowed, Grafdigger's Cage, Drogskol Reaver, Vault of the Archangel, Moonveil Dragon"
Dark Devotion,Theme Deck,Other,BOK,2005-02-04,49.71,"Heartless Hidetsugu, Yukora, the Prisoner, Blood Speaker, Overblaze, Mark of the Oni"
Dark Sacrifice,Game Night Deck,Other,GN3,2022-10-14,23.93,"Vogar, Necropolis Tyrant, Vilis, Broker of Blood, Demon of Loathing, Ravenous Chupacabra, Sign in Blood"
Darksteel Foil Redemption,MTGO Redemption,Other,DST,2004-03-07,1551.88,"Arcbound Ravager, Panoptic Mirror, Mycosynth Lattice, Skullclamp, Darksteel Forge"
Darksteel Redemption,MTGO Redemption,Other,DST,2004-03-07,1551.88,"Arcbound Ravager, Panoptic Mirror, Mycosynth Lattice, Skullclamp, Darksteel Forge"
Dave Humpherys - Blue-Green Madness,World Championship Deck,Other,WC03,2003-08-06,35.93,"City of Brass, Centaur Garden, Aquamoeba, Careful Study, Arrogant Wurm"
Day of the Dragon,Starter Kit,Other,WOE,2023-09-08,5.64,"Shivan Devastator, Sarkhan, Soul Aflame, Ingenious Prodigy, Ragefire Hellkite, Aether Channeler"
Dead Again,Theme Deck,Other,9ED,2005-07-29,37.88,"Underworld Dreams, Demon's Horn, Nightmare, Swamp, Swamp"
Dead Ahead,Intro Pack,Other,ARB,2009-04-30,30.39,"Terramorphic Expanse, Swamp, Mountain, Lightning Reaver, Mountain"
Dead and Alive,MTGO Theme Deck,Other,WTH,2007-12-12,25.57,"Necromancy, Buried Alive, Infernal Tribute, Swamp, Swamp"
Deadly Discovery,Challenger Deck,Other,Q02,2019-04-12,42.76,"Overgrown Tomb, The Eldest Reborn, Vraska, Relic Seeker, Llanowar Elves, Wildgrowth Walker"
Deadly Instinct,Theme Deck,Other,S99,1999-07-12,3.36,"Ancient Craving, Swamp, Swamp, Swamp, Ravenous Rats"
Deadspread,Intro Pack,Other,SOM,2010-10-01,74.22,"Contagion Engine, Leaden Myr, Silver Myr, Throne of Geth, Thrummingbird"
"Death Is Temporary, Metal Is Forever",Secret Lair Drop,Other,SLD,2023-08-29,246.79,"Nekusar, the Mindrazer, Syr Konrad, the Grim, Wheel of Misfortune, Underworld Dreams, Waste Not"
"Death Is Temporary, Metal Is Forever Foil Edition",Secret Lair Drop,Other,SLD,2023-08-29,246.79,"Nekusar, the Mindrazer, Syr Konrad, the Grim, Wheel of Misfortune, Underworld Dreams, Waste Not"
Death March,Theme Deck,Other,EVE,2008-07-25,124.54,"Quillspike, Swamp, Creakwood Liege, Gift of the Deity, Doomgape"
Death Reaper,Intro Pack,Other,M14,2013-07-19,2.04,"Staff of the Death Magus, Mountain, Festering Newt, Liliana's Reaver, Swamp"
Death's Beginning,Intro Pack,Other,BNG,2014-02-07,23.16,"Archetype of Finality, Satyr Wayfinder, Raised by Wolves, Forest, Nighthowler"
Death's Encroach,Event Deck,Other,AVR,2012-05-25,65.02,"Dismember, Cemetery Reaper, Gravecrawler, Geralf's Messenger, Go for the Throat"
Death's Minions,Intro Pack,Other,M10,2009-07-17,30.17,"Cemetery Reaper, Tendrils of Corruption, Diabolic Tutor, Swamp, Doom Blade"
Deathbreed,MTGO Theme Deck,Other,ME2,2008-09-22,0.0,"Snow-Covered Swamp, Armor Thrull, Ashen Ghoul, Basal Thrull, Cuombajj Witches"
Deathfed,Event Deck,Other,ISD,2011-10-28,140.16,"Green Sun's Zenith, Birds of Paradise, Gnaw to the Bone, Ratchet Bomb, Bonehoard"
Deathly Dominion,Intro Pack,Other,ISD,2011-09-30,22.29,"Rampant Growth, Reassembling Skeleton, Moldgraf Monstrosity, Swamp, Forest"
Decay,Theme Deck,Other,7ED,2001-04-11,778.03,"Blood Pet, Charcoal Diamond, Duress, Fallen Angel, Greed"
Deceptive Divination,Secret Lair Drop,Other,SLD,2024-02-23,54.72,"Scheming Symmetry, Price of Progress, Eternal Witness, Wall of Omens, Circular Logic"
Deceptive Divination Foil Edition,Secret Lair Drop,Other,SLD,2024-02-23,70.67,"Scheming Symmetry, Price of Progress, Eternal Witness, Wall of Omens, Circular Logic"
Deck A,Starter Deck,Other,6ED,1999-04-21,1.88,"Blood Pet, Swamp, Swamp, Forest, Llanowar Elves"
Deck B,Starter Deck,Other,5ED,1997-04-24,2.66,"Counterspell, Swamp, Island, Island, Island"
Deck Builder's Toolkit,Deck Builder's Toolkit,Other,M19,2018-07-13,41.56,"Satyr Enchanter, Poison-Tip Archer, Colossal Majesty, Goblin Instigator, Ravenous Chupacabra"
Deep Freeze,Theme Deck,Other,TMP,1997-10-14,4.84,"Counterspell, Avenging Angel, Puppet Strings, Island, Island"
Deep Freeze - Advanced Deck,Advanced Deck,Other,TMP,1997-10-14,22.36,"Wrath of God, Adarkar Wastes, Counterspell, Impulse, Desertion"
Deepwood Menace,Theme Deck,Other,MMQ,1999-10-04,205.38,"Natural Affinity, Vine Trellis, Thunderclap, Volcanic Wind, Battle Squadron"
Deepwood Menace - Enhanced Deck,Enhanced Deck,Other,MMQ,1999-10-04,2207.09,"Gaea's Cradle, Deranged Hermit, Treetop Village, Rancor, Collective Unconscious"
Defenders of the Cause,Theme Deck,Other,ATH,1998-11-01,31.33,"Armageddon, Pendelhaven, Swords to Plowshares, Mirri, Cat Warrior, Brushland"
Demo Booster Player 1,Welcome Booster,Other,9ED,2005-07-29,7.55,"Grizzly Bears, Forest, Plains, Forest, Forest"
Demo Booster Player 2,Welcome Booster,Other,9ED,2005-07-29,14.31,"Mountain, Mountain, Swamp, Swamp, Mountain"
Demo deck A,Demo Deck,Other,P02,1998-06-24,4.04,"Forest, Island, Island, Plains, Plains"
Demo deck B,Demo Deck,Other,POR,1997-05-01,8.08,"Cloud Pirates, Feral Shadow, Storm Crow, Snapping Drake, Island"
Demonic,Duel Deck,Other,DVD,2014-12-05,82.21,"Demonic Tutor, Dark Ritual, Stinkweed Imp, Soot Imp, Abyssal Gatekeeper"
Demonic Deals,Intro Pack,Other,ORI,2015-07-17,12.74,"Chandra's Ignition, Fiery Impulse, Kothophed, Soul Hoarder, Malakir Cullblade, Fleshbag Marauder"
Demons 1,Jumpstart,Other,J22,2022-12-02,0.0,"Demon's Disciple, Disciple of Perdition, Inner Demon, Kothophed, Soul Hoarder, Conductor of Cacophony"
Demons 2,Jumpstart,Other,J22,2022-12-02,1.97,"Seizan, Perverter of Truth, Demon's Disciple, Disciple of Perdition, Dreadhound, Demon of Catastrophes"
Depths of Power,Intro Pack,Other,M13,2012-07-13,32.02,"Elixir of Immortality, Stormtide Leviathan, Archaeomancer, Mindclaw Shaman, Ring of Evos Isle"
Desert Oasis,Arena Starter Deck,Other,OTJ,2024-07-08,64.93,"Bristly Bill, Spine Sower, Hedge Maze, Case of the Locked Hothouse, Sentinel of the Nameless City, Bonny Pall, Clearcutter"
Desperate Stand,Intro Pack,Other,OGW,2016-01-22,6.83,"Cliffhaven Vampire, Drana's Emissary, Kalastria Healer, Evolving Wilds, Kor Entanglers"
Destructive Firepower,Arena Starter Deck,Other,ANB,2020-03-12,1.71,"Dreadhorde Arcanist, Drakuseth, Maw of Flames, Chandra's Outrage, Fire Urchin, Spellgorger Weird"
Detective 1,Jumpstart,Other,J22,2022-12-02,5.44,"Mechanized Production, Thriving Isle, Jace's Scrutiny, Shambling Suit, Vedalken Engineer"
Detective 2,Jumpstart,Other,J22,2022-12-02,23.21,"Teferi's Puzzle Box, Psychosis Crawler, Thriving Isle, Jace's Scrutiny, Aeronaut Tinkerer"
Detective 3,Jumpstart,Other,J22,2022-12-02,0.0,"Shimmer Dragon, Thriving Isle, Jace's Scrutiny, Lumengrid Sentinel, Vedalken Engineer"
Detective 4,Jumpstart,Other,J22,2022-12-02,11.12,"Tamiyo, the Moon Sage, Tamiyo's Journal, Thriving Isle, Jace's Scrutiny, Erdwal Illuminator"
Devastation,Theme Deck,Other,ONS,2002-10-07,217.85,"Naturalize, Cryptic Gateway, Tranquil Thicket, Explosive Vegetation, Forgotten Cave"
Devilish (1),Jumpstart,Other,JMP,2020-07-17,0.0,"Zurzoth, Chaos Rider, Traitorous Greed, Havoc Jester, Spiteful Prankster, Mountain"
Devilish (2),Jumpstart,Other,JMP,2020-07-17,0.0,"Zurzoth, Chaos Rider, Traitorous Greed, Havoc Jester, Spiteful Prankster, Mountain"
Devilish (3),Jumpstart,Other,JMP,2020-07-17,1.91,"Brash Taunter, Traitorous Greed, Havoc Jester, Spiteful Prankster, Mountain"
Devilish (4),Jumpstart,Other,JMP,2020-07-17,2.83,"Hellrider, Sin Prodder, Traitorous Greed, Havoc Jester, Spiteful Prankster"
Devotion to Darkness,Intro Pack,Other,THS,2013-09-27,20.68,"Whip of Erebos, Gray Merchant of Asphodel, Island, Island, Island"
Devouring Skies,Intro Pack,Other,NPH,2011-05-13,84.39,"Argentum Armor, Brass Squire, Silver Myr, Swamp, Swamp"
Diabolical Dioramas,Secret Lair Drop,Other,SLD,2024-04-15,50.95,"Aura Shards, Fiend Artisan, Gravebreaker Lamia, Karador, Ghost Chieftain"
Diabolical Dioramas Foil Edition,Secret Lair Drop,Other,SLD,2024-04-15,56.92,"Aura Shards, Fiend Artisan, Gravebreaker Lamia, Karador, Ghost Chieftain"
Dimir,Guild Kit,Other,GK1,2018-11-02,8.26,"Glimpse the Unthinkable, Etrata, the Silencer, Dimir Signet, Mission Briefing, Price of Fame"
Dimir Control,Pioneer Challenger Deck,Other,Q08,2022-11-04,47.13,"Watery Grave, Narset, Parter of Veils, Drowned Catacomb, Dig Through Time, Fatal Push"
Dimir Dementia,Intro Pack,Other,GTC,2013-02-01,25.69,"Duskmantle Guildmage, Whispering Madness, Jace's Phantasm, Dimir Keyrune, Wight of Precinct Six"
Dimir Intrigues,Theme Deck,Other,RAV,2005-10-07,51.84,"Dimir Aqueduct, Dimir Infiltrator, Dimir Signet, Szadek, Lord of Secrets, Dimir House Guard"
Dimir Manipulation,Arena Starter Deck,Other,DOM,2018-03-22,37.0,"Nezahal, Primal Tide, Ravenous Chupacabra, Tetzimoc, Primal Death, Overflowing Insight, Field of Ruin"
Dimir Rogue,Challenger Deck,Other,Q05,2021-04-02,23.47,"Malakir Rebirth // Malakir Mire, Rankle, Master of Pranks, Swamp, Drown in the Loch, Island"
Dinner,Jumpstart,Other,J25,2024-11-07,3.27,"Tireless Provisioner, Hurska Sweet-Tooth, Thriving Grove, Giant Opportunity, Trail of Crumbs"
Dino Might,Arena Starter Deck,Other,OTJ,2024-07-08,41.88,"Ghalta, Stampede Tyrant, Commercial District, Trumpeting Carnosaur, Hulking Raptor, Pugnacious Hammerskull"
Dinosaurs (1),Jumpstart,Other,JMP,2020-07-17,2.47,"Cultivate, Ghalta, Primal Hunger, Forest, Ornery Dilophosaur, Commune with Dinosaurs"
Dinosaurs (2),Jumpstart,Other,J25,2024-11-07,0.0,"Ghalta, Primal Hunger, Topiary Stomper, Rampant Growth, Thriving Grove, Tail Swipe"
Dinosaurs (3),Jumpstart,Other,JMP,2020-07-17,2.47,"Cultivate, Ghalta, Primal Hunger, Forest, Ornery Dilophosaur, Commune with Dinosaurs"
Dinosaurs (4),Jumpstart,Other,JMP,2020-07-17,1.47,"Garruk's Uprising, Forest, Rampaging Brontodon, Ornery Dilophosaur, Primal Might"
Discarding (1),Jumpstart,Other,JMP,2020-07-17,20.15,"Tinybones, Trinket Thief, Ravenous Chupacabra, Fell Specter, Swamp, Swamp"
Discarding (2),Jumpstart,Other,JMP,2020-07-17,0.0,"Ravenous Chupacabra, Fell Specter, Swamp, Liliana's Reaver, Swamp"
Dismissal,Theme Deck,Other,INV,2000-10-02,279.99,"Opt, Disrupt, Ravenous Rats, Island, Prohibit"
Disrupter,Theme Deck,Other,MMQ,1999-10-04,736.13,"Dark Ritual, Snuff Out, Silent Assassin, Thrashing Wumpus, Vendetta"
Disrupter - Enhanced Deck,Enhanced Deck,Other,MMQ,1999-10-04,726.58,"Dark Ritual, Snuff Out, Silent Assassin, Thrashing Wumpus, Vendetta"
Dissension Foil Redemption,MTGO Redemption,Other,DIS,2006-06-04,1874.63,"Hallowed Fountain, Blood Crypt, Breeding Pool, Grand Arbiter Augustin IV, Spell Snare"
Dissension Redemption,MTGO Redemption,Other,DIS,2006-06-04,1874.63,"Hallowed Fountain, Blood Crypt, Breeding Pool, Grand Arbiter Augustin IV, Spell Snare"
Distress,Theme Deck,Other,PCY,2000-06-05,881.99,"Dark Ritual, Avatar of Woe, Snuff Out, Peat Bog, Seal of Cleansing"
Divine,Duel Deck,Other,DDC,2009-04-10,9.25,"Akroma, Angel of Wrath, Reya Dawnbringer, Luminous Angel, Twilight Shepherd, Righteous Cause"
Doctor (1),Jumpstart,Other,JMP,2020-07-17,8.57,"Light of Promise, Speaker of the Heavens, Plains, Griffin Aerie, Brightmare"
Doctor (2),Jumpstart,Other,JMP,2020-07-17,8.57,"Light of Promise, Speaker of the Heavens, Plains, Griffin Aerie, Brightmare"
Doctor (3),Jumpstart,Other,JMP,2020-07-17,10.67,"Light of Promise, Rhox Faithmender, Plains, Griffin Aerie, Brightmare"
Doctor (4),Jumpstart,Other,JMP,2020-07-17,0.0,"Cradle of Vitality, Plains, Griffin Aerie, Brightmare, Path of Bravery"
Doctor Who: Regeneration,Secret Lair Drop,Other,SLD,2024-04-09,239.56,"The Fourteenth Doctor, The Fifteenth Doctor, The Meep, The Celestial Toymaker, Rose Noble"
Doctor Who: Regeneration Foil Edition,Secret Lair Drop,Other,SLD,2024-04-09,239.56,"The Fourteenth Doctor, The Fifteenth Doctor, The Meep, The Celestial Toymaker, Rose Noble"
Doctor Who: The Dalek Lands,Secret Lair Drop,Other,SLD,2023-12-18,49.59,"Spirebluff Canal, Botanical Sanctum, Blooming Marsh, Concealed Courtyard, Inspiring Vantage"
Doctor Who: The Dalek Lands Foil Edition,Secret Lair Drop,Other,SLD,2023-12-18,49.59,"Spirebluff Canal, Botanical Sanctum, Blooming Marsh, Concealed Courtyard, Inspiring Vantage"
Doctor Who: The Weeping Angels,Secret Lair Drop,Other,SLD,2023-12-18,44.87,"Blinding Angel, Angel of Serenity, Angel of the Ruins, Restoration Angel, Sublime Archangel"
Doctor Who: The Weeping Angels Foil Edition,Secret Lair Drop,Other,SLD,2023-11-30,44.87,"Blinding Angel, Angel of Serenity, Angel of the Ruins, Restoration Angel, Sublime Archangel"
Dogs (1),Jumpstart,Other,JMP,2020-07-17,2.82,"Plains, Selfless Savior, Pack Leader, Plains, Rambunctious Mutt"
Dogs (2),Jumpstart,Other,JMP,2020-07-17,2.93,"Plains, Isamaru, Hound of Konda, Pack Leader, Plains, Rambunctious Mutt"
Dogs Are Better Than Cats,Secret Lair Drop,Other,SLD,2025-03-18,77.7,"Arcane Signet, Basilisk Collar, Titanic Ultimatum, Rip Apart, Escape to the Wilds"
Dogs Are Better Than Cats Foil Edition,Secret Lair Drop,Other,SLD,2025-03-18,77.7,"Arcane Signet, Basilisk Collar, Titanic Ultimatum, Rip Apart, Escape to the Wilds"
Domain,Theme Deck,Other,PLS,2001-02-05,274.51,"Quirion Dryad, Harrow, Tribal Flames, Island, Magnigoth Treefolk"
Dome Destruction,Arena Starter Deck,Other,ANB,2019-09-26,1.71,"Dreadhorde Arcanist, Drakuseth, Maw of Flames, Chandra's Outrage, Meteor Golem, Spellgorger Weird"
Dominaria Foil Redemption,MTGO Redemption,Other,DOM,2018-05-27,473.77,"Mox Amber, Helm of the Host, Cabal Stronghold, Teferi, Hero of Dominaria, Unwind"
Dominaria Redemption,MTGO Redemption,Other,DOM,2018-05-27,473.77,"Mox Amber, Helm of the Host, Cabal Stronghold, Teferi, Hero of Dominaria, Unwind"
Dominaria United Foil Redemption,MTGO Redemption,Other,DMU,2022-09-28,240.78,"Sheoldred, the Apocalypse, Timeless Lotus, Plaza of Heroes, Silverback Elder, Liliana of the Veil"
Dominaria United Redemption,MTGO Redemption,Other,DMU,2022-09-28,240.78,"Sheoldred, the Apocalypse, Timeless Lotus, Plaza of Heroes, Silverback Elder, Liliana of the Veil"
Dominaria United Welcome Booster,Welcome Booster,Other,DMU,2022-09-09,5.73,"Blackblade Reforged, Ajani, the Greathearted, Phylath, World Sculptor, Commander's Sphere, Ertai's Scorn"
Dominator - Advanced Deck,Advanced Deck,Other,EXO,1998-06-15,127.13,"Wasteland, Undiscovered Paradise, Winter Orb, Propaganda, Fellwar Stone"
Dominator - Basic Deck,Theme Deck,Other,EXO,1998-06-15,18.82,"Propaganda, Counterspell, Equilibrium, Erratic Portal, Dominating Licid"
"Domri, City Smasher",Planeswalker Deck,Other,RNA,2019-01-25,2.39,"End-Raze Forerunners, Mountain, Forest, Gruul Guildgate, Glass of the Guildpact"
Donatello,Theme Deck,Other,TMT,2026-03-06,14.0,"April O'Neil, Human Element, Utrom Monitor, Sewer-veillance Cam, Donatello, Rad Scientist, Donnie & April, Adorkable Duo"
Doom Inevitable,Intro Pack,Other,MBS,2011-02-04,31.55,"Bonehoard, Myr Sire, Psychosis Crawler, Contagion Clasp, Steady Progress"
"Dovin, Architect of Law",Planeswalker Deck,Other,RNA,2019-01-25,13.55,"Verity Circle, Unbreakable Formation, Dovin, Architect of Law, Arrester's Zeal, Concordia Pegasus"
Draconic Fury,Game Night Deck,Other,GN2,2019-11-15,24.04,"Glint-Horn Buccaneer, Fiendish Duo, Dragon Mage, Lathliss, Dragon Queen, Drakuseth, Maw of Flames"
Dracur,Shandalar Enemy Deck,Other,PAST,1997-04-01,4073.46,"Mox Emerald, Mountain, Strip Mine, Desert Twister, Fellwar Stone"
Dragon's Endgame,San Diego Comic Con Promos,Other,PS19,2019-07-18,205.87,"Nicol Bolas, Dragon-God, God-Eternal Oketra, God-Eternal Bontu, God-Eternal Kefnet, God-Eternal Rhonas"
Dragon's Fire,Arena Starter Deck,Other,M19,2018-09-27,12.54,"Lathliss, Dragon Queen, Goblin Instigator, Charging Monstrosaur, Spit Flame, Demanding Dragon"
Dragon's Maze Foil Redemption,MTGO Redemption,Other,DGM,2013-06-02,226.16,"Hidden Strings, Render Silent, Voice of Resurgence, Progenitor Mimic, Blood Baron of Vizkopa"
Dragon's Maze Redemption,MTGO Redemption,Other,DGM,2013-06-02,226.16,"Hidden Strings, Render Silent, Voice of Resurgence, Progenitor Mimic, Blood Baron of Vizkopa"
Dragons,Duel Deck,Other,DDG,2011-04-01,19.36,"Seething Song, Dragonspeaker Shaman, Bloodmark Mentor, Bogardan Hellkite, Kilnmouth Dragon"
Dragons (1),Jumpstart,Other,JMP,2020-07-17,33.38,"Terror of the Peaks, Dragonspeaker Shaman, Dragon Fodder, Thrill of Possibility, Mountain"
Dragons (2),Jumpstart,Other,JMP,2020-07-17,0.0,"Gadrak, the Crown-Scourge, Lathliss, Dragon Queen, Dragonlord's Servant, Dragon Fodder, Mountain"
Dragons 1,Jumpstart,Other,J22,2022-12-02,0.0,"Sarkhan, the Dragonspeaker, Dragon Mage, Sarkhan's Whelp, Dragon Fodder, Thriving Bluff"
Dragons 2,Jumpstart,Other,J22,2022-12-02,4.04,"Dragonspeaker Shaman, Lathliss, Dragon Queen, Dragon's Hoard, Dragon Mage, Dragonlord's Servant"
Dragons of Tarkir Foil Redemption,MTGO Redemption,Other,DTK,2015-04-26,386.58,"Haven of the Spirit Dragon, Shaman of Forgotten Ways, Sarkhan Unbroken, Narset Transcendent, Dragon Tempest"
Dragons of Tarkir Redemption,MTGO Redemption,Other,DTK,2015-04-26,386.58,"Haven of the Spirit Dragon, Shaman of Forgotten Ways, Sarkhan Unbroken, Narset Transcendent, Dragon Tempest"
Draw Your Hand,Secret Lair Drop,Other,SLD,2023-04-14,66.67,"Counterbalance, Deafening Silence, Eldrazi Conscription, Bruna, Light of Alabaster"
Draw Your Hand Foil Edition,Secret Lair Drop,Other,SLD,2023-04-14,66.67,"Counterbalance, Deafening Silence, Eldrazi Conscription, Bruna, Light of Alabaster"
Dreaming Darkly,Secret Lair Drop,Other,SLD,2025-10-27,41.55,"Guardian Project, Glen Elendra Archmage, Soulherder, Roon of the Hidden Realm"
Dreaming Darkly Foil Edition,Secret Lair Drop,Other,SLD,2025-10-27,41.55,"Guardian Project, Glen Elendra Archmage, Soulherder, Roon of the Hidden Realm"
Drowned (1),Jumpstart,Other,J25,2024-11-07,2.04,"Neerdiv, Devious Diver, Ipnu Rivulet, Thriving Isle, Wall of Lost Thoughts, Shipwreck Dowser"
Drowned (2),Jumpstart,Other,J25,2024-11-07,2.04,"Neerdiv, Devious Diver, Thriving Isle, Waker of Waves, Wall of Lost Thoughts, Cackling Counterpart"
Druid,Shandalar Enemy Deck,Other,PAST,1997-04-01,176.59,"Mishra's Factory, Killer Bees, Oasis, Nafs Asp, Instill Energy"
Dungeon Delving,Arena Starter Deck,Other,AFR,2021-09-24,10.5,"Brightclimb Pathway // Grimclimb Pathway, Acererak the Archlich, Triumphant Adventurer, Nullpriest of Oblivion, Vanishing Verse"
Dungeons & Dragons: An Exhibition of Adventure,Secret Lair Drop,Other,SLD,2024-08-28,92.35,"Goldspan Dragon, Ponder, Monster Manual // Zoological Study, Acererak the Archlich, Faithless Looting"
Dungeons & Dragons: An Exhibition of Adventure Foil Edition,Secret Lair Drop,Other,SLD,2024-08-28,92.35,"Goldspan Dragon, Ponder, Monster Manual // Zoological Study, Acererak the Archlich, Faithless Looting"
Dungeons & Dragons: Astarion's Thirst,Secret Lair Drop,Other,SLD,2024-08-28,121.67,"Exquisite Blood, Astarion, the Decadent, Sanguine Bond, Anguished Unmaking, Mortify"
Dungeons & Dragons: Astarion's Thirst Foil Edition,Secret Lair Drop,Other,SLD,2024-08-28,121.67,"Exquisite Blood, Astarion, the Decadent, Sanguine Bond, Anguished Unmaking, Mortify"
Dungeons & Dragons: Black Lights & Dark Dungeons,Secret Lair Drop,Other,SLD,2026-03-02,97.0,"Displacer Kitten, Tortured Existence, Seasoned Dungeoneer, Sefris of the Hidden Ways"
Dungeons & Dragons: Black Lights & Dark Dungeons Foil Edition,Secret Lair Drop,Other,SLD,2026-03-02,97.0,"Displacer Kitten, Tortured Existence, Seasoned Dungeoneer, Sefris of the Hidden Ways"
Dungeons & Dragons: Death is in the Eyes of the Beholder I,Secret Lair Drop,Other,SLD,2024-08-28,33.95,"Stifle, Xanathar, Guild Kingpin, Bribery, Blood Money, Drown in the Loch"
Dungeons & Dragons: Death is in the Eyes of the Beholder I Foil Edition,Secret Lair Drop,Other,SLD,2024-08-28,33.95,"Stifle, Xanathar, Guild Kingpin, Bribery, Blood Money, Drown in the Loch"
Dungeons & Dragons: Death is in the Eyes of the Beholder II,Secret Lair Drop,Other,SLD,2024-08-28,40.84,"Karazikar, the Eye Tyrant, Snuff Out, Fire Covenant, Defile, Oubliette"
Dungeons & Dragons: Death is in the Eyes of the Beholder II Foil Edition,Secret Lair Drop,Other,SLD,2024-08-28,40.84,"Karazikar, the Eye Tyrant, Snuff Out, Fire Covenant, Defile, Oubliette"
Dungeons & Dragons: Gale's Ambition,Secret Lair Drop,Other,SLD,2026-03-02,25.85,"Arcane Denial, Personal Tutor, Brainstorm, Archmage's Charm, Gale, Waterdeep Prodigy"
Dungeons & Dragons: Gale's Ambition Foil Edition,Secret Lair Drop,Other,SLD,2026-03-02,25.85,"Arcane Denial, Personal Tutor, Brainstorm, Archmage's Charm, Gale, Waterdeep Prodigy"
Dungeons & Dragons: Honor Among Thieves,Secret Lair Drop,Other,SLD,2023-03-31,98.31,"Casal, Lurkwood Pathfinder // Casal, Pathbreaker Owlbear, Bohn, Beguiling Balladeer, Rashel, Fist of Torm, Evin, Waterdeep Opportunist, Mathise, Surge Channeler"
Dungeons & Dragons: Honor Among Thieves Foil Edition,Secret Lair Drop,Other,SLD,2023-03-31,98.31,"Casal, Lurkwood Pathfinder // Casal, Pathbreaker Owlbear, Bohn, Beguiling Balladeer, Rashel, Fist of Torm, Evin, Waterdeep Opportunist, Mathise, Surge Channeler"
Dungeons & Dragons: Karlach's Rage,Secret Lair Drop,Other,SLD,2024-08-28,132.86,"Karlach, Fury of Avernus, Dolmen Gate, City on Fire, Stranglehold, Thrill of Possibility"
Dungeons & Dragons: Karlach's Rage Foil Edition,Secret Lair Drop,Other,SLD,2024-08-28,132.86,"Karlach, Fury of Avernus, Dolmen Gate, City on Fire, Stranglehold, Thrill of Possibility"
Dungeons & Dragons: Lands of the Forgotten Realms,Secret Lair Drop,Other,SLD,2026-03-02,33.55,"Swamp, Island, Forest, Plains, Mountain"
Dungeons & Dragons: Lands of the Forgotten Realms Foil Edition,Secret Lair Drop,Other,SLD,2026-03-02,33.55,"Swamp, Island, Forest, Plains, Mountain"
Dungeons & Dragons: Shadowheart's Devotion,Secret Lair Drop,Other,SLD,2026-03-02,65.73,"Ancient Bronze Dragon, Shadowheart, Dark Justiciar, Beseech the Queen, Victimize, Black Market"
Dungeons & Dragons: Shadowheart's Devotion Foil Edition,Secret Lair Drop,Other,SLD,2026-03-02,65.73,"Ancient Bronze Dragon, Shadowheart, Dark Justiciar, Beseech the Queen, Victimize, Black Market"
Dungeons & Dragons: Shadows Over Baldur's Gate,Secret Lair Drop,Other,SLD,2026-03-02,48.55,"Grim Hireling, Xorn, Prosper, Tome-Bound, Wild-Magic Sorcerer"
Dungeons & Dragons: Shadows Over Baldur's Gate Foil Edition,Secret Lair Drop,Other,SLD,2026-03-02,48.55,"Grim Hireling, Xorn, Prosper, Tome-Bound, Wild-Magic Sorcerer"
Dungeons & Dragons: Strahd's Descent,Secret Lair Drop,Other,SLD,2026-03-02,43.83,"Bloodletter of Aclazotz, Strefan, Maurer Progenitor, End the Festivities, Voldaren Estate"
Dungeons & Dragons: Strahd's Descent Foil Edition,Secret Lair Drop,Other,SLD,2026-03-02,43.83,"Bloodletter of Aclazotz, Strefan, Maurer Progenitor, End the Festivities, Voldaren Estate"
Dungeons & Dragons: Whispers in Candlekeep,Secret Lair Drop,Other,SLD,2026-03-02,73.43,"Miirym, Sentinel Wyrm, Klauth, Unrivaled Ancient, Dragonborn Champion, Counterspell"
Dungeons & Dragons: Whispers in Candlekeep Foil Edition,Secret Lair Drop,Other,SLD,2026-03-02,73.43,"Miirym, Sentinel Wyrm, Klauth, Unrivaled Ancient, Dragonborn Champion, Counterspell"
Duskmourn: House of Horror Redemption,MTGO Redemption,Other,DSK,2024-10-16,308.01,"Overlord of the Balemurk, Kaito, Bane of Nightmares, Valgavoth, Terror Eater, Enduring Tenacity, Abhorrent Oculus"
Dwarf Fortress: Create New World,Secret Lair Drop,Other,SLD,2026-05-12,57.81,"Terror of the Peaks, Communal Brewing, Secret Rendezvous, Rune-Scarred Demon, Rogue's Passage"
Dwarf Fortress: Create New World Foil Edition,Secret Lair Drop,Other,SLD,2026-05-12,57.81,"Terror of the Peaks, Communal Brewing, Secret Rendezvous, Rune-Scarred Demon, Rogue's Passage"
EVERYTHING IS ON FIRE,Secret Lair Drop,Other,SLD,2025-05-13,46.25,"Dragon's Rage Channeler, Chain Lightning, Lava Spike, Rift Bolt, Skewer the Critics"
EVERYTHING IS ON FIRE Foil Edition,Secret Lair Drop,Other,SLD,2025-05-13,46.25,"Dragon's Rage Channeler, Chain Lightning, Lava Spike, Rift Bolt, Skewer the Critics"
EVERYTHING IS ON FIRE Raised Foil Edition,Secret Lair Drop,Other,SLD,2025-05-13,83.24,"Dragon's Rage Channeler, Chain Lightning, Skewer the Critics, Rift Bolt, Lava Spike"
Ears of the Elves,Theme Deck,Other,PS11,2011-01-01,0.0,"Forest, Forest, Forest, Forest, Swamp"
Earth Kingdom (1),Jumpstart,Other,TLE,2025-11-20,6.13,"Descendants' Path, Match the Odds, Forest, Thriving Grove, Toph, the Blind Bandit"
Earth Kingdom (2),Jumpstart,Other,TLE,2025-11-20,5.45,"Descendants' Path, Great Divide Guide, Forest, Thriving Grove, Toph, the Blind Bandit"
Earth Rumble (1),Jumpstart,Other,TLE,2025-11-20,2.34,"Master's Guidance, Forest, The Boulder, Ready to Rumble, Thriving Grove, Toph, the Blind Bandit"
Earth Rumble (2),Jumpstart,Other,TLE,2025-11-20,6.68,"Bosco, Just a Bear, Master's Guidance, The Earth King, Forest, The Boulder, Ready to Rumble"
Earth Shakers,Starter Kit,Other,SNC,2022-06-03,2.25,"Glorious Sunrise, Thundering Raiju, Topiary Stomper, Ascendant Packleader, Abrade"
Earthbending (1),Jumpstart,Other,TLE,2025-11-20,6.41,"Earthbender Ascension, Inspiring Call, Explore, Forest, Thriving Grove"
Earthbending (2),Jumpstart,Other,TLE,2025-11-20,19.38,"Solid Ground, Tale of Katara and Toph, Explore, Forest, Frog-Squirrels"
Edge of Eternities Redemption,MTGO Redemption,Other,EOE,2025-08-27,328.37,"Quantum Riddler, Ouroboroid, Tezzeret, Cruel Captain, Icetill Explorer, Exalted Sunborn"
Eerie,Theme Deck,Other,SOS,2026-04-24,15.73,"Enduring Innocence, Sheltered by Ghosts, Silent Hallcreeper, Ethereal Armor, Valgavoth's Lair"
Eighth Edition Foil Redemption,MTGO Redemption,Other,8ED,2003-08-27,2263.39,"Birds of Paradise, Grave Pact, City of Brass, Mana Clash, Curiosity"
Eighth Edition Redemption,MTGO Redemption,Other,8ED,2003-08-27,2263.39,"Birds of Paradise, Grave Pact, City of Brass, Mana Clash, Curiosity"
Eldraine Wonderland,Secret Lair Drop,Other,SLD,2019-12-04,31.87,"Snow-Covered Island, Snow-Covered Forest, Snow-Covered Plains, Snow-Covered Swamp, Snow-Covered Mountain"
Eldrazi,Duel Deck,Other,DDP,2015-08-28,20.95,"It That Betrays, Pawn of Ulamog, Eldrazi Temple, Oblivion Sower, Artisan of Kozilek"
Eldrazi Arisen,Intro Pack,Other,ROE,2010-04-23,53.06,"Awakening Zone, Hand of Emrakul, Growth Spasm, Ulamog's Crusher, Pathrazer of Ulamog"
Eldrazi Assault,Intro Pack,Other,BFZ,2015-10-02,2.36,"Nettle Drone, Forerunner of Slaughter, Vile Aggregate, Evolving Wilds, Molten Nursery"
Eldritch Moon Foil Redemption,MTGO Redemption,Other,EMN,2016-08-21,292.39,"Emrakul, the Promised End, Gisela, the Broken Blade // Brisela, Voice of Nightmares, Sigarda's Aid, Geier Reach Sanitarium, Tree of Perdition"
Eldritch Moon Redemption,MTGO Redemption,Other,EMN,2016-08-21,292.39,"Emrakul, the Promised End, Gisela, the Broken Blade // Brisela, Voice of Nightmares, Sigarda's Aid, Geier Reach Sanitarium, Tree of Perdition"
Eldritch Onslaught,Intro Pack,Other,ISD,2011-09-30,17.23,"Ghoulcaller's Bell, Think Twice, Island, Mountain, Charmbreaker Devils"
Elemental Thunder,Planechase Deck,Other,HOP,2009-09-04,26.75,"Flamekin Harbinger, Relentless Assault, Mage Slayer, Taurean Mauler, Forest"
Elementalist,Shandalar Enemy Deck,Other,PAST,1997-04-01,353.64,"Mountain, Mana Vault, Energy Flux, Unstable Mutation, Drain Power"
Elementals' Path,Theme Deck,Other,LRW,2007-10-12,235.38,"Springleaf Drum, Horde of Notions, Flamekin Harbinger, Island, Swamp"
Elspeth,Duel Deck,Other,DDF,2010-09-03,15.15,"Elspeth, Knight-Errant, Swords to Plowshares, Catapult Master, Abolish, Kor Skyfisher"
Elven 1,Jumpstart,Other,LTR,2023-11-03,7.35,"Entish Restoration, Lembas, Mirkwood Channeler, Stew the Coneys, Forest"
Elven 2,Jumpstart,Other,LTR,2023-11-03,1.07,"Mirkwood Channeler, Mirkwood Spider, Revive the Shire, Stew the Coneys, Forest"
Elves,Theme Deck,Other,PSAL,2005-08-01,0.0,"Forest, Forest, Forest, Forest, Forest"
Elves (1),Jumpstart,Other,J25,2024-11-07,12.99,"Dionus, Elvish Archdruid, Leaf-Crowned Visionary, Llanowar Elves, Thriving Grove, Bounty of Skemfar"
Elves (2),Jumpstart,Other,J25,2024-11-07,8.34,"Dionus, Elvish Archdruid, Elvish Archdruid, Llanowar Elves, Thriving Grove, Dwynen's Elite"
Elves (3),Jumpstart,Other,J25,2024-11-07,12.1,"Dionus, Elvish Archdruid, Marwyn, the Nurturer, Llanowar Elves, Thriving Grove, Go Forth"
Elves (4),Jumpstart,Other,J25,2024-11-07,13.76,"Dionus, Elvish Archdruid, Tyvar Kell, Llanowar Elves, Thriving Grove, Paradise Druid"
Elves 1,Jumpstart,Other,J22,2022-12-02,4.78,"Elvish Warmaster, Primeval Herald, Reclamation Sage, Ivy Lane Denizen, Elvish Rejuvenator"
Elves 2,Jumpstart,Other,J22,2022-12-02,0.0,"Primeval Herald, Imperious Perfect, Ivy Lane Denizen, Elvish Rejuvenator, Might of the Masses"
Elves 3,Jumpstart,Other,J22,2022-12-02,23.48,"Wolverine Riders, Lys Alana Huntmaster, Instruments of War, Ivy Lane Denizen, Elvish Rejuvenator"
Elves 4,Jumpstart,Other,J22,2022-12-02,0.0,"Wildborn Preserver, Ivy Lane Denizen, Presence of Gond, Elvish Rejuvenator, Woodland Champion"
Elves!,Deck Builder's Toolkit,Other,ROE,2010-05-21,5.43,"Llanowar Elves, Greenweaver Druid, Pennon Blade, Overrun, Nissa's Chosen"
Elvish Magi,Shandalar Enemy Deck,Other,PAST,1997-04-01,36.86,"Winter Blast, Elven Riders, Untamed Wilds, Jayemdae Tome, Elvish Archers"
Elvish Predation,Theme Deck,Other,LRW,2007-10-12,171.96,"Nath of the Gilt-Leaf, Elvish Promenade, Prowess of the Fair, Elvish Harbinger, Swamp"
Elvish Rage,Theme Deck,Other,LGN,2003-02-03,206.38,"Wellwisher, Tribal Forcemage, Wirewood Channeler, Timberwatch Elf, Birchlore Rangers"
Enchanted (1),Jumpstart,Other,JMP,2020-07-17,3.34,"Kor Spiritdancer, Plains, Trusty Retriever, Face of Divinity, Plains"
Enchanted (2),Jumpstart,Other,J25,2024-11-07,0.0,"Psemilla, Meletian Poet, Eidolon of Astral Winds, Cartouche of Solidarity, Nyx-Fleece Ram, Thriving Heath"
Enchanted (3),Jumpstart,Other,J25,2024-11-07,0.0,"Nykthos Paragon, Starfield Mystic, Psemilla, Meletian Poet, Nyx-Fleece Ram, Thriving Heath"
Enchanted (4),Jumpstart,Other,J25,2024-11-07,0.0,"Archon of Sun's Grace, Spirited Companion, Psemilla, Meletian Poet, Angelic Gift, Thriving Heath"
Enchanter,Theme Deck,Other,UDS,1999-06-07,387.2,"Sigil of Sleep, Mother of Runes, Miscalculation, Rayne, Academy Chancellor, Thran Golem"
Enchanter - Enhanced Deck,Enhanced Deck,Other,UDS,1999-06-07,326.06,"Time Spiral, Mother of Runes, Miscalculation, Rayne, Academy Chancellor, Ertai, Wizard Adept"
Enchantress,Shandalar Enemy Deck,Other,PAST,1997-04-01,92.28,"Desert Twister, Ivory Tower, Library of Leng, Coral Helm, Verduran Enchantress"
Encounter (1),Jumpstart,Other,J25,2024-11-07,0.0,"Forgotten Ancient, Thriving Grove, Mowu, Loyal Companion, Duskshell Crawler, Snakeskin Veil"
Encounter (2),Jumpstart,Other,J25,2024-11-07,0.0,"Thriving Grove, Invigorating Surge, Mowu, Loyal Companion, Duskshell Crawler, Oran-Rief Ooze"
Encounter (3),Jumpstart,Other,J25,2024-11-07,0.0,"Thriving Grove, Rishkar, Peema Renegade, Mowu, Loyal Companion, Duskshell Crawler, Snakeskin Veil"
Encounter (4),Jumpstart,Other,J25,2024-11-07,0.0,"Pridemalkin, Quirion Beastcaller, Primeval Bounty, Thriving Grove, Gnarlid Colony"
Endless Hordes,Game Night Deck,Other,GN2,2019-11-15,23.57,"Vilis, Broker of Blood, Dread Presence, Blood for Bones, Calculating Lich, Swamp"
Endless March,Theme Deck,Other,PLC,2007-02-02,97.5,"Children of Korlis, Dust Elemental, Dawn Charm, Fatal Frenzy, Dead // Gone"
Enemy Deck,Enemy Deck,Other,TMT,2026-03-06,0.0,
Enlightened Mastery,Intro Pack,Other,DTK,2015-03-27,2.07,"Plains, Orator of Ojutai, Island, Island, Plains"
Entangling Webs,Intro Pack,Other,M12,2011-07-15,21.33,"Hunter's Insight, Rampant Growth, Overrun, Mountain, Mountain"
Eons of Evil,Theme Deck,Other,PS11,2011-01-01,0.0,"Terramorphic Expanse, Terror, Acolyte of Xathrid, Deathbringer Thoctar, Garza Zol, Plague Queen"
"Eric Tam, Quarterfinalist",Pro Tour Deck,Other,PTC,1996-05-01,145.33,"City of Brass, Land Tax, Lightning Bolt, Serra Angel, Birds of Paradise"
Eruption,Theme Deck,Other,NEM,2000-02-14,216.7,"Seal of Cleansing, Seal of Fire, Thunderclap, Volcanic Wind, Disenchant"
Eruption - Enhanced Deck,Enhanced Deck,Other,NEM,2000-02-14,221.12,"Ring of Gix, Seal of Cleansing, Seal of Fire, Armageddon, Reckless Abandon"
Esper Air Assault,Intro Pack,Other,CON,2009-02-06,36.04,"Terramorphic Expanse, Island, Swamp, Arcane Sanctum, Inkwell Leviathan"
Esper Artifice,Intro Pack,Other,ALA,2008-10-03,52.92,"Sharding Sphinx, Etherium Sculptor, Island, Filigree Sages, Swamp"
Eternal Siege,Intro Pack,Other,ARB,2009-04-30,38.42,"Terramorphic Expanse, Plains, Path to Exile, Forest, Forest"
Eternal Thirst,Arena Starter Deck,Other,M19,2018-09-27,49.73,"Resplendent Angel, Ajani's Welcome, Leonin Warleader, Legion Lieutenant, Sanctum Seeker"
Eventide Foil Redemption,MTGO Redemption,Other,EVE,2008-08-24,1779.01,"Bloom Tender, Ward of Bones, Necroskitter, Ashling, the Extinguisher, Crumbling Ashes"
Eventide Redemption,MTGO Redemption,Other,EVE,2008-08-24,1779.01,"Bloom Tender, Ward of Bones, Necroskitter, Ashling, the Extinguisher, Crumbling Ashes"
Every Dog Has Its Day,Secret Lair Drop,Other,SLD,2020-08-26,59.98,"Lightning Greaves, Ancient Grudge, Rest in Peace, Dig Through Time"
Every Dog Has Its Day Foil Edition,Secret Lair Drop,Other,SLD,2020-08-26,59.98,"Lightning Greaves, Ancient Grudge, Rest in Peace, Dig Through Time"
Evincar's Tyranny,Theme Deck,Other,10E,2007-07-13,25.96,"Ascendant Evincar, Mortivore, Diabolic Tutor, Terror, Unholy Strength"
Exiler,MTGO Theme Deck,Other,TD0,2010-11-08,0.0,"Stoneforge Mystic, Jötun Grunt, Mangara of Corondor, Serra Avenger, Ethersworn Canonist"
Expendable 1,Jumpstart,Other,MOM,2023-04-20,1.24,"Terror of Towashi, Swamp, Scorn-Blade Berserker, Seer of Stolen Sight, Unseal the Necropolis"
Expendable 2,Jumpstart,Other,MOM,2023-04-20,1.24,"Terror of Towashi, Corrupted Conviction, Swamp, Scorn-Blade Berserker, Seer of Stolen Sight"
Experimental 1,Jumpstart,Other,J22,2022-12-02,3.37,"Mizzix, Replica Rider, Ignite the Future, Thermo-Alchemist, Young Pyromancer, Thriving Bluff"
Experimental 2,Jumpstart,Other,J22,2022-12-02,3.37,"Mizzix, Replica Rider, Thermo-Alchemist, Spark of Creativity, Thriving Bluff, Sparkmage Apprentice"
Explorers (1),Jumpstart,Other,J25,2024-11-07,1.68,"Tireless Provisioner, Thriving Grove, Braulios of Pheres Band, Go Forth, Shardless Outlander"
Explorers (2),Jumpstart,Other,J25,2024-11-07,0.0,"Primeval Herald, Thriving Grove, Ulvenwald Mysteries, Braulios of Pheres Band, Go Forth"
Explorers (3),Jumpstart,Other,J25,2024-11-07,0.0,"Thriving Grove, Ulvenwald Mysteries, Braulios of Pheres Band, Go Forth, Somberwald Beastmaster"
Explorers (4),Jumpstart,Other,J25,2024-11-07,0.0,"Primeval Herald, Thriving Grove, Braulios of Pheres Band, Go Forth, Shardless Outlander"
Expulsion,Theme Deck,Other,8ED,2003-07-28,26.8,"Megrim, Larceny, Swamp, Swamp, Swamp"
Extra Life 2020,Secret Lair Drop,Other,SLD,2020-11-06,136.52,"Amulet of Vigor, Teferi's Protection, Consecrated Sphinx, Collected Company"
Extra Life 2021,Secret Lair Drop,Other,SLD,2022-01-28,56.5,"Craterhoof Behemoth, Craterhoof Behemoth, Metalwork Colossus, Metalwork Colossus, Mulldrifter"
Extra Life 2021 Foil Edition,Secret Lair Drop,Other,SLD,2022-01-28,56.5,"Craterhoof Behemoth, Craterhoof Behemoth, Metalwork Colossus, Metalwork Colossus, Mulldrifter"
Extra Life 2022,Secret Lair Drop,Other,SLD,2022-11-04,167.69,"Sliver Legion, Sliver Legion, Birds of Paradise, Birds of Paradise, Lathliss, Dragon Queen"
Extra Life 2022 Foil Edition,Secret Lair Drop,Other,SLD,2022-11-04,167.69,"Sliver Legion, Sliver Legion, Birds of Paradise, Birds of Paradise, Lathliss, Dragon Queen"
Eyes of Shadow,Duel Of The Planeswalkers Deck,Other,DPA,2010-06-04,26.22,"Megrim, The Rack, Underworld Dreams, Ascendant Evincar, Ravenous Rats"
FINAL FANTASY: Game Over,Secret Lair Drop,Other,SLD,2025-06-10,73.12,"Toxic Deluge, Temporal Extortion, Praetor's Grasp, Star of Extinction, Day of Judgment"
FINAL FANTASY: Game Over Foil Edition,Secret Lair Drop,Other,SLD,2025-06-10,73.12,"Toxic Deluge, Temporal Extortion, Praetor's Grasp, Star of Extinction, Day of Judgment"
FINAL FANTASY: Grimoire,Secret Lair Drop,Other,SLD,2025-06-10,66.84,"Cyclonic Rift, Heroic Intervention, Lightning Bolt, Damn, Prismatic Ending"
FINAL FANTASY: Grimoire Foil Edition,Secret Lair Drop,Other,SLD,2025-06-10,66.84,"Cyclonic Rift, Heroic Intervention, Lightning Bolt, Damn, Prismatic Ending"
FINAL FANTASY: Weapons,Secret Lair Drop,Other,SLD,2025-06-10,76.34,"Sword of Truth and Justice, Umezawa's Jitte, Colossus Hammer, Blade of Selves, Staff of the Storyteller"
FINAL FANTASY: Weapons Foil Edition,Secret Lair Drop,Other,SLD,2025-06-10,76.34,"Sword of Truth and Justice, Umezawa's Jitte, Colossus Hammer, Blade of Selves, Staff of the Storyteller"
FORTNITE,Secret Lair Drop,Other,SLD,2022-09-02,126.17,"Triumph of the Hordes, Grim Tutor, Etherium Sculptor, Smuggler's Copter, Planar Bridge"
FORTNITE Foil Edition,Secret Lair Drop,Other,SLD,2022-09-02,126.17,"Triumph of the Hordes, Grim Tutor, Etherium Sculptor, Smuggler's Copter, Planar Bridge"
FORTNITE: Landmarks and Locations,Secret Lair Drop,Other,SLD,2022-09-02,51.81,"Island, Forest, Swamp, Mountain, Plains"
FORTNITE: Landmarks and Locations Foil Edition,Secret Lair Drop,Other,SLD,2022-09-02,51.81,"Island, Forest, Swamp, Mountain, Plains"
Faerie Pranks,Arena Starter Deck,Other,OTJ,2024-07-08,101.61,"Roaming Throne, Undercity Sewers, Talion, the Kindly Lord, Three Steps Ahead, Faerie Slumber Party"
"Faerie, Faerie, Faerie Rad",Secret Lair Drop,Other,SLD,2021-04-13,129.23,"Glen Elendra Archmage, Spellstutter Sprite, Vendilion Clique, Mistbind Clique"
Faeries 1,Jumpstart,Other,J22,2022-12-02,13.36,"Spellstutter Sprite, Vendilion Clique, Wavebreak Hippocamp, Instruments of War, Thriving Isle"
Faeries 2,Jumpstart,Other,J22,2022-12-02,8.65,"Spellstutter Sprite, Faerie Seer, Stolen by the Fae, Instruments of War, Thriving Isle"
Fallout: Beyond Vault 33,Secret Lair Drop,Other,SLD,2026-02-16,30.24,"The Ghoul, Gunslinger, Lucy MacLean, Positively Armed, Pre-War Formalwear, Spirit Mantle, Maximus, Knight Apparent"
Fallout: Beyond Vault 33 Foil Edition,Secret Lair Drop,Other,SLD,2026-02-16,30.24,"The Ghoul, Gunslinger, Lucy MacLean, Positively Armed, Pre-War Formalwear, Spirit Mantle, Maximus, Knight Apparent"
Fallout: Greet the Dog,Secret Lair Drop,Other,SLD,2026-02-16,40.25,"Sol Ring, Arcane Signet, Yoshimaru, Ever Faithful, Patchwork Banner, Lightning Greaves"
Fallout: Greet the Dog Foil Edition,Secret Lair Drop,Other,SLD,2026-02-16,40.25,"Sol Ring, Arcane Signet, Yoshimaru, Ever Faithful, Patchwork Banner, Lightning Greaves"
Fallout: Points of Interest,Secret Lair Drop,Other,SLD,2024-04-15,83.51,"Reflecting Pool, Bojuka Bog, Reliquary Tower, Command Beacon, Fabled Passage"
Fallout: Points of Interest Foil Edition,Secret Lair Drop,Other,SLD,2024-04-15,117.62,"Bojuka Bog, Reliquary Tower, Reflecting Pool, Fabled Passage, Command Beacon"
Fallout: Rad,Secret Lair Drop,Other,SLD,2026-02-16,54.88,"Mesmeric Orb, Mindcrank, The Wise Mothman, Mutational Advantage, Ripples of Potential"
Fallout: Rad Foil Edition,Secret Lair Drop,Other,SLD,2026-02-16,54.88,"Mesmeric Orb, Mindcrank, The Wise Mothman, Mutational Advantage, Ripples of Potential"
Fallout: SPECIAL,Secret Lair Drop,Other,SLD,2024-04-15,60.04,"Idyllic Tutor, Propaganda, Steelshaper's Gift, Anger, Elixir of Immortality"
Fallout: SPECIAL Foil Edition,Secret Lair Drop,Other,SLD,2024-04-15,68.77,"Propaganda, Idyllic Tutor, Steelshaper's Gift, Anger, Elixir of Immortality"
Fallout: Vault Boy,Secret Lair Drop,Other,SLD,2024-04-15,70.7,"Trinisphere, Grand Arbiter Augustin IV, Winter Orb, Sphere of Resistance"
Fallout: Vault Boy Foil Edition,Secret Lair Drop,Other,SLD,2024-04-15,70.11,"Trinisphere, Grand Arbiter Augustin IV, Winter Orb, Sphere of Resistance"
Fallout: Welcome to New Vegas,Secret Lair Drop,Other,SLD,2026-02-16,43.92,"Nuka-Cola Vending Machine, Isshin, Two Heavens as One, Caged Sun, Tinybones, Trinket Thief, The Deck of Many Things"
Fallout: Welcome to New Vegas Foil Edition,Secret Lair Drop,Other,SLD,2026-02-16,43.92,"Nuka-Cola Vending Machine, Isshin, Two Heavens as One, Caged Sun, Tinybones, Trinket Thief, The Deck of Many Things"
Fangs 1,Jumpstart,Other,J22,2022-12-02,11.1,"Rodolf Duskbringer, Creeping Bloodsucker, Falkenrath Noble, Oathsworn Vampire, Feast of Blood"
Fangs 2,Jumpstart,Other,J22,2022-12-02,11.1,"Rodolf Duskbringer, Creeping Bloodsucker, Falkenrath Noble, Vampiric Rites, Oathsworn Vampire"
Fangs 3,Jumpstart,Other,J22,2022-12-02,9.51,"Creeping Bloodsucker, Blood Artist, Oathsworn Vampire, Ancient Craving, Tivash, Gloom Summoner"
Fangs 4,Jumpstart,Other,J22,2022-12-02,24.54,"Vito, Thorn of the Dusk Rose, Creeping Bloodsucker, Blood Artist, Oathsworn Vampire, Feast of Blood"
Fangs of the Bloodchief,Intro Pack,Other,WWK,2010-02-05,51.98,"Anowon, the Ruin Sage, Butcher of Malakir, Diabolic Tutor, Urge to Feed, Vampire Nighthawk"
Fangs of the Predator,Theme Deck,Other,PS11,2011-01-01,0.0,"Forest, Forest, Forest, Forest, Molimo, Maro-Sorcerer"
"Far Out, Man",Secret Lair Drop,Other,SLD,2022-05-06,68.11,"Mystical Tutor, Counterspell, Fabricate, Fact or Fiction, Aether Gust"
"Far Out, Man Foil Edition",Secret Lair Drop,Other,SLD,2022-05-06,68.11,"Mystical Tutor, Counterspell, Fabricate, Fact or Fiction, Aether Gust"
Fate,Clash Pack,Other,M15,2014-07-18,33.52,"Aetherspouts, Prophet of Kruphix, Kiora's Follower, Curse of the Swine, Hypnotic Siren"
Fate Blaster,Theme Deck,Other,FUT,2007-05-04,195.35,"Dandân, Vedalken Aethermage, Mystic Speculation, Frozen Aether, Magus of the Future"
Fate Reforged Foil Redemption,MTGO Redemption,Other,FRF,2015-02-22,185.56,"Ugin, the Spirit Dragon, Merciless Executioner, Temporal Trespass, Dark Deal, Atarka, World Render"
Fate Reforged Redemption,MTGO Redemption,Other,FRF,2015-02-22,213.09,"Ugin, the Spirit Dragon, Merciless Executioner, Temporal Trespass, Dark Deal, Atarka, World Render"
Fate and Fury,Clash Pack,Other,M15,2014-07-18,178.03,"Nykthos, Shrine to Nyx, Aetherspouts, Prophet of Kruphix, Kiora's Follower, Courser of Kruphix"
Fates Foreseen,Intro Pack,Other,JOU,2014-05-02,1.05,"Island, Pull from the Deep, Island, Island, Scourge of Fleets"
Favors From Nyx,Intro Pack,Other,THS,2013-09-27,14.95,"Gift of Immortality, Banisher Priest, Plains, Doom Blade, Plains"
"Fblthp: Completely, Utterly, Totally Lost",Secret Lair Drop,Other,SLD,2022-05-06,66.02,"Frantic Search, Path to Exile, Intruder Alarm, Well of Lost Dreams, Shelldock Isle"
"Fblthp: Completely, Utterly, Totally Lost Foil Edition",Secret Lair Drop,Other,SLD,2022-05-06,66.02,"Frantic Search, Path to Exile, Intruder Alarm, Well of Lost Dreams, Shelldock Isle"
Feast of Flesh,Intro Pack,Other,NPH,2011-05-13,92.14,"Whipflare, Mountain, Swamp, Swamp, Go for the Throat"
Feathered Friends (1),Jumpstart,Other,JMP,2020-07-17,0.0,"Steel-Plume Marshal, Plains, Warded Battlements, Healer's Hawk, Aven Gagglemaster"
Feathered Friends (2),Jumpstart,Other,JMP,2020-07-17,0.0,"Steel-Plume Marshal, Angelic Ascension, Plains, Warded Battlements, Healer's Hawk"
Feathered Friends (3),Jumpstart,Other,JMP,2020-07-17,1.94,"Angel of the Dire Hour, Plains, Warded Battlements, Healer's Hawk, Aven Gagglemaster"
Feathered Friends (4),Jumpstart,Other,JMP,2020-07-17,0.0,"Plains, Warded Battlements, Healer's Hawk, Falconer Adept, Plains"
Featuring: Andrew MacLean,Secret Lair Drop,Other,SLD,2024-07-30,45.45,"Arbor Elf, Maelstrom Wanderer, Nirkana Revenant, Terastodon"
Featuring: Andrew MacLean Foil Edition,Secret Lair Drop,Other,SLD,2024-07-30,45.45,"Arbor Elf, Maelstrom Wanderer, Nirkana Revenant, Terastodon"
Featuring: Deathburger,Secret Lair Drop,Other,SLD,2025-07-29,54.67,"Goblin Engineer, Arcbound Ravager, Foundry Inspector, Ethersworn Canonist, Dance of the Manse"
Featuring: Deathburger Galaxy Foil Edition,Secret Lair Drop,Other,SLD,2025-07-29,54.67,"Goblin Engineer, Arcbound Ravager, Foundry Inspector, Ethersworn Canonist, Dance of the Manse"
Featuring: Gary Baseman,Secret Lair Drop,Other,SLD,2023-09-15,65.78,"Forest, Island, Swamp, Mountain, Plains"
Featuring: Gary Baseman Foil Edition,Secret Lair Drop,Other,SLD,2023-09-15,65.78,"Forest, Island, Swamp, Mountain, Plains"
Featuring: Imiri Sakabashira,Secret Lair Drop,Other,SLD,2025-06-10,42.17,"Consecrated Sphinx, Scion of Draco, Mirage Mirror, Resculpt"
Featuring: Imiri Sakabashira Foil Edition,Secret Lair Drop,Other,SLD,2025-06-10,42.17,"Consecrated Sphinx, Scion of Draco, Mirage Mirror, Resculpt"
Featuring: Jay Howell,Secret Lair Drop,Other,SLD,2025-05-13,65.14,"Treasonous Ogre, Uncivil Unrest, Agent of Treachery, Priest of Forgotten Gods, Marchesa, the Black Rose"
Featuring: Jay Howell Foil Edition,Secret Lair Drop,Other,SLD,2025-05-13,65.14,"Treasonous Ogre, Uncivil Unrest, Agent of Treachery, Priest of Forgotten Gods, Marchesa, the Black Rose"
Featuring: Julie Bell,Secret Lair Drop,Other,SLD,2024-07-10,59.98,"Coat of Arms, Elves of Deep Shadow, Soul Warden, Good-Fortune Unicorn, Shivan Dragon"
Featuring: Julie Bell Foil Edition,Secret Lair Drop,Other,SLD,2024-07-10,59.98,"Coat of Arms, Elves of Deep Shadow, Soul Warden, Good-Fortune Unicorn, Shivan Dragon"
Featuring: Kevin Eastman (Colors),Secret Lair Drop,Other,SLD,2026-03-03,42.03,"Sakashima's Student, Guttersnipe, Throat Slitter, Loxodon Gatekeeper"
Featuring: Kevin Eastman (Colors) Foil Edition,Secret Lair Drop,Other,SLD,2026-03-03,42.03,"Sakashima's Student, Guttersnipe, Throat Slitter, Loxodon Gatekeeper"
Featuring: Kevin Eastman (Inks),Secret Lair Drop,Other,SLD,2026-03-03,29.32,"Sakashima's Student, Throat Slitter, Guttersnipe, Loxodon Gatekeeper"
Featuring: Kevin Eastman (Inks) Foil Edition,Secret Lair Drop,Other,SLD,2026-03-03,29.32,"Sakashima's Student, Throat Slitter, Guttersnipe, Loxodon Gatekeeper"
Featuring: Luke Pearson,Secret Lair Drop,Other,SLD,2025-02-11,61.06,"Realmwalker, Bear Umbra, Witch of the Moors, Solemn Simulacrum"
Featuring: Luke Pearson Foil Edition,Secret Lair Drop,Other,SLD,2025-02-11,61.06,"Realmwalker, Bear Umbra, Witch of the Moors, Solemn Simulacrum"
Featuring: Mitsuhiro Arita,Secret Lair Drop,Other,SLD,2025-02-11,44.68,"Murktide Regent, Light-Paws, Emperor's Voice, Shorikai, Genesis Engine, Lightning Bolt"
Featuring: Mitsuhiro Arita Foil Edition,Secret Lair Drop,Other,SLD,2025-02-11,44.68,"Murktide Regent, Light-Paws, Emperor's Voice, Shorikai, Genesis Engine, Lightning Bolt"
Featuring: Not a Wolf,Secret Lair Drop,Other,SLD,2024-07-10,68.14,"Beastmaster Ascension, Tovolar, Dire Overlord // Tovolar, the Midnight Scourge, Second Harvest, Avabruck Caretaker // Hollowhenge Huntmaster, Howl of the Night Pack"
Featuring: Not a Wolf Foil Edition,Secret Lair Drop,Other,SLD,2024-07-10,68.14,"Beastmaster Ascension, Tovolar, Dire Overlord // Tovolar, the Midnight Scourge, Second Harvest, Avabruck Caretaker // Hollowhenge Huntmaster, Howl of the Night Pack"
Featuring: Peach Momoko,Secret Lair Drop,Other,SLD,2024-10-01,89.48,"Psychic Corrosion, Aetherize, Time Sieve, Visions of Beyond, Drown in Dreams"
Featuring: Peach Momoko Foil Edition,Secret Lair Drop,Other,SLD,2024-10-01,89.48,"Psychic Corrosion, Aetherize, Time Sieve, Visions of Beyond, Drown in Dreams"
Featuring: Phoebe Wahl,Secret Lair Drop,Other,SLD,2024-04-15,63.49,"Door of Destinies, Alela, Artful Provocateur, Swords to Plowshares, Dockside Chef, Faerie Artisans"
Featuring: Phoebe Wahl Foil Edition,Secret Lair Drop,Other,SLD,2024-04-15,72.15,"Door of Destinies, Alela, Artful Provocateur, Swords to Plowshares, Dockside Chef, Faerie Artisans"
Featuring: Stan Sakai,Secret Lair Drop,Other,SLD,2026-03-03,54.32,"Baylen, the Haymaker, Master of Ceremonies, Sunforger, Second Harvest, Felidar Retreat"
Featuring: Stan Sakai Foil Edition,Secret Lair Drop,Other,SLD,2026-03-03,54.32,"Baylen, the Haymaker, Master of Ceremonies, Sunforger, Second Harvest, Felidar Retreat"
Featuring: the Mountain Goats,Secret Lair Drop,Other,SLD,2023-08-29,46.62,"Mountain, Mountain, Mountain, Mountain, Mountain"
Featuring: the Mountain Goats Foil Edition,Secret Lair Drop,Other,SLD,2023-08-29,46.62,"Mountain, Mountain, Mountain, Mountain, Mountain"
Ferocious 1,Jumpstart,Other,J22,2022-12-02,7.85,"Rhonas the Indomitable, Colossal Majesty, Roar of Challenge, Ilysian Caryatid, Rampaging Growth"
Ferocious 2,Jumpstart,Other,J22,2022-12-02,3.14,"Colossal Majesty, Goreclaw, Terror of Qal Sisma, Roar of Challenge, Ilysian Caryatid, Drowsing Tyrannodon"
Ferocious 3,Jumpstart,Other,J22,2022-12-02,6.23,"Prowling Serpopard, Colossal Majesty, Roar of Challenge, Ilysian Caryatid, Ornery Dilophosaur"
Ferocious 4,Jumpstart,Other,J22,2022-12-02,1.9,"Colossal Majesty, Bonders' Enclave, Towering Gibbon, Roar of Challenge, Creeperhulk"
Fiendish Nature,Theme Deck,Other,UDS,1999-06-07,278.79,"Phyrexian Reclamation, Pattern of Rebirth, Rancor, Yavimaya Elder, Gamekeeper"
Fiendish Nature - Enhanced Deck,Enhanced Deck,Other,UDS,1999-06-07,310.47,"Recurring Nightmare, Pattern of Rebirth, Rancor, Engineered Plague, Yavimaya Elder"
Fiery 1,Jumpstart,Other,J22,2022-12-02,0.0,"Chandra, Flame's Fury, Chandra's Pyrohelix, Thrill of Possibility, Spiteful Prankster, Chandra's Magmutt"
Fiery 2,Jumpstart,Other,J22,2022-12-02,1.02,"Banefire, Thrill of Possibility, Magmatic Channeler, Chandra's Spitfire, Thriving Bluff"
Fiery 3,Jumpstart,Other,J22,2022-12-02,0.0,"Thrill of Possibility, Thermo-Alchemist, Ogre Battlecaster, Chandra's Spitfire, Flame Lash"
Fiery 4,Jumpstart,Other,J22,2022-12-02,0.0,"Thrill of Possibility, Searing Spear, Ogre Battlecaster, Chandra's Spitfire, Cone of Flame"
Fiery Dawn,Intro Pack,Other,AVR,2012-05-04,34.0,"Cathars' Crusade, Goldnight Commander, Plains, Devout Chaplain, Commander's Authority"
Fiery Fury,MTGO Theme Deck,Other,WTH,2007-12-12,69.19,"Firestorm, Crystal Vein, Fireblast, Mind Stone, Mountain"
Fifth Dawn Foil Redemption,MTGO Redemption,Other,5DN,2004-07-04,2237.47,"Mycosynth Golem, Grinding Station, Doubling Cube, Krark-Clan Ironworks, Eternal Witness"
Fifth Dawn Redemption,MTGO Redemption,Other,5DN,2004-07-04,2237.47,"Mycosynth Golem, Grinding Station, Doubling Cube, Krark-Clan Ironworks, Eternal Witness"
Final Adventure,Challenger Deck,Other,Q04,2020-04-03,23.96,"Vraska, Golgari Queen, Fabled Passage, Knight of the Ebon Legion, Castle Locthwain, Midnight Reaper"
Final Fantasy Bundle Land Pack,Bundle Land Pack,Other,FIN,2025-06-13,0.0,"Wastes, Wastes, Swamp, Swamp, Forest"
Finally! Left-Handed Magic Cards,Secret Lair Drop,Other,SLD,2022-08-05,79.01,"Rograkh, Son of Rohgahh, Empress Galina, Sisay, Weatherlight Captain, Garruk, Caller of Beasts, Geralf's Messenger"
Finally! Left-Handed Magic Cards Foil Edition,Secret Lair Drop,Other,SLD,2022-08-05,79.01,"Rograkh, Son of Rohgahh, Empress Galina, Sisay, Weatherlight Captain, Garruk, Caller of Beasts, Geralf's Messenger"
Finkel,Theme Deck,Other,DKM,2001-12-01,181.84,"Necropotence, Sulfurous Springs, Incinerate, Underground River, Dark Ritual"
Fire Nation,Jumpstart,Other,TLE,2025-11-20,16.6,"Longshot, Rebel Bowman, Storm of Memories, Zuko, Seeking Honor, Fists of Flame, Firebending Student"
Fire Surge,Intro Pack,Other,M14,2013-07-19,0.0,"Mountain, Mountain, Island, Negate, Phantom Warrior"
Fire and Lightning,Premium Deck,Other,PD2,2010-11-19,18.95,"Price of Progress, Reverberate, Chain Lightning, Fireblast, Lightning Bolt"
Firebending (1),Jumpstart,Other,TLE,2025-11-20,3.27,"Reckless Blaze, Firebender Ascension, Loyal Fire Sage, Thriving Bluff, Mountain"
Firebending (2),Jumpstart,Other,TLE,2025-11-20,2.01,"Reckless Blaze, Loyal Fire Sage, Thriving Bluff, Mountain, Combustion Technique"
Firebomber,Intro Pack,Other,M10,2009-07-17,44.99,"Earthquake, Lightning Bolt, Island, Sleep, Mountain"
Fireworks,Arena Starter Deck,Other,AFR,2021-09-24,11.6,"Riverglide Pathway // Lavaglide Pathway, Archmage Emeritus, Volatile Fjord, Demilich, Prismari Command"
Fixed Content,Deck Builder's Toolkit,Other,ROE,2010-05-21,103.09,"Lightning Bolt, Soul Warden, Sign in Blood, Blood Seeker, Ulamog's Crusher"
Flames Of The Dragon,Intro Pack,Other,M15,2014-07-18,7.52,"Darksteel Citadel, Ensoul Artifact, Rogue's Gloves, Ornithopter, Wall of Frost"
Flames of Rath - Advanced Deck,Advanced Deck,Other,TMP,1997-10-14,123.42,"Reflecting Pool, Undiscovered Paradise, Gemstone Mine, Furnace of Rath, Ball Lightning"
Flash of Ferocity,Challenger Deck,Other,Q04,2020-04-03,15.42,"Fabled Passage, Brazen Borrower // Petty Theft, Spectral Sailor, Nightpack Ambusher, Wavebreak Hippocamp"
Flight of the Witch King,Box Set,Other,LTC,2023-11-03,82.41,"Call Forth the Tempest, Nazgûl Battle-Mace, Minas Morgul, Dark Fortress, Witch-king, Sky Scourge, Fell Beast of Mordor"
Flower Power,Secret Lair Drop,Other,SLD,2025-10-20,48.92,"Forest, Island, Mountain, Swamp, Plains"
Flower Power Foil Edition,Secret Lair Drop,Other,SLD,2025-10-20,48.92,"Forest, Island, Mountain, Swamp, Plains"
Flyover,Intro Pack,Other,WWK,2010-02-05,22.44,"Everflowing Chalice, Lightkeeper of Emeria, Kor Cartographer, Marshal's Anthem, Sleep"
Forest Dragon,Shandalar Enemy Deck,Other,PAST,1997-04-01,59.59,"Desert Twister, Sandstorm, Untamed Wilds, Crumble, Cockatrice"
Forest's Might,Arena Starter Deck,Other,ANB,2019-09-26,6.57,"Voracious Hydra, Gargos, Vicious Watcher, Season of Growth, Meteor Golem, Giant Growth"
Forest's Might 2,Arena Starter Deck,Other,ANB,2020-03-12,6.57,"Voracious Hydra, Gargos, Vicious Watcher, Season of Growth, Giant Growth, Aggressive Mammoth"
Forged in Battle,Intro Pack,Other,BNG,2014-02-07,5.25,"Searing Blood, Plains, Akroan Crusader, Plains, Mountain"
Freedom Fighters,Jumpstart,Other,TLE,2025-11-20,3.42,"The Duke, Rebel Sentry, Jet, Rebel Leader, Plains, Valorous Stance, Hook Swords"
From the Vault: Angels,Box Set,Other,V15,2015-08-21,118.88,"Avacyn, Angel of Hope, Iona, Shield of Emeria, Aurelia, the Warleader, Platinum Angel, Akroma, Angel of Wrath"
From the Vault: Annihilation,Box Set,Other,V14,2014-08-22,55.26,"Armageddon, Living Death, Decree of Annihilation, Smokestack, Cataclysm"
From the Vault: Dragons,Box Set,Other,DRB,2008-08-29,129.21,"Kokusho, the Evening Star, Dragonstorm, Bladewing the Risen, Draco, Nicol Bolas"
From the Vault: Exiled,Box Set,Other,V09,2009-08-28,497.82,"Lotus Petal, Sensei's Divining Top, Necropotence, Strip Mine, Goblin Lackey"
From the Vault: Legends,Box Set,Other,V11,2011-08-26,159.97,"Ulamog, the Infinite Gyre, Kiki-Jiki, Mirror Breaker, Captain Sisay, Doran, the Siege Tower, Sun Quan, Lord of Wu"
From the Vault: Lore,Box Set,Other,V16,2016-08-19,94.55,"Cabal Ritual, Umezawa's Jitte, Beseech the Queen, Glissa, the Traitor, Obliterate"
From the Vault: Realms,Box Set,Other,V12,2012-08-31,412.06,"Ancient Tomb, Urborg, Tomb of Yawgmoth, Glacial Chasm, Dryad Arbor, Boseiju, Who Shelters All"
From the Vault: Relics,Box Set,Other,V10,2010-08-27,1499.82,"Mox Diamond, Memory Jar, Isochron Scepter, Masticore, Sol Ring"
From the Vault: Transform,Box Set,Other,V17,2017-11-24,87.09,"Gisela, the Broken Blade // Brisela, Voice of Nightmares, Liliana, Heretical Healer // Liliana, Defiant Necromancer, Bloodline Keeper // Lord of Lineage, Bruna, the Fading Light // Brisela, Voice of Nightmares, Jace, Vryn's Prodigy // Jace, Telepath Unbound"
From the Vault: Twenty,Box Set,Other,V13,2013-08-23,159.84,"Green Sun's Zenith, Tangle Wire, Ink-Eyes, Servant of Oni, Dark Ritual, Jace, the Mind Sculptor"
Full Sleeves: the Tattoo Pack,Secret Lair Drop,Other,SLD,2020-06-01,43.03,"Inkmoth Nexus, Blood Artist, Eternal Witness, Spell Pierce, Pithing Needle"
Fun Guys (1),Jumpstart,Other,J25,2024-11-07,5.21,"Shroofus Sproutsire, Thriving Grove, Fungal Plots, Sporecrown Thallid, Saproling Migration"
Fun Guys (2),Jumpstart,Other,J25,2024-11-07,5.21,"Shroofus Sproutsire, Thriving Grove, Fungal Plots, Sporecrown Thallid, Undercellar Myconid"
Fun With Fungus,Theme Deck,Other,TSP,2006-10-06,293.29,"Claws of Gix, Pendelhaven, Fallen Ideal, Verdant Embrace, Dread Return"
Fungus Master,Shandalar Enemy Deck,Other,PAST,1997-04-01,40.64,"Oasis, Untamed Wilds, Fungusaur, Island, Island"
Furby: Doo-ay Noo-lah,Secret Lair Drop,Other,SLD,2025-10-27,50.43,"Sol Ring, Chromatic Lantern, Inspiring Call, Explore, Distant Melody"
Furby: Doo-ay Noo-lah Confetti Foil Edition,Secret Lair Drop,Other,SLD,2025-10-27,103.58,"Sol Ring, Chromatic Lantern, Explore, Inspiring Call, Distant Melody"
Furby: Doo-ay Noo-lah Foil Edition,Secret Lair Drop,Other,SLD,2025-10-27,50.43,"Sol Ring, Chromatic Lantern, Inspiring Call, Explore, Distant Melody"
Furby: Furbys: The Gathering,Secret Lair Drop,Other,SLD,2025-10-27,54.71,"Tamiyo's Safekeeping, Sphere of Safety, Phyrexian Arena, Miscast, Tormenting Voice"
Furby: Furbys: The Gathering Confetti Foil Edition,Secret Lair Drop,Other,SLD,2025-10-27,100.62,"Tamiyo's Safekeeping, Sphere of Safety, Phyrexian Arena, Miscast, Tormenting Voice"
Furby: Furbys: The Gathering Foil Edition,Secret Lair Drop,Other,SLD,2025-10-27,54.71,"Tamiyo's Safekeeping, Sphere of Safety, Phyrexian Arena, Miscast, Tormenting Voice"
Furby: The Oddbodies,Secret Lair Drop,Other,SLD,2025-10-27,83.07,"Umbris, Fear Manifest, Hullbreaker Horror, Maddening Cacophony, Spellskite, Serum Visions"
Furby: The Oddbodies Confetti Foil Edition,Secret Lair Drop,Other,SLD,2025-10-27,129.77,"Hullbreaker Horror, Umbris, Fear Manifest, Spellskite, Maddening Cacophony, Serum Visions"
Furby: The Oddbodies Foil Edition,Secret Lair Drop,Other,SLD,2025-10-27,83.07,"Umbris, Fear Manifest, Hullbreaker Horror, Maddening Cacophony, Spellskite, Serum Visions"
Furious Forces,Intro Pack,Other,DTK,2015-03-27,29.47,"Savage Ventmaw, Berserkers' Onslaught, Dragonlord's Servant, Forest, Mountain"
Fury,Clash Pack,Other,M15,2014-07-18,147.69,"Nykthos, Shrine to Nyx, Courser of Kruphix, Elvish Mystic, Voyaging Satyr, Genesis Hydra"
Future Shock,Theme Deck,Other,FUT,2007-05-04,200.25,"Dryad Arbor, Nacatl War-Pride, Edge of Autumn, Baru, Fist of Krosa, Emblem of the Warmind"
Future Sight Foil Redemption,MTGO Redemption,Other,FUT,2007-06-03,2761.78,"Sliver Legion, Tarmogoyf, Pact of Negation, Summoner's Pact, Magus of the Moon"
Future Sight Redemption,MTGO Redemption,Other,FUT,2007-06-03,2761.78,"Sliver Legion, Tarmogoyf, Pact of Negation, Summoner's Pact, Magus of the Moon"
Gabriel Nassif - Blue-White Anti-Affinity Control,World Championship Deck,Other,WC04,2004-09-01,31.49,"Flooded Strand, Exalted Angel, Island, Plains, Wayfarer's Bauble"
Gandalf in the Pelennor Fields,Box Set,Other,LTC,2023-11-03,23.1,"Rammas Echor, Ancient Shield, Olórin's Searing Light, Gandalf of the Secret Fire, Sorcerous Squall, Courageous Resolve"
Garden Buds,Secret Lair Drop,Other,SLD,2025-03-25,81.84,"Ashaya, Soul of the Wild, Horn of Greed, Elvish Reclaimer, World Shaper, Harrow"
Garden Buds Foil Edition,Secret Lair Drop,Other,SLD,2025-03-25,81.84,"Ashaya, Soul of the Wild, Horn of Greed, Elvish Reclaimer, World Shaper, Harrow"
Garfield,Theme Deck,Other,DKM,2001-12-01,36.57,"Incinerate, Incinerate, Jokulhaups, Karplusan Forest, Lhurgoyf"
Garruk,Jumpstart,Other,JMP,2020-07-17,5.28,"Garruk's Uprising, Forest, Garruk, Unleashed, Hunter's Insight, Garruk's Harbinger"
"Garruk, Savage Herald",Planeswalker Deck,Other,M21,2020-07-03,9.32,"Ram Through, Garruk, Savage Herald, Garruk's Uprising, Forest, Ilysian Caryatid"
Gatecrash Foil Redemption,MTGO Redemption,Other,GTC,2013-03-03,521.06,"Aurelia, the Warleader, Sylvan Primordial, Godless Shrine, Watery Grave, Legion Loyalist"
Gatecrash Redemption,MTGO Redemption,Other,GTC,2013-03-03,521.06,"Aurelia, the Warleader, Sylvan Primordial, Godless Shrine, Watery Grave, Legion Loyalist"
Gatecrasher,MTGO Theme Deck,Other,WTH,2007-12-12,7.26,"Mountain, Uktabi Orangutan, Maraxus of Keld, Aboroth, Forest"
"George Baxter, Quarterfinalist",Pro Tour Deck,Other,PTC,1996-05-01,84.54,"City of Brass, Sulfurous Springs, Lightning Bolt, Hypnotic Specter, Mishra's Factory"
Ghastly (1),Jumpstart,Other,J25,2024-11-07,0.0,"Harvester of Souls, Dross Hopper, Ozox, the Clattering King, Tragic Slip, Village Rites"
Ghastly (2),Jumpstart,Other,J25,2024-11-07,0.0,"Bloodgift Demon, Ozox, the Clattering King, Tragic Slip, Village Rites, Thriving Moor"
Ghastly (3),Jumpstart,Other,J25,2024-11-07,0.0,"Reaper from the Abyss, Dross Hopper, Wriggling Grub, Ozox, the Clattering King, Deadly Dispute"
Ghastly (4),Jumpstart,Other,J25,2024-11-07,1.14,"Army of the Damned, Shambling Ghast, Ozox, the Clattering King, Deadly Dispute, Tragic Slip"
Ghost of Tsushima,Secret Lair Drop,Other,SLD,2025-11-06,164.35,"Jin Sakai, Ghost of Tsushima, Borne Upon a Wind, Path to Exile, Eiganjo Castle, Ghostly Flicker"
Ghost of Tsushima Foil Edition,Secret Lair Drop,Other,SLD,2025-11-06,164.35,"Jin Sakai, Ghost of Tsushima, Borne Upon a Wind, Path to Exile, Eiganjo Castle, Ghostly Flicker"
Ghostbusters: Slimer,Secret Lair Drop,Other,SLD,2024-10-01,38.41,"Windfall, Incarnation Technique, Trickbind, The Mimeoplasm, Pernicious Deed"
Ghostbusters: Slimer Foil Edition,Secret Lair Drop,Other,SLD,2024-10-01,38.41,"Windfall, Incarnation Technique, Trickbind, The Mimeoplasm, Pernicious Deed"
Ghostbusters: The Real Ghostbusters,Secret Lair Drop,Other,SLD,2024-10-01,41.34,"Eladamri's Call, Boros Charm, Careful Study, Unlicensed Hearse, Living End"
Ghostbusters: The Real Ghostbusters Foil Edition,Secret Lair Drop,Other,SLD,2024-10-01,41.34,"Eladamri's Call, Boros Charm, Careful Study, Unlicensed Hearse, Living End"
Ghostly Tide,Intro Pack,Other,SOI,2016-04-08,8.54,"Essence Flux, Pore Over the Pages, Rattlechains, Drogskol Cavalry, Plains"
Giddyap,Jumpstart,Other,J25,2024-11-07,4.03,"Thurid, Mare of Destiny, Steadfast Unicorn, Tenacity, Moment of Triumph, Ronom Unicorn"
Gideon,Archenemy Deck,Other,E01,2017-06-16,17.02,"Grand Abolisher, Plains, Fiendslayer Paladin, Plains, Gideon Jura"
"Gideon, Martial Paragon",Planeswalker Deck,Other,AKH,2017-04-28,2.13,"Mountain, Gideon, Martial Paragon, Ahn-Crop Crasher, Plains, Tah-Crop Elite"
"Gideon, the Oathsworn",Planeswalker Deck,Other,WAR,2019-05-03,18.04,"Cruel Celebrant, Bond of Discipline, Command the Dreadhorde, Charmed Stray, Swamp"
Gift Wrapped,Secret Lair Drop,Other,SLD,2023-12-05,59.24,"Homeward Path, Giver of Runes, Moment's Peace, Distant Melody, Cathartic Reunion"
Gift Wrapped Foil Edition,Secret Lair Drop,Other,SLD,2023-12-05,62.51,"Homeward Path, Giver of Runes, Moment's Peace, Distant Melody, Cathartic Reunion"
Gifts of the Gods,Intro Pack,Other,BNG,2014-02-07,17.8,"Gift of Immortality, Sunbond, Island, Plains, Island"
Gigantic 1,Jumpstart,Other,J22,2022-12-02,14.57,"Runadi, Behemoth Caller, Overgrowth, Towering Gibbon, Thrashing Brontodon, Pounce"
Gigantic 2,Jumpstart,Other,J22,2022-12-02,14.57,"Runadi, Behemoth Caller, Engulfing Slagwurm, Overgrowth, Towering Gibbon, Paradise Druid"
Gleeful Flames,Event Deck,Other,DKA,2012-02-24,73.01,"Inkmoth Nexus, Goblin Grenade, Faithless Looting, Infiltration Lens, Hellrider"
Gliding (1),Jumpstart,Other,TLE,2025-11-20,0.0,"Kindly Customer, Momo, Friendly Flier, Plains, Thriving Heath, Appa, Loyal Sky Bison"
Gliding (2),Jumpstart,Other,TLE,2025-11-20,1.52,"Tale of Momo, Momo, Friendly Flier, Plains, Inspired Insurgent, Thriving Heath"
Glorious Combat,Game Night Deck,Other,GN3,2022-10-14,16.34,"Zamriel, Seraph of Steel, Argentum Armor, Colossus Hammer, Path to Exile, Swords to Plowshares"
Go to School 1,Jumpstart,Other,J22,2022-12-02,0.0,"Kasmina, Enigmatic Mentor, Barrin, Tolarian Archmage, Biblioplex Kraken, Thriving Isle, Merfolk Pupil"
Go to School 2,Jumpstart,Other,J22,2022-12-02,66.59,"Rhystic Study, Kasmina, Enigmatic Mentor, Biblioplex Kraken, Thriving Isle, Merfolk Pupil"
Goblin & Squabblin',Secret Lair Drop,Other,SLD,2023-08-29,323.46,"Muxus, Goblin Grandee, Goblin Recruiter, Goblin Lackey, Goblin Matron, Shattergang Brothers"
Goblin & Squabblin' Foil Edition,Secret Lair Drop,Other,SLD,2023-08-29,481.35,"Muxus, Goblin Grandee, Goblin Lackey, Goblin Recruiter, Goblin Matron, Shattergang Brothers"
Goblin Assault,Theme Deck,Other,S99,1999-07-12,12.13,"Goblin General, Relentless Assault, Mountain, Mountain, Volcanic Dragon"
Goblin Fire,Theme Deck,Other,P02,1998-06-24,29.53,"Goblin General, Mountain, Wildfire, Blaze, Relentless Assault"
Goblin Mob,Theme Deck,Other,SCG,2003-05-26,314.15,"Siege-Gang Commander, Goblin Warchief, Sulfuric Vortex, Gempalm Incinerator, Goblin War Strike"
Goblin Warlord,Shandalar Enemy Deck,Other,PAST,1997-04-01,244.19,"Mountain, Goblin King, Manabarbs, Tawnos's Weaponry, Helm of Chatzuk"
Goblingram,Secret Lair Drop,Other,SLD,2024-05-30,49.6,"Goblin Welder, Goblin Chieftain, Brash Taunter, Mogg War Marshal, Goblin Ringleader"
Goblingram Foil Edition,Secret Lair Drop,Other,SLD,2024-05-30,49.6,"Goblin Welder, Goblin Chieftain, Brash Taunter, Mogg War Marshal, Goblin Ringleader"
Goblins,Jumpstart,Other,FDN,2024-11-15,2.56,"Dropkick Bomber, Goblin Oriflamme, Mountain, Frenzied Goblin, Mountain"
Goblins (1),Jumpstart,Other,J25,2024-11-07,9.5,"General Kreat, the Boltbringer, Dropkick Bomber, Battle Cry Goblin, Brute Strength, Shock"
Goblins (2),Jumpstart,Other,JMP,2020-07-17,14.45,"Muxus, Goblin Grandee, Mountain, Goblin Instigator, Goblin Arsonist, Outnumber"
Goblins (3),Jumpstart,Other,JMP,2020-07-17,6.85,"Goblin Chieftain, Mountain, Goblin Instigator, Goblin Arsonist, Beetleback Chief"
Goblins (4),Jumpstart,Other,JMP,2020-07-17,2.0,"Krenko, Mob Boss, Goblin Lore, Mountain, Goblin Instigator, Goblin Rally"
Goblins 1,Jumpstart,Other,J22,2022-12-02,3.56,"Krenko, Mob Boss, Goblin Grenade, Battle Squadron, Hordeling Outburst, Dragon Fodder"
Goblins 2,Jumpstart,Other,J22,2022-12-02,2.5,"Goblin Warchief, Ib Halfheart, Goblin Tactician, Goblin Grenade, Goblin Rally, Dragon Fodder"
Goblins 3,Jumpstart,Other,J22,2022-12-02,15.06,"Muxus, Goblin Grandee, Goblin Grenade, Instruments of War, Dragon Fodder, Destructive Tampering"
Goblins 4,Jumpstart,Other,J22,2022-12-02,5.81,"Ardoz, Cobbler of War, Goblin Rabblemaster, Goblin Grenade, Goblin Rally, Hordeling Outburst"
Goblins Everywhere!,Arena Starter Deck,Other,ANB,2020-08-13,0.0,"Tin Street Cadet, Goblin Tunneler, Nest Robber, Molten Ravager, Goblin Gang Leader"
God of War: Greek,Secret Lair Drop,Other,SLD,2025-11-06,88.75,"Kratos, God of War, Rite of Flame, World at War, Pyrohemia, Sulfuric Vortex"
God of War: Greek Foil Edition,Secret Lair Drop,Other,SLD,2025-11-06,88.75,"Kratos, God of War, Rite of Flame, World at War, Pyrohemia, Sulfuric Vortex"
God of War: Norse,Secret Lair Drop,Other,SLD,2025-11-06,37.93,"Iroas, God of Victory, Kratos, Stoic Father, Atreus, Impulsive Son, Teferi's Ageless Insight // Teferi's Ageless Insight"
God of War: Norse Foil Edition,Secret Lair Drop,Other,SLD,2025-11-06,37.93,"Iroas, God of Victory, Kratos, Stoic Father, Atreus, Impulsive Son, Teferi's Ageless Insight // Teferi's Ageless Insight"
Going Rogue,Theme Deck,Other,MOR,2008-02-01,204.86,"Notorious Throng, Island, Swamp, Oona's Blackguard, Mothdust Changeling"
Gold Deck,Starter Deck,Other,8ED,2003-07-28,21.91,"Rampant Growth, Mountain, Mountain, Mountain, Forest"
Gold Pack,Advanced Pack,Other,9ED,2005-08-09,39.23,"Naturalize, Dancing Scimitar, Mountain, Forest, Blanchwood Armor"
Golgari,Duel Deck,Other,DDJ,2012-09-07,16.38,"Life from the Loam, Elves of Deep Shadow, Jarad, Golgari Lich Lord, Eternal Witness, Golgari Grave-Troll"
Golgari Deathcreep,Theme Deck,Other,RAV,2005-10-07,110.57,"Savra, Queen of the Golgari, Elves of Deep Shadow, Golgari Grave-Troll, Stinkweed Imp, Golgari Rot Farm"
Golgari Exploration,Arena Starter Deck,Other,DOM,2018-03-22,25.85,"Tendershoot Dryad, Vizier of the Menagerie, Wildgrowth Walker, Ravenous Chupacabra, Ifnir Deadlands"
Golgari Growth,Intro Pack,Other,RTR,2012-10-05,5.2,"Treasured Find, Grisly Salvage, Korozda Guildmage, Corpsejack Menace, Wild Beastmaster"
Golgari Swarm,Arena Starter Deck,Other,M20,2019-05-03,44.41,"Overgrown Tomb, Underrealm Lich, Assassin's Trophy, Leyline Prowler, Lotleth Giant"
Golgari Swarm 1,Jumpstart,Other,CLU,2024-02-23,18.85,"Amzu, Swarm's Hunger, Golgari Signet, Tribune of Rot, Golgari Rot Farm, Deadbridge Chant"
Golgari Swarm 2,Jumpstart,Other,CLU,2024-02-23,9.79,"Underrealm Lich, Sludge Titan, Fungal Rebirth, Tribune of Rot, Golgari Rot Farm"
Gondor: Green-White,Starter Kit,Other,LTR,2023-06-23,39.67,"Bilbo's Ring, Aragorn and Arwen, Wed, Galadriel, Gift-Giver, Generous Ent, Gandalf, White Rider"
Grab for Power,Intro Pack,Other,M12,2011-07-15,58.38,"Buried Ruin, Ponder, Diabolic Tutor, Reassembling Skeleton, Throne of Empires"
Grave Advantage,Intro Pack,Other,FRF,2015-01-23,53.12,"Merciless Executioner, Archfiend of Depravity, Dark Deal, Hornet Queen, Forest"
Grave Danger,Theme Deck,Other,TOR,2002-02-08,420.86,"Psychatog, Careful Study, Cephalid Illusionist, Tainted Isle, Breakthrough"
Grave Matters,Arena Starter Deck,Other,SNC,2022-09-09,10.28,"Deathcap Glade, Old Rutstein, Infernal Grasp, Undead Butler, Shigeki, Jukai Visionary"
Grave Power,Intro Pack,Other,DKA,2012-02-03,15.32,"Gnaw to the Bone, Island, Forest, Forest, Aether Adept"
Grave Robbers (1),Jumpstart,Other,J25,2024-11-07,0.0,"Grave Strength, Thriving Moor, Gorex, the Tombshell, Eye Collector, Gorging Vulture"
Grave Robbers (2),Jumpstart,Other,J25,2024-11-07,0.0,"Doomed Necromancer, Dusk Mangler, Undead Butler, Thriving Moor, Gorex, the Tombshell"
Grave Robbers (3),Jumpstart,Other,J25,2024-11-07,0.0,"Grave Strength, Dreadhound, Thriving Moor, Isareth the Awakener, Memorial to Folly"
Grave Robbers (4),Jumpstart,Other,J25,2024-11-07,0.0,"Liliana, Death's Majesty, Undead Butler, Thriving Moor, Isareth the Awakener, Shardless Outlander"
Grave Secrets,Arena Starter Deck,Other,LTR,2023-06-20,13.87,"Breach the Multiverse, Darkslick Shores, Gix's Command, Contaminated Aquifer, Black Sun's Twilight"
Graveborn,Premium Deck,Other,PD3,2011-11-18,89.28,"Reanimate, Entomb, Crystal Vein, Animate Dead, Cabal Therapy"
Graveyard Bash,Arena Starter Deck,Other,M19,2018-09-27,8.87,"Death Baron, Open the Graves, Yargle, Glutton of Urborg, Skulduggery, Swamp"
Great Druid,Shandalar Enemy Deck,Other,PAST,1997-04-01,131.7,"Killer Bees, Desert Twister, Birds of Paradise, Untamed Wilds, Jayemdae Tome"
Green,Game Night Deck,Other,GNT,2018-11-16,34.34,"Avatar of Growth, Gigantosaurus, Goreclaw, Terror of Qal Sisma, Rhonas's Monument, Ghalta, Primal Hunger"
Green Deck,Welcome Deck,Other,SPM,2025-09-26,14.86,"Spider-Man, Miles Morales, Venom Blast, Forest, Twisted Spider-Clone, Prowler, Misguided Mentor"
Green Deck A,Sample Deck,Other,M12,2011-07-15,18.24,"Hunter's Insight, Gladecover Scout, Lead the Stampede, Ezuri's Archers, Llanowar Elves"
Green Deck B,Sample Deck,Other,10E,2008-05-02,23.78,"Llanowar Elves, Jagged-Scar Archers, Forest, Forest, Elvish Eulogist"
Green Sample Deck,Sample Deck,Other,M15,2014-07-18,4.95,"Elvish Mystic, Paragon of Eternal Wilds, Staff of the Wild Magus, Forest, Forest"
Green White Convoke,Deck Builder's Toolkit,Other,M15,2014-07-18,2.4,"Triplicate Spirits, Seraph of the Masses, Raise the Alarm, Sunblade Elf, Feral Incarnation"
Green and White,Deck Builder's Toolkit,Other,AKH,2017-04-28,7.1,"Manglehorn, Fairgrounds Warden, Compulsory Rest, Narnam Cobra, Those Who Serve"
Green and White Humans,Deck Builder's Toolkit,Other,KLD,2016-09-30,0.0,"Gryff's Boon, Choking Restraints, True-Faith Censer, Murderer's Axe, Strength of Arms"
Green-White Auras,Deck Builder's Toolkit,Other,ROE,2010-05-21,41.73,"Hyena Umbra, Snake Umbra, Canopy Cover, Aura Gnarlid, Totem-Guide Hartebeest"
Grixis Shambling Army,Intro Pack,Other,CON,2009-02-06,38.32,"Terramorphic Expanse, Island, Crumbling Necropolis, Swamp, Mountain"
Grixis Undead,Intro Pack,Other,ALA,2008-10-03,50.94,"Cruel Ultimatum, Island, Crumbling Necropolis, Swamp, Fleshbag Marauder"
Gross 1,Jumpstart,Other,J22,2022-12-02,6.74,"Massacre Wurm, Leechridden Swamp, Plaguecrafter, Skullslither Worm, Black Cat"
Gross 2,Jumpstart,Other,J22,2022-12-02,4.77,"Phyrexian Reclamation, Plaguecrafter, Phyrexian Plaguelord, Skullslither Worm, Fungal Infection"
Gross 3,Jumpstart,Other,J22,2022-12-02,0.0,"Plaguecrafter, Deathbringer Regent, Skullslither Worm, Death Wind, Kraul Swarm"
Gross 4,Jumpstart,Other,J22,2022-12-02,3.12,"Ophiomancer, Plaguecrafter, Skullslither Worm, Witch's Cauldron, Swarm of Bloodflies"
Ground Pounder,Theme Deck,Other,BTD,2000-10-01,40.73,"Dwarven Ruins, Forest, Fireball, Shivan Dragon, Ball Lightning"
Groundbreaker - Advanced Deck,Advanced Deck,Other,EXO,1998-06-15,230.41,"Wasteland, Reflecting Pool, Plaguebearer, Undiscovered Paradise, City of Brass"
Groundbreaker - Basic Deck,Theme Deck,Other,EXO,1998-06-15,9.19,"Searing Touch, Thopter Squadron, Necrologia, Mountain, Mountain"
Growing Hope,Arena Starter Deck,Other,LTR,2023-06-20,29.12,"Ozolith, the Shattered Spire, Kami of Whispered Hopes, Ruins Recluse, Dusk Legion Duelist, Serra Redeemer"
Growing Hunger,Arena Starter Deck,Other,AFR,2021-09-24,9.78,"Darkbore Pathway // Slitherbore Pathway, Binding the Old Gods, Drana, the Last Bloodchief, Exponential Growth, Woodland Chasm"
Gruul,Guild Kit,Other,GK2,2019-02-15,31.17,"Birds of Paradise, Rhythm of the Wild, Protean Hulk, Ruric Thar, the Unbowed, Immolation Shaman"
Gruul Clans,Arena Starter Deck,Other,M20,2019-05-03,19.86,"Stomping Ground, Rhythm of the Wild, End-Raze Forerunners, Mountain, Forest"
Gruul Clans 1,Jumpstart,Other,CLU,2024-02-23,3.91,"Herald of Ilharg, Gruul Signet, Firespout, Furious Spinesplitter, Clan Defiance"
Gruul Clans 2,Jumpstart,Other,CLU,2024-02-23,1.45,"Colossal Majesty, Stampede Surfer, Giant Adephage, Furious Spinesplitter, Gruul Turf"
Gruul Goliaths,Intro Pack,Other,GTC,2013-02-01,20.75,"Alpha Authority, Arbor Elf, Ranger's Path, Gruul Ragebeast, Gruul Guildgate"
Gruul Siege,Intro Pack,Other,DGM,2013-05-03,2.98,"Zhur-Taa Druid, Gruul War Chant, Pit Fight, Forest, Ruric Thar, the Unbowed"
Gruul Stompy,Challenger Deck,Other,Q07,2022-04-01,28.26,"Goldspan Dragon, Magda, Brazen Outlaw, Rockfall Vale, Ulvenwald Oddity // Ulvenwald Behemoth, Mountain"
Gruul Wilding,Theme Deck,Other,GPT,2006-02-03,37.53,"Skarrg, the Rage Pits, Wild Cantor, Dryad Sophisticate, Borborygmos, Wurmweaver Coil"
Guardian of the Tusk,Shandalar Enemy Deck,Other,PAST,1997-04-01,304.21,"Berserk, Desert Twister, Colossus of Sardia, Birds of Paradise, Divine Transformation"
Guildpact Foil Redemption,MTGO Redemption,Other,GPT,2006-03-05,979.78,"Steam Vents, Godless Shrine, Stomping Ground, Leyline of the Void, Teysa, Orzhov Scion"
Guildpact Redemption,MTGO Redemption,Other,GPT,2006-03-05,979.78,"Steam Vents, Godless Shrine, Stomping Ground, Leyline of the Void, Teysa, Orzhov Scion"
Guilds of Ravnica Foil Redemption,MTGO Redemption,Other,GRN,2018-11-04,325.12,"Mnemonic Betrayal, Chance for Glory, Steam Vents, Watery Grave, Overgrown Tomb"
Guilds of Ravnica Redemption,MTGO Redemption,Other,GRN,2018-11-04,325.12,"Mnemonic Betrayal, Chance for Glory, Steam Vents, Watery Grave, Overgrown Tomb"
Hands of Fire,Theme Deck,Other,PS11,2011-01-01,0.0,"Mountain, Mountain, Mountain, Mountain, Kamahl, Pit Fighter"
Hands of Flame,Duel Of The Planeswalkers Deck,Other,DPA,2010-06-04,15.08,"Furnace of Rath, Bloodmark Mentor, Rage Reflection, Banefire, Blaze"
Happy Little Gathering,Secret Lair Drop,Other,SLD,2021-03-15,46.66,"Swamp, Forest, Mountain, Island, Mountain"
Happy Little Gathering Foil Edition,Secret Lair Drop,Other,SLD,2021-03-15,46.66,"Swamp, Forest, Mountain, Island, Mountain"
Happy Yargle Day!,Secret Lair Drop,Other,SLD,2020-09-03,34.59,"Fatal Push, Swords to Plowshares, Explore, Opt, Anger of the Gods"
Happy Yargle Day! Foil Edition,Secret Lair Drop,Other,SLD,2020-09-03,34.59,"Fatal Push, Swords to Plowshares, Explore, Opt, Anger of the Gods"
Hard-Boiled Thrillers,Secret Lair Drop,Other,SLD,2024-02-23,97.35,"Jace, Wielder of Mysteries, Reconnaissance, Black Market, Obeka, Brute Chronologist, Dire Undercurrents"
Hard-Boiled Thrillers Foil Edition,Secret Lair Drop,Other,SLD,2024-02-23,86.85,"Jace, Wielder of Mysteries, Reconnaissance, Black Market, Obeka, Brute Chronologist, Dire Undercurrents"
Hare Raising,Starter Kit,Other,BLB,2024-08-02,8.62,"Byrke, Long Ear of the Law, Fecund Greenshell, Colossification, Clifftop Lookout, Hop to It"
Hascon 2017 Promo Cards,Box Set,Other,H17,2017-09-20,318.1,"Grimlock, Dinobot Leader // Grimlock, Ferocious King, Nerf War, Sword of Dungeons & Dragons"
Hatsune Miku: Digital Sensation,Secret Lair Drop,Other,SLD,2024-07-10,136.44,"Sol Ring, Child of Alara, Chord of Calling, Diabolic Tutor, Song of Creation"
Hatsune Miku: Digital Sensation Foil Edition,Secret Lair Drop,Other,SLD,2024-07-10,136.44,"Sol Ring, Child of Alara, Chord of Calling, Diabolic Tutor, Song of Creation"
Hatsune Miku: Electric Entourage,Secret Lair Drop,Other,SLD,2024-10-01,111.69,"Elspeth Tirel, Liliana of the Dark Realms, Freyalise, Llanowar's Fury, The Royal Scions, Jace, Unraveler of Secrets"
Hatsune Miku: Electric Entourage Foil Edition,Secret Lair Drop,Other,SLD,2024-10-01,111.69,"Elspeth Tirel, Liliana of the Dark Realms, Freyalise, Llanowar's Fury, The Royal Scions, Jace, Unraveler of Secrets"
Hatsune Miku: Sakura Superstar,Secret Lair Drop,Other,SLD,2024-05-30,116.3,"Azusa, Lost but Seeking, Chandra's Ignition, Feather, the Redeemed, Harmonize, Inspiring Vantage"
Hatsune Miku: Sakura Superstar Foil Edition,Secret Lair Drop,Other,SLD,2024-05-30,153.97,"Azusa, Lost but Seeking, Feather, the Redeemed, Chandra's Ignition, Harmonize, Inspiring Vantage"
Hatsune Miku: Winter Diva,Secret Lair Drop,Other,SLD,2025-02-11,107.61,"Swan Song, Giada, Font of Hope, Counterspell, Brago, King Eternal, Youthful Valkyrie"
Hatsune Miku: Winter Diva Foil Edition,Secret Lair Drop,Other,SLD,2025-02-11,107.61,"Swan Song, Giada, Font of Hope, Counterspell, Brago, King Eternal, Youthful Valkyrie"
Haze of Spores,MTGO Theme Deck,Other,ME2,2008-09-22,0.0,"Forest, Forest, Forest, Havenwood Battleground, Mishra's Factory"
Hazoret Aggro,Challenger Deck,Other,Q01,2018-04-06,37.68,"Chandra, Torch of Defiance, Sunscorched Desert, Hazoret the Fervent, Soul-Scar Mage, Mountain"
Healers (1),Jumpstart,Other,J25,2024-11-07,0.0,"Speaker of the Heavens, Hinterland Sanctifier, Qala, Ajani's Pridemate, Angel of Vitality, Kabira Crossroads"
Healers (2),Jumpstart,Other,J25,2024-11-07,1.99,"Valkyrie Harbinger, Hinterland Sanctifier, Qala, Ajani's Pridemate, Angel of Vitality, Revitalize"
Healers (3),Jumpstart,Other,J25,2024-11-07,5.63,"Righteous Valkyrie, Hinterland Sanctifier, Qala, Ajani's Pridemate, Angel of Vitality, Kabira Crossroads"
Healers (4),Jumpstart,Other,J25,2024-11-07,3.65,"Felidar Sovereign, Rhox Faithmender, Hinterland Sanctifier, Qala, Ajani's Pridemate, Angel of Vitality"
Healing,Jumpstart,Other,FDN,2024-11-15,0.0,"Twinblade Paladin, Ancestor Dragon, Hinterland Sanctifier, Dazzling Angel, Ajani's Pridemate"
Heavily Armored (1),Jumpstart,Other,JMP,2020-07-17,7.26,"Cathars' Crusade, Plains, Feat of Resistance, Trusty Retriever, Basri's Acolyte"
Heavily Armored (2),Jumpstart,Other,JMP,2020-07-17,7.26,"Cathars' Crusade, Plains, Trusty Retriever, Basri's Acolyte, Plains"
Heavily Armored (3),Jumpstart,Other,JMP,2020-07-17,0.0,"Mikaeus, the Lunarch, Plains, Trusty Retriever, Basri's Acolyte, Basri's Solidarity"
Heavily Armored (4),Jumpstart,Other,JMP,2020-07-17,2.53,"Duelist's Heritage, Plains, Trusty Retriever, Basri's Acolyte, Supply Runners"
Heavy Duty,Theme Deck,Other,INV,2000-10-02,123.45,"Armadillo Cloak, Thicket Elemental, Crimson Acolyte, Forest, Elfhame Palace"
Heavy Hitters,Theme Deck,Other,8ED,2003-07-28,31.26,"Wood Elves, Rampant Growth, Elvish Pioneer, Naturalize, Primeval Force"
Hei Bai (1),Jumpstart,Other,TLE,2025-11-20,1.91,"That's Rough Buddy, Plains, Aang, A Lot to Learn, Suki, Courageous Rescuer, Thriving Heath"
Hei Bai (2),Jumpstart,Other,TLE,2025-11-20,1.91,"That's Rough Buddy, Plains, Aang, A Lot to Learn, Suki, Courageous Rescuer, Thriving Heath"
Here Be Dragons,Secret Lair Drop,Other,SLD,2022-06-14,235.51,"Old Gnawbone, Tiamat, Ebondeath, Dracolich, Icingdeath, Frost Tyrant, Iymrith, Desert Doom"
Heroes,Duel Deck,Other,DDL,2013-09-06,3.5,"Pyrokinesis, Sun Titan, Plains, Winds of Rath, Plains"
Heroes (1),Jumpstart,Other,J25,2024-11-07,2.06,"Brigone, Soldier of Meletis, Chains of Custody, Tethmos High Priest, Favored Hoplite, Valorous Stance"
Heroes (2),Jumpstart,Other,J25,2024-11-07,2.06,"Brigone, Soldier of Meletis, Ojutai Exemplars, Chains of Custody, Favored Hoplite, Valorous Stance"
Hidden Pathways,Secret Lair Drop,Other,SLU,2021-05-07,83.01,"Riverglide Pathway // Lavaglide Pathway, Barkchannel Pathway // Tidechannel Pathway, Clearwater Pathway // Murkwater Pathway, Brightclimb Pathway // Grimclimb Pathway, Darkbore Pathway // Slitherbore Pathway"
High Priest,Shandalar Enemy Deck,Other,PAST,1997-04-01,57.03,"Fellwar Stone, Armageddon, Savannah Lions, White Mana Battery, Balance"
High-Flying Valor,Arena Starter Deck,Other,LTR,2023-06-20,21.14,"Myrel, Shield of Argive, Rescue Retriever, Siege Veteran, Valiant Veteran, Fortified Beachhead"
Hit The Ground Running,Intro Pack,Other,M15,2014-07-18,7.63,"Stormtide Leviathan, Reclamation Sage, Illusory Angel, Satyr Wayfinder, Negate"
Hold The Line,Event Deck,Other,ISD,2011-10-28,20.71,"Champion of the Parish, Honor of the Pure, Fiend Hunter, Bonds of Faith, Plains"
Holy 1,Jumpstart,Other,J22,2022-12-02,3.69,"Blessed Sanctuary, Angelic Cub, Emancipation Angel, Chains of Custody, Goldnight Commander"
Holy 2,Jumpstart,Other,J22,2022-12-02,14.21,"Starnheim Aspirant, Lyra Dawnbringer, Angelic Cub, Emancipation Angel, Chains of Custody"
Holy 3,Jumpstart,Other,J22,2022-12-02,3.94,"Valkyrie Harbinger, Planar Atlas, Dawn of Hope, Emancipation Angel, Chains of Custody"
Holy 4,Jumpstart,Other,J22,2022-12-02,5.62,"Righteous Valkyrie, Emancipation Angel, Chains of Custody, Thriving Heath, Plains"
Hope's Crusaders,Theme Deck,Other,TSP,2006-10-06,23.32,"Outrider en-Kor, Pentarch Paladin, Benalish Cavalry, Sarpadian Empires, Vol. VII, Cloudchaser Kestrel"
Horizon: Into the Forbidden West,Secret Lair Drop,Other,SLD,2025-11-06,46.37,"Blightsteel Colossus, Farseek, Aloy, Savior of Meridian, Tarrian's Soulcleaver, Meteor Golem"
Horizon: Into the Forbidden West Foil Edition,Secret Lair Drop,Other,SLD,2025-11-06,46.37,"Blightsteel Colossus, Farseek, Aloy, Savior of Meridian, Tarrian's Soulcleaver, Meteor Golem"
Horrific Visions,Intro Pack,Other,SOI,2016-04-08,2.9,"Crawling Sensation, Liliana's Indignation, Inexorable Blob, Swamp, Forest"
Hour of Devastation Foil Redemption,MTGO Redemption,Other,HOU,2017-08-13,303.3,"Torment of Hailfire, The Locust God, Obelisk Spider, Razaketh, the Foulblooded, Solemnity"
Hour of Devastation Redemption,MTGO Redemption,Other,HOU,2017-08-13,303.3,"Torment of Hailfire, The Locust God, Obelisk Spider, Razaketh, the Foulblooded, Solemnity"
House Dimir,Arena Starter Deck,Other,M20,2019-05-03,36.43,"Watery Grave, Doom Whisperer, Etrata, the Silencer, Thief of Sanity, Swamp"
House Dimir 1,Jumpstart,Other,CLU,2024-02-23,1.2,"Dimir Signet, Duskmantle Seer, Memory Vampire, Dimir Aqueduct, Undercover Butler"
House Dimir 2,Jumpstart,Other,CLU,2024-02-23,0.0,"Dimir Strandcatcher, Thief of Sanity, Murder, Dimir Aqueduct, Swamp"
"Huatli, Dinosaur Knight",Planeswalker Deck,Other,XLN,2017-09-29,13.15,"Huatli, Dinosaur Knight, Goring Ceratops, Kinjalli's Caller, Lightning Strike, Mountain"
Humanity's Vengeance,Event Deck,Other,AVR,2012-05-25,244.91,"Mental Misstep, Phyrexian Metamorph, Tandem Lookout, Dismember, Porcelain Legionnaire"
Hunting (1),Jumpstart,Other,TLE,2025-11-20,3.47,"Desperate Plea, Katara, Seeking Revenge, Swamp, Raven Eagle, Thriving Moor"
Hunting (2),Jumpstart,Other,TLE,2025-11-20,1.14,"Ruthless Waterbender, Katara, Seeking Revenge, Swamp, Raven Eagle, Thriving Moor"
Hunting Pack,Intro Pack,Other,ORI,2015-07-17,14.94,"Managorger Hydra, Dwynen, Gilt-Leaf Daen, Shaman of the Pack, Dwynen's Elite, Skysnare Spider"
Icky (1),Jumpstart,Other,J25,2024-11-07,9.2,"Fumulus, the Infestation, Wriggling Grub, Go for the Throat, Nantuko Husk, Village Rites"
Icky (2),Jumpstart,Other,J25,2024-11-07,9.2,"Fumulus, the Infestation, Wriggling Grub, Go for the Throat, Endless Cockroaches, Nantuko Husk"
If Looks Could Kill,Secret Lair Drop,Other,SLD,2022-12-05,54.34,"Liliana of the Dark Realms, Azami, Lady of Scrolls, Reflector Mage, Adaptive Automaton"
If Looks Could Kill Foil Edition,Secret Lair Drop,Other,SLD,2022-12-05,54.34,"Liliana of the Dark Realms, Azami, Lady of Scrolls, Reflector Mage, Adaptive Automaton"
Ignite the Forge,Arena Starter Deck,Other,SNC,2022-09-09,23.21,"Haunted Ridge, Professional Face-Breaker, Atsushi, the Blazing Sky, Blood Fountain, Big Score"
Ikoria: Lair of Behemoths Foil Redemption,MTGO Redemption,Other,IKO,2020-05-24,309.01,"The Ozolith, Zagoth Triome, Kinnan, Bonder Prodigy, Savai Triome, Indatha Triome"
Ikoria: Lair of Behemoths Redemption,MTGO Redemption,Other,IKO,2020-05-24,309.01,"The Ozolith, Zagoth Triome, Kinnan, Bonder Prodigy, Savai Triome, Indatha Triome"
Illusionary Might,Event Deck,Other,M12,2011-08-12,104.6,"Preordain, Phantasmal Image, Glimmerpost, Steel Hellkite, Lord of the Unreal"
Illusions,Jumpstart,Other,J25,2024-11-07,0.0,"Pol Jamaar, Illusionist, Lord of the Unreal, Murmuring Mystic, Phantom Ninja, Phantasmal Shieldback"
Imaginary Friends,Secret Lair Drop,Other,SLD,2022-10-25,74.37,"Toothy, Imaginary Friend, The Gitrog Monster, Pir, Imaginative Rascal, Matter Reshaper"
Imaginary Friends Foil Edition,Secret Lair Drop,Other,SLD,2022-10-25,74.37,"Toothy, Imaginary Friend, The Gitrog Monster, Pir, Imaginative Rascal, Matter Reshaper"
Impaler,Theme Deck,Other,S99,1999-07-12,3.1,"Nature's Lore, Whirlwind, Renewing Touch, Forest, Pride of Lions"
In Memoriam: Jaya Ballard,Secret Lair Drop,Other,SLD,2022-10-25,109.3,"Pyretic Ritual, Repercussion, Jaya's Immolating Inferno, Pyromancer's Goggles, Jaya Ballard"
In Memoriam: Jaya Ballard Foil Edition,Secret Lair Drop,Other,SLD,2022-10-25,109.3,"Pyretic Ritual, Repercussion, Jaya's Immolating Inferno, Pyromancer's Goggles, Jaya Ballard"
Infantry 1,Jumpstart,Other,BRO,2022-11-18,1.2,"Rescue Retriever, Recommission, Lay Down Arms, Recruitment Officer, Airlift Chaplain"
Infantry 2,Jumpstart,Other,BRO,2022-11-18,1.2,"Rescue Retriever, Lay Down Arms, Scrapwork Cohort, Yotian Frontliner, Veteran's Powerblade"
Infect & Defile,Event Deck,Other,MBS,2011-02-25,109.2,"Preordain, Plague Myr, Hand of the Praetors, Corrupted Conscience, Deprive"
Infernal Intervention,Intro Pack,Other,M15,2014-07-18,21.19,"Profane Memento, Typhoid Rats, Caustic Tar, Burning Anger, Indulgent Tormentor"
Inferno,Jumpstart,Other,FDN,2024-11-15,1.12,"Terror of Mount Velus, Carnelian Orb of Dragonkind, Seize the Spoils, Mountain, Firespitter Whelp"
Infestation,Theme Deck,Other,7ED,2001-04-11,741.25,"Goblin King, Goblin Matron, Trained Orgg, Lightning Blast, Mountain"
Ingenious Machinists,Duel Deck,Other,DDU,2018-04-06,37.09,"Goblin Welder, Darksteel Plate, Great Furnace, Galvanic Blast, Etherium Sculptor"
Inked,Secret Lair Drop,Other,SLD,2026-05-29,50.57,"Crypt Ghast, Ice-Fang Coatl, Deathrite Shaman, Mulldrifter, Burnished Hart"
Inked Foil Edition,Secret Lair Drop,Other,SLD,2026-05-29,50.57,"Crypt Ghast, Ice-Fang Coatl, Deathrite Shaman, Mulldrifter, Burnished Hart"
Innistrad Foil Redemption,MTGO Redemption,Other,ISD,2011-10-30,782.27,"Liliana of the Veil, Snapcaster Mage, Parallel Lives, Moonmist, Army of the Damned"
Innistrad Redemption,MTGO Redemption,Other,ISD,2011-10-30,782.27,"Liliana of the Veil, Snapcaster Mage, Parallel Lives, Moonmist, Army of the Damned"
Innistrad: Crimson Vow Foil Redemption,MTGO Redemption,Other,VOW,2021-12-19,171.98,"Toxrill, the Corrosive, Deathcap Glade, Hallowed Haunting, Olivia, Crimson Bride, Hullbreaker Horror"
Innistrad: Crimson Vow Redemption,MTGO Redemption,Other,VOW,2021-12-19,171.98,"Toxrill, the Corrosive, Deathcap Glade, Hallowed Haunting, Olivia, Crimson Bride, Hullbreaker Horror"
Innistrad: Crimson Vow Welcome Booster,Welcome Booster,Other,VOW,2021-11-19,4.08,"Sorin, Vengeful Bloodlord, Niv-Mizzet, the Firemind, Thirst for Discovery, Voldaren Epicure, Commander's Sphere"
Innistrad: Midnight Hunt Foil Redemption,MTGO Redemption,Other,MID,2021-10-24,134.83,"The Meathook Massacre, Haunted Ridge, Jadar, Ghoulcaller of Nephalia, Shipwreck Marsh, Deserted Beach"
Innistrad: Midnight Hunt Redemption,MTGO Redemption,Other,MID,2021-10-24,134.83,"The Meathook Massacre, Haunted Ridge, Jadar, Ghoulcaller of Nephalia, Shipwreck Marsh, Deserted Beach"
Innistrad: Midnight Hunt Welcome Booster,Welcome Booster,Other,MID,2021-09-24,0.0,"Rally the Ranks, Triskaidekaphobia, Arlinn, Voice of the Pack, Bladestitched Skaab, Commander's Sphere"
Insanity,Theme Deck,Other,TOR,2002-02-08,287.93,"Arrogant Wurm, Putrid Imp, Basking Rootwalla, Tainted Wood, Forest"
Insatiable Hunger,Intro Pack,Other,BNG,2014-02-07,16.3,"Searing Blood, Mistcutter Hydra, Voyaging Satyr, Forest, Ordeal of Nylea"
Insects 1,Jumpstart,Other,J22,2022-12-02,0.0,"Caustic Caterpillar, Duskshell Crawler, Iridescent Hornbeetle, Crawling Sensation, Relentless Pursuit"
Insects 2,Jumpstart,Other,J22,2022-12-02,31.95,"Zask, Skittering Swarmlord, Circuit Mender, Caustic Caterpillar, Kraul Harpooner, Crawling Sensation"
Insects 3,Jumpstart,Other,J22,2022-12-02,0.0,"Caustic Caterpillar, Iridescent Hornbeetle, Deadbridge Goliath, Phantom Nantuko, Crawling Sensation"
Insects 4,Jumpstart,Other,J22,2022-12-02,31.95,"Zask, Skittering Swarmlord, Caustic Caterpillar, Rampaging Growth, Crawling Sensation, Relentless Pursuit"
Inspiration-Struck,Intro Pack,Other,BNG,2014-02-07,20.11,"Retraction Helix, Springleaf Drum, Curse of the Swine, Siren of the Silent Song, Island"
Inspiring Heroics,Event Deck,Other,THS,2013-10-18,30.8,"Hallowed Fountain, Imposing Sovereign, Frontline Medic, Dryad Militant, Detention Sphere"
Insurgent (1),Jumpstart,Other,TLE,2025-11-20,1.52,"Tale of Momo, Momo, Rambunctious Rascal, Plains, Airbender's Reversal, Inspired Insurgent"
Insurgent (2),Jumpstart,Other,TLE,2025-11-20,8.05,"Duelist's Heritage, That's Rough Buddy, Momo, Rambunctious Rascal, Plains, Hakoda, Selfless Commander"
International Women's Day 2020,Secret Lair Drop,Other,SLD,2020-03-08,103.35,"Meren of Clan Nel Toth, Oona, Queen of the Fae, Captain Sisay, Saskia the Unyielding, Narset, Enlightened Master"
Intl. Collectors' Edition,Box Set,Other,CEI,1993-12-10,7701.93,"Mox Jet, Mox Ruby, Mox Emerald, Ancestral Recall, Time Walk"
Into the Breach,Event Deck,Other,MBS,2011-02-25,90.35,"Galvanic Blast, Memnite, Goblin Bushwhacker, Kuldotha Rebirth, Signal Pest"
Introducing: Kaito Shizuki,Secret Lair Drop,Other,SLD,2022-07-22,80.59,"Snap, Brain Freeze, Bribery, Unmask, Shadow of Doubt"
Introducing: Kaito Shizuki Foil Edition,Secret Lair Drop,Other,SLD,2022-07-22,80.59,"Snap, Brain Freeze, Bribery, Unmask, Shadow of Doubt"
Inundation,Theme Deck,Other,JUD,2002-05-27,258.88,"Commander Eesha, Battle Screech, Prismatic Strands, Tireless Tribe, Unquestioned Authority"
Invading Spawn,Intro Pack,Other,ROE,2010-04-23,83.41,"Pawn of Ulamog, Lightning Bolt, Emrakul's Hatcher, Hand of Emrakul, Bloodthrone Vampire"
Invasion Foil Redemption,MTGO Redemption,Other,INV,2000-11-01,5294.24,"Phyrexian Altar, Reya Dawnbringer, Captain Sisay, Tsabo's Web, Coalition Victory"
Invasion Redemption,MTGO Redemption,Other,INV,2000-11-01,5294.24,"Phyrexian Altar, Reya Dawnbringer, Captain Sisay, Tsabo's Web, Coalition Victory"
Inventive (1),Jumpstart,Other,J25,2024-11-07,0.0,"Seat of the Synod, Sai, Master Thopterist, Ornithopter of Paradise, Chief of the Foundry, Gilded Scuttler"
Inventive (2),Jumpstart,Other,J25,2024-11-07,0.0,"Seat of the Synod, Sai, Master Thopterist, Ornithopter of Paradise, Shimmer Dragon, Chief of the Foundry"
Inventive (3),Jumpstart,Other,J25,2024-11-07,3.63,"Thoughtcast, Padeem, Consul of Innovation, Seat of the Synod, Myr Enforcer, Ornithopter of Paradise"
Inventive (4),Jumpstart,Other,J25,2024-11-07,1.14,"Padeem, Consul of Innovation, Seat of the Synod, Ornithopter of Paradise, Chief of the Foundry, Guardian Idol"
Inventive 1,Jumpstart,Other,J22,2022-12-02,7.82,"Tezzeret, Artifice Master, Seat of the Synod, Planar Atlas, Aether Spellbomb, Launch Mishap"
Inventive 2,Jumpstart,Other,J22,2022-12-02,3.16,"Seat of the Synod, Hangarback Walker, Launch Mishap, Whirler Rogue, Thriving Isle"
Inventive 3,Jumpstart,Other,J22,2022-12-02,1.99,"Seat of the Synod, Steel Overseer, Thopter Spy Network, Aether Spellbomb, Launch Mishap"
Inventive 4,Jumpstart,Other,J22,2022-12-02,1.99,"Seat of the Synod, Solemn Simulacrum, Aether Spellbomb, Launch Mishap, Whirler Rogue"
Iroh,Jumpstart,Other,TLE,2025-11-20,12.78,"Bolt Bend, Iroh, Dragon of the West, Fiery Confluence, Zuko, Seeking Honor, Thriving Bluff"
Iron Maiden: Album Art,Secret Lair Drop,Other,SLD,2025-10-27,93.11,"Animate Dead, Unearth, Grave Titan, Temporal Trespass, Lethal Scheme"
Iron Maiden: Album Art Foil Edition,Secret Lair Drop,Other,SLD,2025-10-27,93.11,"Animate Dead, Unearth, Grave Titan, Temporal Trespass, Lethal Scheme"
Iron Maiden: Eddie Unchained,Secret Lair Drop,Other,SLD,2025-10-27,156.25,"Bruvac the Grandiloquent, Nekusar, the Mindrazer, Mindcrank, Windfall, Captain N'ghathrod"
Iron Maiden: Eddie Unchained Foil Edition,Secret Lair Drop,Other,SLD,2025-10-27,156.25,"Bruvac the Grandiloquent, Nekusar, the Mindrazer, Mindcrank, Windfall, Captain N'ghathrod"
Ivory Doom,Theme Deck,Other,ONS,2002-10-07,210.58,"Smother, Starlit Sanctum, Barren Moor, Astral Slide, Secluded Steppe"
Ixalan Foil Redemption,MTGO Redemption,Other,XLN,2017-10-29,346.29,"Gishath, Sun's Avatar, Revel in Riches, Herald of Secret Streams, Primal Amulet // Primal Wellspring, Vanquisher's Banner"
Ixalan Redemption,MTGO Redemption,Other,XLN,2017-10-29,346.29,"Gishath, Sun's Avatar, Revel in Riches, Herald of Secret Streams, Primal Amulet // Primal Wellspring, Vanquisher's Banner"
Ixidor's Legacy,Theme Deck,Other,PLC,2007-02-02,66.53,"Pongify, Desert, Piracy Charm, Riptide Pilferer, Aeon Chronicler"
Izzet,Duel Deck,Other,DDJ,2012-09-07,18.67,"Isochron Scepter, Brainstorm, Force Spike, Niv-Mizzet, the Firemind, Gelectrode"
Izzet Gizmometry,Theme Deck,Other,GPT,2006-02-03,53.18,"Gelectrode, Izzet Boilerworks, Repeal, Telling Time, Tibor and Lumia"
Izzet Ingenuity,Intro Pack,Other,RTR,2012-10-05,21.34,"Electrickery, Blustersquall, Krenko's Command, Mizzium Mortars, Guttersnipe"
Izzet League,Arena Starter Deck,Other,M20,2019-05-03,46.29,"Steam Vents, Niv-Mizzet, Parun, Electrostatic Field, Runaway Steam-Kin, Thousand-Year Storm"
Izzet League 1,Jumpstart,Other,CLU,2024-02-23,5.01,"Stunt Double, Consider, Resonance Technician, Izzet Boilerworks, Ecstatic Electromancer"
Izzet League 2,Jumpstart,Other,CLU,2024-02-23,19.35,"Corporeal Projection, Lightning Bolt, Izzet Signet, Izzet Boilerworks, Ecstatic Electromancer"
Izzet Phoenix,Pioneer Challenger Deck,Other,Q08,2022-11-04,34.72,"Steam Vents, Treasure Cruise, Arclight Phoenix, Fiery Impulse, Sulfur Falls"
Izzet Spellweaving,Arena Starter Deck,Other,DOM,2018-03-22,34.95,"Primal Amulet // Primal Wellspring, Spell Swindle, Star of Extinction, Field of Ruin, Cryptic Serpent"
Jace,Duel Deck,Other,JVC,2014-12-05,16.89,"Counterspell, Terrain Generator, Gush, Ancestral Vision, Jace Beleren"
Jace Japanese,Duel Deck,Other,DD2,2008-11-07,17.31,"Counterspell, Terrain Generator, Daze, Ancestral Vision, Gush"
"Jace, Arcane Strategist",Planeswalker Deck,Other,WAR,2019-05-03,15.97,"Spark Double, Kiora, Behemoth Beckoner, Merfolk Skydiver, Jace, Arcane Strategist, Guildpact Informant"
"Jace, Ingenious Mind Mage",Planeswalker Deck,Other,XLN,2017-09-29,28.44,"Herald of Secret Streams, Tempest Caller, Fleet Swallower, Island, Jace, Ingenious Mind-Mage"
Jakub Šlemr - Mono-Black Control,World Championship Deck,Other,WC99,1999-08-04,219.25,"Vampiric Tutor, Volrath's Stronghold, Yawgmoth's Will, Powder Keg, Wasteland"
Jakub Šlemr - Prismatic Black Aggro,World Championship Deck,Other,WC97,1997-08-13,30.51,"City of Brass, Gemstone Mine, Undiscovered Paradise, Sulfurous Springs, Underground River"
Jan Tomcani - Dark Fires,World Championship Deck,Other,WC01,2001-08-08,128.64,"Llanowar Wastes, City of Brass, Rishadan Port, Forest, Birds of Paradise"
Janosch Kühn - Angry Non-Hermit,World Championship Deck,Other,WC00,2000-08-02,54.27,"Dust Bowl, Rishadan Port, Birds of Paradise, Priest of Titania, Karplusan Forest"
Janosch Kühn - Red-White-Blue Speed Control,World Championship Deck,Other,WC97,1997-08-13,87.47,"Force of Will, City of Brass, Thawing Glaciers, Swords to Plowshares, Undiscovered Paradise"
Jaws: Terror of Amity Island,Secret Lair Drop,Other,SLD,2025-10-27,205.77,"Jaws, Relentless Predator, Descent into Avernus, Sneak Attack, Reckless Endeavor, Abrade"
Jaws: Terror of Amity Island Foil Edition,Secret Lair Drop,Other,SLD,2025-10-27,205.77,"Jaws, Relentless Predator, Descent into Avernus, Sneak Attack, Reckless Endeavor, Abrade"
Jeskai Monks,Intro Pack,Other,KTK,2014-09-26,11.36,"Monastery Swiftspear, Mystic Monastery, Void Snare, Mountain, Plains"
Jiang Yanggu,Planeswalker Deck,Other,GS1,2018-06-22,0.0,"Jiang Yanggu, Forest, Mountain, Screeching Phoenix, Journey for the Elixir"
Jon Finkel - Mono-Blue Tinker,World Championship Deck,Other,WC00,2000-08-02,96.41,"Grim Monolith, Metalworker, Rishadan Port, Tangle Wire, Masticore"
Journey 1,Jumpstart,Other,LTR,2023-06-23,7.95,"Elanor Gardner, Mirkwood Spider, Revive the Shire, Meriadoc Brandybuck, Forest"
Journey 2,Jumpstart,Other,LTR,2023-06-23,7.95,"Elanor Gardner, Peregrin Took, Revive the Shire, Meriadoc Brandybuck, Stew the Coneys"
Journey into Nyx Foil Redemption,MTGO Redemption,Other,JOU,2014-06-01,478.09,"Sage of Hours, Mana Confluence, Athreos, God of Passage, Iroas, God of Victory, Dictate of Erebos"
Journey into Nyx Redemption,MTGO Redemption,Other,JOU,2014-06-01,478.09,"Sage of Hours, Mana Confluence, Athreos, God of Passage, Iroas, God of Victory, Dictate of Erebos"
Judgment Foil Redemption,MTGO Redemption,Other,JUD,2002-06-26,3247.59,"Sylvan Safekeeper, Cabal Therapy, Seedtime, Mirari's Wake, Anger"
Judgment Redemption,MTGO Redemption,Other,JUD,2002-06-26,3247.59,"Sylvan Safekeeper, Cabal Therapy, Seedtime, Mirari's Wake, Anger"
Julien Nuijten - Green-White Astral Slide,World Championship Deck,Other,WC04,2004-09-01,18.8,"Windswept Heath, Plains, Wrath of God, Plains, Forest"
Jund Appetite for War,Intro Pack,Other,CON,2009-02-06,35.8,"Terramorphic Expanse, Swamp, Voracious Dragon, Forest, Forest"
Jungle Jam,MTGO Theme Deck,Other,MIR,2006-12-05,32.43,"Worldly Tutor, Zuberi, Golden Feather, Mountain Valley, Forest, Plains"
Jungle Secrets,Arena Starter Deck,Other,M19,2018-09-27,34.04,"Herald of Secret Streams, Kumena, Tyrant of Orazca, Tempest Caller, Merfolk Mistbinder, Hinterland Harbor"
Jurassic World: Dr. Ian Malcolm,Secret Lair Drop,Other,SLD,2023-12-05,89.72,"Atla Palani, Nest Tender, Tasigur, the Golden Fang, Tasha's Hideous Laughter, Laboratory Maniac"
Jurassic World: Dr. Ian Malcolm Foil Edition,Secret Lair Drop,Other,SLD,2023-12-05,98.58,"Atla Palani, Nest Tender, Tasigur, the Golden Fang, Tasha's Hideous Laughter, Laboratory Maniac"
Jurassic World: Life Breaks Free,Secret Lair Drop,Other,SLD,2023-12-05,192.45,"Etali, Primal Storm, Regisaur Alpha, Polyraptor, Rampaging Ferocidon, Wayward Swordtooth"
Jurassic World: Life Breaks Free Foil Edition,Secret Lair Drop,Other,SLD,2023-12-05,220.5,"Etali, Primal Storm, Polyraptor, Regisaur Alpha, Wayward Swordtooth, Rampaging Ferocidon"
Just Add Milk,Secret Lair Drop,Other,SLD,2022-12-19,58.18,"Ulamog, the Ceaseless Hunger // Ulamog, the Ceaseless Hunger, Ghalta, Primal Hunger // Ghalta, Primal Hunger, Etali, Primal Storm // Etali, Primal Storm"
Just Add Milk Foil Edition,Secret Lair Drop,Other,SLD,2022-12-19,58.18,"Ulamog, the Ceaseless Hunger // Ulamog, the Ceaseless Hunger, Ghalta, Primal Hunger // Ghalta, Primal Hunger, Etali, Primal Storm // Etali, Primal Storm"
Just Add Milk: Second Helpings,Secret Lair Drop,Other,SLD,2024-02-23,66.47,"Sakashima of a Thousand Faces // Sakashima of a Thousand Faces, Adrix and Nev, Twincasters // Adrix and Nev, Twincasters, Krark, the Thumbless // Krark, the Thumbless, Yargle, Glutton of Urborg // Yargle, Glutton of Urborg"
Just Add Milk: Second Helpings Foil Edition,Secret Lair Drop,Other,SLD,2024-02-23,66.47,"Sakashima of a Thousand Faces // Sakashima of a Thousand Faces, Adrix and Nev, Twincasters // Adrix and Nev, Twincasters, Krark, the Thumbless // Krark, the Thumbless, Yargle, Glutton of Urborg // Yargle, Glutton of Urborg"
Just Some Totally Normal Guys,Secret Lair Drop,Other,SLD,2022-08-05,52.57,"Void Winnower, Collector Ouphe, Vengevine, Goblin Settler"
Just Some Totally Normal Guys Foil Edition,Secret Lair Drop,Other,SLD,2022-08-05,52.57,"Void Winnower, Collector Ouphe, Vengevine, Goblin Settler"
KEXP: Where the Music Matters,Secret Lair Drop,Other,SLD,2025-05-13,16.76,"Swamp, Forest, Mountain, Island, Plains"
KEXP: Where the Music Matters Foil Edition,Secret Lair Drop,Other,SLD,2025-05-13,16.76,"Swamp, Forest, Mountain, Island, Plains"
KEXP: You Are Not Alone,Secret Lair Drop,Other,SLD,2025-05-13,49.64,"Concordant Crossroads, Font of Mythos, Rites of Flourishing, Cultural Exchange, Folio of Fancies"
KEXP: You Are Not Alone Foil Edition,Secret Lair Drop,Other,SLD,2025-05-13,49.64,"Concordant Crossroads, Font of Mythos, Rites of Flourishing, Cultural Exchange, Folio of Fancies"
Kai Budde - Red-Artifact Wildfire,World Championship Deck,Other,WC99,1999-08-04,151.29,"Ancient Tomb, City of Traitors, Grim Monolith, Cursed Scroll, Karn, Silver Golem"
Kaladesh Foil Redemption,MTGO Redemption,Other,KLD,2016-10-30,275.78,"Aetherflux Reservoir, Inventors' Fair, Saheeli Rai, Noxious Gearhulk, Authority of the Consuls"
Kaladesh Redemption,MTGO Redemption,Other,KLD,2016-10-30,275.78,"Aetherflux Reservoir, Inventors' Fair, Saheeli Rai, Noxious Gearhulk, Authority of the Consuls"
Kaldheim Foil Redemption,MTGO Redemption,Other,KHM,2021-03-07,361.02,"Vorinclex, Monstrous Raider, Birgi, God of Storytelling // Harnfel, Horn of Bounty, Halvar, God of Battle // Sword of the Realms, Esika, God of the Tree // The Prismatic Bridge, Tergrid, God of Fright // Tergrid's Lantern"
Kaldheim Redemption,MTGO Redemption,Other,KHM,2021-03-07,361.02,"Vorinclex, Monstrous Raider, Birgi, God of Storytelling // Harnfel, Horn of Bounty, Halvar, God of Battle // Sword of the Realms, Esika, God of the Tree // The Prismatic Bridge, Tergrid, God of Fright // Tergrid's Lantern"
Kaleidoscope Killers,Secret Lair Drop,Other,SLD,2019-12-08,113.43,"The Ur-Dragon, Sliver Overlord, Reaper King"
Kamahl's Temper,Theme Deck,Other,10E,2007-07-13,8.8,"Mountain, Dragon's Claw, Threaten, Incinerate, Raging Goblin"
Kami Reborn,Theme Deck,Other,CHK,2004-10-01,113.17,"Honden of Night's Reach, Honden of Life's Web, Kodama's Reach, Iname, Death Aspect, Long-Forgotten Gohei"
Kamigawa Ink,Secret Lair Drop,Other,SLD,2021-12-13,86.66,"Michiko Konda, Truth Seeker, Kami of the Crescent Moon, Reki, the History of Kamigawa, Heartless Hidetsugu, Toshiro Umezawa"
Kamigawa Ink Foil Edition,Secret Lair Drop,Other,SLD,2021-12-13,86.66,"Michiko Konda, Truth Seeker, Kami of the Crescent Moon, Reki, the History of Kamigawa, Heartless Hidetsugu, Toshiro Umezawa"
Kamigawa: Neon Dynasty Foil Redemption,MTGO Redemption,Other,NEO,2022-03-20,299.55,"Boseiju, Who Endures, Otawara, Soaring City, Kodama of the West Tree, Takenuma, Abandoned Mire, Jin-Gitaxias, Progress Tyrant"
Kamigawa: Neon Dynasty Redemption,MTGO Redemption,Other,NEO,2022-03-20,299.55,"Boseiju, Who Endures, Otawara, Soaring City, Kodama of the West Tree, Takenuma, Abandoned Mire, Jin-Gitaxias, Progress Tyrant"
Kamigawa: Neon Dynasty Welcome Booster,Welcome Booster,Other,NEO,2022-02-18,3.94,"Jugan, the Rising Star, Tamiyo, Collector of Tales, Archon of Sun's Grace, Spirited Companion, Commander's Sphere"
Kamigawa: the Manga: the Cards,Secret Lair Drop,Other,SLD,2022-07-22,110.77,"Veil of Summer, Swords to Plowshares, Idyllic Tutor, Praetor's Grasp, Solve the Equation"
Kamigawa: the Manga: the Cards Foil Edition,Secret Lair Drop,Other,SLD,2022-07-22,110.77,"Veil of Summer, Swords to Plowshares, Idyllic Tutor, Praetor's Grasp, Solve the Equation"
Katara,Jumpstart,Other,TLE,2025-11-20,14.3,"Katara, Waterbending Master, Consider, Gran-Gran, Island, Thriving Isle"
Kazz's First Deck,Intro Pack,Other,RQS,1996-06-10,0.0,"Island, Island, Mountain, Mountain, Mountain"
Kazz's Second Deck,Intro Pack,Other,ITP,1996-12-31,54.81,"Island, Mountain, Cursed Land, Mountain, Mons's Goblin Raiders"
"Keep Partying Hard, Shred Harder Than You Previously Thought Possible",Secret Lair Drop,Other,SLD,2023-09-15,110.43,"Jeska, Thrice Reborn, Tevesh Szat, Doom of Fools, Vial Smasher the Fierce, Godo, Bandit Warlord"
"Keep Partying Hard, Shred Harder Than You Previously Thought Possible Foil Edition",Secret Lair Drop,Other,SLD,2023-09-15,110.43,"Jeska, Thrice Reborn, Tevesh Szat, Doom of Fools, Vial Smasher the Fierce, Godo, Bandit Warlord"
Keep the Peace,Arena Starter Deck,Other,ANB,2020-08-13,0.0,"Charmed Stray, Fencing Ace, Hallowed Priest, Impassioned Orator, Moorland Inquisitor"
Khans of Tarkir Foil Redemption,MTGO Redemption,Other,KTK,2014-10-26,384.9,"Wooded Foothills, Bloodstained Mire, Polluted Delta, Windswept Heath, Flooded Strand"
Khans of Tarkir Redemption,MTGO Redemption,Other,KTK,2014-10-26,384.9,"Wooded Foothills, Bloodstained Mire, Polluted Delta, Windswept Heath, Flooded Strand"
Kiora,Duel Deck,Other,DDO,2015-02-27,1.39,"Kiora, the Crashing Wave, Whelming Wave, Scourge of Fleets, Inkwell Leviathan, Aetherize"
Kiska-Ra,Shandalar Enemy Deck,Other,PAST,1997-04-01,15324.72,"Timetwister, Mox Emerald, Mox Pearl, Time Walk, Desert Twister"
Kithkin Militia,Theme Deck,Other,LRW,2007-10-12,90.86,"Brigid, Hero of Kinsbaile, Shields of Velis Vel, Goldmeadow Harrier, Crib Swap, Kithkin Harbinger"
Kjeldoran Cunning,Theme Deck,Other,CSP,2006-07-21,91.69,"Darien, King of Kjeldor, Field Marshal, Boreal Shelf, Jötun Grunt, Swords to Plowshares"
Knights,Duel Deck,Other,DDG,2011-04-01,27.3,"Kinsbaile Cavalier, Knight Exemplar, Loxodon Warhammer, Spidersilk Armor, Knight of the Reliquary"
Kor Armory,Intro Pack,Other,ZEN,2009-10-02,14.18,"Kor Skyfisher, Explorer's Scope, Kabira Crossroads, Kor Cartographer, Conqueror's Pledge"
Koth,Duel Deck,Other,DDI,2012-03-30,3.34,"Anger, Koth of the Hammer, Searing Blaze, Aether Membrane, Mountain"
Kyoshi,Jumpstart,Other,TLE,2025-11-20,34.81,"Avatar Kyoshi, Earthbender, Cracked Earth Technique, Tectonic Split, Elephant-Mandrill, Kyoshi Warrior Exemplars"
Kzzy'n - The Dragon Lord,Shandalar Enemy Deck,Other,PAST,1997-04-01,378.88,"Mountain, Ivory Tower, Birds of Paradise, Shivan Dragon, Winds of Change"
Landfall (1),Jumpstart,Other,J25,2024-11-07,5.34,"Lotus Cobra, Undergrowth Champion, Sutina, Speaker of the Tajuru, Thriving Grove, Harrow"
Landfall (2),Jumpstart,Other,J25,2024-11-07,11.66,"Ancient Greenwarden, Retreat to Kazandu, Sutina, Speaker of the Tajuru, Thriving Grove, Bite Down"
Landfall (3),Jumpstart,Other,J25,2024-11-07,29.54,"Scythecat Cub, Retreat to Kazandu, Sutina, Speaker of the Tajuru, Thriving Grove, Harrow"
Landfall (4),Jumpstart,Other,J25,2024-11-07,29.54,"Scythecat Cub, Sutina, Speaker of the Tajuru, Thriving Grove, Harrow, Baloth Woodcrasher"
Landfall 1,Jumpstart,Other,J22,2022-12-02,3.63,"Courser of Kruphix, Zendikar's Roil, Primeval Herald, Rampaging Baloths, Khalni Heart Expedition"
Landfall 2,Jumpstart,Other,J22,2022-12-02,3.45,"Broken Bond, Avenger of Zendikar, Primeval Herald, Khalni Heart Expedition, Groundswell"
Lands (1),Jumpstart,Other,JMP,2020-07-17,1.34,"Cultivate, Zendikar's Roil, Ulvenwald Hydra, Feral Hydra, Forest"
Lands (2),Jumpstart,Other,JMP,2020-07-17,6.13,"Oracle of Mul Daya, Cultivate, Sporemound, Feral Hydra, Forest"
Landslide Charge,Event Deck,Other,DTK,2015-03-27,45.79,"Stubborn Denial, Elvish Mystic, Thunderbreak Regent, Mistcutter Hydra, Frontier Bivouac"
Large and in Charge,Arena Starter Deck,Other,ANB,2020-08-13,0.0,"Jungle Delver, Ilysian Caryatid, Woodland Mystic, Wildwood Patrol, Baloth Packhunter"
Law 1,Jumpstart,Other,J22,2022-12-02,0.0,"Archon of Justice, Skyhunter Patrol, Thriving Heath, Plains, Plains"
Law 2,Jumpstart,Other,J22,2022-12-02,1.81,"Unquestioned Authority, Skyhunter Patrol, Decree of Justice, Phalanx Tactics, Thriving Heath"
Law 3,Jumpstart,Other,J22,2022-12-02,1.81,"Unquestioned Authority, Gideon, Champion of Justice, Skyhunter Patrol, Angelic Edict, Thriving Heath"
Law 4,Jumpstart,Other,J22,2022-12-02,11.03,"Michiko Konda, Truth Seeker, Isamaru, Hound of Konda, Skyhunter Patrol, Murder Investigation, Thriving Heath"
Learning (1),Jumpstart,Other,TLE,2025-11-20,8.28,"Cracked Earth Technique, Crystalline Armor, Shared Roots, Forest, Thriving Grove"
Learning (2),Jumpstart,Other,TLE,2025-11-20,7.63,"Cracked Earth Technique, Master's Guidance, Forest, Thriving Grove, Aang, A Lot to Learn"
Legendary Flyers (Not That Kind),Secret Lair Drop,Other,SLD,2023-05-05,106.14,"Phage the Untouchable, Sen Triplets, Alela, Artful Provocateur, Yisan, the Wanderer Bard"
Legion (1),Jumpstart,Other,JMP,2020-07-17,5.72,"Blessed Sanctuary, Path to Exile, Selfless Savior, Plains, Legion's Judgment"
Legion (2),Jumpstart,Other,JMP,2020-07-17,0.0,"Glorious Anthem, Plains, Legion's Judgment, Plains, Release the Dogs"
Legion (3),Jumpstart,Other,JMP,2020-07-17,0.0,"Glorious Anthem, Plains, Legion's Judgment, Plains, Release the Dogs"
Legion (4),Jumpstart,Other,JMP,2020-07-17,1.05,"Selfless Savior, Plains, Legion's Judgment, Lena, Selfless Champion, Mentor of the Meek"
Legion Aloft,Intro Pack,Other,ARB,2009-04-30,91.78,"Whispersilk Cloak, Etherium Sculptor, Terramorphic Expanse, Plains, Path to Exile"
Legion of Dusk,Theme Deck,Other,E02,2017-11-24,37.07,"Vanquisher's Banner, Beacon of Immortality, Shielded by Faith, Day of Judgment, Bloodcrazed Paladin"
Legion of Glory,MTGO Theme Deck,Other,VIS,2006-04-10,8.17,"Retribution of the Meek, Plains, Plains, Zhalfirin Crusader, Plains"
Legions Foil Redemption,MTGO Redemption,Other,LGN,2003-03-05,2112.33,"Seedborn Muse, Akroma, Angel of Wrath, Graveborn Muse, Phage the Untouchable, Synapse Sliver"
Legions Redemption,MTGO Redemption,Other,LGN,2003-03-05,2112.33,"Seedborn Muse, Akroma, Angel of Wrath, Graveborn Muse, Phage the Untouchable, Synapse Sliver"
Legions of Phyrexia,Arena Starter Deck,Other,LTR,2023-06-20,8.44,"Phyrexian Arena, Gix, Yawgmoth Praetor, Essence of Orthodoxy, Caves of Koilos, Seedpod Caretaker"
"Leon Lindback, Semifinalist",Pro Tour Deck,Other,PTC,1996-05-01,93.33,"Dance of the Dead, Necropotence, Strip Mine, Hypnotic Specter, Zuran Orb"
Leonardo,Theme Deck,Other,TMT,2026-03-06,1.6,"Splinter, Aging Champion, Splinter & Leo, Father & Son, Leonardo, Worldly Warrior, Leo's Guidance, The Last Ronin's Technique"
Lessons (1),Jumpstart,Other,TLE,2025-11-20,7.75,"Whirlwind Technique, Chakra Meditation, Boomerang Basics, Katara, Seeking Revenge, Gran-Gran"
Lessons (2),Jumpstart,Other,TLE,2025-11-20,5.87,"Whirlwind Technique, Chakra Meditation, Katara, Seeking Revenge, Gran-Gran, Accumulate Wisdom"
Levelers Scorn,Intro Pack,Other,ROE,2010-04-23,32.56,"Telepathy, Island, Swamp, Island, Echo Mage"
Levelers' Glory,Intro Pack,Other,ROE,2010-04-23,22.68,"Island, Plains, Island, Sleep, Plains"
Li'l Giri Saves the Day,Secret Lair Drop,Other,SLD,2022-08-11,67.72,"Curiosity, Last Chance, Vandalblast, Peek, Greed"
Li'l Walkers,Secret Lair Drop,Other,SLD,2022-07-22,49.9,"Ashiok, Dream Render, Tamiyo, the Moon Sage, Sorin, Grim Nemesis, Ajani, Mentor of Heroes, Angrath, the Flame-Chained"
Li'l Walkers Foil Edition,Secret Lair Drop,Other,SLD,2022-07-22,49.9,"Ashiok, Dream Render, Tamiyo, the Moon Sage, Sorin, Grim Nemesis, Ajani, Mentor of Heroes, Angrath, the Flame-Chained"
Li'l'ler Walkers,Secret Lair Drop,Other,SLD,2022-11-14,58.33,"Narset, Parter of Veils, Elspeth, Sun's Champion, Garruk Wildspeaker, Saheeli, Sublime Artificer, Sarkhan Vol"
Li'l'ler Walkers Foil Edition,Secret Lair Drop,Other,SLD,2022-11-14,58.33,"Narset, Parter of Veils, Elspeth, Sun's Champion, Garruk Wildspeaker, Saheeli, Sublime Artificer, Sarkhan Vol"
Librarian,Jumpstart,Other,TLE,2025-11-20,4.74,"Wan Shi Tong, All-Knowing, Brainstorm, Dutiful Knowledge Seeker, Accumulate Wisdom, Island"
Library Depletion,Deck Builder's Toolkit,Other,MBS,2011-03-11,45.0,"Hedron Crab, Jace's Erasure, Call to Mind, Guard Gomazoa, Sea Gate Oracle"
Life Boost,Theme Deck,Other,8ED,2003-07-28,25.8,"Glorious Anthem, Angel of Mercy, Spirit Link, Plains, Plains"
Life Drain,Theme Deck,Other,EVE,2008-07-25,173.28,"Batwing Brume, Rite of Consumption, Divinity of Pride, Swamp, Resplendent Mentor"
Life Skills,Arena Starter Deck,Other,M21,2021-07-03,68.91,"Shadowspear, Vito, Thorn of the Dusk Rose, Baneslayer Angel, Indulging Patrician, Silversmote Ghoul"
Life for Death,Intro Pack,Other,NPH,2011-05-13,115.78,"Gut Shot, Mountain, Marrow Shards, Shattered Angel, Phyrexian Rebirth"
Lifegain,Theme Deck,Other,SOS,2026-04-24,10.45,"Haliya, Guided by Light, Starscape Cleric, Essence Channeler, Requiting Hex, Nowhere to Run"
Lifeline,Arena Starter Deck,Other,AFR,2021-09-24,15.31,"Righteous Valkyrie, Branchloft Pathway // Boulderloft Pathway, Valkyrie Harbinger, Cleric Class, Icingdeath, Frost Tyrant"
Liftoff,Theme Deck,Other,ODY,2001-10-01,151.73,"Peek, Plains, Mystic Crusader, Skycloud Egg, Millikin"
Lightforce,Intro Pack,Other,M14,2013-07-19,26.4,"Elixir of Immortality, Angelic Accord, Indestructibility, Brave the Elements, Banisher Priest"
Lightning (1),Jumpstart,Other,JMP,2020-07-17,2.4,"Lightning Bolt, Mountain, Lightning Phoenix, Mountain, Thriving Bluff"
Lightning (2),Jumpstart,Other,JMP,2020-07-17,0.0,"Chain Lightning, Mountain, Ball Lightning, Lightning Phoenix, Mountain"
Lightning Aggro,Challenger Deck,Other,Q02,2019-04-12,21.29,"Runaway Steam-Kin, Banefire, Goblin Chainwhirler, Rekindling Phoenix, Fanatical Firebrand"
Lil Legends,Secret Lair Drop,Other,SLD,2024-08-19,24.72,"Omnath, Locus of Creation, Drana, the Last Bloodchief, Orvar, the All-Form, Reya Dawnbringer, Lavinia, Azorius Renegade"
Lilest Walkers,Secret Lair Drop,Other,SLD,2023-09-22,30.91,"Karn, Scion of Urza, Venser, the Sojourner, Aminatou, the Fateshifter, Chandra, Flame's Catalyst, Daretti, Ingenious Iconoclast"
Lilest Walkers Foil Edition,Secret Lair Drop,Other,SLD,2023-09-22,25.7,"Aminatou, the Fateshifter, Chandra, Flame's Catalyst, Venser, the Sojourner, Karn, Scion of Urza, Daretti, Ingenious Iconoclast"
Liliana,Planeswalker Deck,Other,M19,2018-07-13,14.88,"Liliana, the Necromancer, Sovereign's Bite, Reassembling Skeleton, Blood Divination, Abnormal Endurance"
"Liliana, Death Mage",Planeswalker Deck,Other,M21,2020-07-03,5.01,"Liliana, Death Mage, Swamp, Demonic Embrace, Liliana's Scrounger, Alchemist's Gift"
"Liliana, Death Wielder",Planeswalker Deck,Other,AKH,2017-04-28,8.55,"Liliana, Death Wielder, Grasping Dunes, Cartouche of Strength, Channeler Initiate, Cartouche of Ambition"
Line of Fire,Arena Starter Deck,Other,M21,2021-07-03,6.36,"Piper of the Swarm, Kroxa, Titan of Death's Hunger, Serrated Scorpion, Woe Strider, Temple of Malice"
Little Bashers,Theme Deck,Other,MRD,2003-10-02,67.36,"Banshee's Blade, Viridian Longbow, Gold Myr, Loxodon Warhammer, Fireshrieker"
Lofty Heights,Theme Deck,Other,9ED,2005-07-29,39.47,"Sleight of Hand, Mana Leak, Telepathy, Boomerang, Archivist"
Look at the Kitties,Secret Lair Drop,Other,SLD,2022-11-17,253.38,"Lord Windgrace, Violent Outburst, Felidar Sovereign, Descendants' Path"
Lord of Fate,Shandalar Enemy Deck,Other,PAST,1997-04-01,37.09,"Divine Transformation, Ornithopter, Dark Ritual, Serra Angel, Swamp"
Lorwyn Eclipsed Redemption,MTGO Redemption,Other,ECL,2026-02-11,237.88,"Hexing Squelcher, Chronicle of Victory, Bitterbloom Bearer, Bloom Tender, Moonshadow"
Lorwyn Foil Redemption,MTGO Redemption,Other,LRW,2007-11-11,2802.22,"Thoughtseize, Thousand-Year Elixir, Ponder, Mosswort Bridge, Springleaf Drum"
Lorwyn Lightboxes,Secret Lair Drop,Other,SLD,2025-02-11,45.83,"Gilt-Leaf Palace, Secluded Glen, Auntie's Hovel, Wanderwine Hub, Ancient Amphitheater"
Lorwyn Lightboxes Foil Edition,Secret Lair Drop,Other,SLD,2025-02-11,45.83,"Gilt-Leaf Palace, Secluded Glen, Auntie's Hovel, Wanderwine Hub, Ancient Amphitheater"
Lorwyn Redemption,MTGO Redemption,Other,LRW,2007-11-11,2802.22,"Thoughtseize, Thousand-Year Elixir, Ponder, Mosswort Bridge, Springleaf Drum"
Lotus Field Combo,Pioneer Challenger Deck,Other,Q06,2021-10-15,42.97,"Lotus Field, Thespian's Stage, Dig Through Time, Peer into the Abyss, Mastermind's Acquisition"
MSCHF,Secret Lair Drop,Other,SLD,2022-02-04,129.21,"Swords to Plowshares, Grim Tutor, Teferi's Puzzle Box, Blood Moon, Cut // Ribbons"
Magic 2010 Foil Redemption,MTGO Redemption,Other,M10,2009-08-16,1016.54,"Lurking Predators, Time Warp, Silence, Sphinx Ambassador, Ponder"
Magic 2010 Redemption,MTGO Redemption,Other,M10,2009-08-16,1016.54,"Lurking Predators, Time Warp, Silence, Sphinx Ambassador, Ponder"
Magic 2011 Foil Redemption,MTGO Redemption,Other,M11,2010-08-15,940.9,"Serra Ascendant, Primeval Titan, Goblin Chieftain, Preordain, Voltaic Key"
Magic 2011 Redemption,MTGO Redemption,Other,M11,2010-08-15,940.9,"Serra Ascendant, Primeval Titan, Goblin Chieftain, Preordain, Voltaic Key"
Magic 2012 Foil Redemption,MTGO Redemption,Other,M12,2011-08-14,793.29,"Grand Abolisher, Sorin Markov, Garruk, Primal Hunter, Angelic Destiny, Primordial Hydra"
Magic 2012 Redemption,MTGO Redemption,Other,M12,2011-08-14,793.29,"Grand Abolisher, Sorin Markov, Garruk, Primal Hunter, Angelic Destiny, Primordial Hydra"
Magic 2013 Foil Redemption,MTGO Redemption,Other,M13,2012-08-12,714.12,"Worldfire, Akroma's Memorial, Liliana of the Dark Realms, Master of the Pearl Trident, Vampire Nocturnus"
Magic 2013 Redemption,MTGO Redemption,Other,M13,2012-08-12,714.12,"Worldfire, Akroma's Memorial, Liliana of the Dark Realms, Master of the Pearl Trident, Vampire Nocturnus"
Magic 2014 Foil Redemption,MTGO Redemption,Other,M14,2013-08-18,646.42,"Archangel of Thune, Kalonian Hydra, Darksteel Forge, Dark Prophecy, Silence"
Magic 2014 Redemption,MTGO Redemption,Other,M14,2013-08-18,646.42,"Archangel of Thune, Kalonian Hydra, Darksteel Forge, Dark Prophecy, Silence"
Magic 2015 Foil Redemption,MTGO Redemption,Other,M15,2014-08-17,570.17,"Sliver Hivelord, Urborg, Tomb of Yawgmoth, Sliver Hive, The Chain Veil, Nissa, Worldwaker"
Magic 2015 Redemption,MTGO Redemption,Other,M15,2014-08-17,570.17,"Sliver Hivelord, Urborg, Tomb of Yawgmoth, Sliver Hive, The Chain Veil, Nissa, Worldwaker"
Magic Origins Foil Redemption,MTGO Redemption,Other,ORI,2015-08-16,494.86,"Starfield of Nyx, Alhammarret's Archive, Woodland Bellower, Liliana, Heretical Healer // Liliana, Defiant Necromancer, Elemental Bond"
Magic Origins Redemption,MTGO Redemption,Other,ORI,2015-08-16,494.86,"Starfield of Nyx, Alhammarret's Archive, Woodland Bellower, Liliana, Heretical Healer // Liliana, Defiant Necromancer, Elemental Bond"
Magic: The Baseballing,Secret Lair Drop,Other,SLD,2023-09-15,47.91,"Liliana Vess // Liliana Vess, Jace Beleren // Jace Beleren, Chandra Nalaar // Chandra Nalaar, Ajani Goldmane // Ajani Goldmane, Garruk Wildspeaker // Garruk Wildspeaker"
Magic: The Baseballing Foil Edition,Secret Lair Drop,Other,SLD,2023-09-15,47.91,"Liliana Vess // Liliana Vess, Jace Beleren // Jace Beleren, Chandra Nalaar // Chandra Nalaar, Ajani Goldmane // Ajani Goldmane, Garruk Wildspeaker // Garruk Wildspeaker"
MagicCon: the Gathering,Secret Lair Drop,Other,SLD,2025-08-18,40.71,"Sliver Legion, Pack Rat, Sylvan Offering, Shared Summons"
Mahō Gakuin Seishun Hakusho — 魔法学院青春白書,Secret Lair Drop,Other,SLD,2026-05-12,0.0,"Rule of Law, Thought Scour, Time Stretch, Stinging Study, Notion Thief"
Mahō Gakuin Seishun Hakusho — 魔法学院青春白書 Foil Edition,Secret Lair Drop,Other,SLD,2026-05-12,0.0,"Rule of Law, Thought Scour, Time Stretch, Stinging Study, Notion Thief"
Making Fetch Happen,Secret Lair Drop,Other,SLU,2020-05-29,207.9,"Scalding Tarn, Arid Mesa, Marsh Flats, Misty Rainforest, Verdant Catacombs"
Mana Ramp,Deck Builder's Toolkit,Other,ROE,2010-05-21,19.37,"Whispersilk Cloak, Explore, Howl of the Night Pack, Frontier Guide, Pelakka Wurm"
Mandurang,Shandalar Enemy Deck,Other,PAST,1997-04-01,338.75,"Mountain, Dancing Scimitar, Carrion Ants, Braingeyser, Blood Lust"
Manipulative Monstrosities,Intro Pack,Other,THS,2013-09-27,14.09,"Archaeomancer, Curse of the Swine, Magma Jet, Lightning Strike, Wall of Frost"
Manuel Bevand - Myr Incubator Combo,World Championship Deck,Other,WC04,2004-09-01,89.93,"Chrome Mox, Krark-Clan Ironworks, Ancient Den, Fabricate, Darksteel Citadel"
Marauders 1,Jumpstart,Other,LTR,2023-06-23,6.48,"Mountain, Mountain, Assault on Osgiliath, Erebor Flamesmith, Gimli, Counter of Kills"
Marauders 2,Jumpstart,Other,LTR,2023-06-23,6.48,"Mountain, Mountain, Assault on Osgiliath, Erebor Flamesmith, Gimli, Counter of Kills"
March of the Machine Foil Redemption,MTGO Redemption,Other,MOM,2023-05-17,284.39,"Etali, Primal Conqueror // Etali, Primal Sickness, Faerie Mastermind, Sheoldred // The True Scriptures, Urabrask // The Great Work, Invasion of Ikoria // Zilortha, Apex of Ikoria"
March of the Machine Redemption,MTGO Redemption,Other,MOM,2023-05-17,284.39,"Etali, Primal Conqueror // Etali, Primal Sickness, Faerie Mastermind, Sheoldred // The True Scriptures, Urabrask // The Great Work, Invasion of Ikoria // Zilortha, Apex of Ikoria"
March of the Machine Welcome Booster,Welcome Booster,Other,MOM,2023-04-21,2.43,"Siege Rhino, Chandra, Heart of Fire, Defiant Bloodlord, Commander's Sphere, Hellkite Punisher"
March of the Multitudes,Modern Event Deck,Other,MD1,2014-05-30,77.75,"Sword of Feast and Famine, City of Brass, Elspeth, Knight-Errant, Soul Warden, Path to Exile"
Mardu Raiders,Intro Pack,Other,KTK,2014-09-26,6.62,"Nomad Outpost, Gurmag Swiftwing, Crackling Doom, Mountain, Ankle Shanker"
"Mark Justice, Quarterfinalist",Pro Tour Deck,Other,PTC,1996-05-01,111.63,"Black Vise, Winter Orb, City of Brass, Lightning Bolt, Mishra's Factory"
Mark Le Pine - Sped Red,World Championship Deck,Other,WC99,1999-08-04,66.03,"Ancient Tomb, Wasteland, Cursed Scroll, Mountain, Jackal Pup"
Martial Law,Theme Deck,Other,P02,1998-06-24,53.97,"Armageddon, Angel of Fury, Plains, Alaborn Veteran, Plains"
Marvel's Black Panther,Secret Lair Drop,Other,SLD,2024-11-05,60.19,"Black Panther, Wakandan King, Heroic Intervention, Primal Vigor, Karn's Bastion, Secure the Wastes"
Marvel's Black Panther Foil Edition,Secret Lair Drop,Other,SLD,2024-11-05,60.19,"Black Panther, Wakandan King, Heroic Intervention, Primal Vigor, Karn's Bastion, Secure the Wastes"
Marvel's Captain America,Secret Lair Drop,Other,SLD,2024-11-05,98.26,"Captain America, First Avenger, Flawless Maneuver, Sigarda's Aid, Sword of War and Peace, In the Trenches"
Marvel's Captain America Foil Edition,Secret Lair Drop,Other,SLD,2024-11-05,98.26,"Captain America, First Avenger, Flawless Maneuver, Sigarda's Aid, Sword of War and Peace, In the Trenches"
Marvel's Deadpool,Secret Lair Drop,Other,SLD,2025-04-02,55.23,"Deadly Rollick, Deadpool, Trading Card, Saw in Half, Blasphemous Act, Vandalblast"
Marvel's Deadpool Foil Edition,Secret Lair Drop,Other,SLD,2025-04-02,55.23,"Deadly Rollick, Deadpool, Trading Card, Saw in Half, Blasphemous Act, Vandalblast"
Marvel's Deadpool: I Fixed It (You're Welcome),Secret Lair Drop,Other,SLD,2026-04-06,14.84,"Sol Ring, Lightning Greaves, Lightning Bolt, Deadly Dispute, Thrill of Possibility"
Marvel's Deadpool: I Fixed It (You're Welcome) Foil Edition,Secret Lair Drop,Other,SLD,2026-04-06,14.84,"Sol Ring, Lightning Greaves, Lightning Bolt, Deadly Dispute, Thrill of Possibility"
Marvel's Deadpool: I Fixed It (You're Welcome) Pool Party Foil Edition,Secret Lair Drop,Other,SLD,2026-04-06,33.85,"Sol Ring, Lightning Greaves, Lightning Bolt, Deadly Dispute, Thrill of Possibility"
Marvel's Iron Man,Secret Lair Drop,Other,SLD,2024-11-05,97.95,"Commander's Plate, Iron Man, Titan of Innovation, Inventors' Fair, Sol Ring, Galvanic Blast"
Marvel's Iron Man Foil Edition,Secret Lair Drop,Other,SLD,2024-11-05,97.95,"Commander's Plate, Iron Man, Titan of Innovation, Inventors' Fair, Sol Ring, Galvanic Blast"
Marvel's Spider-Man: Daily Bugle Breaking News,Secret Lair Drop,Other,SLD,2025-09-30,28.94,"Scheming Symmetry, Blasphemous Act, Impact Tremors, Frantic Search, Fact or Fiction"
Marvel's Spider-Man: Daily Bugle Breaking News Foil Edition,Secret Lair Drop,Other,SLD,2025-09-30,28.94,"Scheming Symmetry, Blasphemous Act, Impact Tremors, Frantic Search, Fact or Fiction"
Marvel's Spider-Man: Heroic Deeds,Secret Lair Drop,Other,SLD,2025-09-30,49.36,"Three Visits, Sol Ring, Ephemerate, Lightning Greaves, Command Tower"
Marvel's Spider-Man: Heroic Deeds Foil Edition,Secret Lair Drop,Other,SLD,2025-09-30,49.36,"Three Visits, Sol Ring, Ephemerate, Lightning Greaves, Command Tower"
Marvel's Spider-Man: Mana Symbiote Raised Foil Edition,Secret Lair Drop,Other,SLD,2025-09-30,63.64,"Swamp, Mountain, Plains, Forest, Island"
Marvel's Spider-Man: Venom Unleashed (Colors),Secret Lair Drop,Other,SLD,2025-09-30,43.41,"Damnation, Dark Ritual, Peer into the Abyss, Surgical Extraction, Tendrils of Agony"
Marvel's Spider-Man: Venom Unleashed (Colors) Foil Edition,Secret Lair Drop,Other,SLD,2025-09-30,43.41,"Damnation, Dark Ritual, Peer into the Abyss, Surgical Extraction, Tendrils of Agony"
Marvel's Spider-Man: Venom Unleashed (Inks),Secret Lair Drop,Other,SLD,2025-09-30,35.03,"Damnation, Dark Ritual, Peer into the Abyss, Surgical Extraction, Tendrils of Agony"
Marvel's Spider-Man: Venom Unleashed (Inks) Foil Edition,Secret Lair Drop,Other,SLD,2025-09-30,35.03,"Damnation, Dark Ritual, Peer into the Abyss, Surgical Extraction, Tendrils of Agony"
Marvel's Spider-Man: Villainous Plots,Secret Lair Drop,Other,SLD,2025-09-30,35.65,"Sol Ring, Lightning Greaves, Go for the Throat, Deadly Dispute, Command Tower"
Marvel's Spider-Man: Villainous Plots Foil Edition,Secret Lair Drop,Other,SLD,2025-09-30,35.65,"Sol Ring, Lightning Greaves, Go for the Throat, Deadly Dispute, Command Tower"
Marvel's Storm,Secret Lair Drop,Other,SLD,2024-11-05,97.09,"Jeska's Will, Storm, Force of Nature, Manamorphose, Lightning Bolt, Ice Storm"
Marvel's Storm Foil Edition,Secret Lair Drop,Other,SLD,2024-11-05,97.09,"Jeska's Will, Storm, Force of Nature, Manamorphose, Lightning Bolt, Ice Storm"
Marvel's Wolverine,Secret Lair Drop,Other,SLD,2024-11-05,140.71,"The Ozolith, Wolverine, Best There Is, Rhythm of the Wild, Berserk, Rite of Passage"
Marvel's Wolverine Foil Edition,Secret Lair Drop,Other,SLD,2024-11-05,140.71,"The Ozolith, Wolverine, Best There Is, Rhythm of the Wild, Berserk, Rite of Passage"
Massed Ranks,Intro Pack,Other,DTK,2015-03-27,11.34,"Secure the Wastes, Inspiring Call, Plains, Forest, Enduring Scalelord"
Massive Menagerie,Arena Starter Deck,Other,M21,2021-07-03,26.4,"Serpent of Yawning Depths, Elder Gargaroth, Ram Through, Kogla, the Titan Ape, Cultivate"
Massive Might,Game Night Deck,Other,GN2,2019-11-15,8.56,"Voracious Hydra, Earthshaker Giant, Ripjaw Raptor, Ranging Raptors, Ghalta, Primal Hunger"
Master Blaster,Theme Deck,Other,DST,2004-02-06,101.12,"Great Furnace, Darksteel Citadel, Iron Myr, Pyrite Spellbomb, Steel Wall"
Math Is For Blockers,Secret Lair Drop,Other,SLD,2021-12-13,32.87,"Ohran Frostfang, Brazen Borrower // Petty Theft, Vindictive Lich, Thragtusk, Meandering Towershell"
Math Is For Blockers Foil Edition,Secret Lair Drop,Other,SLD,2021-12-13,32.87,"Ohran Frostfang, Brazen Borrower // Petty Theft, Vindictive Lich, Thragtusk, Meandering Towershell"
Matt Linde - Mono-Green Stompy,World Championship Deck,Other,WC99,1999-08-04,319.01,"Gaea's Cradle, Cursed Scroll, Forest, Forest, Rancor"
Max Attax,Theme Deck,Other,SCG,2003-05-26,237.41,"Smother, Temple of the False God, Tranquil Thicket, Barren Moor, Swamp"
Meditations on Nature,Secret Lair Drop,Other,SLD,2023-12-18,102.82,"Plains, Mountain, Island, Forest, Swamp"
Meditations on Nature Foil Edition,Secret Lair Drop,Other,SLD,2023-11-30,102.82,"Plains, Mountain, Island, Forest, Swamp"
Mercenaries,Theme Deck,Other,NEM,2000-02-14,527.54,"Dark Ritual, Massacre, Belbe's Portal, Cateran Summons, Haunted Crossroads"
Mercenaries - Enhanced Deck,Enhanced Deck,Other,NEM,2000-02-14,709.56,"Dark Ritual, Yawgmoth's Will, Silent Assassin, Cateran Summons, Contamination"
Merfolk,Duel Deck,Other,DDT,2017-11-10,10.7,"Misdirection, Master of the Pearl Trident, Engulf the Shore, Harbinger of the Tides, Merrow Reejerey"
Merfolk 1,Jumpstart,Other,J22,2022-12-02,0.0,"Seafloor Oracle, Merrow Reejerey, Triton Shorestalker, Thriving Isle, Aquatic Incursion"
Merfolk 2,Jumpstart,Other,J22,2022-12-02,0.0,"Svyelun of Sea and Sky, Merrow Reejerey, Triton Shorestalker, Thriving Isle, Synchronized Eviction"
Merfolk 3,Jumpstart,Other,J22,2022-12-02,0.0,"Harbinger of the Tides, Merrow Reejerey, Fallowsage, Triton Shorestalker, Wake Thrasher"
Merfolk 4,Jumpstart,Other,J22,2022-12-02,0.0,"Merfolk Sovereign, Merrow Reejerey, Triton Shorestalker, Thriving Isle, Aquatic Incursion"
Merfolk Shaman,Shandalar Enemy Deck,Other,PAST,1997-04-01,72.84,"Island Fish Jasconius, Lord of Atlantis, Unstable Mutation, Magical Hack, Segovian Leviathan"
Merrow Riverways,Theme Deck,Other,LRW,2007-10-12,380.32,"Ponder, Springleaf Drum, Wanderwine Prophets, Merrow Commerce, Merrow Reejerey"
Metalcraft,Deck Builder's Toolkit,Other,MBS,2011-03-11,69.87,"Voltaic Key, Palladium Myr, Golem Foundry, Darksteel Myr, Myr Sire"
Metallic Dreams,Planechase Deck,Other,HOP,2009-09-04,85.2,"Darksteel Forge, Fabricate, Great Furnace, Vault of Whispers, Arcbound Crusher"
"Michael Loconto, Champion",Pro Tour Deck,Other,PTC,1996-05-01,101.04,"Land Tax, Strip Mine, Island, Adarkar Wastes, Island"
Michealangelo,Theme Deck,Other,TMT,2026-03-06,8.71,"Mona Lisa, Ever Adaptable, Michelangelo, On the Scene, Mikey & Mona, Mutant Sitters, Study the Classics, Mona Lisa, Science Geek"
Might,Duel Deck,Other,DDS,2017-03-31,31.13,"Coat of Arms, Zo-Zu the Punisher, Guttural Response, Lovisa Coldeyes, Rampant Growth"
Migraine,Theme Deck,Other,STH,1998-03-02,28.34,"Ensnaring Bridge, Bottomless Pit, Dark Ritual, Megrim, Portcullis"
Migraine - Advanced Deck,Advanced Deck,Other,STH,1998-03-02,219.58,"Vampiric Tutor, Wasteland, Anvil of Bogardan, Ensnaring Bridge, Bottomless Pit"
Milling,Jumpstart,Other,JMP,2020-07-17,45.49,"Bruvac the Grandiloquent, Thought Collapse, Thought Scour, Teferi's Tutelage, Island"
Mind,Duel Deck,Other,DDS,2017-03-31,16.25,"Desperate Ritual, Snap, Beacon of Tomorrows, Deep-Sea Kraken, Jori En, Ruin Diver"
Mind Stealer,Shandalar Enemy Deck,Other,PAST,1997-04-01,137.4,"Junún Efreet, Sindbad, Fellwar Stone, Animate Dead, Mind Twist"
Mind Swarm,Theme Deck,Other,DST,2004-02-06,117.24,"Vault of Whispers, Geth's Grimoire, Leaden Myr, Skeleton Shard, Chittering Rats"
Mind of the Void,Theme Deck,Other,PS11,2011-01-01,0.0,"Island, Island, Island, Island, Plains"
Minions (1),Jumpstart,Other,JMP,2020-07-17,0.0,"Innocent Blood, Village Rites, Swamp, Goremand, Crypt Lurker"
Minions (2),Jumpstart,Other,JMP,2020-07-17,0.0,"Village Rites, Swamp, Goremand, Crypt Lurker, Kels, Fight Fixer"
Minions (3),Jumpstart,Other,JMP,2020-07-17,26.38,"Phyrexian Tower, Village Rites, Swamp, Goremand, Crypt Lurker"
Minions (4),Jumpstart,Other,JMP,2020-07-17,4.24,"Ghoulcaller Gisa, Innocent Blood, Village Rites, Swamp, Goremand"
Minotaurs (1),Jumpstart,Other,JMP,2020-07-17,5.03,"Herald's Horn, Sethron, Hurloon General, Mountain, Soul Sear, Mountain"
Minotaurs (2),Jumpstart,Other,JMP,2020-07-17,1.68,"Unleash Fury, Sethron, Hurloon General, Traitorous Greed, Mountain, Rageblood Shaman"
Mirrodin Besieged Foil Redemption,MTGO Redemption,Other,MBS,2011-03-06,856.29,"Blightsteel Colossus, Green Sun's Zenith, Consecrated Sphinx, Sword of Feast and Famine, Inkmoth Nexus"
Mirrodin Besieged Redemption,MTGO Redemption,Other,MBS,2011-03-06,856.29,"Blightsteel Colossus, Green Sun's Zenith, Consecrated Sphinx, Sword of Feast and Famine, Inkmoth Nexus"
Mirrodin Foil Redemption,MTGO Redemption,Other,MRD,2003-11-01,2977.35,"Chrome Mox, Sword of Kaldra, Quicksilver Elemental, Seething Song, Confusion in the Ranks"
Mirrodin Pure,MTGO Duel Deck,Other,TD2,2013-01-11,0.0,"Platinum Angel, Ardent Recruit, Argent Sphinx, Darksteel Gargoyle, Darksteel Sentinel"
Mirrodin Redemption,MTGO Redemption,Other,MRD,2003-11-01,2977.35,"Chrome Mox, Sword of Kaldra, Quicksilver Elemental, Seething Song, Confusion in the Ranks"
Mirrodinsanity,Secret Lair Drop,Other,SLD,2022-01-28,157.21,"Seat of the Synod, Great Furnace, Vault of Whispers, Ancient Den, Tree of Tales"
Mirrodinsanity Foil Edition,Secret Lair Drop,Other,SLD,2022-01-28,157.21,"Seat of the Synod, Great Furnace, Vault of Whispers, Ancient Den, Tree of Tales"
Mirromancy,Intro Pack,Other,MBS,2011-02-04,72.18,"Preordain, Silver Myr, Iron Myr, Lightning Bolt, Red Sun's Zenith"
Mite-y 1,Jumpstart,Other,ONE,2023-02-10,0.0,"Mite Overseer, Planar Disruption, Annex Sentry, Basilica Shepherd, Infested Fleshcutter"
Mite-y 2,Jumpstart,Other,ONE,2023-02-10,0.0,"Mite Overseer, Crawling Chorus, Ossification, The Fair Basilica, Vanish into Eternity"
Mob Rule,Intro Pack,Other,M13,2012-07-13,20.17,"Fervor, Ring of Valkas, Krenko, Mob Boss, Krenko's Command, Forest"
Modified,Jumpstart,Other,J25,2024-11-07,17.71,"Kodama of the West Tree, Thriving Grove, Audacity, Gnarlid Colony, Orochi Merge-Keeper"
Molimo's Might,Theme Deck,Other,10E,2007-07-13,29.99,"Hurricane, Molimo, Maro-Sorcerer, Forest, Rampant Growth, Forest"
Mono Black,Arena Starter Kit,Other,M21,2020-07-03,11.77,"Demon of Loathing, Peer into the Abyss, Serrated Scorpion, Demonic Embrace, Swamp"
Mono Black Amazon,Arena Starter Kit,Other,M21,2020-07-03,11.77,"Demon of Loathing, Peer into the Abyss, Serrated Scorpion, Demonic Embrace, Swamp"
Mono Green,Arena Starter Kit,Other,M21,2020-07-03,8.14,"Ironscale Hydra, Ram Through, Colossification, Llanowar Visionary, Hyrax Tower Scout"
Mono Green Amazon,Arena Starter Kit,Other,M21,2020-07-03,8.14,"Ironscale Hydra, Ram Through, Colossification, Llanowar Visionary, Hyrax Tower Scout"
Mono White Aggro,Challenger Deck,Other,Q07,2022-04-01,4.25,"Paladin Class, Luminarch Aspirant, Intrepid Adversary, Thalia, Guardian of Thraben, Reidane, God of the Worthy // Valkmira, Protector's Shield"
Mono-Green Stompy,Challenger Deck,Other,Q05,2021-04-02,14.38,"Gemrazer, Ram Through, Turntimber Symbiosis // Turntimber, Serpentine Wood, Stonecoil Serpent, Garruk, Unleashed"
Mono-Red Aggro,Challenger Deck,Other,Q05,2021-04-02,28.84,"Embercleave, Shatterskull Smashing // Shatterskull, the Hammer Pass, Torbran, Thane of Red Fell, Mountain, Castle Embereth"
Mono-Red Burn,Pioneer Challenger Deck,Other,Q06,2021-10-15,21.07,"Ramunap Ruins, Monastery Swiftspear, Soul-Scar Mage, Wizard's Lightning, Lightning Strike"
Monster Anatomy 101,Secret Lair Drop,Other,SLD,2022-01-28,123.43,"Gishath, Sun's Avatar, Goblin Trashmaster, Ilharg, the Raze-Boar, Protean Hulk, Fleet Swallower"
Monster Anatomy 101 Foil Etched Edition,Secret Lair Drop,Other,SLD,2022-01-28,123.43,"Gishath, Sun's Avatar, Goblin Trashmaster, Ilharg, the Raze-Boar, Protean Hulk, Fleet Swallower"
Monster Movie Marathon,Secret Lair Drop,Other,SLD,2022-01-28,99.1,"Blasphemous Act, Beast Within, Grafdigger's Cage, Dismember"
Monster Movie Marathon Foil Edition,Secret Lair Drop,Other,SLD,2022-01-28,99.1,"Blasphemous Act, Beast Within, Grafdigger's Cage, Dismember"
Monster Territory,Jumpstart,Other,DMU,2022-09-09,2.3,"Forest, Briar Hydra, Haunted Mire, The Weatherseed Treaty, Tangled Islet"
Monsters,Duel Deck,Other,DDL,2013-09-06,5.4,"Skarrg, the Rage Pits, Orcish Lumberjack, Polukranos, World Eater, Beast Within, Regrowth"
Monstrous Magazines,Secret Lair Drop,Other,SLD,2024-10-01,38.77,"Koma, Cosmos Serpent, Doom Whisperer, Mazirek, Kraul Death Priest, Ravenous Chupacabra, Uril, the Miststalker"
Monstrous Magazines Foil Edition,Secret Lair Drop,Other,SLD,2024-10-01,38.77,"Koma, Cosmos Serpent, Doom Whisperer, Mazirek, Kraul Death Priest, Ravenous Chupacabra, Uril, the Miststalker"
Monstrous Surprise,Intro Pack,Other,DKA,2012-02-03,24.82,"Rampant Growth, Pyreheart Wolf, Strangleroot Geist, Overrun, Forest"
Monty Python and the Holy Grail: Vol. 1,Secret Lair Drop,Other,SLD,2024-07-30,178.54,"Three Visits, Dismember, Birds of Paradise // Birds of Paradise, Buried Alive, Prodigal Sorcerer"
Monty Python and the Holy Grail: Vol. 1 Foil Edition,Secret Lair Drop,Other,SLD,2024-07-30,178.54,"Three Visits, Dismember, Birds of Paradise // Birds of Paradise, Buried Alive, Prodigal Sorcerer"
Monty Python and the Holy Grail: Vol. 2,Secret Lair Drop,Other,SLD,2024-07-30,75.31,"Ashnod's Altar, Dark Depths, Door to Nothingness"
Monty Python and the Holy Grail: Vol. 2 Foil Edition,Secret Lair Drop,Other,SLD,2024-07-30,75.31,"Ashnod's Altar, Dark Depths, Door to Nothingness"
Morbid 1,Jumpstart,Other,J22,2022-12-02,8.85,"Spawning Pit, Tragic Slip, Reaper from the Abyss, Village Rites, Mortuary Mire"
Morbid 2,Jumpstart,Other,J22,2022-12-02,2.85,"Tragic Slip, Reassembling Skeleton, Village Rites, Vampiric Rites, Mortuary Mire"
Mordor 1,Jumpstart,Other,LTR,2023-06-23,37.99,"Nazgûl, Ringwraiths, Claim the Precious, Gothmog, Morgul Lieutenant, Swamp"
Mordor 2,Jumpstart,Other,LTR,2023-06-23,5.84,"Ringwraiths, Gothmog, Morgul Lieutenant, Swamp, Gríma Wormtongue, Orcish Medicine"
Mordor: Black-Red,Starter Kit,Other,LTR,2023-06-23,30.78,"Witch-king, Bringer of Ruin, Sauron, the Lidless Eye, Mountain, Mountain, Gollum, Scheming Guide"
More Adventures in Middle-earth,Secret Lair Drop,Other,SLD,2023-08-29,70.23,"Gandalf, Friend of the Shire, Shire Terrace, Mirror of Galadriel, Slip On the Ring"
More Adventures in Middle-earth Foil Edition,Secret Lair Drop,Other,SLD,2023-08-29,70.23,"Gandalf, Friend of the Shire, Shire Terrace, Mirror of Galadriel, Slip On the Ring"
More Borderless Planeswalkers,Secret Lair Drop,Other,SLD,2023-03-17,30.67,"Nicol Bolas, Dragon-God, Ugin, the Ineffable, Sorin, Imperious Bloodlord, Sarkhan, Dragonsoul"
Morningtide Foil Redemption,MTGO Redemption,Other,MOR,2008-03-02,1979.08,"Scapeshift, Bitterblossom, Lightning Crafter, Idyllic Tutor, Maralen of the Mornsong"
Morningtide Redemption,MTGO Redemption,Other,MOR,2008-03-02,1979.08,"Scapeshift, Bitterblossom, Lightning Crafter, Idyllic Tutor, Maralen of the Mornsong"
Morph Mayhem,Theme Deck,Other,LGN,2003-02-03,157.23,"Lonely Sandbar, Secluded Steppe, Chromeshell Crab, Whipcorder, Island"
Mortal Coil,Theme Deck,Other,SHM,2008-05-02,305.86,"Faerie Macabre, Helm of the Ghastlord, Swamp, River Kelpie, Grim Poppet"
Mortals 1,Jumpstart,Other,LTR,2023-11-03,0.0,"Eagle of Deliverance, Barrow-Blade, Éowyn, Lady of Rohan, Plains, Faramir, Field Commander"
Mortals 2,Jumpstart,Other,LTR,2023-11-03,1.97,"Reprieve, Eagle of Deliverance, Plains, Slip On the Ring, Inherited Envelope"
Mortals of Myth,Intro Pack,Other,JOU,2014-05-02,16.53,"Solidarity of Heroes, Spear of Heliod, Raised by Wolves, Forest, Vanguard of Brimaz"
Mother's Day 2021,Secret Lair Drop,Other,SLD,2021-10-29,72.41,"Mother of Runes, Mother of Runes, Mother of Runes, Mother of Runes"
Mother's Day 2021 Foil Edition,Secret Lair Drop,Other,SLD,2021-10-29,72.41,"Mother of Runes, Mother of Runes, Mother of Runes, Mother of Runes"
"Mountain, Go",Secret Lair Drop,Other,SLD,2020-06-08,22.27,"Lightning Bolt, Lightning Bolt, Lightning Bolt, Lightning Bolt"
Mu Yanling,Planeswalker Deck,Other,GS1,2018-06-22,11.1,"Mu Yanling, Island, Ancestor Dragon, Plains, Cloak of Mists"
"Mu Yanling, Celestial Wind",Planeswalker Deck,Other,M20,2019-07-29,3.83,"Spectral Sailor, Mu Yanling, Celestial Wind, Winged Words, Island, Warden of Evos Isle"
Multi-Headed 1,Jumpstart,Other,J22,2022-12-02,14.53,"Benevolent Hydra, Hydra's Growth, Clockwork Hydra, Feral Hydra, Domesticated Hydra"
Multi-Headed 2,Jumpstart,Other,J22,2022-12-02,29.53,"Primordial Hydra, Benevolent Hydra, Hydra's Growth, Clockwork Hydra, Domesticated Hydra"
Murders at Karlov Manor Foil Redemption,MTGO Redemption,Other,MKM,2024-03-06,270.99,"Delney, Streetwise Lookout, Undercity Sewers, Thundering Falls, Underground Mortuary, Hedge Maze"
Murders at Karlov Manor Redemption,MTGO Redemption,Other,MKM,2024-03-06,270.99,"Delney, Streetwise Lookout, Undercity Sewers, Thundering Falls, Underground Mortuary, Hedge Maze"
Musicians,Jumpstart,Other,TLE,2025-11-20,4.12,"Secret Tunnel, Thriving Bluff, Mountain, Founding of Omashu, Moku, Meandering Drummer"
Mutation Station,Arena Starter Deck,Other,M21,2021-07-03,11.89,"Massacre Wurm, Sea-Dasher Octopus, Unexpected Fangs, Temple of Deceit, Dirge Bat"
My Little Pony: Friendship is Magic,Secret Lair Drop,Other,SLD,2026-05-12,95.24,"Defense of the Heart, Sol Ring, Arcane Signet, Radiate, Reconnaissance Mission"
My Little Pony: Friendship is Magic Foil Edition,Secret Lair Drop,Other,SLD,2026-05-12,95.24,"Defense of the Heart, Sol Ring, Arcane Signet, Radiate, Reconnaissance Mission"
My Little Pony: The Lands of Equestria,Secret Lair Drop,Other,SLD,2026-05-12,46.34,"Plains, Island, Forest, Swamp, Mountain"
My Little Pony: The Lands of Equestria Foil Edition,Secret Lair Drop,Other,SLD,2026-05-12,46.34,"Plains, Island, Forest, Swamp, Mountain"
Mycosynthwave,Secret Lair Drop,Other,SLD,2023-12-05,120.01,"Mycosynth Lattice, Mycosynth Golem, Mycosynth Wellspring"
Mycosynthwave Foil Edition,Secret Lair Drop,Other,SLD,2023-12-05,98.43,"Mycosynth Lattice, Mycosynth Golem, Mycosynth Wellspring"
Myr of Mirrodin,Intro Pack,Other,SOM,2010-10-01,59.83,"Palladium Myr, Myr Battlesphere, Gold Myr, Myr Galvanizer, Darksteel Myr"
Mysterious Realms,Intro Pack,Other,WWK,2010-02-05,76.73,"Walking Atlas, Halimar Depths, Tideforce Elemental, Telepathy, Seer's Sundial"
Mystic Mischief,Jumpstart,Other,DMU,2022-09-09,2.24,"Island, Founding the Third Path, Cosmic Epiphany, Ertai's Scorn, Tolarian Terror"
Mystical Might,Intro Pack,Other,M12,2011-07-15,22.52,"Elixir of Immortality, Lord of the Unreal, Levitation, Phantasmal Dragon, Skywinder Drake"
Nature Is Adorable,Secret Lair Drop,Other,SLD,2023-04-28,50.88,"Joraga Treespeaker, Ulvenwald Tracker, Yeva, Nature's Herald, Nature's Will"
Nature Is Adorable Foil Edition,Secret Lair Drop,Other,SLD,2023-04-28,50.88,"Joraga Treespeaker, Ulvenwald Tracker, Yeva, Nature's Herald, Nature's Will"
Nature's Assault,Theme Deck,Other,P02,1998-06-24,16.97,"River Bear, Alluring Scent, Golden Bear, Forest, Sylvan Basilisk"
Nature's Fury,Intro Pack,Other,M10,2009-07-17,11.7,"Plains, Llanowar Elves, Harm's Way, Awakener Druid, Plains"
Naya Behemoths,Intro Pack,Other,ALA,2008-10-03,46.04,"Titanic Ultimatum, Jungle Shrine, Forest, Wild Nacatl, Druid of the Anima"
Naya Domain,Intro Pack,Other,CON,2009-02-06,48.77,"Terramorphic Expanse, Paleoloth, Path to Exile, Swamp, Forest"
Ne'er-do-wells (1),Jumpstart,Other,J25,2024-11-07,25.75,"Rev, Tithe Extractor, Audacious Thief, Thriving Moor, Morbid Opportunist, Midnight Assassin"
Ne'er-do-wells (2),Jumpstart,Other,J25,2024-11-07,25.75,"Rev, Tithe Extractor, Audacious Thief, Thieves' Guild Enforcer, Thriving Moor, Morbid Opportunist"
Necromancer,Shandalar Enemy Deck,Other,PAST,1997-04-01,42.64,"Cosmic Horror, Bad Moon, Animate Dead, Zombie Master, Dark Ritual"
Nefarious,Jumpstart,Other,J25,2024-11-07,13.53,"Vilis, Broker of Blood, Dark Confidant, Infernal Grasp, Read the Bones, Vampire Scrivener"
Nether Fiend,Shandalar Enemy Deck,Other,PAST,1997-04-01,170.48,"Mishra's Factory, Junún Efreet, Animate Dead, Xenic Poltergeist, Lord of the Pit"
New Phyrexia,MTGO Duel Deck,Other,TD2,2013-01-11,0.0,"Phyrexian Plaguelord, Desecration Elemental, Drooling Groodion, Flesh-Eater Imp, Fume Spitter"
New Phyrexia Foil Redemption,MTGO Redemption,Other,NPH,2011-06-12,1671.19,"Mental Misstep, Noxious Revival, Praetor's Grasp, Elesh Norn, Grand Cenobite, Unwinding Clock"
New Phyrexia Redemption,MTGO Redemption,Other,NPH,2011-06-12,1671.19,"Mental Misstep, Noxious Revival, Praetor's Grasp, Elesh Norn, Grand Cenobite, Unwinding Clock"
Nicol Bolas,Duel Deck,Other,DDH,2011-09-02,10.01,"Undermine, Nicol Bolas, Planeswalker, Countersquall, Blazing Specter, Nightscape Familiar"
"Nicol Bolas, the Deceiver",Planeswalker Deck,Other,HOU,2017-07-14,23.63,"Throne of the God-Pharaoh, Nicol Bolas, the Deceiver, Ammit Eternal, Crypt of the Eternals, Swamp"
Nicolas Labarre - Chimera,World Championship Deck,Other,WC00,2000-08-02,182.48,"Yawgmoth's Will, Phyrexian Tower, Academy Rector, Enlightened Tutor, City of Brass"
Night Of The Ninja,Planechase Deck,Other,PC2,2012-06-01,96.54,"Sakashima's Student, Higure, the Still Wind, Ink-Eyes, Servant of Oni, Silent-Blade Oni, Mistblade Shinobi"
Night Terrors,MTGO Theme Deck,Other,MIR,2006-12-05,100.32,"Shallow Grave, Withering Boon, Spirit of the Night, Swamp, Swamp"
Nightmares,Jumpstart,Other,TLE,2025-11-20,4.58,"Desperate Plea, Koh, the Face Stealer, Swamp, Thriving Moor, Azula, On the Hunt"
Ninjas,Theme Deck,Other,PSAL,2005-08-01,0.0,"Island, Island, Island, Island, Island"
Ninjutsu,Theme Deck,Other,BOK,2005-02-04,187.55,"Higure, the Still Wind, Mistblade Shinobi, Ninja of the Deep Hours, Walker of Secret Ways, Tomorrow, Azami's Familiar"
Ninth Edition Foil Redemption,MTGO Redemption,Other,9ED,2005-08-28,2442.07,"Fellwar Stone, Grave Pact, Biorhythm, Rathi Dragon, Elvish Champion"
Ninth Edition Redemption,MTGO Redemption,Other,9ED,2005-08-28,2442.07,"Fellwar Stone, Grave Pact, Biorhythm, Rathi Dragon, Elvish Champion"
Nissa,Duel Deck,Other,DDR,2016-09-02,9.55,"Crop Rotation, Nissa, Voice of Zendikar, Khalni Garden, Abundance, Oran-Rief Hydra"
"Nissa, Genesis Mage",Planeswalker Deck,Other,HOU,2017-07-14,1.42,"Nissa, Genesis Mage, Forest, Spring // Mind, Island, Reason // Believe"
"Nissa, Nature's Artisan",Planeswalker Deck,Other,KLD,2016-09-30,3.94,"Servant of the Conduit, Nissa, Nature's Artisan, Aethersquall Ancient, Longtusk Cub, Attune with Aether"
Notebook Genius,Secret Lair Drop,Other,SLD,2026-05-12,0.0,"Lier, Disciple of the Drowned, Bloodghast, Storm-Kiln Artist, Anhelo, the Painter"
Notebook Genius Foil Edition,Secret Lair Drop,Other,SLD,2026-05-12,0.0,"Lier, Disciple of the Drowned, Bloodghast, Storm-Kiln Artist, Anhelo, the Painter"
Now on VHS!,Secret Lair Drop,Other,SLD,2023-09-15,146.57,"The First Sliver, Food Chain, Rewind, Rampant Growth"
Now on VHS! Foil Edition,Secret Lair Drop,Other,SLD,2023-09-15,146.57,"The First Sliver, Food Chain, Rewind, Rampant Growth"
Nuestra Magia,Secret Lair Drop,Other,SLD,2025-06-17,88.27,"Sylvan Library, Ancient Greenwarden, Lightning Greaves, Tireless Provisioner, Xenagos, God of Revels"
Nuestra Magia Foil Edition,Secret Lair Drop,Other,SLD,2025-06-17,88.27,"Sylvan Library, Ancient Greenwarden, Lightning Greaves, Tireless Provisioner, Xenagos, God of Revels"
Nuts and Bolts,Theme Deck,Other,5DN,2004-06-04,356.64,"Skullclamp, Seat of the Synod, Steelshaper's Gift, Ancient Den, Aether Spellbomb"
OMG KITTIES!,Secret Lair Drop,Other,SLD,2019-12-09,140.05,"Arahbo, Roar of the World, Mirri, Weatherlight Duelist, Leonin Warleader, Qasali Slingers, Regal Caracal"
Oath of the Gatewatch Foil Redemption,MTGO Redemption,Other,OGW,2016-02-21,214.66,"Mirrorpool, General Tazri, Kalitas, Traitor of Ghet, Kozilek's Return, Kozilek, the Great Distortion"
Oath of the Gatewatch Redemption,MTGO Redemption,Other,OGW,2016-02-21,214.66,"Mirrorpool, General Tazri, Kalitas, Traitor of Ghet, Kozilek's Return, Kozilek, the Great Distortion"
Ob Nixilis,Duel Deck,Other,DDR,2016-09-02,0.0,"Ob Nixilis Reignited, Leechridden Swamp, Pestilence Demon, Indulgent Tormentor, Innocent Blood"
Odyssey Foil Redemption,MTGO Redemption,Other,ODY,2001-10-31,6750.29,"Entomb, Tainted Pact, Tarnished Citadel, Terravore, Deserted Temple"
Odyssey Redemption,MTGO Redemption,Other,ODY,2001-10-31,6750.29,"Entomb, Tainted Pact, Tarnished Citadel, Terravore, Deserted Temple"
Of the Coast (1),Jumpstart,Other,J25,2024-11-07,1.5,"Plagon, Lord of the Beach, Gilded Scuttler, Omen of the Sea, Sigiled Starfish, Thriving Isle"
Of the Coast (2),Jumpstart,Other,J25,2024-11-07,1.5,"Plagon, Lord of the Beach, Gilded Scuttler, Sigiled Starfish, Thriving Isle, Shorecomber Crab"
Oishii! Tokens オイシイ！ トークン,Secret Lair Drop,Other,SLD,2025-03-27,0.0,
Oishii! Tokens オイシイ！ トークン Foil Edition,Secret Lair Drop,Other,SLD,2025-03-27,0.0,
"Oko, the Trickster",Planeswalker Deck,Other,ELD,2019-10-04,5.05,"Return of the Wildspeaker, Oko, the Trickster, Maraleaf Pixie, Keeper of Fables, Frogify"
Omens of Chaos,Secret Lair Drop,Other,SLD,2026-05-12,0.0,"Abrupt Decay, Batwing Brume, Chance for Glory, Counterflux, Growth Spiral"
Omens of Chaos Foil Edition,Secret Lair Drop,Other,SLD,2026-05-12,0.0,"Abrupt Decay, Batwing Brume, Chance for Glory, Counterflux, Growth Spiral"
On the Hunt,Arena Starter Deck,Other,SNC,2022-09-09,16.06,"Arlinn, the Pack's Hope // Arlinn, the Moon's Fury, Rockfall Vale, Tovolar, Dire Overlord // Tovolar, the Midnight Scourge, Howling Moon, Halana and Alena, Partners"
One-Two Punch,Theme Deck,Other,ODY,2001-10-01,380.96,"Roar of the Wurm, Seize the Day, Moment's Peace, Forest, Volcanic Spray"
Onslaught Foil Redemption,MTGO Redemption,Other,ONS,2002-11-06,9116.85,"Polluted Delta, Flooded Strand, Wooded Foothills, Bloodstained Mire, Windswept Heath"
Onslaught Redemption,MTGO Redemption,Other,ONS,2002-11-06,9116.85,"Polluted Delta, Flooded Strand, Wooded Foothills, Bloodstained Mire, Windswept Heath"
Orc Attack,MTGO Theme Deck,Other,ME2,2008-09-22,0.0,"Mountain, Mountain, Mountain, Mishra's Factory, Gorilla Shaman"
Orcish 1,Jumpstart,Other,LTR,2023-11-03,20.39,"Warg Rider, Mirkwood Bats, Gorbag of Minas Morgul, Gothmog, Morgul Lieutenant, Swamp"
Orcish 2,Jumpstart,Other,LTR,2023-11-03,19.02,"Warg Rider, March from the Black Gate, Gorbag of Minas Morgul, Gothmog, Morgul Lieutenant, Swamp"
Ornithological Studies,Secret Lair Drop,Other,SLD,2020-06-09,50.02,"Swan Song, Birds of Paradise, Dovescape, Baleful Strix, Gilded Goose"
Orzhov,Guild Kit,Other,GK2,2019-02-15,63.01,"Smothering Tithe, Teysa Karlov, Teysa, Orzhov Scion, Ethereal Absolution, Vindictive Vampire"
Orzhov Auras,Pioneer Challenger Deck,Other,Q06,2021-10-15,15.91,"Sram, Senior Edificer, Cartouche of Solidarity, Concealed Courtyard, Caves of Koilos, Stonecoil Serpent"
Orzhov Humans,Pioneer Challenger Deck,Other,Q08,2022-11-04,31.4,"Godless Shrine, Mutavault, Thalia's Lieutenant, Concealed Courtyard, Bloodsoaked Champion"
Orzhov Oppression,Intro Pack,Other,GTC,2013-02-01,24.57,"Gift of Orzhova, Vizkopa Guildmage, Tormented Soul, Basilica Screecher, Dying Wish"
Orzhov Power,Intro Pack,Other,DGM,2013-05-03,39.76,"Crypt Ghast, Gift of Orzhova, Crypt Incursion, Basilica Screecher, Riot Control"
Orzhov Syndicate,Arena Starter Deck,Other,M20,2019-05-03,47.22,"Godless Shrine, Cruel Celebrant, Teysa Karlov, Priest of Forgotten Gods, Seraph of the Scales"
Orzhov Syndicate 1,Jumpstart,Other,CLU,2024-02-23,10.91,"Afterlife Insurance, Syndicate Heavy, Council's Judgment, Angel of Vitality, Glorifier of Dusk"
Orzhov Syndicate 2,Jumpstart,Other,CLU,2024-02-23,10.91,"Afterlife Insurance, Covetous Elegy, Seraph of the Scales, Orzhov Signet, Murder"
Otter Limits,Starter Kit,Other,BLB,2024-08-02,56.74,"Bria, Riptide Rogue, Mockingbird, Coruscation Mage, Stormcatch Mentor, Sword of Vengeance"
"Our Show Is On Friday, Can You Make It?",Secret Lair Drop,Other,SLD,2021-08-25,95.22,"Gamble, Nature's Lore, Wrath of God, Preordain, Decree of Pain"
Out for Blood,Arena Starter Deck,Other,ANB,2019-09-26,38.0,"Bolas's Citadel, Vampire of the Dire Moon, Knight of the Ebon Legion, Bloodthirsty Aerialist, Vindictive Vampire"
Out for Blood 2,Arena Starter Deck,Other,ANB,2020-03-12,19.92,"Vampire of the Dire Moon, Knight of the Ebon Legion, Piper of the Swarm, Bloodthirsty Aerialist, Vindictive Vampire"
Outlaw Anthology Vol. 1: Rebellious Renegades,Secret Lair Drop,Other,SLD,2024-05-30,53.11,"Tezzeret the Seeker, Griselbrand, Nicol Bolas, Planeswalker, Grenzo, Havoc Raiser"
Outlaw Anthology Vol. 1: Rebellious Renegades Foil Edition,Secret Lair Drop,Other,SLD,2024-05-30,53.11,"Tezzeret the Seeker, Griselbrand, Nicol Bolas, Planeswalker, Grenzo, Havoc Raiser"
Outlaw Anthology Vol. 2: Sinister Scoundrels,Secret Lair Drop,Other,SLD,2024-05-30,57.0,"Vorinclex, Voice of Hunger, Korvold, Fae-Cursed King, Memnarch, Karona, False God"
Outlaw Anthology Vol. 2: Sinister Scoundrels Foil Edition,Secret Lair Drop,Other,SLD,2024-05-30,57.0,"Vorinclex, Voice of Hunger, Korvold, Fae-Cursed King, Memnarch, Karona, False God"
Outlaw Posse,Arena Starter Deck,Other,OTJ,2024-07-08,19.58,"Raucous Theater, Tinybones, the Pickpocket, Charming Scoundrel, Shoot the Sheriff, Greedy Freebooter"
Outlaws of Thunder Junction Foil Redemption,MTGO Redemption,Other,OTJ,2024-05-15,215.19,"Bristly Bill, Spine Sower, Terror of the Peaks, Gisa, the Hellraiser, Goldvein Hydra, Three Steps Ahead"
Outlaws of Thunder Junction Redemption,MTGO Redemption,Other,OTJ,2024-05-15,215.19,"Bristly Bill, Spine Sower, Terror of the Peaks, Gisa, the Hellraiser, Goldvein Hydra, Three Steps Ahead"
Overachiever 1,Jumpstart,Other,MOM,2023-04-20,0.0,"Meeting of Minds, Referee Squad, Interdisciplinary Mascot, Island, Tidal Terror"
Overachiever 2,Jumpstart,Other,MOM,2023-04-20,0.0,"Referee Squad, Interdisciplinary Mascot, Island, Tidal Terror, Astral Wingspan"
Overkill,Theme Deck,Other,SHM,2008-05-02,102.78,"Prismatic Omen, Mossbridge Troll, Farhaven Elf, Scuzzback Scrapper, Scuttlemutt"
Ozai,Jumpstart,Other,TLE,2025-11-20,5.69,"Fire Lord Ozai, Scarring Memories, Swamp, Thriving Moor, Heartless Act"
Painflow,Theme Deck,Other,JUD,2002-05-27,348.36,"Roar of the Wurm, Krosan Wayfarer, Brawn, Moment's Peace, Forest"
Paladin,Shandalar Enemy Deck,Other,PAST,1997-04-01,17.23,"Swords to Plowshares, Magical Hack, Segovian Leviathan, Northern Paladin, Sleight of Mind"
Pandemonium,Theme Deck,Other,APC,2001-06-04,251.47,"Life // Death, Fertile Ground, Harrow, Last Stand, Penumbra Wurm"
Pantheon's Power,Intro Pack,Other,JOU,2014-05-02,54.5,"Archetype of Finality, Archetype of Courage, Fate Unraveler, Grim Guardian, Doomwake Giant"
Paradise Frost,Secret Lair Drop,Other,SLD,2023-12-05,99.78,"Snow-Covered Forest, Snow-Covered Island, Snow-Covered Plains, Snow-Covered Swamp, Snow-Covered Mountain"
Paradise Frost Foil Edition,Secret Lair Drop,Other,SLD,2023-12-05,121.13,"Snow-Covered Island, Snow-Covered Forest, Snow-Covered Plains, Snow-Covered Swamp, Snow-Covered Mountain"
"Party Hard, Shred Harder",Secret Lair Drop,Other,SLD,2021-03-15,56.67,"Assassin's Trophy, Anguished Unmaking, Thraximundar, Dreadbore, Decimate"
Path of Blight,Intro Pack,Other,MBS,2011-02-04,65.15,"Plague Myr, Core Prowler, Viridian Corrupter, Phyrexian Hydra, Decimator Web"
Path to Victory,Intro Pack,Other,M13,2012-07-13,16.61,"Attended Knight, Plains, Ring of Thune, Captain of the Watch, Plains"
Paul McCabe - Red-Blue Aggro Control,World Championship Deck,Other,WC97,1997-08-13,82.85,"Force of Will, City of Brass, Pyrokinesis, Mind Stone, Undiscovered Paradise"
Peer Kröger - Reanimator,World Championship Deck,Other,WC03,2003-08-06,76.51,"Bloodstained Mire, Cabal Therapy, Entomb, Stitch Together, Anger"
Phyrexia,Duel Deck,Other,DDE,2010-03-19,44.17,"Phyrexian Negator, Lightning Greaves, Voltaic Key, Dark Ritual, Carrion Feeder"
Phyrexia: All Will Be One Foil Redemption,MTGO Redemption,Other,ONE,2023-03-08,298.73,"Mondrak, Glory Dominus, Solphim, Mayhem Dominus, Elesh Norn, Mother of Machines, All Will Be One, Atraxa, Grand Unifier"
Phyrexia: All Will Be One Redemption,MTGO Redemption,Other,ONE,2023-03-08,298.73,"Mondrak, Glory Dominus, Solphim, Mayhem Dominus, Elesh Norn, Mother of Machines, All Will Be One, Atraxa, Grand Unifier"
Phyrexia: All Will Be One Welcome Booster,Welcome Booster,Other,ONE,2023-02-10,15.41,"Atarka, World Render, Linvala, the Preserver, Commander's Sphere, Kaya, Bane of the Dead, Thrill of Possibility"
Phyrexian,Jumpstart,Other,JMP,2020-07-17,27.11,"Sheoldred, Whispering One, Phyrexian Reclamation, Swamp, Swamp, Malefic Scythe"
Phyrexian Assault,Theme Deck,Other,ULG,1999-02-15,246.76,"Phyrexian Reclamation, Engineered Plague, Phyrexian Plaguelord, Avalanche Riders, Bone Shredder"
Phyrexian Assault - Enhanced Deck,Enhanced Deck,Other,ULG,1999-02-15,263.91,"Phyrexian Reclamation, Reflecting Pool, Phyrexian Plaguelord, City of Brass, Avalanche Riders"
Phyrexian Faves,Secret Lair Drop,Other,SLD,2023-04-14,30.39,"Inkmoth Nexus, Blighted Agent, K'rrik, Son of Yawgmoth, Glistener Elf, Batterskull"
Phyrexian Faves Foil Edition,Secret Lair Drop,Other,SLD,2023-04-14,30.39,"Inkmoth Nexus, Blighted Agent, K'rrik, Son of Yawgmoth, Glistener Elf, Batterskull"
Phyrexian Poison,Intro Pack,Other,SOM,2010-10-01,68.05,"Ichor Rats, Hand of the Praetors, Ichorclaw Myr, Forest, Plague Stinger"
Phyrexian Praetors: Compleat Edition,Secret Lair Drop,Other,SLD,2021-10-29,52.03,"Sheoldred, Whispering One, Elesh Norn, Grand Cenobite, Jin-Gitaxias, Core Augur, Vorinclex, Voice of Hunger, Urabrask the Hidden"
Phyrexian Praetors: Compleat Edition Foil Edition,Secret Lair Drop,Other,SLD,2021-10-29,52.03,"Sheoldred, Whispering One, Elesh Norn, Grand Cenobite, Jin-Gitaxias, Core Augur, Vorinclex, Voice of Hunger, Urabrask the Hidden"
Pick 'em & Stick 'em,Secret Lair Drop,Other,SLD,2025-03-25,64.33,"Hedron Crab, Pitiless Plunderer, Clever Impersonator, Thalia, Heretic Cathar, Sticker sheet"
Pick 'em & Stick 'em Foil Edition,Secret Lair Drop,Other,SLD,2025-03-25,64.33,"Hedron Crab, Pitiless Plunderer, Clever Impersonator, Thalia, Heretic Cathar, Sticker sheet"
Pictures of the Floating World,Secret Lair Drop,Other,SLD,2022-07-22,39.31,"Mosswort Bridge, Spinerock Knoll, Windbrisk Heights, Shelldock Isle, Howltooth Hollow"
Pictures of the Floating World Foil Edition,Secret Lair Drop,Other,SLD,2022-07-22,39.31,"Mosswort Bridge, Spinerock Knoll, Windbrisk Heights, Shelldock Isle, Howltooth Hollow"
Pirates,Theme Deck,Other,ECL,2026-01-23,4.15,"Inti, Seneschal of the Sun, Marauding Mako, Spell Snare, Spyglass Siren, Secluded Courtyard"
Pirates (1),Jumpstart,Other,JMP,2020-07-17,1.01,"Coastal Piracy, Corsair Captain, Island, Chart a Course, Spectral Sailor"
Pirates (2),Jumpstart,Other,JMP,2020-07-17,0.0,"Corsair Captain, Curious Obsession, Island, Chart a Course, Capture Sphere"
Pixel Perfect,Secret Lair Drop,Other,SLD,2024-10-15,91.48,"Fierce Guardianship, Delayed Blast Fireball, Mana Geyser, Lightning Bolt"
Pixel Perfect Foil Edition,Secret Lair Drop,Other,SLD,2024-10-15,91.48,"Fierce Guardianship, Delayed Blast Fireball, Mana Geyser, Lightning Bolt"
PixelLands_v02.jpg,Secret Lair Drop,Other,SLD,2023-11-30,110.9,"Swamp, Island, Mountain, Forest, Plains"
PixelLands_v02.jpg Foil Edition,Secret Lair Drop,Other,SLD,2023-11-30,110.9,"Swamp, Island, Mountain, Forest, Plains"
PixelSnowLands.jpg,Secret Lair Drop,Other,SLD,2022-05-06,74.41,"Snow-Covered Island, Snow-Covered Swamp, Snow-Covered Forest, Snow-Covered Plains, Snow-Covered Mountain"
PixelSnowLands.jpg Foil Edition,Secret Lair Drop,Other,SLD,2022-05-06,74.41,"Snow-Covered Island, Snow-Covered Swamp, Snow-Covered Forest, Snow-Covered Plains, Snow-Covered Mountain"
PixelSnowLands.jpg Foil Etched Edition,Secret Lair Drop,Other,SLD,2022-05-06,74.41,"Snow-Covered Island, Snow-Covered Swamp, Snow-Covered Forest, Snow-Covered Plains, Snow-Covered Mountain"
Planar Chaos Foil Redemption,MTGO Redemption,Other,PLC,2007-03-04,1511.89,"Urborg, Tomb of Yawgmoth, Damnation, Simian Spirit Guide, Temporal Extortion, Pyrohemia"
Planar Chaos Redemption,MTGO Redemption,Other,PLC,2007-03-04,1511.89,"Urborg, Tomb of Yawgmoth, Damnation, Simian Spirit Guide, Temporal Extortion, Pyrohemia"
Planechase Anthology Planes,Box Set,Other,PCA,2016-11-25,327.41,"Tazeem, Goldmeadow, Izzet Steam Maze, Pools of Becoming, Bant"
Planeshift Foil Redemption,MTGO Redemption,Other,PLS,2001-03-07,2817.46,"Diabolic Intent, Meddling Mage, Orim's Chant, Eladamri's Call, Forsaken City"
Planeshift Redemption,MTGO Redemption,Other,PLS,2001-03-07,2817.46,"Diabolic Intent, Meddling Mage, Orim's Chant, Eladamri's Call, Forsaken City"
Play-Doh: Squishful Thinking,Secret Lair Drop,Other,SLD,2025-10-06,52.89,"Polyraptor, Academy Manufactor, Greensleeves, Maro-Sorcerer, Wurmcoil Engine"
Play-Doh: Squishful Thinking Foil Edition,Secret Lair Drop,Other,SLD,2025-10-06,52.89,"Polyraptor, Academy Manufactor, Greensleeves, Maro-Sorcerer, Wurmcoil Engine"
Player A's advanced pack,Advanced Pack,Other,S00,2000-04-24,0.0,"Swamp, Mountain, Forest, Llanowar Elves, Swamp"
Player A's deck,Starter Deck,Other,S00,2000-04-24,0.0,"Swamp, Mountain, Forest, Monstrous Growth, Swamp"
Player B's advanced pack,Advanced Pack,Other,S00,2000-04-24,2.76,"Counterspell, Island, Plains, Island, Island"
Player B's deck,Starter Deck,Other,S00,2000-04-24,0.0,"Giant Octopus, Island, Island, Plains, Island"
Plus One (1),Jumpstart,Other,JMP,2020-07-17,0.0,"Invigorating Surge, Primeval Bounty, Wildwood Scourge, Pridemalkin, Trufflesnout"
Plus One (2),Jumpstart,Other,JMP,2020-07-17,7.03,"Branching Evolution, Invigorating Surge, Wildwood Scourge, Pridemalkin, Trufflesnout"
Plus One (3),Jumpstart,Other,JMP,2020-07-17,0.0,"Invigorating Surge, Inspiring Call, Wildwood Scourge, Pridemalkin, Rishkar, Peema Renegade"
Plus One (4),Jumpstart,Other,JMP,2020-07-17,9.99,"Branching Evolution, Champion of Lambholt, Invigorating Surge, Wildwood Scourge, Pridemalkin"
Poker Faces,Secret Lair Drop,Other,SLD,2024-05-30,37.19,"Professional Face-Breaker, Goblin King, Jaxis, the Troublemaker, Rankle, Master of Pranks, Coffin Queen"
Poker Faces Foil Edition,Secret Lair Drop,Other,SLD,2024-05-30,37.19,"Professional Face-Breaker, Goblin King, Jaxis, the Troublemaker, Rankle, Master of Pranks, Coffin Queen"
Political Trickery,Game Night Deck,Other,GN3,2022-10-14,19.05,"Maeve, Insidious Singer, Counterspell, Split Decision, Diluvian Primordial, Plea for Power"
Ponies: The Galloping,Box Set,Other,PTG,2019-10-22,355.81,"Princess Twilight Sparkle, Rarity, Nightmare Moon // Princess Luna"
Ponies: The Galloping 2,Secret Lair Drop,Other,SLD,2024-03-14,169.72,"Rainbow Dash, Pinkie Pie, Fluttershy, Applejack"
Ponies: The Galloping 2 Foil Edition,Secret Lair Drop,Other,SLD,2024-03-14,169.72,"Rainbow Dash, Pinkie Pie, Fluttershy, Applejack"
Post Malone: Backstage Pass,Secret Lair Drop,Other,SLD,2022-12-05,61.44,"Bolas's Citadel, K'rrik, Son of Yawgmoth, Jet Medallion, Leshrac's Sigil"
Post Malone: Backstage Pass Foil Edition,Secret Lair Drop,Other,SLD,2022-12-05,61.44,"Bolas's Citadel, K'rrik, Son of Yawgmoth, Jet Medallion, Leshrac's Sigil"
Post Malone: The Lands,Secret Lair Drop,Other,SLD,2022-12-05,61.49,"Swamp, Forest, Island, Mountain, Plains"
Post Malone: The Lands Foil Edition,Secret Lair Drop,Other,SLD,2022-12-05,61.49,"Swamp, Forest, Island, Mountain, Plains"
Power,Clash Pack,Other,FRF,2015-01-23,43.05,"Merciless Executioner, Monastery Siege, Murderous Cut, Treasure Cruise, Opulent Palace"
Power and Profit,Clash Pack,Other,FRF,2015-01-23,79.09,"Merciless Executioner, Whip of Erebos, Nyx Weaver, Monastery Siege, Eidolon of Blossoms"
Power of Prophecy,Intro Pack,Other,M11,2010-07-16,42.26,"Plains, Stormtide Leviathan, Crystal Ball, Plains, Augury Owl"
Power to the People,Arena Starter Deck,Other,OTJ,2024-07-08,56.28,"Delney, Streetwise Lookout, Shadowy Backstreet, Snarling Gorehound, Deep-Cavern Bat, Rankle's Prank"
Powerful (1),Jumpstart,Other,TLE,2025-11-20,2.42,"Fang, Roku's Companion, Thriving Bluff, Mountain, Iroh's Demonstration, Uncle Iroh"
Powerful (2),Jumpstart,Other,TLE,2025-11-20,2.42,"Fang, Roku's Companion, Thriving Bluff, Mountain, Combustion Man, Uncle Iroh"
Powerstones 1,Jumpstart,Other,BRO,2022-11-18,0.0,"Geology Enthusiast, Island, Island, Combat Courier, Urza's Rebuff"
Powerstones 2,Jumpstart,Other,BRO,2022-11-18,0.0,"Geology Enthusiast, Island, Island, Hulking Metamorph, Combat Courier"
Preconstructed deck 1,Starter Deck,Other,S99,1999-07-12,1.27,"Swamp, Swamp, Forest, Mountain, Mountain"
Preconstructed deck 2,Starter Deck,Other,PTK,1999-05-01,143.15,"Borrowing 100,000 Arrows, Forest Bear, Forest, Forest, Council of Advisors"
Predatory (1),Jumpstart,Other,JMP,2020-07-17,9.06,"Neyith of the Dire Hunt, Dawntreader Elk, Fungal Rebirth, Irresistible Prey, Sabertooth Mauler"
Predatory (2),Jumpstart,Other,JMP,2020-07-17,9.06,"Neyith of the Dire Hunt, Dawntreader Elk, Fungal Rebirth, Irresistible Prey, Gingerbrute"
Predatory (3),Jumpstart,Other,JMP,2020-07-17,0.0,"Dawntreader Elk, Fungal Rebirth, Irresistible Prey, Gingerbrute, Sabertooth Mauler"
Predatory (4),Jumpstart,Other,JMP,2020-07-17,3.03,"Momentous Fall, Ravenous Baloth, Dawntreader Elk, Fungal Rebirth, Irresistible Prey"
Presence of Mind,Intro Pack,Other,M10,2009-07-17,23.17,"Telepathy, Island, Sage Owl, Sleep, Swamp"
Pressure Cooker,Theme Deck,Other,ODY,2001-10-01,396.47,"Braids, Cabal Minion, Cabal Pit, Mountain, Innocent Blood, Swamp"
"Preston Poulter, Semifinalist",Pro Tour Deck,Other,PTC,1996-05-01,117.39,"Sylvan Library, Land Tax, Strip Mine, Armageddon, Mishra's Factory"
Price Of Glory,Intro Pack,Other,M15,2014-07-18,11.42,"Mass Calcify, Sign in Blood, Staff of the Death Magus, Resolute Archangel, Ulcerate"
Pride Across the Multiverse,Secret Lair Drop,Other,SLD,2022-08-05,137.69,"Mana Confluence, Sol Ring, Bearscape, Collective Voyage, Savor the Moment"
Pride Across the Multiverse Foil Edition,Secret Lair Drop,Other,SLD,2022-08-05,137.69,"Mana Confluence, Sol Ring, Bearscape, Collective Voyage, Savor the Moment"
Prideful,Jumpstart,Other,J25,2024-11-07,5.96,"Brimaz, King of Oreskos, King of the Pride, Dawnwing Marshal, Leonin Vanguard, Take Up the Shield"
Priestess,Shandalar Enemy Deck,Other,PAST,1997-04-01,56.7,"Spirit Link, Elder Land Wurm, Swords to Plowshares, Fortified Area, Blessing"
Primal,Jumpstart,Other,FDN,2024-11-15,0.0,"Bear Cub, Aggressive Mammoth, Bite Down, Wildwood Scourge, Forest"
Primal Fury,Arena Starter Deck,Other,M19,2018-09-27,43.35,"Silverclad Ferocidons, Rootbound Crag, Knight of the Stampede, Colossal Majesty, Carnage Tyrant"
Primates,Jumpstart,Other,J22,2022-12-02,20.78,"Kibo, Uktabi Prince, Ram Through, Uktabi Orangutan, Monkey Cage, Cultivate"
Prime Slime,Secret Lair Drop,Other,SLD,2020-08-17,33.39,"Necrotic Ooze, Scavenging Ooze, The Mimeoplasm, Acidic Slime, Voidslime"
Primordial Hunger,Planechase Deck,Other,PCA,2016-11-25,16.9,"Dragonlair Spider, Mycoloth, Thromok the Insatiable, Khalni Garden, Skarrg, the Rage Pits"
Primordial Jund,Intro Pack,Other,ALA,2008-10-03,36.98,"Mycoloth, Swamp, Forest, Forest, Mountain"
Prints Charming,Secret Lair Drop,Other,SLD,2026-02-03,77.64,"Nature's Lore, Dryad Arbor, Skyshroud Claim, Wood Elves"
Prints Charming Foil Edition,Secret Lair Drop,Other,SLD,2026-02-03,77.64,"Nature's Lore, Dryad Arbor, Skyshroud Claim, Wood Elves"
Prints of Darkness,Secret Lair Drop,Other,SLD,2024-07-10,70.44,"Dictate of Erebos, Mayhem Devil, Moldervine Reclamation, Prossh, Skyraider of Kher, Fecundity"
Prints of Darkness Foil Edition,Secret Lair Drop,Other,SLD,2024-07-10,70.44,"Dictate of Erebos, Mayhem Devil, Moldervine Reclamation, Prossh, Skyraider of Kher, Fecundity"
Prismat,Shandalar Enemy Deck,Other,PAST,1997-04-01,7207.86,"Mox Emerald, Mox Pearl, Mountain, Sol Ring, Ivory Tower"
Prismatic Nightmares,Secret Lair Drop,Other,SLD,2024-02-23,101.94,"Simian Spirit Guide, Rain of Filth, Arcane Denial, Nightscape Familiar, Prince of Thralls"
Prismatic Nightmares Foil Edition,Secret Lair Drop,Other,SLD,2024-02-23,160.4,"Simian Spirit Guide, Rain of Filth, Arcane Denial, Nightscape Familiar, Prince of Thralls"
Profit,Clash Pack,Other,FRF,2015-01-23,45.91,"Whip of Erebos, Nyx Weaver, Eidolon of Blossoms, Grim Guardian, Doomwake Giant"
Progress 1,Jumpstart,Other,ONE,2023-02-10,0.0,"Thrummingbird, Serum Snare, Serum Sovereign, The Surgical Bay, Distorted Curiosity"
Progress 2,Jumpstart,Other,ONE,2023-02-10,0.0,"Experimental Augury, Thrummingbird, Serum Sovereign, The Surgical Bay, Surgical Skullbomb"
Psychic Labyrinth,Intro Pack,Other,M14,2013-07-19,8.63,"Archaeomancer, Clone, Warden of Evos Isle, Coral Merfolk, Plains"
Pulverize,Theme Deck,Other,SCG,2003-05-26,117.19,"Pyrostatic Pillar, Parallel Thoughts, Island, Mischievous Quanar, Dispersal Shield"
Pummel,Theme Deck,Other,PCY,2000-06-05,471.37,"Hickory Woodlot, Spore Frog, Skyshroud Claim, Invigorate, Vine Trellis"
Pumped Up,Intro Pack,Other,ZEN,2009-10-02,29.76,"Rite of Replication, Burst Lightning, Hellkite Charger, Sleep, Into the Roil"
Purrfection,Secret Lair Drop,Other,SLD,2021-10-22,309.36,"Kodama's Reach, Generous Gift, Heirloom Blade, Chain Lightning"
Purrfection Foil Edition,Secret Lair Drop,Other,SLD,2021-10-22,309.36,"Kodama's Reach, Generous Gift, Heirloom Blade, Chain Lightning"
Queltosh,Shandalar Enemy Deck,Other,PAST,1997-04-01,2671.42,"Candelabra of Tawnos, Mountain, Land Tax, Eye for an Eye, Time Elemental"
Radiant's Revenge,Theme Deck,Other,ULG,1999-02-15,296.51,"Mother of Runes, Ring of Gix, Miscalculation, Raven Familiar, Urza's Blueprints"
Radiant's Revenge - Enhanced Deck,Enhanced Deck,Other,ULG,1999-02-15,611.11,"Palinchron, Miscalculation, Faerie Conclave, Reflecting Pool, Forbidding Watchtower"
Raid 1,Jumpstart,Other,J22,2022-12-02,0.0,"Raze the Effigy, Daring Piracy, Kari Zev, Skyship Raider, Goblin Oriflamme, Thriving Bluff"
Raid 2,Jumpstart,Other,J22,2022-12-02,6.93,"Glint-Horn Buccaneer, Daring Piracy, Bag of Holding, Thriving Bluff, Mountain"
Raid 3,Jumpstart,Other,J22,2022-12-02,3.76,"Brazen Cannonade, Daring Piracy, Thriving Bluff, Axgard Cavalry, Mountain"
Raid 4,Jumpstart,Other,J22,2022-12-02,3.76,"Brazen Cannonade, Daring Piracy, Thriving Bluff, Mountain, Borderland Marauder"
Rainbow,Jumpstart,Other,JMP,2020-07-17,0.0,"Maelstrom Archangel, Alloy Myr, Plains, Swamp, Island"
Rakdos,Guild Kit,Other,GK2,2019-02-15,30.65,"Utvara Hellkite, Master of Cruelties, Rakdos, Lord of Riots, Spawn of Mayhem, Rakdos the Defiler"
Rakdos Bloodsport,Theme Deck,Other,DIS,2006-05-05,39.44,"Lyzolda, the Blood Witch, Rakdos Signet, Seal of Fire, Rix Maadi, Dungeon Palace, Ignorant Bliss"
Rakdos Raid,Intro Pack,Other,RTR,2012-10-05,7.24,"Tormented Soul, Shrieking Affliction, Blood Reckoning, Swamp, Ravenous Rats"
Rakdos Revelry,Intro Pack,Other,DGM,2013-05-03,4.25,"Guttersnipe, Havoc Festival, Carnage Gladiator, Toil // Trouble, Swamp"
Rakdos Vampires,Challenger Deck,Other,Q07,2022-04-01,17.85,"Blightstep Pathway // Searstep Pathway, Florian, Voldaren Scion, Swamp, Den of the Bugbear, Henrika Domnathi // Henrika, Infernal Seer"
"Ral, Caller of Storms",Planeswalker Deck,Other,GRN,2018-10-05,1.04,"Ral, Caller of Storms, Mountain, Goblin Electromancer, Island, Hellkite Whelp"
Rally and Rout,Event Deck,Other,GTC,2013-02-22,46.57,"Boros Charm, Champion of the Parish, Thalia, Guardian of Thraben, Clifftop Retreat, Slayers' Stronghold"
Rallying Cry,Intro Pack,Other,BFZ,2015-10-02,12.59,"Hero of Goma Fada, Angelic Captain, Resolute Blademaster, Angel of Renewal, Chasm Guide"
"Randy Buehler - Draw, Go",World Championship Deck,Other,WC98,1998-08-12,12.49,"Mana Leak, Counterspell, Island, Force Spike, Dissipate"
Raphael,Theme Deck,Other,TMT,2026-03-06,6.78,"Raphael, Tag Team Tough, Casey & Raph, Hotheads, Casey Jones, Asphalt Hooligan, Skateboard, Definitely Not a Turtle"
Raphael Levy - Le Wonder Goose,World Championship Deck,Other,WC02,2002-08-14,69.28,"Yavimaya Coast, Mental Note, Island, Careful Study, Island"
Rapid Fire,Intro Pack,Other,WWK,2010-02-05,39.82,"Chain Reaction, Searing Blaze, Kor Skyfisher, Ruin Ghost, Steppe Lynx"
Rats,Jumpstart,Other,J22,2022-12-02,46.47,"Ashcoat of the Shadow Swarm, Infiltration Lens, Crypt Rats, Ogre Slumlord, Nezumi Bone-Reader"
Rats' Nest,Theme Deck,Other,BOK,2005-02-04,366.53,"Umezawa's Jitte, Shuko, Throat Slitter, Skullsnatcher, Okiba-Gang Shinobi"
Ravaging Swarm,Intro Pack,Other,NPH,2011-05-13,109.96,"Inexorable Tide, Viral Drake, Blighted Agent, Corrupted Conscience, Forest"
Ravenous Rats,Theme Deck,Other,PSAL,2005-08-01,0.0,"Swamp, Swamp, Swamp, Swamp, Swamp"
Ravnica Allegiance Foil Redemption,MTGO Redemption,Other,RNA,2019-02-24,321.19,"Smothering Tithe, Blood Crypt, Hallowed Fountain, Breeding Pool, Godless Shrine"
Ravnica Allegiance Redemption,MTGO Redemption,Other,RNA,2019-02-24,321.19,"Smothering Tithe, Blood Crypt, Hallowed Fountain, Breeding Pool, Godless Shrine"
Ravnica: City of Guilds Foil Redemption,MTGO Redemption,Other,RAV,2005-11-06,1925.04,"Watery Grave, Doubling Season, Overgrown Tomb, Life from the Loam, Sacred Foundry"
Ravnica: City of Guilds Redemption,MTGO Redemption,Other,RAV,2005-11-06,1925.04,"Watery Grave, Doubling Season, Overgrown Tomb, Life from the Loam, Sacred Foundry"
Read the Fine Print,Secret Lair Drop,Other,SLD,2022-01-28,48.88,"Razaketh, the Foulblooded, Griselbrand, Liliana's Contract, Demonlord Belzenlok, Kothophed, Soul Hoarder"
Read the Fine Print Foil Edition,Secret Lair Drop,Other,SLD,2022-01-28,48.88,"Razaketh, the Foulblooded, Griselbrand, Liliana's Contract, Demonlord Belzenlok, Kothophed, Soul Hoarder"
Read the Fine Print Foil Etched Edition,Secret Lair Drop,Other,SLD,2022-01-28,48.88,"Razaketh, the Foulblooded, Griselbrand, Liliana's Contract, Demonlord Belzenlok, Kothophed, Soul Hoarder"
Ready to Attack,Jumpstart,Other,DMU,2022-09-09,2.84,"Mountain, Twinferno, Ragefire Hellkite, Electrostatic Infantry, Phoenix Chick"
Ready to Charge,Jumpstart,Other,DMU,2022-09-09,2.84,"Mountain, Twinferno, Ragefire Hellkite, Electrostatic Infantry, Yavimaya Steelcrusher"
Reality Fracture,Theme Deck,Other,TSP,2006-10-06,321.21,"Claws of Gix, Grapeshot, Clockspinning, Deep-Sea Kraken, Whispers of the Muse"
Reanimated (1),Jumpstart,Other,JMP,2020-07-17,8.37,"Reanimate, Swamp, Archfiend's Vessel, Swamp, Goremand"
Reanimated (2),Jumpstart,Other,JMP,2020-07-17,8.37,"Reanimate, Swamp, Swamp, Goremand, Crypt Lurker"
Reanimated (3),Jumpstart,Other,JMP,2020-07-17,5.25,"Exhume, Swamp, Scourge of Nel Toth, Swamp, Goremand"
Reanimated (4),Jumpstart,Other,JMP,2020-07-17,7.03,"Rise of the Dark Realms, Swamp, Swamp, Goremand, Crypt Lurker"
Rebel Armory,Arena Starter Deck,Other,LTR,2023-06-20,14.73,"Nahiri, Forged in Fury, Mountain, Mountain, Danitha, Benalia's Hope, Battlefield Forge"
Rebel's Call,Theme Deck,Other,MMQ,1999-10-04,186.58,"Cho-Manno, Revolutionary, Nightwind Glider, Fountain of Cho, Disenchant, Ramosian Sergeant"
Rebel's Call - Enhanced Deck,Enhanced Deck,Other,MMQ,1999-10-04,690.22,"Dust Bowl, Cave-In, Reverent Mantra, Mother of Runes, City of Brass"
Rebelling (1),Jumpstart,Other,TLE,2025-11-20,16.61,"Longshot, Rebel Bowman, Smellerbee, Rebel Fighter, Zuko, Seeking Honor, Thriving Bluff, Mountain"
Rebelling (2),Jumpstart,Other,TLE,2025-11-20,20.54,"Longshot, Rebel Bowman, Overwhelming Victory, Smellerbee, Rebel Fighter, Zuko, Seeking Honor, Thriving Bluff"
Rebellious 1,Jumpstart,Other,ONE,2023-02-10,0.0,"Rhuk, Hexgold Nabber, Volt Charge, Mountain, Mountain, Rebel Salvo"
Rebellious 2,Jumpstart,Other,ONE,2023-02-10,0.0,"Rhuk, Hexgold Nabber, Blazing Crescendo, Bladegraft Aspirant, Mountain, Mountain"
Rebels Unite,Theme Deck,Other,FUT,2007-05-04,39.64,"Dawn Charm, Big Game Hunter, Outrider en-Kor, Terramorphic Expanse, Magus of the Abyss"
Red,Halfdeck,Other,UND,2020-02-28,0.0,"Goblin Tutor, Mountain, Scissors Lizard, Infinity Elemental, Strategy, Schmategy"
Red Burn,Deck Builder's Toolkit,Other,MBS,2011-03-11,17.32,"Forked Bolt, Cunning Sparkmage, Fire Servant, Kiln Fiend, Chandra's Spitfire"
Red Deck,Welcome Deck,Other,M19,2018-07-13,2.43,"Lightning Strike, Goblin Motivator, Mountain, Mountain, Sparktongue Dragon"
Red Deck A,Sample Deck,Other,M11,2010-07-16,11.32,"Lightning Bolt, Fire Servant, Mountain, Chandra's Spitfire, Arc Runner"
Red Deck B,Sample Deck,Other,10E,2008-05-02,3.39,"Mountain, Incinerate, Blaze, Mountain, Demolish"
Red Green Monstrosity,Deck Builder's Toolkit,Other,M15,2014-07-18,1.74,"Market Festival, Peregrination, Stoneshock Giant, Fall of the Hammer, Satyr Hedonist"
Red Sample Deck,Sample Deck,Other,M13,2012-07-13,0.0,"Wild Guess, Searing Spear, Mountain, Mountain, Mountain"
Red White Auras,Deck Builder's Toolkit,Other,M15,2014-07-18,2.38,"Vanguard of Brimaz, Heliod's Pilgrim, Akroan Crusader, Brood Keeper, Chosen by Heliod"
Red and Black Pirates,Deck Builder's Toolkit,Other,XLN,2017-09-29,0.0,"Fiery Cannonade, Lightning-Rig Crew, March of the Drowned, Kitesail Freebooter, Dire Fleet Captain"
Red and Colorless Artifacts,Deck Builder's Toolkit,Other,AKH,2017-04-28,2.33,"Implement of Combustion, Servo Schematic, Watchers of the Dead, Inventor's Apprentice, Welder Automaton"
Red and Green Aggro,Deck Builder's Toolkit,Other,AKH,2017-04-28,1.19,"Cartouche of Strength, Ahn-Crop Crasher, Cartouche of Zeal, Crocodile of the Crossing, Initiate's Companion"
Red and Green Dinosaurs,Deck Builder's Toolkit,Other,XLN,2017-09-29,8.06,"Ranging Raptors, Raging Swordtooth, Charging Monstrosaur, Raptor Hatchling, Sun-Crowned Hunters"
Red and Green Wolves,Deck Builder's Toolkit,Other,KLD,2016-09-30,2.28,"Blossoming Defense, Ulrich's Kindred, Pack Guardian, Brazen Wolves, Uncaged Fury"
Red and White,Deck Builder's Toolkit,Other,KLD,2016-09-30,0.0,"Cathartic Reunion, Fairgrounds Warden, Steadfast Cathar, Spireside Infiltrator, Make Mischief"
Red and White Aggro,Deck Builder's Toolkit,Other,AKH,2017-04-28,3.62,"Cartouche of Solidarity, Ahn-Crop Crasher, Cartouche of Zeal, Honored Crop-Captain, Rhet-Crop Spearmaster"
Red and White Dinosaurs,Deck Builder's Toolkit,Other,XLN,2017-09-29,3.93,"Kinjalli's Caller, Charging Monstrosaur, Sky Terror, Dinosaur Stampede, Imperial Aerosaur"
Red-Green Aggro,Deck Builder's Toolkit,Other,ROE,2010-05-21,1.19,"Summit Apes, Borderland Ranger, Goblin Shortcutter, Trusty Machete, Centaur Courser"
Red-White,Starter Kit,Other,FIN,2025-06-13,12.29,"Ultima Weapon, Rosa, Resolute White Mage, Cloud, Planet's Champion, Beatrix, Loyal General, Plains"
Red-White Deck,Spellslinger Starter Kit,Other,M19,2018-10-05,3.66,"Lightning Strike, Charging Monstrosaur, Goblin Motivator, Sky Terror, Demanding Dragon"
Reign of Vampirism,Intro Pack,Other,M11,2010-07-16,38.95,"Viscera Seer, Royal Assassin, Cultivate, Captivating Vampire, Diabolic Tutor"
Reinforced (1),Jumpstart,Other,TLE,2025-11-20,1.15,"Zuko, Seeking Honor, Fire Nation Salvagers, Feed the Swarm, Swamp, Long Feng, Grand Secretariat"
Reinforced (2),Jumpstart,Other,TLE,2025-11-20,1.15,"Zuko, Seeking Honor, Fire Nation Salvagers, Swamp, Long Feng, Grand Secretariat, Thriving Moor"
Reinforcement 1,Jumpstart,Other,MOM,2023-04-20,12.77,"Orthion, Hero of Lavabrink, Axgard Artisan, Mountain, Ral's Reinforcements, Volcanic Spite"
Reinforcement 2,Jumpstart,Other,MOM,2023-04-20,12.77,"Orthion, Hero of Lavabrink, Axgard Artisan, Mirran Banesplitter, Mountain, Volcanic Spite"
Relentless (1),Jumpstart,Other,TLE,2025-11-20,5.26,"Fire Nation Occupation, Ruthless Waterbender, Swamp, Thriving Moor, Azula, On the Hunt"
Relentless (2),Jumpstart,Other,TLE,2025-11-20,4.12,"Fire Nation Occupation, Swamp, Thriving Moor, Azula, On the Hunt, Heartless Act"
Relentless Dead,Intro Pack,Other,DKA,2012-02-03,34.37,"Endless Ranks of the Dead, Diregraf Captain, Island, Swamp, Black Cat"
Relentless Rush,Intro Pack,Other,DTK,2015-03-27,10.91,"Impact Tremors, Foul-Tongue Shriek, Duress, Mountain, Swamp"
Relic Breaker,Intro Pack,Other,SOM,2010-10-01,79.63,"Asceticism, Viridian Revel, Forest, Iron Myr, Copper Myr"
Relics of Doom,Theme Deck,Other,PS11,2011-01-01,0.0,"Island, Island, Island, Island, Swamp"
Repeat Performance,Event Deck,Other,M13,2012-08-03,127.66,"Green Sun's Zenith, Razorverge Thicket, Avacyn's Pilgrim, Arbor Elf, Attended Knight"
Repel the Dark,Intro Pack,Other,ISD,2011-09-30,20.94,"Avacyn's Pilgrim, Fiend Hunter, Overrun, Forest, Bonds of Faith"
Replicator,Theme Deck,Other,NEM,2000-02-14,203.14,"Saproling Burst, Invigorate, Blastoderm, Bog Witch, Saproling Cluster"
Replicator - Enhanced Deck,Enhanced Deck,Other,NEM,2000-02-14,309.22,"Treetop Village, Rancor, Collective Unconscious, Vine Trellis, Spontaneous Generation"
Restless in Peace,Secret Lair Drop,Other,SLD,2019-12-05,30.35,"Life from the Loam, Bloodghast, Golgari Thug"
Return to Mystical Archive,Secret Lair Drop,Other,SLD,2026-05-12,0.0,"Duty Beyond Death, Spell Pierce, Zombify, Abrade, Shared Roots"
Return to Mystical Archive Foil Edition,Secret Lair Drop,Other,SLD,2026-05-12,0.0,"Duty Beyond Death, Spell Pierce, Zombify, Abrade, Shared Roots"
Return to Ravnica Foil Redemption,MTGO Redemption,Other,RTR,2012-11-04,500.05,"Cyclonic Rift, Deathrite Shaman, Blood Crypt, Steam Vents, Rakdos Charm"
Return to Ravnica Redemption,MTGO Redemption,Other,RTR,2012-11-04,500.05,"Cyclonic Rift, Deathrite Shaman, Blood Crypt, Steam Vents, Rakdos Charm"
Ride Like the Wind,MTGO Theme Deck,Other,MIR,2006-12-05,1.83,"Mountain, Plains, Telim'Tor, Mountain, Sidar Jabari"
Riders 1,Jumpstart,Other,LTR,2023-11-03,15.35,"Riders of the Mark, Mountain, Mountain, Rising of the Day, Rally at the Hornburg"
Riders 2,Jumpstart,Other,LTR,2023-11-03,13.44,"Riders of the Mark, Mountain, Mountain, Rally at the Hornburg, Smite the Deathless"
Rise of the Eldrazi Foil Redemption,MTGO Redemption,Other,ROE,2010-05-23,1979.04,"Emrakul, the Aeons Torn, Kozilek, Butcher of Truth, Ulamog, the Infinite Gyre, Nirkana Revenant, Linvala, Keeper of Silence"
Rise of the Eldrazi Redemption,MTGO Redemption,Other,ROE,2010-05-23,1979.04,"Emrakul, the Aeons Torn, Kozilek, Butcher of Truth, Ulamog, the Infinite Gyre, Nirkana Revenant, Linvala, Keeper of Silence"
Rise of the Vampires,Intro Pack,Other,ZEN,2009-10-02,49.45,"Blood Tribute, Malakir Bloodwitch, Diabolic Tutor, Vampire Nighthawk, Vampire's Bite"
Rituals of Rebirth,Theme Deck,Other,PLC,2007-02-02,230.29,"Wall of Roots, Essence Warden, Teneb, the Harvester, Rebuff the Wicked, Jedit Ojanen of Efrava"
Rivals of Ixalan Foil Redemption,MTGO Redemption,Other,RIX,2018-02-18,366.48,"Nezahal, Primal Tide, Polyraptor, The Immortal Sun, Storm the Vault // Vault of Catlacan, Pitiless Plunderer"
Rivals of Ixalan Redemption,MTGO Redemption,Other,RIX,2018-02-18,366.48,"Nezahal, Primal Tide, Polyraptor, The Immortal Sun, Storm the Vault // Vault of Catlacan, Pitiless Plunderer"
River Heralds,Theme Deck,Other,E02,2017-11-24,24.6,"Time Warp, Tempest Caller, Soul of the Harvest, Island, Rancor"
Rogues (1),Jumpstart,Other,JMP,2020-07-17,0.0,"Rogue's Gloves, Thieves' Guild Enforcer, Alchemist's Gift, Swamp, Oona's Blackguard"
Rogues (2),Jumpstart,Other,JMP,2020-07-17,0.0,"Rogue's Gloves, Thieves' Guild Enforcer, Alchemist's Gift, Swamp, Oona's Blackguard"
Roku,Jumpstart,Other,TLE,2025-11-20,21.95,"Avatar Roku, Firebender, Frantic Confrontation, Fang, Roku's Companion, Loyal Fire Sage, Thriving Bluff"
Rot from Within,Event Deck,Other,NPH,2011-06-10,182.43,"Green Sun's Zenith, Inkmoth Nexus, Mutagenic Growth, Ichorclaw Myr, Overgrown Battlement"
Rough and Tumble,Arena Starter Kit,Other,AFR,2021-08-06,1.51,"Evolving Wilds, Asmodeus the Archfiend, Oran-Rief Ooze, Rabid Bite, Black Dragon"
Rough and Tumble Amazon,Arena Starter Kit,Other,AFR,2021-08-06,1.51,"Evolving Wilds, Asmodeus the Archfiend, Oran-Rief Ooze, Rabid Bite, Black Dragon"
"Rowan, Fearless Sparkmage",Planeswalker Deck,Other,ELD,2019-10-04,0.0,"Rowan, Fearless Sparkmage, Plains, Giant Killer // Chop Down, Acclaimed Contender, Mountain"
Rule the Room,Secret Lair Drop,Other,SLD,2022-09-13,49.2,"Brimaz, King of Oreskos, Savra, Queen of the Golgari, Queen Marchesa, Arcanis the Omnipotent"
Rule the Room Foil Edition,Secret Lair Drop,Other,SLD,2022-09-13,49.2,"Brimaz, King of Oreskos, Savra, Queen of the Golgari, Queen Marchesa, Arcanis the Omnipotent"
Rumbler,Intro Pack,Other,ARB,2009-04-30,27.1,"Terramorphic Expanse, Forest, Forest, Mountain, Mountain"
Rush of the Wild,Event Deck,Other,M14,2013-08-09,35.29,"Stomping Ground, Rogue's Passage, Elvish Mystic, Mizzium Mortars, Dryad Militant"
SDCC 2013 Black Planeswalkers,Box Set,Other,PSDC,2013-07-18,747.58,"Liliana of the Dark Realms, Ajani, Caller of the Pride, Jace, Memory Adept, Garruk, Caller of Beasts, Chandra, Pyromaster"
SDCC 2013 Planeswalker Set,San Diego Comic Con Promos,Other,PSDC,2013-07-18,747.58,"Liliana of the Dark Realms, Ajani, Caller of the Pride, Jace, Memory Adept, Garruk, Caller of Beasts, Chandra, Pyromaster"
SDCC 2014 Black Planeswalkers,Box Set,Other,PS14,2014-07-08,269.12,"Liliana Vess, Nissa, Worldwaker, Chandra, Pyromaster, Ajani Steadfast, Jace, the Living Guildpact"
SDCC 2014 Planeswalker Set,San Diego Comic Con Promos,Other,PS14,2014-07-24,269.12,"Liliana Vess, Nissa, Worldwaker, Chandra, Pyromaster, Ajani Steadfast, Jace, the Living Guildpact"
SDCC 2015 Black Planeswalkers,Box Set,Other,PS15,2015-07-09,394.34,"Liliana, Heretical Healer // Liliana, Defiant Necromancer, Chandra, Fire of Kaladesh // Chandra, Roaring Flame, Jace, Vryn's Prodigy // Jace, Telepath Unbound, Nissa, Vastwood Seer // Nissa, Sage Animist, Kytheon, Hero of Akros // Gideon, Battle-Forged"
SDCC 2015 Planeswalker Set,San Diego Comic Con Promos,Other,PS15,2015-07-09,394.34,"Liliana, Heretical Healer // Liliana, Defiant Necromancer, Chandra, Fire of Kaladesh // Chandra, Roaring Flame, Jace, Vryn's Prodigy // Jace, Telepath Unbound, Nissa, Vastwood Seer // Nissa, Sage Animist, Kytheon, Hero of Akros // Gideon, Battle-Forged"
SDCC 2016 Zombie Planeswalker Set,San Diego Comic Con Promos,Other,PS16,2016-07-21,101.56,"Liliana, the Last Hope, Chandra, Flamecaller, Jace, Unraveler of Secrets, Gideon, Ally of Zendikar, Nissa, Voice of Zendikar"
SDCC 2016 Zombie Planeswalkers,Box Set,Other,PS16,2016-10-01,101.56,"Liliana, the Last Hope, Chandra, Flamecaller, Jace, Unraveler of Secrets, Gideon, Ally of Zendikar, Nissa, Voice of Zendikar"
SDCC 2017 Egyptian Planeswalkers,Box Set,Other,PS17,2017-07-20,165.96,"Liliana, Death's Majesty, Nicol Bolas, God-Pharaoh, Chandra, Torch of Defiance, Jace, Unraveler of Secrets, Nissa, Steward of Elements"
SDCC 2017 Planeswalker Set,San Diego Comic Con Promos,Other,PS17,2017-07-20,165.96,"Liliana, Death's Majesty, Nicol Bolas, God-Pharaoh, Chandra, Torch of Defiance, Jace, Unraveler of Secrets, Nissa, Steward of Elements"
SDCC 2018 Planeswalker Set,San Diego Comic Con Promos,Other,PS18,2018-07-19,203.43,"Liliana, Untouched by Death, Nissa, Vital Force, Chandra, Torch of Defiance, Gideon of the Trials, Jace, Cunning Castaway"
SDCC 2018 Stained Glass Planeswalkers,Box Set,Other,PS18,2018-07-19,203.43,"Liliana, Untouched by Death, Nissa, Vital Force, Chandra, Torch of Defiance, Gideon of the Trials, Jace, Cunning Castaway"
SDCC 2019 God-Eternals,Box Set,Other,PS19,2019-07-18,205.87,"Nicol Bolas, Dragon-God, God-Eternal Oketra, God-Eternal Bontu, God-Eternal Kefnet, God-Eternal Rhonas"
Sacred Assault,Intro Pack,Other,M12,2011-07-15,32.37,"Spirit Mantle, Mesa Enchantress, Gladecover Scout, Lifelink, Aegis Angel"
Sacrificial Bam,Theme Deck,Other,MRD,2003-10-02,238.24,"Vault of Whispers, Great Furnace, Myr Retriever, Talisman of Indulgence, Iron Myr"
Sacrilege,Theme Deck,Other,TOR,2002-02-08,355.57,"Buried Alive, Ichorid, Tainted Field, Putrid Imp, Angel of Retribution"
Saddle Up,Arena Starter Deck,Other,OTJ,2024-07-08,14.8,"Lush Portico, Railway Brawler, Outcaster Trailblazer, Gruff Triplets, Ornery Tumblewagg"
Sainted One,Shandalar Enemy Deck,Other,PAST,1997-04-01,6357.89,"Mox Pearl, Mishra's Workshop, Bottle of Suleiman, Sol Ring, Armageddon"
Saltrem Tor,Shandalar Enemy Deck,Other,PAST,1997-04-01,299.86,"Mountain, Birds of Paradise, Whirling Dervish, Crimson Manticore, Giant Tortoise"
Sampler Booster,Welcome Booster,Other,7ED,2001-04-11,51.1,"Island, Swamp, Mountain, Forest, Coral Merfolk"
Saproling Swarm,Arena Starter Deck,Other,M19,2018-09-27,23.84,"Tendershoot Dryad, Twilight Prophet, Poison-Tip Archer, Woodland Cemetery, Path of Discovery"
Sarkhan,Planeswalker Deck,Other,M19,2018-07-13,15.13,"Sarkhan, Dragonsoul, Thud, Lightning Strike, Goblin Motivator, Demanding Dragon"
Saturday Morning D&D,Secret Lair Drop,Other,SLD,2021-06-21,48.65,"Primal Vigor, Impact Tremors, Whir of Invention, Commander's Sphere, Hero's Downfall"
Saturday Morning D&D Foil Edition,Secret Lair Drop,Other,SLD,2021-06-21,48.65,"Primal Vigor, Impact Tremors, Whir of Invention, Commander's Sphere, Hero's Downfall"
Savage Auras,Planechase Deck,Other,PCA,2016-11-25,21.23,"Ghostly Prison, Kor Spiritdancer, Felidar Umbra, Spirit Mantle, Three Dreams"
Savage Lands,Arena Starter Deck,Other,AFR,2021-09-24,10.67,"Toski, Bearer of Secrets, Cragcrown Pathway // Timbercrown Pathway, Inferno of the Star Mounts, Werewolf Pack Leader, Froghemoth"
Savage Salvagers,Arena Starter Deck,Other,LTR,2023-06-20,9.73,"Conduit of Worlds, Glissa Sunslayer, Shadow of the Enemy, Terror of Towashi, Llanowar Wastes"
Savage Stompdown,MTGO Theme Deck,Other,VIS,2006-04-10,45.82,"Natural Order, Mountain, Viashivan Dragon, Forest, Mountain"
Saviors of Kamigawa Foil Redemption,MTGO Redemption,Other,SOK,2005-07-03,2040.27,"Oboro Breezecaller, Oboro, Palace in the Clouds, Erayo, Soratami Ascendant // Erayo's Essence, Sakashima the Impostor, Miren, the Moaning Well"
Saviors of Kamigawa Redemption,MTGO Redemption,Other,SOK,2005-07-03,2040.27,"Oboro Breezecaller, Oboro, Palace in the Clouds, Erayo, Soratami Ascendant // Erayo's Essence, Sakashima the Impostor, Miren, the Moaning Well"
Scales of Fury,Theme Deck,Other,PS11,2011-01-01,0.0,"Forest, Forest, Forest, Forest, Mountain"
Scars of Mirrodin Foil Redemption,MTGO Redemption,Other,SOM,2010-10-31,1483.14,"Mox Opal, Skithiryx, the Blight Dragon, Platinum Emperion, Grafted Exoskeleton, Sword of Body and Mind"
Scars of Mirrodin Redemption,MTGO Redemption,Other,SOM,2010-10-31,1483.14,"Mox Opal, Skithiryx, the Blight Dragon, Platinum Emperion, Grafted Exoskeleton, Sword of Body and Mind"
Scene Box,Box Set,Other,SPE,2025-09-26,18.16,"Green Goblin, Nemesis, Venom, Deadly Devourer, Sensational Spider-Man, Pumpkin Bombs, Grasping Tentacles"
Scorch The World With Dragonfire,Archenemy Deck,Other,ARC,2010-06-18,27.23,"Seething Song, Thran Dynamo, Hellkite Charger, Dragonspeaker Shaman, Taurean Mauler"
Scourge Foil Redemption,MTGO Redemption,Other,SCG,2003-06-25,3065.92,"Stifle, Brain Freeze, Decree of Justice, Sliver Overlord, Eternal Dragon"
Scourge Redemption,MTGO Redemption,Other,SCG,2003-06-25,3065.92,"Stifle, Brain Freeze, Decree of Justice, Sliver Overlord, Eternal Dragon"
Scout,Theme Deck,Other,PLS,2001-02-05,483.19,"Eladamri's Call, Fertile Ground, Harrow, Armadillo Cloak, Rith's Grove"
Scrapyard Sacrifice,Arena Starter Deck,Other,LTR,2023-06-20,14.58,"Mishra, Claimed by Gix // Mishra, Lost to Phyrexia, Mountain, Mountain, Sulfurous Springs, Phyrexian Dragon Engine // Mishra, Lost to Phyrexia"
Scrying 1,Jumpstart,Other,J22,2022-12-02,9.75,"Kenessos, Priest of Thassa, Preordain, Cryptic Serpent, Faerie Seer, Biblioplex Kraken"
Scrying 2,Jumpstart,Other,J22,2022-12-02,9.75,"Kenessos, Priest of Thassa, Preordain, Condescend, Cryptic Serpent, Faerie Seer"
Sea Drake,Shandalar Enemy Deck,Other,PAST,1997-04-01,176.18,"Mana Vault, Island Fish Jasconius, Leviathan, Counterspell, Giant Tortoise"
Second Chance,Arena Starter Deck,Other,OTJ,2024-07-08,7.76,"Spirebluff Canal, Seize the Secrets, Demand Answers, Melek, Reforged Researcher, Hell to Pay"
Second Sun Control,Challenger Deck,Other,Q01,2018-04-06,28.76,"Settle the Wreckage, Approach of the Second Sun, Kefnet the Mindful, Fumigate, Island"
Secret Lair High: Class of '87,Secret Lair Drop,Other,SLD,2025-03-25,16.98,"Aesi, Tyrant of Gyre Strait // Aesi, Tyrant of Gyre Strait, Chulane, Teller of Tales // Chulane, Teller of Tales, Anje Falkenrath // Anje Falkenrath, Radha, Heart of Keld // Radha, Heart of Keld"
Secret Lair High: Class of '87 Foil Edition,Secret Lair Drop,Other,SLD,2025-03-25,16.98,"Aesi, Tyrant of Gyre Strait // Aesi, Tyrant of Gyre Strait, Chulane, Teller of Tales // Chulane, Teller of Tales, Anje Falkenrath // Anje Falkenrath, Radha, Heart of Keld // Radha, Heart of Keld"
Sedge Beast,Shandalar Enemy Deck,Other,PAST,1997-04-01,349.28,"Mountain, Strip Mine, Dancing Scimitar, Blight, Erg Raiders"
Seeing Visions,Secret Lair Drop,Other,SLD,2019-12-06,12.56,"Serum Visions, Serum Visions, Serum Visions, Serum Visions"
Seer,Shandalar Enemy Deck,Other,PAST,1997-04-01,337.55,"Triskelion, Hurkyl's Recall, Tetravus, Time Elemental, Ornithopter"
Seismic,Jumpstart,Other,JMP,2020-07-17,0.0,"Volcanic Fallout, Mountain, Mana Geode, Grim Lavamancer, Volcanic Geyser"
Selesnya,Guild Kit,Other,GK1,2018-11-02,6.92,"Privileged Position, Trostani, Selesnya's Voice, Camaraderie, Tolsimir Wolfblood, Growing Ranks"
Selesnya Conclave,Arena Starter Deck,Other,M20,2019-05-03,26.26,"Temple Garden, March of the Multitudes, Tolsimir, Friend to Wolves, Knight of Autumn, Pledge of Unity"
Selesnya Conclave 1,Jumpstart,Other,CLU,2024-02-23,2.21,"Conclave Evangelist, Trostani Discordant, Sumala Rumblers, Rootborn Defenses, Selesnya Sanctuary"
Selesnya Conclave 2,Jumpstart,Other,CLU,2024-02-23,8.81,"Beast Whisperer, Vernal Sovereign, Selesnya Signet, Sumala Rumblers, Selesnya Sanctuary"
Selesnya Pride,Arena Starter Deck,Other,DOM,2018-03-22,108.85,"Anointed Procession, Crested Sunmare, Sacred Cat, Pride Sovereign, Regal Caracal"
Selesnya Surge,Intro Pack,Other,RTR,2012-10-05,6.25,"Arbor Elf, Rootborn Defenses, Healer of the Pride, Druid's Deliverance, Forest"
Selesnya United,Theme Deck,Other,RAV,2005-10-07,29.21,"Selesnya Sanctuary, Nullmage Shepherd, Tolsimir Wolfblood, Vitu-Ghazi, the City-Tree, Scatter the Seeds"
Series 1,Box Set,Other,PVAN,1997-12-01,30.12,"Karn, Squee, Gerrard, Mirri, Maraxus"
Series 2,Box Set,Other,PVAN,1997-12-01,105.86,"Orim, Selenia, Hanna, Starke, Volrath"
Series 3,Box Set,Other,PVAN,1997-12-01,203.2,"Sliver Queen, Brood Mother, Lyna, Eladamri, Oracle, Sidar Kondo"
Series 4,Box Set,Other,PVAN,1997-12-01,369.18,"Titania, Gix, Urza, Xantcha, Serra"
Seventh Edition Foil Redemption,MTGO Redemption,Other,7ED,2001-05-11,20472.03,"Birds of Paradise, Final Fortune, City of Brass, Underground River, Karplusan Forest"
Seventh Edition Redemption,MTGO Redemption,Other,7ED,2001-05-11,20472.03,"Birds of Paradise, Final Fortune, City of Brass, Underground River, Karplusan Forest"
Shades Not Included,Secret Lair Drop,Other,SLD,2022-07-22,75.72,"Mountain, Island, Swamp, Plains, Forest"
Shades Not Included Foil Edition,Secret Lair Drop,Other,SLD,2022-07-22,75.72,"Mountain, Island, Swamp, Plains, Forest"
Shadowmoor Foil Redemption,MTGO Redemption,Other,SHM,2008-06-01,3612.46,"Sygg, River Cutthroat, Manamorphose, Painter's Servant, Everlasting Torment, Umbral Mantle"
Shadowmoor Redemption,MTGO Redemption,Other,SHM,2008-06-01,3612.46,"Sygg, River Cutthroat, Manamorphose, Painter's Servant, Everlasting Torment, Umbral Mantle"
Shadows over Innistrad Foil Redemption,MTGO Redemption,Other,SOI,2016-05-08,247.81,"Eerie Interlude, Relentless Dead, Archangel Avacyn // Avacyn, the Purifier, Sorin, Grim Nemesis, Jace, Unraveler of Secrets"
Shadows over Innistrad Redemption,MTGO Redemption,Other,SOI,2016-05-08,247.81,"Eerie Interlude, Relentless Dead, Archangel Avacyn // Avacyn, the Purifier, Sorin, Grim Nemesis, Jace, Unraveler of Secrets"
Shallow Graves,Intro Pack,Other,EMN,2016-07-22,6.69,"Cryptbreaker, Liliana's Indignation, Graf Harvest, Noosegraf Mob, Exultant Cultist"
Shamanism,Theme Deck,Other,MOR,2008-02-01,203.92,"Thornbite Staff, Bosk Banneret, Leaf-Crowned Elder, Lignify, Swamp"
Shapeshifter,Shandalar Enemy Deck,Other,PAST,1997-04-01,520.68,"Triskelion, Mana Vault, Mishra's Factory, Hurkyl's Recall, Ivory Tower"
Shapeshifters,Jumpstart,Other,J22,2022-12-02,30.58,"Pirated Copy, Mirror Image, Bloodline Pretender, Amoeboid Changeling, Universal Automaton"
Shards of Alara Foil Redemption,MTGO Redemption,Other,ALA,2008-11-02,971.65,"Ad Nauseam, Elspeth, Knight-Errant, Tezzeret the Seeker, Mayael the Anima, Ajani Vengeant"
Shards of Alara Redemption,MTGO Redemption,Other,ALA,2008-11-02,971.65,"Ad Nauseam, Elspeth, Knight-Errant, Tezzeret the Seeker, Mayael the Anima, Ajani Vengeant"
"Shawn Hammer Regnier, Quarterfinalist",Pro Tour Deck,Other,PTC,1996-05-01,94.84,"Land Tax, City of Brass, Island, Mishra's Factory, Island"
Sheldon's Spellbook,Secret Lair Drop,Other,SLD,2024-07-03,91.29,"Teferi's Protection, Sol Ring, Inkshield, Command Tower, Eladamri's Vineyard"
Sheldon's Spellbook Foil Edition,Secret Lair Drop,Other,SLD,2024-07-03,91.29,"Teferi's Protection, Sol Ring, Inkshield, Command Tower, Eladamri's Vineyard"
Showcase: All Will Be One Step-and-Compleat Edition,Secret Lair Drop,Other,SLD,2023-04-14,55.13,"Phyrexian Crusader, Glissa, the Traitor, Phyrexian Unlife, Ertai, the Corrupted, Plague Engineer"
Showcase: Bloomburrow,Secret Lair Drop,Other,SLD,2024-07-30,65.7,"Tezzeret, Master of the Bridge, Sorin Markov, Kiora, Behemoth Beckoner, Vraska, Golgari Queen, Huatli, Radiant Champion"
Showcase: Bloomburrow Foil Edition,Secret Lair Drop,Other,SLD,2024-07-30,65.7,"Tezzeret, Master of the Bridge, Sorin Markov, Kiora, Behemoth Beckoner, Vraska, Golgari Queen, Huatli, Radiant Champion"
Showcase: Dominaria United Textured Foil Edition,Secret Lair Drop,Other,SLD,2022-10-25,33.76,"Nicol Bolas, Vaevictis Asmadi, Chromium, Palladia-Mors, Arcades Sabboth"
Showcase: Duskmourn,Secret Lair Drop,Other,SLD,2024-10-01,39.19,"Dauthi Voidwalker, Phyrexian Metamorph, Magus of the Moon, Witch's Oven, Cauldron Familiar"
Showcase: Duskmourn Foil Edition,Secret Lair Drop,Other,SLD,2024-10-01,39.19,"Dauthi Voidwalker, Phyrexian Metamorph, Magus of the Moon, Witch's Oven, Cauldron Familiar"
Showcase: Kaldheim - Part 1,Secret Lair Drop,Other,SLD,2021-04-13,59.35,"Uro, Titan of Nature's Wrath, Primeval Titan, Frost Titan"
Showcase: Kaldheim - Part 1 Foil Edition,Secret Lair Drop,Other,SLD,2021-04-13,59.35,"Uro, Titan of Nature's Wrath, Primeval Titan, Frost Titan"
Showcase: Kaldheim - Part 2,Secret Lair Drop,Other,SLD,2021-04-13,27.84,"Grave Titan, Kroxa, Titan of Death's Hunger, Inferno Titan"
Showcase: Kaldheim - Part 2 Foil Edition,Secret Lair Drop,Other,SLD,2021-04-13,27.84,"Grave Titan, Kroxa, Titan of Death's Hunger, Inferno Titan"
Showcase: March of the Machine Vol. 1,Secret Lair Drop,Other,SLD,2023-04-28,133.07,"Walking Ballista, The World Tree, Wheel and Deal, Questing Beast, Olivia Voldaren"
Showcase: March of the Machine Vol. 2,Secret Lair Drop,Other,SLD,2023-04-28,108.92,"Higure, the Still Wind, Nezahal, Primal Tide, Xantcha, Sleeper Agent, Mina and Denn, Wildborn, Dragonlord Kolaghan"
Showcase: March of the Machine Vol. 3,Secret Lair Drop,Other,SLD,2023-04-28,187.98,"Misdirection, Nyxbloom Ancient, Utvara Hellkite, Kogla, the Titan Ape, Jhoira, Weatherlight Captain"
Showcase: Midnight Hunt,Secret Lair Drop,Other,SLD,2022-01-28,95.67,"Vault of the Archangel, Gavony Township, Kessig Wolf Run, Alchemist's Refuge, Slayers' Stronghold"
Showcase: Midnight Hunt Foil Edition,Secret Lair Drop,Other,SLD,2022-01-28,95.67,"Vault of the Archangel, Gavony Township, Kessig Wolf Run, Alchemist's Refuge, Slayers' Stronghold"
Showcase: Murders at Karlov Manor,Secret Lair Drop,Other,SLD,2024-02-23,31.17,"Vilis, Broker of Blood, Gonti, Lord of Luxury, Grenzo, Dungeon Warden, Anowon, the Ruin Thief"
Showcase: Murders at Karlov Manor Foil Edition,Secret Lair Drop,Other,SLD,2024-02-23,36.99,"Vilis, Broker of Blood, Gonti, Lord of Luxury, Grenzo, Dungeon Warden, Anowon, the Ruin Thief"
Showcase: Neon Dynasty Neon Ink Foil Edition,Secret Lair Drop,Other,SLD,2022-07-22,87.44,"Ghostly Prison, Freed from the Real, Hall of the Bandit Lord, Boseiju, Who Shelters All"
Showcase: Outlaws of Thunder Junction,Secret Lair Drop,Other,SLD,2024-05-30,30.23,"Magda, Brazen Outlaw, Kalitas, Traitor of Ghet, Dack Fayden, Greasefang, Okiba Boss"
Showcase: Outlaws of Thunder Junction Foil Edition,Secret Lair Drop,Other,SLD,2024-05-30,30.23,"Magda, Brazen Outlaw, Kalitas, Traitor of Ghet, Dack Fayden, Greasefang, Okiba Boss"
Showcase: Streets of New Capenna Gilded Foil Edition,Secret Lair Drop,Other,SLD,2022-08-05,62.11,"Atraxa, Praetors' Voice, Breya, Etherium Shaper, Yidris, Maelstrom Wielder"
Showcase: Strixhaven,Secret Lair Drop,Other,SLD,2021-08-25,68.05,"All Is Dust, Drown in the Loch, Fire Covenant, Artifact Mutation, Fractured Identity"
Showcase: Strixhaven Foil Edition,Secret Lair Drop,Other,SLD,2021-08-25,68.05,"All Is Dust, Drown in the Loch, Fire Covenant, Artifact Mutation, Fractured Identity"
Showcase: The Lost Caverns of Ixalan,Secret Lair Drop,Other,SLD,2023-12-05,56.53,"Elenda, the Dusk Rose, Kumena, Tyrant of Orazca, Captain Lannery Storm, Admiral Beckett Brass, Vona, Butcher of Magan"
Showcase: The Lost Caverns of Ixalan Foil Edition,Secret Lair Drop,Other,SLD,2023-12-05,68.24,"Kumena, Tyrant of Orazca, Elenda, the Dusk Rose, Captain Lannery Storm, Admiral Beckett Brass, Vona, Butcher of Magan"
Showcase: Zendikar Revisited,Secret Lair Drop,Other,SLD,2020-09-25,122.26,"Avenger of Zendikar, Admonition Angel, Roil Elemental, Zulaport Cutthroat, Warren Instigator"
Showcase: Zendikar Revisited Foil Edition,Secret Lair Drop,Other,SLD,2020-09-25,122.26,"Avenger of Zendikar, Admonition Angel, Roil Elemental, Zulaport Cutthroat, Warren Instigator"
Shrines,Jumpstart,Other,TLE,2025-11-20,8.34,"Hei Bai, Forest Guardian, Forest, The Spirit Oasis, Thriving Grove, Southern Air Temple"
Shu Kingdom,Theme Deck,Other,PTK,1999-05-01,155.18,"Guan Yu, Sainted Warrior, Liu Bei, Lord of Shu, Kongming, ""Sleeping Dragon"", Shu General, Plains"
Sidestep,Theme Deck,Other,EVE,2008-07-25,74.19,"Clout of the Dominus, Dominus of Fealty, Mindwrack Liege, Island, Inside Out"
Siege Engines,Jumpstart,Other,TLE,2025-11-20,0.0,"The Fire Nation Drill, Swamp, Thriving Moor, Heartless Act, Fire Navy Trebuchet"
Signature Spellbook: Chandra,Box Set,Other,SS3,2020-06-26,53.62,"Pyroblast, Rite of Flame, Chandra, Torch of Defiance, Past in Flames, Fiery Confluence"
Signature Spellbook: Gideon,Box Set,Other,SS2,2019-06-28,44.04,"Blackblade Reforged, True Conviction, Shielded by Faith, Path to Exile, Worship"
Signature Spellbook: Jace,Box Set,Other,SS1,2018-06-15,48.9,"Mystical Tutor, Blue Elemental Blast, Gifts Ungiven, Counterspell, Brainstorm"
Silver Deck,Starter Deck,Other,7ED,2001-04-11,461.33,"Sleight of Hand, Vizzerdrix, Island, Breath of Life, Island"
Silver Pack,Advanced Pack,Other,8ED,2003-07-28,8.59,"Holy Day, Island, Plains, Rod of Ruin, Sanctimony"
Sim Han How - Squirrel Opposition,World Championship Deck,Other,WC02,2002-08-14,52.87,"Yavimaya Coast, Shivan Reef, Birds of Paradise, Island, Island"
Simic,Guild Kit,Other,GK2,2019-02-15,28.5,"Guardian Project, Omnibian, Gyre Sage, Simic Ascendancy, Trollbred Guardian"
Simic Combine,Arena Starter Deck,Other,M20,2019-05-03,39.91,"Breeding Pool, Biomancer's Familiar, Incubation Druid, Hydroid Krasis, Growth Spiral"
Simic Combine 1,Jumpstart,Other,CLU,2024-02-23,4.11,"Slip Out the Back, Rapid Hybridization, Master Biomancer, Unruly Krasis, Scuttling Sentinel"
Simic Combine 2,Jumpstart,Other,CLU,2024-02-23,7.4,"Lonis, Genetics Expert, Hydroid Krasis, Scuttling Sentinel, Duskshell Crawler, Nissa's Judgment"
Simic Domination,Intro Pack,Other,DGM,2013-05-03,15.48,"Gyre Sage, Bred for the Hunt, Vorel of the Hull Clade, Forest, Phytoburst"
Simic Mutology,Theme Deck,Other,DIS,2006-05-05,110.19,"Protean Hulk, Simic Growth Chamber, Experiment Kraj, Simic Guildmage, Novijen, Heart of Progress"
Simic Synthesis,Intro Pack,Other,GTC,2013-02-01,11.22,"Tower Defense, Unexpected Results, Ivy Lane Denizen, Bioshift, Urban Evolution"
Sky Patrol,Arena Starter Deck,Other,AFR,2021-09-24,12.98,"Hengegate Pathway // Mistgate Pathway, Grazilaxx, Illithid Scholar, Starnheim Unleashed, Saw It Coming, Luminarch Aspirant"
Sky Slam,Theme Deck,Other,8ED,2003-07-28,25.69,"Mana Leak, Urza's Armor, Island, Island, Island"
Slaughterhouse,Intro Pack,Other,AVR,2012-05-04,18.82,"Blood Artist, Reassembling Skeleton, Swamp, Swamp, Harvester of Souls"
Slay the Day,Secret Lair Drop,Other,SLD,2025-05-19,52.43,"Marwyn, the Nurturer, Oloro, Ageless Ascetic, Sythis, Harvest's Hand, Liesa, Shroud of Dusk"
Sleeper,Theme Deck,Other,USG,1998-10-12,0.0,"Plains, Plains, Plains, Plains, Opal Titan"
Sleeper - Enhanced Deck,Enhanced Deck,Other,USG,1998-10-12,79.82,"Argothian Enchantress, Oath of Lieges, Worship, Pariah, Endless Wurm"
Slither,Theme Deck,Other,PCY,2000-06-05,269.44,"Reverent Silence, Invigorate, Vine Trellis, Citadel of Pain, Seal of Fire"
Sliver Evolution,Theme Deck,Other,TSP,2006-10-06,198.17,"Gemstone Mine, Avoid Fate, Pulmonic Sliver, Spirit Loop, Spined Sliver"
Sliver Shivers,Theme Deck,Other,LGN,2003-02-03,322.89,"Shifting Sliver, Brood Sliver, Lonely Sandbar, Essence Sliver, Root Sliver"
Slivers,Premium Deck,Other,H09,2009-11-20,125.1,"Sliver Overlord, Coat of Arms, Heart Sliver, Crystalline Sliver, Brood Sliver"
Smashing (1),Jumpstart,Other,JMP,2020-07-17,1.68,"Unleash Fury, Volcanic Salvo, Heartfire Immolator, Shock, Furious Rise"
Smashing (2),Jumpstart,Other,JMP,2020-07-17,0.0,"Volcanic Salvo, Heartfire Immolator, Furious Rise, Fling, Mountain"
Smashing (3),Jumpstart,Other,JMP,2020-07-17,2.87,"Unleash Fury, Sarkhan's Unsealing, Hamletback Goliath, Heartfire Immolator, Furious Rise"
Smashing (4),Jumpstart,Other,JMP,2020-07-17,0.0,"Etali, Primal Storm, Heartfire Immolator, Furious Rise, Fling, Mountain"
Snack Time,Arena Starter Deck,Other,OTJ,2024-07-08,32.83,"Underground Mortuary, Experimental Confectioner, Lich-Knights' Conquest, Assassin's Trophy, Bristlebud Farmer"
Snake's Path,Theme Deck,Other,CHK,2004-10-01,184.48,"Sensei's Divining Top, Time of Need, Orochi Hatchery, Sakura-Tribe Elder, Orochi Leafcaller"
Snakes,Jumpstart,Other,J25,2024-11-07,23.49,"Aphelia, Viper Whisperer, Hooded Blightfang, Gorgon Flail, Night's Whisper, Thriving Moor"
Sneak Attack Amazon,Arena Starter Kit,Other,AFR,2021-08-06,4.6,"Archmage Emeritus, Mind Flayer, Calamity Bearer, Cyclone Summoner, Red Dragon"
Sneak Squad,Arena Promotional Deck,Other,DMU,2022-09-09,5.88,"Mirrorhall Mimic // Ghastly Mimicry, Malevolent Hermit // Benevolent Geist, Undying Malice, Dismal Backwater, Blade of the Oni"
Snow,Jumpstart,Other,J22,2022-12-02,15.02,"Coldsteel Heart, Isu the Abominable, Snow-Covered Island, Marit Lage's Slumber, Phyrexian Ironfoot"
Snowscape,Theme Deck,Other,CSP,2006-07-21,137.02,"Rimefeather Owl, Rimewind Cryomancer, Snow-Covered Island, Heidar, Rimewind Master, Coldsteel Heart"
So Salty,Secret Lair Drop,Other,SLD,2025-04-22,96.83,"Scrawling Crawler, Winter Orb, Expropriate, Narset, Parter of Veils, Worst Fears"
Soaring (1),Jumpstart,Other,J25,2024-11-07,0.0,"Cynette, Jelly Drover, Thriving Isle, Windreader Sphinx, Gust of Wind, Tide Skimmer"
Soaring (2),Jumpstart,Other,J25,2024-11-07,2.27,"Cavalier of Gales, Cynette, Jelly Drover, Thriving Isle, Shorecomber Crab, Gust of Wind"
Soaring (3),Jumpstart,Other,J25,2024-11-07,0.0,"Mu Yanling, Sky Dancer, Cynette, Jelly Drover, Thriving Isle, Gust of Wind, Tide Skimmer"
Soaring (4),Jumpstart,Other,J25,2024-11-07,0.0,"Faerie Seer, Cynette, Jelly Drover, Sprite Noble, Thriving Isle, Opt"
Sole Domination,Intro Pack,Other,M13,2012-07-13,25.37,"Ring of Xathrid, Tormented Soul, Plains, Vampire Nighthawk, Knight of Glory"
Solitary Fiends,Intro Pack,Other,AVR,2012-05-04,23.14,"Swiftfoot Boots, Essence Harvest, Swamp, Island, Swamp"
Song Dance,Challenger Deck,Other,Q03,2019-11-08,20.49,"Sacred Foundry, Feather, the Redeemed, Gideon Blackblade, Dreadhorde Arcanist, Tithe Taker"
Sonic: Chasing Adventure,Secret Lair Drop,Other,SLD,2025-08-08,34.68,"Sol Ring, Fabricate, Unexpected Windfall, Open the Armory, Generous Gift"
Sonic: Chasing Adventure Foil Edition,Secret Lair Drop,Other,SLD,2025-08-08,34.68,"Sol Ring, Fabricate, Unexpected Windfall, Open the Armory, Generous Gift"
Sonic: Friends & Foes,Secret Lair Drop,Other,SLD,2025-08-08,52.4,"Super State, Knuckles the Echidna, Shadow the Hedgehog, Sonic the Hedgehog, Amy Rose"
Sonic: Friends & Foes Foil Edition,Secret Lair Drop,Other,SLD,2025-08-08,52.4,"Super State, Knuckles the Echidna, Shadow the Hedgehog, Sonic the Hedgehog, Amy Rose"
Sonic: Turbo Gear,Secret Lair Drop,Other,SLD,2025-08-08,38.24,"The Reaver Cleaver, Hammer of Nazahn, Lightning Greaves, Swiftfoot Boots, Weatherlight"
Sonic: Turbo Gear Foil Edition,Secret Lair Drop,Other,SLD,2025-08-08,38.24,"The Reaver Cleaver, Hammer of Nazahn, Lightning Greaves, Swiftfoot Boots, Weatherlight"
Soratami's Wisdom,Theme Deck,Other,SOK,2005-06-03,152.32,"Kami of the Crescent Moon, Freed from the Real, Overwhelming Intellect, Soramaro, First to Dream, Graceful Adept"
Sorcerer,Shandalar Enemy Deck,Other,PAST,1997-04-01,327.17,"Mountain, Brass Man, Ali Baba, Winds of Change, Manabarbs"
Sorceress,Shandalar Enemy Deck,Other,PAST,1997-04-01,314.11,"Mountain, Ball Lightning, Blood Lust, Meekstone, Bird Maiden"
Sorin,Duel Deck,Other,DDK,2013-03-15,2.78,"Sorin, Lord of Innistrad, Mesmeric Fiend, Unmake, Butcher of Malakir, Tainted Field"
"Sorin, Vampire Lord",Planeswalker Deck,Other,M20,2019-07-29,25.78,"Sorin, Vampire Lord, Vampire of the Dire Moon, Dread Presence, Swamp, Bloodthirsty Aerialist"
Sparky Sparky (1),Jumpstart,Other,TLE,2025-11-20,0.0,"Thriving Bluff, Mountain, Combustion Man, Iroh's Demonstration, Ran and Shaw"
Sparky Sparky (2),Jumpstart,Other,TLE,2025-11-20,3.93,"Overwhelming Victory, Price of Freedom, Thriving Bluff, Mountain, Combustion Man"
Special Delivery,Theme Deck,Other,USG,1998-10-12,6.59,"Argothian Wurm, Thran Turbine, Wildfire, Mountain, Forest"
Special Delivery - Enhanced Deck,Enhanced Deck,Other,USG,1998-10-12,236.47,"Cursed Scroll, Wasteland, Reflecting Pool, City of Brass, Searing Touch"
Special Forces,Theme Deck,Other,5DN,2004-06-04,172.2,"Plunge into Darkness, Acquire, Silver Myr, Whispersilk Cloak, Leaden Myr"
Special Guest: Fiona Staples,Secret Lair Drop,Other,SLD,2021-10-29,71.09,"Dryad of the Ilysian Grove, Metallic Mimic, Sakura-Tribe Elder, Soul-Scar Mage, Spell Queller"
Special Guest: Fiona Staples Foil Edition,Secret Lair Drop,Other,SLD,2021-10-29,71.09,"Dryad of the Ilysian Grove, Metallic Mimic, Sakura-Tribe Elder, Soul-Scar Mage, Spell Queller"
Special Guest: Jen Bartel,Secret Lair Drop,Other,SLD,2021-10-29,96.28,"Bloom Tender, Archaeomancer, Mesa Enchantress, Meteor Golem"
Special Guest: Jen Bartel Foil Edition,Secret Lair Drop,Other,SLD,2021-10-29,96.28,"Bloom Tender, Archaeomancer, Mesa Enchantress, Meteor Golem"
Special Guest: Junji Ito,Secret Lair Drop,Other,SLD,2022-12-05,160.45,"Carrion Feeder, Thoughtseize, Plaguecrafter, Doomsday"
Special Guest: Junji Ito Foil Etched Edition,Secret Lair Drop,Other,SLD,2022-12-05,160.45,"Carrion Feeder, Thoughtseize, Plaguecrafter, Doomsday"
Special Guest: Kelogsloops,Secret Lair Drop,Other,SLD,2022-09-13,162.89,"Mystic Remora, Burgeoning, Utopia Sprawl, Retreat to Coralhelm"
Special Guest: Kelogsloops Foil Edition,Secret Lair Drop,Other,SLD,2022-09-13,162.89,"Mystic Remora, Burgeoning, Utopia Sprawl, Retreat to Coralhelm"
Special Guest: Kozyndan: Another Story,Secret Lair Drop,Other,SLD,2022-12-19,127.1,"Serra Ascendant, Demonic Consultation, Winds of Change, Rapid Hybridization, Llanowar Elves"
Special Guest: Kozyndan: Another Story Foil Edition,Secret Lair Drop,Other,SLD,2022-12-19,127.1,"Serra Ascendant, Demonic Consultation, Winds of Change, Rapid Hybridization, Llanowar Elves"
Special Guest: Kozyndan: The Lands,Secret Lair Drop,Other,SLD,2022-12-19,88.57,"Island, Swamp, Plains, Forest, Mountain"
Special Guest: Kozyndan: The Lands Foil Edition,Secret Lair Drop,Other,SLD,2022-12-19,88.57,"Island, Swamp, Plains, Forest, Mountain"
Special Guest: Matt Jukes,Secret Lair Drop,Other,SLD,2022-08-05,76.76,"Dragonskull Summit, Glacial Fortress, Drowned Catacomb, Sunpetal Grove, Rootbound Crag"
Special Guest: Matt Jukes Foil Edition,Secret Lair Drop,Other,SLD,2022-08-05,76.76,"Dragonskull Summit, Glacial Fortress, Drowned Catacomb, Sunpetal Grove, Rootbound Crag"
Special Guest: Yoji Shinkawa,Secret Lair Drop,Other,SLD,2022-12-05,229.33,"Skullclamp, Tezzeret the Seeker, Phyrexian Metamorph, Solemn Simulacrum"
Special Guest: Yoji Shinkawa Foil Edition,Secret Lair Drop,Other,SLD,2022-12-05,229.33,"Skullclamp, Tezzeret the Seeker, Phyrexian Metamorph, Solemn Simulacrum"
Special Guest: Yuko Shimizu,Secret Lair Drop,Other,SLD,2022-07-22,79.81,"Elvish Spirit Guide, Kira, Great Glass-Spinner, Eidolon of the Great Revel, Hokori, Dust Drinker"
Special Guest: Yuko Shimizu Foil Edition,Secret Lair Drop,Other,SLD,2022-07-22,79.81,"Elvish Spirit Guide, Kira, Great Glass-Spinner, Eidolon of the Great Revel, Hokori, Dust Drinker"
Spectral Legions,Intro Pack,Other,ISD,2011-09-30,34.92,"Spirit Mantle, Curiosity, Geist-Honored Monk, Lifelink, Island"
Spectral Slam,Theme Deck,Other,JUD,2002-05-27,291.96,"Mirari's Wake, Krosan Verge, Forest, Benevolent Bodyguard, Phantom Centaur"
Spectrum,Theme Deck,Other,INV,2000-10-02,209.06,"Fires of Yavimaya, Fertile Ground, Harrow, Sabertooth Nishoba, Global Ruin"
Speed,Duel Deck,Other,DDN,2014-09-05,13.78,"Fury of the Horde, Goblin Bombardment, Krenko, Mob Boss, Goblin Warchief, Banefire"
Speed Scorch,Theme Deck,Other,8ED,2003-07-28,47.39,"Goblin King, Mountain, Mountain, Mogg Sentry, Mountain"
Speedy,Jumpstart,Other,J22,2022-12-02,24.48,"Kiki-Jiki, Mirror Breaker, Ardoz, Cobbler of War, Bolt Hound, Thriving Bluff, Mudbutton Torchrunner"
Spellcasting (1),Jumpstart,Other,JMP,2020-07-17,0.0,"Double Vision, Thrill of Possibility, Thermo-Alchemist, Heartfire Immolator, Shock"
Spellcasting (2),Jumpstart,Other,JMP,2020-07-17,0.0,"Double Vision, Thrill of Possibility, Young Pyromancer, Thermo-Alchemist, Heartfire Immolator"
Spellcasting (3),Jumpstart,Other,JMP,2020-07-17,5.12,"Dualcaster Mage, Dragon Fodder, Thrill of Possibility, Thermo-Alchemist, Heartfire Immolator"
Spellcasting (4),Jumpstart,Other,JMP,2020-07-17,6.79,"Immolating Gyre, Crash Through, Thrill of Possibility, Thermo-Alchemist, Heartfire Immolator"
Spellpower,Arena Starter Deck,Other,M21,2021-07-03,7.73,"Brazen Borrower // Petty Theft, Shark Typhoon, Wavebreak Hippocamp, Double Vision, Stolen by the Fae"
Spellslinger Starter Kit - Red Deck,Spellslinger Starter Kit,Other,M20,2019-07-12,13.73,"Glint-Horn Buccaneer, Mountain, Drakuseth, Maw of Flames, Leyline of Combustion, Immortal Phoenix"
Spellslinger Starter Kit - White Deck,Spellslinger Starter Kit,Other,M20,2019-07-12,11.99,"Angelic Guardian, Sephara, Sky's Blade, Bond of Discipline, Inspiring Unicorn, Plains"
Spellweaver,Arena Starter Deck,Other,SNC,2022-09-09,13.93,"Stormcarved Coast, Lier, Disciple of the Drowned, Reckless Impulse, Big Score, Consider"
Spicy,Jumpstart,Other,J22,2022-12-02,10.27,"Auntie Blyte, Bad Influence, Loxodon Warhammer, Spear Spewer, Coalhauler Swine, Goblin Artillery"
Spiraling Doom,Event Deck,Other,DKA,2012-02-24,126.04,"Birthing Pod, Hex Parasite, Myr Battlesphere, Bloodgift Demon, Diabolic Tutor"
Spirit,Jumpstart,Other,TLE,2025-11-20,1.25,"Dramatic Reversal, Dutiful Knowledge Seeker, Baboon Spirit, The Spirit Oasis, Island"
Spirit Flames,Theme Deck,Other,SOK,2005-06-03,27.07,"Elder Pine of Jukai, Arashi, the Sky Asunder, Forest, Mountain, Mountain"
Spirit Gale,Theme Deck,Other,BRB,1999-11-12,39.37,"Wrath of God, Windfall, Island, Swords to Plowshares, Soul Warden"
Spiritbane,Theme Deck,Other,CHK,2004-10-01,101.94,"Kusari-Gama, Brothers Yamazaki, Kumano, Master Yamabushi, Brothers Yamazaki, No-Dachi"
Spiritcraft,Theme Deck,Other,BOK,2005-02-04,27.74,"Oyobi, Who Split the Heavens, Kodama of the Center Tree, Traproot Kami, Forest, Wear Away"
Spirits,Theme Deck,Other,PSAL,2005-08-01,0.0,"Mountain, Mountain, Mountain, Mountain, Mountain"
Spirits (1),Jumpstart,Other,JMP,2020-07-17,1.33,"Essence Flux, Winged Words, Island, Capture Sphere, Roaming Ghostlight"
Spirits (2),Jumpstart,Other,JMP,2020-07-17,0.0,"Rewind, Winged Words, Island, Capture Sphere, Roaming Ghostlight"
Spirits 1,Jumpstart,Other,J22,2022-12-02,5.2,"Eidolon of Rhetoric, Selfless Spirit, Chains of Custody, Angel of Flight Alabaster, Doomed Traveler"
Spirits 2,Jumpstart,Other,J22,2022-12-02,3.97,"Eidolon of Rhetoric, Chains of Custody, Hour of Reckoning, Doomed Traveler, Triplicate Spirits"
SpongeBob SquarePants: Internet Sensation,Secret Lair Drop,Other,SLD,2025-03-25,60.52,"Counterspell, Force of Despair, Inevitable Betrayal, Daze, Night's Whisper"
SpongeBob SquarePants: Internet Sensation Foil Edition,Secret Lair Drop,Other,SLD,2025-03-25,60.52,"Counterspell, Force of Despair, Inevitable Betrayal, Daze, Night's Whisper"
SpongeBob SquarePants: Lands Under the Sea,Secret Lair Drop,Other,SLD,2025-03-25,22.18,"Island, Mountain, Forest, Plains, Swamp"
SpongeBob SquarePants: Lands Under the Sea Foil Edition,Secret Lair Drop,Other,SLD,2025-03-25,22.18,"Island, Mountain, Forest, Plains, Swamp"
SpongeBob SquarePants: Legends of Bikini Bottom,Secret Lair Drop,Other,SLD,2025-03-25,61.59,"Toxrill, the Corrosive, Jodah, the Unifier, Toski, Bearer of Secrets, Skrelv, Defector Mite, Grazilaxx, Illithid Scholar"
SpongeBob SquarePants: Legends of Bikini Bottom Foil Edition,Secret Lair Drop,Other,SLD,2025-03-25,61.59,"Toxrill, the Corrosive, Jodah, the Unifier, Toski, Bearer of Secrets, Skrelv, Defector Mite, Grazilaxx, Illithid Scholar"
Spooky (1),Jumpstart,Other,JMP,2020-07-17,0.0,"Village Rites, Swamp, Liliana's Standard Bearer, Malefic Scythe, Crypt Lurker"
Spooky (2),Jumpstart,Other,JMP,2020-07-17,2.01,"Harvester of Souls, Swamp, Malefic Scythe, Crypt Lurker, Swamp"
Spooky (3),Jumpstart,Other,JMP,2020-07-17,0.0,"Swamp, Languish, Malefic Scythe, Crypt Lurker, Swamp"
Spooky (4),Jumpstart,Other,JMP,2020-07-17,5.35,"Black Market, Swamp, Malefic Scythe, Crypt Lurker, Swamp"
Ssssssnakessssss,Secret Lair Drop,Other,SLD,2023-04-14,113.83,"Lotus Cobra, Stonecoil Serpent, Hexdrinker, Ice-Fang Coatl, Seshiro the Anointed"
Ssssssnakessssss Foil Edition,Secret Lair Drop,Other,SLD,2023-04-14,113.83,"Lotus Cobra, Stonecoil Serpent, Hexdrinker, Ice-Fang Coatl, Seshiro the Anointed"
Stalwart (1),Jumpstart,Other,J25,2024-11-07,7.45,"Generous Pup, Ajani, Adversary of Tyrants, Urdnan, Dromoka Warrior, Patron of the Valiant, Take Up the Shield"
Stalwart (2),Jumpstart,Other,J25,2024-11-07,0.0,"Urdnan, Dromoka Warrior, Basri's Lieutenant, Patron of the Valiant, Thriving Heath, Star Pupil"
Stalwart (3),Jumpstart,Other,J25,2024-11-07,7.45,"Generous Pup, Urdnan, Dromoka Warrior, Steadfast Unicorn, Take Up the Shield, Thriving Heath"
Stalwart (4),Jumpstart,Other,J25,2024-11-07,0.0,"Mikaeus, the Lunarch, Urdnan, Dromoka Warrior, Light of the Legion, Thriving Heath, Banishing Light"
Stampede,Theme Deck,Other,5DN,2004-06-04,147.96,"Eternal Witness, Talisman of Impulse, Rite of Passage, Pyrite Spellbomb, Goblin Cannon"
Stampede of Beasts,Intro Pack,Other,M11,2010-07-16,55.11,"Protean Hydra, Whispersilk Cloak, Back to Nature, Cultivate, Overwhelming Stampede"
Stampeding Hordes,Intro Pack,Other,FRF,2015-01-23,9.5,"Deflecting Palm, Flamerush Rider, Goblin Roughrider, Wind-Scarred Crag, Mountain"
Starry-Eyed,Arena Starter Deck,Other,M21,2021-07-03,17.94,"Kiora Bests the Sea God, Luminous Broodmoth, Elspeth Conquers Death, All That Glitters, Midnight Clock"
Starter 2000 sampler pack,Welcome Booster,Other,S00,2000-04-24,0.0,"Spined Wurm, Mountain, Island, Swamp, Forest"
Starter Collection,Box Set,Other,FDN,2024-11-15,42.18,"Swiftfoot Boots, Aurelia, the Warleader, Boros Charm, Basilisk Collar, Massacre Wurm"
Stealthy Subterfuge,Arena Starter Deck,Other,SNC,2022-09-09,17.54,"Shipwreck Marsh, Nashi, Moon Sage's Scion, Thousand-Faced Shadow, Kaito Shizuki, Dismal Backwater"
Stoked (1),Jumpstart,Other,J25,2024-11-07,0.0,"Frontline Heroism, Titan's Strength, Thriving Bluff, Twinferno, Uncaged Fury"
Stoked (2),Jumpstart,Other,J25,2024-11-07,0.0,"Dreadhorde Arcanist, Unleash Fury, Titan's Strength, Thriving Bluff, Roil Eruption"
Stoked (3),Jumpstart,Other,J25,2024-11-07,0.0,"Frontline Heroism, Mirrorwing Dragon, Unleash Fury, Titan's Strength, Young Pyromancer"
Stoked (4),Jumpstart,Other,J25,2024-11-07,1.06,"Crimson Wisps, Infuriate, Young Pyromancer, Thriving Bluff, Akroan Crusader"
"Stomp, Stomp",Arena Starter Deck,Other,M21,2021-07-03,40.21,"Terror of the Peaks, Ram Through, Return of the Wildspeaker, Unleash Fury, Bonecrusher Giant // Stomp"
Storm Surge,Theme Deck,Other,SCG,2003-05-26,466.68,"Chain of Vapor, Mind's Desire, Lonely Sandbar, Secluded Steppe, Whipcorder"
Storm of Blades,Arena Starter Deck,Other,SNC,2022-09-09,17.25,"Sundown Pass, The Wandering Emperor, Lion Sash, Goro-Goro, Disciple of Ryusei, Thundering Raiju"
Stranger Things,Secret Lair Drop,Other,SLD,2022-01-28,109.4,"Arvinox, the Mind Flail, Cecily, Haunted Mage, Othelm, Sigardian Outcast, Wernog, Rider's Chaplain, Hargilde, Kindly Runechanter"
Stranger Things Foil Edition,Secret Lair Drop,Other,SLD,2022-01-28,109.4,"Arvinox, the Mind Flail, Cecily, Haunted Mage, Othelm, Sigardian Outcast, Wernog, Rider's Chaplain, Hargilde, Kindly Runechanter"
Street Fighter,Secret Lair Drop,Other,SLD,2022-07-22,67.08,"Zethi, Arcane Blademaster, Maarika, Brutal Gladiator, Tadeas, Juniper Ascendant, Vikya, Scorching Stalwart, The Howling Abomination"
Street Fighter Foil Edition,Secret Lair Drop,Other,SLD,2022-07-22,67.08,"Zethi, Arcane Blademaster, Maarika, Brutal Gladiator, Tadeas, Juniper Ascendant, Vikya, Scorching Stalwart, The Howling Abomination"
Streets of New Capenna Foil Redemption,MTGO Redemption,Other,SNC,2022-05-29,194.69,"Jetmir's Garden, Spara's Headquarters, Raffine's Tower, Xander's Lounge, Ziatora's Proving Ground"
Streets of New Capenna Redemption,MTGO Redemption,Other,SNC,2022-05-29,194.69,"Jetmir's Garden, Spara's Headquarters, Raffine's Tower, Xander's Lounge, Ziatora's Proving Ground"
Streets of New Capenna Welcome Booster,Welcome Booster,Other,SNC,2022-04-29,3.2,"Kogla, the Titan Ape, Sunblast Angel, Ob Nixilis Reignited, Commander's Sphere, Mr. Orfeo, the Boulder"
Strength Of Selesnya,Event Deck,Other,DGM,2013-05-24,104.88,"Parallel Lives, Godless Shrine, Champion of Lambholt, Growing Ranks, Increasing Devotion"
Strength in Numbers,Arena Starter Deck,Other,M19,2018-09-27,20.25,"Leonin Warleader, Kinjalli's Sunwing, Goblin Instigator, Captivating Crew, Clifftop Retreat"
Strike Force,Planechase Deck,Other,HOP,2009-09-04,31.15,"Insurrection, Relic of Progenitus, Furnace of Rath, Goblin Offensive, Soul Warden"
Strixhaven: School of Mages Foil Redemption,MTGO Redemption,Other,STX,2021-05-23,143.57,"Blex, Vexing Pest // Search for Blex, Crackle with Power, Sedgemoor Witch, Wandering Archaic // Explore the Vastlands, Beledros Witherbloom"
Strixhaven: School of Mages Redemption,MTGO Redemption,Other,STX,2021-05-23,143.57,"Blex, Vexing Pest // Search for Blex, Crackle with Power, Sedgemoor Witch, Wandering Archaic // Explore the Vastlands, Beledros Witherbloom"
Sultai Schemers,Intro Pack,Other,KTK,2014-09-26,16.94,"Murderous Cut, Treasure Cruise, Opulent Palace, Typhoid Rats, Wall of Mulch"
Summoner,Shandalar Enemy Deck,Other,PAST,1997-04-01,75.64,"Colossus of Sardia, Birds of Paradise, Force of Nature, Radjan Spirit, Channel"
Sun Empire,Theme Deck,Other,E02,2017-11-24,49.8,"Aggravated Assault, Regisaur Alpha, Quicksilver Amulet, Raging Swordtooth, Path to Exile"
Sunburst,Theme Deck,Other,5DN,2004-06-04,119.58,"Joiner Adept, Energy Chamber, Pentad Prism, Wayfarer's Bauble, Chromatic Sphere"
Superabundance,Theme Deck,Other,EVE,2008-07-25,126.11,"Fable of Wolf and Owl, Cerulean Wisps, Favor of the Overbeing, Slippery Bogle, Island"
Surge of Resistance,Intro Pack,Other,OGW,2016-01-22,7.49,"Expedite, Reckless Bushwhacker, Stormchaser Mage, Rolling Thunder, Evolving Wilds"
Surprise Attack,Intro Pack,Other,FRF,2015-01-23,4.96,"Reality Shift, Forest, Island, Wall of Frost, Secret Plans"
Surprise! (1),Jumpstart,Other,J25,2024-11-07,0.0,"Thryx, the Sudden Storm, Spectral Sailor, Thriving Isle, Stinging Lionfish, Opt"
Surprise! (2),Jumpstart,Other,J25,2024-11-07,0.0,"Thryx, the Sudden Storm, Spectral Sailor, Thriving Isle, Stinging Lionfish, Opt"
Surprise! (3),Jumpstart,Other,J25,2024-11-07,0.0,"Venser, Shaper Savant, Spectral Sailor, Supreme Will, Thriving Isle, Stinging Lionfish"
Surprise! (4),Jumpstart,Other,J25,2024-11-07,0.0,"Wavebreak Hippocamp, Venser, Shaper Savant, Spectral Sailor, Thriving Isle, Stinging Lionfish"
Suspended Sentence,Theme Deck,Other,FUT,2007-05-04,88.63,"Clockspinning, Paradox Haze, Reality Strobe, Zoetic Cavern, Reality Acid"
Svend Geertsen - Green Stompy,World Championship Deck,Other,WC97,1997-08-13,33.55,"Winter Orb, Rogue Elephant, Quirion Ranger, Fyndhorn Elves, Forest"
Swarm & Slam,Theme Deck,Other,DST,2004-02-06,82.05,"Myr Matrix, Spawning Pit, Gold Myr, Tangle Spider, Echoing Courage"
Swarming Instinct,Intro Pack,Other,BFZ,2015-10-02,23.46,"Bane of Bala Ged, Brood Monitor, Kozilek's Channeler, Scour from Existence, Titan's Presence"
Sweet Revenge,Event Deck,Other,M13,2012-08-03,46.52,"Darkslick Shores, Faithless Looting, Sulfur Falls, Red Sun's Zenith, Think Twice"
Swift Justice,Intro Pack,Other,DKA,2012-02-03,9.77,"Stromkirk Noble, Fiend Hunter, Mountain, Plains, Mountain"
Swoop,Theme Deck,Other,APC,2001-06-04,267.98,"Chromatic Sphere, Mystic Snake, Wash Out, Fertile Ground, Island"
Swordmaster,Jumpstart,Other,TLE,2025-11-20,9.3,"Duelist's Heritage, Sokka, Swordmaster, Plains, Inspired Insurgent, Meteor Sword"
Sylvan Wisdom,Arena Starter Deck,Other,LTR,2023-06-20,41.85,"Nissa, Resurgent Animist, Tribute to the World Tree, Ezuri, Stalker of Spheres, Elrond, Master of Healing, Yavimaya Coast"
Tactical Assault,Arena Starter Deck,Other,M19,2018-09-27,10.85,"Leonin Warleader, Zetalpa, Primal Dawn, Serra Angel, Herald of Faith, Plains"
Take to the Sky,Intro Pack,Other,ORI,2015-07-17,6.02,"Faerie Miscreant, Turn to Frog, Celestial Flare, Plains, Sigiled Starfish"
Tales of the Time Stoppers,Secret Lair Drop,Other,SLD,2023-12-05,34.3,"Nexus of Fate, Time Reversal, Beacon of Tomorrows, Time Stop"
Tales of the Time Stoppers Foil Edition,Secret Lair Drop,Other,SLD,2023-12-05,32.01,"Nexus of Fate, Time Reversal, Beacon of Tomorrows, Time Stop"
Tarkir: Dragonstorm Redemption,MTGO Redemption,Other,TDM,2025-05-07,366.58,"Ugin, Eye of the Storms, Elspeth, Storm Slayer, Mountain, Voice of Victory, Craterhoof Behemoth"
Teamwork 1,Jumpstart,Other,J22,2022-12-02,1.94,"Agrus Kos, Eternal Soldier, Angelic Cub, Valorous Stance, Taranika, Akroan Veteran, Moment of Triumph"
Teamwork 2,Jumpstart,Other,J22,2022-12-02,1.94,"Agrus Kos, Eternal Soldier, Angelic Cub, Valorous Stance, Task Force, Tempered Veteran"
Teenage Mutant Ninja Turtles: The Last Ronin,Secret Lair Drop,Other,SLD,2026-03-03,54.34,"Mental Misstep, Ink-Eyes, Servant of Oni, Anger, Chord of Calling, Settle the Wreckage"
Teenage Mutant Ninja Turtles: The Last Ronin Foil Edition,Secret Lair Drop,Other,SLD,2026-03-03,54.34,"Mental Misstep, Ink-Eyes, Servant of Oni, Anger, Chord of Calling, Settle the Wreckage"
Teenage Mutant Ninja Turtles: The Mighty Mutanimals,Secret Lair Drop,Other,SLD,2026-03-03,57.26,"Hardened Scales, Triumph of the Hordes, Kediss, Emberclaw Familiar, Pirated Copy, Deepglow Skate"
Teenage Mutant Ninja Turtles: The Mighty Mutanimals Foil Edition,Secret Lair Drop,Other,SLD,2026-03-03,57.26,"Hardened Scales, Triumph of the Hordes, Kediss, Emberclaw Familiar, Pirated Copy, Deepglow Skate"
Teenage Mutant Ninja Turtles: VHS Villains,Secret Lair Drop,Other,SLD,2026-03-03,41.41,"Higure, the Still Wind, Species Specialist, Rampaging Baloths, Triskelion, Delver of Secrets // Insectile Aberration"
Teenage Mutant Ninja Turtles: VHS Villains Foil Edition,Secret Lair Drop,Other,SLD,2026-03-03,41.41,"Higure, the Still Wind, Species Specialist, Rampaging Baloths, Triskelion, Delver of Secrets // Insectile Aberration"
Teeth of the Predator,Duel Of The Planeswalkers Deck,Other,DPA,2010-06-04,17.32,"Vigor, Loxodon Warhammer, Blanchwood Armor, Howl of the Night Pack, Rampant Growth"
Teferi,Jumpstart,Other,JMP,2020-07-17,15.08,"Teferi, Master of Time, Teferi's Ageless Insight, Island, Opt, Teferi's Tutelage"
Teferi's Time Trouble,Secret Lair Drop,Other,SLD,2021-12-13,26.25,"Karn, the Great Creator, Teferi, Time Raveler, Dack Fayden"
"Teferi, Timebender",Planeswalker Deck,Other,DOM,2018-04-27,6.32,"Jhoira's Familiar, Teferi, Timebender, Serra Angel, Island, Tetsuko Umezawa, Fugitive"
"Teferi, Timeless Voyager",Planeswalker Deck,Other,M21,2020-07-03,5.62,"Teferi's Ageless Insight, Teferi, Timeless Voyager, Island, Opt, Stormwing Entity"
Temur Avalanche,Intro Pack,Other,KTK,2014-09-26,38.23,"Stubborn Denial, Elvish Mystic, Savage Punch, Frontier Bivouac, Roar of Challenge"
Tenth Edition Foil Redemption,MTGO Redemption,Other,10E,2007-08-12,2708.4,"Sleeper Agent, Crucible of Worlds, Seedborn Muse, Grave Pact, Root Maze"
Tenth Edition Redemption,MTGO Redemption,Other,10E,2007-08-12,2708.4,"Sleeper Agent, Crucible of Worlds, Seedborn Muse, Grave Pact, Root Maze"
Tezzeret,Duel Deck,Other,DDF,2010-09-03,35.84,"Tezzeret the Seeker, Energy Chamber, Foil, Thoughtcast, Darksteel Citadel"
"Tezzeret, Master of Metal",Planeswalker Deck,Other,AER,2017-01-20,2.32,"Ornithopter, Tezzeret, Master of Metal, Swamp, Island, Swamp"
Thalia: Beyond the Helvault,Secret Lair Drop,Other,SLD,2020-03-12,15.59,"Thalia, Guardian of Thraben, Thalia, Guardian of Thraben, Thalia, Guardian of Thraben, Thalia, Guardian of Thraben"
Thallids,Theme Deck,Other,PSAL,2005-08-01,0.0,"Forest, Forest, Forest, Forest, Forest"
The '90s Binder Experience,Secret Lair Drop,Other,SLD,2023-04-14,154.07,"Exotic Orchard, Rin and Seri, Inseparable, Goreclaw, Terror of Qal Sisma, Alms Collector, Crested Sunmare"
The '90s Binder Experience Foil Edition,Secret Lair Drop,Other,SLD,2023-04-14,154.07,"Exotic Orchard, Rin and Seri, Inseparable, Goreclaw, Terror of Qal Sisma, Alms Collector, Crested Sunmare"
The Adventurers,Intro Pack,Other,ZEN,2009-10-02,22.96,"Lightning Bolt, Kazuul Warlord, Turntimber Ranger, Greenweaver Druid, Oran-Rief Survivalist"
The Art of Frank Frazetta,Secret Lair Drop,Other,SLD,2022-12-19,280.14,"Dark Ritual, Seize the Day, Midnight Reaper, Temporal Manipulation, Field Marshal"
The Art of Frank Frazetta Foil Edition,Secret Lair Drop,Other,SLD,2022-12-19,280.14,"Dark Ritual, Seize the Day, Midnight Reaper, Temporal Manipulation, Field Marshal"
The Art of Frank Frazetta: The Second Exhibition,Secret Lair Drop,Other,SLD,2025-06-10,73.45,"Aggravated Assault, Desperate Ritual, Zulaport Cutthroat, Deadly Dispute, Murderous Rider // Swift End"
The Art of Frank Frazetta: The Second Exhibition Foil Edition,Secret Lair Drop,Other,SLD,2025-06-10,73.45,"Aggravated Assault, Desperate Ritual, Zulaport Cutthroat, Deadly Dispute, Murderous Rider // Swift End"
The Astrology Lands: Aquarius,Secret Lair Drop,Other,SLD,2022-05-15,4.98,Island
The Astrology Lands: Aquarius Foil Edition,Secret Lair Drop,Other,SLD,2022-05-15,4.98,Island
The Astrology Lands: Aries,Secret Lair Drop,Other,SLD,2022-07-29,7.03,Mountain
The Astrology Lands: Aries Foil Edition,Secret Lair Drop,Other,SLD,2022-07-29,7.03,Mountain
The Astrology Lands: Cancer,Secret Lair Drop,Other,SLD,2022-10-21,6.98,Plains
The Astrology Lands: Cancer Foil Edition,Secret Lair Drop,Other,SLD,2022-10-21,6.98,Plains
The Astrology Lands: Capricorn,Secret Lair Drop,Other,SLD,2022-04-29,6.38,Swamp
The Astrology Lands: Capricorn Foil Edition,Secret Lair Drop,Other,SLD,2022-04-29,6.38,Swamp
The Astrology Lands: Gemini,Secret Lair Drop,Other,SLD,2022-09-23,7.51,Mountain
The Astrology Lands: Gemini Foil Edition,Secret Lair Drop,Other,SLD,2022-09-23,7.51,Mountain
The Astrology Lands: Leo,Secret Lair Drop,Other,SLD,2022-10-04,6.86,Plains
The Astrology Lands: Leo Foil Edition,Secret Lair Drop,Other,SLD,2022-10-04,6.86,Plains
The Astrology Lands: Libra,Secret Lair Drop,Other,SLD,2022-10-25,5.68,Plains
The Astrology Lands: Libra Foil Edition,Secret Lair Drop,Other,SLD,2022-10-25,5.68,Plains
The Astrology Lands: Pisces,Secret Lair Drop,Other,SLD,2022-07-29,5.6,Island
The Astrology Lands: Pisces Foil Edition,Secret Lair Drop,Other,SLD,2022-07-29,5.6,Island
The Astrology Lands: Sagittarius,Secret Lair Drop,Other,SLD,2022-12-27,23.81,Forest
The Astrology Lands: Sagittarius Foil Edition,Secret Lair Drop,Other,SLD,2022-12-27,23.81,Forest
The Astrology Lands: Scorpio,Secret Lair Drop,Other,SLD,2022-12-27,18.97,Swamp
The Astrology Lands: Scorpio Foil Edition,Secret Lair Drop,Other,SLD,2022-12-27,18.97,Swamp
The Astrology Lands: Taurus,Secret Lair Drop,Other,SLD,2022-09-02,4.9,Forest
The Astrology Lands: Taurus Foil Edition,Secret Lair Drop,Other,SLD,2022-09-02,4.9,Forest
The Astrology Lands: Virgo,Secret Lair Drop,Other,SLD,2022-10-25,5.4,Island
The Astrology Lands: Virgo Foil Edition,Secret Lair Drop,Other,SLD,2022-10-25,5.4,Island
The Beauty of the Beasts,Secret Lair Drop,Other,SLD,2024-02-23,116.88,"Scourge of Valkas, Felidar Guardian, Voracious Hydra, Serpent of Yawning Depths, Peregrine Drake"
The Beauty of the Beasts Foil Edition,Secret Lair Drop,Other,SLD,2024-02-23,168.97,"Scourge of Valkas, Felidar Guardian, Peregrine Drake, Voracious Hydra, Serpent of Yawning Depths"
The Brazen Coalition,Arena Starter Deck,Other,DOM,2018-03-22,14.96,"Forerunner of the Coalition, Dire Fleet Ravager, Fanatical Firebrand, Captivating Crew, Fell Flagship"
The Brothers' War Foil Redemption,MTGO Redemption,Other,BRO,2023-01-04,228.95,"Portal to Phyrexia, Awaken the Woods, Myrel, Shield of Argive, Diabolic Intent, Cityscape Leveler"
The Brothers' War Redemption,MTGO Redemption,Other,BRO,2023-01-04,228.95,"Portal to Phyrexia, Awaken the Woods, Myrel, Shield of Argive, Diabolic Intent, Cityscape Leveler"
The Coalition,Duel Deck,Other,DDE,2010-03-19,3.64,"Island, Armadillo Cloak, Treva, the Renewer, Harrow, Gerrard Capashen"
The Deluge,Theme Deck,Other,BRB,1999-11-12,44.28,"Land Tax, Catastrophe, Dirtcowl Wurm, Plains, Plains"
The Dracula Lands,Secret Lair Drop,Other,SLD,2022-05-06,63.96,"Swamp, Plains, Mountain, Island, Forest"
The Dracula Lands Foil Edition,Secret Lair Drop,Other,SLD,2022-05-06,63.96,"Swamp, Plains, Mountain, Island, Forest"
The Evil Dead,Secret Lair Drop,Other,SLD,2023-12-18,180.95,"Field of the Dead, Varina, Lich Queen, Puresteel Paladin, Vanquish the Horde, Zombie Apocalypse"
The Evil Dead Foil Edition,Secret Lair Drop,Other,SLD,2023-12-18,180.95,"Field of the Dead, Varina, Lich Queen, Puresteel Paladin, Vanquish the Horde, Zombie Apocalypse"
The Eyes Have It,Secret Lair Drop,Other,SLD,2026-05-12,101.01,"Gitaxian Probe, Otherworldly Gaze, Counterbalance, Opt, Baleful Strix"
The Eyes Have It Foil Edition,Secret Lair Drop,Other,SLD,2026-05-12,101.01,"Gitaxian Probe, Otherworldly Gaze, Counterbalance, Opt, Baleful Strix"
The Fairest Drop of All Foil Edition,Secret Lair Drop,Other,SLD,2024-12-10,40.3,"Tuvasa the Sunlit // Tuvasa the Sunlit, Steely Resolve // Steely Resolve, Estrid's Invocation // Estrid's Invocation, Estrid, the Masked // Estrid, the Masked"
The Flames of Rath,Theme Deck,Other,TMP,1997-10-14,21.22,"Searing Touch, Furnace of Rath, Goblin Bombardment, Soltari Guerrillas, Mogg Fanatic"
The Full-Text Lands,Secret Lair Drop,Other,SLD,2021-08-25,49.58,"Island, Mountain, Swamp, Forest, Plains"
The Full-Text Lands Foil Edition,Secret Lair Drop,Other,SLD,2021-08-25,49.58,"Island, Mountain, Swamp, Forest, Plains"
The Godzilla Lands,Secret Lair Drop,Other,SLD,2020-05-07,0.0,"Plains, Island, Swamp, Mountain, Forest"
The Last of Us Part I,Secret Lair Drop,Other,SLD,2025-11-06,32.02,"Cabal Ritual, Haunted One, Ellie, Brick Master, Joel, Resolute Survivor"
The Last of Us Part I Foil Edition,Secret Lair Drop,Other,SLD,2025-11-06,32.02,"Cabal Ritual, Haunted One, Ellie, Brick Master, Joel, Resolute Survivor"
The Last of Us Part II,Secret Lair Drop,Other,SLD,2025-11-06,20.32,"Dictate of Erebos, Ellie, Vengeful Hunter, Mycoloth, Abby, Merciless Soldier"
The Last of Us Part II Foil Edition,Secret Lair Drop,Other,SLD,2025-11-06,20.32,"Dictate of Erebos, Ellie, Vengeful Hunter, Mycoloth, Abby, Merciless Soldier"
The Legion of Dusk,Arena Starter Deck,Other,DOM,2018-03-22,61.3,"Vanquisher's Banner, Forerunner of the Legion, Legion Lieutenant, Vona, Butcher of Magan, Sanctum Seeker"
The Lost Caverns of Ixalan Bundle Land Pack,Bundle Land Pack,Other,LCI,2023-11-17,0.0,"Island, Island, Mountain, Mountain, Swamp"
The Lost Caverns of Ixalan Foil Redemption,MTGO Redemption,Other,LCI,2023-12-06,441.88,"Cavern of Souls, Roaming Throne, Bloodletter of Aclazotz, Ojer Taq, Deepest Foundation // Temple of Civilization, Ojer Axonil, Deepest Might // Temple of Power"
The Lost Caverns of Ixalan Redemption,MTGO Redemption,Other,LCI,2023-12-06,441.88,"Cavern of Souls, Roaming Throne, Bloodletter of Aclazotz, Ojer Taq, Deepest Foundation // Temple of Civilization, Ojer Axonil, Deepest Might // Temple of Power"
"The Meaning of Life, Maybe",Secret Lair Drop,Other,SLD,2022-12-19,212.69,"Mental Misstep, Mind's Dilation, Forced Fruition, Well of Lost Dreams, Future Sight"
"The Meaning of Life, Maybe Foil Edition",Secret Lair Drop,Other,SLD,2022-12-19,212.69,"Mental Misstep, Mind's Dilation, Forced Fruition, Well of Lost Dreams, Future Sight"
The Might of Galadriel,Box Set,Other,LTC,2023-11-03,68.76,"Galadriel's Dismissal, Galadriel, Light of Valinor, Galadhrim Brigade, Mists of Lórien, Rally the Galadhrim"
The Nightstalkers,Theme Deck,Other,P02,1998-06-24,11.66,"Ancient Craving, Swamp, Swamp, Swamp, Predatory Nightstalker"
The Office: Dwight's Destiny,Secret Lair Drop,Other,SLD,2025-10-27,91.03,"Heliod, Sun-Crowned, Swords to Plowshares, Steelshaper's Gift, Reaper King, Baral, Chief of Compliance"
The Office: Dwight's Destiny Foil Edition,Secret Lair Drop,Other,SLD,2025-10-27,91.03,"Heliod, Sun-Crowned, Swords to Plowshares, Steelshaper's Gift, Reaper King, Baral, Chief of Compliance"
The Path Not Traveled,Secret Lair Drop,Other,SLD,2020-06-03,13.45,"Ajani Steadfast, Vraska, Golgari Queen, Tamiyo, Field Researcher, Domri Rade"
The Plague,Theme Deck,Other,USG,1998-10-12,5.95,"Worship, Pariah, Swamp, Plains, Swamp"
The Plague - Enhanced Deck,Enhanced Deck,Other,USG,1998-10-12,64.68,"Reflecting Pool, Dark Ritual, Wall of Nets, Worship, Pariah"
The Princess Bride,Secret Lair Drop,Other,SLD,2023-11-30,270.96,"Sisay, Weatherlight Captain, Fynn, the Fangbearer, Samut, Voice of Dissent, Silence, Brion Stoutarm"
The Princess Bride Foil Edition,Secret Lair Drop,Other,SLD,2023-11-30,270.96,"Sisay, Weatherlight Captain, Fynn, the Fangbearer, Samut, Voice of Dissent, Silence, Brion Stoutarm"
The River Heralds,Arena Starter Deck,Other,DOM,2018-03-22,52.9,"Herald of Secret Streams, Tishana, Voice of Thunder, Hadana's Climb // Winged Temple of Orazca, Mist-Cloaked Herald, Forerunner of the Heralds"
The Slivers,Theme Deck,Other,TMP,1997-10-14,5.04,"Counterspell, Ertai's Meddling, Extinction, Winged Sliver, Island"
The Slivers - Advanced Deck,Advanced Deck,Other,TMP,1997-10-14,15.85,"Underground River, Counterspell, Impulse, Nevinyrral's Disk, Winged Sliver"
The Space Beyond the Stars,Secret Lair Drop,Other,SLD,2022-12-05,51.64,"Stasis, Prismatic Omen, Imprisoned in the Moon, Wheel of Sun and Moon"
The Space Beyond the Stars Foil Edition,Secret Lair Drop,Other,SLD,2022-12-05,51.64,"Stasis, Prismatic Omen, Imprisoned in the Moon, Wheel of Sun and Moon"
The Sparkler,Theme Deck,Other,STH,1998-03-02,28.46,"Searing Touch, Propaganda, Intruder Alarm, Counterspell, Reins of Power"
The Sparkler - Advanced Deck,Advanced Deck,Other,STH,1998-03-02,27.74,"Searing Touch, Propaganda, Jokulhaups, Counterspell, Impulse"
The Spikes,Theme Deck,Other,STH,1998-03-02,17.67,"Hermit Druid, Heartstone, Forest, Spike Feeder, Forest"
The Spikes - Advanced Deck,Advanced Deck,Other,STH,1998-03-02,149.85,"Reflecting Pool, Undiscovered Paradise, City of Brass, Armageddon, Gemstone Mine"
The Stars Gaze Back,Secret Lair Drop,Other,SLD,2023-08-29,90.04,"Omnath, Locus of Rage, Flamekin Harbinger, Risen Reef, Voice of Resurgence"
The Stars Gaze Back Foil Edition,Secret Lair Drop,Other,SLD,2023-08-29,90.04,"Omnath, Locus of Rage, Flamekin Harbinger, Risen Reef, Voice of Resurgence"
The Strange Sands: Forest,Secret Lair Drop,Other,SLD,2025-01-15,4.16,Forest
The Strange Sands: Forest Foil Edition,Secret Lair Drop,Other,SLD,2025-01-15,4.16,Forest
The Strange Sands: Island,Secret Lair Drop,Other,SLD,2025-01-15,12.44,Island
The Strange Sands: Island Foil Edition,Secret Lair Drop,Other,SLD,2025-01-15,12.44,Island
The Strange Sands: Mountain,Secret Lair Drop,Other,SLD,2025-01-15,4.93,Mountain
The Strange Sands: Mountain Foil Edition,Secret Lair Drop,Other,SLD,2025-01-15,4.93,Mountain
The Strange Sands: Plains,Secret Lair Drop,Other,SLD,2025-01-15,2.72,Plains
The Strange Sands: Plains Foil Edition,Secret Lair Drop,Other,SLD,2025-01-15,2.72,Plains
The Strange Sands: Swamp,Secret Lair Drop,Other,SLD,2025-01-15,4.32,Swamp
The Strange Sands: Swamp Foil Edition,Secret Lair Drop,Other,SLD,2025-01-15,4.32,Swamp
The Sun Empire,Arena Starter Deck,Other,DOM,2018-03-22,36.97,"Forerunner of the Empire, Verdant Sun's Avatar, Samut, Voice of Dissent, Ranging Raptors, Needletooth Raptor"
The Swarm,Theme Deck,Other,TMP,1997-10-14,112.0,"Aluren, Recycle, Muscle Sliver, Forest, Forest"
The Swarm - Advanced Deck,Advanced Deck,Other,TMP,1997-10-14,142.9,"Aluren, Birds of Paradise, Armageddon, Brushland, Muscle Sliver"
The Tokyo Lands,Secret Lair Drop,Other,SLD,2022-09-13,89.87,"Plains, Swamp, Forest, Island, Mountain"
The Tokyo Lands Foil Etched Edition,Secret Lair Drop,Other,SLD,2022-09-13,89.87,"Plains, Swamp, Forest, Island, Mountain"
The Unfathomable Crushing Brutality of Basic Lands,Secret Lair Drop,Other,SLD,2021-04-13,68.15,"Swamp, Mountain, Island, Forest, Plains"
The Unfathomable Crushing Brutality of Basic Lands Foil Edition,Secret Lair Drop,Other,SLD,2021-04-13,68.15,"Swamp, Mountain, Island, Forest, Plains"
The Walking Dead,Secret Lair Drop,Other,SLD,2020-10-13,87.9,"Greymond, Avacyn's Stalwart, Hansk, Slayer Zealot, Malik, Grim Manipulator, Gregor, Shrewd Magistrate, Enkira, Hostile Scavenger"
The Weirdest Pets in the Multiverse,Secret Lair Drop,Other,SLD,2022-12-05,76.54,"Beast Whisperer, Stitcher's Supplier, Laboratory Maniac, Wood Elves, Vizier of the Menagerie"
The Weirdest Pets in the Multiverse Foil Edition,Secret Lair Drop,Other,SLD,2022-12-05,76.54,"Beast Whisperer, Stitcher's Supplier, Laboratory Maniac, Wood Elves, Vizier of the Menagerie"
The Wilds and the Deep,Intro Pack,Other,JOU,2014-05-02,30.47,"Archetype of Imagination, Kiora's Follower, Triton Shorestalker, Forest, Market Festival"
Theros Beyond Death Foil Redemption,MTGO Redemption,Other,THB,2020-02-23,299.77,"Shadowspear, Thassa, Deep-Dwelling, Nyxbloom Ancient, Thassa's Oracle, Heliod, Sun-Crowned"
Theros Beyond Death Redemption,MTGO Redemption,Other,THB,2020-02-23,299.77,"Shadowspear, Thassa, Deep-Dwelling, Nyxbloom Ancient, Thassa's Oracle, Heliod, Sun-Crowned"
Theros Foil Redemption,MTGO Redemption,Other,THS,2013-10-27,496.12,"Nykthos, Shrine to Nyx, Swan Song, Purphoros, God of the Forge, Erebos, God of the Dead, Medomai the Ageless"
Theros Redemption,MTGO Redemption,Other,THS,2013-10-27,496.12,"Nykthos, Shrine to Nyx, Swan Song, Purphoros, God of the Forge, Erebos, God of the Dead, Medomai the Ageless"
Theros Stargazing: Vol. I (Heliod),Secret Lair Drop,Other,SLD,2020-02-14,68.71,"Iroas, God of Victory, Heliod, God of the Sun, Karametra, God of Harvests"
Theros Stargazing: Vol. II (Thassa),Secret Lair Drop,Other,SLD,2020-02-14,54.29,"Thassa, God of the Sea, Ephara, God of the Polis, Kruphix, God of Horizons"
Theros Stargazing: Vol. III (Erebos),Secret Lair Drop,Other,SLD,2020-02-14,95.82,"Athreos, God of Passage, Phenax, God of Deception, Erebos, God of the Dead"
Theros Stargazing: Vol. IV (Purphoros),Secret Lair Drop,Other,SLD,2020-02-14,86.01,"Purphoros, God of the Forge, Keranos, God of Storms, Mogis, God of Slaughter"
Theros Stargazing: Vol. V (Nylea),Secret Lair Drop,Other,SLD,2020-02-14,45.9,"Xenagos, God of Revels, Nylea, God of the Hunt, Pharika, God of Affliction"
They Grow Up So Fast,Secret Lair Drop,Other,SLD,2025-03-25,46.79,"Dragonlord Dromoka // Dragonlord Dromoka, Dragonlord Kolaghan // Dragonlord Kolaghan, Dragonlord Atarka // Dragonlord Atarka, Dragonlord Silumgar // Dragonlord Silumgar, Dragonlord Ojutai // Dragonlord Ojutai"
They Grow Up So Fast Foil Edition,Secret Lair Drop,Other,SLD,2025-03-25,46.79,"Dragonlord Dromoka // Dragonlord Dromoka, Dragonlord Kolaghan // Dragonlord Kolaghan, Dragonlord Atarka // Dragonlord Atarka, Dragonlord Silumgar // Dragonlord Silumgar, Dragonlord Ojutai // Dragonlord Ojutai"
Think Again 1,Jumpstart,Other,J22,2022-12-02,3.0,"Serum Visions, Jace, Arcane Strategist, Spectral Sailor, Thriving Isle, Merfolk Pupil"
Think Again 2,Jumpstart,Other,J22,2022-12-02,4.86,"Alandra, Sky Dreamer, Spectral Sailor, Hedron Archive, Thriving Isle, Merfolk Pupil"
Think Again 3,Jumpstart,Other,J22,2022-12-02,4.86,"Alandra, Sky Dreamer, Spectral Sailor, Thriving Isle, Merfolk Pupil, Lay Claim"
Think Again 4,Jumpstart,Other,J22,2022-12-02,0.0,"Spectral Sailor, Faerie Formation, Military Intelligence, Thriving Isle, Merfolk Pupil"
Thought Invoker,Shandalar Enemy Deck,Other,PAST,1997-04-01,63.58,"Time Elemental, Energy Flux, Giant Tortoise, Mahamoti Djinn, Drain Power"
Thoughts of the Wind,Duel Of The Planeswalkers Deck,Other,DPA,2010-06-04,0.0,"Evacuation, Mind Spring, Mind Control, Negate, Counterbore"
Thrilling Tales of the Undead,Secret Lair Drop,Other,SLD,2022-01-28,91.2,"Gravecrawler, Rise of the Dark Realms, Liliana, Death's Majesty"
Thrilling Tales of the Undead Foil Edition,Secret Lair Drop,Other,SLD,2022-01-28,91.2,"Gravecrawler, Rise of the Dark Realms, Liliana, Death's Majesty"
Thrive and Thrash,Event Deck,Other,GTC,2013-02-22,25.91,"Deadeye Navigator, Arbor Elf, Strangleroot Geist, Farseek, Gruul Ragebeast"
Throne of Eldraine Foil Redemption,MTGO Redemption,Other,ELD,2019-11-03,232.32,"The Great Henge, Oko, Thief of Crowns, Embercleave, Wishclaw Talisman, Ayara, First of Locthwain"
Throne of Eldraine Redemption,MTGO Redemption,Other,ELD,2019-11-03,232.32,"The Great Henge, Oko, Thief of Crowns, Embercleave, Wishclaw Talisman, Ayara, First of Locthwain"
Through the Wormhole,Secret Lair Drop,Other,SLD,2023-12-05,213.15,"Sol Ring, Arcane Signet, Command Tower, Thought Vessel, Lightning Greaves"
Through the Wormhole Galaxy Foil Edition,Secret Lair Drop,Other,SLD,2023-12-05,385.96,"Sol Ring, Arcane Signet, Command Tower, Lightning Greaves, Thought Vessel"
Tibalt,Duel Deck,Other,DDK,2013-03-15,0.0,"Sulfuric Vortex, Tibalt, the Fiend-Blooded, Ashmouth Hound, Hellrider, Terminate"
Tidal Mastery,Theme Deck,Other,MMQ,1999-10-04,459.83,"Counterspell, Thwart, War Tax, Saprazzan Legate, Coastal Piracy"
Tidal Mastery - Enhanced Deck,Enhanced Deck,Other,MMQ,1999-10-04,864.34,"Palinchron, Counterspell, Thwart, Mother of Runes, War Tax"
Time Curse,Theme Deck,Other,S99,1999-07-12,40.75,"Time Warp, Counterspell, Island, Island, Island"
Time Drain,Theme Deck,Other,ULG,1999-02-15,663.85,"Cloud of Faeries, Snap, Frantic Search, Treetop Village, Miscalculation"
Time Drain - Enhanced Deck,Enhanced Deck,Other,ULG,1999-02-15,883.7,"Palinchron, Cloud of Faeries, Snap, Miscalculation, Reflecting Pool"
Time Spiral Foil Redemption,MTGO Redemption,Other,TSP,2006-11-05,2432.81,"Gemstone Caverns, Scion of the Ur-Dragon, Ophidian Eye, Snapback, Angel's Grace"
Time Spiral Redemption,MTGO Redemption,Other,TSP,2006-11-05,2432.81,"Gemstone Caverns, Scion of the Ur-Dragon, Ophidian Eye, Snapback, Angel's Grace"
Time Spiral Timeshifted Foil Redemption,MTGO Redemption,Other,TSB,2006-11-05,1639.2,"Claws of Gix, Darkness, Tormod's Crypt, Dandân, Lightning Angel"
Time Spiral Timeshifted Redemption,MTGO Redemption,Other,TSB,2006-11-05,1639.2,"Claws of Gix, Darkness, Tormod's Crypt, Dandân, Lightning Angel"
Time Trouble Two,Secret Lair Drop,Other,SLD,2022-12-19,40.25,"Narset, Parter of Veils, Nissa, Who Shakes the World, Tezzeret, Agent of Bolas"
Time Trouble Two Foil Edition,Secret Lair Drop,Other,SLD,2022-12-19,40.25,"Narset, Parter of Veils, Nissa, Who Shakes the World, Tezzeret, Agent of Bolas"
Titanic 1,Jumpstart,Other,BRO,2022-11-18,3.81,"Sarinth Steelseeker, Gaea's Gift, Bushwhack, Cradle Clearcutter, Blanchwood Prowler"
Titanic 2,Jumpstart,Other,BRO,2022-11-18,2.03,"Sarinth Steelseeker, Bushwhack, Cradle Clearcutter, Woodcaller Automaton, Iron-Craw Crusher"
To Adventure!,Arena Starter Deck,Other,M21,2021-07-03,4.17,"Ironscale Hydra, Plains, Giant Killer // Chop Down, Wandermare, Victory's Envoy"
Tom van de Logt - Machine Head,World Championship Deck,Other,WC01,2001-08-08,46.65,"Rishadan Port, Dark Ritual, Swamp, Swamp, Swamp"
Tom van de Logt - Replenish,World Championship Deck,Other,WC00,2000-08-02,210.86,"Replenish, Parallax Tide, Enlightened Tutor, Parallax Wave, Attunement"
Tomb Raider,Secret Lair Drop,Other,SLD,2023-12-05,175.67,"Shadowspear, Lara Croft, Tomb Raider, Academy Ruins, Bow of Nylea, Search for Azcanta // Azcanta, the Sunken Ruin"
Tomb Raider Foil Edition,Secret Lair Drop,Other,SLD,2023-12-05,175.67,"Shadowspear, Lara Croft, Tomb Raider, Academy Ruins, Bow of Nylea, Search for Azcanta // Azcanta, the Sunken Ruin"
Tombstone,Theme Deck,Other,USG,1998-10-12,16.38,"Victimize, Exhume, Island, Turnabout, Island"
Tombstone - Enhanced Deck,Enhanced Deck,Other,USG,1998-10-12,125.92,"Reflecting Pool, Reanimate, Living Death, Armageddon, Animate Dead"
Tome of the Astral Sorceress,Secret Lair Drop,Other,SLD,2024-10-01,36.38,"Preordain, Teferi's Ageless Insight, Back to Basics, Sphinx of the Second Sun"
Tome of the Astral Sorceress Foil Edition,Secret Lair Drop,Other,SLD,2024-10-01,36.38,"Preordain, Teferi's Ageless Insight, Back to Basics, Sphinx of the Second Sun"
Too Many,Jumpstart,Other,J25,2024-11-07,1.67,"Fiendish Duo, Reckless Impulse, Brothers Yamazaki, Thriving Bluff, Twinferno"
Toph,Jumpstart,Other,TLE,2025-11-20,64.46,"Toph, Earthbending Master, Solid Ground, Tale of Katara and Toph, Kyoshi Warrior Exemplars, Forest"
Torment Foil Redemption,MTGO Redemption,Other,TOR,2002-03-06,2426.36,"Grim Lavamancer, Cabal Coffers, Cabal Ritual, Insidious Dreams, Ichorid"
Torment Redemption,MTGO Redemption,Other,TOR,2002-03-06,2426.36,"Grim Lavamancer, Cabal Coffers, Cabal Ritual, Insidious Dreams, Ichorid"
Totally Merciless,Jumpstart,Other,DMU,2022-09-09,2.71,"Swamp, Knight of Dusk's Shadow, Braids's Frightful Return, Tyrannical Pitlord, Writhing Necromass"
Totally Ruthless,Jumpstart,Other,DMU,2022-09-09,2.71,"Swamp, Cut Down, Cult Conscript, Braids's Frightful Return, Tyrannical Pitlord"
Totally Spaced Out Galaxy Foil Edition,Secret Lair Drop,Other,SLD,2022-12-05,148.85,"Strip Mine, Fabled Passage, Command Beacon, Ash Barrens"
Totem Power,Intro Pack,Other,ROE,2010-04-23,69.41,"Soul's Attendant, Kor Spiritdancer, Ornithopter, Forest, Plains"
Toxic 1,Jumpstart,Other,ONE,2023-02-10,0.0,"Infectious Bite, Goliath Hatchery, Cankerbloom, Venomous Brutalizer, Ichorspit Basilisk"
Toxic 2,Jumpstart,Other,ONE,2023-02-10,1.74,"Tyvar's Stand, Goliath Hatchery, Cankerbloom, Branchblight Stalker, Paladin of Predation"
Tragic Romance,Secret Lair Drop,Other,SLD,2025-03-25,140.72,"Kaalia of the Vast, Skithiryx, the Blight Dragon, Master of Cruelties, Angel of Despair"
Tragic Romance Foil Edition,Secret Lair Drop,Other,SLD,2025-03-25,140.72,"Kaalia of the Vast, Skithiryx, the Blight Dragon, Master of Cruelties, Angel of Despair"
Trample Civilization Underfoot,Archenemy Deck,Other,ARC,2010-06-18,7.86,"Rancor, Armadillo Cloak, Khalni Garden, Fog, Path to Exile"
Transference,Theme Deck,Other,DST,2004-02-06,258.33,"Skullclamp, Seat of the Synod, Arcbound Reclaimer, Reshape, Voltaic Construct"
"Transformers: One Shall Stand, One Shall Fall",Secret Lair Drop,Other,SLD,2022-12-19,56.69,"Mountain, Plains, Swamp, Island, Forest"
"Transformers: One Shall Stand, One Shall Fall Foil Edition",Secret Lair Drop,Other,SLD,2022-12-19,56.69,"Mountain, Plains, Swamp, Island, Forest"
Transformers: Optimus Prime vs. Megatron,Secret Lair Drop,Other,SLD,2022-12-19,103.05,"Blightsteel Colossus // Blightsteel Colossus, Doubling Cube // Doubling Cube, Darksteel Colossus // Darksteel Colossus"
Transformers: Optimus Prime vs. Megatron Foil Edition,Secret Lair Drop,Other,SLD,2022-12-19,103.05,"Blightsteel Colossus // Blightsteel Colossus, Doubling Cube // Doubling Cube, Darksteel Colossus // Darksteel Colossus"
Transformers: Roll Out or Rise Up,Secret Lair Drop,Other,SLD,2022-12-19,103.55,"Dramatic Reversal, Fabricate, True Conviction, Greater Good, By Force"
Transformers: Roll Out or Rise Up Foil Edition,Secret Lair Drop,Other,SLD,2022-12-19,103.55,"Dramatic Reversal, Fabricate, True Conviction, Greater Good, By Force"
Treasure 1,Jumpstart,Other,J22,2022-12-02,0.0,"Rapacious Dragon, Sudden Breakthrough, Captain Lannery Storm, Thriving Bluff, Sokenzan Smelter"
Treasure 2,Jumpstart,Other,J22,2022-12-02,6.96,"Professional Face-Breaker, Reckless Fireweaver, Rapacious Dragon, Pyre-Sledge Arsonist, Thriving Bluff"
Treasure 3,Jumpstart,Other,J22,2022-12-02,12.87,"Goldspan Dragon, Big Score, Rapacious Dragon, Thriving Bluff, Goldvein Pick"
Treasure 4,Jumpstart,Other,J22,2022-12-02,0.0,"Gadrak, the Crown-Scourge, Rapacious Dragon, Gleaming Barrier, Thriving Bluff, Trove of Temptation"
Treasure Hunt,Arena Starter Deck,Other,AFR,2021-09-24,37.84,"Goldspan Dragon, Xorn, Blightstep Pathway // Searstep Pathway, Soul Shatter, Shambling Ghast"
Treasures (1),Jumpstart,Other,J25,2024-11-07,10.01,"Evereth, Viceroy of Plunder, Pitiless Plunderer, Ruthless Technomancer, Shambling Ghast, Deadly Dispute"
Treasures (2),Jumpstart,Other,J25,2024-11-07,12.14,"Vault of Whispers, Evereth, Viceroy of Plunder, Pitiless Plunderer, Shambling Ghast, Dusk Mangler"
Tree-Hugging (1),Jumpstart,Other,JMP,2020-07-17,0.0,"Primordial Sage, Llanowar Visionary, Warden of the Woods, Explore, Forest"
Tree-Hugging (2),Jumpstart,Other,JMP,2020-07-17,0.0,"Primordial Sage, Llanowar Visionary, Warden of the Woods, Explore, Forest"
Tree-Hugging (3),Jumpstart,Other,JMP,2020-07-17,0.0,"Llanowar Visionary, Warden of the Woods, Jolrael, Mwonvuli Recluse, Explore, Forest"
Tree-Hugging (4),Jumpstart,Other,JMP,2020-07-17,1.32,"Soul of the Harvest, Llanowar Visionary, Warden of the Woods, Verdant Embrace, Explore"
Trick or Treat,Secret Lair Drop,Other,SLD,2025-10-27,57.51,"Vito, Thorn of the Dusk Rose, Wilhelt, the Rotcleaver, Voja, Jaws of the Conclave, Liberator, Urza's Battlethopter, Satoru Umezawa"
Trick or Treat Foil Edition,Secret Lair Drop,Other,SLD,2025-10-27,57.51,"Vito, Thorn of the Dusk Rose, Wilhelt, the Rotcleaver, Voja, Jaws of the Conclave, Liberator, Urza's Battlethopter, Satoru Umezawa"
Tricksy 1,Jumpstart,Other,LTR,2023-06-23,3.44,"Elvish Mariner, Elrond, Lord of Rivendell, Island, Glorious Gale, Arwen's Gift"
Tricksy 2,Jumpstart,Other,LTR,2023-06-23,3.44,"Elvish Mariner, Elrond, Lord of Rivendell, Saruman the White, Island, Glorious Gale"
Troll Shaman,Shandalar Enemy Deck,Other,PAST,1997-04-01,402.89,"Mountain, Strip Mine, Dancing Scimitar, Oasis, Shivan Dragon"
Trounce-O-Matic,Theme Deck,Other,ODY,2001-10-01,423.98,"Roar of the Wurm, Careful Study, Predict, Peek, Nimble Mongoose"
Truth Seekers,Theme Deck,Other,SOK,2005-06-03,141.14,"Rune-Tail, Kitsune Ascendant // Rune-Tail's Essence, Honden of Life's Web, Honden of Cleansing Fire, Nikko-Onna, Bounteous Kirin"
Turnabout,Theme Deck,Other,SHM,2008-05-02,466.47,"Umbral Mantle, Devoted Druid, Pili-Pala, Rhys the Redeemed, Seedcradle Witch"
Turnaround,Theme Deck,Other,PCY,2000-06-05,1035.67,"Rhystic Study, Daze, Foil, Seal of Cleansing, Mageta the Lion"
Twisted Reality,Intro Pack,Other,OGW,2016-01-22,19.56,"Bane of Bala Ged, Kozilek's Channeler, Endless One, Scour from Existence, Titan's Presence"
Twisted Toons,Secret Lair Drop,Other,SLD,2025-03-25,61.13,"Culling the Weak, Silence, Winds of Abandon, Fatal Push, Young Wolf"
Twisted Toons Foil Edition,Secret Lair Drop,Other,SLD,2025-03-25,61.13,"Culling the Weak, Silence, Winds of Abandon, Fatal Push, Young Wolf"
Ultimate Sacrifice,Event Deck,Other,BFZ,2015-10-02,41.25,"Zulaport Cutthroat, Grim Haruspex, Hangarback Walker, Murderous Cut, Llanowar Wastes"
Uncharted,Secret Lair Drop,Other,SLD,2025-11-06,30.03,"Passionate Archaeologist, Whip of Erebos, Nathan Drake, Treasure Hunter, Midnight Clock, Chain Reaction"
Uncharted Foil Edition,Secret Lair Drop,Other,SLD,2025-11-06,30.03,"Passionate Archaeologist, Whip of Erebos, Nathan Drake, Treasure Hunter, Midnight Clock, Chain Reaction"
Undead,Jumpstart,Other,FDN,2024-11-15,4.98,"Death Baron, Deadly Plot, Swamp, Reassembling Skeleton, Undying Malice"
Undead Knight,Shandalar Enemy Deck,Other,PAST,1997-04-01,85.28,"El-Hajjâj, Flying Carpet, Bad Moon, Nightmare, Black Knight"
Under the Sea (1),Jumpstart,Other,JMP,2020-07-17,0.0,"Waker of Waves, Island, Tolarian Kraken, Aegis Turtle, Island"
Under the Sea (2),Jumpstart,Other,JMP,2020-07-17,0.0,"Waker of Waves, Whelming Wave, Cryptic Serpent, Island, Aegis Turtle"
Underwater,Jumpstart,Other,TLE,2025-11-20,1.2,"Tui and La, Moon and Ocean, Coastal Piracy, Island, Thriving Isle, Octopus Form"
Underworld Herald,Event Deck,Other,BNG,2014-02-28,28.39,"Crypt Ghast, Gift of Orzhova, Pack Rat, Desecration Demon, Agent of the Fates"
Unearthed 1,Jumpstart,Other,BRO,2022-11-18,0.0,"Go for the Throat, Gruesome Realization, Terror Ballista, Ashnod's Intervention, No One Left Behind"
Unearthed 2,Jumpstart,Other,BRO,2022-11-18,0.0,"Overwhelming Remorse, Transmogrant Altar, Gnawing Vermin, Gruesome Realization, Terror Ballista"
Unearthed Secrets,Intro Pack,Other,SOI,2016-04-08,6.26,"Tireless Tracker, Erdwal Illuminator, Watcher in the Web, Byway Courier, Press for Answers"
Unflinching Assault,Intro Pack,Other,FRF,2015-01-23,21.4,"Merciless Executioner, Elite Scaleguard, Cruel Sadist, Battle Brawler, Dragonscale General"
Unicorns,Jumpstart,Other,JMP,2020-07-17,19.49,"Emiel the Blessed, Blessed Sanctuary, Cloudshift, Plains, Plains"
United Assault,Challenger Deck,Other,Q02,2019-04-12,14.42,"Legion's Landing // Adanto, the First Fort, History of Benalia, Dauntless Bodyguard, Adanto Vanguard, Benalish Marshal"
Unlikely Alliances,Intro Pack,Other,EMN,2016-07-22,3.66,"Campaign of Vengeance, Blessed Alliance, Repel the Abominable, Swamp, Plains"
Unlucky Thirteen,Jumpstart,Other,J22,2022-12-02,9.35,"Tree of Perdition, Exsanguinate, Sling-Gang Lieutenant, Disciple of Perdition, Triskaidekaphobia"
Unnatural Forces,MTGO Theme Deck,Other,VIS,2006-04-10,26.24,"Necromancy, Impulse, Vision Charm, Swamp, Island"
Unnatural Schemes,Intro Pack,Other,ARB,2009-04-30,47.04,"Terramorphic Expanse, Island, Lich Lord of Unx, Nemesis of Reason, Swamp"
Unraveling Mind,Theme Deck,Other,PLC,2007-02-02,113.87,"Mirri the Cursed, Phantasmagorian, Dauthi Slayer, Mindlash Sliver, Big Game Hunter"
Unstable Terrain,Intro Pack,Other,ZEN,2009-10-02,36.9,"Roil Elemental, Harrow, Sage Owl, Baloth Woodcrasher, Grazing Gladehart"
Untamed Wild,Intro Pack,Other,EMN,2016-07-22,3.1,"Silverfur Partisan, Blood Mist, Furyblade Vampire, Primal Druid, Assembled Alphas"
Up and Away,Starter Kit,Other,SNC,2022-06-03,12.76,"Hullbreaker Horror, Welcoming Vampire, Consuming Tide, Inspiring Overseer, Dreamshackle Geist"
Urza's,Jumpstart,Other,J22,2022-12-02,16.84,"Walking Ballista, Karn Liberated, Expedition Map, Urza's Power Plant, Manakin"
Valentine's Day 2021,Secret Lair Drop,Other,SLD,2021-04-13,56.02,"Boros Charm, Goblin Rabblemaster, Gisela, Blade of Goldnight, Monastery Swiftspear"
Valentine's Day 2021 Foil Edition,Secret Lair Drop,Other,SLD,2021-04-13,56.02,"Boros Charm, Goblin Rabblemaster, Gisela, Blade of Goldnight, Monastery Swiftspear"
Vampire Lord,Shandalar Enemy Deck,Other,PAST,1997-04-01,273.12,"Sorceress Queen, Mana Vault, Carrion Ants, Howling Mine, Animate Dead"
Vampire Onslaught,Event Deck,Other,M12,2011-08-12,255.91,"Verdant Catacombs, Blade of the Bloodchief, Bloodghast, Pawn of Ulamog, Dismember"
Vampires,Deck Builder's Toolkit,Other,MBS,2011-03-11,14.74,"Urge to Feed, Vampire Nighthawk, Feast of Blood, Pulse Tracker, Gatekeeper of Malakir"
Vampires (1),Jumpstart,Other,J25,2024-11-07,0.0,"Sangromancer, Vampire of the Dire Moon, Blood Fountain, Urge to Feed, Thriving Moor"
Vampires (2),Jumpstart,Other,J25,2024-11-07,4.31,"Creeping Bloodsucker, Vampire of the Dire Moon, Sanctum Seeker, Blood Fountain, Bloodthirsty Aerialist"
Vampires (3),Jumpstart,Other,J25,2024-11-07,4.31,"Creeping Bloodsucker, Necropolis Regent, Go for the Throat, Vicious Conquistador, Blood Fountain"
Vampires (4),Jumpstart,Other,JMP,2020-07-17,4.14,"Drana, Liberator of Malakir, Silversmote Ghoul, Swamp, Gifted Aetherborn, Bloodbond Vampire"
Vampiric Thirst,Intro Pack,Other,SOI,2016-04-08,10.36,"Alms of the Vein, Indulgent Aristocrat, Olivia's Bloodsworn, Burn from Within, Sinister Concoction"
Vehicle Rush,Challenger Deck,Other,Q01,2018-04-06,32.07,"Skysovereign, Consul Flagship, Spire of Industry, Inspiring Vantage, Mountain, Swamp"
Vehicles,Jumpstart,Other,J22,2022-12-02,10.03,"Lita, Mechanical Engineer, Peacewalker Colossus, Aradara Express, Giant Ox, Aerial Modification"
Venser,Duel Deck,Other,DDI,2012-03-30,19.79,"Sigil of Sleep, Venser, the Sojourner, Steel of the Godhead, Path to Exile, Preordain"
Vicious Cycle,Intro Pack,Other,OGW,2016-01-22,10.04,"Brood Monitor, Blighted Woodland, Smothering Abomination, Wastes, Wastes"
Viva Las Rakdos,Secret Lair Drop,Other,SLD,2025-05-13,39.16,"Beseech the Mirror, Lightning Greaves, Talisman of Indulgence, Dark Petition, Light Up the Stage"
Vivien,Planeswalker Deck,Other,M19,2018-07-13,6.86,"Colossal Majesty, Vivien of the Arkbow, Forest, Reclamation Sage, Forest"
Vivien's Hunt,Arena Promotional Deck,Other,ONE,2023-02-10,6.82,"Titan of Industry, Gala Greeters, Augur of Autumn, Howlpack Piper // Wildsong Howler, Vivien on the Hunt"
"Vivien, Nature's Avenger",Planeswalker Deck,Other,M20,2019-07-29,3.24,"Vivien, Nature's Avenger, Season of Growth, Forest, Aggressive Mammoth, Wakeroot Elemental"
Voracious Rage,Intro Pack,Other,JOU,2014-05-02,7.8,"Searing Blood, Fanatic of Mogis, Swamp, Mountain, Mountain"
Vraska,Duel Deck,Other,DDM,2014-03-14,2.25,"Ohran Viper, Vraska the Unseen, Night's Whisper, Swamp, Pulse Tracker"
"Vraska, Regal Gorgon",Planeswalker Deck,Other,GRN,2018-10-05,13.13,"Beast Whisperer, Vraska, Regal Gorgon, Lotleth Giant, Forest, Golgari Guildgate"
"Vraska, Scheming Gorgon",Planeswalker Deck,Other,RIX,2018-01-19,22.5,"Legion Lieutenant, Champion of Dusk, Vraska, Scheming Gorgon, Swamp, Vicious Conquistador"
Waking Nightmares,Theme Deck,Other,TOR,2002-02-08,270.7,"Chainer, Dementia Master, Mesmeric Fiend, Enslaved Dwarf, Tainted Peak, Mountain"
Walk the Plank,Arena Starter Deck,Other,M19,2018-09-27,15.19,"Drowned Catacomb, Siren Stormtamer, Ravenous Chupacabra, Chart a Course, Demonlord Belzenlok"
Walls,Jumpstart,Other,JMP,2020-07-17,0.0,"Assault Formation, Towering Titan, Portcullis Vine, Warmonger's Chariot, Wall of Blossoms"
War Mage,Shandalar Enemy Deck,Other,PAST,1997-04-01,498.77,"Mountain, Mana Vault, Aladdin's Ring, Ball Lightning, Fellwar Stone"
War of Attrition,Event Deck,Other,NPH,2011-06-10,137.43,"Stoneforge Mystic, Puresteel Paladin, Sword of Vengeance, Journey to Nowhere, Leonin Relic-Warder"
War of the Spark Foil Redemption,MTGO Redemption,Other,WAR,2019-06-02,547.57,"Emergence Zone, Finale of Devastation, Bolas's Citadel, Neoform, God-Eternal Oketra"
War of the Spark Redemption,MTGO Redemption,Other,WAR,2019-06-02,547.57,"Emergence Zone, Finale of Devastation, Bolas's Citadel, Neoform, God-Eternal Oketra"
"Warhammer 40,000: Orks",Secret Lair Drop,Other,SLD,2022-12-05,158.53,"Zurgo Helmsmasher, Krenko, Tin Street Kingpin, Aggravated Assault, Merciless Executioner, Skysovereign, Consul Flagship"
"Warhammer 40,000: Orks Foil Edition",Secret Lair Drop,Other,SLD,2022-12-05,158.53,"Zurgo Helmsmasher, Krenko, Tin Street Kingpin, Aggravated Assault, Merciless Executioner, Skysovereign, Consul Flagship"
Warhammer Age of Sigmar,Secret Lair Drop,Other,SLD,2022-12-05,144.2,"Najeela, the Blade-Blossom, Blind Obedience, Scourge of the Throne, Loxodon Warhammer, Danitha Capashen, Paragon"
Warhammer Age of Sigmar Foil Edition,Secret Lair Drop,Other,SLD,2022-12-05,144.2,"Najeela, the Blade-Blossom, Blind Obedience, Scourge of the Throne, Loxodon Warhammer, Danitha Capashen, Paragon"
Warlock,Shandalar Enemy Deck,Other,PAST,1997-04-01,52.82,"El-Hajjâj, Hypnotic Specter, Dark Ritual, Tawnos's Wand, Swamp"
Warrior's Code,Theme Deck,Other,MOR,2008-02-01,77.19,"Boldwyr Heavyweights, Brighthearth Banneret, Unstoppable Ash, Changeling Berserker, Recross the Paths"
Warriors,Jumpstart,Other,TLE,2025-11-20,1.42,"Suki, Kyoshi Captain, Plains, Valorous Stance, Thriving Heath, Invasion Reinforcements"
Warriors (1),Jumpstart,Other,J25,2024-11-07,3.89,"Gornog, the Red Reaper, Ghitu Encampment, Thriving Bluff, Boldwyr Intimidator, Soul Sear"
Warriors (2),Jumpstart,Other,J25,2024-11-07,3.89,"Gornog, the Red Reaper, Infuriate, Ghitu Encampment, Thriving Bluff, Kargan Intimidator"
Way Wild,Theme Deck,Other,7ED,2001-04-11,567.71,"Llanowar Elves, Wild Growth, Ancient Silverback, Wood Elves, Blanchwood Armor"
Way of the Warrior,Theme Deck,Other,CHK,2004-10-01,65.65,"Takeno, Samurai General, Call to Glory, Bushi Tenderfoot // Kenzo the Hardhearted, Konda's Hatamoto, Devoted Retainer"
We Are Legion,Intro Pack,Other,M10,2009-07-17,36.66,"Lightning Bolt, Soul Warden, Plains, Honor of the Pure, Armored Ascension"
We Hope You Like Squirrels,Secret Lair Drop,Other,SLD,2021-03-15,49.86,"Swarmyard, Krosan Beast, Chatter of the Squirrel, Squirrel Mob, Squirrel Wrangler"
Weapons and Wards,Intro Pack,Other,EMN,2016-07-22,7.85,"Open the Armory, Subjugator Angel, Ulvenwald Observer, Gryff's Boon, Emrakul's Evangel"
Wei Kingdom,Theme Deck,Other,PTK,1999-05-01,163.13,"Cao Cao, Lord of Wei, Sima Yi, Wei Field Marshal, Ambition's Cost, Wei Assassins, Swamp"
Welcome to Castle Dracula,Secret Lair Drop,Other,SLD,2022-05-06,106.12,"Phyrexian Tower, Exquisite Blood, Night's Whisper"
Welcome to Castle Dracula Foil Edition,Secret Lair Drop,Other,SLD,2022-05-06,106.12,"Phyrexian Tower, Exquisite Blood, Night's Whisper"
Welcome to the Fungal,Secret Lair Drop,Other,SLD,2022-12-19,74.23,"Ghave, Guru of Spores, Mycoloth, Slimefoot, the Stowaway, Abundant Growth"
Welcome to the Fungal Foil Edition,Secret Lair Drop,Other,SLD,2022-12-19,74.23,"Ghave, Guru of Spores, Mycoloth, Slimefoot, the Stowaway, Abundant Growth"
Welded 1,Jumpstart,Other,BRO,2022-11-18,0.0,"Artificer's Dragon, Obliterating Bolt, Bitter Reunion, Scrapwork Mutt, Mishra, Excavation Prodigy"
Welded 2,Jumpstart,Other,BRO,2022-11-18,0.0,"Artificer's Dragon, Scrapwork Mutt, Mishra, Excavation Prodigy, Mishra's Research Desk, Mishra's Onslaught"
Well-Read (1),Jumpstart,Other,JMP,2020-07-17,1.18,"Curiosity, Opt, Oneirophage, Island, Ormos, Archive Keeper"
Well-Read (2),Jumpstart,Other,JMP,2020-07-17,1.18,"Curiosity, Opt, Oneirophage, Island, Ormos, Archive Keeper"
Well-Read (3),Jumpstart,Other,JMP,2020-07-17,65.91,"Rhystic Study, Curiosity, Opt, Oneirophage, Island"
Well-Read (4),Jumpstart,Other,JMP,2020-07-17,1.18,"Curiosity, Read the Runes, Opt, Oneirophage, Island"
Whim,Shandalar Enemy Deck,Other,PAST,1997-04-01,3314.77,"Mox Pearl, Colossus of Sardia, Carrion Ants, Royal Assassin, Kismet"
Whirlpool,Theme Deck,Other,APC,2001-06-04,381.01,"Opt, Chromatic Sphere, Fire // Ice, Flametongue Kavu, Whirlpool Warrior"
White,Game Night Deck,Other,GNT,2018-11-16,5.51,"Cleansing Nova, Militant Angel, Always Watching, Valiant Knight, Benalish Marshal"
White Black Life Gain,Deck Builder's Toolkit,Other,M15,2014-07-18,6.17,"Sunbond, Nyx-Fleece Ram, Sungrace Pegasus, Wall of Limbs, Ajani's Pridemate"
White Blue Bestow,Deck Builder's Toolkit,Other,M15,2014-07-18,1.36,"Glimpse the Sun God, Akroan Skyguard, Skyspear Cavalry, Wingsteed Rider, Nimbus Naiad"
White Deck,Welcome Deck,Other,M19,2018-07-13,0.0,"Herald of Faith, Plains, Inspired Charge, Plains, Luminous Bonds"
White Deck A,Sample Deck,Other,M12,2011-07-15,14.01,"Shattered Angel, Lifelink, Inquisitor Exarch, Auramancer, Plains"
White Deck B,Sample Deck,Other,10E,2008-05-02,13.95,"Soaring Hope, Serra's Embrace, Armored Ascension, Plains, Plains"
White Equipment,Deck Builder's Toolkit,Other,MBS,2011-03-11,13.6,"Journey to Nowhere, Sylvok Lifestaff, Kor Duelist, Kemba's Legion, Trusty Machete"
White Heat - Advanced Deck,Advanced Deck,Other,EXO,1998-06-15,126.09,"Undiscovered Paradise, Tithe, City of Brass, Armageddon, Gemstone Mine"
White Heat - Basic Deck,Theme Deck,Other,EXO,1998-06-15,28.51,"Reconnaissance, Searing Touch, Wall of Nets, Goblin Bombardment, Limited Resources"
White Sample Deck,Sample Deck,Other,M15,2014-07-18,0.0,"Plains, Staff of the Sun Magus, Plains, Ajani's Pridemate, Plains"
White Weenie,Deck Builder's Toolkit,Other,ROE,2010-05-21,29.05,"Journey to Nowhere, Soul Warden, Veteran Swordsmith, Brave the Elements, Armored Ascension"
White and Black Spirits,Deck Builder's Toolkit,Other,KLD,2016-09-30,0.0,"Inspired Charge, Haunted Dead, Nearheath Chaplain, Servo Exhibition, Lawless Broker"
White and Black Zombies,Deck Builder's Toolkit,Other,AKH,2017-04-28,4.07,"Wayward Servant, Lord of the Accursed, Miasmic Mummy, Doomed Dissenter, Festering Mummy"
White-Green Aura,Deck Builder's Toolkit,Other,MBS,2011-03-11,24.35,"Hyena Umbra, Spider Umbra, Aura Gnarlid, Totem-Guide Hartebeest, Boar Umbra"
Wicked Big,Theme Deck,Other,MRD,2003-10-02,27.68,"Living Hive, Copper Myr, Journey of Discovery, Plated Slagwurm, Deconstruct"
Widowmaker - Advanced Deck,Advanced Deck,Other,EXO,1998-06-15,91.04,"Undiscovered Paradise, Living Death, Phyrexian Furnace, Underground River, Spirit of the Night"
Widowmaker - Basic Deck,Theme Deck,Other,EXO,1998-06-15,14.62,"Null Brooch, Dark Ritual, Counterspell, Forbid, Capsize"
Wild Rush,Intro Pack,Other,M13,2012-07-13,25.98,"Fungal Sprouting, Arbor Elf, Rancor, Ranger's Path, Ring of Kalonia"
Wild Wizardry,Arena Promotional Deck,Other,MID,2021-09-24,8.11,"Wizard Class, Alrund's Epiphany, Prismari Command, Silundi Vision // Silundi Isle, Song-Mad Treachery // Song-Mad Ruins"
Wild-Eyed Frenzy,MTGO Theme Deck,Other,VIS,2006-04-10,12.62,"Goblin Recruiter, Fireblast, Mountain, Mountain, Kookus"
Wilds of Eldraine Foil Redemption,MTGO Redemption,Other,WOE,2023-10-04,212.74,"Agatha's Soul Cauldron, Beseech the Mirror, Moonshaker Cavalry, Talion, the Kindly Lord, Eriette of the Charmed Apple"
Wilds of Eldraine Redemption,MTGO Redemption,Other,WOE,2023-10-04,212.74,"Agatha's Soul Cauldron, Beseech the Mirror, Moonshaker Cavalry, Talion, the Kindly Lord, Eriette of the Charmed Apple"
Will Of The Masses,Intro Pack,Other,M15,2014-07-18,8.53,"Hornet Queen, Triplicate Spirits, Wall of Mulch, Phytotitan, Nissa's Expedition"
Wing and Claw,Arena Starter Deck,Other,GRN,2018-11-17,43.56,"Nezahal, Primal Tide, Settle the Wreckage, Goring Ceratops, Glacial Fortress, Azor, the Lawbringer"
Winged Stallion,Shandalar Enemy Deck,Other,PAST,1997-04-01,79.01,"Dancing Scimitar, Howling Mine, Psionic Entity, Counterspell, Island Sanctuary"
Wings of Light,Theme Deck,Other,PS11,2011-01-01,0.0,"Plains, Plains, Plains, Plains, Angel of Mercy"
Wise (1),Jumpstart,Other,TLE,2025-11-20,8.89,"Waterbender's Restoration, Whirlwind Technique, Consider, Coastal Piracy, Gran-Gran"
Wise (2),Jumpstart,Other,TLE,2025-11-20,10.63,"The Blue Spirit, Whirlwind Technique, Consider, Island, Thriving Isle"
Witch,Shandalar Enemy Deck,Other,PAST,1997-04-01,72.94,"Greed, Nevinyrral's Disk, Dark Ritual, Will-o'-the-Wisp, Swamp"
Witchcraft (1),Jumpstart,Other,JMP,2020-07-17,4.19,"Cauldron Familiar, Witch of the Moors, Swamp, Swamp, Tempting Witch"
Witchcraft (2),Jumpstart,Other,JMP,2020-07-17,1.58,"Witch of the Moors, Swamp, Swamp, Tempting Witch, Bubbling Cauldron"
Wizards,Theme Deck,Other,PSAL,2005-08-01,0.0,"Island, Island, Island, Island, Island"
Wizards (1),Jumpstart,Other,J25,2024-11-07,0.0,"Faerie Seer, Archaeomancer, Naban, Dean of Iteration, Thriving Isle, Remand"
Wizards (2),Jumpstart,Other,JMP,2020-07-17,0.0,"Riptide Laboratory, Opt, Winged Words, Island, Shipwreck Dowser"
Wizards (3),Jumpstart,Other,JMP,2020-07-17,0.0,"Talrand, Sky Summoner, Unsubstantiate, Opt, Winged Words, Island"
Wizards (4),Jumpstart,Other,JMP,2020-07-17,0.0,"Barrin, Tolarian Archmage, Island, Rain of Revelation, Shipwreck Dowser, Wizard's Retort"
Wizards of the Street,Secret Lair Drop,Other,SLD,2022-12-19,68.54,"Spellseeker, Kess, Dissident Mage, Magus of the Wheel, Baral, Chief of Compliance"
Wizards of the Street Foil Edition,Secret Lair Drop,Other,SLD,2022-12-19,68.54,"Spellseeker, Kess, Dissident Mage, Magus of the Wheel, Baral, Chief of Compliance"
Wolfgang Eder - Goblin Bidding,World Championship Deck,Other,WC03,2003-08-06,77.21,"Goblin Sharpshooter, Bloodstained Mire, City of Brass, Smother, Patriarch's Bidding"
Wolves 1,Jumpstart,Other,J22,2022-12-02,0.0,"Arlinn, Voice of the Pack, Wicked Wolf, Packsong Pup, Wolfwillow Haven, Ferocious Pup"
Wolves 2,Jumpstart,Other,J22,2022-12-02,2.98,"Master of the Wild Hunt, Arlinn, Voice of the Pack, Moonlight Hunt, Ferocious Pup, Thriving Grove"
Wolves 3,Jumpstart,Other,J22,2022-12-02,0.0,"Feed the Pack, Arlinn, Voice of the Pack, Kessig Cagebreakers, Predator's Howl, Wolfwillow Haven"
Wolves 4,Jumpstart,Other,J22,2022-12-02,0.0,"Nightpack Ambusher, Arlinn, Voice of the Pack, Wolfwillow Haven, Ferocious Pup, Thriving Grove"
Woodland Warriors,Duel Deck,Other,DDU,2018-04-06,22.0,"Ezuri, Renegade Leader, Regal Force, Yeva, Nature's Herald, Elvish Mystic, Oran-Rief, the Vastwood"
World Aflame,Theme Deck,Other,9ED,2005-07-29,44.99,"Magnivore, Wildfire, Mountain, Dancing Scimitar, Dragon's Claw"
Worldwake Foil Redemption,MTGO Redemption,Other,WWK,2010-03-07,1287.04,"Jace, the Mind Sculptor, Eye of Ugin, Amulet of Vigor, Stoneforge Mystic, Thada Adel, Acquisitor"
Worldwake Redemption,MTGO Redemption,Other,WWK,2010-03-07,1287.04,"Jace, the Mind Sculptor, Eye of Ugin, Amulet of Vigor, Stoneforge Mystic, Thada Adel, Acquisitor"
Wrack and Rage,Event Deck,Other,RTR,2012-10-26,36.74,"Rakdos Charm, Dragonskull Summit, Stromkirk Noble, Mizzium Mortars, Devil's Play"
Wrath of Mages,Arena Starter Deck,Other,M19,2018-09-27,10.98,"Banefire, River's Rebuke, Sulfur Falls, Lightning Strike, Ghitu Lavarunner"
Wrath of the Mortals,Event Deck,Other,JOU,2014-05-23,18.24,"Searing Blood, Mizzium Mortars, Guttersnipe, Young Pyromancer, Ogre Battledriver"
Wu Kingdom,Theme Deck,Other,PTK,1999-05-01,159.19,"Sun Quan, Lord of Wu, Lu Xun, Scholar General, Exhaustion, Island, Wu Longbowman"
Year of the Rat,Secret Lair Drop,Other,SLD,2020-01-07,80.38,"Marrow-Gnawer, Rat Colony, Ink-Eyes, Servant of Oni, Pack Rat"
Zakk's First Deck,Intro Pack,Other,RQS,1996-06-10,0.0,"Forest, Forest, Forest, Plains, Plains"
Zakk's Second Deck,Intro Pack,Other,RQS,1996-06-10,0.0,"Forest, Forest, Forest, Plains, Plains"
Zealots (1),Jumpstart,Other,J25,2024-11-07,0.0,"Fling, Brute Strength, Bloodlust Inciter, Thriving Bluff, Zealous Conscripts"
Zealots (2),Jumpstart,Other,J25,2024-11-07,0.0,"Sandstorm Crasher, Fling, Bloodlust Inciter, Thriving Bluff, Anep, Vizier of Hazoret"
Zealots (3),Jumpstart,Other,J25,2024-11-07,0.0,"Combat Celebrant, Fling, Shock, Bloodlust Inciter, Thriving Bluff"
Zealots (4),Jumpstart,Other,J25,2024-11-07,0.0,"Sandstorm Crasher, Fling, Bloodlust Inciter, Thriving Bluff, Zealous Conscripts"
Zendikar,Duel Deck,Other,DDP,2015-08-28,3.75,"Avenger of Zendikar, Scute Mob, Daggerback Basilisk, Groundswell, Harrow"
Zendikar Foil Redemption,MTGO Redemption,Other,ZEN,2009-11-01,1998.72,"Mindbreak Trap, Scalding Tarn, Misty Rainforest, Iona, Shield of Emeria, Verdant Catacombs"
Zendikar Redemption,MTGO Redemption,Other,ZEN,2009-11-01,1998.72,"Mindbreak Trap, Scalding Tarn, Misty Rainforest, Iona, Shield of Emeria, Verdant Catacombs"
Zendikar Rising Foil Redemption,MTGO Redemption,Other,ZNR,2020-10-25,297.9,"Sea Gate Restoration // Sea Gate, Reborn, Agadeem's Awakening // Agadeem, the Undercrypt, Ashaya, Soul of the Wild, Valakut Awakening // Valakut Stoneforge, Malakir Rebirth // Malakir Mire"
Zendikar Rising Redemption,MTGO Redemption,Other,ZNR,2020-10-25,297.9,"Sea Gate Restoration // Sea Gate, Reborn, Agadeem's Awakening // Agadeem, the Undercrypt, Ashaya, Soul of the Wild, Valakut Awakening // Valakut Stoneforge, Malakir Rebirth // Malakir Mire"
Zendikar Rising Welcome Booster,Welcome Booster,Other,ZNR,2020-09-25,9.71,"Demon of Loathing, Vraska the Unseen, Forest, Bruna, Light of Alabaster, Commander's Sphere"
Zendikar's Rage,Intro Pack,Other,BFZ,2015-10-02,17.64,"Tunneling Geopede, Retreat to Kazandu, Blighted Woodland, Sylvan Scrying, Oran-Rief Hydra"
Zombie Empire,Planechase Deck,Other,HOP,2009-09-04,110.92,"Cabal Coffers, Grave Pact, Undead Warchief, Beseech the Queen, Noxious Ghoul"
Zombies,Theme Deck,Other,PSAL,2005-08-01,0.0,"Swamp, Swamp, Swamp, Swamp, Swamp"
Zombies 1,Jumpstart,Other,J22,2022-12-02,2.99,"Gravecrawler, Lord of the Accursed, Deadly Plot, Necromancer's Stockpile, Mire Triton"
Zombies 2,Jumpstart,Other,J22,2022-12-02,0.0,"Liliana, Death's Majesty, Lord of the Accursed, Stitcher's Supplier, Deadly Plot, Cemetery Recruitment"
Zombies 3,Jumpstart,Other,J22,2022-12-02,5.49,"Endless Ranks of the Dead, Graf Harvest, Lord of the Accursed, Deadly Plot, Mire Triton"
Zombies 4,Jumpstart,Other,J22,2022-12-02,0.0,"Lord of the Accursed, Liliana's Mastery, Undead Augur, Deadly Plot, Cemetery Recruitment"
Zombies Unleashed,Theme Deck,Other,LGN,2003-02-03,404.16,"Graveborn Muse, Withered Wretch, Noxious Ghoul, Soulless One, Shepherd of Rot"
Zuko,Jumpstart,Other,TLE,2025-11-20,20.02,"Zuko, Firebending Master, Frantic Confrontation, Lost in Memories, Fists of Flame, Thriving Bluff"
explosion sounds,Secret Lair Drop,Other,SLD,2019-12-07,71.93,"Goblin Sharpshooter, Goblin Lackey, Goblin King, Goblin Piledriver, Goblin Bushwhacker"
sAnS mERcY,Secret Lair Drop,Other,SLD,2024-05-30,78.81,"Torment of Hailfire, Mogis, God of Slaughter, Ruination, Massacre, Doom Blade"
sAnS mERcY Foil Edition,Secret Lair Drop,Other,SLD,2024-05-30,78.81,"Torment of Hailfire, Mogis, God of Slaughter, Ruination, Massacre, Doom Blade"
vroooOOOMMMMMM!,Secret Lair Drop,Other,SLD,2025-05-13,61.7,"Underworld Breach, Mishra's Bauble, Lava Dart, Monastery Swiftspear, Soul-Scar Mage"
vroooOOOMMMMMM! Foil Edition,Secret Lair Drop,Other,SLD,2025-05-13,61.7,"Underworld Breach, Mishra's Bauble, Lava Dart, Monastery Swiftspear, Soul-Scar Mage"
vroooOOOMMMMMM! Raised Foil Edition,Secret Lair Drop,Other,SLD,2025-05-13,141.21,"Underworld Breach, Mishra's Bauble, Lava Dart, Monastery Swiftspear, Soul-Scar Mage"
