Deck Name,Deck Type,Category,Set Code,Release Date,Total Value,Top 5 Cards
20 Ways to Win,Commander Deck,Commander,SLD,2024-12-04,420.06,"Revel in Riches, Sol Ring, Heliod, Sun-Crowned, Bountiful Promenade, Seedborn Muse"
Abzan Armor,Commander Deck,Commander,TDC,2025-04-11,50.61,"Seedborn Muse, Will of the Abzan, Staff of Compleation, Welcoming Vampire, Betor, Ancestor's Voice"
Adaptive Enchantment,Commander Deck,Commander,C18,2018-08-10,46.26,"Bear Umbra, Nylea's Colossus, Tuvasa the Sunlit, Herald of the Pantheon, Myth Unbound"
Ahoy Mateys,Commander Deck,Commander,LCC,2023-11-17,48.5,"Black Market Connections, Windfall, Herald's Horn, Vanquisher's Banner, Pitiless Plunderer"
Angels: They're Just Like Us but Cooler and with Wings,Commander Deck,Commander,SLD,2023-08-14,588.8,"Archangel of Thune, Commander's Plate, Bruna, the Fading Light // Brisela, Voice of Nightmares, Nykthos, Shrine to Nyx, Serra Ascendant"
Animated Army,Commander Deck,Commander,BLC,2024-08-02,43.35,"Lotus Cobra, Greater Good, Thran Dynamo, Alchemist's Talent, Reliquary Tower"
Arcane Maelstrom,Commander Deck,Commander,C20,2020-04-17,108.31,"Deflecting Swat, Twinning Staff, Dualcaster Mage, Lightning Greaves, Crop Rotation"
Arcane Wizardry,Commander Deck,Commander,C17,2017-08-25,50.76,"Kindred Dominance, Polymorphist's Jest, Kess, Dissident Mage, Curse of Opulence, Comet Storm"
Arm for Battle,Commander Deck,Commander,CMR,2020-11-20,85.66,"Sigarda's Aid, Relentless Assault, Boros Charm, Timely Ward, Dualcaster Mage"
Aura of Courage,Commander Deck,Commander,AFC,2021-07-23,108.18,"Heroic Intervention, Robe of Stars, Winged Boots, Mantle of the Ancients, Sword of the Animist"
Avengers Assemble,Commander Deck,Commander,MSC,2026-06-26,68.01,"Black Widow, Agile Avenger, Spectator Seating, Kindred Discovery, Raise the Palisade, Plaza of Heroes"
Avengers Assemble Collector's Edition,Commander Deck,Commander,MSC,2026-06-26,91.01,"Black Widow, Agile Avenger, Spectator Seating, Captain America, Living Legend, Kindred Discovery, Raise the Palisade"
Bedecked Brokers,Commander Deck,Commander,NCC,2022-04-29,73.16,"Damning Verdict, Power Conduit, Agent's Toolkit, Gavony Township, Steelbane Hydra"
Blame Game,Commander Deck,Commander,MKC,2024-02-09,121.73,"Trouble in Pairs, Smuggler's Share, Prisoner's Dilemma, Ghostly Prison, Duelist's Heritage"
Blast from the Past,Commander Deck,Commander,WHO,2023-10-13,168.46,"Heroic Intervention, Talisman of Unity, Three Visits, Displaced Dinosaurs, Talisman of Progress"
Blight Curse,Commander Deck,Commander,ECC,2026-01-23,19.47,"Chimil, the Inner Sun, Tree of Perdition, Evolution Sage, Sol Ring, Persist"
Blood Rites,Commander Deck,Commander,LCC,2023-11-17,98.69,"Exquisite Blood, Charismatic Conqueror, Elenda, the Dusk Rose, Elenda's Hierophant, Blade of the Bloodchief"
Braaains,Historic Brawl Precon Deck,Commander,MOM,2024-07-08,167.14,"Bojuka Bog, Coldsteel Heart, Vanquisher's Banner, Gempalm Polluter, Distant Melody"
Breed Lethality,Commander Deck,Commander,CM2,2018-06-08,86.95,"Reyhan, Last of the Abzan, Cauldron of Souls, Cathars' Crusade, Ishai, Ojutai Dragonspeaker, Brave the Sands"
Buckle Up,Commander Deck,Commander,NEC,2022-02-18,57.71,"Imposter Mech, Drumbellower, Cyberdrive Awakener, Shorikai, Genesis Engine, Swift Reconfiguration"
Built From Scratch,Commander Deck,Commander,C14,2014-11-07,93.62,"Goblin Welder, Ruby Medallion, Wurmcoil Engine, Arcane Lighthouse, Dualcaster Mage"
Cabaretti Cacophony,Commander Deck,Commander,NCC,2022-04-29,119.03,"Master of Ceremonies, Seize the Spotlight, Life of the Party, Call the Coppercoats, Prosperous Partnership"
Call for Backup,Commander Deck,Commander,MOC,2023-04-21,84.88,"Uncivil Unrest, Strionic Resonator, Shalai and Hallar, Kalonian Hydra, Gavony Township"
Call the Spirits,Commander Deck,Commander,C15,2015-11-13,68.78,"Karlov of the Ghost Council, Thief of Blood, Aura of Silence, Black Market, Lightning Greaves"
Cavalry Charge,Commander Deck,Commander,MOC,2023-04-21,65.7,"Chivalric Alliance, Herald of Hoofbeats, Herald's Horn, Vanquisher's Banner, Vodalian Wave-Knight"
Chaos Incarnate,Commander Deck,Commander,SCD,2022-12-02,22.64,"Lightning Greaves, Talisman of Indulgence, Soul Shatter, Nihil Spellbomb, Sol Ring"
Collateral Damage,Historic Brawl Precon Deck,Commander,MOM,2024-07-08,60.01,"Coldsteel Heart, Bloodghast, Zulaport Cutthroat, Hangarback Walker, Chandra's Incinerator"
Corrupting Influence,Commander Deck,Commander,ONC,2023-02-10,130.74,"Norn's Choirmaster, Glistening Sphere, Contaminant Grafter, Phyresis Outbreak, Norn's Decree"
Counter Blitz (FINAL FANTASY X),Commander Deck,Commander,FIC,2025-06-13,44.61,"Sphere Grid, Walking Ballista, Farewell, Three Visits, Damning Verdict"
Counter Blitz Collector's Edition (FINAL FANTASY X),Commander Deck,Commander,FIC,2025-06-13,48.2,"Sphere Grid, Walking Ballista, Farewell, Three Visits, Yuna, Grand Summoner"
Counter Intelligence,Commander Deck,Commander,EOC,2025-08-01,31.06,"Swan Song, Ripples of Potential, Karn's Bastion, Phyrexian Metamorph, Great Furnace"
Counterpunch,Commander Deck,Commander,CMD,2011-06-17,91.15,"Aura Shards, Attrition, Alliance of Arms, Skullclamp, Acorn Catapult"
Coven Counters,Commander Deck,Commander,MIC,2021-09-24,34.38,"Moonsilver Key, Gyre Sage, Herald of War, Heronblade Elite, Champion of Lambholt"
Creative Energy,Commander Deck,Commander,M3C,2024-06-14,42.47,"Akroma's Will, Professional Face-Breaker, Goldspan Dragon, Farewell, Talisman of Creativity"
Creative Energy Collector's Edition,Commander Deck,Commander,M3C,2024-06-14,56.92,"Akroma's Will, Professional Face-Breaker, Goldspan Dragon, Farewell, Cayth, Famed Mechanist"
Dance of the Elements,Commander Deck,Commander,ECC,2026-01-23,27.03,"Springleaf Parade, Endurance, Selvala, Heart of the Wilds, Abundant Countryside, Timeless Lotus"
Deadly Disguise,Commander Deck,Commander,MKC,2024-02-09,119.31,"Jeska's Will, Seedborn Muse, Toski, Bearer of Secrets, Beast Whisperer, Three Visits"
Death Toll,Commander Deck,Commander,DSC,2024-09-27,53.36,"Reanimate, Whip of Erebos, Arachnogenesis, Professor Onyx, Whispersilk Cloak"
Deathdancer Xira,MTGO Commander Deck,Commander,TD0,2009-08-26,0.0,"Barren Moor, Darigaaz's Caldera, Forest, Forest, Forest"
Deep Clue Sea,Commander Deck,Commander,MKC,2024-02-09,96.29,"Bennie Bracks, Zoologist, Alandra, Sky Dreamer, Adrix and Nev, Twincasters, Chulane, Teller of Tales, Academy Manufactor"
Desert Bloom,Commander Deck,Commander,OTC,2024-04-19,80.58,"Ancient Greenwarden, Scute Swarm, World Shaper, Ramunap Excavator, Sand Scout"
Devour for Power,Commander Deck,Commander,CMD,2011-06-17,95.4,"Grave Pact, Riddlekeeper, Memory Erosion, Windfall, Lightning Greaves"
Divine Convocation,Commander Deck,Commander,MOC,2023-04-21,73.05,"Nesting Dovehawk, The Locust God, Skullclamp, Suture Priest, Secure the Wastes"
Doom Prevails,Commander Deck,Commander,MSC,2026-06-26,116.92,"Molecule Man, Black Market Connections, Luxury Suite, Spark Double, Loki's Scepter"
Doom Prevails Collector's Edition,Commander Deck,Commander,MSC,2026-06-26,135.99,"Molecule Man, Black Market Connections, Luxury Suite, Spark Double, Loki's Scepter"
Draconic Destruction,Commander Deck,Commander,SCD,2022-12-02,18.31,"Elemental Bond, Vandalblast, Scourge of Valkas, Dragonspeaker Shaman, Dragon Tempest"
Draconic Dissent,Commander Deck,Commander,CLB,2022-06-10,136.85,"Astral Dragon, Artificer Class, Bothersome Quasit, Baeloth Barrityl, Entertainer, Stuffy Doll"
Draconic Domination,Commander Deck,Commander,C17,2017-08-25,114.59,"Utvara Hellkite, Kindred Discovery, Scion of the Ur-Dragon, Scalelord Reckoner, Boneyard Scourge"
Draconic Rage,Commander Deck,Commander,AFC,2021-07-23,87.97,"Klauth, Unrivaled Ancient, Neverwinter Hydra, Dragonborn Champion, Wulfgar of Icewind Dale, Maddening Hex"
Dungeons of Death,Commander Deck,Commander,AFC,2021-07-23,73.18,"Wand of Orcus, Minn, Wily Illusionist, Nimbus Maze, Phantasmal Image, Lightning Greaves"
Eldrazi Incursion,Commander Deck,Commander,M3C,2024-06-14,124.64,"Eldrazi Confluence, Eldrazi Monument, Morophon, the Boundless, Eldritch Immunity, Forsaken Monument"
Eldrazi Incursion Collector's Edition,Commander Deck,Commander,M3C,2024-06-14,164.21,"Glaring Fleshraker, Azlask, the Swelling Scourge, Eldrazi Confluence, Eldrazi Monument, Morophon, the Boundless"
Eldrazi Unbound,Commander Deck,Commander,CMM,2023-08-04,237.02,"Darksteel Monolith, Rise of the Eldrazi, It That Betrays, Flayer of Loyalties, Skittering Cicada"
Elven Council,Commander Deck,Commander,LTC,2023-06-23,79.21,"Heroic Intervention, Raise the Palisade, Swan Song, Asceticism, Rejuvenating Springs"
Elven Empire,Commander Deck,Commander,KHC,2021-02-05,76.14,"Wolverine Riders, Elvish Promenade, Beast Whisperer, Elven Ambush, Elderfang Venom"
Enchantress Rubinia,MTGO Commander Deck,Commander,TD0,2009-08-26,0.0,"Azorius Chancery, Bant Panorama, Coastal Tower, Elfhame Palace, Forest"
Endless Punishment,Commander Deck,Commander,DSC,2024-09-27,143.36,"Persistent Constrictor, Witch's Clinic, The Lord of Pain, Kederekt Parasite, Mogis, God of Slaughter"
Enduring Enchantments,Commander Deck,Commander,CMM,2023-08-04,144.4,"Starfield of Nyx, Ondu Spiritdancer, Narci, Fable Singer, Dryad of the Ilysian Grove, Boon of the Spirit Realm"
Enhanced Evolution,Commander Deck,Commander,C20,2020-04-17,86.82,"Deadly Rollick, Silent Arbiter, Tidal Barracuda, Beast Whisperer, Zaxara, the Exemplary"
Entropic Uprising,Commander Deck,Commander,C16,2016-11-11,162.14,"Burgeoning, Thrasios, Triton Hero, Chain of Vapor, Waste Not, Cruel Entertainment"
Eternal Bargain,Commander Deck,Commander,C13,2013-11-01,52.2,"Crawlspace, Toxic Deluge, Lim-Dûl's Vault, Sanguine Bond, Phyrexian Reclamation"
Eternal Might,Commander Deck,Commander,DRC,2025-02-14,21.0,"Renewed Solidarity, Bontu's Monument, The Scarab God, Drowned Catacomb, Sol Ring"
Evasive Maneuvers,Commander Deck,Commander,CMA,2017-06-09,63.9,"Thousand-Year Elixir, Basalt Monolith, Borrowing 100,000 Arrows, Surveyor's Scope, Arcane Denial"
Everyone's Invited!,Commander Deck,Commander,SLD,2025-05-12,408.09,"Bitterblossom, Maskwood Nexus, Raise the Palisade, Sol Ring, Rin and Seri, Inseparable"
Exit from Exile,Commander Deck,Commander,CLB,2022-06-10,125.9,"Jeska's Will, Passionate Archaeologist, Delayed Blast Fireball, Nalfeshnee, Three Visits"
Explorers of the Deep,Commander Deck,Commander,LCC,2023-11-17,70.2,"Kindred Discovery, Herald of Secret Streams, Branching Evolution, Reliquary Tower, Ripples of Potential"
Exquisite Invention,Commander Deck,Commander,C18,2018-08-10,50.72,"Unwinding Clock, Varchild, Betrayer of Kjeldor, Mirrorworks, Treasure Nabber, Endless Atlas"
Faceless Menace,Commander Deck,Commander,C19,2019-08-23,69.3,"Seedborn Muse, Apex Altisaur, Strionic Resonator, Sudden Substitution, Thran Dynamo"
Fae Dominion,Commander Deck,Commander,WOC,2023-09-08,160.86,"Archmage of Echoes, Kindred Dominance, Alela, Cunning Conqueror, Misleading Signpost, Glen Elendra Archmage"
Faerie Schemes,Brawl Deck,Commander,ELD,2019-10-04,167.96,"Emergence Zone, Smothering Tithe, Watery Grave, Sephara, Sky's Blade, Massacre Girl"
Family Matters,Commander Deck,Commander,BLC,2024-08-02,36.89,"Helm of the Host, Agate Instigator, Pollywog Prodigy, Jacked Rabbit, Elspeth, Sun's Champion"
Feline Ferocity,Commander Deck,Commander,C17,2017-08-25,106.76,"Hammer of Nazahn, Qasali Slingers, Sword of the Animist, Mirari's Wake, Skullclamp"
First Flight,Commander Deck,Commander,SCD,2022-12-02,15.85,"Thought Vessel, True Conviction, Sephara, Sky's Blade, Counterspell, Sol Ring"
Flashy Fliers,Historic Brawl Precon Deck,Commander,MOM,2024-07-08,58.28,"Coldsteel Heart, Cavalier of Gales, Lyra Dawnbringer, Faerie Seer, Opt"
Food and Fellowship,Commander Deck,Commander,LTC,2023-06-23,64.4,"Birds of Paradise, Essence Warden, The Gaffer, Toxic Deluge, Sanguine Bond"
Forces of the Imperium,Commander Deck,Commander,40K,2022-10-07,210.43,"Celestine, the Living Saint, Reaver Titan, Commissar Severina Raine, Vexilus Praetor, Thunderhawk Gunship"
Forces of the Imperium Collector's Edition,Commander Deck,Commander,40K,2022-10-07,536.48,"Marneus Calgar, Celestine, the Living Saint, Vexilus Praetor, Commissar Severina Raine, Reaver Titan"
Forged In Stone,Commander Deck,Commander,C14,2014-11-07,100.71,"Emeria, the Sky Ruin, Grand Abolisher, Arcane Lighthouse, Cathars' Crusade, Skullclamp"
From Cute to Brute,Commander Deck,Commander,SLD,2023-05-08,353.37,"Nicol Bolas, the Ravager // Nicol Bolas, the Arisen, Westvale Abbey // Ormendahl, Profane Prince, Archangel Avacyn // Avacyn, the Purifier, Bloodline Keeper // Lord of Lineage, Valakut Awakening // Valakut Stoneforge"
Goblin Storm,Commander Deck,Commander,SLD,2026-05-18,542.05,"Roaming Throne, Sol Ring, Krenko, Mob Boss, Skullclamp, Broadside Bombardiers"
Grand Larceny,Commander Deck,Commander,OTC,2024-04-19,138.31,"Brainstealer Dragon, Orochi Soul-Reaver, Three Visits, Tower Winder, Fallen Shinobi"
Grave Danger,Commander Deck,Commander,SCD,2022-12-02,9.5,"Army of the Damned, Sol Ring, Undermine, Talisman of Dominance, Gray Merchant of Asphodel"
Graveyard Overdrive,Commander Deck,Commander,M3C,2024-06-14,69.83,"The Reaver Cleaver, Barrowgoyf, Chandra's Ignition, Archon of Cruelty, Lightning Greaves"
Graveyard Overdrive Collector's Edition,Commander Deck,Commander,M3C,2024-06-14,88.89,"The Reaver Cleaver, Barrowgoyf, Chandra's Ignition, Archon of Cruelty, Accursed Marauder"
Growing Threat,Commander Deck,Commander,MOC,2023-04-21,66.46,"Filigree Vector, Bitterthorn, Nissa's Animus, Massacre Wurm, Vault of the Archangel, Karn's Bastion"
Guided By Nature,Commander Deck,Commander,C14,2014-11-07,110.18,"Ezuri, Renegade Leader, Grave Sifter, Joraga Warcaller, Sylvan Safekeeper, Crystal Vein"
Guided by Nature,Commander Deck,Commander,CMA,2017-06-09,130.05,"Joraga Warcaller, Grave Sifter, Ezuri, Renegade Leader, Sylvan Safekeeper, Crystal Vein"
"Hail, Caesar",Commander Deck,Commander,PIP,2024-03-08,249.29,"Pitiless Plunderer, Skullclamp, Talisman of Indulgence, Tainted Peak, Tainted Field"
"Heads I Win, Tails You Lose",Commander Deck,Commander,SLD,2022-04-22,490.15,"Shadowspear, Commander's Plate, Propaganda // Propaganda, Krark's Thumb // Krark's Thumb, Inventors' Fair"
Heavenly Inferno,Commander Deck,Commander,CMA,2017-06-09,75.26,"Pyrohemia, Mother of Runes, Stranglehold, Angelic Arbiter, Lightning Greaves"
Invent Superiority,Commander Deck,Commander,C16,2016-11-11,67.71,"Silas Renn, Seeker Adept, Curse of Vengeance, Skullclamp, Bruse Tarl, Boorish Herder, Akiri, Line-Slinger"
Jeskai Striker,Commander Deck,Commander,TDC,2025-04-11,27.88,"Ghostly Prison, Reliquary Tower, Curse of Opulence, Narset's Reversal, Will of the Jeskai"
Jump Scare!,Commander Deck,Commander,DSC,2024-09-27,68.51,"Ashaya, Soul of the Wild, Giggling Skitterspike, Aesi, Tyrant of Gyre Strait, Scute Swarm, Counterspell"
Knights' Charge,Brawl Deck,Commander,ELD,2019-10-04,48.23,"Godless Shrine, Colossus Hammer, Knight of the Ebon Legion, Icon of Ancestry, Skyknight Vanguard"
Land's Wrath,Commander Deck,Commander,ZNC,2020-09-25,21.4,"Geode Rager, Emeria Shepherd, Evolution Sage, Return of the Wildspeaker, Zendikar's Roil"
Legends' Legacy,Commander Deck,Commander,DMC,2022-09-09,131.23,"Shizo, Death's Storehouse, The Reaver Cleaver, Cadric, Soul Kindler, Bontu's Monument, Oketra's Monument"
Lightly Armored,Historic Brawl Precon Deck,Commander,MOM,2024-07-08,206.18,"Mirari's Wake, Ancestral Mask, Coldsteel Heart, Celestial Mantle, Lyra Dawnbringer"
Limit Break (FINAL FANTASY VII),Commander Deck,Commander,FIC,2025-06-13,46.88,"Skullclamp, Clever Concealment, Professional Face-Breaker, Sword of the Animist, Lightning Greaves"
Limit Break Collector's Edition (FINAL FANTASY VII),Commander Deck,Commander,FIC,2025-06-13,65.55,"Zack Fair, Tifa, Martial Artist, Skullclamp, Clever Concealment, Professional Face-Breaker"
Living Energy,Commander Deck,Commander,DRC,2025-02-14,30.52,"Panharmonicon, Academy Ruins, Lightning Greaves, Conjurer's Closet, Stridehangar Automaton"
Lorehold Legacies,Commander Deck,Commander,C21,2021-04-23,63.25,"Thousand-Year Elixir, Monologue Tax, Boros Charm, Hellkite Tyrant, Darksteel Citadel"
Lorehold Spirit,Commander Deck,Commander,SOC,2026-04-24,35.77,"Moonshaker Cavalry, Bitterthorn, Nissa's Animus, Emeria, the Sky Ruin, Turbulent Steppe, Lotus Field"
Maestros Massacre,Commander Deck,Commander,NCC,2022-04-29,72.98,"Twinning Staff, Make an Example, Lightning Greaves, Determined Iteration, Kess, Dissident Mage"
Mardu Surge,Commander Deck,Commander,TDC,2025-04-11,39.82,"Skullclamp, Goldlust Triad, Lightning Greaves, Will of the Mardu, Grand Crescendo"
Merciless Rage,Commander Deck,Commander,C19,2019-08-23,54.5,"Bone Miser, Sanctum of Eternity, Curse of Fool's Wisdom, In Garruk's Wake, Geier Reach Sanitarium"
Mind Flayarrrs,Commander Deck,Commander,CLB,2022-06-10,148.26,"Zellix, Sanity Flayer, Mindcrank, Brainstealer Dragon, Aboleth Spawn, Spellskite"
Mind Seize,Commander Deck,Commander,C13,2013-11-01,56.28,"Jace's Archivist, Sudden Spoiling, Prosperity, Temple Bell, Nekusar, the Mindrazer"
Miracle Worker,Commander Deck,Commander,DSC,2024-09-27,82.37,"Ondu Spiritdancer, Hall of Heliod's Generosity, Ancient Cellarspawn, Inkshield, Metamorphosis Fanatic"
Mirror Mastery,Commander Deck,Commander,CMD,2011-06-17,97.47,"Animar, Soul of Elements, Homeward Path, Collective Voyage, Lightning Greaves, Ruination"
Mishra's Burnished Banner,Commander Deck,Commander,BRC,2022-11-18,119.99,"Great Furnace, Strionic Resonator, Reliquary Tower, Machine God's Effigy, Lithoform Engine"
Most Wanted,Commander Deck,Commander,OTC,2024-04-19,104.99,"Seize the Spotlight, Command Beacon, Academy Manufactor, Heliod's Intervention, Lightning Greaves"
Mutant Menace,Commander Deck,Commander,PIP,2024-03-08,346.08,"Infesting Radroach, Mortuary Mire, Power Fist, Guardian Project, Atomize"
Mystic Intellect,Commander Deck,Commander,C19,2019-08-23,42.02,"Dockside Extortionist, Prismatic Strands, Ghostly Prison, Clever Impersonator, Wall of Stolen Identity"
Nature of the Beast,Commander Deck,Commander,C13,2013-11-01,47.49,"Homeward Path, Boros Charm, Khalni Garden, Tempt with Discovery, Wrath of God"
Nature's Vengeance,Commander Deck,Commander,C18,2018-08-10,18.58,"Fury Storm, Thantis, the Warweaver, Retreat to Hagra, Xantcha, Sleeper Agent, Stitch Together"
Necron Dynasties,Commander Deck,Commander,40K,2022-10-07,243.93,"Cryptothrall, Sceptre of Eternal Glory, Canoptek Spyder, Darkness, Resurrection Orb"
Necron Dynasties Collector's Edition,Commander Deck,Commander,40K,2022-10-07,548.14,"Sceptre of Eternal Glory, Cryptothrall, Canoptek Spyder, Resurrection Orb, Imotekh the Stormlord"
Obscura Operation,Commander Deck,Commander,NCC,2022-04-29,85.78,"Change of Plans, Smuggler's Share, Strionic Resonator, Currency Converter, Fallen Shinobi"
Open Hostility,Commander Deck,Commander,C16,2016-11-11,158.02,"Tymna the Weaver, Breath of Fury, Iroas, God of Victory, Ravos, Soultender, Boros Charm"
Painbow,Commander Deck,Commander,DMC,2022-09-09,68.43,"Tiller Engine, Two-Headed Hellkite, Fallaji Wayfarer, Nethroi, Apex of Death, Cascading Cataracts"
Paradox Power,Commander Deck,Commander,WHO,2023-10-13,243.06,"Danny Pink, Rockfall Vale, Quantum Misalignment, Talisman of Curiosity, Beast Within"
Party Time,Commander Deck,Commander,CLB,2022-06-10,113.9,"Black Market Connections, Mother of Runes, Grim Hireling, Deep Gnome Terramancer, Seasoned Dungeoneer"
Peace Offering,Commander Deck,Commander,BLC,2024-08-02,55.66,"Kalonian Hydra, Twenty-Toed Toad, Loran of the Third Path, Bloodroot Apothecary, Reliquary Tower"
Peer Through Time,Commander Deck,Commander,C14,2014-11-07,71.86,"Cyclonic Rift, Sapphire Medallion, Breaching Leviathan, Crown of Doom, Thran Dynamo"
Phantom Premonition,Commander Deck,Commander,KHC,2021-02-05,47.89,"Eerie Interlude, Ghostly Prison, Windfall, Spectral Deluge, Cosmic Intervention"
Planar Portal,Commander Deck,Commander,AFC,2021-07-23,97.94,"Karazikar, the Eye Tyrant, Grim Hireling, Reckless Endeavor, Wild-Magic Sorcerer, Marionette Master"
Planeswalker Party,Commander Deck,Commander,CMM,2023-08-04,129.04,"Silent Arbiter, Spark Double, Chandra, Awakened Inferno, Teyo, Geometric Tactician, Fellwar Stone"
Plunder the Graves,Commander Deck,Commander,C15,2015-11-13,66.37,"Pathbreaker Ibex, Eldrazi Monument, Thief of Blood, Skullclamp, Lightning Greaves"
Political Puppets,Commander Deck,Commander,CMD,2011-06-17,65.49,"Flusterstorm, Insurrection, Ghostly Prison, Propaganda, Howling Mine"
Power Hungry,Commander Deck,Commander,C13,2013-11-01,66.69,"Goblin Sharpshooter, Primal Vigor, Goblin Bombardment, Khalni Garden, Swiftfoot Boots"
Primal Genesis,Commander Deck,Commander,C19,2019-08-23,59.83,"Marisi, Breaker of the Coil, Ohran Frostfang, Elemental Bond, Momentous Fall, Song of the Worldsoul"
Prismari Artistry,Commander Deck,Commander,SOC,2026-04-24,43.14,"Faerie Mastermind, Goldspan Dragon, Turbulent Springs, Lightning Greaves, Reliquary Tower"
Prismari Performance,Commander Deck,Commander,C21,2021-04-23,61.69,"Seething Song, Veyran, Voice of Duality, Reliquary Tower, Dualcaster Mage, Talisman of Creativity"
Quandrix Unlimited,Commander Deck,Commander,SOC,2026-04-24,35.24,"Three Visits, Ozolith, the Shattered Spire, Turbulent Wilderness, Reliquary Tower, Goldvein Hydra"
Quantum Quandrix,Commander Deck,Commander,C21,2021-04-23,44.43,"Spawning Kraken, Ruxa, Patient Professor, Guardian Augmenter, Rapid Hybridization, Ezuri's Predation"
Quick Draw,Commander Deck,Commander,OTC,2024-04-19,107.86,"Winged Boots, Mizzix's Mastery, Arcane Bombardment, Veyran, Voice of Duality, Niv-Mizzet, Parun"
Raining Cats and Dogs,Commander Deck,Commander,SLD,2024-01-22,420.34,"Anointed Procession // Anointed Procession, Sol Ring // Sol Ring, Jetmir, Nexus of Revels // Jetmir, Nexus of Revels, Lurking Predators, Jetmir's Garden"
Reap the Tides,Commander Deck,Commander,CMR,2020-11-20,43.38,"Nezahal, Primal Tide, Ramunap Excavator, Simic Charm, Reliquary Tower, Murkfiend Liege"
Rebellion Rising,Commander Deck,Commander,ONC,2023-02-10,103.61,"Flawless Maneuver, Clever Concealment, Otharri, Suns' Glory, Hexplate Wallbreaker, Call the Coppercoats"
Revenant Recon,Commander Deck,Commander,MKC,2024-02-09,108.66,"Necromancy, Animate Dead, Reanimate, Rise of the Dark Realms, Doom Whisperer"
Revival Trance (FINAL FANTASY VI),Commander Deck,Commander,FIC,2025-06-13,28.75,"Reanimate, Pitiless Plunderer, Rise of the Dark Realms, Swiftfoot Boots, Talisman of Indulgence"
Revival Trance Collector's Edition (FINAL FANTASY VI),Commander Deck,Commander,FIC,2025-06-13,38.8,"Reanimate, Pitiless Plunderer, Rise of the Dark Realms, Phoenix Down, Laughing Mad"
Riders of Rohan,Commander Deck,Commander,LTC,2023-06-23,41.72,"Door of Destinies, Herald's Horn, Vanquisher's Banner, Taunt from the Rampart, Forth Eorlingas!"
Riveteers Rampage,Commander Deck,Commander,NCC,2022-04-29,54.07,"Jolene, the Plunder Queen, World Shaper, Life's Legacy, Industrial Advancement, Protection Racket"
Ruthless Regiment,Commander Deck,Commander,C20,2020-04-17,77.97,"Flawless Maneuver, Species Specialist, Molten Echoes, Skullclamp, Call the Coppercoats"
Savage Hunger,Brawl Deck,Commander,ELD,2019-10-04,67.67,"Evolution Sage, Stomping Ground, Rhythm of the Wild, Krenko, Tin Street Kingpin, Dreadhorde Invasion"
Science!,Commander Deck,Commander,PIP,2024-03-08,303.54,"Nuka-Cola Vending Machine, Bottle-Cap Blast, Lightning Greaves, Thought Vessel, Panharmonicon"
Scions & Spellcraft (FINAL FANTASY XIV),Commander Deck,Commander,FIC,2025-06-13,46.02,"Tataru Taru, Snuff Out, Champions from Beyond, Authority of the Consuls, Sunken Ruins"
Scions & Spellcraft Collector's Edition (FINAL FANTASY XIV),Commander Deck,Commander,FIC,2025-06-13,63.93,"Tataru Taru, Snuff Out, Champions from Beyond, Circle of Power, Authority of the Consuls"
Scrappy Survivors,Commander Deck,Commander,PIP,2024-03-08,305.55,"Silver Shroud Costume, Codsworth, Handy Helper, Heroic Intervention, Perception Bobblehead, Path to Exile"
Seize Control,Commander Deck,Commander,C15,2015-11-13,52.68,"Jace's Archivist, Mizzix's Mastery, Blatant Thievery, Reliquary Tower, Windfall"
Silverquill Influence,Commander Deck,Commander,SOC,2026-04-24,48.8,"Land Tax, Turbulent Moor, Ghostly Prison, Animate Dead, Inkshield"
Silverquill Statement,Commander Deck,Commander,C21,2021-04-23,91.62,"Stinging Study, Tempting Contract, Incarnation Technique, Inkshield, Ghostly Prison"
Sliver Swarm,Commander Deck,Commander,CMM,2023-08-04,166.9,"Sliver Hivelord, Three Visits, Hatchery Sliver, Lazotep Sliver, Syphon Sliver"
Smashing Stampede,Historic Brawl Precon Deck,Commander,MOM,2024-07-08,148.34,"The Great Henge, Surrak and Goreclaw, Coldsteel Heart, Shivan Devastator, Elvish Mystic"
Spirit Squadron,Commander Deck,Commander,VOC,2021-11-19,33.59,"Kami of the Crescent Moon, Ghostly Prison, Arcane Denial, Knight of the White Orchid, Darksteel Mutation"
Squirreled Away,Commander Deck,Commander,BLC,2024-08-02,86.12,"Chatterfang, Squirrel General, Skullclamp, Toski, Bearer of Secrets, Academy Manufactor, Scurry of Squirrels"
Stalwart Unity,Commander Deck,Commander,C16,2016-11-11,189.05,"Lurking Predators, Wave of Reckoning, Benefactor's Draught, Homeward Path, Swan Song"
Subjective Reality,Commander Deck,Commander,C18,2018-08-10,35.32,"Silent-Blade Oni, Sower of Discord, Yuriko, the Tiger's Shadow, Varina, Lich Queen, Ninja of the Deep Hours"
Sultai Arisen,Commander Deck,Commander,TDC,2025-04-11,61.5,"Colossal Grave-Reaver, Command Beacon, Teval's Judgment, Dauthi Voidwalker, Life from the Loam"
Swell the Host,Commander Deck,Commander,C15,2015-11-13,54.29,"Arachnogenesis, Command Beacon, Reliquary Tower, Caller of the Claw, Beastmaster Ascension"
Sworn To Darkness,Commander Deck,Commander,C14,2014-11-07,83.51,"Jet Medallion, Crypt Ghast, Arcane Lighthouse, Sudden Spoiling, Crypt of Agadeem"
Symbiotic Swarm,Commander Deck,Commander,C20,2020-04-17,38.97,"Akroma, Angel of Wrath, Gavony Township, Obscuring Haze, Karametra, God of Harvests, Slippery Bogbonder"
Temur Roar,Commander Deck,Commander,TDC,2025-04-11,41.57,"Ureni of the Unwritten, Elemental Bond, Dragon Tempest, Talisman of Creativity, Hellkite Courser"
The Fantastic Four,Commander Deck,Commander,MSC,2026-06-26,92.82,"The Fantasticar, Galactus, Devourer of Worlds, Clever Concealment, Quantum Misalignment, Black Bolt, Inhuman King"
The Fantastic Four Collector's Edition,Commander Deck,Commander,MSC,2026-06-26,115.25,"The Fantasticar, Mister Fantastic, Galactus, Devourer of Worlds, The Thing, Clever Concealment"
The Hosts of Mordor,Commander Deck,Commander,LTC,2023-06-23,70.66,"Cavern-Hoard Dragon, The Black Gate, Relic of Sauron, Reanimate, Basalt Monolith"
The Ruinous Powers,Commander Deck,Commander,40K,2022-10-07,202.56,"Bloodthirster, Exalted Flamer of Tzeentch, Magnus the Red, Nurgle's Rot, Keeper of Secrets"
The Ruinous Powers Collector's Edition,Commander Deck,Commander,40K,2022-10-07,521.17,"Bloodthirster, Magnus the Red, Exalted Flamer of Tzeentch, Be'lakor, the Dark Master, Nurgle's Rot"
Timeless Wisdom,Commander Deck,Commander,C20,2020-04-17,110.32,"Fierce Guardianship, Surly Badgersaur, Brallin, Skyshark Rider, The Locust God, Windfall"
Timey-Wimey,Commander Deck,Commander,WHO,2023-10-13,198.64,"Everybody Lives!, Dinosaurs on a Spaceship, Wedding Ring, Flesh Duplicate, Nanogene Conversion"
Tinker Time,Commander Deck,Commander,MOC,2023-04-21,41.69,"Academy Manufactor, Hedron Detonator, Pain Distributor, Tireless Provisioner, Curse of Opulence"
Token Triumph,Commander Deck,Commander,SCD,2022-12-02,10.81,"Champion of Lambholt, Sol Ring, Idol of Oblivion, Eternal Witness, Felidar Retreat"
Tricky Terrain,Commander Deck,Commander,M3C,2024-06-14,116.18,"Talon Gates of Madara, Yavimaya, Cradle of Growth, Dryad of the Ilysian Grove, Scute Swarm, Lazotep Quarry"
Tricky Terrain Collector's Edition,Commander Deck,Commander,M3C,2024-06-14,136.5,"Talon Gates of Madara, Yavimaya, Cradle of Growth, Dryad of the Ilysian Grove, Planar Nexus, Scute Swarm"
Turtle Power!,Commander Deck,Commander,TMC,2026-03-06,69.36,"City of Brass, Spire Garden, Undergrowth Stadium, Irma, Part-Time Mutant, Michelangelo, the Heart"
Tyranid Swarm,Commander Deck,Commander,40K,2022-10-07,188.38,"Ghyrson Starn, Kelermorph, Shadow in the Warp, Biophagus, Sporocyst, Nexos"
Tyranid Swarm Collector's Edition,Commander Deck,Commander,40K,2022-10-07,526.49,"Ghyrson Starn, Kelermorph, Biophagus, Shadow in the Warp, Magus Lucea Kane, Sporocyst"
Undead Unleashed,Commander Deck,Commander,MIC,2021-09-24,50.49,"Diregraf Colossus, Endless Ranks of the Dead, Hordewing Skaab, Death Baron, Cleaver Skaab"
Upgrades Unleashed,Commander Deck,Commander,NEC,2022-02-18,64.47,"Bear Umbra, Akki Battle Squad, Blackblade Reforged, Komainu Battle Armor, Rhythm of the Wild"
Urza's Iron Alliance,Commander Deck,Commander,BRC,2022-11-18,82.08,"Skullclamp, Relic of Progenitus, Preordain, Thought Vessel, Vault of Whispers"
Vampiric Bloodline,Commander Deck,Commander,VOC,2021-11-19,55.06,"Molten Echoes, Nirkana Revenant, Shadowgrange Archfiend, Malakir Bloodwitch, Vandalblast"
Vampiric Bloodlust,Commander Deck,Commander,C17,2017-08-25,147.69,"Teferi's Protection, Kindred Charge, Door of Destinies, Licia, Sanguine Tribune, Skullclamp"
Veloci-Ramp-Tor,Commander Deck,Commander,LCC,2023-11-17,83.08,"Akroma's Will, Apex Altisaur, Xenagos, God of Revels, Chandra's Ignition, Rhythm of the Wild"
Virtue and Valor,Commander Deck,Commander,WOC,2023-09-08,121.71,"Retether, Hall of Heliod's Generosity, Bear Umbra, Mantle of the Ancients, Umbra Mystic"
Wade into Battle,Commander Deck,Commander,C15,2015-11-13,65.84,"Urza's Incubator, Blade of Selves, Basalt Monolith, Lightning Greaves, Gisela, Blade of Goldnight"
Wakanda Forever,Commander Deck,Commander,MSC,2026-06-26,56.24,"Birds of Paradise, Bountiful Promenade, Helm of the Host, Hammer of Nazahn, Panther Habit"
Wakanda Forever Collector's Edition,Commander Deck,Commander,MSC,2026-06-26,57.85,"Birds of Paradise, Bountiful Promenade, Helm of the Host, Hammer of Nazahn, Panther Habit"
Wild Bounty,Brawl Deck,Commander,ELD,2019-10-04,70.62,"Hallowed Fountain, Biomancer's Familiar, Circuitous Route, Risen Reef, Steelbane Hydra"
Witherbloom Pestilence,Commander Deck,Commander,SOC,2026-04-24,30.12,"Turbulent Fen, Ohran Frostfang, Stensian Sanguinist // Exsanguinate, Toxic Deluge, Blood Artist"
Witherbloom Witchcraft,Commander Deck,Commander,C21,2021-04-23,84.0,"Witch's Clinic, Alhammarret's Archive, Venser's Journal, Gyome, Master Chef, Sapling of Colfenor"
World Shaper,Commander Deck,Commander,EOC,2025-08-01,24.21,"Braids, Arisen Nightmare, Exploration Broodship, Nature's Lore, Horizon Explorer, Oracle of Mul Daya"
2014 Full Art Land Set,Box Set,Other,J14,2014-01-01,410.95,"Island, Forest, Swamp, Plains, Mountain"
30th Anniversary Countdown Kit,Secret Lair Drop,Other,SLC,2022-11-01,643.12,"Chrome Mox, Necropotence, Deathrite Shaman, Birthing Pod, Lim-Dûl's Vault"
A Box of Rocks,Secret Lair Drop,Other,SLD,2021-03-15,36.9,"Arcane Signet, Commander's Sphere, Chromatic Lantern, Gilded Lotus, Darksteel Ingot"
A Box of Rocks Foil Edition,Secret Lair Drop,Other,SLD,2021-03-15,36.9,"Arcane Signet, Commander's Sphere, Chromatic Lantern, Gilded Lotus, Darksteel Ingot"
A Devastation of Dragons,Secret Lair Drop,Other,SLD,2025-02-20,73.79,"Kokusho, the Evening Star, Scion of the Ur-Dragon, Niv-Mizzet, Parun, Skyline Despot"
Aang,Jumpstart,Other,TLE,2025-11-20,17.36,"Aang, Airbending Master, Cloudshift, Kindly Customer, Momo, Rambunctious Rascal, Enter the Avatar State"
Above the Clouds (1),Jumpstart,Other,JMP,2020-07-17,0.0,"Lofty Denial, Unsubstantiate, Tide Skimmer, Capture Sphere, Rain of Revelation"
Above the Clouds (2),Jumpstart,Other,JMP,2020-07-17,0.0,"Lofty Denial, Unsubstantiate, Tide Skimmer, Capture Sphere, Rain of Revelation"
Above the Clouds (3),Jumpstart,Other,JMP,2020-07-17,0.0,"Lofty Denial, Unsubstantiate, Tide Skimmer, Capture Sphere, Rain of Revelation"
Above the Clouds (4),Jumpstart,Other,JMP,2020-07-17,4.81,"Kira, Great Glass-Spinner, Lofty Denial, Unsubstantiate, Tide Skimmer, Capture Sphere"
Absolute Annihilation,Secret Lair Drop,Other,SLD,2023-09-15,58.61,"Mass Hysteria, Terminate, Abrade, Oppression"
Absolute Annihilation Foil Edition,Secret Lair Drop,Other,SLD,2023-09-15,58.61,"Mass Hysteria, Terminate, Abrade, Oppression"
Abzan Siege,Intro Pack,Other,KTK,2014-09-26,7.52,"Abzan Falconer, Eternal Thirst, Abzan Battle Priest, Sandsteppe Citadel, Sungrace Pegasus"
Adaptive,Jumpstart,Other,TLE,2025-11-20,13.04,"The Blue Spirit, Princess Yue, Boomerang Basics, Frantic Search, Island"
Adept (1),Jumpstart,Other,TLE,2025-11-20,4.28,"Dramatic Reversal, Nightmares and Daydreams, Island, Thriving Isle, Crashing Wave"
Adept (2),Jumpstart,Other,TLE,2025-11-20,2.74,"Nightmares and Daydreams, Consider, Island, Thriving Isle, Octopus Form"
Adventures in the Forgotten Realms Bundle Land Pack,Bundle Land Pack,Other,AFR,2021-07-23,0.0,"Forest, Forest, Forest, Forest, Swamp"
Adventures in the Forgotten Realms Foil Redemption,MTGO Redemption,Other,AFR,2021-08-22,269.93,"Old Gnawbone, Tiamat, Circle of Dreams Druid, Teleportation Circle, The Book of Exalted Deeds"
Adventures in the Forgotten Realms Redemption,MTGO Redemption,Other,AFR,2021-08-22,269.93,"Old Gnawbone, Tiamat, Circle of Dreams Druid, Teleportation Circle, The Book of Exalted Deeds"
Adventures in the Forgotten Realms Welcome Booster,Welcome Booster,Other,AFR,2021-07-23,2.38,"Cleric Class, Atarka, World Render, Sunblast Angel, Tyrant's Familiar, Jiang Yanggu, Wildcrafter"
Adventures of the Little Witch,Secret Lair Drop,Other,SLD,2025-04-23,67.69,"Realms Uncharted, Esika's Chariot, Secret Rendezvous, Serenity"
Adventures of the Little Witch Foil Edition,Secret Lair Drop,Other,SLD,2025-04-23,67.69,"Realms Uncharted, Esika's Chariot, Secret Rendezvous, Serenity"
Aeo Paquette - Affinity,World Championship Deck,Other,WC04,2004-09-01,63.87,"Chrome Mox, Arcbound Ravager, Great Furnace, Welding Jar, Thoughtcast"
Aerial Acrobatics,Game Night Deck,Other,GN2,2019-11-15,19.43,"Agent of Treachery, Dramatic Reversal, Engulf the Shore, River's Rebuke, Winged Words"
Aerial Domination,Arena Starter Deck,Other,ANB,2020-08-13,0.0,"Wall of Runes, Sworn Guardian, Waterkin Shaman, Cloudkin Seer, Warden of Evos Isle"
Aerodoom,Theme Deck,Other,BTD,2000-10-01,31.0,"Dark Ritual, Counterspell, Power Sink, Drain Life, Brainstorm"
Aether Drifters,Secret Lair Drop,Other,SLD,2025-02-11,20.34,"Smuggler's Copter // Smuggler's Copter, Parhelion II // Parhelion II, Mechtitan Core // Mechtitan Core, Reckoner Bankbuster // Reckoner Bankbuster, Peacewalker Colossus // Peacewalker Colossus"
Aether Drifters Foil Edition,Secret Lair Drop,Other,SLD,2025-02-11,20.34,"Smuggler's Copter // Smuggler's Copter, Parhelion II // Parhelion II, Mechtitan Core // Mechtitan Core, Reckoner Bankbuster // Reckoner Bankbuster, Peacewalker Colossus // Peacewalker Colossus"
Aether Revolt Foil Redemption,MTGO Redemption,Other,AER,2017-02-19,236.19,"Paradox Engine, Walking Ballista, Heroic Intervention, Whir of Invention, Exquisite Archangel"
Aether Revolt Redemption,MTGO Redemption,Other,AER,2017-02-19,236.19,"Paradox Engine, Walking Ballista, Heroic Intervention, Whir of Invention, Exquisite Archangel"
Aetherdrift Bundle Land Pack,Bundle Land Pack,Other,DFT,2025-02-14,0.0,"Swamp, Swamp, Island, Island, Swamp"
Aetherdrift Redemption,MTGO Redemption,Other,DFT,2025-03-13,175.66,"Riverpyre Verge, The Aetherspark, Monument to Endurance, Bleachbone Verge, Sunbillow Verge"
Aga Galneer,Shandalar Enemy Deck,Other,PAST,1997-04-01,172.33,"Greed, El-Hajjâj, Sol Ring, Spirit Link, Savannah Lions"
Agents of S.H.I.E.L.D.,Jumpstart,Other,MSH,2026-06-26,0.0,"Nick Fury, Spymaster, Agent Phil Coulson, Strategic Intervention, Quake, Agent of S.H.I.E.L.D., Peggy Carter, Secret Agent"
Air Forces,MTGO Theme Deck,Other,WTH,2007-12-12,18.38,"Debt of Loyalty, Impulse, Island, Island, Memory Lapse"
Air Razers,Theme Deck,Other,JUD,2002-05-27,385.82,"Worldgorger Dragon, Flash of Insight, Wonder, Lava Dart, Dwarven Scorcher"
Airbending,Jumpstart,Other,TLE,2025-11-20,9.19,"Monk Gyatso, Airbender Ascension, Plains, Thriving Heath, Airbender's Reversal"
Ajani,Planeswalker Deck,Other,M19,2018-07-13,8.88,"Ajani, Wise Counselor, Herald of Faith, Mentor of the Meek, Plains, Plains"
Ajani Goldmane,Duel Deck,Other,DDH,2011-09-02,13.12,"Essence Warden, Ajani Vengeant, Titanic Ultimatum, Spitemare, Forest"
"Ajani, Inspiring Leader",Planeswalker Deck,Other,M20,2019-07-29,12.15,"Ajani, Inspiring Leader, Angel of Vitality, Plains, Twinblade Paladin, Serra's Guardian"
"Ajani, Valiant Protector",Planeswalker Deck,Other,AER,2017-01-20,5.98,"Ajani, Valiant Protector, Narnam Renegade, Aid from the Cowl, Unbridled Growth, Forest"
Alara Reborn Foil Redemption,MTGO Redemption,Other,ARB,2009-05-30,518.82,"Wargate, Sen Triplets, Lord of Extinction, Time Sieve, Uril, the Miststalker"
Alara Reborn Redemption,MTGO Redemption,Other,ARB,2009-05-30,518.82,"Wargate, Sen Triplets, Lord of Extinction, Time Sieve, Uril, the Miststalker"
Alex Borteh - Merfolk Opposition,World Championship Deck,Other,WC01,2001-08-08,41.58,"Gush, Static Orb, Lord of Atlantis, Island, Waterfront Bouncer"
Alien Auroras,Secret Lair Drop,Other,SLD,2025-07-29,86.31,"Crucible of Worlds, Sylvan Safekeeper, Zuran Orb, Reprocess, Aggressive Mining"
Alien Auroras Galaxy Foil Edition,Secret Lair Drop,Other,SLD,2025-07-29,86.31,"Crucible of Worlds, Sylvan Safekeeper, Zuran Orb, Reprocess, Aggressive Mining"
Alliance (1),Jumpstart,Other,TLE,2025-11-20,2.72,"The Duke, Rebel Sentry, South Pole Voyager, Plains, Thriving Heath, Mechanical Glider"
Alliance (2),Jumpstart,Other,TLE,2025-11-20,4.01,"The Duke, Rebel Sentry, Jet, Rebel Leader, South Pole Voyager, Plains, Thriving Heath"
Allied Fires,Challenger Deck,Other,Q04,2020-04-03,34.67,"Steam Vents, Narset, Parter of Veils, Ugin, the Ineffable, Kenrith, the Returned King, Saheeli, Sublime Artificer"
Alt-A-Kesh,Shandalar Enemy Deck,Other,PAST,1997-04-01,13047.88,"Timetwister, Ancestral Recall, Time Walk, Junún Efreet, Birds of Paradise"
Amonkhet Bundle Land Pack,Bundle Land Pack,Other,AKH,2017-04-28,10.5,"Island, Swamp, Forest, Mountain, Mountain"
Amonkhet Foil Redemption,MTGO Redemption,Other,AKH,2017-05-28,417.55,"Anointed Procession, Nest of Scarabs, Bontu's Monument, Combat Celebrant, Oketra's Monument"
Amonkhet Redemption,MTGO Redemption,Other,AKH,2017-05-28,417.55,"Anointed Procession, Nest of Scarabs, Bontu's Monument, Combat Celebrant, Oketra's Monument"
Amonkhet Welcome Deck - Black,Welcome Deck,Other,W17,2017-04-15,0.0,"Swamp, Swamp, Swamp, Dune Beetle, Gravedigger"
Amonkhet Welcome Deck - Blue,Welcome Deck,Other,W17,2017-04-15,0.0,"Island, Island, Nimble Innovator, Ancient Crab, Island"
Amonkhet Welcome Deck - Green,Welcome Deck,Other,W17,2017-04-15,1.1,"Sixth Sense, Forest, Forest, Forest, Druid of the Cowl"
Amonkhet Welcome Deck - Red,Welcome Deck,Other,W17,2017-04-15,1.12,"Mountain, Mountain, Renegade Tactics, Mountain, Shock"
Amonkhet Welcome Deck - White,Welcome Deck,Other,W17,2017-04-15,0.0,"Plains, Plains, Plains, Inspired Charge, Bastion Enforcer"
An Encyclopedia of Magic,Secret Lair Drop,Other,SLC,2025-11-03,442.22,"Urza's Saga, Phyrexian Altar, Field of the Dead, Sol Ring, Myrel, Shield of Argive"
Analyzed,Jumpstart,Other,MSH,2026-06-26,3.28,"Vision, Spectral Synthezoid, Timeline Inquiry, Machine Man, Model X-51, Island, TVA Bureaucrat"
Ancient Arsenal,Starter Kit,Other,ACR,2024-07-05,29.36,"Surtr, Fiery Jötun, Battlefield Improvisation, Bureau Headmaster, Eivor, Battle-Ready, Escarpment Fortress"
Ancient Discovery,Arena Starter Deck,Other,OTJ,2024-07-08,34.14,"Bonehoard Dracosaur, Warleader's Call, Anim Pakal, Thousandth Moon, Aurelia, the Law Above, Inspiring Vantage"
Angelic Accountants,Arena Starter Deck,Other,SNC,2022-09-09,17.91,"Elspeth Resplendent, Deserted Beach, Planar Incision, Lion Sash, Giada, Font of Hope"
Angelic Army,Arena Starter Deck,Other,ANB,2019-09-26,0.0,"Ajani's Pridemate, Meteor Golem, Dawn of Hope, Serra's Guardian, Loxodon Lifechanter"
Angelic Army 2,Arena Starter Deck,Other,ANB,2020-03-12,0.0,"Ajani's Pridemate, Dawn of Hope, Serra's Guardian, Loxodon Lifechanter, Moment of Heroism"
Angelic Fury,Intro Pack,Other,SOI,2016-04-08,0.0,"Dance with Devils, Gryff's Boon, Flameblade Angel, Nahiri's Machinations, Plains"
Angelic Might,Intro Pack,Other,AVR,2012-05-04,54.79,"Seraph Sanctuary, Forest, Herald of War, Rampant Growth, Forest"
Angels,Theme Deck,Other,ECL,2026-01-23,15.03,"Get Lost, Exemplar of Light, Split Up, Llanowar Elves, Chomping Changeling"
Angels (1),Jumpstart,Other,JMP,2020-07-17,6.54,"Baneslayer Angel, Angelic Ascension, Plains, Feat of Resistance, Guardian Idol"
Angels (2),Jumpstart,Other,JMP,2020-07-17,25.2,"Linvala, Keeper of Silence, Angelic Arbiter, Angelic Ascension, Plains, Guardian Idol"
"Angrath, Minotaur Pirate",Planeswalker Deck,Other,RIX,2018-01-19,30.48,"Vanquisher's Banner, Angrath, Minotaur Pirate, Mountain, Swamp, Dire Fleet Neckbreaker"
Animal,Jumpstart,Other,MSH,2026-06-26,26.03,"Tippy-Toe, Terrific Partner, Lucky the Pizza Dog, Heroic Feast, Tigra, Feline Fury, Wakandan Tusker"
Animar & Friends,Secret Lair Drop,Other,SLD,2025-02-03,91.09,"Animar, Soul of Elements, All Will Be One, Benevolent Hydra, Forgotten Ancient, Mulldrifter"
Anthousa's Army,Intro Pack,Other,THS,2013-09-27,18.67,"Bow of Nylea, Elvish Mystic, Forest, Plains, Forest"
Antoine Ruel - Blue-Black-Red Nether-Go,World Championship Deck,Other,WC01,2001-08-08,98.71,"Tsabo's Web, Accumulated Knowledge, Shivan Reef, Counterspell, Island"
Ape Lord,Shandalar Enemy Deck,Other,PAST,1997-04-01,456.75,"Mountain, Mana Vault, Killer Bees, Birds of Paradise, Shivan Dragon"
Apocalypse Foil Redemption,MTGO Redemption,Other,APC,2001-07-04,2871.71,"Llanowar Wastes, Pernicious Deed, Shivan Reef, Yavimaya Coast, Phyrexian Arena"
Apocalypse Redemption,MTGO Redemption,Other,APC,2001-07-04,2871.71,"Llanowar Wastes, Pernicious Deed, Shivan Reef, Yavimaya Coast, Phyrexian Arena"
April Fools,Secret Lair Drop,Other,SLD,2020-09-30,22.43,"Goblin Snowman, Storm Crow, Mudhole"
Aragorn at Helm's Deep,Box Set,Other,LTC,2023-11-03,64.17,"Legolas's Quick Reflexes, Andúril, Narsil Reforged, Gimli's Reckless Might, Aragorn, Hornburg Hero, Isengard Unleashed"
Arcade Racers,Secret Lair Drop,Other,SLD,2025-02-11,48.93,"Final Fortune, Big Score, Wheel of Misfortune, Heat Shimmer, Roiling Vortex"
Arcade Racers Foil Edition,Secret Lair Drop,Other,SLD,2025-02-11,48.93,"Final Fortune, Big Score, Wheel of Misfortune, Heat Shimmer, Roiling Vortex"
Arcane,Secret Lair Drop,Other,SLD,2022-05-06,111.48,"Rhystic Study, Seize the Day, Thran Dynamo, Duress, Path to Exile"
Arcane Aggression,Arena Starter Deck,Other,LTR,2023-06-20,28.91,"Urabrask // The Great Work, Flame of Anor, Gandalf the Grey, Third Path Iconoclast, Shivan Reef"
Arcane Foil Edition,Secret Lair Drop,Other,SLD,2022-05-06,111.48,"Rhystic Study, Seize the Day, Thran Dynamo, Duress, Path to Exile"
Arcane Inventions,Arena Starter Deck,Other,M19,2018-09-27,5.82,"Sai, Master Thopterist, Diamond Mare, Island, Arcane Encyclopedia, Island"
Arcane Mischief,Jumpstart,Other,DMU,2022-09-09,2.2,"Island, Combat Research, Cosmic Epiphany, Shore Up, Impulse"
Arcane Tempo,Challenger Deck,Other,Q02,2019-04-12,19.37,"Niv-Mizzet, Parun, Arclight Phoenix, Murmuring Mystic, Sulfur Falls, Chart a Course"
Arcane: Lands,Secret Lair Drop,Other,SLD,2022-05-06,13.22,"Mountain, Forest, Swamp, Plains, Island"
Arcane: Lands Foil Edition,Secret Lair Drop,Other,SLD,2022-05-06,13.22,"Mountain, Forest, Swamp, Plains, Island"
Arcanis's Guile,Theme Deck,Other,10E,2007-07-13,24.67,"Arcanis the Omnipotent, Telling Time, Unsummon, Boomerang, Denizen of the Deep"
Arch Angel,Shandalar Enemy Deck,Other,PAST,1997-04-01,280.53,"Mishra's Factory, Mana Vault, Tetravus, Wrath of God, Swords to Plowshares"
Archaeology (1),Jumpstart,Other,JMP,2020-07-17,0.0,"Buried Ruin, Chromatic Sphere, Ancestral Statue, Island, Scholar of the Lost Trove"
Archaeology (2),Jumpstart,Other,JMP,2020-07-17,0.0,"Buried Ruin, Terrarion, Ancestral Statue, Island, Scholar of the Lost Trove"
Archaeology (3),Jumpstart,Other,JMP,2020-07-17,15.4,"Vedalken Archmage, Buried Ruin, Sharding Sphinx, Ancestral Statue, Island"
Archaeology (4),Jumpstart,Other,JMP,2020-07-17,3.94,"Scarecrone, Buried Ruin, Scuttlemutt, Island, Thirst for Knowledge"
Archenemy Nicol Bolas,Archenemy Deck,Other,E01,2017-06-16,23.04,"Archfiend of Depravity, Talisman of Indulgence, Nicol Bolas, Planeswalker, Talisman of Dominance, Drowned Catacomb"
Armada,Theme Deck,Other,7ED,2001-04-11,263.09,"Disenchant, Glorious Anthem, Serra Advocate, Pacifism, Spirit Link"
Armed,Jumpstart,Other,MSH,2026-06-26,33.88,"Swordsman's Steel, Whiplash, Vengeful Engineer, HYDRA Disintegrator, Voltaic Whip, Ronin, Shadow Stalker"
Armed (1),Jumpstart,Other,J25,2024-11-07,0.0,"Danitha Capashen, Paragon, Starnheim Courser, Mace of the Valiant, Valkyrie's Sword, Starnheim Memento"
Armed (2),Jumpstart,Other,J25,2024-11-07,0.0,"Plate Armor, Danitha Capashen, Paragon, Stone Haven Outfitter, Light the Way, Ancestral Blade"
Armed (3),Jumpstart,Other,J25,2024-11-07,0.0,"Danitha Capashen, Paragon, Maul of the Skyclaves, Trusty Retriever, Valkyrie's Sword, Ancestral Blade"
Armed (4),Jumpstart,Other,J25,2024-11-07,2.26,"Godsend, Plate Armor, Danitha Capashen, Paragon, Ancestral Blade, Pacifism"
Armed and Dangerous,Arena Starter Deck,Other,AFR,2021-09-24,33.26,"Halvar, God of Battle // Sword of the Realms, Needleverge Pathway // Pillarverge Pathway, Bruenor Battlehammer, Showdown of the Skalds, Axgard Armory"
Army of Entropy,Theme Deck,Other,SHM,2008-05-02,147.94,"Blowfly Infestation, Kulrath Knight, Swamp, Murderous Redcap, Cinderbones"
Army of Justice,Theme Deck,Other,9ED,2005-07-29,22.16,"Glorious Anthem, Righteousness, Plains, Veteran Cavalier, Angel of Mercy"
Artful Destruction,Intro Pack,Other,NPH,2011-05-13,97.7,"Suture Priest, Palladium Myr, Gold Myr, Vital Splicer, Forest"
Artifacts Attack,Arena Starter Deck,Other,M19,2018-09-27,41.34,"Nezahal, Primal Tide, Settle the Wreckage, Goring Ceratops, Glacial Fortress, Azor, the Lawbringer"
Artist Series: Alayna Danner,Secret Lair Drop,Other,SLD,2023-04-28,95.94,"Emeria, the Sky Ruin, Linvala, Keeper of Silence, Seraph Sanctuary, Sunblast Angel"
Artist Series: Alayna Danner Foil Edition,Secret Lair Drop,Other,SLD,2023-04-28,95.94,"Emeria, the Sky Ruin, Linvala, Keeper of Silence, Seraph Sanctuary, Sunblast Angel"
Artist Series: Aleksi Briclot,Secret Lair Drop,Other,SLD,2022-12-19,78.08,"Eldrazi Temple, Thought-Knot Seer, Reality Smasher, Inquisition of Kozilek"
Artist Series: Aleksi Briclot Foil Edition,Secret Lair Drop,Other,SLD,2022-12-19,78.08,"Eldrazi Temple, Thought-Knot Seer, Reality Smasher, Inquisition of Kozilek"
Artist Series: Chris Rahn,Secret Lair Drop,Other,SLD,2022-09-13,43.96,"Platinum Angel, Kozilek, the Great Distortion, Primeval Titan, Huntmaster of the Fells // Ravager of the Fells"
Artist Series: Chris Rahn Foil Edition,Secret Lair Drop,Other,SLD,2022-09-13,43.96,"Platinum Angel, Kozilek, the Great Distortion, Primeval Titan, Huntmaster of the Fells // Ravager of the Fells"
Artist Series: Jesper Ejsing,Secret Lair Drop,Other,SLD,2025-02-11,92.79,"Deflecting Swat, Sun Titan, Llanowar Elves, Breeches, Eager Pillager"
Artist Series: Jesper Ejsing Foil Edition,Secret Lair Drop,Other,SLD,2025-02-11,92.79,"Deflecting Swat, Sun Titan, Llanowar Elves, Breeches, Eager Pillager"
Artist Series: Johannes Voss,Secret Lair Drop,Other,SLD,2021-12-13,48.78,"Carpet of Flowers, Sphere of Safety, Karmic Guide, Sanctum Prelate"
Artist Series: Johannes Voss Foil Edition,Secret Lair Drop,Other,SLD,2021-12-13,48.78,"Carpet of Flowers, Sphere of Safety, Karmic Guide, Sanctum Prelate"
Artist Series: John Avon,Secret Lair Drop,Other,SLD,2023-11-30,32.46,"Emrakul, the Promised End, Progenitus, Brainstorm, Serra Angel"
Artist Series: John Avon Foil Edition,Secret Lair Drop,Other,SLD,2023-11-30,32.46,"Emrakul, the Promised End, Progenitus, Brainstorm, Serra Angel"
Artist Series: Kev Walker,Secret Lair Drop,Other,SLD,2023-09-15,70.7,"It That Betrays, Faeburrow Elder, Fleshbag Marauder, Carnage Tyrant"
Artist Series: Kev Walker Foil Edition,Secret Lair Drop,Other,SLD,2023-09-15,70.7,"It That Betrays, Faeburrow Elder, Fleshbag Marauder, Carnage Tyrant"
Artist Series: Kieran Yanner,Secret Lair Drop,Other,SLD,2025-10-27,130.09,"Demonic Tutor, Armageddon, Lord of the Pit, Northern Paladin"
Artist Series: Kieran Yanner Foil Edition,Secret Lair Drop,Other,SLD,2025-10-27,130.09,"Demonic Tutor, Armageddon, Lord of the Pit, Northern Paladin"
Artist Series: Livia Prima,Secret Lair Drop,Other,SLD,2022-09-13,65.01,"Mikaeus, the Unhallowed, Akroma, Angel of Wrath, Olivia, Mobilized for War, Glissa Sunseeker"
Artist Series: Livia Prima Foil Edition,Secret Lair Drop,Other,SLD,2022-09-13,65.01,"Mikaeus, the Unhallowed, Akroma, Angel of Wrath, Olivia, Mobilized for War, Glissa Sunseeker"
Artist Series: Magali Villeneuve,Secret Lair Drop,Other,SLD,2022-08-05,48.11,"Mother of Runes, Forest, Elvish Mystic, Death's Shadow"
Artist Series: Magali Villeneuve Foil Edition,Secret Lair Drop,Other,SLD,2022-08-05,48.11,"Mother of Runes, Forest, Elvish Mystic, Death's Shadow"
Artist Series: Mark Poole,Secret Lair Drop,Other,SLD,2021-10-29,60.11,"Wasteland, Birds of Paradise, Howling Mine, Balance, Counterspell"
Artist Series: Mark Poole Foil Edition,Secret Lair Drop,Other,SLD,2021-10-29,60.11,"Wasteland, Birds of Paradise, Howling Mine, Balance, Counterspell"
Artist Series: Nils Hamm,Secret Lair Drop,Other,SLD,2022-10-25,67.38,"Sword of Truth and Justice, Contagion Engine, Deepglow Skate, Tireless Tracker"
Artist Series: Nils Hamm Foil Edition,Secret Lair Drop,Other,SLD,2022-10-25,67.38,"Sword of Truth and Justice, Contagion Engine, Deepglow Skate, Tireless Tracker"
Artist Series: Phil Foglio,Secret Lair Drop,Other,SLD,2025-06-10,52.56,"Constant Mists, Orcish Lumberjack, Goblin Bombardment, Song of the Dryads"
Artist Series: Phil Foglio Foil Edition,Secret Lair Drop,Other,SLD,2025-06-10,52.56,"Constant Mists, Orcish Lumberjack, Goblin Bombardment, Song of the Dryads"
Artist Series: Randy Vargas,Secret Lair Drop,Other,SLD,2023-04-28,65.52,"Grand Abolisher, Umezawa's Jitte, Selfless Savior, Akroma, Angel of Fury"
Artist Series: Randy Vargas Foil Edition,Secret Lair Drop,Other,SLD,2023-04-28,65.52,"Grand Abolisher, Umezawa's Jitte, Selfless Savior, Akroma, Angel of Fury"
Artist Series: Rebecca Guay,Secret Lair Drop,Other,SLD,2023-04-28,55.6,"Stoneforge Mystic, Serra the Benevolent, Muddle the Mixture, Cleansing Nova"
Artist Series: Rebecca Guay Foil Edition,Secret Lair Drop,Other,SLD,2023-04-28,55.6,"Stoneforge Mystic, Serra the Benevolent, Muddle the Mixture, Cleansing Nova"
Artist Series: Rovina Cai,Secret Lair Drop,Other,SLD,2024-04-15,77.73,"Sword of the Animist, Arcane Signet, Inalla, Archmage Ritualist, Aether Vial"
Artist Series: Rovina Cai Foil Edition,Secret Lair Drop,Other,SLD,2024-04-15,115.51,"Arcane Signet, Sword of the Animist, Inalla, Archmage Ritualist, Aether Vial"
Artist Series: Ryan Alexander Lee,Secret Lair Drop,Other,SLD,2023-08-29,36.24,"Worldspine Wurm, Twilight Prophet, Nemesis of Reason, Gaea's Blessing"
Artist Series: Ryan Alexander Lee Foil Edition,Secret Lair Drop,Other,SLD,2023-08-29,36.24,"Worldspine Wurm, Twilight Prophet, Nemesis of Reason, Gaea's Blessing"
Artist Series: Sam Burley,Secret Lair Drop,Other,SLD,2023-04-14,68.67,"Braid of Fire, Karrthus, Tyrant of Jund, Koth of the Hammer, Master of the Wild Hunt"
Artist Series: Sam Burley Foil Edition,Secret Lair Drop,Other,SLD,2023-04-14,68.67,"Braid of Fire, Karrthus, Tyrant of Jund, Koth of the Hammer, Master of the Wild Hunt"
Artist Series: Seb McKinnon,Secret Lair Drop,Other,SLD,2021-03-15,53.23,"Damnation, Swamp, Enchanted Evening, Sower of Temptation"
Artist Series: Seb McKinnon Foil Edition,Secret Lair Drop,Other,SLD,2021-03-15,53.23,"Damnation, Swamp, Enchanted Evening, Sower of Temptation"
Artist Series: Sidharth Chaturvedi,Secret Lair Drop,Other,SLD,2022-08-05,47.65,"Concordant Crossroads, Ghost Quarter, Nomad Outpost, Island"
Artist Series: Sidharth Chaturvedi Foil Edition,Secret Lair Drop,Other,SLD,2022-08-05,47.65,"Concordant Crossroads, Ghost Quarter, Nomad Outpost, Island"
Artist Series: Thomas Baxa,Secret Lair Drop,Other,SLD,2021-12-13,51.58,"Sliver Hivelord, Spellskite, Sire of Insanity, Ob Nixilis Reignited"
Artist Series: Thomas Baxa Foil Edition,Secret Lair Drop,Other,SLD,2021-12-13,51.58,"Sliver Hivelord, Spellskite, Sire of Insanity, Ob Nixilis Reignited"
Artist Series: Victor Adame Minguez,Secret Lair Drop,Other,SLD,2022-10-25,47.09,"Lord of the Undead, Knight of the White Orchid, Knight Exemplar, Compost"
Artist Series: Victor Adame Minguez Foil Edition,Secret Lair Drop,Other,SLD,2022-10-25,47.09,"Lord of the Undead, Knight of the White Orchid, Knight Exemplar, Compost"
Artist Series: Volkan Baga,Secret Lair Drop,Other,SLD,2022-09-13,39.98,"Berserk, Elspeth, Knight-Errant, Verduran Enchantress, Patron Wizard"
Artist Series: Volkan Baga Foil Edition,Secret Lair Drop,Other,SLD,2022-09-13,39.98,"Berserk, Elspeth, Knight-Errant, Verduran Enchantress, Patron Wizard"
Artist Series: Wayne Reynolds,Secret Lair Drop,Other,SLD,2022-08-05,42.39,"Balthor the Defiled, Torbran, Thane of Red Fell, Sram, Senior Edificer, Depala, Pilot Exemplar"
Artist Series: Wayne Reynolds Foil Edition,Secret Lair Drop,Other,SLD,2022-08-05,42.39,"Balthor the Defiled, Torbran, Thane of Red Fell, Sram, Senior Edificer, Depala, Pilot Exemplar"
Arzakon,Shandalar Enemy Deck,Other,PAST,1997-04-01,24460.5,"Timetwister, Ancestral Recall, Mox Emerald, Mox Pearl, Mishra's Workshop"
Ashiok,Planeswalker Deck,Other,THB,2020-01-24,6.55,"Gravebreaker Lamia, Ashiok, Sculptor of Fears, Sleep of the Dead, Pharika's Spawn, Glimpse of Freedom"
Assassin,Theme Deck,Other,UDS,1999-06-07,273.39,"Attrition, Engineered Plague, Ravenous Rats, Body Snatcher, Eradicate"
Assassin - Enhanced Deck,Enhanced Deck,Other,UDS,1999-06-07,850.07,"Powder Keg, Yawgmoth's Bargain, Volrath's Stronghold, Vampiric Tutor, Ravenous Rats"
Assassin's Creed Bundle Land Pack,Bundle Land Pack,Other,ACR,2024-07-05,3.26,"Island, Island, Mountain, Mountain, Swamp"
Assassin's Creed: Da Vinci's Designs,Secret Lair Drop,Other,SLD,2024-07-10,83.82,"Whispersilk Cloak, Darksteel Plate, Blade of Selves, Conqueror's Flail, Deathrender"
Assassin's Creed: Da Vinci's Designs Foil Edition,Secret Lair Drop,Other,SLD,2024-07-10,83.82,"Whispersilk Cloak, Darksteel Plate, Blade of Selves, Conqueror's Flail, Deathrender"
Assassin's Creed: Lethal Legends,Secret Lair Drop,Other,SLD,2024-07-10,75.09,"Ramses, Assassin Lord, Queen Marchesa, Kelsien, the Plague, Admiral Beckett Brass, Najeela, the Blade-Blossom"
Assassin's Creed: Lethal Legends Foil Edition,Secret Lair Drop,Other,SLD,2024-07-10,75.09,"Ramses, Assassin Lord, Queen Marchesa, Kelsien, the Plague, Admiral Beckett Brass, Najeela, the Blade-Blossom"
Assemble The Doomsday Machine,Archenemy Deck,Other,ARC,2010-06-18,31.22,"Batwing Brume, Lightning Greaves, Master Transmuter, Memnarch, Leonin Abunas"
Assemble Victory,Intro Pack,Other,ORI,2015-07-17,8.21,"Ghirapur Aether Grid, Prism Ring, Alchemist's Vial, Whirler Rogue, Island"
Astral Visionary,Shandalar Enemy Deck,Other,PAST,1997-04-01,13054.87,"Timetwister, Ancestral Recall, Time Walk, Copy Artifact, Stasis"
At the Zoo,Jumpstart,Other,TLE,2025-11-20,9.16,"Animal Attendant, Elephant-Mandrill, Frog-Squirrels, Origin of Metalbending, Forest"
Atlantis,Jumpstart,Other,MSH,2026-06-26,13.81,"Daughter of the Deep, Namor, Scourge of the Seas, Namora, the Sea Queen, Atlantean Skirmisher, Attuma, Atlantean Warlord"
Aura Mastery,Theme Deck,Other,SHM,2008-05-02,229.2,"Twilight Shepherd, Steel of the Godhead, Puresight Merrow, Thistledown Liege, Niveous Wisps"
Auras of Majesty,Arena Starter Deck,Other,M19,2018-09-27,24.85,"Satyr Enchanter, Shalai, Voice of Plenty, Sunpetal Grove, History of Benalia, Danitha Capashen, Paragon"
Aurochs Stampede,Theme Deck,Other,CSP,2006-07-21,80.47,"Boreal Druid, Highland Weald, Hibernation's End, Snow-Covered Mountain, Snow-Covered Forest"
Avacyn Restored Fat Pack Land Pack,Bundle Land Pack,Other,AVR,2012-05-04,21.89,"Forest, Forest, Swamp, Island, Plains"
Avacyn Restored Foil Redemption,MTGO Redemption,Other,AVR,2012-06-03,1013.91,"Avacyn, Angel of Hope, Cavern of Souls, Exquisite Blood, Craterhoof Behemoth, Griselbrand"
Avacyn Restored Redemption,MTGO Redemption,Other,AVR,2012-06-03,1013.91,"Avacyn, Angel of Hope, Cavern of Souls, Exquisite Blood, Craterhoof Behemoth, Griselbrand"
Avalanche!,Arena Starter Deck,Other,AFR,2021-09-24,31.88,"Ashaya, Soul of the Wild, Lotus Cobra, Barkchannel Pathway // Tidechannel Pathway, Snow-Covered Island, Snow-Covered Forest"
Avatar: The Last Airbender Bundle Land Pack,Bundle Land Pack,Other,TLA,2025-11-21,0.0,"Plains, Plains, Mountain, Forest, Mountain"
Avatar: The Last Airbender: A Lot to Learn,Secret Lair Drop,Other,SLD,2025-11-18,52.49,"Serra Ascendant, Kodama's Reach, Cryptolith Rite, Ponder"
Avatar: The Last Airbender: A Lot to Learn Foil Edition,Secret Lair Drop,Other,SLD,2025-11-18,52.49,"Serra Ascendant, Kodama's Reach, Cryptolith Rite, Ponder"
Avatar: The Last Airbender: Everything Changed,Secret Lair Drop,Other,SLD,2025-11-18,64.28,"Torment of Hailfire, Blood Moon, Lightning Bolt, Dramatic Entrance"
Avatar: The Last Airbender: Everything Changed Foil Edition,Secret Lair Drop,Other,SLD,2025-11-18,64.28,"Torment of Hailfire, Blood Moon, Lightning Bolt, Dramatic Entrance"
Avatar: The Last Airbender: My Cabbages!,Secret Lair Drop,Other,SLD,2025-11-18,44.37,"Chain of Vapor, Nature's Claim, Anguished Unmaking, Meltdown, Putrefy"
Avatar: The Last Airbender: My Cabbages! Foil Edition,Secret Lair Drop,Other,SLD,2025-11-18,44.37,"Chain of Vapor, Nature's Claim, Anguished Unmaking, Meltdown, Putrefy"
Avatar: The Last Airbender: One with the Elements,Secret Lair Drop,Other,SLD,2025-11-18,49.5,"Silence, Force of Vigor, Past in Flames, Preordain, Expressive Iteration"
Avatar: The Last Airbender: One with the Elements Foil Edition,Secret Lair Drop,Other,SLD,2025-11-18,49.5,"Silence, Force of Vigor, Past in Flames, Preordain, Expressive Iteration"
Avatar: The Last Airbender: The Ember Island Players,Secret Lair Drop,Other,SLD,2025-11-18,42.38,"Braid of Fire, Cursed Mirror, Phantasmal Image, Thespian's Stage, Mask of Memory"
Avatar: The Last Airbender: The Ember Island Players Foil Edition,Secret Lair Drop,Other,SLD,2025-11-18,42.38,"Braid of Fire, Cursed Mirror, Phantasmal Image, Thespian's Stage, Mask of Memory"
Awakening Earth,Challenger Deck,Other,Q03,2019-11-08,37.09,"Breeding Pool, Nissa, Who Shakes the World, Incubation Druid, Voracious Hydra, Hydroid Krasis"
Azaar - Lichlord,Shandalar Enemy Deck,Other,PAST,1997-04-01,156.27,"Greed, Tetravus, Sol Ring, Mind Twist, Hypnotic Specter"
Azorius,Guild Kit,Other,GK2,2019-02-15,12.62,"Dovescape, Render Silent, Unbreakable Formation, Pride of the Clouds, Sphinx's Revelation"
Azorius Advance,Intro Pack,Other,RTR,2012-10-05,11.21,"Tablet of the Guilds, Righteous Authority, Plains, Azorius Guildgate, Island"
Azorius Ascendant,Theme Deck,Other,DIS,2006-05-05,41.86,"Isperia the Inscrutable, Azorius Chancery, Prahv, Spires of Order, Sky Hussar, To Arms!"
Azorius Ascension,Arena Starter Deck,Other,DOM,2018-03-22,16.25,"Spell Swindle, River's Rebuke, Expel from Orazca, Censor, Angel of Sanctions"
Azorius Authority,Intro Pack,Other,DGM,2013-05-03,0.0,"Plains, Island, Island, Lyev Skyknight, Stealer of Secrets"
Azorius Control,Challenger Deck,Other,Q05,2021-04-02,14.39,"Emeria's Call // Emeria, Shattered Skyclave, Elspeth Conquers Death, Shark Typhoon, Saw It Coming, Island"
Azorius Senate,Arena Starter Deck,Other,M20,2019-05-03,23.81,"Hallowed Fountain, Angel of Grace, Unbreakable Formation, Empyrean Eagle, Elite Guardmage"
Azorius Senate 1,Jumpstart,Other,CLU,2024-02-23,5.41,"Supreme Verdict, Lavinia, Foil to Conspiracy, Portal Manipulator, Oust, Azorius Justiciar"
Azorius Senate 2,Jumpstart,Other,CLU,2024-02-23,14.11,"Suppressor Skyguard, Portal Manipulator, Lavinia of the Tenth, Azorius Signet, Island"
Azorius Spirits,Pioneer Challenger Deck,Other,Q06,2021-10-15,28.07,"Selfless Spirit, Brazen Borrower // Petty Theft, Glacial Fortress, Spectral Sailor, Watcher of the Spheres"
Azula,Jumpstart,Other,TLE,2025-11-20,11.52,"Dark Deal, Azula, Ruthless Firebender, Swamp, Azula Always Lies, Thriving Moor"
Azure Skies,Arena Starter Deck,Other,ANB,2019-09-26,16.18,"Verity Circle, Spectral Sailor, Mass Manipulation, Negate, Meteor Golem"
Azure Skies 2,Arena Starter Deck,Other,ANB,2020-03-12,5.01,"Spectral Sailor, Mass Manipulation, Negate, Stolen by the Fae, Brineborn Cutthroat"
Back for More,Arena Starter Deck,Other,M21,2021-07-03,3.46,"Skull Prophet, Polukranos, Unchained, Arasta of the Endless Web, Murderous Rider // Swift End, Demonic Embrace"
Back in My Day!,Secret Lair Drop,Other,SLD,2026-05-29,49.14,"Veil of Summer, Birthing Pod, Breath of Fury, Battle Hymn"
Back in My Day! Foil Edition,Secret Lair Drop,Other,SLD,2026-05-29,49.14,"Veil of Summer, Birthing Pod, Breath of Fury, Battle Hymn"
Backup Beatdown,Starter Kit,Other,WOE,2023-09-08,10.68,"Silverback Elder, Dusk Legion Duelist, In the Trenches, Boon-Bringer Valkyrie, Siege Veteran"
Bad Advice,Jumpstart,Other,TLE,2025-11-20,0.0,"Lo and Li, Royal Advisors, Swamp, Thriving Moor, Gilacorn, Ozai's Cruelty"
Bad to the Bones,Secret Lair Drop,Other,SLD,2023-08-29,124.83,"Tinybones, Trinket Thief, Reassembling Skeleton, Geier Reach Sanitarium, Bottomless Pit, Necrogen Mists"
Bad to the Bones Foil Edition,Secret Lair Drop,Other,SLD,2023-08-29,124.83,"Tinybones, Trinket Thief, Reassembling Skeleton, Geier Reach Sanitarium, Bottomless Pit, Necrogen Mists"
Bait & Switch,Theme Deck,Other,ONS,2002-10-07,249.64,"Smother, Lonely Sandbar, Peer Pressure, Barren Moor, Swamp"
Bait and Bludgeon,Theme Deck,Other,MRD,2003-10-02,333.66,"Vault of Whispers, Seat of the Synod, Thoughtcast, Talisman of Dominance, Silver Myr"
Balance in All Things,Arena Starter Deck,Other,SNC,2022-09-09,11.8,"Shattered Sanctum, Lion Sash, Liesa, Forgotten Archangel, Touch the Spirit Realm, The Restoration of Eiganjo // Architect of Restoration"
Band Together,MTGO Theme Deck,Other,ME2,2008-09-22,0.0,"Plains, Plains, Plains, Kjeldoran Outpost, Mishra's Factory"
Bant Exalted,Intro Pack,Other,ALA,2008-10-03,45.67,"Knight-Captain of Eos, Plains, Island, Seaside Citadel, Forest"
Bant on the March,Intro Pack,Other,CON,2009-02-06,41.06,"Terramorphic Expanse, Plains, Island, Seaside Citadel, Forest"
Barrage,Theme Deck,Other,PLS,2001-02-05,197.41,"Fires of Yavimaya, Fertile Ground, Flametongue Kavu, Thunderscape Familiar, Gaea's Herald"
Basri,Jumpstart,Other,JMP,2020-07-17,1.56,"Basri Ket, Plains, Basri's Lieutenant, Plains, Legion's Judgment"
"Basri, Devoted Paladin",Planeswalker Deck,Other,M21,2020-07-03,1.03,"Speaker of the Heavens, Basri, Devoted Paladin, Plains, Basri's Lieutenant, Plains"
Battalion,Theme Deck,Other,MOR,2008-02-01,127.49,"Reveillark, Ballyrush Banneret, Preeminent Captain, Island, Mothdust Changeling"
Battle Blitz,Theme Deck,Other,EVE,2008-07-25,43.5,"Hateflayer, Balefire Liege, Niveous Wisps, Patrol Signaler, Duergar Mine-Captain"
Battle Cries,Intro Pack,Other,MBS,2011-02-04,91.87,"Memnite, Galvanic Blast, Gold Myr, Whispersilk Cloak, Signal Pest"
Battle Cry,Deck Builder's Toolkit,Other,MBS,2011-03-11,36.93,"Memnite, Emrakul's Hatcher, Signal Pest, Goblin Wardriver, Goblin Balloon Brigade"
Battle Surge,Theme Deck,Other,UDS,1999-06-07,297.55,"Urza's Incubator, Goblin Marshal, Aether Sting, Raven Familiar, Mark of Fury"
Battle Surge - Enhanced Deck,Enhanced Deck,Other,UDS,1999-06-07,24.39,"Thieving Magpie, Wild Colos, Island, Keldon Champion, Keldon Vandals"
Battle for Zendikar Fat Pack Land Pack,Bundle Land Pack,Other,BFZ,2015-10-02,22.09,"Mountain, Forest, Island, Mountain, Forest"
Battle for Zendikar Foil Redemption,MTGO Redemption,Other,BFZ,2015-11-01,329.37,"Void Winnower, Ulamog, the Ceaseless Hunger, Drana, Liberator of Malakir, Conduit of Ruin, Omnath, Locus of Rage"
Battle for Zendikar Gift Box Land Pack,Bundle Land Pack,Other,BFZ,2015-11-13,0.0,"Island, Swamp, Island, Plains, Mountain"
Battle for Zendikar Redemption,MTGO Redemption,Other,BFZ,2015-11-01,329.37,"Void Winnower, Ulamog, the Ceaseless Hunger, Drana, Liberator of Malakir, Conduit of Ruin, Omnath, Locus of Rage"
Battle the Horde,Challenge Deck,Other,TBTH,2014-03-01,6.29,"Altar of Mogis, Vitality Salve, Refreshing Elixir, Touch of the Horned God, Intervention of Keranos"
Beast Master,Shandalar Enemy Deck,Other,PAST,1997-04-01,81.04,"Desert Twister, Birds of Paradise, Untamed Wilds, Nafs Asp, Aspect of Wolf"
Beast Territory,Jumpstart,Other,DMU,2022-09-09,1.81,"Forest, Briar Hydra, Haunted Mire, Wooded Ridgeline, Tangled Islet"
Beasts,Theme Deck,Other,PSAL,2005-08-01,0.0,"Forest, Forest, Forest, Forest, Forest"
Beasts (1),Jumpstart,Other,J25,2024-11-07,0.0,"Slinza, the Spiked Stampede, Gnarlid Colony, Explore, Woodland Liege, Spined Tyrranax"
Beasts (2),Jumpstart,Other,J25,2024-11-07,0.0,"Garruk, Caller of Beasts, Slinza, the Spiked Stampede, Gnarlid Colony, Woodland Liege, Garruk's Packleader"
Beginner Box - Aang Tutorial,Box Set,Other,TLA,2025-11-14,0.0,"Katara, Heroic Healer, Aang, Air Nomad, Appa, Aang's Companion, Sledding Otter-Penguin, Plains"
Beginner Box - Allies,Box Set,Other,TLA,2025-11-14,3.15,"Allied Teamwork, Thriving Heath, Master Piandao, Mechanical Glider, Kyoshi Warrior Guard"
Beginner Box - Artifacts,Box Set,Other,MSH,2026-06-26,1.14,"Repulsor Bots, A.I.M. Bot, War Machine, James Rhodes, Ultron Drone, Victor Mancha, Runaway"
Beginner Box - Attacking,Box Set,Other,TLA,2025-11-14,0.0,"Lion Vulture, Heartless Act, Thriving Moor, Hei Bai, Spirit of Balance, Swamp"
Beginner Box - Big Creatures,Box Set,Other,TLA,2025-11-14,8.31,"Seismic Tutelage, Match the Odds, Frog-Squirrels, Thriving Grove, Eel-Hounds"
Beginner Box - Captain America Tutorial,Box Set,Other,MSH,2026-06-26,5.4,"Captain America, Steve Rogers, Winter Soldier, Bucky Barnes, Mockingbird, Bobbi Morse, Hawkeye, Clint Barton, The Falcon, Sam Wilson"
Beginner Box - Card Draw,Box Set,Other,MSH,2026-06-26,2.82,"Stark's Ingenuity, Super Intelligence, A.I.M. Bot, Graviton, Fundamental Force, Blue Marvel, Adam Brashear"
Beginner Box - Counters,Box Set,Other,TLA,2025-11-14,1.87,"Fire Nation Sentinels, Feed the Swarm, Azula Always Lies, Elephant-Rat, Thriving Moor"
Beginner Box - Earthbending,Box Set,Other,TLA,2025-11-14,11.4,"Bumi, Eclectic Earthbender, Explore, Toph, the Blind Bandit, Thriving Grove, Earth Rumble"
Beginner Box - Firebending,Box Set,Other,TLA,2025-11-14,1.0,"Fire Nation Archers, Thriving Bluff, Roku's Mastery, Loyal Fire Sage, Zuko, Exiled Prince"
Beginner Box - HYDRA,Box Set,Other,MSH,2026-06-26,2.67,"Madame Hydra, Reanimated, Ultimo, Civilization's End, Doom Blade, Swamp, Doom's Servo-Guards"
Beginner Box - Heroes,Box Set,Other,MSH,2026-06-26,2.19,"Wondrous Revival, Hawkeye, Clint Barton, Iconic Shield, Pacifism, Peggy Carter, Secret Agent"
Beginner Box - Iron Man Tutorial,Box Set,Other,MSH,2026-06-26,28.79,"Smashing Spree, Iron Man, Tony Stark, Hulk, Bruce Banner, Happy Hogan, Dauntless Driver, Scarlet Witch, Wanda Maximoff"
Beginner Box - Ramp,Box Set,Other,MSH,2026-06-26,1.26,"Team Transmitter, Moon-Boy, Dino Rider, Flora Colossus, Thing Swing, Undercover Skrull"
Beginner Box - Spells,Box Set,Other,TLA,2025-11-14,2.31,"Water Whip, Abandon Attachments, Thriving Isle, It'll Quench Ya!, Lost in the Spirit World"
Beginner Box - Villains,Box Set,Other,MSH,2026-06-26,2.81,"Minotaur, Roxxon CEO, Tombstone, Career Criminal, Crossbones, Malicious Mercenary, Dark Deed, Swamp"
Beginner Box - Waterbending,Box Set,Other,TLA,2025-11-14,4.15,"Bender's Waterskin, The Terror of Serpent's Pass, Deny Entry, Thriving Isle, Flying Dolphin-Fish"
Beginner Box - Young Avengers,Box Set,Other,MSH,2026-06-26,2.59,"She-Hulk, Jennifer Walters, Experimental Armor, The Immortal Weapons, Furious Strength, Wiccan, Young Avenger"
Beginner Box - Zuko Tutorial,Box Set,Other,TLA,2025-11-14,0.0,"Zuko, Avatar Hunter, Mountain, Iroh, Firebending Instructor, Mountain, Mountain"
Ben Rubin - Sligh,World Championship Deck,Other,WC98,1998-08-12,25.88,"Cursed Scroll, Wasteland, Ball Lightning, Fireblast, Mountain"
Berserk,Theme Deck,Other,PSAL,2005-08-01,0.0,"Forest, Forest, Forest, Forest, Forest"
"Bertrand Lestree, Finalist",Pro Tour Deck,Other,PTC,1996-05-01,145.28,"Sylvan Library, Serra Angel, Land Tax, Strip Mine, Fyndhorn Elves"
Bestial Strength,Intro Pack,Other,M14,2013-07-19,10.32,"Elvish Mystic, Into the Wilds, Fog, Kalonian Tusker, Doom Blade"
Betrayers of Kamigawa Foil Redemption,MTGO Redemption,Other,BOK,2005-03-06,1866.96,"Umezawa's Jitte, Goryo's Vengeance, Toshiro Umezawa, Ink-Eyes, Servant of Oni, Higure, the Still Wind"
Betrayers of Kamigawa Redemption,MTGO Redemption,Other,BOK,2005-03-06,1866.96,"Umezawa's Jitte, Goryo's Vengeance, Toshiro Umezawa, Ink-Eyes, Servant of Oni, Higure, the Still Wind"
Beyond The Grave,Theme Deck,Other,CSP,2006-07-21,60.28,"Sek'Kuar, Deathkeeper, Coldsteel Heart, Void Maw, Dark Ritual, Forest"
Bitterblossom Dreams,Secret Lair Drop,Other,SLD,2019-12-03,42.11,Bitterblossom
Black,Halfdeck,Other,UND,2020-02-28,7.03,"Booster Tutor, Jack-in-the-Mox, Swamp, Acornelia, Fashionable Filcher, Infernal Spawn of Evil"
Black Control,Deck Builder's Toolkit,Other,M14,2013-07-19,5.62,"Diabolic Tutor, Doom Blade, Corrupt, Quag Sickness, Sengir Vampire"
Black Deck,Welcome Deck,Other,SOS,2026-04-24,2.64,"Rogue's Passage, Massacre Wurm, Vengeful Bloodwitch, Zombify, Crossway Troublemakers"
Black Deck A,Sample Deck,Other,10E,2008-05-02,11.04,"Megrim, Corrupt, Ravenous Rats, Swamp, Smolder Initiate"
Black Deck B,Sample Deck,Other,M11,2010-07-16,24.97,"Blood Seeker, Urge to Feed, Vampire Nighthawk, Blood Tithe, Pulse Tracker"
Black Devotion,Deck Builder's Toolkit,Other,M15,2014-07-18,11.19,"Gray Merchant of Asphodel, Sign in Blood, Drown in Sorrow, Squelching Leeches, Mogis's Marauder"
Black Discard,Deck Builder's Toolkit,Other,MBS,2011-03-11,33.25,"Liliana's Caress, Bloodhusk Ritualist, Last Kiss, Mind Sludge, Liliana's Specter"
Black Green Graveyard,Deck Builder's Toolkit,Other,M15,2014-07-18,10.25,"Nyx Weaver, Satyr Wayfinder, Graverobber Spider, Commune with the Gods, Pharika's Mender"
Black Green Toughness,Deck Builder's Toolkit,Other,ORI,2015-07-17,6.25,"Sight of the Scalelords, Coat with Venom, Kheru Bloodsucker, Colossodon Yearling, Sultai Flayer"
Black Is Magic,Secret Lair Drop,Other,SLD,2021-05-13,64.31,"Shalai, Voice of Plenty, Sol Ring, Teferi, Hero of Dominaria, Cultivate, Ponder"
Black Is Magic Foil Edition,Secret Lair Drop,Other,SLD,2021-05-13,64.31,"Shalai, Voice of Plenty, Sol Ring, Teferi, Hero of Dominaria, Cultivate, Ponder"
Black Red Minotaurs,Deck Builder's Toolkit,Other,M15,2014-07-18,0.0,"Ragemonger, Felhide Petrifier, Kragma Warcaller, Flurry of Horns, Flesh to Dust"
Black Sample Deck,Sample Deck,Other,M15,2014-07-18,6.35,"Sign in Blood, Typhoid Rats, Staff of the Death Magus, Paragon of Open Graves, Swamp"
Black and Green Counters,Deck Builder's Toolkit,Other,AKH,2017-04-28,1.17,"Cartouche of Strength, Cartouche of Ambition, Baleful Ammit, Festering Mummy, Soulstinger"
Black and Green Delirium,Deck Builder's Toolkit,Other,KLD,2016-09-30,1.25,"Gnarlwood Dryad, Crop Sigil, Boon of Emrakul, Backwoods Survivalists, Mournwillow"
Black and Green Graveyard,Deck Builder's Toolkit,Other,SOI,2016-04-08,0.0,"Vampiric Rites, Pulse of Murasa, Seed Guardian, Rot Shambler, Carrier Thrall"
Black and Red Artifacts,Deck Builder's Toolkit,Other,AKH,2017-04-28,0.0,"Welder Automaton, Inventor's Apprentice, Enraged Giant, Implement of Malice, Welding Sparks"
Black and Red Attrition,Deck Builder's Toolkit,Other,SOI,2016-04-08,1.17,"Rancid Rats, Rolling Thunder, Tar Snare, Grasp of Darkness, Demon's Grasp"
Black and Red Madness,Deck Builder's Toolkit,Other,KLD,2016-09-30,3.44,"Insolent Neonate, Olivia's Bloodsworn, Furyblade Vampire, Fiery Temper, Murderous Compulsion"
Black and White Vampires,Deck Builder's Toolkit,Other,XLN,2017-09-29,1.31,"Vicious Conquistador, Anointed Deacon, Duskborne Skymarcher, Call to the Feast, Skymarch Bloodletter"
Black-Green Deck,Spellslinger Starter Kit,Other,M19,2018-10-05,10.88,"Verdant Sun's Avatar, Ghalta, Primal Hunger, Ravenous Chupacabra, Centaur Courser, Forest"
Black-Red Destruction,Deck Builder's Toolkit,Other,ROE,2010-05-21,5.43,"Flame Slash, Doom Blade, Marsh Casualties, Hideous End, Goblin Artillery"
Blades of Victory,Intro Pack,Other,M11,2010-07-16,38.19,"Plains, Angelic Arbiter, Plains, Ajani's Mantra, Armored Ascension"
Blazing Beasts of Myth,Intro Pack,Other,THS,2013-09-27,5.84,"Forest, Voyaging Satyr, Destructive Revelry, Forest, Lightning Strike"
Blessed,Duel Deck,Other,DDQ,2016-02-26,11.72,"Eerie Interlude, Seraph Sanctuary, Tandem Lookout, Champion of the Parish, Geist of Saint Traft"
Blinding Fury,Theme Deck,Other,S99,1999-07-12,20.69,"Armageddon, Angel of Light, Plains, Archangel, Plains"
Blink,Jumpstart,Other,MSH,2026-06-26,5.28,"Silver Surfer, Cosmic Voyager, Spaceshift, Victor Timely, Wily Tycoon, Imperial Cosmographer, Collector's Case"
Blink 1,Jumpstart,Other,J22,2022-12-02,33.0,"Preston, the Vanisher, Flicker of Fate, Wispweaver Angel, Rambunctious Mutt, Distinguished Conjurer"
Blink 2,Jumpstart,Other,J22,2022-12-02,12.44,"Emiel the Blessed, Flicker of Fate, Rambunctious Mutt, Distinguished Conjurer, Inspiring Overseer"
Blink 3,Jumpstart,Other,J22,2022-12-02,33.0,"Preston, the Vanisher, Flicker of Fate, Restoration Angel, Rambunctious Mutt, Distinguished Conjurer"
Blink 4,Jumpstart,Other,J22,2022-12-02,6.58,"Panharmonicon, Flicker of Fate, Wispweaver Angel, Rambunctious Mutt, Distinguished Conjurer"
Blood Bowl,Secret Lair Drop,Other,SLD,2022-12-05,89.05,"Defense of the Heart, Fellwar Stone, Approach of the Second Sun, Rewind, Fling"
Blood Bowl Foil Edition,Secret Lair Drop,Other,SLD,2022-12-05,89.05,"Defense of the Heart, Fellwar Stone, Approach of the Second Sun, Rewind, Fling"
Blood and Fire,Intro Pack,Other,M12,2011-07-15,28.15,"Warstorm Surge, Swiftfoot Boots, Tormented Soul, Swamp, Mountain"
Bloody (1),Jumpstart,Other,J25,2024-11-07,0.0,"Ivora, Insatiable Heir, Voldaren Epicure, Anje's Ravager, Thriving Bluff, Soul Sear"
Bloody (2),Jumpstart,Other,J25,2024-11-07,0.0,"Ivora, Insatiable Heir, Insolent Neonate, Markov Blademaster, Markov Enforcer, Thriving Bluff"
Bloody (3),Jumpstart,Other,J25,2024-11-07,0.0,"Ivora, Insatiable Heir, Insolent Neonate, Thriving Bluff, Soul Sear, Scion of Opulence"
Bloody (4),Jumpstart,Other,J25,2024-11-07,0.0,"Ivora, Insatiable Heir, Voldaren Epicure, Thriving Bluff, Soul Sear, Falkenrath Marauders"
Bloomburrow Bundle Land Pack,Bundle Land Pack,Other,BLB,2024-09-04,7.83,"Forest, Plains, Swamp, Island, Mountain"
Bloomburrow Redemption,MTGO Redemption,Other,BLB,2024-09-04,297.89,"Three Tree City, Lumra, Bellow of the Woods, Maha, Its Feathers Night, Ral, Crackling Wit, Ygra, Eater of All"
Blossoming Growth,Arena Starter Deck,Other,SNC,2022-09-09,19.49,"Hullbreaker Horror, Titan of Industry, Colossal Skyturtle, Glorious Sunrise, Dreamroot Cascade"
Blowout,Theme Deck,Other,INV,2000-10-02,171.19,"Phyrexian Delver, Ravenous Rats, Ghitu Fire, Breath of Darigaaz, Swamp"
Blue,Game Night Deck,Other,GNT,2018-11-16,4.72,"Sai, Master Thopterist, Metamorphic Alteration, One with the Machine, Favorable Winds, Skyscanner"
Blue Black Evasion,Deck Builder's Toolkit,Other,M13,2012-07-13,14.85,"Invisible Stalker, Curiosity, Gryff Vanguard, Talrand's Invocation, Bloodhunter Bat"
Blue Black Exploit,Deck Builder's Toolkit,Other,ORI,2015-07-17,34.97,"Merciless Executioner, Sidisi's Faithful, Dutiful Attendant, Silumgar Sorcerer, Rakshasa Gravecaller"
Blue Control,Deck Builder's Toolkit,Other,ROE,2010-05-21,2.4,"Into the Roil, Essence Scatter, Wall of Frost, Air Elemental, Summoner's Bane"
Blue Deck,Welcome Deck,Other,MSH,2026-06-26,62.15,"Iron Man, Modern Marvel, Lyla, Holographic Assistant, Mist-Cloaked Herald, TVA Bureaucrat, Iron Lad, Diverging Destiny"
Blue Deck A,Sample Deck,Other,M11,2010-07-16,76.27,"Preordain, Hedron Crab, Jace's Erasure, Guard Gomazoa, Island"
Blue Deck B,Sample Deck,Other,M12,2011-07-15,4.5,"Jace's Erasure, Island, Island, Island, Island"
Blue Green Enters the Battlefield,Deck Builder's Toolkit,Other,M15,2014-07-18,3.54,"Quickling, Kapsho Kitefins, Coral Barrier, Frost Lynx, Shaman of Spring"
Blue Green Secret Plans Morph,Deck Builder's Toolkit,Other,ORI,2015-07-17,0.0,"Secret Plans, Guardian Shield-Bearer, Icefeather Aven, Qarsi Deceiver, Ojutai Interceptor"
Blue Red Artifacts,Deck Builder's Toolkit,Other,M15,2014-07-18,8.06,"Chariot of Victory, Ensoul Artifact, Opaline Unicorn, Ornithopter, Traveler's Amulet"
Blue Red Counterburn,Deck Builder's Toolkit,Other,M15,2014-07-18,0.0,"Magma Jet, Spite of Mogis, Mnemonic Wall, Rise of Eagles, Stormcaller of Keranos"
Blue Sample Deck,Sample Deck,Other,M15,2014-07-18,0.0,"Negate, Island, Frost Lynx, Divination, Paragon of Gathering Mists"
Blue and Black Control,Deck Builder's Toolkit,Other,SOI,2016-04-08,0.0,"Negate, Sinister Concoction, Pale Rider of Trostad, Dead Weight, Blighted Cataract"
Blue and Black Noncreatures,Deck Builder's Toolkit,Other,AKH,2017-04-28,2.49,"Cartouche of Knowledge, Hieroglyphic Illumination, Cartouche of Ambition, Vedalken Blademaster, Stir the Sands"
Blue and Black Pirates,Deck Builder's Toolkit,Other,XLN,2017-09-29,8.29,"Siren Stormtamer, Ruthless Knave, Chart a Course, Pirate's Prize, Deadeye Plunderers"
Blue and Black Zombies,Deck Builder's Toolkit,Other,KLD,2016-09-30,1.01,"Graf Harvest, Cemetery Recruitment, Compelling Deterrence, Ingenious Skaab, Reckless Scholar"
Blue and Colorless Artifacts,Deck Builder's Toolkit,Other,AKH,2017-04-28,10.26,"Metallic Rebuke, Trophy Mage, Reverse Engineer, Watchers of the Dead, Filigree Familiar"
Blue and Green,Deck Builder's Toolkit,Other,KLD,2016-09-30,6.31,"Turn Aside, Pore Over the Pages, Watcher in the Web, Exultant Cultist, Geist of the Archives"
Blue and Green Creature control,Deck Builder's Toolkit,Other,SOI,2016-04-08,0.0,"Giant Mantis, Roiling Waters, Pack Guardian, Reckless Scholar, Sweep Away"
Blue and Green Merfolk,Deck Builder's Toolkit,Other,XLN,2017-09-29,2.85,"Deeproot Waters, River Sneak, River Heralds' Boon, Watertrap Weaver, Shapers of Nature"
Blue and Green Ramp,Deck Builder's Toolkit,Other,XLN,2017-09-29,6.41,"Ranging Raptors, Chart a Course, Merfolk Branchwalker, Pirate's Prize, Lay Claim"
Blue and Red Instants and Sorceries,Deck Builder's Toolkit,Other,SOI,2016-04-08,15.41,"Expedite, Slip Through Space, Pore Over the Pages, Reckless Bushwhacker, Anticipate"
Blue and White Flying,Deck Builder's Toolkit,Other,KLD,2016-09-30,8.06,"Displace, Unsubstantiate, Long Road Home, Aviary Mechanic, Nebelgast Herald"
Blue-Black,Starter Kit,Other,FIN,2025-06-13,0.0,"Ultimecia, Temporal Threat, Overkill, Swamp, Sephiroth, Planet's Heir, Swamp"
Blue-White Fliers,Deck Builder's Toolkit,Other,ROE,2010-05-21,0.0,"Safe Passage, Illusionary Servant, Sejiri Merfolk, Phantom Warrior, Serra Angel"
Blue-White Flyers,Deck Builder's Toolkit,Other,MBS,2011-03-11,31.0,"Oust, Aether Adept, Unsummon, Negate, Sleep"
Boggart Feast,Theme Deck,Other,LRW,2007-10-12,92.47,"Tarfire, Swamp, Boggart Shenanigans, Boggart Harbinger, Boggart Mob"
Boltslinger,MTGO Theme Deck,Other,TD0,2010-11-08,0.0,"Hellspark Elemental, Goblin Guide, Keldon Marauders, Rift Bolt, Lava Spike"
Bomber,Theme Deck,Other,7ED,2001-04-11,726.51,"Counterspell, Force Spike, Merfolk Looter, Ancestral Memories, Boomerang"
Boneyard 1,Jumpstart,Other,J22,2022-12-02,5.71,"Oversold Cemetery, Stitcher's Supplier, Gorging Vulture, Ossuary Rats, Swamp"
Boneyard 2,Jumpstart,Other,J22,2022-12-02,2.18,"Stitcher's Supplier, Shadowborn Demon, Liliana's Elite, Gorging Vulture, Ossuary Rats"
Bookworms (1),Jumpstart,Other,J25,2024-11-07,0.0,"Syr Elenora, the Discerning, Overflowing Insight, Cartouche of Knowledge, Blink of an Eye, Faerie Vandal"
Bookworms (2),Jumpstart,Other,J25,2024-11-07,3.15,"Teferi's Ageless Insight, Syr Elenora, the Discerning, Phantasmal Shieldback, Faerie Vandal, Memorial to Genius"
Bookworms (3),Jumpstart,Other,J25,2024-11-07,0.0,"Omen of the Sea, Syr Elenora, the Discerning, Cartouche of Knowledge, Sphinx of Enlightenment, Thopter Mechanic"
Bookworms (4),Jumpstart,Other,J25,2024-11-07,0.0,"Syr Elenora, the Discerning, Phantasmal Shieldback, Tolarian Kraken, Nadir Kraken, Faerie Vandal"
Boosted,Jumpstart,Other,MSH,2026-06-26,0.0,"Marvel Boy, Noh-Varr, Jack of Hearts, Volatile Hero, Molly Hayes, Runaway, Extremis Elite, Abomination, Terrifying Titan"
Booster Battle Pack: Boros,Welcome Deck,Other,GTC,2013-02-01,3.24,"Massive Raid, Boros Elite, Plains, Mountain, Mountain"
Booster Battle Pack: Dimir,Welcome Deck,Other,GTC,2013-02-01,1.37,"Gridlock, Shadow Alley Denizen, Dimir Guildgate, Island, Swamp"
Booster Battle Pack: Gruul,Welcome Deck,Other,GTC,2013-02-01,1.2,"Gruul Guildgate, Pit Fight, Forest, Forest, Mountain"
Booster Battle Pack: Orzhov,Welcome Deck,Other,GTC,2013-02-01,7.87,"Gift of Orzhova, Orzhov Guildgate, Syndic of Tithes, Plains, Contaminated Ground"
Booster Battle Pack: Simic,Welcome Deck,Other,GTC,2013-02-01,4.79,"Ivy Lane Denizen, Nimbus Swimmer, Bioshift, Forest, Forest"
Born of the Gods Foil Redemption,MTGO Redemption,Other,BNG,2014-03-09,360.95,"Mogis, God of Slaughter, Phenax, God of Deception, Xenagos, God of Revels, Brimaz, King of Oreskos, Karametra, God of Harvests"
Born of the Gods Redemption,MTGO Redemption,Other,BNG,2014-03-09,360.95,"Mogis, God of Slaughter, Phenax, God of Deception, Xenagos, God of Revels, Brimaz, King of Oreskos, Karametra, God of Harvests"
Boros,Guild Kit,Other,GK1,2018-11-02,35.04,"Aurelia, the Warleader, Legion Loyalist, Boros Charm, Legion Warboss, Swiftblade Vindicator"
Boros Assault,Arena Starter Deck,Other,DOM,2018-03-22,47.16,"Combat Celebrant, Oketra's Monument, Cartouche of Solidarity, Harsh Mentor, Angel of Condemnation"
Boros Battalion,Intro Pack,Other,GTC,2013-02-01,3.29,"Firemane Avenger, Boros Elite, Plains, Mountain, Boros Keyrune"
Boros Legion,Arena Starter Deck,Other,M20,2019-05-03,16.38,"Sacred Foundry, Aurelia, Exemplar of Justice, Legion Warboss, Mountain, Healer's Hawk"
Boros Legion 1,Jumpstart,Other,CLU,2024-02-23,4.38,"Finale of Glory, Aegis of the Legion, Boros Signet, Novice Inspector, Boros Garrison"
Boros Legion 2,Jumpstart,Other,CLU,2024-02-23,0.0,"Boros Strike-Captain, Firemane Avenger, Boros Garrison, Ordruun Mentor, Krenko's Command"
Bound by Strength,Intro Pack,Other,AVR,2012-05-04,59.1,"Tandem Lookout, Forest, Deadeye Navigator, Wingcrafter, Forest"
Boundless Elves,Game Night Deck,Other,GN3,2022-10-14,43.12,"Imaryll, Elfhame Elite, Elven Ambush, Beast Whisperer, Immaculate Magistrate, Llanowar Tribe"
Bounty Hunter (1),Jumpstart,Other,TLE,2025-11-20,3.37,"Bastion of Remembrance, Nyla, Shirshu Sleuth, Swamp, Thriving Moor, Zuko's Conviction"
Bounty Hunter (2),Jumpstart,Other,TLE,2025-11-20,3.37,"Bastion of Remembrance, Obsessive Pursuit, Nyla, Shirshu Sleuth, Swamp, Thriving Moor"
Brain Dead: Creatures,Secret Lair Drop,Other,SLD,2024-07-30,60.84,"Consecrated Sphinx, Kiki-Jiki, Mirror Breaker, Wurmcoil Engine, Chaotic Goo, Meteor Golem"
Brain Dead: Creatures Foil Edition,Secret Lair Drop,Other,SLD,2024-07-30,60.84,"Consecrated Sphinx, Kiki-Jiki, Mirror Breaker, Wurmcoil Engine, Chaotic Goo, Meteor Golem"
Brain Dead: Lands,Secret Lair Drop,Other,SLD,2024-07-30,115.51,"Mountain, Mountain, Swamp, Forest, Swamp"
Brain Dead: Lands Foil Edition,Secret Lair Drop,Other,SLD,2024-07-30,115.51,"Mountain, Mountain, Swamp, Forest, Swamp"
Brain Dead: New Earth Mentality,Secret Lair Drop,Other,SLD,2026-02-24,47.43,"Jace's Archivist, Stinkweed Imp, Mirror Entity, Sakura-Tribe Elder, Mogg Assassin"
Brain Dead: New Earth Mentality Foil Edition,Secret Lair Drop,Other,SLD,2026-02-24,47.43,"Jace's Archivist, Stinkweed Imp, Mirror Entity, Sakura-Tribe Elder, Mogg Assassin"
Brain Dead: Staples,Secret Lair Drop,Other,SLD,2024-07-30,49.06,"Sol Ring, Thought Vessel, Skullclamp, Command Tower, Lightning Greaves"
Brain Dead: Staples Foil Edition,Secret Lair Drop,Other,SLD,2024-07-30,49.06,"Sol Ring, Thought Vessel, Skullclamp, Command Tower, Lightning Greaves"
Brave the Battle,Intro Pack,Other,ORI,2015-07-17,0.0,"Valeron Wardens, Plains, Sentinel of the Eternal Watch, Plains, Topan Freeblade"
Brazen Coalition,Theme Deck,Other,E02,2017-11-24,15.15,"Blatant Thievery, Angrath's Marauders, Shared Animosity, Island, Adaptive Automaton"
Breakdown,Theme Deck,Other,NEM,2000-02-14,521.94,"Hickory Woodlot, Accumulated Knowledge, Saprazzan Skerry, Ensnare, Vine Trellis"
Breakdown - Enhanced Deck,Enhanced Deck,Other,NEM,2000-02-14,799.08,"Palinchron, Hickory Woodlot, Saprazzan Skerry, Ensnare, Vine Trellis"
Breath of Fire,Intro Pack,Other,M11,2010-07-16,57.39,"Preordain, Lightning Bolt, Call to Mind, Augury Owl, Fire Servant"
Brian Hacker - White Weenie,World Championship Deck,Other,WC98,1998-08-12,21.81,"Tithe, Soul Warden, Cataclysm, Aura of Silence, Soltari Visionary"
Brian Kibler - Red Zone 2K2,World Championship Deck,Other,WC02,2002-08-14,133.33,"Call of the Herd, City of Brass, Birds of Paradise, Mountain, Plains"
Brian Selden - Cali Nightmare,World Championship Deck,Other,WC98,1998-08-12,190.33,"Survival of the Fittest, Volrath's Stronghold, City of Brass, Scroll Rack, Recurring Nightmare"
Bring About The Undead Apocalypse,Archenemy Deck,Other,ARC,2010-06-18,26.24,"Reanimate, Bog Witch, Avatar of Woe, Swamp, Rakdos Signet"
Brood 1,Jumpstart,Other,MOM,2023-04-20,1.43,"Essence of Orthodoxy, Plains, Plains, Plains, Seedpod Caretaker"
Brood 2,Jumpstart,Other,MOM,2023-04-20,1.43,"Essence of Orthodoxy, Plains, Plains, Plains, Seedpod Caretaker"
Brotherhood Agents,Starter Kit,Other,ACR,2024-07-05,22.75,"Ezio, Blade of Vengeance, Rooftop Bypass, Achilles Davenport, Assassin Initiate, Restart Sequence"
Brute Force,Intro Pack,Other,WWK,2010-02-05,28.16,"Lightning Bolt, Canopy Cover, Terastodon, Greenweaver Druid, Overrun"
Buff 1,Jumpstart,Other,MOM,2023-04-20,33.36,"Surrak and Goreclaw, Kami of Whispered Hopes, Ruins Recluse, Forest, Timberland Ancient"
Buff 2,Jumpstart,Other,MOM,2023-04-20,33.36,"Surrak and Goreclaw, Kami of Whispered Hopes, Ruins Recluse, Forest, Timberland Ancient"
Buggin' Out,Secret Lair Drop,Other,SLD,2023-09-15,89.48,"Noxious Revival, Grist, the Hunger Tide, Eldritch Evolution, Giant Adephage, Mazirek, Kraul Death Priest"
Buggin' Out Foil Edition,Secret Lair Drop,Other,SLD,2023-09-15,89.48,"Noxious Revival, Grist, the Hunger Tide, Eldritch Evolution, Giant Adephage, Mazirek, Kraul Death Priest"
Bumi,Jumpstart,Other,TLE,2025-11-20,6.85,"Bumi's Feast Lecture, Crystalline Armor, Origin of Metalbending, Aang, A Lot to Learn, Creeping Crystal Coating"
Burial,Theme Deck,Other,APC,2001-06-04,349.55,"Phyrexian Arena, Chromatic Sphere, Death Grasp, Elfhame Palace, Forest"
Burning,Jumpstart,Other,J25,2024-11-07,5.26,"Rionya, Fire Dancer, Play with Fire, Firespitter Whelp, Thriving Bluff, Goblin Fireslinger"
Burning Revelations,Secret Lair Drop,Other,SLD,2024-01-26,190.36,"Akroma's Memorial, Reckless Fireweaver, Consider, Price of Glory, Inspiring Overseer"
Burning Sky,MTGO Theme Deck,Other,MIR,2006-12-05,24.56,"Mystical Tutor, Mist Dragon, Mountain, Island, Subterranean Spirit"
Cabbages,Jumpstart,Other,TLE,2025-11-20,35.91,"The Cabbage Merchant, Bosco, Just a Bear, Bumi's Feast Lecture, Elephant-Mandrill, Many Partings"
Call of Blood,Intro Pack,Other,BFZ,2015-10-02,16.01,"Zulaport Cutthroat, Felidar Sovereign, Mortuary Mire, Drana's Emissary, Defiant Bloodlord"
Call of the Kor,Theme Deck,Other,STH,1998-03-02,13.49,"Shaman en-Kor, Flickering Ward, Soltari Champion, Lab Rats, Nomads en-Kor"
Call of the Kor - Advanced Deck,Advanced Deck,Other,STH,1998-03-02,59.78,"Tithe, Armageddon, Shaman en-Kor, Soltari Champion, Soltari Priest"
Calling All Hydra Heads,Secret Lair Drop,Other,SLD,2023-12-08,80.31,"Zaxara, the Exemplary, Unbound Flourishing, Primordial Hydra, Gargos, Vicious Watcher, Hydroid Krasis"
Camp Comrades,Box Set,Other,FIN,2025-06-13,82.37,"Flash Photography, Campsite Cuisine, Fishing Gear, Chocobo Camp, Noctis, Heir Apparent"
Can You Feel With A Heart of Steel?,Secret Lair Drop,Other,SLD,2020-06-02,51.5,"Walking Ballista, Arcbound Ravager, Darksteel Colossus"
Caretakers,Jumpstart,Other,MSH,2026-06-26,4.64,"Doctor Strange, Surgeon, Take Up the Shield, Donald Blake, Guise of Thor, Doctor Jane Foster, Infinity Formula"
Carlos Romão - Psychatog,World Championship Deck,Other,WC02,2002-08-14,51.01,"Psychatog, Swamp, Island, Cephalid Coliseum, Island"
Carnival of Blood,Intro Pack,Other,ISD,2011-09-30,40.31,"Rakish Heir, Diabolic Tutor, Mask of Avacyn, Blood Seeker, Falkenrath Noble"
Cats,Theme Deck,Other,PSAL,2005-08-01,0.0,"Plains, Plains, Plains, Plains, Plains"
Cats (1),Jumpstart,Other,JMP,2020-07-17,1.74,"Feline Sovereign, Sabertooth Mauler, Canopy Stalker, Pridemalkin, Forest"
Cats (2),Jumpstart,Other,JMP,2020-07-17,22.44,"Lurking Predators, Feline Sovereign, Canopy Stalker, Pridemalkin, Forest"
Cats 1,Jumpstart,Other,J22,2022-12-02,1.35,"Regal Caracal, King of the Pride, Felidar Cub, Make a Stand, Thriving Heath"
Cats 2,Jumpstart,Other,J22,2022-12-02,2.45,"Felidar Retreat, Trove Warden, King of the Pride, Make a Stand, Thriving Heath"
Cats 3,Jumpstart,Other,J22,2022-12-02,10.05,"Ajani, Strength of the Pride, King of the Pride, Make a Stand, Thriving Heath, Ajani's Pridemate"
Cats 4,Jumpstart,Other,J22,2022-12-02,11.37,"Leonin Warleader, King of the Pride, Make a Stand, Thriving Heath, Pouncing Lynx"
Cats Are Better Than Dogs,Secret Lair Drop,Other,SLD,2025-03-18,109.64,"Arcane Signet, Basilisk Collar, Titanic Ultimatum, Escape to the Wilds, Rip Apart"
Cats Are Better Than Dogs Foil Edition,Secret Lair Drop,Other,SLD,2025-03-18,109.64,"Arcane Signet, Basilisk Collar, Titanic Ultimatum, Escape to the Wilds, Rip Apart"
Cats of Chaos,Secret Lair Drop,Other,SLD,2026-06-16,58.89,"Aura Shards, Aggravated Assault, Chaos Warp, Utopia Sprawl, Fell the Mighty"
Cats of Chaos Foil Edition,Secret Lair Drop,Other,SLD,2026-06-16,58.89,"Aura Shards, Aggravated Assault, Chaos Warp, Utopia Sprawl, Fell the Mighty"
Cavalcade Charge,Challenger Deck,Other,Q04,2020-04-03,30.34,"Embercleave, Torbran, Thane of Red Fell, Runaway Steam-Kin, Chandra, Acolyte of Flame, Cavalcade of Calamity"
Celestial Assault,Theme Deck,Other,ONS,2002-10-07,99.18,"Oblation, Seaside Haven, Island, Airborne Aid, Island"
Centaur Shaman,Shandalar Enemy Deck,Other,PAST,1997-04-01,75.69,"Birds of Paradise, Carrion Ants, Whirling Dervish, Dark Ritual, Cockatrice"
Centaur Warchief,Shandalar Enemy Deck,Other,PAST,1997-04-01,417.45,"Mountain, Land Tax, Colossus of Sardia, Ali Baba, Kismet"
Champions of Kamigawa Foil Redemption,MTGO Redemption,Other,CHK,2004-10-31,3713.17,"Minamo, School at Water's Edge, Shizo, Death's Storehouse, Dosan the Falling Leaf, Gifts Ungiven, Kiki-Jiki, Mirror Breaker"
Champions of Kamigawa Redemption,MTGO Redemption,Other,CHK,2004-10-31,3713.17,"Minamo, School at Water's Edge, Shizo, Death's Storehouse, Dosan the Falling Leaf, Gifts Ungiven, Kiki-Jiki, Mirror Breaker"
Chandra,Jumpstart,Other,JMP,2020-07-17,4.22,"Chandra's Incinerator, Mountain, Chandra, Heart of Fire, Young Pyromancer, Thrill of Possibility"
Chandra Japanese,Duel Deck,Other,DD2,2008-11-07,0.0,"Fireblast, Seal of Fire, Incinerate, Keldon Megaliths, Mountain"
"Chandra, Bold Pyromancer",Planeswalker Deck,Other,DOM,2018-04-27,20.58,"Marwyn, the Nurturer, Llanowar Elves, Chandra, Bold Pyromancer, Grunn, the Lonely King, Gilded Lotus"
"Chandra, Flame's Catalyst",Planeswalker Deck,Other,M21,2020-07-03,10.14,"Chandra, Flame's Catalyst, Chandra's Incinerator, Unleash Fury, Mountain, Double Vision"
"Chandra, Flame's Fury",Planeswalker Deck,Other,M20,2019-07-29,3.89,"Chandra, Flame's Fury, Drakuseth, Maw of Flames, Mountain, Chandra's Outrage, Chandra's Flame Wave"
"Chandra, Pyrogenius",Planeswalker Deck,Other,KLD,2016-09-30,1.0,"Fateful Showdown, Aerial Responder, Chandra, Pyrogenius, Fleetwheel Cruiser, Cathartic Reunion"
Chaos,Jumpstart,Other,J25,2024-11-07,4.56,"Violent Outburst, Chromatic Lantern, Averna, the Chaos Bloom, Druid of the Anima, Maelstrom Colossus"
Chaos Reigns,Planechase Deck,Other,PC2,2012-06-01,8.94,"Maelstrom Wanderer, Beast Within, Whirlpool Warrior, Exotic Orchard, Cultivate"
Chaos and Mayhem,Arena Starter Deck,Other,M19,2018-09-27,23.16,"Goblin Trashmaster, Goblin Instigator, Dragonskull Summit, Rekindling Phoenix, Open the Graves"
Charge of the Boros,Theme Deck,Other,RAV,2005-10-07,82.23,"Sunforger, Sunhome, Fortress of the Legion, Lightning Helix, Boros Garrison, Boros Recruit"
Charging Ahead,Arena Starter Deck,Other,LTR,2023-06-20,26.01,"Surrak and Goreclaw, Samut, Vizier of Naktamun, Copperline Gorge, Rampaging Raptor, Wooded Ridgeline"
Chargoyf,Theme Deck,Other,BRB,1999-11-12,26.63,"Spike Weaver, Lhurgoyf, Seeker of Skybreak, Forest, Forest"
Children of Fate,Box Set,Other,FIN,2025-06-13,40.26,"Edea, Possessed Sorceress, Rinoa, Angel Wing, Fated Clash, Duelist's Flame, Squall, Gunblade Duelist"
Cho-Manno's Resolve,Theme Deck,Other,10E,2007-07-13,38.17,"Pariah, Cho-Manno, Revolutionary, Angel of Mercy, Serra's Embrace, Icy Manipulator"
Chucky,Secret Lair Drop,Other,SLD,2024-10-01,56.29,"Kardur, Doomscourge // Kardur, Doomscourge, Twinflame, Varragoth, Bloodsky Sire, Phyrexian Reclamation, Genesis Chamber"
Chucky Foil Edition,Secret Lair Drop,Other,SLD,2024-10-01,56.29,"Kardur, Doomscourge // Kardur, Doomscourge, Twinflame, Varragoth, Bloodsky Sire, Phyrexian Reclamation, Genesis Chamber"
Cinder Heart,Theme Deck,Other,BRB,1999-11-12,46.34,"Reanimate, Sadistic Glee, Living Death, Sewer Rats, Exhume"
City Styles,Secret Lair Drop,Other,SLD,2023-04-14,324.16,"Teysa Karlov, Azusa, Lost but Seeking, Sakashima the Impostor, Paradise Mantle, Massacre Girl"
City Styles 2: Dressed to Kill,Secret Lair Drop,Other,SLD,2025-02-11,112.8,"Veyran, Voice of Duality, Ninja of the Deep Hours, Karmic Guide, Captain Sisay, Selvala, Explorer Returned"
City Styles 2: Dressed to Kill Foil Edition,Secret Lair Drop,Other,SLD,2025-02-11,112.8,"Veyran, Voice of Duality, Ninja of the Deep Hours, Karmic Guide, Captain Sisay, Selvala, Explorer Returned"
City Styles Foil Edition,Secret Lair Drop,Other,SLD,2023-04-14,324.16,"Teysa Karlov, Azusa, Lost but Seeking, Sakashima the Impostor, Paradise Mantle, Massacre Girl"
Claws of Vengeance,Theme Deck,Other,PS11,2011-01-01,0.0,"Forest, Forest, Forest, Forest, Plains"
Cleric,Shandalar Enemy Deck,Other,PAST,1997-04-01,27.86,"Meekstone, Savannah Lions, Swords to Plowshares, Tawnos's Weaponry, Amrou Kithkin"
Clerics (1),Jumpstart,Other,J25,2024-11-07,0.0,"Skemfar Shadowsage, Archfiend's Vessel, Nullpriest of Oblivion, Bonecaller Cleric, Taborax, Hope's Demise"
Clerics (2),Jumpstart,Other,J25,2024-11-07,0.0,"Priest of Gix, Archfiend's Vessel, Bonecaller Cleric, Taborax, Hope's Demise, Elderfang Disciple"
Clerics (3),Jumpstart,Other,J25,2024-11-07,8.17,"Vito, Thorn of the Dusk Rose, Skemfar Shadowsage, Bonecaller Cleric, Moment of Craving, Elderfang Disciple"
Clerics (4),Jumpstart,Other,J25,2024-11-07,9.68,"Vito, Thorn of the Dusk Rose, Priest of Forgotten Gods, Skemfar Shadowsage, Priest of Gix, Alchemist's Gift"
Clue Edition Core Contents,Box Set,Other,CLU,2024-02-23,13.43,"Headliner Scarlett, Apothecary White, Mastermind Plum, Emissary Green, Commander Mustard"
Coalition Corps,Jumpstart,Other,DMU,2022-09-09,6.34,"Plains, Serra Redeemer, Love Song of Night and Day, Resolute Reinforcements, Plains"
Coalition Legion,Jumpstart,Other,DMU,2022-09-09,6.34,"Plains, Serra Redeemer, Love Song of Night and Day, Knight of Dawn's Light, Plains"
Code of the Orzhov,Theme Deck,Other,GPT,2006-02-03,65.11,"Teysa, Orzhov Scion, Martyred Rusalka, Hissing Miasma, Orzhov Basilica, Thoughtpicker Witch"
Cold-Blooded Killers,Arena Starter Deck,Other,ANB,2020-08-13,0.0,"Sanitarium Skeleton, Typhoid Rats, Malakir Cullblade, Vampire Opportunist, Mardu Outrider"
Coldsnap Fat Pack Land Pack,Bundle Land Pack,Other,CSP,2006-07-21,36.82,"Snow-Covered Island, Snow-Covered Mountain, Snow-Covered Forest, Snow-Covered Plains, Snow-Covered Swamp"
Coldsnap Foil Redemption,MTGO Redemption,Other,CSP,2006-08-20,1790.61,"Rite of Flame, Dark Depths, Commandeer, Counterbalance, Thrumming Stone"
Coldsnap Redemption,MTGO Redemption,Other,CSP,2006-08-20,1790.61,"Rite of Flame, Dark Depths, Commandeer, Counterbalance, Thrumming Stone"
Collectors' Edition,Box Set,Other,CED,1993-12-10,15923.23,"Black Lotus, Mox Jet, Mox Sapphire, Timetwister, Mox Emerald"
Comeback,Theme Deck,Other,PLS,2001-02-05,277.84,"Cavern Harpy, Ravenous Rats, Nightscape Familiar, Coastal Tower, Dromar's Cavern"
Commander Collection Black,Box Set,Other,CC2,2022-01-28,93.43,"Sol Ring, Reanimate, Toxic Deluge, Ophiomancer, Command Tower"
Commander Collection Black Premium,Box Set,Other,CC2,2022-01-28,93.43,"Sol Ring, Reanimate, Toxic Deluge, Ophiomancer, Command Tower"
Commander Collection: Green,Box Set,Other,CC1,2020-12-04,146.3,"Seedborn Muse, Worldly Tutor, Sylvan Library, Sol Ring, Command Tower"
Commander Collection: Green - Premium,Box Set,Other,CC1,2020-12-04,146.3,"Seedborn Muse, Worldly Tutor, Sylvan Library, Sol Ring, Command Tower"
Commander Legends: Battle for Baldur's Gate Bundle Land Pack,Bundle Land Pack,Other,CLB,2022-06-10,0.0,"Plains, Plains, Swamp, Mountain, Forest"
Commander's Arsenal,Box Set,Other,CM1,2012-10-23,286.98,"Rhystic Study, Scroll Rack, Sylvan Library, Command Tower, Diaochan, Artful Beauty"
Commander's Arsenal Oversized,Box Set,Other,OCM1,2012-10-23,220.52,"Sliver Queen, Azusa, Lost but Seeking, Karn, Silver Golem, Karrthus, Tyrant of Jund, Grimgrin, Corpse-Born"
Commander's Bundle,Box Set,Other,TLA,2025-11-14,341.74,"Deflecting Swat, Fierce Guardianship, Enlightened Tutor, Deadly Rollick, Worldly Tutor"
Company of Knights,Arena Starter Deck,Other,M21,2021-07-03,12.16,"Embercleave, Grasping Giant, Basri's Lieutenant, Plains, Worthy Knight"
Concerted Effort,Intro Pack,Other,OGW,2016-01-22,0.0,"Relief Captain, Veteran Warleader, Evolving Wilds, Joraga Auxiliary, Expedition Envoy"
Conflux Foil Redemption,MTGO Redemption,Other,CON,2009-03-08,531.77,"Maelstrom Archangel, Master Transmuter, Exotic Orchard, Kederekt Parasite, Progenitus"
Conflux Redemption,MTGO Redemption,Other,CON,2009-03-08,531.77,"Maelstrom Archangel, Master Transmuter, Exotic Orchard, Kederekt Parasite, Progenitus"
Conjurer,Shandalar Enemy Deck,Other,PAST,1997-04-01,115.19,"Aladdin's Ring, Fellwar Stone, Apprentice Wizard, Counterspell, Giant Tortoise"
Conniving,Jumpstart,Other,MSH,2026-06-26,3.17,"Mysterio's Mirage, Leader, Super-Genius, Tiger Shark, Abyssal Hunter, Kid Loki, Flying Octobot"
Conquering Hordes,Event Deck,Other,KTK,2014-09-26,43.37,"Dictate of Erebos, Spear of Heliod, Dictate of Heliod, Bloodsoaked Champion, Spirit Bonds"
Constellation 1,Jumpstart,Other,J22,2022-12-02,2.71,"Sage's Reverie, Archon of Sun's Grace, Chains of Custody, Spirited Companion, Thriving Heath"
Constellation 2,Jumpstart,Other,J22,2022-12-02,1.66,"Sage's Reverie, Sigil of the Empty Throne, Alseid of Life's Bounty, Chains of Custody, Spirited Companion"
Control Center,Arena Starter Deck,Other,AFR,2021-09-24,16.97,"Clearwater Pathway // Murkwater Pathway, Mind Flayer, Ice Tunnel, Baleful Mastery, Iymrith, Desert Doom"
Cool Ocean Breeze,Secret Lair Drop,Other,SLD,2023-04-28,275.43,"Thassa's Oracle, Thassa, Deep-Dwelling, Master of Waves, Llawan, Cephalid Empress"
Cool Ocean Breeze Foil Edition,Secret Lair Drop,Other,SLD,2023-04-28,275.43,"Thassa's Oracle, Thassa, Deep-Dwelling, Master of Waves, Llawan, Cephalid Empress"
Copied (1),Jumpstart,Other,J25,2024-11-07,0.0,"Crimson Wisps, Zada, Hedron Grinder, Kiln Fiend, Invigorated Rampage, Thriving Bluff"
Copied (2),Jumpstart,Other,J25,2024-11-07,0.0,"Zada, Hedron Grinder, Kiln Fiend, Firespitter Whelp, Thriving Bluff, Charmbreaker Devils"
Core Set 2019 Bundle Land Pack,Bundle Land Pack,Other,M19,2018-07-13,0.0,"Island, Forest, Forest, Forest, Mountain"
Core Set 2019 Foil Redemption,MTGO Redemption,Other,M19,2018-08-12,461.89,"Scapeshift, Nicol Bolas, the Ravager // Nicol Bolas, the Arisen, Crucible of Worlds, Arcades, the Strategist, Resplendent Angel"
Core Set 2019 Redemption,MTGO Redemption,Other,M19,2018-08-12,461.89,"Scapeshift, Nicol Bolas, the Ravager // Nicol Bolas, the Arisen, Crucible of Worlds, Arcades, the Strategist, Resplendent Angel"
Core Set 2020 Bundle Land Pack,Bundle Land Pack,Other,M20,2019-07-12,4.58,"Swamp, Swamp, Mountain, Mountain, Forest"
Core Set 2020 Foil Redemption,MTGO Redemption,Other,M20,2019-08-11,480.5,"Field of the Dead, Veil of Summer, Kaalia, Zenith Seeker, Chandra, Awakened Inferno, Cavalier of Night"
Core Set 2020 Redemption,MTGO Redemption,Other,M20,2019-08-11,480.5,"Field of the Dead, Veil of Summer, Kaalia, Zenith Seeker, Chandra, Awakened Inferno, Cavalier of Night"
Core Set 2021 Bundle Land Pack,Bundle Land Pack,Other,M21,2020-07-03,0.0,"Swamp, Swamp, Plains, Plains, Plains"
Core Set 2021 Foil Redemption,MTGO Redemption,Other,M21,2020-08-02,307.47,"Chromatic Orrery, Terror of the Peaks, Grim Tutor, Fiery Emancipation, Heroic Intervention"
Core Set 2021 Redemption,MTGO Redemption,Other,M21,2020-08-02,307.47,"Chromatic Orrery, Terror of the Peaks, Grim Tutor, Fiery Emancipation, Heroic Intervention"
Core Set 2021 Welcome Booster,Welcome Booster,Other,M21,2020-07-03,20.07,"Niv-Mizzet, Parun, Demon of Loathing, Underworld Dreams, Garruk, Primal Hunter, Archetype of Imagination"
Corruption 1,Jumpstart,Other,ONE,2023-02-10,1.29,"Drown in Ichor, Kinzu of the Bleak Coven, Anoint with Affliction, Annihilating Glare, Feed the Infection"
Corruption 2,Jumpstart,Other,ONE,2023-02-10,0.0,"Kinzu of the Bleak Coven, Infectious Inquiry, Vraska's Fall, Bilious Skulldweller, Necrogen Communion"
Counter Surge,Challenger Deck,Other,Q01,2018-04-06,43.65,"Walking Ballista, Verdurous Gearhulk, Fatal Push, Swamp, Blossoming Defense"
Counterargument,Jumpstart,Other,MSH,2026-06-26,8.92,"Matt Murdock, Justice Seeker, She-Hulk, Attorney-at-Law, Foggy Nelson, On Retainer, Costume Closet, Vault Guardsman"
Counterburn,Deck Builder's Toolkit,Other,M14,2013-07-19,4.34,"Guttersnipe, Goblin Electromancer, Syncopate, Izzet Charm, Nivix Cyclops"
Courageous 1,Jumpstart,Other,LTR,2023-06-23,2.29,"Saradoc, Master of Buckland, Rosie Cotton of South Lane, Bill the Pony, Samwise the Stouthearted, Plains"
Courageous 2,Jumpstart,Other,LTR,2023-06-23,4.19,"Saradoc, Master of Buckland, Reprieve, Rosie Cotton of South Lane, Bill the Pony, Samwise the Stouthearted"
Crack the Case,Arena Starter Deck,Other,OTJ,2024-07-08,19.03,"Meticulous Archive, Forensic Gadgeteer, Proft's Eidetic Memory, Alquist Proft, Master Sleuth, Novice Inspector"
Crag Hydra,Shandalar Enemy Deck,Other,PAST,1997-04-01,273.61,"Mountain, Shivan Dragon, Inferno, Detonate, Mana Flare"
Creep and Conquer,Event Deck,Other,RTR,2012-10-26,39.32,"Ulvenwald Tracker, Disciple of Bolas, Woodland Cemetery, Golgari Charm, Victim of Night"
Creepshow,Secret Lair Drop,Other,SLD,2023-11-30,66.08,"Death Baron // Death Baron, Grimgrin, Corpse-Born // Grimgrin, Corpse-Born, Noxious Ghoul // Noxious Ghoul, Unholy Grotto // Unholy Grotto, Zombie Master // Zombie Master"
Creepshow Foil Edition,Secret Lair Drop,Other,SLD,2023-11-30,66.08,"Death Baron // Death Baron, Grimgrin, Corpse-Born // Grimgrin, Corpse-Born, Noxious Ghoul // Noxious Ghoul, Unholy Grotto // Unholy Grotto, Zombie Master // Zombie Master"
Cries of Rage,Theme Deck,Other,PS11,2011-01-01,0.0,"Mountain, Mountain, Mountain, Mountain, Forest"
Critical Mass,Theme Deck,Other,SOK,2005-06-03,191.03,"Honden of Infinite Rage, Shuko, Thoughts of Ruin, Honden of Night's Reach, Okiba-Gang Shinobi"
Critter Corps,Arena Promotional Deck,Other,M21,2021-07-03,147.87,"The Ozolith, The Great Henge, Fabled Passage, Ram Through, Selfless Savior"
Crocodile Jackson's Monstrous Menagerie,Secret Lair Drop,Other,SLD,2022-05-06,75.68,"Managorger Hydra, Pathbreaker Ibex, Temur Sabertooth, Ravenous Chupacabra, Winding Constrictor"
Crocodile Jackson's Monstrous Menagerie Foil Etched Edition,Secret Lair Drop,Other,SLD,2022-05-06,75.68,"Managorger Hydra, Pathbreaker Ibex, Temur Sabertooth, Ravenous Chupacabra, Winding Constrictor"
Cruel 1,Jumpstart,Other,J22,2022-12-02,7.52,"Creeping Bloodsucker, Termination Facilitator, Syr Konrad, the Grim, Ob Nixilis, the Hate-Twisted, Tormented Soul"
Cruel 2,Jumpstart,Other,J22,2022-12-02,7.52,"Creeping Bloodsucker, Termination Facilitator, Plague Spitter, Feast on the Fallen, Ossuary Rats"
Cruel 3,Jumpstart,Other,J22,2022-12-02,4.59,"Creeping Bloodsucker, Dread Slaver, Festering Evil, Feast on the Fallen, Ossuary Rats"
Cruel 4,Jumpstart,Other,J22,2022-12-02,11.05,"Dread Presence, Creeping Bloodsucker, Tormented Soul, Feast on the Fallen, Ossuary Rats"
Cruel Plots,Intro Pack,Other,DTK,2015-03-27,5.75,"Silumgar's Scorn, Sidisi's Faithful, Coat with Venom, Necromaster Dragon, Gravepurge"
Crusader,Shandalar Enemy Deck,Other,PAST,1997-04-01,100.11,"Dancing Scimitar, Eye for an Eye, Swords to Plowshares, White Knight, Battering Ram"
Crusher,Theme Deck,Other,ULG,1999-02-15,514.19,"Defense of the Heart, Mother of Runes, Treetop Village, Rancor, Weatherseed Treefolk"
Crusher - Enhanced Deck,Enhanced Deck,Other,ULG,1999-02-15,1872.15,"Gaea's Cradle, Might of Oaks, Eladamri, Lord of Leaves, Weatherseed Treefolk, City of Brass"
Cult of Rakdos,Arena Starter Deck,Other,M20,2019-05-03,35.1,"Blood Crypt, Bedevil, Spawn of Mayhem, Spear Spewer, Mayhem Devil"
Cult of Rakdos 1,Jumpstart,Other,CLU,2024-02-23,3.09,"Frenzied Gorespawn, Rakdos Signet, Spawn of Mayhem, Deadly Dispute, Incriminating Impetus"
Cult of Rakdos 2,Jumpstart,Other,CLU,2024-02-23,5.95,"Rakdos, the Showstopper, Carnage Interpreter, Incriminating Impetus, Rakdos Carnarium, Dagger Caster"
Culture Shocks: Bant,Secret Lair Drop,Other,SLD,2021-08-25,31.48,"Breeding Pool, Hallowed Fountain, Temple Garden"
Culture Shocks: Esper,Secret Lair Drop,Other,SLD,2021-08-25,36.13,"Watery Grave, Godless Shrine, Hallowed Fountain"
Culture Shocks: Grixis,Secret Lair Drop,Other,SLD,2021-08-25,47.67,"Steam Vents, Watery Grave, Blood Crypt"
Culture Shocks: Jund,Secret Lair Drop,Other,SLD,2021-08-25,40.93,"Overgrown Tomb, Blood Crypt, Stomping Ground"
Culture Shocks: Naya,Secret Lair Drop,Other,SLD,2021-08-25,33.44,"Sacred Foundry, Stomping Ground, Temple Garden"
Cunning,Duel Deck,Other,DDN,2014-09-05,0.0,"Arcanis the Omnipotent, Mana Leak, Lightning Angel, Hold the Line, Lightning Helix"
Cunning 1,Jumpstart,Other,LTR,2023-11-03,0.0,"Minas Tirith Garrison, Ioreth of the Healing House, The Bath Song, Arwen's Gift, Island"
Cunning 2,Jumpstart,Other,LTR,2023-11-03,5.01,"Lórien Revealed, Minas Tirith Garrison, Mirror of Galadriel, Elrond, Lord of Rivendell, Island"
Cunning Plan,Intro Pack,Other,FRF,2015-01-23,11.75,"Monastery Swiftspear, Refocus, Void Snare, Island, Mistfire Adept"
Cursed,Duel Deck,Other,DDQ,2016-02-26,2.1,"Gravecrawler, Harvester of Souls, Dread Return, Unbreathing Horde, Victim of Night"
Custom Creatures,Theme Deck,Other,9ED,2005-07-29,88.93,"Naturalize, Verduran Enchantress, Overgrowth, Llanowar Elves, Forest"
Cycling 1,Jumpstart,Other,J22,2022-12-02,0.0,"Yidaro, Wandering Monster, Drannith Stinger, Deem Worthy, Forgotten Cave, Flameblade Adept"
Cycling 2,Jumpstart,Other,J22,2022-12-02,0.0,"Mad Ratter, Irencrag Pyromancer, Drannith Stinger, Starstorm, Deem Worthy"
DOOM,Jumpstart,Other,MSH,2026-06-26,120.52,"Doctor Doom, Unrivaled, Dark Ritual, Doomsday, Doombot Harbinger, Doom Blade"
Dan Frazier Is Back Again: The Allied Talismans,Secret Lair Drop,Other,SLD,2022-10-25,216.73,"Talisman of Dominance, Talisman of Indulgence, Talisman of Progress, Talisman of Impulse, Talisman of Unity"
Dan Frazier Is Back Again: The Allied Talismans Foil Etched Edition,Secret Lair Drop,Other,SLD,2022-10-25,216.73,"Talisman of Dominance, Talisman of Indulgence, Talisman of Progress, Talisman of Impulse, Talisman of Unity"
Dan Frazier Is Back Again: The Enemy Talismans,Secret Lair Drop,Other,SLD,2022-10-25,124.25,"Talisman of Creativity, Talisman of Hierarchy, Talisman of Curiosity, Talisman of Conviction, Talisman of Resilience"
Dan Frazier Is Back Again: The Enemy Talismans Foil Etched Edition,Secret Lair Drop,Other,SLD,2022-10-25,124.25,"Talisman of Creativity, Talisman of Hierarchy, Talisman of Curiosity, Talisman of Conviction, Talisman of Resilience"
Dan Frazier is Back: The Allied Signets,Secret Lair Drop,Other,SLD,2021-10-29,101.33,"Rakdos Signet, Dimir Signet, Azorius Signet, Gruul Signet, Selesnya Signet"
Dan Frazier is Back: The Allied Signets Foil Edition,Secret Lair Drop,Other,SLD,2021-10-29,101.33,"Rakdos Signet, Dimir Signet, Azorius Signet, Gruul Signet, Selesnya Signet"
Dan Frazier is Back: The Enemy Signets,Secret Lair Drop,Other,SLD,2021-10-29,98.17,"Izzet Signet, Orzhov Signet, Boros Signet, Simic Signet, Golgari Signet"
Dan Frazier is Back: The Enemy Signets Foil Edition,Secret Lair Drop,Other,SLD,2021-10-29,98.17,"Izzet Signet, Orzhov Signet, Boros Signet, Simic Signet, Golgari Signet"
Dan Frazier's Mox Box,Secret Lair Drop,Other,SLD,2023-09-14,512.75,"Mox Opal, Sol Ring, Mox Tantalite"
Dandân Deck,Dandan Deck,Other,SLD,2026-03-17,100.88,"Mystic Sanctuary, Capture of Jingzhou, Island, Mental Note, Dandân"
Dangerous,Clash Pack,Other,ORI,2015-07-17,12.46,"Dromoka, the Eternal, Abzan Falconer, Avatar of the Resolute, Abzan Battle Priest, Sandsteppe Citadel"
Dangerous Knowledge,Intro Pack,Other,EMN,2016-07-22,5.93,"Turn Aside, Pore Over the Pages, Niblis of Frost, Take Inventory, Pieces of the Puzzle"
Daniel Zink - White-Blue-Green Wake,World Championship Deck,Other,WC03,2003-08-06,41.88,"Flooded Strand, Forest, Mirari's Wake, Moment's Peace, Island"
Dark Alliance,Theme Deck,Other,ATH,1998-11-01,57.36,"Strip Mine, Goblin Recruiter, Hypnotic Specter, Goblin King, Pyrokinesis"
Dark Ascension Fat Pack Land Pack,Bundle Land Pack,Other,DKA,2012-02-03,11.09,"Swamp, Mountain, Plains, Island, Forest"
Dark Ascension Foil Redemption,MTGO Redemption,Other,DKA,2012-03-04,372.11,"Mikaeus, the Unhallowed, Grafdigger's Cage, Drogskol Reaver, Vault of the Archangel, Moonveil Dragon"
Dark Ascension Redemption,MTGO Redemption,Other,DKA,2012-03-04,372.11,"Mikaeus, the Unhallowed, Grafdigger's Cage, Drogskol Reaver, Vault of the Archangel, Moonveil Dragon"
Dark Devotion,Theme Deck,Other,BOK,2005-02-04,54.92,"Heartless Hidetsugu, Blood Speaker, Yukora, the Prisoner, Overblaze, Mark of the Oni"
Dark Sacrifice,Game Night Deck,Other,GN3,2022-10-14,26.66,"Vogar, Necropolis Tyrant, Vilis, Broker of Blood, Demon of Loathing, Ravenous Chupacabra, Village Rites"
Darksteel Foil Redemption,MTGO Redemption,Other,DST,2004-03-07,1544.1,"Skullclamp, Panoptic Mirror, Arcbound Ravager, Darksteel Forge, Mycosynth Lattice"
Darksteel Redemption,MTGO Redemption,Other,DST,2004-03-07,1544.1,"Skullclamp, Panoptic Mirror, Arcbound Ravager, Darksteel Forge, Mycosynth Lattice"
Dave Humpherys - Blue-Green Madness,World Championship Deck,Other,WC03,2003-08-06,38.06,"City of Brass, Aquamoeba, Careful Study, Island, Island"
Day of the Dragon,Starter Kit,Other,WOE,2023-09-08,6.44,"Shivan Devastator, Sarkhan, Soul Aflame, Ingenious Prodigy, Ragefire Hellkite, Quick Study"
Dead Again,Theme Deck,Other,9ED,2005-07-29,38.32,"Underworld Dreams, Demon's Horn, Nightmare, Swamp, Swamp"
Dead Ahead,Intro Pack,Other,ARB,2009-04-30,30.44,"Terramorphic Expanse, Swamp, Mountain, Lightning Reaver, Mountain"
Dead and Alive,MTGO Theme Deck,Other,WTH,2007-12-12,26.96,"Necromancy, Buried Alive, Infernal Tribute, Swamp, Swamp"
Deadly Discovery,Challenger Deck,Other,Q02,2019-04-12,43.68,"Overgrown Tomb, The Eldest Reborn, Vraska, Relic Seeker, Llanowar Elves, Wildgrowth Walker"
Deadly Instinct,Theme Deck,Other,S99,1999-07-12,3.36,"Ancient Craving, Swamp, Swamp, Swamp, Ravenous Rats"
Deadspread,Intro Pack,Other,SOM,2010-10-01,78.44,"Contagion Engine, Leaden Myr, Silver Myr, Throne of Geth, Thrummingbird"
"Death Is Temporary, Metal Is Forever",Secret Lair Drop,Other,SLD,2023-08-29,238.4,"Syr Konrad, the Grim, Nekusar, the Mindrazer, Underworld Dreams, Waste Not, Wheel of Misfortune"
"Death Is Temporary, Metal Is Forever Foil Edition",Secret Lair Drop,Other,SLD,2023-08-29,238.4,"Syr Konrad, the Grim, Nekusar, the Mindrazer, Underworld Dreams, Waste Not, Wheel of Misfortune"
Death March,Theme Deck,Other,EVE,2008-07-25,113.74,"Quillspike, Swamp, Creakwood Liege, Doomgape, Viridescent Wisps"
Death Reaper,Intro Pack,Other,M14,2013-07-19,2.0,"Staff of the Death Magus, Mountain, Swamp, Academy Raider, Festering Newt"
Death's Beginning,Intro Pack,Other,BNG,2014-02-07,25.64,"Archetype of Finality, Satyr Wayfinder, Raised by Wolves, Forest, Nighthowler"
Death's Encroach,Event Deck,Other,AVR,2012-05-25,67.31,"Dismember, Cemetery Reaper, Geralf's Messenger, Gravecrawler, Lashwrithe"
Death's Minions,Intro Pack,Other,M10,2009-07-17,31.26,"Cemetery Reaper, Diabolic Tutor, Tendrils of Corruption, Swamp, Doom Blade"
Deathbreed,MTGO Theme Deck,Other,ME2,2008-09-22,0.0,"Snow-Covered Swamp, Armor Thrull, Ashen Ghoul, Basal Thrull, Cuombajj Witches"
Deathfed,Event Deck,Other,ISD,2011-10-28,136.83,"Green Sun's Zenith, Birds of Paradise, Ratchet Bomb, Gnaw to the Bone, Bonehoard"
Deathly Dominion,Intro Pack,Other,ISD,2011-09-30,22.33,"Rampant Growth, Moldgraf Monstrosity, Reassembling Skeleton, Swamp, Caravan Vigil"
Decay,Theme Deck,Other,7ED,2001-04-11,817.02,"Blood Pet, Charcoal Diamond, Duress, Fallen Angel, Greed"
Deceptive Divination,Secret Lair Drop,Other,SLD,2024-02-23,53.36,"Scheming Symmetry, Price of Progress, Eternal Witness, Wall of Omens, Circular Logic"
Deceptive Divination Foil Edition,Secret Lair Drop,Other,SLD,2024-02-23,72.6,"Scheming Symmetry, Price of Progress, Eternal Witness, Wall of Omens, Circular Logic"
Deck A,Starter Deck,Other,6ED,1999-04-21,1.85,"Blood Pet, Swamp, Swamp, Forest, Rampant Growth"
Deck B,Starter Deck,Other,6ED,1999-04-21,2.29,"Counterspell, Mountain, Mountain, Island, Mountain"
Deck Builder's Toolkit,Deck Builder's Toolkit,Other,M20,2019-07-12,38.32,"Risen Reef, Angel of Vitality, Skyknight Vanguard, Corpse Knight, Spectral Sailor"
Deep Freeze,Theme Deck,Other,TMP,1997-10-14,4.26,"Counterspell, Avenging Angel, Puppet Strings, Island, Island"
Deep Freeze - Advanced Deck,Advanced Deck,Other,TMP,1997-10-14,21.61,"Wrath of God, Adarkar Wastes, Impulse, Desertion, Counterspell"
Deepwood Menace,Theme Deck,Other,MMQ,1999-10-04,232.68,"Thunderclap, Natural Affinity, Vine Trellis, Volcanic Wind, Battle Squadron"
Deepwood Menace - Enhanced Deck,Enhanced Deck,Other,MMQ,1999-10-04,2365.4,"Gaea's Cradle, Deranged Hermit, Treetop Village, Rancor, Collective Unconscious"
Defeat a God,Challenge Deck,Other,TDAG,2014-05-25,4.82,"Xenagos Ascended, Xenagos's Strike, Rip to Pieces, Impulsive Charge, Xenagos's Scorn"
Defenders of the Cause,Theme Deck,Other,ATH,1998-11-01,32.81,"Armageddon, Swords to Plowshares, Pendelhaven, Mirri, Cat Warrior, Brushland"
Demo Booster Player 1,Welcome Booster,Other,9ED,2005-07-29,7.66,"Grizzly Bears, Forest, Forest, Forest, Glory Seeker"
Demo Booster Player 2,Welcome Booster,Other,9ED,2005-07-29,8.25,"Mountain, Mountain, Swamp, Swamp, Mountain"
Demo deck A,Demo Deck,Other,P02,1998-06-24,4.07,"Forest, Island, Island, Plains, Plains"
Demo deck B,Demo Deck,Other,POR,1997-05-01,8.19,"Cloud Pirates, Feral Shadow, Storm Crow, Snapping Drake, Island"
Demonic,Duel Deck,Other,DVD,2014-12-05,85.56,"Demonic Tutor, Dark Ritual, Stinkweed Imp, Soot Imp, Abyssal Gatekeeper"
Demonic Deals,Intro Pack,Other,ORI,2015-07-17,12.94,"Chandra's Ignition, Fiery Impulse, Kothophed, Soul Hoarder, Malakir Cullblade, Fleshbag Marauder"
Demons 1,Jumpstart,Other,J22,2022-12-02,0.0,"Demon's Disciple, Kothophed, Soul Hoarder, Inner Demon, Disciple of Perdition, Conductor of Cacophony"
Demons 2,Jumpstart,Other,J22,2022-12-02,1.92,"Seizan, Perverter of Truth, Demon's Disciple, Dreadhound, Demon of Catastrophes, Disciple of Perdition"
Depths of Power,Intro Pack,Other,M13,2012-07-13,31.28,"Elixir of Immortality, Archaeomancer, Stormtide Leviathan, Mindclaw Shaman, Ring of Evos Isle"
Desert Oasis,Arena Starter Deck,Other,OTJ,2024-07-08,62.78,"Bristly Bill, Spine Sower, Hedge Maze, Case of the Locked Hothouse, Sentinel of the Nameless City, Bonny Pall, Clearcutter"
Desperate Stand,Intro Pack,Other,OGW,2016-01-22,6.81,"Cliffhaven Vampire, Drana's Emissary, Kalastria Healer, Malakir Soothsayer, Evolving Wilds"
Destructive Firepower,Arena Starter Deck,Other,ANB,2020-03-12,2.87,"Dreadhorde Arcanist, Drakuseth, Maw of Flames, Chandra's Outrage, Fire Urchin, Spellgorger Weird"
Detective 1,Jumpstart,Other,J22,2022-12-02,4.6,"Mechanized Production, Jace's Scrutiny, Hold for Questioning, Thriving Isle, Shambling Suit"
Detective 2,Jumpstart,Other,J22,2022-12-02,25.03,"Teferi's Puzzle Box, Psychosis Crawler, Jace's Scrutiny, Hold for Questioning, Aeronaut Tinkerer"
Detective 3,Jumpstart,Other,J22,2022-12-02,0.0,"Shimmer Dragon, Jace's Scrutiny, Hold for Questioning, Thriving Isle, Lumengrid Sentinel"
Detective 4,Jumpstart,Other,J22,2022-12-02,11.1,"Tamiyo, the Moon Sage, Tamiyo's Journal, Jace's Scrutiny, Hold for Questioning, Thriving Isle"
Devastation,Theme Deck,Other,ONS,2002-10-07,231.12,"Naturalize, Cryptic Gateway, Tranquil Thicket, Explosive Vegetation, Forgotten Cave"
Devilish (1),Jumpstart,Other,JMP,2020-07-17,0.0,"Zurzoth, Chaos Rider, Traitorous Greed, Havoc Jester, Pitchburn Devils, Hobblefiend"
Devilish (2),Jumpstart,Other,JMP,2020-07-17,0.0,"Zurzoth, Chaos Rider, Traitorous Greed, Havoc Jester, Pitchburn Devils, Hobblefiend"
Devilish (3),Jumpstart,Other,JMP,2020-07-17,2.96,"Brash Taunter, Traitorous Greed, Havoc Jester, Pitchburn Devils, Hobblefiend"
Devilish (4),Jumpstart,Other,JMP,2020-07-17,3.14,"Hellrider, Sin Prodder, Traitorous Greed, Havoc Jester, Pitchburn Devils"
Devotion to Darkness,Intro Pack,Other,THS,2013-09-27,21.61,"Whip of Erebos, Gray Merchant of Asphodel, Island, Island, Abhorrent Overlord"
Devouring Skies,Intro Pack,Other,NPH,2011-05-13,85.77,"Argentum Armor, Brass Squire, Silver Myr, Swamp, Swamp"
Diabolical Dioramas,Secret Lair Drop,Other,SLD,2024-04-15,50.26,"Aura Shards, Fiend Artisan, Gravebreaker Lamia, Karador, Ghost Chieftain"
Diabolical Dioramas Foil Edition,Secret Lair Drop,Other,SLD,2024-04-15,57.96,"Aura Shards, Fiend Artisan, Gravebreaker Lamia, Karador, Ghost Chieftain"
Dimir,Guild Kit,Other,GK1,2018-11-02,8.31,"Glimpse the Unthinkable, Etrata, the Silencer, Dimir Signet, Mission Briefing, Price of Fame"
Dimir Control,Pioneer Challenger Deck,Other,Q08,2022-11-04,49.6,"Watery Grave, Narset, Parter of Veils, Drowned Catacomb, Mystical Dispute, Fatal Push"
Dimir Dementia,Intro Pack,Other,GTC,2013-02-01,24.58,"Duskmantle Guildmage, Whispering Madness, Jace's Phantasm, Wight of Precinct Six, Dimir Keyrune"
Dimir Intrigues,Theme Deck,Other,RAV,2005-10-07,52.49,"Dimir Aqueduct, Dimir Infiltrator, Dimir Signet, Szadek, Lord of Secrets, Dimir House Guard"
Dimir Manipulation,Arena Starter Deck,Other,DOM,2018-03-22,38.21,"Nezahal, Primal Tide, Tetzimoc, Primal Death, Ravenous Chupacabra, Overflowing Insight, Censor"
Dimir Rogue,Challenger Deck,Other,Q05,2021-04-02,23.72,"Malakir Rebirth // Malakir Mire, Rankle, Master of Pranks, Swamp, Drown in the Loch, Island"
Dinner,Jumpstart,Other,J25,2024-11-07,3.35,"Tireless Provisioner, Hurska Sweet-Tooth, Trail of Crumbs, Giant Opportunity, Bite Down"
Dino Might,Arena Starter Deck,Other,OTJ,2024-07-08,41.51,"Ghalta, Stampede Tyrant, Commercial District, Hulking Raptor, Trumpeting Carnosaur, Armored Kincaller"
Dinosaurs (1),Jumpstart,Other,JMP,2020-07-17,1.36,"Cultivate, Ghalta, Primal Hunger, Thrashing Brontodon, Forest, Ornery Dilophosaur"
Dinosaurs (2),Jumpstart,Other,JMP,2020-07-17,8.26,"Selvala, Heart of the Wilds, Garruk's Uprising, Forest, Ornery Dilophosaur, Colossal Dreadmaw"
Dinosaurs (3),Jumpstart,Other,JMP,2020-07-17,1.36,"Cultivate, Ghalta, Primal Hunger, Forest, Ornery Dilophosaur, Colossal Dreadmaw"
Dinosaurs (4),Jumpstart,Other,JMP,2020-07-17,1.59,"Garruk's Uprising, Thrashing Brontodon, Forest, Ornery Dilophosaur, Rampaging Brontodon"
Discarding (1),Jumpstart,Other,JMP,2020-07-17,17.99,"Tinybones, Trinket Thief, Ravenous Chupacabra, Fell Specter, Swamp, Swamp"
Discarding (2),Jumpstart,Other,JMP,2020-07-17,0.0,"Ravenous Chupacabra, Fell Specter, Swamp, Liliana's Reaver, Nyxathid"
Dismissal,Theme Deck,Other,INV,2000-10-02,293.34,"Opt, Disrupt, Ravenous Rats, Island, Island"
Disrupter,Theme Deck,Other,MMQ,1999-10-04,740.62,"Dark Ritual, Snuff Out, Thunderclap, Thrashing Wumpus, Vendetta"
Disrupter - Enhanced Deck,Enhanced Deck,Other,MMQ,1999-10-04,730.31,"Dark Ritual, Snuff Out, Thunderclap, Thrashing Wumpus, Vendetta"
Dissension Foil Redemption,MTGO Redemption,Other,DIS,2006-06-04,1886.76,"Hallowed Fountain, Blood Crypt, Breeding Pool, Psychic Possession, Grand Arbiter Augustin IV"
Dissension Redemption,MTGO Redemption,Other,DIS,2006-06-04,1886.76,"Hallowed Fountain, Blood Crypt, Breeding Pool, Psychic Possession, Grand Arbiter Augustin IV"
Distress,Theme Deck,Other,PCY,2000-06-05,974.18,"Dark Ritual, Avatar of Woe, Snuff Out, Peat Bog, Seal of Cleansing"
Divine,Duel Deck,Other,DDC,2009-04-10,8.8,"Akroma, Angel of Wrath, Reya Dawnbringer, Luminous Angel, Twilight Shepherd, Righteous Cause"
Doctor (1),Jumpstart,Other,JMP,2020-07-17,9.65,"Light of Promise, Speaker of the Heavens, Plains, Griffin Aerie, Plains"
Doctor (2),Jumpstart,Other,JMP,2020-07-17,9.65,"Light of Promise, Speaker of the Heavens, Plains, Griffin Aerie, Plains"
Doctor (3),Jumpstart,Other,JMP,2020-07-17,10.76,"Light of Promise, Rhox Faithmender, Plains, Griffin Aerie, Plains"
Doctor (4),Jumpstart,Other,JMP,2020-07-17,0.0,"Cradle of Vitality, Plains, Griffin Aerie, Plains, Path of Bravery"
Doctor Who: Regeneration,Secret Lair Drop,Other,SLD,2024-04-09,237.86,"The Fourteenth Doctor, The Fifteenth Doctor, The Meep, The Celestial Toymaker, Rose Noble"
Doctor Who: Regeneration Foil Edition,Secret Lair Drop,Other,SLD,2024-04-09,237.86,"The Fourteenth Doctor, The Fifteenth Doctor, The Meep, The Celestial Toymaker, Rose Noble"
Doctor Who: The Dalek Lands,Secret Lair Drop,Other,SLD,2023-12-18,48.73,"Spirebluff Canal, Botanical Sanctum, Blooming Marsh, Concealed Courtyard, Inspiring Vantage"
Doctor Who: The Dalek Lands Foil Edition,Secret Lair Drop,Other,SLD,2023-12-18,48.73,"Spirebluff Canal, Botanical Sanctum, Blooming Marsh, Concealed Courtyard, Inspiring Vantage"
Doctor Who: The Weeping Angels,Secret Lair Drop,Other,SLD,2023-12-18,44.15,"Blinding Angel, Angel of Serenity, Angel of the Ruins, Restoration Angel, Sublime Archangel"
Doctor Who: The Weeping Angels Foil Edition,Secret Lair Drop,Other,SLD,2023-11-30,44.15,"Blinding Angel, Angel of Serenity, Angel of the Ruins, Restoration Angel, Sublime Archangel"
Dogs (1),Jumpstart,Other,JMP,2020-07-17,3.32,"Plains, Selfless Savior, Pack Leader, Plains, Rambunctious Mutt"
Dogs (2),Jumpstart,Other,JMP,2020-07-17,3.7,"Plains, Isamaru, Hound of Konda, Pack Leader, Plains, Rambunctious Mutt"
Dogs Are Better Than Cats,Secret Lair Drop,Other,SLD,2025-03-18,84.28,"Arcane Signet, Basilisk Collar, Titanic Ultimatum, Rip Apart, Escape to the Wilds"
Dogs Are Better Than Cats Foil Edition,Secret Lair Drop,Other,SLD,2025-03-18,84.28,"Arcane Signet, Basilisk Collar, Titanic Ultimatum, Rip Apart, Escape to the Wilds"
Domain,Theme Deck,Other,PLS,2001-02-05,293.51,"Quirion Dryad, Harrow, Island, Tribal Flames, Island"
Dome Destruction,Arena Starter Deck,Other,ANB,2019-09-26,2.87,"Dreadhorde Arcanist, Drakuseth, Maw of Flames, Meteor Golem, Chandra's Outrage, Spellgorger Weird"
Dominaria Bundle Land Pack,Bundle Land Pack,Other,DOM,2018-04-27,0.0,"Swamp, Island, Plains, Mountain, Mountain"
Dominaria Foil Redemption,MTGO Redemption,Other,DOM,2018-05-27,482.58,"Mox Amber, Cabal Stronghold, Helm of the Host, Teferi, Hero of Dominaria, Unwind"
Dominaria Redemption,MTGO Redemption,Other,DOM,2018-05-27,482.58,"Mox Amber, Cabal Stronghold, Helm of the Host, Teferi, Hero of Dominaria, Unwind"
Dominaria United Bundle Land Pack,Bundle Land Pack,Other,DMU,2022-09-09,0.0,"Forest, Forest, Forest, Forest, Plains"
Dominaria United Foil Redemption,MTGO Redemption,Other,DMU,2022-09-28,246.82,"Sheoldred, the Apocalypse, Timeless Lotus, Plaza of Heroes, Silverback Elder, Liliana of the Veil"
Dominaria United Redemption,MTGO Redemption,Other,DMU,2022-09-28,246.82,"Sheoldred, the Apocalypse, Timeless Lotus, Plaza of Heroes, Silverback Elder, Liliana of the Veil"
Dominaria United Welcome Booster,Welcome Booster,Other,DMU,2022-09-09,5.21,"Blackblade Reforged, Ajani, the Greathearted, Phylath, World Sculptor, Ertai's Scorn, Commander's Sphere"
Dominator - Advanced Deck,Advanced Deck,Other,EXO,1998-06-15,125.57,"Wasteland, Undiscovered Paradise, Winter Orb, Propaganda, Fellwar Stone"
Dominator - Basic Deck,Theme Deck,Other,EXO,1998-06-15,18.07,"Propaganda, Equilibrium, Erratic Portal, Counterspell, Dominating Licid"
"Domri, City Smasher",Planeswalker Deck,Other,RNA,2019-01-25,2.62,"Mountain, End-Raze Forerunners, Forest, Domri, City Smasher, Glass of the Guildpact"
Donatello,Theme Deck,Other,TMT,2026-03-06,12.51,"April O'Neil, Human Element, Utrom Monitor, Sewer-veillance Cam, Donatello, Rad Scientist, Donnie & April, Adorkable Duo"
Doom Inevitable,Intro Pack,Other,MBS,2011-02-04,33.59,"Psychosis Crawler, Bonehoard, Myr Sire, Contagion Clasp, Steady Progress"
"Dovin, Architect of Law",Planeswalker Deck,Other,RNA,2019-01-25,13.64,"Verity Circle, Unbreakable Formation, Dovin, Architect of Law, Arrester's Zeal, Concordia Pegasus"
Draconic Fury,Game Night Deck,Other,GN3,2022-10-14,21.77,"Dragon Tempest, Nogi, Draco-Zealot, Mana Geyser, Lightning Bolt, Dragonspeaker Shaman"
Dracur,Shandalar Enemy Deck,Other,PAST,1997-04-01,4004.73,"Mox Emerald, Mountain, Strip Mine, Desert Twister, Fellwar Stone"
Dragon's Endgame,San Diego Comic Con Promos,Other,PS19,2019-07-18,210.89,"Nicol Bolas, Dragon-God, God-Eternal Oketra, God-Eternal Bontu, God-Eternal Kefnet, God-Eternal Rhonas"
Dragon's Fire,Arena Starter Deck,Other,M19,2018-09-27,12.66,"Lathliss, Dragon Queen, Goblin Instigator, Charging Monstrosaur, Spit Flame, Demanding Dragon"
Dragon's Maze Foil Redemption,MTGO Redemption,Other,DGM,2013-06-02,231.11,"Hidden Strings, Render Silent, Voice of Resurgence, Progenitor Mimic, Blood Baron of Vizkopa"
Dragon's Maze Redemption,MTGO Redemption,Other,DGM,2013-06-02,231.11,"Hidden Strings, Render Silent, Voice of Resurgence, Progenitor Mimic, Blood Baron of Vizkopa"
Dragons,Duel Deck,Other,DDG,2011-04-01,21.06,"Seething Song, Dragonspeaker Shaman, Bloodmark Mentor, Bogardan Hellkite, Kilnmouth Dragon"
Dragons (1),Jumpstart,Other,J25,2024-11-07,0.0,"Lathliss, Dragon Queen, Seize the Spoils, Carnelian Orb of Dragonkind, Dragon's Fire, Firespitter Whelp"
Dragons (2),Jumpstart,Other,J25,2024-11-07,1.19,"Sarkhan, Fireblood, Lathliss, Dragon Queen, Seize the Spoils, Dragon's Fire, Firespitter Whelp"
Dragons 1,Jumpstart,Other,J22,2022-12-02,0.0,"Sarkhan, the Dragonspeaker, Dragon Mage, Sarkhan's Whelp, Dragon Egg, Thriving Bluff"
Dragons 2,Jumpstart,Other,J22,2022-12-02,3.82,"Dragonspeaker Shaman, Lathliss, Dragon Queen, Dragon's Hoard, Dragon Mage, Dragonlord's Servant"
Dragons of Tarkir Fat Pack Land Pack,Bundle Land Pack,Other,DTK,2015-03-27,4.93,"Plains, Forest, Mountain, Swamp, Island"
Dragons of Tarkir Foil Redemption,MTGO Redemption,Other,DTK,2015-04-26,398.16,"Shaman of Forgotten Ways, Haven of the Spirit Dragon, Dragonlord Dromoka, Sarkhan Unbroken, Narset Transcendent"
Dragons of Tarkir Redemption,MTGO Redemption,Other,DTK,2015-04-26,398.16,"Shaman of Forgotten Ways, Haven of the Spirit Dragon, Dragonlord Dromoka, Sarkhan Unbroken, Narset Transcendent"
Draw Your Hand,Secret Lair Drop,Other,SLD,2023-04-14,67.07,"Counterbalance, Deafening Silence, Eldrazi Conscription, Bruna, Light of Alabaster"
Draw Your Hand Foil Edition,Secret Lair Drop,Other,SLD,2023-04-14,67.07,"Counterbalance, Deafening Silence, Eldrazi Conscription, Bruna, Light of Alabaster"
Dreaming Darkly,Secret Lair Drop,Other,SLD,2025-10-27,41.43,"Guardian Project, Glen Elendra Archmage, Soulherder, Roon of the Hidden Realm"
Dreaming Darkly Foil Edition,Secret Lair Drop,Other,SLD,2025-10-27,41.43,"Guardian Project, Glen Elendra Archmage, Soulherder, Roon of the Hidden Realm"
Drowned (1),Jumpstart,Other,J25,2024-11-07,1.69,"Neerdiv, Devious Diver, Wall of Lost Thoughts, Ipnu Rivulet, Shipwreck Dowser, Screaming Swarm"
Drowned (2),Jumpstart,Other,J25,2024-11-07,1.69,"Neerdiv, Devious Diver, Cackling Counterpart, Wall of Lost Thoughts, Waker of Waves, Towering-Wave Mystic"
Druid,Shandalar Enemy Deck,Other,PAST,1997-04-01,206.37,"Mishra's Factory, Killer Bees, Oasis, Nafs Asp, Instill Energy"
Dungeon Delving,Arena Starter Deck,Other,AFR,2021-09-24,9.61,"Brightclimb Pathway // Grimclimb Pathway, Acererak the Archlich, Triumphant Adventurer, Vanishing Verse, Nullpriest of Oblivion"
Dungeons & Dragons: An Exhibition of Adventure,Secret Lair Drop,Other,SLD,2024-08-28,97.09,"Goldspan Dragon, Ponder, Monster Manual // Zoological Study, Acererak the Archlich, Faithless Looting"
Dungeons & Dragons: An Exhibition of Adventure Foil Edition,Secret Lair Drop,Other,SLD,2024-08-28,97.09,"Goldspan Dragon, Ponder, Monster Manual // Zoological Study, Acererak the Archlich, Faithless Looting"
Dungeons & Dragons: Astarion's Thirst,Secret Lair Drop,Other,SLD,2024-08-28,137.45,"Exquisite Blood, Astarion, the Decadent, Sanguine Bond, Anguished Unmaking, Mortify"
Dungeons & Dragons: Astarion's Thirst Foil Edition,Secret Lair Drop,Other,SLD,2024-08-28,137.45,"Exquisite Blood, Astarion, the Decadent, Sanguine Bond, Anguished Unmaking, Mortify"
Dungeons & Dragons: Black Lights & Dark Dungeons,Secret Lair Drop,Other,SLD,2026-03-02,97.64,"Displacer Kitten, Tortured Existence, Seasoned Dungeoneer, Sefris of the Hidden Ways"
Dungeons & Dragons: Black Lights & Dark Dungeons Foil Edition,Secret Lair Drop,Other,SLD,2026-03-02,97.64,"Displacer Kitten, Tortured Existence, Seasoned Dungeoneer, Sefris of the Hidden Ways"
Dungeons & Dragons: Death is in the Eyes of the Beholder I,Secret Lair Drop,Other,SLD,2024-08-28,36.02,"Stifle, Bribery, Xanathar, Guild Kingpin, Blood Money, Drown in the Loch"
Dungeons & Dragons: Death is in the Eyes of the Beholder I Foil Edition,Secret Lair Drop,Other,SLD,2024-08-28,36.02,"Stifle, Bribery, Xanathar, Guild Kingpin, Blood Money, Drown in the Loch"
Dungeons & Dragons: Death is in the Eyes of the Beholder II,Secret Lair Drop,Other,SLD,2024-08-28,43.67,"Karazikar, the Eye Tyrant, Snuff Out, Fire Covenant, Defile, Oubliette"
Dungeons & Dragons: Death is in the Eyes of the Beholder II Foil Edition,Secret Lair Drop,Other,SLD,2024-08-28,43.67,"Karazikar, the Eye Tyrant, Snuff Out, Fire Covenant, Defile, Oubliette"
Dungeons & Dragons: Gale's Ambition,Secret Lair Drop,Other,SLD,2026-03-02,28.98,"Arcane Denial, Personal Tutor, Archmage's Charm, Brainstorm, Gale, Waterdeep Prodigy"
Dungeons & Dragons: Gale's Ambition Foil Edition,Secret Lair Drop,Other,SLD,2026-03-02,28.98,"Arcane Denial, Personal Tutor, Archmage's Charm, Brainstorm, Gale, Waterdeep Prodigy"
Dungeons & Dragons: Honor Among Thieves,Secret Lair Drop,Other,SLD,2023-03-31,95.62,"Casal, Lurkwood Pathfinder // Casal, Pathbreaker Owlbear, Bohn, Beguiling Balladeer, Rashel, Fist of Torm, Evin, Waterdeep Opportunist, Mathise, Surge Channeler"
Dungeons & Dragons: Honor Among Thieves Foil Edition,Secret Lair Drop,Other,SLD,2023-03-31,95.62,"Casal, Lurkwood Pathfinder // Casal, Pathbreaker Owlbear, Bohn, Beguiling Balladeer, Rashel, Fist of Torm, Evin, Waterdeep Opportunist, Mathise, Surge Channeler"
Dungeons & Dragons: Karlach's Rage,Secret Lair Drop,Other,SLD,2024-08-28,126.96,"Karlach, Fury of Avernus, Dolmen Gate, City on Fire, Stranglehold, Thrill of Possibility"
Dungeons & Dragons: Karlach's Rage Foil Edition,Secret Lair Drop,Other,SLD,2024-08-28,126.96,"Karlach, Fury of Avernus, Dolmen Gate, City on Fire, Stranglehold, Thrill of Possibility"
Dungeons & Dragons: Lands of the Forgotten Realms,Secret Lair Drop,Other,SLD,2026-03-02,35.92,"Swamp, Island, Forest, Mountain, Plains"
Dungeons & Dragons: Lands of the Forgotten Realms Foil Edition,Secret Lair Drop,Other,SLD,2026-03-02,35.92,"Swamp, Island, Forest, Mountain, Plains"
Dungeons & Dragons: Shadowheart's Devotion,Secret Lair Drop,Other,SLD,2026-03-02,69.7,"Ancient Bronze Dragon, Shadowheart, Dark Justiciar, Beseech the Queen, Victimize, Black Market"
Dungeons & Dragons: Shadowheart's Devotion Foil Edition,Secret Lair Drop,Other,SLD,2026-03-02,69.7,"Ancient Bronze Dragon, Shadowheart, Dark Justiciar, Beseech the Queen, Victimize, Black Market"
Dungeons & Dragons: Shadows Over Baldur's Gate,Secret Lair Drop,Other,SLD,2026-03-02,52.05,"Grim Hireling, Prosper, Tome-Bound, Xorn, Wild-Magic Sorcerer"
Dungeons & Dragons: Shadows Over Baldur's Gate Foil Edition,Secret Lair Drop,Other,SLD,2026-03-02,52.05,"Grim Hireling, Prosper, Tome-Bound, Xorn, Wild-Magic Sorcerer"
Dungeons & Dragons: Strahd's Descent,Secret Lair Drop,Other,SLD,2026-03-02,56.04,"Bloodletter of Aclazotz, Strefan, Maurer Progenitor, End the Festivities, Voldaren Estate"
Dungeons & Dragons: Strahd's Descent Foil Edition,Secret Lair Drop,Other,SLD,2026-03-02,56.04,"Bloodletter of Aclazotz, Strefan, Maurer Progenitor, End the Festivities, Voldaren Estate"
Dungeons & Dragons: Whispers in Candlekeep,Secret Lair Drop,Other,SLD,2026-03-02,77.75,"Miirym, Sentinel Wyrm, Klauth, Unrivaled Ancient, Counterspell, Dragonborn Champion"
Dungeons & Dragons: Whispers in Candlekeep Foil Edition,Secret Lair Drop,Other,SLD,2026-03-02,77.75,"Miirym, Sentinel Wyrm, Klauth, Unrivaled Ancient, Counterspell, Dragonborn Champion"
Duskmourn: House of Horror Bundle Land Pack,Bundle Land Pack,Other,DSK,2024-09-27,2.16,"Swamp, Swamp, Forest, Forest, Mountain"
Duskmourn: House of Horror Redemption,MTGO Redemption,Other,DSK,2024-10-16,306.79,"Overlord of the Balemurk, Valgavoth, Terror Eater, Abhorrent Oculus, Enduring Tenacity, Enduring Vitality"
Dwarf Fortress: Create New World,Secret Lair Drop,Other,SLD,2026-05-12,33.97,"Terror of the Peaks, Rogue's Passage, Communal Brewing, Rune-Scarred Demon, Secret Rendezvous"
Dwarf Fortress: Create New World Foil Edition,Secret Lair Drop,Other,SLD,2026-05-12,33.97,"Terror of the Peaks, Rogue's Passage, Communal Brewing, Rune-Scarred Demon, Secret Rendezvous"
EVERYTHING IS ON FIRE,Secret Lair Drop,Other,SLD,2025-05-13,47.98,"Dragon's Rage Channeler, Chain Lightning, Lava Spike, Rift Bolt, Skewer the Critics"
EVERYTHING IS ON FIRE Foil Edition,Secret Lair Drop,Other,SLD,2025-05-13,47.98,"Dragon's Rage Channeler, Chain Lightning, Lava Spike, Rift Bolt, Skewer the Critics"
EVERYTHING IS ON FIRE Raised Foil Edition,Secret Lair Drop,Other,SLD,2025-05-13,76.04,"Dragon's Rage Channeler, Rift Bolt, Skewer the Critics, Lava Spike, Chain Lightning"
Ears of the Elves,Duel Of The Planeswalkers Deck,Other,DPA,2010-06-04,54.66,"Coat of Arms, Elvish Champion, Elvish Promenade, Gaea's Herald, Immaculate Magistrate"
Earth Kingdom (1),Jumpstart,Other,TLE,2025-11-20,5.89,"Descendants' Path, Match the Odds, Forest, Toph, the Blind Bandit, Thriving Grove"
Earth Kingdom (2),Jumpstart,Other,TLE,2025-11-20,6.21,"Descendants' Path, Great Divide Guide, Origin of Metalbending, Forest, Toph, the Blind Bandit"
Earth Rumble (1),Jumpstart,Other,TLE,2025-11-20,2.0,"Master's Guidance, Forest, Toph, the Blind Bandit, The Boulder, Ready to Rumble, Thriving Grove"
Earth Rumble (2),Jumpstart,Other,TLE,2025-11-20,9.69,"Bosco, Just a Bear, Master's Guidance, Frog-Squirrels, The Earth King, Origin of Metalbending"
Earth Shakers,Starter Kit,Other,SNC,2022-06-03,2.35,"Glorious Sunrise, Thundering Raiju, Topiary Stomper, Ascendant Packleader, Abrade"
Earthbending (1),Jumpstart,Other,TLE,2025-11-20,6.42,"Earthbender Ascension, Explore, Inspiring Call, Forest, Toph, the Blind Bandit"
Earthbending (2),Jumpstart,Other,TLE,2025-11-20,16.14,"Solid Ground, Tale of Katara and Toph, Frog-Squirrels, Explore, Forest"
Edge of Eternities Bundle Land Pack,Bundle Land Pack,Other,EOE,2025-08-01,16.4,"Mountain, Mountain, Swamp, Swamp, Island"
Edge of Eternities Redemption,MTGO Redemption,Other,EOE,2025-08-27,287.64,"Quantum Riddler, Ouroboroid, Tezzeret, Cruel Captain, Icetill Explorer, Exalted Sunborn"
Eerie,Theme Deck,Other,SOS,2026-04-24,15.45,"Enduring Innocence, Sheltered by Ghosts, Silent Hallcreeper, Valgavoth's Lair, Ethereal Armor"
Eighth Edition Foil Redemption,MTGO Redemption,Other,8ED,2003-08-27,2252.26,"Grave Pact, Birds of Paradise, City of Brass, Mana Clash, Intruder Alarm"
Eighth Edition Redemption,MTGO Redemption,Other,8ED,2003-08-27,2252.26,"Grave Pact, Birds of Paradise, City of Brass, Mana Clash, Intruder Alarm"
Eldraine Wonderland,Secret Lair Drop,Other,SLD,2019-12-04,32.1,"Snow-Covered Island, Snow-Covered Forest, Snow-Covered Plains, Snow-Covered Swamp, Snow-Covered Mountain"
Eldrazi,Jumpstart,Other,J22,2022-12-02,2.7,"Wastes, World Breaker, Planar Atlas, Endbringer, Brood Monitor"
Eldrazi Arisen,Intro Pack,Other,ROE,2010-04-23,59.62,"Awakening Zone, Hand of Emrakul, Growth Spasm, Ulamog's Crusher, Pathrazer of Ulamog"
Eldrazi Assault,Intro Pack,Other,BFZ,2015-10-02,2.38,"Forerunner of Slaughter, Nettle Drone, Vile Aggregate, Touch of the Void, Evolving Wilds"
Eldritch Moon Foil Redemption,MTGO Redemption,Other,EMN,2016-08-21,285.81,"Emrakul, the Promised End, Gisela, the Broken Blade // Brisela, Voice of Nightmares, Sigarda's Aid, Geier Reach Sanitarium, Tree of Perdition"
Eldritch Moon Redemption,MTGO Redemption,Other,EMN,2016-08-21,285.81,"Emrakul, the Promised End, Gisela, the Broken Blade // Brisela, Voice of Nightmares, Sigarda's Aid, Geier Reach Sanitarium, Tree of Perdition"
Eldritch Onslaught,Intro Pack,Other,ISD,2011-09-30,19.43,"Ghoulcaller's Bell, Think Twice, Mountain, Island, Charmbreaker Devils"
Elemental Thunder,Planechase Deck,Other,HOP,2009-09-04,25.96,"Flamekin Harbinger, Relentless Assault, Mage Slayer, Taurean Mauler, Forest"
Elementalist,Shandalar Enemy Deck,Other,PAST,1997-04-01,356.84,"Mountain, Mana Vault, Energy Flux, Unstable Mutation, Drain Power"
Elementals' Path,Theme Deck,Other,LRW,2007-10-12,269.16,"Springleaf Drum, Horde of Notions, Incandescent Soulstoke, Flamekin Harbinger, Island"
Elspeth,Duel Deck,Other,DDO,2015-02-27,14.47,"Mother of Runes, Elspeth, Sun's Champion, Kor Skyfisher, Dictate of Heliod, Captain of the Watch"
Elven 1,Jumpstart,Other,LTR,2023-11-03,7.28,"Entish Restoration, Lembas, Mirkwood Channeler, Shower of Arrows, Stew the Coneys"
Elven 2,Jumpstart,Other,LTR,2023-11-03,1.14,"Mirkwood Channeler, Mirkwood Spider, Revive the Shire, Stew the Coneys, Forest"
Elves,Duel Deck,Other,EVG,2014-12-05,41.43,"Wirewood Lodge, Elvish Promenade, Elvish Harbinger, Allosaurus Rider, Wellwisher"
Elves (1),Jumpstart,Other,JMP,2020-07-17,18.83,"Craterhoof Behemoth, Elvish Archdruid, Llanowar Visionary, Presence of Gond, Forest"
Elves (2),Jumpstart,Other,JMP,2020-07-17,50.68,"Allosaurus Shepherd, Llanowar Visionary, Presence of Gond, Forest, Titanic Growth"
Elves (3),Jumpstart,Other,J25,2024-11-07,9.7,"Dionus, Elvish Archdruid, Marwyn, the Nurturer, Llanowar Elves, Bounty of Skemfar, Llanowar Visionary"
Elves (4),Jumpstart,Other,J25,2024-11-07,11.1,"Dionus, Elvish Archdruid, Tyvar Kell, Llanowar Elves, Voice of the Woods, Paradise Druid"
Elves 1,Jumpstart,Other,J22,2022-12-02,4.68,"Elvish Warmaster, Primeval Herald, Reclamation Sage, Thriving Grove, Ivy Lane Denizen"
Elves 2,Jumpstart,Other,J22,2022-12-02,0.0,"Primeval Herald, Imperious Perfect, Thriving Grove, Ivy Lane Denizen, Elvish Rejuvenator"
Elves 3,Jumpstart,Other,J22,2022-12-02,21.41,"Wolverine Riders, Lys Alana Huntmaster, Instruments of War, Thriving Grove, Ivy Lane Denizen"
Elves 4,Jumpstart,Other,J22,2022-12-02,0.0,"Presence of Gond, Wildborn Preserver, Thriving Grove, Ivy Lane Denizen, Woodland Champion"
Elves!,Deck Builder's Toolkit,Other,ROE,2010-05-21,7.81,"Llanowar Elves, Greenweaver Druid, Pennon Blade, Overrun, Nissa's Chosen"
Elvish Magi,Shandalar Enemy Deck,Other,PAST,1997-04-01,39.92,"Winter Blast, Elven Riders, Untamed Wilds, Jayemdae Tome, Elvish Archers"
Elvish Predation,Theme Deck,Other,LRW,2007-10-12,181.63,"Nath of the Gilt-Leaf, Elvish Promenade, Prowess of the Fair, Elvish Harbinger, Swamp"
Elvish Rage,Theme Deck,Other,LGN,2003-02-03,214.54,"Wellwisher, Tribal Forcemage, Wirewood Channeler, Timberwatch Elf, Birchlore Rangers"
Enchanted (1),Jumpstart,Other,JMP,2020-07-17,3.11,"Kor Spiritdancer, Plains, Face of Divinity, Plains, Anointed Chorister"
Enchanted (2),Jumpstart,Other,JMP,2020-07-17,10.71,"Celestial Mantle, Plains, Ajani's Chosen, Face of Divinity, Plains"
Enchanted (3),Jumpstart,Other,J25,2024-11-07,0.0,"Nykthos Paragon, Starfield Mystic, Psemilla, Meletian Poet, Divine Favor, Nyx-Fleece Ram"
Enchanted (4),Jumpstart,Other,J25,2024-11-07,0.0,"Archon of Sun's Grace, Psemilla, Meletian Poet, Spirited Companion, Angelic Gift, Sunblade Samurai"
Enchanter,Theme Deck,Other,UDS,1999-06-07,386.57,"Mother of Runes, Sigil of Sleep, Miscalculation, Rayne, Academy Chancellor, Thran Golem"
Enchanter - Enhanced Deck,Enhanced Deck,Other,UDS,1999-06-07,339.99,"Time Spiral, Mother of Runes, Miscalculation, Rayne, Academy Chancellor, Ertai, Wizard Adept"
Enchantress,Shandalar Enemy Deck,Other,PAST,1997-04-01,88.48,"Desert Twister, Ivory Tower, Library of Leng, Coral Helm, Verduran Enchantress"
Encounter (1),Jumpstart,Other,J25,2024-11-07,0.0,"Forgotten Ancient, Biogenic Upgrade, Mowu, Loyal Companion, Snakeskin Veil, Deepwood Denizen"
Encounter (2),Jumpstart,Other,J25,2024-11-07,0.0,"Mowu, Loyal Companion, Oran-Rief Ooze, Invigorating Surge, Saurian Symbiote, Deepwood Denizen"
Encounter (3),Jumpstart,Other,J25,2024-11-07,0.0,"Biogenic Upgrade, Mowu, Loyal Companion, Rishkar, Peema Renegade, Snakeskin Veil, Saurian Symbiote"
Encounter (4),Jumpstart,Other,J25,2024-11-07,0.0,"Quirion Beastcaller, Primeval Bounty, Mowu, Loyal Companion, Gnarlid Colony, Armorcraft Judge"
Endless Hordes,Game Night Deck,Other,GN2,2019-11-15,23.59,"Vilis, Broker of Blood, Dread Presence, Blood for Bones, Calculating Lich, Liliana's Mastery"
Endless March,Theme Deck,Other,PLC,2007-02-02,98.37,"Children of Korlis, Dawn Charm, Dust Elemental, Fatal Frenzy, Dead // Gone"
Enemy Deck,Enemy Deck,Other,TMT,2026-03-06,0.0,
Enlightened Mastery,Intro Pack,Other,DTK,2015-03-27,2.28,"Plains, Island, Island, Island, Ojutai Monument"
Entangling Webs,Intro Pack,Other,M12,2011-07-15,19.52,"Hunter's Insight, Rampant Growth, Fling, Mountain, Mountain"
Eons of Evil,Theme Deck,Other,PS11,2011-01-01,0.0,"Terramorphic Expanse, Terror, Acolyte of Xathrid, Deathbringer Thoctar, Garza Zol, Plague Queen"
Equipped,Jumpstart,Other,MSH,2026-06-26,11.1,"Captain America, Liberator, Captain America's Shield, Origin of Captain America, Take Up the Shield, Bucky Barnes, Eager Ally"
"Eric Tam, Quarterfinalist",Pro Tour Deck,Other,PTC,1996-05-01,127.71,"City of Brass, Land Tax, Lightning Bolt, Birds of Paradise, Mountain"
Eruption,Theme Deck,Other,NEM,2000-02-14,254.72,"Seal of Cleansing, Thunderclap, Seal of Fire, Volcanic Wind, Disenchant"
Eruption - Enhanced Deck,Enhanced Deck,Other,NEM,2000-02-14,185.34,"Seal of Cleansing, Seal of Fire, Ring of Gix, Armageddon, Reckless Abandon"
Esper Air Assault,Intro Pack,Other,CON,2009-02-06,33.97,"Terramorphic Expanse, Island, Swamp, Arcane Sanctum, Inkwell Leviathan"
Esper Artifice,Intro Pack,Other,ALA,2008-10-03,49.62,"Sharding Sphinx, Etherium Sculptor, Island, Filigree Sages, Swamp"
Eternal Siege,Intro Pack,Other,ARB,2009-04-30,41.48,"Terramorphic Expanse, Plains, Path to Exile, Knight of New Alara, Forest"
Eternal Thirst,Arena Starter Deck,Other,M19,2018-09-27,49.65,"Resplendent Angel, Ajani's Welcome, Leonin Warleader, Legion Lieutenant, Sanctum Seeker"
Eventide Foil Redemption,MTGO Redemption,Other,EVE,2008-08-24,1832.55,"Bloom Tender, Ward of Bones, Crumbling Ashes, Ashling, the Extinguisher, Waves of Aggression"
Eventide Redemption,MTGO Redemption,Other,EVE,2008-08-24,1832.55,"Bloom Tender, Ward of Bones, Crumbling Ashes, Ashling, the Extinguisher, Waves of Aggression"
Every Dog Has Its Day,Secret Lair Drop,Other,SLD,2020-08-26,61.75,"Lightning Greaves, Ancient Grudge, Rest in Peace, Dig Through Time"
Every Dog Has Its Day Foil Edition,Secret Lair Drop,Other,SLD,2020-08-26,61.75,"Lightning Greaves, Ancient Grudge, Rest in Peace, Dig Through Time"
Evincar's Tyranny,Theme Deck,Other,10E,2007-07-13,27.17,"Ascendant Evincar, Mortivore, Diabolic Tutor, Terror, Cruel Edict"
Exalted,Deck Builder's Toolkit,Other,M13,2012-07-13,5.52,"Knight of Glory, Knight of Infamy, Duty-Bound Dead, Guardians of Akrasa, Angelic Benediction"
Exiler,MTGO Theme Deck,Other,TD0,2010-11-08,0.0,"Stoneforge Mystic, Jötun Grunt, Mangara of Corondor, Serra Avenger, Ethersworn Canonist"
Expendable 1,Jumpstart,Other,MOM,2023-04-20,1.21,"Terror of Towashi, Swamp, Scorn-Blade Berserker, Seer of Stolen Sight, Injector Crocodile"
Expendable 2,Jumpstart,Other,MOM,2023-04-20,3.59,"Corrupted Conviction, Terror of Towashi, Swamp, Scorn-Blade Berserker, Seer of Stolen Sight"
Experimental 1,Jumpstart,Other,J22,2022-12-02,4.36,"Mizzix, Replica Rider, Ignite the Future, Young Pyromancer, Thermo-Alchemist, Thriving Bluff"
Experimental 2,Jumpstart,Other,J22,2022-12-02,4.36,"Mizzix, Replica Rider, Thermo-Alchemist, Spark of Creativity, Sparkmage Apprentice, Thriving Bluff"
Explorers (1),Jumpstart,Other,J25,2024-11-07,1.97,"Tireless Provisioner, Braulios of Pheres Band, Explore, Go Forth, Realm Seekers"
Explorers (2),Jumpstart,Other,J25,2024-11-07,0.0,"Primeval Herald, Tireless Tracker, Braulios of Pheres Band, Explore, Go Forth"
Explorers (3),Jumpstart,Other,J25,2024-11-07,0.0,"Braulios of Pheres Band, Somberwald Beastmaster, Explore, Go Forth, Ulvenwald Mysteries"
Explorers (4),Jumpstart,Other,J25,2024-11-07,0.0,"Primeval Herald, Braulios of Pheres Band, Explore, Jadelight Ranger, Go Forth"
Expulsion,Theme Deck,Other,8ED,2003-07-28,25.55,"Megrim, Larceny, Swamp, Swamp, Swamp"
Extra Life 2020,Secret Lair Drop,Other,SLD,2020-11-06,135.36,"Amulet of Vigor, Teferi's Protection, Consecrated Sphinx, Collected Company"
Extra Life 2021,Secret Lair Drop,Other,SLD,2022-01-28,58.05,"Craterhoof Behemoth, Craterhoof Behemoth, Metalwork Colossus, Metalwork Colossus, Mulldrifter"
Extra Life 2021 Foil Edition,Secret Lair Drop,Other,SLD,2022-01-28,58.05,"Craterhoof Behemoth, Craterhoof Behemoth, Metalwork Colossus, Metalwork Colossus, Mulldrifter"
Extra Life 2022,Secret Lair Drop,Other,SLD,2022-11-04,162.2,"Sliver Legion, Sliver Legion, Birds of Paradise, Birds of Paradise, Lathliss, Dragon Queen"
Extra Life 2022 Foil Edition,Secret Lair Drop,Other,SLD,2022-11-04,162.2,"Sliver Legion, Sliver Legion, Birds of Paradise, Birds of Paradise, Lathliss, Dragon Queen"
Eyes of Shadow,Theme Deck,Other,PS11,2011-01-01,0.0,"Swamp, Swamp, Swamp, Swamp, Mortivore"
FINAL FANTASY: Game Over,Secret Lair Drop,Other,SLD,2025-06-10,75.94,"Toxic Deluge, Temporal Extortion, Praetor's Grasp, Star of Extinction, Day of Judgment"
FINAL FANTASY: Game Over Foil Edition,Secret Lair Drop,Other,SLD,2025-06-10,75.94,"Toxic Deluge, Temporal Extortion, Praetor's Grasp, Star of Extinction, Day of Judgment"
FINAL FANTASY: Grimoire,Secret Lair Drop,Other,SLD,2025-06-10,60.25,"Cyclonic Rift, Heroic Intervention, Lightning Bolt, Damn, Prismatic Ending"
FINAL FANTASY: Grimoire Foil Edition,Secret Lair Drop,Other,SLD,2025-06-10,60.25,"Cyclonic Rift, Heroic Intervention, Lightning Bolt, Damn, Prismatic Ending"
FINAL FANTASY: Weapons,Secret Lair Drop,Other,SLD,2025-06-10,75.9,"Sword of Truth and Justice, Umezawa's Jitte, Colossus Hammer, Blade of Selves, Staff of the Storyteller"
FINAL FANTASY: Weapons Foil Edition,Secret Lair Drop,Other,SLD,2025-06-10,75.9,"Sword of Truth and Justice, Umezawa's Jitte, Colossus Hammer, Blade of Selves, Staff of the Storyteller"
FORTNITE,Secret Lair Drop,Other,SLD,2022-09-02,128.72,"Triumph of the Hordes, Grim Tutor, Etherium Sculptor, Smuggler's Copter, Planar Bridge"
FORTNITE Foil Edition,Secret Lair Drop,Other,SLD,2022-09-02,128.72,"Triumph of the Hordes, Grim Tutor, Etherium Sculptor, Smuggler's Copter, Planar Bridge"
FORTNITE: Landmarks and Locations,Secret Lair Drop,Other,SLD,2022-09-02,51.78,"Island, Forest, Swamp, Mountain, Plains"
FORTNITE: Landmarks and Locations Foil Edition,Secret Lair Drop,Other,SLD,2022-09-02,51.78,"Island, Forest, Swamp, Mountain, Plains"
Face the Hydra,Challenge Deck,Other,TFTH,2013-10-19,20.76,"Savage Vigor Head, Shrieking Titan Head, Snapping Fang Head, Noxious Hydra Breath, Ravenous Brute Head"
Faerie Pranks,Arena Starter Deck,Other,OTJ,2024-07-08,95.33,"Roaming Throne, Undercity Sewers, Talion, the Kindly Lord, Three Steps Ahead, Faerie Slumber Party"
"Faerie, Faerie, Faerie Rad",Secret Lair Drop,Other,SLD,2021-04-13,124.78,"Glen Elendra Archmage, Spellstutter Sprite, Vendilion Clique, Mistbind Clique"
Faeries 1,Jumpstart,Other,J22,2022-12-02,13.29,"Spellstutter Sprite, Vendilion Clique, Wavebreak Hippocamp, Instruments of War, Pestermite"
Faeries 2,Jumpstart,Other,J22,2022-12-02,8.64,"Spellstutter Sprite, Faerie Seer, Stolen by the Fae, Instruments of War, Pestermite"
Fallout: Beyond Vault 33,Secret Lair Drop,Other,SLD,2026-02-16,27.05,"The Ghoul, Gunslinger, Lucy MacLean, Positively Armed, Pre-War Formalwear, Spirit Mantle, Maximus, Knight Apparent"
Fallout: Beyond Vault 33 Foil Edition,Secret Lair Drop,Other,SLD,2026-02-16,27.05,"The Ghoul, Gunslinger, Lucy MacLean, Positively Armed, Pre-War Formalwear, Spirit Mantle, Maximus, Knight Apparent"
Fallout: Greet the Dog,Secret Lair Drop,Other,SLD,2026-02-16,40.37,"Sol Ring, Arcane Signet, Yoshimaru, Ever Faithful, Patchwork Banner, Lightning Greaves"
Fallout: Greet the Dog Foil Edition,Secret Lair Drop,Other,SLD,2026-02-16,40.37,"Sol Ring, Arcane Signet, Yoshimaru, Ever Faithful, Patchwork Banner, Lightning Greaves"
Fallout: Points of Interest,Secret Lair Drop,Other,SLD,2024-04-15,83.91,"Reflecting Pool, Bojuka Bog, Reliquary Tower, Command Beacon, Fabled Passage"
Fallout: Points of Interest Foil Edition,Secret Lair Drop,Other,SLD,2024-04-15,114.67,"Bojuka Bog, Reliquary Tower, Reflecting Pool, Command Beacon, Fabled Passage"
Fallout: Rad,Secret Lair Drop,Other,SLD,2026-02-16,56.45,"Mesmeric Orb, Mindcrank, The Wise Mothman, Mutational Advantage, Ripples of Potential"
Fallout: Rad Foil Edition,Secret Lair Drop,Other,SLD,2026-02-16,56.45,"Mesmeric Orb, Mindcrank, The Wise Mothman, Mutational Advantage, Ripples of Potential"
Fallout: SPECIAL,Secret Lair Drop,Other,SLD,2024-04-15,60.51,"Idyllic Tutor, Propaganda, Steelshaper's Gift, Anger, Elixir of Immortality"
Fallout: SPECIAL Foil Edition,Secret Lair Drop,Other,SLD,2024-04-15,68.54,"Propaganda, Idyllic Tutor, Steelshaper's Gift, Anger, Elixir of Immortality"
Fallout: Vault Boy,Secret Lair Drop,Other,SLD,2024-04-15,72.83,"Trinisphere, Grand Arbiter Augustin IV, Sphere of Resistance, Winter Orb"
Fallout: Vault Boy Foil Edition,Secret Lair Drop,Other,SLD,2024-04-15,68.1,"Trinisphere, Grand Arbiter Augustin IV, Winter Orb, Sphere of Resistance"
Fallout: Welcome to New Vegas,Secret Lair Drop,Other,SLD,2026-02-16,43.67,"Nuka-Cola Vending Machine, Isshin, Two Heavens as One, Tinybones, Trinket Thief, Caged Sun, The Deck of Many Things"
Fallout: Welcome to New Vegas Foil Edition,Secret Lair Drop,Other,SLD,2026-02-16,43.67,"Nuka-Cola Vending Machine, Isshin, Two Heavens as One, Tinybones, Trinket Thief, Caged Sun, The Deck of Many Things"
Fangs 1,Jumpstart,Other,J22,2022-12-02,9.95,"Rodolf Duskbringer, Creeping Bloodsucker, Oathsworn Vampire, Falkenrath Noble, Epicure of Blood"
Fangs 2,Jumpstart,Other,J22,2022-12-02,9.95,"Rodolf Duskbringer, Creeping Bloodsucker, Vampiric Rites, Oathsworn Vampire, Falkenrath Noble"
Fangs 3,Jumpstart,Other,J22,2022-12-02,8.3,"Creeping Bloodsucker, Blood Artist, Oathsworn Vampire, Ancient Craving, Tivash, Gloom Summoner"
Fangs 4,Jumpstart,Other,J22,2022-12-02,22.59,"Vito, Thorn of the Dusk Rose, Creeping Bloodsucker, Blood Artist, Oathsworn Vampire, Feast of Blood"
Fangs of the Bloodchief,Intro Pack,Other,WWK,2010-02-05,53.76,"Anowon, the Ruin Sage, Butcher of Malakir, Diabolic Tutor, Urge to Feed, Vampire Nighthawk"
Fangs of the Predator,Theme Deck,Other,PS11,2011-01-01,0.0,"Forest, Forest, Forest, Forest, Molimo, Maro-Sorcerer"
Fantastic,Jumpstart,Other,MSH,2026-06-26,31.33,"The Fantastic Four, Daily Bugle Newspaper, Farseek, Wall Off, Mister Fantastic, Reed Richards"
"Far Out, Man",Secret Lair Drop,Other,SLD,2022-05-06,74.4,"Mystical Tutor, Counterspell, Fabricate, Fact or Fiction, Aether Gust"
"Far Out, Man Foil Edition",Secret Lair Drop,Other,SLD,2022-05-06,74.4,"Mystical Tutor, Counterspell, Fabricate, Fact or Fiction, Aether Gust"
Fate,Clash Pack,Other,M15,2014-07-18,32.85,"Aetherspouts, Prophet of Kruphix, Kiora's Follower, Curse of the Swine, Hypnotic Siren"
Fate Blaster,Theme Deck,Other,FUT,2007-05-04,218.32,"Dandân, Vedalken Aethermage, Mystic Speculation, Frozen Aether, Magus of the Future"
Fate Reforged Fat Pack Land Pack,Bundle Land Pack,Other,FRF,2015-01-23,1.32,"Island, Island, Forest, Plains, Plains"
Fate Reforged Foil Redemption,MTGO Redemption,Other,FRF,2015-02-22,200.6,"Merciless Executioner, Ugin, the Spirit Dragon, Temporal Trespass, Dark Deal, Atarka, World Render"
Fate Reforged Redemption,MTGO Redemption,Other,FRF,2015-02-22,226.89,"Merciless Executioner, Ugin, the Spirit Dragon, Temporal Trespass, Dark Deal, Atarka, World Render"
Fate and Fury,Clash Pack,Other,M15,2014-07-18,183.47,"Nykthos, Shrine to Nyx, Aetherspouts, Prophet of Kruphix, Kiora's Follower, Courser of Kruphix"
Fates Foreseen,Intro Pack,Other,JOU,2014-05-02,1.04,"Island, Interpret the Signs, Island, Pull from the Deep, Island"
Favors From Nyx,Intro Pack,Other,THS,2013-09-27,16.28,"Gift of Immortality, Banisher Priest, Plains, Doom Blade, Swamp"
"Fblthp: Completely, Utterly, Totally Lost",Secret Lair Drop,Other,SLD,2022-05-06,66.37,"Frantic Search, Path to Exile, Intruder Alarm, Well of Lost Dreams, Shelldock Isle"
"Fblthp: Completely, Utterly, Totally Lost Foil Edition",Secret Lair Drop,Other,SLD,2022-05-06,66.37,"Frantic Search, Path to Exile, Intruder Alarm, Well of Lost Dreams, Shelldock Isle"
Fearless,Jumpstart,Other,MSH,2026-06-26,13.68,"Daredevil, Fearless Fighter, Elektra, Femme Fatale, Daredevil's Billy Club, Fogwell's Gym, Stick, Fearless Mentor"
Feast of Flesh,Intro Pack,Other,NPH,2011-05-13,100.26,"Whipflare, Mountain, Swamp, Swamp, Go for the Throat"
Feathered Friends (1),Jumpstart,Other,JMP,2020-07-17,0.0,"Plains, Steel-Plume Marshal, Healer's Hawk, Plains, Aven Gagglemaster"
Feathered Friends (2),Jumpstart,Other,JMP,2020-07-17,0.0,"Angelic Ascension, Plains, Steel-Plume Marshal, Healer's Hawk, Plains"
Feathered Friends (3),Jumpstart,Other,JMP,2020-07-17,1.91,"Angel of the Dire Hour, Plains, Healer's Hawk, Plains, Aven Gagglemaster"
Feathered Friends (4),Jumpstart,Other,JMP,2020-07-17,0.0,"Plains, Healer's Hawk, Aegis of the Heavens, Plains, Warded Battlements"
Featuring: Andrew MacLean,Secret Lair Drop,Other,SLD,2024-07-30,46.24,"Arbor Elf, Maelstrom Wanderer, Nirkana Revenant, Terastodon"
Featuring: Andrew MacLean Foil Edition,Secret Lair Drop,Other,SLD,2024-07-30,46.24,"Arbor Elf, Maelstrom Wanderer, Nirkana Revenant, Terastodon"
Featuring: Deathburger,Secret Lair Drop,Other,SLD,2025-07-29,55.04,"Goblin Engineer, Arcbound Ravager, Foundry Inspector, Ethersworn Canonist, Dance of the Manse"
Featuring: Deathburger Galaxy Foil Edition,Secret Lair Drop,Other,SLD,2025-07-29,55.04,"Goblin Engineer, Arcbound Ravager, Foundry Inspector, Ethersworn Canonist, Dance of the Manse"
Featuring: Gary Baseman,Secret Lair Drop,Other,SLD,2023-09-15,64.78,"Forest, Swamp, Island, Mountain, Plains"
Featuring: Gary Baseman Foil Edition,Secret Lair Drop,Other,SLD,2023-09-15,64.78,"Forest, Swamp, Island, Mountain, Plains"
Featuring: Imiri Sakabashira,Secret Lair Drop,Other,SLD,2025-06-10,43.23,"Consecrated Sphinx, Scion of Draco, Mirage Mirror, Resculpt"
Featuring: Imiri Sakabashira Foil Edition,Secret Lair Drop,Other,SLD,2025-06-10,43.23,"Consecrated Sphinx, Scion of Draco, Mirage Mirror, Resculpt"
Featuring: Jay Howell,Secret Lair Drop,Other,SLD,2025-05-13,65.53,"Treasonous Ogre, Uncivil Unrest, Agent of Treachery, Priest of Forgotten Gods, Marchesa, the Black Rose"
Featuring: Jay Howell Foil Edition,Secret Lair Drop,Other,SLD,2025-05-13,65.53,"Treasonous Ogre, Uncivil Unrest, Agent of Treachery, Priest of Forgotten Gods, Marchesa, the Black Rose"
Featuring: Julie Bell,Secret Lair Drop,Other,SLD,2024-07-10,59.96,"Coat of Arms, Elves of Deep Shadow, Soul Warden, Good-Fortune Unicorn, Shivan Dragon"
Featuring: Julie Bell Foil Edition,Secret Lair Drop,Other,SLD,2024-07-10,59.96,"Coat of Arms, Elves of Deep Shadow, Soul Warden, Good-Fortune Unicorn, Shivan Dragon"
Featuring: Kevin Eastman (Colors),Secret Lair Drop,Other,SLD,2026-03-03,44.09,"Sakashima's Student, Guttersnipe, Throat Slitter, Loxodon Gatekeeper"
Featuring: Kevin Eastman (Colors) Foil Edition,Secret Lair Drop,Other,SLD,2026-03-03,44.09,"Sakashima's Student, Guttersnipe, Throat Slitter, Loxodon Gatekeeper"
Featuring: Kevin Eastman (Inks),Secret Lair Drop,Other,SLD,2026-03-03,29.64,"Sakashima's Student, Throat Slitter, Guttersnipe, Loxodon Gatekeeper"
Featuring: Kevin Eastman (Inks) Foil Edition,Secret Lair Drop,Other,SLD,2026-03-03,29.64,"Sakashima's Student, Throat Slitter, Guttersnipe, Loxodon Gatekeeper"
Featuring: Luke Pearson,Secret Lair Drop,Other,SLD,2025-02-11,61.02,"Realmwalker, Bear Umbra, Witch of the Moors, Solemn Simulacrum"
Featuring: Luke Pearson Foil Edition,Secret Lair Drop,Other,SLD,2025-02-11,61.02,"Realmwalker, Bear Umbra, Witch of the Moors, Solemn Simulacrum"
Featuring: Mitsuhiro Arita,Secret Lair Drop,Other,SLD,2025-02-11,45.75,"Murktide Regent, Light-Paws, Emperor's Voice, Shorikai, Genesis Engine, Lightning Bolt"
Featuring: Mitsuhiro Arita Foil Edition,Secret Lair Drop,Other,SLD,2025-02-11,45.75,"Murktide Regent, Light-Paws, Emperor's Voice, Shorikai, Genesis Engine, Lightning Bolt"
Featuring: Not a Wolf,Secret Lair Drop,Other,SLD,2024-07-10,68.58,"Beastmaster Ascension, Tovolar, Dire Overlord // Tovolar, the Midnight Scourge, Second Harvest, Avabruck Caretaker // Hollowhenge Huntmaster, Howl of the Night Pack"
Featuring: Not a Wolf Foil Edition,Secret Lair Drop,Other,SLD,2024-07-10,68.58,"Beastmaster Ascension, Tovolar, Dire Overlord // Tovolar, the Midnight Scourge, Second Harvest, Avabruck Caretaker // Hollowhenge Huntmaster, Howl of the Night Pack"
Featuring: Peach Momoko,Secret Lair Drop,Other,SLD,2024-10-01,93.96,"Aetherize, Psychic Corrosion, Time Sieve, Visions of Beyond, Drown in Dreams"
Featuring: Peach Momoko Foil Edition,Secret Lair Drop,Other,SLD,2024-10-01,93.96,"Aetherize, Psychic Corrosion, Time Sieve, Visions of Beyond, Drown in Dreams"
Featuring: Phoebe Wahl,Secret Lair Drop,Other,SLD,2024-04-15,62.33,"Door of Destinies, Swords to Plowshares, Alela, Artful Provocateur, Dockside Chef, Faerie Artisans"
Featuring: Phoebe Wahl Foil Edition,Secret Lair Drop,Other,SLD,2024-04-15,72.47,"Door of Destinies, Alela, Artful Provocateur, Swords to Plowshares, Dockside Chef, Faerie Artisans"
Featuring: Stan Sakai,Secret Lair Drop,Other,SLD,2026-03-03,58.29,"Master of Ceremonies, Baylen, the Haymaker, Sunforger, Second Harvest, Felidar Retreat"
Featuring: Stan Sakai Foil Edition,Secret Lair Drop,Other,SLD,2026-03-03,58.29,"Master of Ceremonies, Baylen, the Haymaker, Sunforger, Second Harvest, Felidar Retreat"
Featuring: the Mountain Goats,Secret Lair Drop,Other,SLD,2023-08-29,46.62,"Mountain, Mountain, Mountain, Mountain, Mountain"
Featuring: the Mountain Goats Foil Edition,Secret Lair Drop,Other,SLD,2023-08-29,46.62,"Mountain, Mountain, Mountain, Mountain, Mountain"
Felix the Cat: Magic Bag of Tricks,Secret Lair Drop,Other,SLD,2026-06-16,39.96,"Barrowgoyf, Future Sight, Time Stretch, Mind's Eye, Throes of Chaos"
Felix the Cat: Magic Bag of Tricks Foil Edition,Secret Lair Drop,Other,SLD,2026-06-16,39.96,"Barrowgoyf, Future Sight, Time Stretch, Mind's Eye, Throes of Chaos"
Ferocious 1,Jumpstart,Other,J22,2022-12-02,7.46,"Rhonas the Indomitable, Colossal Majesty, Roar of Challenge, Rampaging Growth, Thriving Grove"
Ferocious 2,Jumpstart,Other,J22,2022-12-02,2.8,"Goreclaw, Terror of Qal Sisma, Colossal Majesty, Roar of Challenge, Thriving Grove, Ilysian Caryatid"
Ferocious 3,Jumpstart,Other,J22,2022-12-02,5.62,"Prowling Serpopard, Colossal Majesty, Roar of Challenge, Thriving Grove, Ornery Dilophosaur"
Ferocious 4,Jumpstart,Other,J22,2022-12-02,1.36,"Colossal Majesty, Bonders' Enclave, Roar of Challenge, Towering Gibbon, Creeperhulk"
Fiendish Nature,Theme Deck,Other,UDS,1999-06-07,281.34,"Phyrexian Reclamation, Pattern of Rebirth, Rancor, Yavimaya Elder, Gamekeeper"
Fiendish Nature - Enhanced Deck,Enhanced Deck,Other,UDS,1999-06-07,318.52,"Recurring Nightmare, Pattern of Rebirth, Rancor, Engineered Plague, Yavimaya Elder"
Fiery 1,Jumpstart,Other,J22,2022-12-02,1.04,"Chandra, Flame's Fury, Thrill of Possibility, Spiteful Prankster, Chandra's Pyrohelix, Chandra's Magmutt"
Fiery 2,Jumpstart,Other,J22,2022-12-02,1.65,"Banefire, Thrill of Possibility, Magmatic Channeler, Chandra's Spitfire, Fiery Intervention"
Fiery 3,Jumpstart,Other,J22,2022-12-02,0.0,"Thrill of Possibility, Chandra's Spitfire, Thermo-Alchemist, Ogre Battlecaster, Flame Lash"
Fiery 4,Jumpstart,Other,J22,2022-12-02,0.0,"Thrill of Possibility, Chandra's Spitfire, Searing Spear, Ogre Battlecaster, Fiery Intervention"
Fiery Dawn,Intro Pack,Other,AVR,2012-05-04,36.1,"Cathars' Crusade, Goldnight Commander, Plains, Devout Chaplain, Commander's Authority"
Fiery Fury,MTGO Theme Deck,Other,WTH,2007-12-12,69.34,"Firestorm, Crystal Vein, Fireblast, Mind Stone, Mountain"
Fifth Dawn Foil Redemption,MTGO Redemption,Other,5DN,2004-07-04,2261.26,"Grinding Station, Mycosynth Golem, Beacon of Immortality, Eternal Witness, Krark-Clan Ironworks"
Fifth Dawn Redemption,MTGO Redemption,Other,5DN,2004-07-04,2261.26,"Grinding Station, Mycosynth Golem, Beacon of Immortality, Eternal Witness, Krark-Clan Ironworks"
Final Adventure,Challenger Deck,Other,Q04,2020-04-03,24.33,"Vraska, Golgari Queen, Fabled Passage, Knight of the Ebon Legion, Castle Locthwain, Midnight Reaper"
Final Fantasy Bundle Land Pack,Bundle Land Pack,Other,FIN,2025-06-13,3.66,"Wastes, Wastes, Swamp, Swamp, Forest"
Finally! Left-Handed Magic Cards,Secret Lair Drop,Other,SLD,2022-08-05,80.61,"Rograkh, Son of Rohgahh, Empress Galina, Sisay, Weatherlight Captain, Garruk, Caller of Beasts, Geralf's Messenger"
Finally! Left-Handed Magic Cards Foil Edition,Secret Lair Drop,Other,SLD,2022-08-05,80.61,"Rograkh, Son of Rohgahh, Empress Galina, Sisay, Weatherlight Captain, Garruk, Caller of Beasts, Geralf's Messenger"
Finkel,Theme Deck,Other,DKM,2001-12-01,198.16,"Necropotence, Sulfurous Springs, Incinerate, Underground River, Dark Ritual"
Fire Nation,Jumpstart,Other,TLE,2025-11-20,17.44,"Longshot, Rebel Bowman, Storm of Memories, Zuko, Seeking Honor, Thriving Bluff, Fists of Flame"
Fire Surge,Intro Pack,Other,M14,2013-07-19,0.0,"Mountain, Island, Goblin Shortcutter, Mountain, Island"
Fire and Lightning,Premium Deck,Other,PD2,2010-11-19,18.57,"Price of Progress, Reverberate, Chain Lightning, Fireblast, Lightning Bolt"
Firebending (1),Jumpstart,Other,TLE,2025-11-20,7.82,"Reckless Blaze, Firebender Ascension, Thriving Bluff, Roku's Mastery, Mountain"
Firebending (2),Jumpstart,Other,TLE,2025-11-20,6.71,"Reckless Blaze, Thriving Bluff, Mountain, Loyal Fire Sage, Zuko, Exiled Prince"
Firebomber,Intro Pack,Other,M10,2009-07-17,43.59,"Earthquake, Lightning Bolt, Island, Sleep, Mountain"
Fireworks,Arena Starter Deck,Other,AFR,2021-09-24,11.36,"Riverglide Pathway // Lavaglide Pathway, Archmage Emeritus, Volatile Fjord, Demilich, Prismari Command"
Fixed Content,Deck Builder's Toolkit,Other,MBS,2011-03-11,160.84,"Preordain, Soul's Attendant, Viscera Seer, Overgrown Battlement, Kor Skyfisher"
Flames Of The Dragon,Intro Pack,Other,M15,2014-07-18,8.43,"Darksteel Citadel, Ensoul Artifact, Rogue's Gloves, Ornithopter, Wall of Frost"
Flames of Rath - Advanced Deck,Advanced Deck,Other,TMP,1997-10-14,126.04,"Reflecting Pool, Undiscovered Paradise, Gemstone Mine, Furnace of Rath, Ball Lightning"
Flash of Ferocity,Challenger Deck,Other,Q04,2020-04-03,16.66,"Fabled Passage, Brazen Borrower // Petty Theft, Spectral Sailor, Nightpack Ambusher, Castle Vantress"
Flight of the Witch King,Box Set,Other,LTC,2023-11-03,83.2,"Call Forth the Tempest, Nazgûl Battle-Mace, Minas Morgul, Dark Fortress, Witch-king, Sky Scourge, Fell Beast of Mordor"
Flower Power,Secret Lair Drop,Other,SLD,2025-10-20,49.68,"Forest, Island, Mountain, Swamp, Plains"
Flower Power Foil Edition,Secret Lair Drop,Other,SLD,2025-10-20,49.68,"Forest, Island, Mountain, Swamp, Plains"
Flyover,Intro Pack,Other,WWK,2010-02-05,22.42,"Everflowing Chalice, Lightkeeper of Emeria, Kor Cartographer, Marshal's Anthem, Sleep"
Forest Dragon,Shandalar Enemy Deck,Other,PAST,1997-04-01,57.57,"Desert Twister, Sandstorm, Untamed Wilds, Crumble, Cockatrice"
Forest's Might,Arena Starter Deck,Other,ANB,2019-09-26,6.33,"Voracious Hydra, Gargos, Vicious Watcher, Season of Growth, Meteor Golem, Giant Growth"
Forest's Might 2,Arena Starter Deck,Other,ANB,2020-03-12,6.33,"Voracious Hydra, Gargos, Vicious Watcher, Season of Growth, Giant Growth, Aggressive Mammoth"
Forged in Battle,Intro Pack,Other,BNG,2014-02-07,6.4,"Searing Blood, Plains, Akroan Skyguard, Akroan Crusader, Elite Skirmisher"
Foundations Bundle Land Pack,Bundle Land Pack,Other,FDN,2024-11-15,2.86,"Swamp, Swamp, Mountain, Mountain, Plains"
Freedom Fighters,Jumpstart,Other,TLE,2025-11-20,4.01,"The Duke, Rebel Sentry, Jet, Rebel Leader, Valorous Stance, Plains, Thriving Heath"
From the Vault: Angels,Box Set,Other,V15,2015-08-21,114.33,"Avacyn, Angel of Hope, Iona, Shield of Emeria, Aurelia, the Warleader, Platinum Angel, Akroma, Angel of Wrath"
From the Vault: Annihilation,Box Set,Other,V14,2014-08-22,55.05,"Armageddon, Living Death, Cataclysm, Decree of Annihilation, Smokestack"
From the Vault: Dragons,Box Set,Other,DRB,2008-08-29,134.54,"Kokusho, the Evening Star, Dragonstorm, Bladewing the Risen, Draco, Nicol Bolas"
From the Vault: Exiled,Box Set,Other,V09,2009-08-28,508.61,"Lotus Petal, Sensei's Divining Top, Necropotence, Strip Mine, Goblin Lackey"
From the Vault: Legends,Box Set,Other,V11,2011-08-26,163.49,"Ulamog, the Infinite Gyre, Kiki-Jiki, Mirror Breaker, Captain Sisay, Sun Quan, Lord of Wu, Doran, the Siege Tower"
From the Vault: Lore,Box Set,Other,V16,2016-08-19,95.34,"Cabal Ritual, Umezawa's Jitte, Beseech the Queen, Unmask, Glissa, the Traitor"
From the Vault: Realms,Box Set,Other,V12,2012-08-31,415.66,"Ancient Tomb, Urborg, Tomb of Yawgmoth, Glacial Chasm, Dryad Arbor, Boseiju, Who Shelters All"
From the Vault: Relics,Box Set,Other,V10,2010-08-27,1555.43,"Mox Diamond, Memory Jar, Isochron Scepter, Sol Ring, Masticore"
From the Vault: Transform,Box Set,Other,V17,2017-11-24,93.13,"Gisela, the Broken Blade // Brisela, Voice of Nightmares, Bloodline Keeper // Lord of Lineage, Liliana, Heretical Healer // Liliana, Defiant Necromancer, Bruna, the Fading Light // Brisela, Voice of Nightmares, Elbrus, the Binding Blade // Withengar Unbound"
From the Vault: Twenty,Box Set,Other,V13,2013-08-23,164.16,"Green Sun's Zenith, Tangle Wire, Ink-Eyes, Servant of Oni, Dark Ritual, Jace, the Mind Sculptor"
Full Sleeves: the Tattoo Pack,Secret Lair Drop,Other,SLD,2020-06-01,43.36,"Inkmoth Nexus, Blood Artist, Eternal Witness, Spell Pierce, Pithing Needle"
Fun Guys (1),Jumpstart,Other,J25,2024-11-07,4.97,"Shroofus Sproutsire, Spore Swarm, Saproling Migration, Tukatongue Thallid, Fungal Plots"
Fun Guys (2),Jumpstart,Other,J25,2024-11-07,4.97,"Shroofus Sproutsire, Spore Swarm, Verdeloth the Ancient, Undercellar Myconid, Saproling Migration"
Fun With Fungus,Theme Deck,Other,TSP,2006-10-06,294.7,"Claws of Gix, Pendelhaven, Fallen Ideal, Verdant Embrace, Dread Return"
Fungus Master,Shandalar Enemy Deck,Other,PAST,1997-04-01,44.3,"Oasis, Untamed Wilds, Forest, Fungusaur, Island"
Furby: Doo-ay Noo-lah,Secret Lair Drop,Other,SLD,2025-10-27,51.16,"Sol Ring, Chromatic Lantern, Inspiring Call, Explore, Distant Melody"
Furby: Doo-ay Noo-lah Confetti Foil Edition,Secret Lair Drop,Other,SLD,2025-10-27,102.32,"Sol Ring, Chromatic Lantern, Explore, Inspiring Call, Distant Melody"
Furby: Doo-ay Noo-lah Foil Edition,Secret Lair Drop,Other,SLD,2025-10-27,51.16,"Sol Ring, Chromatic Lantern, Inspiring Call, Explore, Distant Melody"
Furby: Furbys: The Gathering,Secret Lair Drop,Other,SLD,2025-10-27,58.17,"Tamiyo's Safekeeping, Sphere of Safety, Phyrexian Arena, Miscast, Tormenting Voice"
Furby: Furbys: The Gathering Confetti Foil Edition,Secret Lair Drop,Other,SLD,2025-10-27,105.93,"Tamiyo's Safekeeping, Sphere of Safety, Phyrexian Arena, Miscast, Tormenting Voice"
Furby: Furbys: The Gathering Foil Edition,Secret Lair Drop,Other,SLD,2025-10-27,58.17,"Tamiyo's Safekeeping, Sphere of Safety, Phyrexian Arena, Miscast, Tormenting Voice"
Furby: The Oddbodies,Secret Lair Drop,Other,SLD,2025-10-27,86.19,"Umbris, Fear Manifest, Hullbreaker Horror, Maddening Cacophony, Spellskite, Serum Visions"
Furby: The Oddbodies Confetti Foil Edition,Secret Lair Drop,Other,SLD,2025-10-27,132.97,"Hullbreaker Horror, Umbris, Fear Manifest, Spellskite, Maddening Cacophony, Serum Visions"
Furby: The Oddbodies Foil Edition,Secret Lair Drop,Other,SLD,2025-10-27,86.19,"Umbris, Fear Manifest, Hullbreaker Horror, Maddening Cacophony, Spellskite, Serum Visions"
Furious Forces,Intro Pack,Other,DTK,2015-03-27,31.13,"Savage Ventmaw, Berserkers' Onslaught, Dragonlord's Servant, Forest, Mountain"
Fury,Clash Pack,Other,M15,2014-07-18,153.94,"Nykthos, Shrine to Nyx, Courser of Kruphix, Elvish Mystic, Genesis Hydra, Reclamation Sage"
Future Shock,Theme Deck,Other,FUT,2007-05-04,237.16,"Dryad Arbor, Nacatl War-Pride, Edge of Autumn, Baru, Fist of Krosa, Emblem of the Warmind"
Future Sight Foil Redemption,MTGO Redemption,Other,FUT,2007-06-03,2758.04,"Sliver Legion, Tarmogoyf, Dryad Arbor, Summoner's Pact, Magus of the Moon"
Future Sight Redemption,MTGO Redemption,Other,FUT,2007-06-03,2758.04,"Sliver Legion, Tarmogoyf, Dryad Arbor, Summoner's Pact, Magus of the Moon"
Gabriel Nassif - Blue-White Anti-Affinity Control,World Championship Deck,Other,WC04,2004-09-01,35.44,"Flooded Strand, Exalted Angel, Island, Plains, Plains"
Gandalf in the Pelennor Fields,Box Set,Other,LTC,2023-11-03,20.8,"Rammas Echor, Ancient Shield, Olórin's Searing Light, Gandalf of the Secret Fire, Sorcerous Squall, Courageous Resolve"
Garden Buds,Secret Lair Drop,Other,SLD,2025-03-25,81.87,"Ashaya, Soul of the Wild, Horn of Greed, Elvish Reclaimer, World Shaper, Harrow"
Garden Buds Foil Edition,Secret Lair Drop,Other,SLD,2025-03-25,81.87,"Ashaya, Soul of the Wild, Horn of Greed, Elvish Reclaimer, World Shaper, Harrow"
Garfield,Theme Deck,Other,DKM,2001-12-01,37.61,"Incinerate, Incinerate, Jokulhaups, Karplusan Forest, Lhurgoyf"
Garfield: As Intended,Secret Lair Drop,Other,SLD,2026-06-16,41.26,"Counterspell, Dark Ritual, Swords to Plowshares, Fog, Earthquake"
Garfield: As Intended Foil Edition,Secret Lair Drop,Other,SLD,2026-06-16,41.26,"Counterspell, Dark Ritual, Swords to Plowshares, Fog, Earthquake"
Garfield: Motivationally Challenged,Secret Lair Drop,Other,SLD,2026-06-16,45.06,"Rin and Seri, Inseparable, Orim's Chant, Sol Ring, Ponder, Beast Within"
Garfield: Motivationally Challenged Foil Edition,Secret Lair Drop,Other,SLD,2026-06-16,45.06,"Rin and Seri, Inseparable, Orim's Chant, Sol Ring, Ponder, Beast Within"
Garfield: Our Only Thought is to Entertain You,Secret Lair Drop,Other,SLD,2026-06-16,33.72,"It That Betrays, Maddening Cacophony, Maddening Hex, Molten Collapse, Hunter's Insight"
Garfield: Our Only Thought is to Entertain You Foil Edition,Secret Lair Drop,Other,SLD,2026-06-16,33.72,"It That Betrays, Maddening Cacophony, Maddening Hex, Molten Collapse, Hunter's Insight"
Garland at the Chaos Shrine,Box Set,Other,FIN,2025-06-13,46.23,"The Destined Black Mage, The Destined White Mage, Garland, Royal Kidnapper, Chaos Shrine's Black Crystal, The Destined Warrior"
Garruk,Duel Deck,Other,DDD,2009-10-30,12.1,"Garruk Wildspeaker, Nature's Lore, Rancor, Lignify, Rude Awakening"
"Garruk, Savage Herald",Planeswalker Deck,Other,M21,2020-07-03,8.91,"Ram Through, Garruk, Savage Herald, Garruk's Uprising, Forest, Ilysian Caryatid"
Gatecrash Foil Redemption,MTGO Redemption,Other,GTC,2013-03-03,526.99,"Aurelia, the Warleader, Sylvan Primordial, Legion Loyalist, Godless Shrine, Watery Grave"
Gatecrash Redemption,MTGO Redemption,Other,GTC,2013-03-03,526.99,"Aurelia, the Warleader, Sylvan Primordial, Legion Loyalist, Godless Shrine, Watery Grave"
Gatecrasher,MTGO Theme Deck,Other,WTH,2007-12-12,7.41,"Uktabi Orangutan, Mountain, Maraxus of Keld, Aboroth, Forest"
Geniuses,Jumpstart,Other,MSH,2026-06-26,3.88,"Reed Richards, Smartest Man, Ant-Man, Reformed Rogue, Shuri, Vibranium Technologist, Kid Loki, Super Intelligence"
"George Baxter, Quarterfinalist",Pro Tour Deck,Other,PTC,1996-05-01,104.14,"Hypnotic Specter, City of Brass, Sulfurous Springs, Lightning Bolt, Mishra's Factory"
Ghastly (1),Jumpstart,Other,J25,2024-11-07,0.0,"Harvester of Souls, Dross Hopper, Village Rites, Ozox, the Clattering King, Murder"
Ghastly (2),Jumpstart,Other,J25,2024-11-07,0.0,"Bloodgift Demon, Village Rites, Ozox, the Clattering King, Typhoid Rats, Tragic Slip"
Ghastly (3),Jumpstart,Other,J25,2024-11-07,0.0,"Reaper from the Abyss, Wriggling Grub, Dross Hopper, Ozox, the Clattering King, Deadly Dispute"
Ghastly (4),Jumpstart,Other,J25,2024-11-07,1.12,"Army of the Damned, Shambling Ghast, Ozox, the Clattering King, Deadly Dispute, Tragic Slip"
Ghost of Tsushima,Secret Lair Drop,Other,SLD,2025-11-06,150.53,"Jin Sakai, Ghost of Tsushima, Borne Upon a Wind, Path to Exile, Eiganjo Castle, Ghostly Flicker"
Ghost of Tsushima Foil Edition,Secret Lair Drop,Other,SLD,2025-11-06,150.53,"Jin Sakai, Ghost of Tsushima, Borne Upon a Wind, Path to Exile, Eiganjo Castle, Ghostly Flicker"
Ghostbusters: Slimer,Secret Lair Drop,Other,SLD,2024-10-01,38.96,"Windfall, Incarnation Technique, Trickbind, The Mimeoplasm, Pernicious Deed"
Ghostbusters: Slimer Foil Edition,Secret Lair Drop,Other,SLD,2024-10-01,38.96,"Windfall, Incarnation Technique, Trickbind, The Mimeoplasm, Pernicious Deed"
Ghostbusters: The Real Ghostbusters,Secret Lair Drop,Other,SLD,2024-10-01,40.85,"Eladamri's Call, Boros Charm, Careful Study, Unlicensed Hearse, Living End"
Ghostbusters: The Real Ghostbusters Foil Edition,Secret Lair Drop,Other,SLD,2024-10-01,40.85,"Eladamri's Call, Boros Charm, Careful Study, Unlicensed Hearse, Living End"
Ghostly Tide,Intro Pack,Other,SOI,2016-04-08,7.94,"Essence Flux, Pore Over the Pages, Rattlechains, Drogskol Cavalry, Plains"
Giddyap,Jumpstart,Other,J25,2024-11-07,3.41,"Thurid, Mare of Destiny, Sungrace Pegasus, Tenacity, Celestial Unicorn, Shield Mare"
Gideon,Archenemy Deck,Other,E01,2017-06-16,17.87,"Grand Abolisher, Plains, Fiendslayer Paladin, Plains, Gideon Jura"
"Gideon, Martial Paragon",Planeswalker Deck,Other,AKH,2017-04-28,2.12,"Mountain, Gideon, Martial Paragon, Ahn-Crop Crasher, Mountain, Plains"
"Gideon, the Oathsworn",Planeswalker Deck,Other,WAR,2019-05-03,16.93,"Cruel Celebrant, Bond of Discipline, Command the Dreadhorde, Charmed Stray, Gideon, the Oathsworn"
Gift Wrapped,Secret Lair Drop,Other,SLD,2023-12-05,61.12,"Homeward Path, Giver of Runes, Moment's Peace, Distant Melody, Cathartic Reunion"
Gift Wrapped Foil Edition,Secret Lair Drop,Other,SLD,2023-12-05,62.39,"Homeward Path, Giver of Runes, Moment's Peace, Distant Melody, Cathartic Reunion"
Gifts of the Gods,Intro Pack,Other,BNG,2014-02-07,18.87,"Gift of Immortality, Sunbond, Plains, Island, Island"
Gigantic 1,Jumpstart,Other,J22,2022-12-02,15.48,"Runadi, Behemoth Caller, Towering Gibbon, Overgrowth, Thrashing Brontodon, Pounce"
Gigantic 2,Jumpstart,Other,J22,2022-12-02,15.48,"Runadi, Behemoth Caller, Engulfing Slagwurm, Towering Gibbon, Overgrowth, Paradise Druid"
Gleeful Flames,Event Deck,Other,DKA,2012-02-24,68.52,"Inkmoth Nexus, Goblin Grenade, Faithless Looting, Infiltration Lens, Hellrider"
Gliding (1),Jumpstart,Other,TLE,2025-11-20,1.27,"Kindly Customer, Momo, Friendly Flier, Plains, Thriving Heath, Glider Staff"
Gliding (2),Jumpstart,Other,TLE,2025-11-20,1.63,"Tale of Momo, Momo, Friendly Flier, Plains, Thriving Heath, Glider Staff"
Glorious Combat,Game Night Deck,Other,GN2,2019-11-15,11.59,"Highcliff Felidar, Sephara, Sky's Blade, Raise the Alarm, Zetalpa, Primal Dawn, Steppe Glider"
Go to School 1,Jumpstart,Other,J22,2022-12-02,0.0,"Kasmina, Enigmatic Mentor, Biblioplex Kraken, Barrin, Tolarian Archmage, Merfolk Pupil, Thriving Isle"
Go to School 2,Jumpstart,Other,J22,2022-12-02,70.26,"Rhystic Study, Kasmina, Enigmatic Mentor, Biblioplex Kraken, Merfolk Pupil, Thriving Isle"
Goblin & Squabblin',Secret Lair Drop,Other,SLD,2023-08-29,310.78,"Muxus, Goblin Grandee, Goblin Recruiter, Goblin Lackey, Goblin Matron, Shattergang Brothers"
Goblin & Squabblin' Foil Edition,Secret Lair Drop,Other,SLD,2023-08-29,444.47,"Muxus, Goblin Grandee, Goblin Recruiter, Goblin Lackey, Goblin Matron, Shattergang Brothers"
Goblin Assault,Theme Deck,Other,S99,1999-07-12,12.61,"Goblin General, Relentless Assault, Mountain, Mountain, Volcanic Dragon"
Goblin Fire,Theme Deck,Other,P02,1998-06-24,30.34,"Goblin General, Wildfire, Mountain, Relentless Assault, Goblin War Strike"
Goblin Mob,Theme Deck,Other,SCG,2003-05-26,466.83,"Siege-Gang Commander, Goblin Warchief, Sulfuric Vortex, Gempalm Incinerator, Goblin War Strike"
Goblin Warlord,Shandalar Enemy Deck,Other,PAST,1997-04-01,246.73,"Mountain, Goblin King, Manabarbs, Tawnos's Weaponry, Helm of Chatzuk"
Goblingram,Secret Lair Drop,Other,SLD,2024-05-30,49.31,"Goblin Welder, Brash Taunter, Goblin Chieftain, Mogg War Marshal, Goblin Ringleader"
Goblingram Foil Edition,Secret Lair Drop,Other,SLD,2024-05-30,49.31,"Goblin Welder, Brash Taunter, Goblin Chieftain, Mogg War Marshal, Goblin Ringleader"
Goblins,Jumpstart,Other,FDN,2024-11-15,1.95,"Dropkick Bomber, Goblin Oriflamme, Frenzied Goblin, Mountain, Mountain"
Goblins (1),Jumpstart,Other,J25,2024-11-07,5.55,"General Kreat, the Boltbringer, Dropkick Bomber, Battle Cry Goblin, Brute Strength, Thriving Bluff"
Goblins (2),Jumpstart,Other,J25,2024-11-07,5.55,"General Kreat, the Boltbringer, Dropkick Bomber, Battle Cry Goblin, Goblin Goliath, Thriving Bluff"
Goblins (3),Jumpstart,Other,JMP,2020-07-17,5.8,"Goblin Chieftain, Mountain, Goblin Goon, Goblin Arsonist, Goblin Instigator"
Goblins (4),Jumpstart,Other,J25,2024-11-07,5.55,"General Kreat, the Boltbringer, Battle Cry Goblin, Goblin Rabblemaster, Brute Strength, Thriving Bluff"
Goblins 1,Jumpstart,Other,J22,2022-12-02,3.72,"Krenko, Mob Boss, Goblin Grenade, Battle Squadron, Hordeling Outburst, Dragon Fodder"
Goblins 2,Jumpstart,Other,J22,2022-12-02,2.57,"Goblin Warchief, Ib Halfheart, Goblin Tactician, Goblin Grenade, Goblin Rally, Dragon Fodder"
Goblins 3,Jumpstart,Other,J22,2022-12-02,14.57,"Muxus, Goblin Grandee, Goblin Grenade, Instruments of War, Destructive Tampering, Dragon Fodder"
Goblins 4,Jumpstart,Other,J22,2022-12-02,6.1,"Ardoz, Cobbler of War, Goblin Rabblemaster, Goblin Grenade, Goblin Rally, Hordeling Outburst"
Goblins Everywhere!,Arena Starter Deck,Other,ANB,2020-08-13,0.0,"Tin Street Cadet, Goblin Tunneler, Nest Robber, Molten Ravager, Goblin Gang Leader"
God of War: Greek,Secret Lair Drop,Other,SLD,2025-11-06,93.7,"Kratos, God of War, Rite of Flame, World at War, Pyrohemia, Sulfuric Vortex"
God of War: Greek Foil Edition,Secret Lair Drop,Other,SLD,2025-11-06,93.7,"Kratos, God of War, Rite of Flame, World at War, Pyrohemia, Sulfuric Vortex"
God of War: Norse,Secret Lair Drop,Other,SLD,2025-11-06,38.89,"Iroas, God of Victory, Kratos, Stoic Father, Atreus, Impulsive Son, Teferi's Ageless Insight // Teferi's Ageless Insight"
God of War: Norse Foil Edition,Secret Lair Drop,Other,SLD,2025-11-06,38.89,"Iroas, God of Victory, Kratos, Stoic Father, Atreus, Impulsive Son, Teferi's Ageless Insight // Teferi's Ageless Insight"
Going Rogue,Theme Deck,Other,MOR,2008-02-01,208.01,"Notorious Throng, Island, Swamp, Oona's Blackguard, Mothdust Changeling"
Gold Deck,Starter Deck,Other,8ED,2003-07-28,23.47,"Rampant Growth, Mountain, Mountain, Forest, Mountain"
Gold Pack,Advanced Pack,Other,8ED,2003-07-28,10.55,"Mountain, Naturalize, Forest, Blanchwood Armor, Silverback Ape"
Golgari,Guild Kit,Other,GK1,2018-11-02,26.95,"Deathrite Shaman, Elves of Deep Shadow, Savra, Queen of the Golgari, Jarad, Golgari Lich Lord, Plaguecrafter"
Golgari Deathcreep,Theme Deck,Other,RAV,2005-10-07,113.54,"Savra, Queen of the Golgari, Elves of Deep Shadow, Golgari Grave-Troll, Golgari Rot Farm, Stinkweed Imp"
Golgari Exploration,Arena Starter Deck,Other,DOM,2018-03-22,26.43,"Tendershoot Dryad, Vizier of the Menagerie, Wildgrowth Walker, Ravenous Chupacabra, Ifnir Deadlands"
Golgari Growth,Intro Pack,Other,RTR,2012-10-05,4.56,"Treasured Find, Grisly Salvage, Korozda Guildmage, Corpsejack Menace, Wild Beastmaster"
Golgari Swarm,Arena Starter Deck,Other,M20,2019-05-03,44.12,"Overgrown Tomb, Underrealm Lich, Assassin's Trophy, Leyline Prowler, Lotleth Giant"
Golgari Swarm 1,Jumpstart,Other,CLU,2024-02-23,19.61,"Amzu, Swarm's Hunger, Golgari Signet, Tribune of Rot, Deadbridge Chant, Golgari Rot Farm"
Golgari Swarm 2,Jumpstart,Other,CLU,2024-02-23,9.93,"Underrealm Lich, Sludge Titan, Tribune of Rot, Fungal Rebirth, Rubblebelt Maverick"
Gondor: Green-White,Starter Kit,Other,LTR,2023-06-23,38.71,"Bilbo's Ring, Aragorn and Arwen, Wed, Galadriel, Gift-Giver, Generous Ent, Gandalf, White Rider"
Grab for Power,Intro Pack,Other,M12,2011-07-15,56.67,"Buried Ruin, Ponder, Diabolic Tutor, Rune-Scarred Demon, Scepter of Empires"
Grave Advantage,Intro Pack,Other,FRF,2015-01-23,64.91,"Merciless Executioner, Archfiend of Depravity, Dark Deal, Hornet Queen, Wall of Mulch"
Grave Matters,Arena Starter Deck,Other,SNC,2022-09-09,10.17,"Deathcap Glade, Old Rutstein, Infernal Grasp, Undead Butler, Shigeki, Jukai Visionary"
Grave Power,Intro Pack,Other,DKA,2012-02-03,16.54,"Gnaw to the Bone, Island, Forest, Aether Adept, Ambush Viper"
Grave Robbers (1),Jumpstart,Other,J25,2024-11-07,0.0,"Murder, Eye Collector, Gorex, the Tombshell, Gorging Vulture, Grave Strength"
Grave Robbers (2),Jumpstart,Other,J25,2024-11-07,0.0,"Doomed Necromancer, Dusk Mangler, Fake Your Own Death, Eye Collector, Gorex, the Tombshell"
Grave Robbers (3),Jumpstart,Other,J25,2024-11-07,0.0,"Persistent Specimen, Murder, Isareth the Awakener, Dreadhound, Gorging Vulture"
Grave Robbers (4),Jumpstart,Other,J25,2024-11-07,0.0,"Liliana, Death's Majesty, Persistent Specimen, Murder, Isareth the Awakener, Shardless Outlander"
Grave Secrets,Arena Starter Deck,Other,LTR,2023-06-20,13.8,"Breach the Multiverse, Darkslick Shores, Gix's Command, Black Sun's Twilight, Contaminated Aquifer"
Graveborn,Premium Deck,Other,PD3,2011-11-18,91.86,"Reanimate, Crystal Vein, Entomb, Cabal Therapy, Animate Dead"
Graveyard Bash,Arena Starter Deck,Other,M19,2018-09-27,9.03,"Death Baron, Open the Graves, Yargle, Glutton of Urborg, Skulduggery, Swamp"
Great Druid,Shandalar Enemy Deck,Other,PAST,1997-04-01,130.88,"Killer Bees, Desert Twister, Birds of Paradise, Untamed Wilds, Verduran Enchantress"
Great Lakes Avengers,Jumpstart,Other,MSH,2026-06-26,31.28,"Tippy-Toe, Terrific Partner, The Unbeatable Squirrel Girl, Mister Immortal, Flatman, Big Bertha"
Green,Game Night Deck,Other,GNT,2018-11-16,34.58,"Avatar of Growth, Gigantosaurus, Goreclaw, Terror of Qal Sisma, Rhonas's Monument, Llanowar Elves"
Green Deck,Welcome Deck,Other,DSK,2024-09-30,0.0,"Goreclaw, Terror of Qal Sisma, Treeshaker Chimera, Canopy Baloth, Leatherback Baloth, Druid of the Cowl"
Green Deck A,Sample Deck,Other,M12,2011-07-15,18.24,"Hunter's Insight, Lead the Stampede, Gladecover Scout, Llanowar Elves, Forest"
Green Deck B,Sample Deck,Other,10E,2008-05-02,19.59,"Llanowar Elves, Jagged-Scar Archers, Forest, Elvish Eulogist, Forest"
Green Red Beatdown,Deck Builder's Toolkit,Other,ORI,2015-07-17,3.08,"Savage Punch, Whisperer of the Wilds, Barrage of Boulders, Circle of Elders, Zendikar Incarnate"
Green Sample Deck,Sample Deck,Other,M13,2012-07-13,4.81,"Ranger's Path, Forest, Forest, Forest, Fog"
Green White Convoke,Deck Builder's Toolkit,Other,M15,2014-07-18,2.39,"Triplicate Spirits, Seraph of the Masses, Siege Wurm, Raise the Alarm, Sunblade Elf"
Green and White,Deck Builder's Toolkit,Other,AKH,2017-04-28,6.95,"Manglehorn, Fairgrounds Warden, Shed Weakness, Compulsory Rest, Thopter Arrest"
Green and White Humans,Deck Builder's Toolkit,Other,KLD,2016-09-30,0.0,"Gryff's Boon, Choking Restraints, Strength of Arms, True-Faith Censer, Militant Inquisitor"
Green-White Auras,Deck Builder's Toolkit,Other,ROE,2010-05-21,55.9,"Hyena Umbra, Snake Umbra, Canopy Cover, Aura Gnarlid, Totem-Guide Hartebeest"
Grixis Shambling Army,Intro Pack,Other,CON,2009-02-06,36.46,"Terramorphic Expanse, Crumbling Necropolis, Island, Swamp, Mountain"
Grixis Undead,Intro Pack,Other,ALA,2008-10-03,49.0,"Cruel Ultimatum, Crumbling Necropolis, Island, Swamp, Fleshbag Marauder"
Gross 1,Jumpstart,Other,J22,2022-12-02,6.24,"Massacre Wurm, Leechridden Swamp, Plaguecrafter, Skullslither Worm, Black Cat"
Gross 2,Jumpstart,Other,J22,2022-12-02,5.26,"Phyrexian Reclamation, Plaguecrafter, Phyrexian Plaguelord, Skullslither Worm, Fungal Infection"
Gross 3,Jumpstart,Other,J22,2022-12-02,0.0,"Plaguecrafter, Deathbringer Regent, Skullslither Worm, Death Wind, Blight Keeper"
Gross 4,Jumpstart,Other,J22,2022-12-02,3.21,"Ophiomancer, Plaguecrafter, Skullslither Worm, Swarm of Bloodflies, Witch's Cauldron"
Ground Pounder,Theme Deck,Other,BTD,2000-10-01,28.27,"Dwarven Ruins, Fireball, Shivan Dragon, Ball Lightning, Lightning Bolt"
Groundbreaker - Advanced Deck,Advanced Deck,Other,EXO,1998-06-15,229.95,"Wasteland, Reflecting Pool, Plaguebearer, Undiscovered Paradise, City of Brass"
Groundbreaker - Basic Deck,Theme Deck,Other,EXO,1998-06-15,6.38,"Searing Touch, Thopter Squadron, Necrologia, Mountain, Swamp"
Growing Hope,Arena Starter Deck,Other,LTR,2023-06-20,27.12,"Ozolith, the Shattered Spire, Kami of Whispered Hopes, Ruins Recluse, Dusk Legion Duelist, Serra Redeemer"
Growing Hunger,Arena Starter Deck,Other,AFR,2021-09-24,9.8,"Darkbore Pathway // Slitherbore Pathway, Binding the Old Gods, Drana, the Last Bloodchief, Woodland Chasm, Exponential Growth"
Gruul,Guild Kit,Other,GK2,2019-02-15,30.18,"Birds of Paradise, Rhythm of the Wild, Protean Hulk, Ruric Thar, the Unbowed, Immolation Shaman"
Gruul Clans,Arena Starter Deck,Other,M20,2019-05-03,21.23,"Stomping Ground, Rhythm of the Wild, End-Raze Forerunners, Mountain, Pelt Collector"
Gruul Clans 1,Jumpstart,Other,CLU,2024-02-23,4.12,"Herald of Ilharg, Gruul Signet, Firespout, Pyrewild Shaman, Clan Defiance"
Gruul Clans 2,Jumpstart,Other,CLU,2024-02-23,1.56,"Colossal Majesty, Giant Adephage, Stampede Surfer, Furious Spinesplitter, Gruul Turf"
Gruul Goliaths,Intro Pack,Other,GTC,2013-02-01,22.09,"Alpha Authority, Arbor Elf, Ranger's Path, Gruul Ragebeast, Gruul Guildgate"
Gruul Siege,Intro Pack,Other,DGM,2013-05-03,2.81,"Zhur-Taa Druid, Gruul War Chant, Pit Fight, Ruric Thar, the Unbowed, Forest"
Gruul Stompy,Pioneer Challenger Deck,Other,Q08,2022-11-04,41.52,"Stomping Ground, Chandra, Torch of Defiance, Questing Beast, Rockfall Vale, Elvish Mystic"
Gruul Wilding,Theme Deck,Other,GPT,2006-02-03,38.0,"Skarrg, the Rage Pits, Wild Cantor, Dryad Sophisticate, Borborygmos, Wurmweaver Coil"
Guardian of the Tusk,Shandalar Enemy Deck,Other,PAST,1997-04-01,304.35,"Berserk, Desert Twister, Colossus of Sardia, Birds of Paradise, Divine Transformation"
Guildpact Foil Redemption,MTGO Redemption,Other,GPT,2006-03-05,975.94,"Steam Vents, Godless Shrine, Stomping Ground, Leyline of the Void, Teysa, Orzhov Scion"
Guildpact Redemption,MTGO Redemption,Other,GPT,2006-03-05,975.94,"Steam Vents, Godless Shrine, Stomping Ground, Leyline of the Void, Teysa, Orzhov Scion"
Guilds of Ravnica Bundle Land Pack,Bundle Land Pack,Other,GRN,2018-10-05,0.0,"Forest, Forest, Mountain, Mountain, Island"
Guilds of Ravnica Foil Redemption,MTGO Redemption,Other,GRN,2018-11-04,331.51,"Mnemonic Betrayal, Chance for Glory, Steam Vents, Watery Grave, Doom Whisperer"
Guilds of Ravnica Redemption,MTGO Redemption,Other,GRN,2018-11-04,331.51,"Mnemonic Betrayal, Chance for Glory, Steam Vents, Watery Grave, Doom Whisperer"
HYDRA,Jumpstart,Other,MSH,2026-06-26,1.08,"Viper, Cruel Conspirator, Bob, Reluctant HYDRA Agent, HYDRA Disintegrator, Crossbones, Malicious Mercenary, Dark Deed"
Hands of Fire,Theme Deck,Other,PS11,2011-01-01,0.0,"Mountain, Mountain, Mountain, Mountain, Kamahl, Pit Fighter"
Hands of Flame,Duel Of The Planeswalkers Deck,Other,DPA,2010-06-04,14.65,"Furnace of Rath, Bloodmark Mentor, Rage Reflection, Banefire, Blaze"
Happy Little Gathering,Secret Lair Drop,Other,SLD,2021-03-15,49.36,"Forest, Swamp, Mountain, Mountain, Island"
Happy Little Gathering Foil Edition,Secret Lair Drop,Other,SLD,2021-03-15,49.36,"Forest, Swamp, Mountain, Mountain, Island"
Happy Yargle Day!,Secret Lair Drop,Other,SLD,2020-09-03,35.4,"Fatal Push, Swords to Plowshares, Explore, Opt, Anger of the Gods"
Happy Yargle Day! Foil Edition,Secret Lair Drop,Other,SLD,2020-09-03,35.4,"Fatal Push, Swords to Plowshares, Explore, Opt, Anger of the Gods"
Hard-Boiled Thrillers,Secret Lair Drop,Other,SLD,2024-02-23,99.32,"Reconnaissance, Jace, Wielder of Mysteries, Black Market, Obeka, Brute Chronologist, Dire Undercurrents"
Hard-Boiled Thrillers Foil Edition,Secret Lair Drop,Other,SLD,2024-02-23,87.2,"Jace, Wielder of Mysteries, Reconnaissance, Black Market, Obeka, Brute Chronologist, Dire Undercurrents"
Hare Raising,Starter Kit,Other,BLB,2024-08-02,6.1,"Byrke, Long Ear of the Law, Fecund Greenshell, Colossification, Finneas, Ace Archer, Clifftop Lookout"
Hascon 2017 Promo Cards,Box Set,Other,H17,2017-09-20,318.6,"Grimlock, Dinobot Leader // Grimlock, Ferocious King, Nerf War, Sword of Dungeons & Dragons"
Hatsune Miku: Digital Sensation,Secret Lair Drop,Other,SLD,2024-07-10,142.99,"Sol Ring, Child of Alara, Chord of Calling, Diabolic Tutor, Song of Creation"
Hatsune Miku: Digital Sensation Foil Edition,Secret Lair Drop,Other,SLD,2024-07-10,142.99,"Sol Ring, Child of Alara, Chord of Calling, Diabolic Tutor, Song of Creation"
Hatsune Miku: Electric Entourage,Secret Lair Drop,Other,SLD,2024-10-01,118.86,"Elspeth Tirel, Liliana of the Dark Realms, Freyalise, Llanowar's Fury, The Royal Scions, Jace, Unraveler of Secrets"
Hatsune Miku: Electric Entourage Foil Edition,Secret Lair Drop,Other,SLD,2024-10-01,118.86,"Elspeth Tirel, Liliana of the Dark Realms, Freyalise, Llanowar's Fury, The Royal Scions, Jace, Unraveler of Secrets"
Hatsune Miku: Sakura Superstar,Secret Lair Drop,Other,SLD,2024-05-30,126.22,"Azusa, Lost but Seeking, Chandra's Ignition, Feather, the Redeemed, Harmonize, Inspiring Vantage"
Hatsune Miku: Sakura Superstar Foil Edition,Secret Lair Drop,Other,SLD,2024-05-30,175.98,"Azusa, Lost but Seeking, Feather, the Redeemed, Chandra's Ignition, Harmonize, Inspiring Vantage"
Hatsune Miku: Winter Diva,Secret Lair Drop,Other,SLD,2025-02-11,125.37,"Swan Song, Giada, Font of Hope, Counterspell, Brago, King Eternal, Youthful Valkyrie"
Hatsune Miku: Winter Diva Foil Edition,Secret Lair Drop,Other,SLD,2025-02-11,125.37,"Swan Song, Giada, Font of Hope, Counterspell, Brago, King Eternal, Youthful Valkyrie"
Haze of Spores,MTGO Theme Deck,Other,ME2,2008-09-22,0.0,"Forest, Forest, Forest, Havenwood Battleground, Mishra's Factory"
Hazoret Aggro,Challenger Deck,Other,Q01,2018-04-06,40.08,"Chandra, Torch of Defiance, Sunscorched Desert, Soul-Scar Mage, Hazoret the Fervent, Mountain"
Healers (1),Jumpstart,Other,J25,2024-11-07,0.0,"Speaker of the Heavens, Hinterland Sanctifier, Qala, Ajani's Pridemate, Angel of Vitality, Revitalize"
Healers (2),Jumpstart,Other,J25,2024-11-07,1.85,"Valkyrie Harbinger, Hinterland Sanctifier, Qala, Ajani's Pridemate, Angel of Vitality, Take Up the Shield"
Healers (3),Jumpstart,Other,J25,2024-11-07,4.81,"Righteous Valkyrie, Hinterland Sanctifier, Qala, Ajani's Pridemate, Angel of Vitality, Revitalize"
Healers (4),Jumpstart,Other,J25,2024-11-07,3.29,"Felidar Sovereign, Rhox Faithmender, Hinterland Sanctifier, Qala, Ajani's Pridemate, Angel of Vitality"
Healing,Jumpstart,Other,FDN,2024-11-15,0.0,"Twinblade Paladin, Ancestor Dragon, Dazzling Angel, Ajani's Pridemate, Plains"
Heavily Armored (1),Jumpstart,Other,JMP,2020-07-17,9.1,"Cathars' Crusade, Plains, Feat of Resistance, Plains, Basri's Acolyte"
Heavily Armored (2),Jumpstart,Other,JMP,2020-07-17,9.1,"Cathars' Crusade, Plains, Plains, Basri's Acolyte, Patron of the Valiant"
Heavily Armored (3),Jumpstart,Other,JMP,2020-07-17,0.0,"Mikaeus, the Lunarch, Plains, Plains, Supply Runners, Basri's Acolyte"
Heavily Armored (4),Jumpstart,Other,JMP,2020-07-17,2.99,"Duelist's Heritage, Plains, Plains, Supply Runners, Basri's Acolyte"
Heavy Duty,Theme Deck,Other,INV,2000-10-02,125.52,"Armadillo Cloak, Thicket Elemental, Crimson Acolyte, Elfhame Palace, Forest"
Heavy Hitters,Theme Deck,Other,8ED,2003-07-28,39.2,"Wood Elves, Elvish Pioneer, Rampant Growth, Forest, Naturalize"
Hei Bai (1),Jumpstart,Other,TLE,2025-11-20,1.49,"That's Rough Buddy, Aang, A Lot to Learn, Plains, Thriving Heath, Suki, Courageous Rescuer"
Hei Bai (2),Jumpstart,Other,TLE,2025-11-20,1.49,"That's Rough Buddy, Aang, A Lot to Learn, Plains, Thriving Heath, Suki, Courageous Rescuer"
Here Be Dragons,Secret Lair Drop,Other,SLD,2022-06-14,238.92,"Old Gnawbone, Tiamat, Ebondeath, Dracolich, Iymrith, Desert Doom, Icingdeath, Frost Tyrant"
Heroes,Duel Deck,Other,DDL,2013-09-06,3.31,"Pyrokinesis, Sun Titan, Plains, Winds of Rath, Plains"
Heroes (1),Jumpstart,Other,J25,2024-11-07,1.45,"Brigone, Soldier of Meletis, Akroan Skyguard, Tethmos High Priest, Chains of Custody, Defiant Strike"
Heroes (2),Jumpstart,Other,J25,2024-11-07,1.45,"Brigone, Soldier of Meletis, Ojutai Exemplars, Chains of Custody, Defiant Strike, Valorous Stance"
Heroes United,Box Set,Other,MSH,2026-06-26,21.15,"Hawkeye, Trick Shot, Thor, Guardian of Midgard, Iron Man, Futurist Paragon, Hulk, Always Angry, Black Widow, Intel Expert"
Heroes for Hire,Jumpstart,Other,MSH,2026-06-26,5.62,"Luke Cage, Hero for Hire, Heroes for Hire, Iron Fist, Hero for Hire, Bionic Blow, Contract Hero"
Hidden Pathways,Secret Lair Drop,Other,SLU,2021-05-07,87.16,"Riverglide Pathway // Lavaglide Pathway, Barkchannel Pathway // Tidechannel Pathway, Clearwater Pathway // Murkwater Pathway, Brightclimb Pathway // Grimclimb Pathway, Blightstep Pathway // Searstep Pathway"
High Priest,Shandalar Enemy Deck,Other,PAST,1997-04-01,58.42,"Fellwar Stone, Armageddon, Savannah Lions, Balance, White Mana Battery"
High-Flying Valor,Arena Starter Deck,Other,LTR,2023-06-20,20.79,"Myrel, Shield of Argive, Rescue Retriever, Siege Veteran, Valiant Veteran, Fortified Beachhead"
Hit The Ground Running,Intro Pack,Other,M15,2014-07-18,7.96,"Stormtide Leviathan, Reclamation Sage, Illusory Angel, Satyr Wayfinder, Forest"
Hold The Line,Event Deck,Other,ISD,2011-10-28,19.88,"Champion of the Parish, Honor of the Pure, Fiend Hunter, Mirran Crusader, Plains"
Holy 1,Jumpstart,Other,J22,2022-12-02,4.11,"Blessed Sanctuary, Angelic Cub, Chains of Custody, Emancipation Angel, Angelic Page"
Holy 2,Jumpstart,Other,J22,2022-12-02,12.81,"Starnheim Aspirant, Lyra Dawnbringer, Defy Death, Angelic Cub, Chains of Custody"
Holy 3,Jumpstart,Other,J22,2022-12-02,3.2,"Valkyrie Harbinger, Planar Atlas, Dawn of Hope, Chains of Custody, Emancipation Angel"
Holy 4,Jumpstart,Other,J22,2022-12-02,5.72,"Righteous Valkyrie, Chains of Custody, Emancipation Angel, Thriving Heath, Attended Healer"
Hope's Crusaders,Theme Deck,Other,TSP,2006-10-06,18.16,"Pentarch Paladin, Outrider en-Kor, Sarpadian Empires, Vol. VII, Cloudchaser Kestrel, Benalish Cavalry"
Horizon: Into the Forbidden West,Secret Lair Drop,Other,SLD,2025-11-06,50.55,"Blightsteel Colossus, Farseek, Aloy, Savior of Meridian, Tarrian's Soulcleaver, Meteor Golem"
Horizon: Into the Forbidden West Foil Edition,Secret Lair Drop,Other,SLD,2025-11-06,50.55,"Blightsteel Colossus, Farseek, Aloy, Savior of Meridian, Tarrian's Soulcleaver, Meteor Golem"
Horrific Visions,Intro Pack,Other,SOI,2016-04-08,3.08,"Crawling Sensation, Liliana's Indignation, Wild-Field Scarecrow, Inexorable Blob, Loam Dryad"
Hour of Devastation Bundle Land Pack,Bundle Land Pack,Other,HOU,2017-07-14,5.65,"Mountain, Swamp, Plains, Island, Swamp"
Hour of Devastation Foil Redemption,MTGO Redemption,Other,HOU,2017-08-13,313.65,"Torment of Hailfire, The Locust God, Obelisk Spider, Razaketh, the Foulblooded, Solemnity"
Hour of Devastation Redemption,MTGO Redemption,Other,HOU,2017-08-13,313.65,"Torment of Hailfire, The Locust God, Obelisk Spider, Razaketh, the Foulblooded, Solemnity"
House Dimir,Arena Starter Deck,Other,M20,2019-05-03,36.46,"Watery Grave, Doom Whisperer, Etrata, the Silencer, Thief of Sanity, Swamp"
House Dimir 1,Jumpstart,Other,CLU,2024-02-23,1.2,"Dimir Signet, Duskmantle Seer, Memory Vampire, Dimir Aqueduct, Undercover Butler"
House Dimir 2,Jumpstart,Other,CLU,2024-02-23,0.0,"Dimir Strandcatcher, Thief of Sanity, Murder, Dimir Aqueduct, Swamp"
"Huatli, Dinosaur Knight",Planeswalker Deck,Other,XLN,2017-09-29,13.62,"Goring Ceratops, Huatli, Dinosaur Knight, Kinjalli's Caller, Lightning Strike, Frenzied Raptor"
Humanity's Vengeance,Event Deck,Other,AVR,2012-05-25,255.92,"Mental Misstep, Phyrexian Metamorph, Tandem Lookout, Dismember, Porcelain Legionnaire"
Humans,Deck Builder's Toolkit,Other,M13,2012-07-13,9.11,"Avacyn's Pilgrim, Fiend Hunter, Commander's Authority, Crusader of Odric, Bonds of Faith"
Hunting (1),Jumpstart,Other,TLE,2025-11-20,2.63,"Desperate Plea, Katara, Seeking Revenge, Swamp, Raven Eagle, Elephant-Rat"
Hunting (2),Jumpstart,Other,TLE,2025-11-20,2.84,"Ruthless Waterbender, Katara, Seeking Revenge, Swamp, Raven Eagle, Azula Always Lies"
Hunting Pack,Intro Pack,Other,ORI,2015-07-17,16.45,"Managorger Hydra, Dwynen, Gilt-Leaf Daen, Shaman of the Pack, Dwynen's Elite, Skysnare Spider"
Icky (1),Jumpstart,Other,J25,2024-11-07,6.64,"Fumulus, the Infestation, Wriggling Grub, Village Rites, Devouring Swarm, Go for the Throat"
Icky (2),Jumpstart,Other,J25,2024-11-07,6.64,"Fumulus, the Infestation, Wriggling Grub, Devouring Swarm, Go for the Throat, Nantuko Husk"
If Looks Could Kill,Secret Lair Drop,Other,SLD,2022-12-05,54.67,"Liliana of the Dark Realms, Azami, Lady of Scrolls, Reflector Mage, Adaptive Automaton"
If Looks Could Kill Foil Edition,Secret Lair Drop,Other,SLD,2022-12-05,54.67,"Liliana of the Dark Realms, Azami, Lady of Scrolls, Reflector Mage, Adaptive Automaton"
Ignite the Forge,Arena Starter Deck,Other,SNC,2022-09-09,24.71,"Haunted Ridge, Professional Face-Breaker, Blood Fountain, Atsushi, the Blazing Sky, Big Score"
Ikoria: Lair of Behemoths Bundle Land Pack,Bundle Land Pack,Other,IKO,2020-04-24,6.34,"Swamp, Swamp, Plains, Plains, Forest"
Ikoria: Lair of Behemoths Foil Redemption,MTGO Redemption,Other,IKO,2020-05-24,314.36,"The Ozolith, Zagoth Triome, Kinnan, Bonder Prodigy, Savai Triome, Indatha Triome"
Ikoria: Lair of Behemoths Redemption,MTGO Redemption,Other,IKO,2020-05-24,314.36,"The Ozolith, Zagoth Triome, Kinnan, Bonder Prodigy, Savai Triome, Indatha Triome"
Illusionary Might,Event Deck,Other,M12,2011-08-12,99.65,"Preordain, Phantasmal Image, Glimmerpost, Steel Hellkite, Grand Architect"
Illusions,Jumpstart,Other,J25,2024-11-07,0.0,"Pol Jamaar, Illusionist, Lord of the Unreal, Murmuring Mystic, Phantom Ninja, Phantasmal Shieldback"
Imaginary Friends,Secret Lair Drop,Other,SLD,2022-10-25,73.47,"Toothy, Imaginary Friend, The Gitrog Monster, Pir, Imaginative Rascal, Matter Reshaper"
Imaginary Friends Foil Edition,Secret Lair Drop,Other,SLD,2022-10-25,73.47,"Toothy, Imaginary Friend, The Gitrog Monster, Pir, Imaginative Rascal, Matter Reshaper"
Impaler,Theme Deck,Other,S99,1999-07-12,5.26,"Nature's Lore, Whirlwind, Renewing Touch, Forest, Pride of Lions"
In Memoriam: Jaya Ballard,Secret Lair Drop,Other,SLD,2022-10-25,113.29,"Pyretic Ritual, Repercussion, Jaya's Immolating Inferno, Pyromancer's Goggles, Jaya Ballard"
In Memoriam: Jaya Ballard Foil Edition,Secret Lair Drop,Other,SLD,2022-10-25,113.29,"Pyretic Ritual, Repercussion, Jaya's Immolating Inferno, Pyromancer's Goggles, Jaya Ballard"
Incredible,Jumpstart,Other,MSH,2026-06-26,11.27,"Hulk, Strongest There Is, Hulk's Thunderclap, She-Hulk, Attorney-at-Law, Origin of the Hulk, Doc Samson, Super Psychiatrist"
Infantry 1,Jumpstart,Other,BRO,2022-11-18,1.33,"Rescue Retriever, Lay Down Arms, Recruitment Officer, Recommission, Reconstructed Thopter"
Infantry 2,Jumpstart,Other,BRO,2022-11-18,1.33,"Rescue Retriever, Lay Down Arms, Yotian Frontliner, Scrapwork Cohort, Veteran's Powerblade"
Infect & Defile,Event Deck,Other,MBS,2011-02-25,106.88,"Preordain, Plague Myr, Hand of the Praetors, Corrupted Conscience, Deprive"
Infernal Intervention,Intro Pack,Other,M15,2014-07-18,19.41,"Profane Memento, Typhoid Rats, Indulgent Tormentor, Burning Anger, Caustic Tar"
Inferno,Jumpstart,Other,FDN,2024-11-15,1.31,"Terror of Mount Velus, Carnelian Orb of Dragonkind, Seize the Spoils, Dragonlord's Servant, Mountain"
Infestation,Theme Deck,Other,7ED,2001-04-11,830.58,"Goblin King, Goblin Matron, Trained Orgg, Shock, Pillage"
Ingenious Machinists,Duel Deck,Other,DDU,2018-04-06,39.02,"Goblin Welder, Darksteel Plate, Great Furnace, Galvanic Blast, Darksteel Citadel"
Inked,Secret Lair Drop,Other,SLD,2026-05-29,38.68,"Crypt Ghast, Deathrite Shaman, Ice-Fang Coatl, Burnished Hart, Mulldrifter"
Inked Foil Edition,Secret Lair Drop,Other,SLD,2026-05-29,38.68,"Crypt Ghast, Deathrite Shaman, Ice-Fang Coatl, Burnished Hart, Mulldrifter"
Innistrad Fat Pack Land Pack,Bundle Land Pack,Other,ISD,2011-09-30,11.09,"Swamp, Mountain, Plains, Island, Forest"
Innistrad Foil Redemption,MTGO Redemption,Other,ISD,2011-10-30,788.53,"Liliana of the Veil, Snapcaster Mage, Parallel Lives, Moonmist, Infernal Plunge"
Innistrad Redemption,MTGO Redemption,Other,ISD,2011-10-30,788.53,"Liliana of the Veil, Snapcaster Mage, Parallel Lives, Moonmist, Infernal Plunge"
Innistrad: Crimson Vow Bundle Land Pack,Bundle Land Pack,Other,VOW,2021-11-19,0.0,"Mountain, Mountain, Swamp, Swamp, Plains"
Innistrad: Crimson Vow Foil Redemption,MTGO Redemption,Other,VOW,2021-12-19,176.94,"Toxrill, the Corrosive, Hallowed Haunting, Olivia, Crimson Bride, Deathcap Glade, Hullbreaker Horror"
Innistrad: Crimson Vow Redemption,MTGO Redemption,Other,VOW,2021-12-19,176.94,"Toxrill, the Corrosive, Hallowed Haunting, Olivia, Crimson Bride, Deathcap Glade, Hullbreaker Horror"
Innistrad: Crimson Vow Welcome Booster,Welcome Booster,Other,VOW,2021-11-19,3.83,"Sorin, Vengeful Bloodlord, Niv-Mizzet, the Firemind, Thirst for Discovery, Voldaren Epicure, Commander's Sphere"
Innistrad: Midnight Hunt Bundle Land Pack,Bundle Land Pack,Other,MID,2021-09-24,0.0,"Swamp, Swamp, Mountain, Mountain, Island"
Innistrad: Midnight Hunt Foil Redemption,MTGO Redemption,Other,MID,2021-10-24,139.24,"The Meathook Massacre, Haunted Ridge, Shipwreck Marsh, Jadar, Ghoulcaller of Nephalia, Deserted Beach"
Innistrad: Midnight Hunt Redemption,MTGO Redemption,Other,MID,2021-10-24,139.24,"The Meathook Massacre, Haunted Ridge, Shipwreck Marsh, Jadar, Ghoulcaller of Nephalia, Deserted Beach"
Innistrad: Midnight Hunt Welcome Booster,Welcome Booster,Other,MID,2021-09-24,0.0,"Rally the Ranks, Triskaidekaphobia, Arlinn, Voice of the Pack, Bladestitched Skaab, Commander's Sphere"
Insanity,Theme Deck,Other,TOR,2002-02-08,305.86,"Arrogant Wurm, Putrid Imp, Basking Rootwalla, Tainted Wood, Wild Mongrel"
Insatiable Hunger,Intro Pack,Other,BNG,2014-02-07,18.17,"Searing Blood, Mistcutter Hydra, Forest, Voyaging Satyr, Ordeal of Nylea"
Insects 1,Jumpstart,Other,J22,2022-12-02,0.0,"Duskshell Crawler, Crawling Sensation, Iridescent Hornbeetle, Caustic Caterpillar, Thriving Grove"
Insects 2,Jumpstart,Other,J22,2022-12-02,31.55,"Zask, Skittering Swarmlord, Circuit Mender, Kraul Harpooner, Crawling Sensation, Caustic Caterpillar"
Insects 3,Jumpstart,Other,J22,2022-12-02,0.0,"Phantom Nantuko, Crawling Sensation, Iridescent Hornbeetle, Deadbridge Goliath, Caustic Caterpillar"
Insects 4,Jumpstart,Other,J22,2022-12-02,31.55,"Zask, Skittering Swarmlord, Crawling Sensation, Caustic Caterpillar, Rampaging Growth, Thriving Grove"
Inspiration-Struck,Intro Pack,Other,BNG,2014-02-07,22.36,"Retraction Helix, Springleaf Drum, Curse of the Swine, Siren of the Silent Song, Island"
Inspiring Heroics,Event Deck,Other,THS,2013-10-18,33.92,"Hallowed Fountain, Imposing Sovereign, Dryad Militant, Frontline Medic, Detention Sphere"
Insurgent (1),Jumpstart,Other,TLE,2025-11-20,2.7,"Tale of Momo, Momo, Rambunctious Rascal, Plains, Thriving Heath, Airbender's Reversal"
Insurgent (2),Jumpstart,Other,TLE,2025-11-20,8.44,"Duelist's Heritage, That's Rough Buddy, Momo, Rambunctious Rascal, Hakoda, Selfless Commander, Plains"
International Women's Day 2020,Secret Lair Drop,Other,SLD,2020-03-08,102.12,"Meren of Clan Nel Toth, Oona, Queen of the Fae, Captain Sisay, Saskia the Unyielding, Narset, Enlightened Master"
Intl. Collectors' Edition,Box Set,Other,CEI,1993-12-10,7898.45,"Mox Jet, Mox Ruby, Mox Emerald, Ancestral Recall, Time Walk"
Into the Breach,Event Deck,Other,MBS,2011-02-25,94.25,"Memnite, Galvanic Blast, Goblin Bushwhacker, Kuldotha Rebirth, Signal Pest"
Introducing: Kaito Shizuki,Secret Lair Drop,Other,SLD,2022-07-22,80.15,"Snap, Brain Freeze, Bribery, Unmask, Shadow of Doubt"
Introducing: Kaito Shizuki Foil Edition,Secret Lair Drop,Other,SLD,2022-07-22,80.15,"Snap, Brain Freeze, Bribery, Unmask, Shadow of Doubt"
Inundation,Theme Deck,Other,JUD,2002-05-27,251.74,"Commander Eesha, Prismatic Strands, Battle Screech, Tireless Tribe, Unquestioned Authority"
Invading Spawn,Intro Pack,Other,ROE,2010-04-23,85.37,"Pawn of Ulamog, Lightning Bolt, Emrakul's Hatcher, Hand of Emrakul, Bloodthrone Vampire"
Invasion Foil Redemption,MTGO Redemption,Other,INV,2000-11-01,5524.38,"Phyrexian Altar, Reya Dawnbringer, Captain Sisay, Tsabo's Web, Crosis, the Purger"
Invasion Redemption,MTGO Redemption,Other,INV,2000-11-01,5524.38,"Phyrexian Altar, Reya Dawnbringer, Captain Sisay, Tsabo's Web, Crosis, the Purger"
Inventive (1),Jumpstart,Other,J25,2024-11-07,0.0,"Seat of the Synod, Ornithopter of Paradise, Sai, Master Thopterist, Prophetic Prism, Filigree Attendant"
Inventive (2),Jumpstart,Other,J25,2024-11-07,0.0,"Seat of the Synod, Ornithopter of Paradise, Sai, Master Thopterist, Fireshrieker, Shimmer Dragon"
Inventive (3),Jumpstart,Other,J25,2024-11-07,3.13,"Thoughtcast, Padeem, Consul of Innovation, Seat of the Synod, Myr Enforcer, Thought Monitor"
Inventive (4),Jumpstart,Other,J25,2024-11-07,1.0,"Padeem, Consul of Innovation, Seat of the Synod, Ornithopter of Paradise, Guardian Idol, Prophetic Prism"
Inventive 1,Jumpstart,Other,J22,2022-12-02,5.98,"Tezzeret, Artifice Master, Seat of the Synod, Planar Atlas, Aether Spellbomb, Launch Mishap"
Inventive 2,Jumpstart,Other,J22,2022-12-02,2.57,"Seat of the Synod, Hangarback Walker, Launch Mishap, Whirler Rogue, Aeronaut Tinkerer"
Inventive 3,Jumpstart,Other,J22,2022-12-02,2.53,"Seat of the Synod, Steel Overseer, Thopter Spy Network, Aether Spellbomb, Launch Mishap"
Inventive 4,Jumpstart,Other,J22,2022-12-02,1.3,"Seat of the Synod, Solemn Simulacrum, Aether Spellbomb, Launch Mishap, Whirler Rogue"
Iroh,Jumpstart,Other,TLE,2025-11-20,13.18,"Bolt Bend, Iroh, Dragon of the West, Fiery Confluence, Zuko, Seeking Honor, Thriving Bluff"
Iron Maiden: Album Art,Secret Lair Drop,Other,SLD,2025-10-27,95.92,"Animate Dead, Unearth, Grave Titan, Temporal Trespass, Lethal Scheme"
Iron Maiden: Album Art Foil Edition,Secret Lair Drop,Other,SLD,2025-10-27,95.92,"Animate Dead, Unearth, Grave Titan, Temporal Trespass, Lethal Scheme"
Iron Maiden: Eddie Unchained,Secret Lair Drop,Other,SLD,2025-10-27,164.87,"Bruvac the Grandiloquent, Nekusar, the Mindrazer, Windfall, Mindcrank, Captain N'ghathrod"
Iron Maiden: Eddie Unchained Foil Edition,Secret Lair Drop,Other,SLD,2025-10-27,164.87,"Bruvac the Grandiloquent, Nekusar, the Mindrazer, Windfall, Mindcrank, Captain N'ghathrod"
Iron Man,Jumpstart,Other,MSH,2026-06-26,22.83,"Iron Man, Bleeding Edge, Origin of Iron Man, Iron Lad, Young Avenger, Iron Suitcase, Rescue, Pepper Potts"
Ivory Doom,Theme Deck,Other,ONS,2002-10-07,224.5,"Smother, Starlit Sanctum, Barren Moor, Astral Slide, Secluded Steppe"
Ixalan Bundle Land Pack,Bundle Land Pack,Other,XLN,2017-09-29,1.89,"Island, Forest, Island, Island, Forest"
Ixalan Foil Redemption,MTGO Redemption,Other,XLN,2017-10-29,347.54,"Gishath, Sun's Avatar, Herald of Secret Streams, Revel in Riches, Vanquisher's Banner, Primal Amulet // Primal Wellspring"
Ixalan Redemption,MTGO Redemption,Other,XLN,2017-10-29,347.54,"Gishath, Sun's Avatar, Herald of Secret Streams, Revel in Riches, Vanquisher's Banner, Primal Amulet // Primal Wellspring"
Ixidor's Legacy,Theme Deck,Other,PLC,2007-02-02,68.71,"Pongify, Desert, Piracy Charm, Riptide Pilferer, Aeon Chronicler"
Izzet,Duel Deck,Other,DDJ,2012-09-07,18.08,"Isochron Scepter, Brainstorm, Force Spike, Niv-Mizzet, the Firemind, Gelectrode"
Izzet Gizmometry,Theme Deck,Other,GPT,2006-02-03,51.42,"Gelectrode, Izzet Boilerworks, Repeal, Telling Time, Tibor and Lumia"
Izzet Ingenuity,Intro Pack,Other,RTR,2012-10-05,22.24,"Electrickery, Blustersquall, Guttersnipe, Mizzium Mortars, Krenko's Command"
Izzet League,Arena Starter Deck,Other,M20,2019-05-03,48.6,"Steam Vents, Niv-Mizzet, Parun, Electrostatic Field, Runaway Steam-Kin, Thousand-Year Storm"
Izzet League 1,Jumpstart,Other,CLU,2024-02-23,4.52,"Stunt Double, Consider, Turn to Frog, Izzet Boilerworks, Resonance Technician"
Izzet League 2,Jumpstart,Other,CLU,2024-02-23,18.71,"Corporeal Projection, Lightning Bolt, Izzet Signet, Izzet Boilerworks, Hypersonic Dragon"
Izzet Phoenix,Pioneer Challenger Deck,Other,Q08,2022-11-04,34.63,"Steam Vents, Treasure Cruise, Arclight Phoenix, Fiery Impulse, Sulfur Falls"
Izzet Spellweaving,Arena Starter Deck,Other,DOM,2018-03-22,31.59,"Primal Amulet // Primal Wellspring, Spell Swindle, Star of Extinction, Cryptic Serpent, Censor"
Jace,Duel Deck,Other,DD2,2008-11-07,20.68,"Counterspell, Terrain Generator, Jace Beleren, Gush, Ancestral Vision"
Jace Japanese,Duel Deck,Other,DD2,2008-11-07,17.94,"Counterspell, Terrain Generator, Gush, Ancestral Vision, Daze"
"Jace, Arcane Strategist",Planeswalker Deck,Other,WAR,2019-05-03,16.71,"Spark Double, Kiora, Behemoth Beckoner, Merfolk Skydiver, Jace, Arcane Strategist, Guildpact Informant"
"Jace, Ingenious Mind Mage",Planeswalker Deck,Other,XLN,2017-09-29,28.4,"Herald of Secret Streams, Fleet Swallower, Tempest Caller, Island, Jace, Ingenious Mind-Mage"
Jakub Šlemr - Mono-Black Control,World Championship Deck,Other,WC99,1999-08-04,215.1,"Vampiric Tutor, Yawgmoth's Will, Volrath's Stronghold, Powder Keg, Wasteland"
Jakub Šlemr - Prismatic Black Aggro,World Championship Deck,Other,WC97,1997-08-13,29.62,"City of Brass, Gemstone Mine, Undiscovered Paradise, Sulfurous Springs, Underground River"
Jan Tomcani - Dark Fires,World Championship Deck,Other,WC01,2001-08-08,89.11,"Llanowar Wastes, City of Brass, Rishadan Port, Birds of Paradise, Forest"
Janosch Kühn - Angry Non-Hermit,World Championship Deck,Other,WC00,2000-08-02,56.46,"Dust Bowl, Rishadan Port, Birds of Paradise, Priest of Titania, Karplusan Forest"
Janosch Kühn - Red-White-Blue Speed Control,World Championship Deck,Other,WC97,1997-08-13,99.96,"Force of Will, City of Brass, Thawing Glaciers, Swords to Plowshares, Undiscovered Paradise"
Jaws: Terror of Amity Island,Secret Lair Drop,Other,SLD,2025-10-27,223.06,"Jaws, Relentless Predator, Descent into Avernus, Sneak Attack, Reckless Endeavor, Abrade"
Jaws: Terror of Amity Island Foil Edition,Secret Lair Drop,Other,SLD,2025-10-27,223.06,"Jaws, Relentless Predator, Descent into Avernus, Sneak Attack, Reckless Endeavor, Abrade"
Jeskai Monks,Intro Pack,Other,KTK,2014-09-26,11.48,"Monastery Swiftspear, Mystic Monastery, Void Snare, Mountain, Jeskai Charm"
Jiang Yanggu,Planeswalker Deck,Other,GS1,2018-06-22,0.0,"Jiang Yanggu, Forest, Mountain, Screeching Phoenix, Journey for the Elixir"
Jon Finkel - Mono-Blue Tinker,World Championship Deck,Other,WC00,2000-08-02,103.03,"Grim Monolith, Metalworker, Rishadan Port, Tangle Wire, Masticore"
Journey 1,Jumpstart,Other,LTR,2023-06-23,8.92,"Elanor Gardner, Mirkwood Spider, Revive the Shire, Meriadoc Brandybuck, Forest"
Journey 2,Jumpstart,Other,LTR,2023-06-23,10.35,"Elanor Gardner, Peregrin Took, Revive the Shire, Meriadoc Brandybuck, Stew the Coneys"
Journey into Nyx Foil Redemption,MTGO Redemption,Other,JOU,2014-06-01,485.07,"Sage of Hours, Mana Confluence, Athreos, God of Passage, Iroas, God of Victory, Worst Fears"
Journey into Nyx Redemption,MTGO Redemption,Other,JOU,2014-06-01,485.07,"Sage of Hours, Mana Confluence, Athreos, God of Passage, Iroas, God of Victory, Worst Fears"
Judgment Foil Redemption,MTGO Redemption,Other,JUD,2002-06-26,3332.64,"Sylvan Safekeeper, Cabal Therapy, Anger, Seedtime, Solitary Confinement"
Judgment Redemption,MTGO Redemption,Other,JUD,2002-06-26,3332.64,"Sylvan Safekeeper, Cabal Therapy, Anger, Seedtime, Solitary Confinement"
Julien Nuijten - Green-White Astral Slide,World Championship Deck,Other,WC04,2004-09-01,13.98,"Windswept Heath, Plains, Plains, Decree of Justice, Wrath of God"
Jund Appetite for War,Intro Pack,Other,CON,2009-02-06,34.61,"Terramorphic Expanse, Swamp, Voracious Dragon, Forest, Forest"
Jungle Jam,MTGO Theme Deck,Other,MIR,2006-12-05,39.45,"Worldly Tutor, Zuberi, Golden Feather, Mountain Valley, Forest, Plains"
Jungle Secrets,Arena Starter Deck,Other,M19,2018-09-27,36.13,"Herald of Secret Streams, Kumena, Tyrant of Orazca, Tempest Caller, Merfolk Mistbinder, Hinterland Harbor"
Jurassic World: Dr. Ian Malcolm,Secret Lair Drop,Other,SLD,2023-12-05,92.28,"Atla Palani, Nest Tender, Tasigur, the Golden Fang, Tasha's Hideous Laughter, Laboratory Maniac"
Jurassic World: Dr. Ian Malcolm Foil Edition,Secret Lair Drop,Other,SLD,2023-12-05,99.68,"Atla Palani, Nest Tender, Tasigur, the Golden Fang, Tasha's Hideous Laughter, Laboratory Maniac"
Jurassic World: Life Breaks Free,Secret Lair Drop,Other,SLD,2023-12-05,198.84,"Etali, Primal Storm, Regisaur Alpha, Polyraptor, Rampaging Ferocidon, Wayward Swordtooth"
Jurassic World: Life Breaks Free Foil Edition,Secret Lair Drop,Other,SLD,2023-12-05,218.59,"Etali, Primal Storm, Regisaur Alpha, Polyraptor, Wayward Swordtooth, Rampaging Ferocidon"
Just Add Milk,Secret Lair Drop,Other,SLD,2022-12-19,61.53,"Ulamog, the Ceaseless Hunger // Ulamog, the Ceaseless Hunger, Ghalta, Primal Hunger // Ghalta, Primal Hunger, Etali, Primal Storm // Etali, Primal Storm"
Just Add Milk Foil Edition,Secret Lair Drop,Other,SLD,2022-12-19,61.53,"Ulamog, the Ceaseless Hunger // Ulamog, the Ceaseless Hunger, Ghalta, Primal Hunger // Ghalta, Primal Hunger, Etali, Primal Storm // Etali, Primal Storm"
Just Add Milk: Second Helpings,Secret Lair Drop,Other,SLD,2024-02-23,66.76,"Sakashima of a Thousand Faces // Sakashima of a Thousand Faces, Adrix and Nev, Twincasters // Adrix and Nev, Twincasters, Krark, the Thumbless // Krark, the Thumbless, Yargle, Glutton of Urborg // Yargle, Glutton of Urborg"
Just Add Milk: Second Helpings Foil Edition,Secret Lair Drop,Other,SLD,2024-02-23,66.76,"Sakashima of a Thousand Faces // Sakashima of a Thousand Faces, Adrix and Nev, Twincasters // Adrix and Nev, Twincasters, Krark, the Thumbless // Krark, the Thumbless, Yargle, Glutton of Urborg // Yargle, Glutton of Urborg"
Just Some Totally Normal Guys,Secret Lair Drop,Other,SLD,2022-08-05,56.85,"Void Winnower, Collector Ouphe, Vengevine, Goblin Settler"
Just Some Totally Normal Guys Foil Edition,Secret Lair Drop,Other,SLD,2022-08-05,56.85,"Void Winnower, Collector Ouphe, Vengevine, Goblin Settler"
KEXP: Where the Music Matters,Secret Lair Drop,Other,SLD,2025-05-13,17.24,"Swamp, Forest, Mountain, Island, Plains"
KEXP: Where the Music Matters Foil Edition,Secret Lair Drop,Other,SLD,2025-05-13,17.24,"Swamp, Forest, Mountain, Island, Plains"
KEXP: You Are Not Alone,Secret Lair Drop,Other,SLD,2025-05-13,58.52,"Concordant Crossroads, Font of Mythos, Rites of Flourishing, Cultural Exchange, Folio of Fancies"
KEXP: You Are Not Alone Foil Edition,Secret Lair Drop,Other,SLD,2025-05-13,58.52,"Concordant Crossroads, Font of Mythos, Rites of Flourishing, Cultural Exchange, Folio of Fancies"
Kai Budde - Red-Artifact Wildfire,World Championship Deck,Other,WC99,1999-08-04,155.97,"Ancient Tomb, City of Traitors, Grim Monolith, Cursed Scroll, Karn, Silver Golem"
Kaladesh Bundle Land Pack,Bundle Land Pack,Other,KLD,2016-09-30,0.0,"Island, Swamp, Forest, Island, Swamp"
Kaladesh Foil Redemption,MTGO Redemption,Other,KLD,2016-10-30,278.11,"Aetherflux Reservoir, Inventors' Fair, Noxious Gearhulk, Chandra, Torch of Defiance, Authority of the Consuls"
Kaladesh Gift Box Land Pack,Bundle Land Pack,Other,KLD,2016-11-25,0.0,"Island, Swamp, Forest, Island, Swamp"
Kaladesh Redemption,MTGO Redemption,Other,KLD,2016-10-30,278.11,"Aetherflux Reservoir, Inventors' Fair, Noxious Gearhulk, Chandra, Torch of Defiance, Authority of the Consuls"
Kaldheim Bundle Land Pack,Bundle Land Pack,Other,KHM,2021-02-05,8.0,"Swamp, Swamp, Island, Island, Mountain"
Kaldheim Foil Redemption,MTGO Redemption,Other,KHM,2021-03-07,358.67,"Vorinclex, Monstrous Raider, Birgi, God of Storytelling // Harnfel, Horn of Bounty, Halvar, God of Battle // Sword of the Realms, Esika, God of the Tree // The Prismatic Bridge, Tergrid, God of Fright // Tergrid's Lantern"
Kaldheim Redemption,MTGO Redemption,Other,KHM,2021-03-07,358.67,"Vorinclex, Monstrous Raider, Birgi, God of Storytelling // Harnfel, Horn of Bounty, Halvar, God of Battle // Sword of the Realms, Esika, God of the Tree // The Prismatic Bridge, Tergrid, God of Fright // Tergrid's Lantern"
Kaleidoscope Killers,Secret Lair Drop,Other,SLD,2019-12-08,109.57,"The Ur-Dragon, Sliver Overlord, Reaper King"
Kamahl's Temper,Theme Deck,Other,10E,2007-07-13,8.05,"Dragon's Claw, Threaten, Incinerate, Raging Goblin, Beacon of Destruction"
Kami Reborn,Theme Deck,Other,CHK,2004-10-01,109.34,"Honden of Night's Reach, Honden of Life's Web, Kodama's Reach, Iname, Death Aspect, Long-Forgotten Gohei"
Kamigawa Ink,Secret Lair Drop,Other,SLD,2021-12-13,84.95,"Michiko Konda, Truth Seeker, Kami of the Crescent Moon, Reki, the History of Kamigawa, Heartless Hidetsugu, Toshiro Umezawa"
Kamigawa Ink Foil Edition,Secret Lair Drop,Other,SLD,2021-12-13,84.95,"Michiko Konda, Truth Seeker, Kami of the Crescent Moon, Reki, the History of Kamigawa, Heartless Hidetsugu, Toshiro Umezawa"
Kamigawa: Neon Dynasty Bundle Land Pack,Bundle Land Pack,Other,NEO,2022-02-18,0.0,"Swamp, Swamp, Swamp, Swamp, Mountain"
Kamigawa: Neon Dynasty Foil Redemption,MTGO Redemption,Other,NEO,2022-03-20,298.67,"Boseiju, Who Endures, Otawara, Soaring City, Kodama of the West Tree, Takenuma, Abandoned Mire, Jin-Gitaxias, Progress Tyrant"
Kamigawa: Neon Dynasty Redemption,MTGO Redemption,Other,NEO,2022-03-20,298.67,"Boseiju, Who Endures, Otawara, Soaring City, Kodama of the West Tree, Takenuma, Abandoned Mire, Jin-Gitaxias, Progress Tyrant"
Kamigawa: Neon Dynasty Welcome Booster,Welcome Booster,Other,NEO,2022-02-18,5.08,"Jugan, the Rising Star, Tamiyo, Collector of Tales, Archon of Sun's Grace, Spirited Companion, Dokuchi Shadow-Walker"
Kamigawa: the Manga: the Cards,Secret Lair Drop,Other,SLD,2022-07-22,109.7,"Veil of Summer, Swords to Plowshares, Idyllic Tutor, Praetor's Grasp, Solve the Equation"
Kamigawa: the Manga: the Cards Foil Edition,Secret Lair Drop,Other,SLD,2022-07-22,109.7,"Veil of Summer, Swords to Plowshares, Idyllic Tutor, Praetor's Grasp, Solve the Equation"
Kang Dynasty,Jumpstart,Other,MSH,2026-06-26,36.18,"Immortus, Master of Eternity, Multiversal Recruitment, Time Warp, Pharaoh Rama-Tut, Iron Lad, Young Avenger"
Katara,Jumpstart,Other,TLE,2025-11-20,10.29,"Katara, Waterbending Master, Consider, Island, Gran-Gran, Thriving Isle"
Kazz's First Deck,Intro Pack,Other,RQS,1996-06-10,0.0,"Island, Island, Mountain, Mountain, Mountain"
Kazz's Second Deck,Intro Pack,Other,ITP,1996-12-31,62.16,"Island, Mountain, Cursed Land, Mountain, Mons's Goblin Raiders"
"Keep Partying Hard, Shred Harder Than You Previously Thought Possible",Secret Lair Drop,Other,SLD,2023-09-15,118.32,"Jeska, Thrice Reborn, Tevesh Szat, Doom of Fools, Vial Smasher the Fierce, Godo, Bandit Warlord"
"Keep Partying Hard, Shred Harder Than You Previously Thought Possible Foil Edition",Secret Lair Drop,Other,SLD,2023-09-15,118.32,"Jeska, Thrice Reborn, Tevesh Szat, Doom of Fools, Vial Smasher the Fierce, Godo, Bandit Warlord"
Keep the Peace,Arena Starter Deck,Other,ANB,2020-08-13,0.0,"Charmed Stray, Fencing Ace, Hallowed Priest, Impassioned Orator, Moorland Inquisitor"
Khans of Tarkir Foil Redemption,MTGO Redemption,Other,KTK,2014-10-26,387.28,"Bloodstained Mire, Wooded Foothills, Polluted Delta, Flooded Strand, Windswept Heath"
Khans of Tarkir Holiday Gift Box Land Pack,Bundle Land Pack,Other,KTK,2014-11-14,1.05,"Mountain, Forest, Plains, Plains, Swamp"
Khans of Tarkir Redemption,MTGO Redemption,Other,KTK,2014-10-26,387.28,"Bloodstained Mire, Wooded Foothills, Polluted Delta, Flooded Strand, Windswept Heath"
Kiora,Duel Deck,Other,DDO,2015-02-27,1.16,"Kiora, the Crashing Wave, Whelming Wave, Scourge of Fleets, Inkwell Leviathan, Aetherize"
Kiska-Ra,Shandalar Enemy Deck,Other,PAST,1997-04-01,20167.03,"Timetwister, Ancestral Recall, Mox Emerald, Mox Pearl, Time Walk"
Kithkin Militia,Theme Deck,Other,LRW,2007-10-12,99.16,"Brigid, Hero of Kinsbaile, Shields of Velis Vel, Crib Swap, Goldmeadow Harrier, Kithkin Harbinger"
Kjeldoran Cunning,Theme Deck,Other,CSP,2006-07-21,91.26,"Darien, King of Kjeldor, Field Marshal, Boreal Shelf, Jötun Grunt, Swords to Plowshares"
Knights,Jumpstart,Other,J22,2022-12-02,19.41,"Balan, Wandering Knight, The Circle of Loyalty, Danitha Capashen, Paragon, Chains of Custody, Thriving Heath"
Kor Armory,Intro Pack,Other,ZEN,2009-10-02,15.3,"Kor Skyfisher, Explorer's Scope, Kabira Crossroads, Kor Cartographer, Conqueror's Pledge"
Koth,Duel Deck,Other,DDI,2012-03-30,3.52,"Koth of the Hammer, Anger, Searing Blaze, Aether Membrane, Wayfarer's Bauble"
Kyoshi,Jumpstart,Other,TLE,2025-11-20,29.52,"Avatar Kyoshi, Earthbender, Cracked Earth Technique, Tectonic Split, Elephant-Mandrill, Kyoshi Warrior Exemplars"
Kzzy'n - The Dragon Lord,Shandalar Enemy Deck,Other,PAST,1997-04-01,380.68,"Mountain, Birds of Paradise, Ivory Tower, Winds of Change, Shivan Dragon"
Landfall (1),Jumpstart,Other,J25,2024-11-07,5.62,"Lotus Cobra, Undergrowth Champion, Harrow, Sutina, Speaker of the Tajuru, Bite Down"
Landfall (2),Jumpstart,Other,J25,2024-11-07,11.41,"Ancient Greenwarden, Sutina, Speaker of the Tajuru, Retreat to Kazandu, Bite Down, Kazandu Nectarpot"
Landfall (3),Jumpstart,Other,J25,2024-11-07,22.29,"Scythecat Cub, Harrow, Sutina, Speaker of the Tajuru, Retreat to Kazandu, Bite Down"
Landfall (4),Jumpstart,Other,J25,2024-11-07,22.29,"Scythecat Cub, Harrow, Sutina, Speaker of the Tajuru, Bite Down, Sporemound"
Landfall 1,Jumpstart,Other,J22,2022-12-02,3.86,"Courser of Kruphix, Zendikar's Roil, Primeval Herald, Rampaging Baloths, Adventuring Gear"
Landfall 2,Jumpstart,Other,J22,2022-12-02,3.42,"Broken Bond, Avenger of Zendikar, Primeval Herald, Khalni Heart Expedition, Evolving Wilds"
Lands (1),Jumpstart,Other,JMP,2020-07-17,1.36,"Cultivate, Zendikar's Roil, Ulvenwald Hydra, Feral Hydra, Forest"
Lands (2),Jumpstart,Other,JMP,2020-07-17,5.77,"Oracle of Mul Daya, Cultivate, Sporemound, Feral Hydra, Forest"
Landslide Charge,Event Deck,Other,DTK,2015-03-27,48.06,"Stubborn Denial, Mistcutter Hydra, Thunderbreak Regent, Elvish Mystic, Frontier Bivouac"
Large and in Charge,Arena Starter Deck,Other,ANB,2020-08-13,0.0,"Jungle Delver, Ilysian Caryatid, Woodland Mystic, Wildwood Patrol, Baloth Packhunter"
Law 1,Jumpstart,Other,J22,2022-12-02,0.0,"Archon of Justice, Thriving Heath, Skyhunter Patrol, Plains, Kami of Ancient Law"
Law 2,Jumpstart,Other,J22,2022-12-02,1.67,"Unquestioned Authority, Thriving Heath, Skyhunter Patrol, Decree of Justice, Plains"
Law 3,Jumpstart,Other,J22,2022-12-02,1.67,"Unquestioned Authority, Gideon, Champion of Justice, Thriving Heath, Skyhunter Patrol, Angelic Edict"
Law 4,Jumpstart,Other,J22,2022-12-02,10.1,"Michiko Konda, Truth Seeker, Isamaru, Hound of Konda, Thriving Heath, Skyhunter Patrol, Murder Investigation"
Learning (1),Jumpstart,Other,TLE,2025-11-20,9.03,"Cracked Earth Technique, Crystalline Armor, Origin of Metalbending, Aang, A Lot to Learn, Shared Roots"
Learning (2),Jumpstart,Other,TLE,2025-11-20,7.05,"Cracked Earth Technique, Master's Guidance, Aang, A Lot to Learn, Forest, Thriving Grove"
Legendary Flyers (Not That Kind),Secret Lair Drop,Other,SLD,2023-05-05,108.17,"Phage the Untouchable, Sen Triplets, Alela, Artful Provocateur, Yisan, the Wanderer Bard"
Legion (1),Jumpstart,Other,JMP,2020-07-17,6.98,"Blessed Sanctuary, Path to Exile, Selfless Savior, Plains, Legion's Judgment"
Legion (2),Jumpstart,Other,JMP,2020-07-17,0.0,"Glorious Anthem, Plains, Legion's Judgment, Plains, Release the Dogs"
Legion (3),Jumpstart,Other,JMP,2020-07-17,0.0,"Glorious Anthem, Plains, Legion's Judgment, Plains, Release the Dogs"
Legion (4),Jumpstart,Other,JMP,2020-07-17,1.24,"Selfless Savior, Plains, Legion's Judgment, Lena, Selfless Champion, Mentor of the Meek"
Legion Aloft,Intro Pack,Other,ARB,2009-04-30,90.58,"Whispersilk Cloak, Terramorphic Expanse, Plains, Etherium Sculptor, Path to Exile"
Legion of Dusk,Theme Deck,Other,E02,2017-11-24,36.56,"Beacon of Immortality, Vanquisher's Banner, Shielded by Faith, Day of Judgment, Bloodcrazed Paladin"
Legion of Glory,MTGO Theme Deck,Other,VIS,2006-04-10,8.62,"Retribution of the Meek, Plains, Zhalfirin Crusader, Plains, Plains"
Legions Foil Redemption,MTGO Redemption,Other,LGN,2003-03-05,2508.75,"Akroma, Angel of Wrath, Seedborn Muse, Graveborn Muse, Phage the Untouchable, Toxin Sliver"
Legions Redemption,MTGO Redemption,Other,LGN,2003-03-05,2508.75,"Akroma, Angel of Wrath, Seedborn Muse, Graveborn Muse, Phage the Untouchable, Toxin Sliver"
Legions of Phyrexia,Arena Starter Deck,Other,LTR,2023-06-20,10.46,"Phyrexian Arena, Gix, Yawgmoth Praetor, Essence of Orthodoxy, Caves of Koilos, Seedpod Caretaker"
"Leon Lindback, Semifinalist",Pro Tour Deck,Other,PTC,1996-05-01,95.1,"Dance of the Dead, Necropotence, Strip Mine, Hypnotic Specter, Zuran Orb"
Leonardo,Theme Deck,Other,TMT,2026-03-06,1.26,"Splinter, Aging Champion, Splinter & Leo, Father & Son, Leonardo, Worldly Warrior, Leo's Guidance, Lita, Little Orphan Amphibian"
Lessons (1),Jumpstart,Other,TLE,2025-11-20,7.82,"Chakra Meditation, Whirlwind Technique, Boomerang Basics, Katara, Seeking Revenge, Accumulate Wisdom"
Lessons (2),Jumpstart,Other,TLE,2025-11-20,5.7,"Chakra Meditation, Whirlwind Technique, Katara, Seeking Revenge, Accumulate Wisdom, Island"
Lethal,Jumpstart,Other,MSH,2026-06-26,12.9,"Black Widow, Deadly Hunter, White Widow, Yelena Belova, Origin of Black Widow, Titanium Man, Venom, Evil Unleashed"
Levelers Scorn,Intro Pack,Other,ROE,2010-04-23,39.37,"Telepathy, Island, Swamp, Island, Island"
Levelers' Glory,Intro Pack,Other,ROE,2010-04-23,30.29,"Island, Island, Island, Plains, Island"
Li'l Giri Saves the Day,Secret Lair Drop,Other,SLD,2022-08-11,68.79,"Curiosity, Last Chance, Vandalblast, Peek, Greed"
Li'l Walkers,Secret Lair Drop,Other,SLD,2022-07-22,49.73,"Ashiok, Dream Render, Tamiyo, the Moon Sage, Sorin, Grim Nemesis, Ajani, Mentor of Heroes, Angrath, the Flame-Chained"
Li'l Walkers Foil Edition,Secret Lair Drop,Other,SLD,2022-07-22,49.73,"Ashiok, Dream Render, Tamiyo, the Moon Sage, Sorin, Grim Nemesis, Ajani, Mentor of Heroes, Angrath, the Flame-Chained"
Li'l'ler Walkers,Secret Lair Drop,Other,SLD,2022-11-14,58.9,"Narset, Parter of Veils, Elspeth, Sun's Champion, Garruk Wildspeaker, Saheeli, Sublime Artificer, Sarkhan Vol"
Li'l'ler Walkers Foil Edition,Secret Lair Drop,Other,SLD,2022-11-14,58.9,"Narset, Parter of Veils, Elspeth, Sun's Champion, Garruk Wildspeaker, Saheeli, Sublime Artificer, Sarkhan Vol"
Librarian,Jumpstart,Other,TLE,2025-11-20,5.76,"Wan Shi Tong, All-Knowing, Brainstorm, Dutiful Knowledge Seeker, Accumulate Wisdom, Island"
Library Depletion,Deck Builder's Toolkit,Other,M13,2012-07-13,5.18,"Jace's Phantasm, Fog Bank, Dream Twist, Curse of the Bloody Tome, Mind Sculpt"
Life Boost,Theme Deck,Other,8ED,2003-07-28,25.48,"Glorious Anthem, Spirit Link, Angel of Mercy, Plains, Plains"
Life Drain,Theme Deck,Other,EVE,2008-07-25,173.62,"Batwing Brume, Rite of Consumption, Divinity of Pride, Swamp, Soul Snuffers"
Life Gain,Deck Builder's Toolkit,Other,M14,2013-07-19,6.4,"Angelic Accord, Unflinching Courage, Congregate, Voracious Wurm, Soulmender"
Life Skills,Arena Starter Deck,Other,M21,2021-07-03,67.36,"Shadowspear, Vito, Thorn of the Dusk Rose, Baneslayer Angel, Silversmote Ghoul, Indulging Patrician"
Life for Death,Intro Pack,Other,NPH,2011-05-13,121.59,"Gut Shot, Mountain, Marrow Shards, Shattered Angel, Phyrexian Rebirth"
Lifegain,Theme Deck,Other,SOS,2026-04-24,7.55,"Haliya, Guided by Light, Starscape Cleric, Amalia Benavides Aguirre, Requiting Hex, Essence Channeler"
Lifeline,Arena Starter Deck,Other,AFR,2021-09-24,15.04,"Righteous Valkyrie, Branchloft Pathway // Boulderloft Pathway, Valkyrie Harbinger, Cleric Class, Icingdeath, Frost Tyrant"
Liftoff,Theme Deck,Other,ODY,2001-10-01,166.31,"Peek, Skycloud Egg, Plains, Mystic Crusader, Millikin"
Lightforce,Intro Pack,Other,M14,2013-07-19,26.83,"Elixir of Immortality, Angelic Accord, Indestructibility, Brave the Elements, Banisher Priest"
Lightning (1),Jumpstart,Other,JMP,2020-07-17,2.52,"Lightning Bolt, Lightning Phoenix, Mountain, Lightning Axe, Mountain"
Lightning (2),Jumpstart,Other,JMP,2020-07-17,0.0,"Lightning Phoenix, Mountain, Ball Lightning, Chain Lightning, Lightning Axe"
Lightning Aggro,Challenger Deck,Other,Q02,2019-04-12,22.95,"Runaway Steam-Kin, Banefire, Rekindling Phoenix, Goblin Chainwhirler, Fanatical Firebrand"
Lil Legends,Secret Lair Drop,Other,SLD,2024-08-19,24.63,"Orvar, the All-Form, Omnath, Locus of Creation, Reya Dawnbringer, Drana, the Last Bloodchief, Lavinia, Azorius Renegade"
Lilest Walkers,Secret Lair Drop,Other,SLD,2023-09-22,29.77,"Karn, Scion of Urza, Venser, the Sojourner, Aminatou, the Fateshifter, Chandra, Flame's Catalyst, Daretti, Ingenious Iconoclast"
Lilest Walkers Foil Edition,Secret Lair Drop,Other,SLD,2023-09-22,25.49,"Aminatou, the Fateshifter, Chandra, Flame's Catalyst, Venser, the Sojourner, Karn, Scion of Urza, Daretti, Ingenious Iconoclast"
Liliana,Planeswalker Deck,Other,M19,2018-07-13,15.58,"Liliana, the Necromancer, Reassembling Skeleton, Sovereign's Bite, Blood Divination, Abnormal Endurance"
"Liliana, Death Mage",Planeswalker Deck,Other,M21,2020-07-03,6.24,"Liliana, Death Mage, Swamp, Liliana's Scrounger, Demonic Embrace, Swamp"
"Liliana, Death Wielder",Planeswalker Deck,Other,AKH,2017-04-28,8.22,"Liliana, Death Wielder, Grasping Dunes, Cartouche of Strength, Channeler Initiate, Cartouche of Ambition"
Line of Fire,Arena Starter Deck,Other,M21,2021-07-03,7.99,"Piper of the Swarm, Kroxa, Titan of Death's Hunger, Serrated Scorpion, Woe Strider, Temple of Malice"
Little Bashers,Theme Deck,Other,MRD,2003-10-02,68.29,"Banshee's Blade, Viridian Longbow, Gold Myr, Loxodon Warhammer, Fireshrieker"
Lofty Heights,Theme Deck,Other,9ED,2005-07-29,38.74,"Sleight of Hand, Mana Leak, Telepathy, Archivist, Boomerang"
Look at the Kitties,Secret Lair Drop,Other,SLD,2022-11-17,273.2,"Lord Windgrace, Violent Outburst, Felidar Sovereign, Descendants' Path"
Lord of Fate,Shandalar Enemy Deck,Other,PAST,1997-04-01,37.33,"Divine Transformation, Ornithopter, Dark Ritual, Serra Angel, Swamp"
Lorwyn Eclipsed Bundle Land Pack,Bundle Land Pack,Other,ECL,2026-01-23,0.0,"Forest, Forest, Plains, Plains, Island"
Lorwyn Eclipsed Redemption,MTGO Redemption,Other,ECL,2026-02-11,223.46,"Chronicle of Victory, Hexing Squelcher, Bitterbloom Bearer, Steam Vents, Bloom Tender"
Lorwyn Fat Pack Land Pack,Bundle Land Pack,Other,LRW,2007-10-12,51.96,"Island, Swamp, Forest, Swamp, Forest"
Lorwyn Foil Redemption,MTGO Redemption,Other,LRW,2007-11-11,2888.52,"Thoughtseize, Thousand-Year Elixir, Ponder, Springleaf Drum, Mosswort Bridge"
Lorwyn Lightboxes,Secret Lair Drop,Other,SLD,2025-02-11,45.52,"Gilt-Leaf Palace, Secluded Glen, Auntie's Hovel, Wanderwine Hub, Ancient Amphitheater"
Lorwyn Lightboxes Foil Edition,Secret Lair Drop,Other,SLD,2025-02-11,45.52,"Gilt-Leaf Palace, Secluded Glen, Auntie's Hovel, Wanderwine Hub, Ancient Amphitheater"
Lorwyn Redemption,MTGO Redemption,Other,LRW,2007-11-11,2888.52,"Thoughtseize, Thousand-Year Elixir, Ponder, Springleaf Drum, Mosswort Bridge"
Lotus Field Combo,Pioneer Challenger Deck,Other,Q06,2021-10-15,42.11,"Lotus Field, Thespian's Stage, Mastermind's Acquisition, Peer into the Abyss, Dig Through Time"
MSCHF,Secret Lair Drop,Other,SLD,2022-02-04,126.85,"Swords to Plowshares, Grim Tutor, Teferi's Puzzle Box, Blood Moon, Cut // Ribbons"
Magic 2010 Fat Pack Land Pack,Bundle Land Pack,Other,M10,2009-07-17,14.86,"Plains, Island, Swamp, Mountain, Swamp"
Magic 2010 Foil Redemption,MTGO Redemption,Other,M10,2009-08-16,1065.12,"Lurking Predators, Time Warp, Silence, Sphinx Ambassador, Liliana Vess"
Magic 2010 Redemption,MTGO Redemption,Other,M10,2009-08-16,1065.12,"Lurking Predators, Time Warp, Silence, Sphinx Ambassador, Liliana Vess"
Magic 2011 Fat Pack Land Pack,Bundle Land Pack,Other,M11,2010-07-16,29.96,"Plains, Plains, Island, Mountain, Forest"
Magic 2011 Foil Redemption,MTGO Redemption,Other,M11,2010-08-15,967.04,"Serra Ascendant, Primeval Titan, Voltaic Key, Goblin Chieftain, Preordain"
Magic 2011 Redemption,MTGO Redemption,Other,M11,2010-08-15,967.04,"Serra Ascendant, Primeval Titan, Voltaic Key, Goblin Chieftain, Preordain"
Magic 2012 Fat Pack Land Pack,Bundle Land Pack,Other,M12,2011-07-15,7.02,"Swamp, Mountain, Swamp, Island, Mountain"
Magic 2012 Foil Redemption,MTGO Redemption,Other,M12,2011-08-14,795.46,"Grand Abolisher, Sorin Markov, Garruk, Primal Hunter, Angelic Destiny, Jace's Archivist"
Magic 2012 Redemption,MTGO Redemption,Other,M12,2011-08-14,795.46,"Grand Abolisher, Sorin Markov, Garruk, Primal Hunter, Angelic Destiny, Jace's Archivist"
Magic 2013 Fat Pack Land Pack,Bundle Land Pack,Other,M13,2012-07-13,9.59,"Plains, Plains, Island, Forest, Island"
Magic 2013 Foil Redemption,MTGO Redemption,Other,M13,2012-08-12,699.63,"Worldfire, Akroma's Memorial, Liliana of the Dark Realms, Vampire Nocturnus, Clock of Omens"
Magic 2013 Redemption,MTGO Redemption,Other,M13,2012-08-12,699.63,"Worldfire, Akroma's Memorial, Liliana of the Dark Realms, Vampire Nocturnus, Clock of Omens"
Magic 2014 Fat Pack Land Pack,Bundle Land Pack,Other,M14,2013-07-19,0.0,"Mountain, Island, Swamp, Forest, Plains"
Magic 2014 Foil Redemption,MTGO Redemption,Other,M14,2013-08-18,660.35,"Archangel of Thune, Kalonian Hydra, Darksteel Forge, Dark Prophecy, Silence"
Magic 2014 Redemption,MTGO Redemption,Other,M14,2013-08-18,660.35,"Archangel of Thune, Kalonian Hydra, Darksteel Forge, Dark Prophecy, Silence"
Magic 2015 Fat Pack Land Pack,Bundle Land Pack,Other,M15,2014-07-18,0.0,"Forest, Mountain, Island, Forest, Swamp"
Magic 2015 Foil Redemption,MTGO Redemption,Other,M15,2014-08-17,579.05,"Urborg, Tomb of Yawgmoth, Sliver Hivelord, Sliver Hive, The Chain Veil, Nissa, Worldwaker"
Magic 2015 Redemption,MTGO Redemption,Other,M15,2014-08-17,579.05,"Urborg, Tomb of Yawgmoth, Sliver Hivelord, Sliver Hive, The Chain Veil, Nissa, Worldwaker"
Magic Origins Fat Pack Land Pack,Bundle Land Pack,Other,ORI,2015-07-17,0.0,"Plains, Swamp, Plains, Island, Island"
Magic Origins Foil Redemption,MTGO Redemption,Other,ORI,2015-08-16,516.7,"Starfield of Nyx, Alhammarret's Archive, Liliana, Heretical Healer // Liliana, Defiant Necromancer, Woodland Bellower, Elemental Bond"
Magic Origins Redemption,MTGO Redemption,Other,ORI,2015-08-16,516.7,"Starfield of Nyx, Alhammarret's Archive, Liliana, Heretical Healer // Liliana, Defiant Necromancer, Woodland Bellower, Elemental Bond"
Magic: The Baseballing,Secret Lair Drop,Other,SLD,2023-09-15,48.59,"Liliana Vess // Liliana Vess, Jace Beleren // Jace Beleren, Chandra Nalaar // Chandra Nalaar, Ajani Goldmane // Ajani Goldmane, Garruk Wildspeaker // Garruk Wildspeaker"
Magic: The Baseballing Foil Edition,Secret Lair Drop,Other,SLD,2023-09-15,48.59,"Liliana Vess // Liliana Vess, Jace Beleren // Jace Beleren, Chandra Nalaar // Chandra Nalaar, Ajani Goldmane // Ajani Goldmane, Garruk Wildspeaker // Garruk Wildspeaker"
MagicCon: the Gathering,Secret Lair Drop,Other,SLD,2025-08-18,41.13,"Sliver Legion, Pack Rat, Shared Summons, Sylvan Offering"
Mahō Gakuin Seishun Hakusho — 魔法学院青春白書,Secret Lair Drop,Other,SLD,2026-05-12,72.15,"Stinging Study, Time Stretch, Notion Thief, Rule of Law, Thought Scour"
Mahō Gakuin Seishun Hakusho — 魔法学院青春白書 Foil Edition,Secret Lair Drop,Other,SLD,2026-05-12,72.15,"Stinging Study, Time Stretch, Notion Thief, Rule of Law, Thought Scour"
Making Fetch Happen,Secret Lair Drop,Other,SLU,2020-05-29,214.4,"Scalding Tarn, Arid Mesa, Verdant Catacombs, Marsh Flats, Misty Rainforest"
Mana Ramp,Deck Builder's Toolkit,Other,ROE,2010-05-21,19.46,"Whispersilk Cloak, Explore, Howl of the Night Pack, Frontier Guide, Pelakka Wurm"
Mandurang,Shandalar Enemy Deck,Other,PAST,1997-04-01,348.68,"Mountain, Dancing Scimitar, Carrion Ants, Braingeyser, Blood Lust"
Manipulative Monstrosities,Intro Pack,Other,THS,2013-09-27,10.79,"Archaeomancer, Curse of the Swine, Wall of Frost, Island, Coral Merfolk"
Manuel Bevand - Myr Incubator Combo,World Championship Deck,Other,WC04,2004-09-01,87.43,"Chrome Mox, Ancient Den, Krark-Clan Ironworks, Darksteel Citadel, Fabricate"
Marauders 1,Jumpstart,Other,LTR,2023-06-23,2.06,"Assault on Osgiliath, Erebor Flamesmith, Grishnákh, Brash Instigator, Fear, Fire, Foes!, Gimli's Fury"
Marauders 2,Jumpstart,Other,LTR,2023-06-23,2.06,"Assault on Osgiliath, Erebor Flamesmith, Grishnákh, Brash Instigator, Smite the Deathless, Mountain"
March of the Machine Bundle Land Pack,Bundle Land Pack,Other,MOM,2023-04-21,0.0,"Plains, Plains, Swamp, Swamp, Forest"
March of the Machine Foil Redemption,MTGO Redemption,Other,MOM,2023-05-17,286.28,"Etali, Primal Conqueror // Etali, Primal Sickness, Urabrask // The Great Work, Sheoldred // The True Scriptures, Faerie Mastermind, Invasion of Ikoria // Zilortha, Apex of Ikoria"
March of the Machine Redemption,MTGO Redemption,Other,MOM,2023-05-17,286.28,"Etali, Primal Conqueror // Etali, Primal Sickness, Urabrask // The Great Work, Sheoldred // The True Scriptures, Faerie Mastermind, Invasion of Ikoria // Zilortha, Apex of Ikoria"
March of the Machine Welcome Booster,Welcome Booster,Other,MOM,2023-04-21,2.1,"Siege Rhino, Chandra, Heart of Fire, Defiant Bloodlord, Commander's Sphere, Seraph of Dawn"
March of the Multitudes,Modern Event Deck,Other,MD1,2014-05-30,76.84,"Sword of Feast and Famine, City of Brass, Elspeth, Knight-Errant, Soul Warden, Path to Exile"
Mardu Raiders,Intro Pack,Other,KTK,2014-09-26,6.54,"Nomad Outpost, Gurmag Swiftwing, Crackling Doom, Mountain, Ankle Shanker"
"Mark Justice, Quarterfinalist",Pro Tour Deck,Other,PTC,1996-05-01,114.84,"Black Vise, Winter Orb, City of Brass, Lightning Bolt, Mishra's Factory"
Mark Le Pine - Sped Red,World Championship Deck,Other,WC99,1999-08-04,66.82,"Ancient Tomb, Wasteland, Cursed Scroll, Mountain, Mountain"
Martial Law,Theme Deck,Other,P02,1998-06-24,54.19,"Armageddon, Angel of Fury, Plains, Alaborn Veteran, Plains"
Marvel Super Heroes Bundle Land Pack,Bundle Land Pack,Other,MSH,2025-09-26,12.24,"Swamp, Island, Mountain, Plains, Mountain"
Marvel Super Heroes Draft Night Land Pack,Bundle Land Pack,Other,MSH,2025-09-26,0.0,"Mountain, Plains, Island, Swamp, Swamp"
Marvel's Black Panther,Secret Lair Drop,Other,SLD,2024-11-05,65.21,"Black Panther, Wakandan King, Heroic Intervention, Primal Vigor, Karn's Bastion, Secure the Wastes"
Marvel's Black Panther Foil Edition,Secret Lair Drop,Other,SLD,2024-11-05,65.21,"Black Panther, Wakandan King, Heroic Intervention, Primal Vigor, Karn's Bastion, Secure the Wastes"
Marvel's Captain America,Secret Lair Drop,Other,SLD,2024-11-05,109.91,"Captain America, First Avenger, Flawless Maneuver, Sigarda's Aid, Sword of War and Peace, In the Trenches"
Marvel's Captain America Foil Edition,Secret Lair Drop,Other,SLD,2024-11-05,109.91,"Captain America, First Avenger, Flawless Maneuver, Sigarda's Aid, Sword of War and Peace, In the Trenches"
Marvel's Deadpool,Secret Lair Drop,Other,SLD,2025-04-02,55.58,"Deadly Rollick, Deadpool, Trading Card, Saw in Half, Blasphemous Act, Vandalblast"
Marvel's Deadpool Foil Edition,Secret Lair Drop,Other,SLD,2025-04-02,55.58,"Deadly Rollick, Deadpool, Trading Card, Saw in Half, Blasphemous Act, Vandalblast"
Marvel's Deadpool: I Fixed It (You're Welcome),Secret Lair Drop,Other,SLD,2026-04-06,19.03,"Sol Ring, Lightning Greaves, Lightning Bolt, Deadly Dispute, Thrill of Possibility"
Marvel's Deadpool: I Fixed It (You're Welcome) Foil Edition,Secret Lair Drop,Other,SLD,2026-04-06,19.03,"Sol Ring, Lightning Greaves, Lightning Bolt, Deadly Dispute, Thrill of Possibility"
Marvel's Deadpool: I Fixed It (You're Welcome) Pool Party Foil Edition,Secret Lair Drop,Other,SLD,2026-04-06,32.33,"Sol Ring, Lightning Greaves, Lightning Bolt, Deadly Dispute, Thrill of Possibility"
Marvel's Iron Man,Secret Lair Drop,Other,SLD,2024-11-05,105.43,"Commander's Plate, Iron Man, Titan of Innovation, Inventors' Fair, Sol Ring, Galvanic Blast"
Marvel's Iron Man Foil Edition,Secret Lair Drop,Other,SLD,2024-11-05,105.43,"Commander's Plate, Iron Man, Titan of Innovation, Inventors' Fair, Sol Ring, Galvanic Blast"
Marvel's Spider-Man Bundle Land Pack,Bundle Land Pack,Other,SPM,2025-09-26,0.0,"Island, Mountain, Swamp, Forest, Plains"
Marvel's Spider-Man Foil Bundle Land Pack,Bundle Land Pack,Other,SPM,2025-09-26,0.0,"Island, Mountain, Swamp, Forest, Plains"
Marvel's Spider-Man: Daily Bugle Breaking News,Secret Lair Drop,Other,SLD,2025-09-30,31.48,"Scheming Symmetry, Blasphemous Act, Frantic Search, Impact Tremors, Fact or Fiction"
Marvel's Spider-Man: Daily Bugle Breaking News Foil Edition,Secret Lair Drop,Other,SLD,2025-09-30,31.48,"Scheming Symmetry, Blasphemous Act, Frantic Search, Impact Tremors, Fact or Fiction"
Marvel's Spider-Man: Heroic Deeds,Secret Lair Drop,Other,SLD,2025-09-30,53.06,"Three Visits, Sol Ring, Ephemerate, Lightning Greaves, Command Tower"
Marvel's Spider-Man: Heroic Deeds Foil Edition,Secret Lair Drop,Other,SLD,2025-09-30,53.06,"Three Visits, Sol Ring, Ephemerate, Lightning Greaves, Command Tower"
Marvel's Spider-Man: Mana Symbiote Raised Foil Edition,Secret Lair Drop,Other,SLD,2025-09-30,65.64,"Swamp, Mountain, Plains, Forest, Island"
Marvel's Spider-Man: Venom Unleashed (Colors),Secret Lair Drop,Other,SLD,2025-09-30,44.71,"Damnation, Dark Ritual, Peer into the Abyss, Surgical Extraction, Tendrils of Agony"
Marvel's Spider-Man: Venom Unleashed (Colors) Foil Edition,Secret Lair Drop,Other,SLD,2025-09-30,44.71,"Damnation, Dark Ritual, Peer into the Abyss, Surgical Extraction, Tendrils of Agony"
Marvel's Spider-Man: Venom Unleashed (Inks),Secret Lair Drop,Other,SLD,2025-09-30,32.84,"Damnation, Dark Ritual, Peer into the Abyss, Surgical Extraction, Tendrils of Agony"
Marvel's Spider-Man: Venom Unleashed (Inks) Foil Edition,Secret Lair Drop,Other,SLD,2025-09-30,32.84,"Damnation, Dark Ritual, Peer into the Abyss, Surgical Extraction, Tendrils of Agony"
Marvel's Spider-Man: Villainous Plots,Secret Lair Drop,Other,SLD,2025-09-30,39.17,"Sol Ring, Lightning Greaves, Go for the Throat, Deadly Dispute, Command Tower"
Marvel's Spider-Man: Villainous Plots Foil Edition,Secret Lair Drop,Other,SLD,2025-09-30,39.17,"Sol Ring, Lightning Greaves, Go for the Throat, Deadly Dispute, Command Tower"
Marvel's Storm,Secret Lair Drop,Other,SLD,2024-11-05,96.65,"Jeska's Will, Storm, Force of Nature, Manamorphose, Ice Storm, Lightning Bolt"
Marvel's Storm Foil Edition,Secret Lair Drop,Other,SLD,2024-11-05,96.65,"Jeska's Will, Storm, Force of Nature, Manamorphose, Ice Storm, Lightning Bolt"
Marvel's Wolverine,Secret Lair Drop,Other,SLD,2024-11-05,142.42,"The Ozolith, Wolverine, Best There Is, Rhythm of the Wild, Berserk, Rite of Passage"
Marvel's Wolverine Foil Edition,Secret Lair Drop,Other,SLD,2024-11-05,142.42,"The Ozolith, Wolverine, Best There Is, Rhythm of the Wild, Berserk, Rite of Passage"
Marvelous,Jumpstart,Other,MSH,2026-06-26,46.91,"Captain Marvel, Shooting Star, Quantum Entanglement, Photon, Lady of Light, Ms. Marvel, Elastic Ally, Marvel Boy, Noh-Varr"
Massed Ranks,Intro Pack,Other,DTK,2015-03-27,11.06,"Secure the Wastes, Inspiring Call, Plains, Forest, Enduring Scalelord"
Massive Menagerie,Arena Starter Deck,Other,M21,2021-07-03,24.15,"Serpent of Yawning Depths, Elder Gargaroth, Ram Through, Kogla, the Titan Ape, Cultivate"
Massive Might,Game Night Deck,Other,GN2,2019-11-15,8.47,"Voracious Hydra, Earthshaker Giant, Ripjaw Raptor, Ghalta, Primal Hunger, Leafkin Druid"
Master Blaster,Theme Deck,Other,DST,2004-02-06,105.55,"Great Furnace, Darksteel Citadel, Iron Myr, Pyrite Spellbomb, Molten Rain"
Masters of Evil,Jumpstart,Other,MSH,2026-06-26,4.64,"Crimson Cowl, Master of Evil, Radioactive Man, Tiger Shark, Abyssal Hunter, Villainous Syndication, Swamp"
Math Is For Blockers,Secret Lair Drop,Other,SLD,2021-12-13,33.22,"Ohran Frostfang, Brazen Borrower // Petty Theft, Vindictive Lich, Thragtusk, Meandering Towershell"
Math Is For Blockers Foil Edition,Secret Lair Drop,Other,SLD,2021-12-13,33.22,"Ohran Frostfang, Brazen Borrower // Petty Theft, Vindictive Lich, Thragtusk, Meandering Towershell"
Matt Linde - Mono-Green Stompy,World Championship Deck,Other,WC99,1999-08-04,328.1,"Gaea's Cradle, Cursed Scroll, Forest, Rancor, Llanowar Elves"
Max Attax,Theme Deck,Other,SCG,2003-05-26,255.54,"Smother, Temple of the False God, Tranquil Thicket, Barren Moor, Swamp"
Mayhem,Jumpstart,Other,MSH,2026-06-26,9.44,"Green Goblin, Back for More, Daily Bugle Newspaper, Sadistic Slash, Rocket-Powered Goblin Glider, Alien Symbiosis"
Meditations on Nature,Secret Lair Drop,Other,SLD,2023-12-18,102.52,"Plains, Mountain, Island, Forest, Swamp"
Meditations on Nature Foil Edition,Secret Lair Drop,Other,SLD,2023-11-30,102.52,"Plains, Mountain, Island, Forest, Swamp"
Mercenaries,Theme Deck,Other,NEM,2000-02-14,515.61,"Dark Ritual, Massacre, Cateran Summons, Haunted Crossroads, Belbe's Portal"
Mercenaries - Enhanced Deck,Enhanced Deck,Other,NEM,2000-02-14,690.1,"Dark Ritual, Yawgmoth's Will, Cateran Summons, Contamination, Silent Assassin"
Merfolk,Duel Deck,Other,DDT,2017-11-10,11.84,"Misdirection, Master of the Pearl Trident, Engulf the Shore, Merrow Reejerey, Master of Waves"
Merfolk 1,Jumpstart,Other,J22,2022-12-02,0.0,"Seafloor Oracle, Merrow Reejerey, Triton Shorestalker, Sage of the Falls, Storm Sculptor"
Merfolk 2,Jumpstart,Other,J22,2022-12-02,0.0,"Svyelun of Sea and Sky, Merrow Reejerey, Triton Shorestalker, Merfolk Pupil, River Sneak"
Merfolk 3,Jumpstart,Other,J22,2022-12-02,0.0,"Harbinger of the Tides, Merrow Reejerey, Triton Shorestalker, Fallowsage, Stonybrook Angler"
Merfolk 4,Jumpstart,Other,J22,2022-12-02,0.0,"Merfolk Sovereign, Merrow Reejerey, Triton Shorestalker, River Sneak, Aquatic Incursion"
Merfolk Shaman,Shandalar Enemy Deck,Other,PAST,1997-04-01,72.09,"Island Fish Jasconius, Lord of Atlantis, Unstable Mutation, Magical Hack, Segovian Leviathan"
Merrow Riverways,Theme Deck,Other,LRW,2007-10-12,392.95,"Ponder, Springleaf Drum, Wanderwine Prophets, Merrow Commerce, Merrow Reejerey"
Metalcraft,Deck Builder's Toolkit,Other,MBS,2011-03-11,75.5,"Voltaic Key, Palladium Myr, Golem Foundry, Darksteel Myr, Myr Sire"
Metallic Dreams,Planechase Deck,Other,HOP,2009-09-04,86.86,"Darksteel Forge, Fabricate, Great Furnace, Vault of Whispers, Arcbound Crusher"
"Michael Loconto, Champion",Pro Tour Deck,Other,PTC,1996-05-01,104.9,"Land Tax, Strip Mine, Island, Adarkar Wastes, Island"
Michealangelo,Theme Deck,Other,TMT,2026-03-06,7.71,"Mona Lisa, Ever Adaptable, Michelangelo, On the Scene, Michelangelo, Mutant BFF, Study the Classics, Mikey & Mona, Mutant Sitters"
Midrange Green,Deck Builder's Toolkit,Other,M13,2012-07-13,1.45,"Bond Beetle, Mwonvuli Beast Tracker, Borderland Ranger, Elvish Visionary, Briarpack Alpha"
Might,Duel Deck,Other,DDS,2017-03-31,31.22,"Coat of Arms, Zo-Zu the Punisher, Lovisa Coldeyes, Guttural Response, Rampant Growth"
Migraine,Theme Deck,Other,STH,1998-03-02,31.53,"Ensnaring Bridge, Bottomless Pit, Dark Ritual, Megrim, Portcullis"
Migraine - Advanced Deck,Advanced Deck,Other,STH,1998-03-02,219.94,"Vampiric Tutor, Wasteland, Anvil of Bogardan, Ensnaring Bridge, Bottomless Pit"
Milling,Jumpstart,Other,JMP,2020-07-17,42.37,"Bruvac the Grandiloquent, Capture Sphere, Thought Scour, Teferi's Tutelage, Island"
Mind,Duel Deck,Other,DDS,2017-03-31,16.42,"Desperate Ritual, Snap, Beacon of Tomorrows, Deep-Sea Kraken, Jori En, Ruin Diver"
Mind Stealer,Shandalar Enemy Deck,Other,PAST,1997-04-01,135.92,"Junún Efreet, Sindbad, Fellwar Stone, Mind Twist, Animate Dead"
Mind Swarm,Theme Deck,Other,DST,2004-02-06,126.26,"Vault of Whispers, Geth's Grimoire, Leaden Myr, Skeleton Shard, Chittering Rats"
Mind of the Void,Theme Deck,Other,PS11,2011-01-01,0.0,"Island, Island, Island, Island, Plains"
Minions (1),Jumpstart,Other,JMP,2020-07-17,0.0,"Swamp, Village Rites, Innocent Blood, Goremand, Kels, Fight Fixer"
Minions (2),Jumpstart,Other,JMP,2020-07-17,0.0,"Swamp, Village Rites, Goremand, Kels, Fight Fixer, Crypt Lurker"
Minions (3),Jumpstart,Other,JMP,2020-07-17,26.48,"Phyrexian Tower, Swamp, Village Rites, Goremand, Crypt Lurker"
Minions (4),Jumpstart,Other,JMP,2020-07-17,3.38,"Ghoulcaller Gisa, Swamp, Village Rites, Innocent Blood, Goremand"
Minotaurs (1),Jumpstart,Other,JMP,2020-07-17,5.02,"Herald's Horn, Sethron, Hurloon General, Minotaur Skullcleaver, Mountain, Soul Sear"
Minotaurs (2),Jumpstart,Other,JMP,2020-07-17,1.68,"Unleash Fury, Traitorous Greed, Sethron, Hurloon General, Minotaur Skullcleaver, Rageblood Shaman"
Mirrodin Besieged Fat Pack Land Pack,Bundle Land Pack,Other,MBS,2011-02-04,12.97,"Swamp, Forest, Swamp, Mountain, Mountain"
Mirrodin Besieged Foil Redemption,MTGO Redemption,Other,MBS,2011-03-06,874.18,"Blightsteel Colossus, Consecrated Sphinx, Green Sun's Zenith, Sword of Feast and Famine, Inkmoth Nexus"
Mirrodin Besieged Redemption,MTGO Redemption,Other,MBS,2011-03-06,874.18,"Blightsteel Colossus, Consecrated Sphinx, Green Sun's Zenith, Sword of Feast and Famine, Inkmoth Nexus"
Mirrodin Foil Redemption,MTGO Redemption,Other,MRD,2003-11-01,3084.08,"Chrome Mox, Sword of Kaldra, Quicksilver Elemental, Chalice of the Void, Confusion in the Ranks"
Mirrodin Pure,MTGO Duel Deck,Other,TD2,2013-01-11,0.0,"Platinum Angel, Ardent Recruit, Argent Sphinx, Darksteel Gargoyle, Darksteel Sentinel"
Mirrodin Redemption,MTGO Redemption,Other,MRD,2003-11-01,3084.08,"Chrome Mox, Sword of Kaldra, Quicksilver Elemental, Chalice of the Void, Confusion in the Ranks"
Mirrodinsanity,Secret Lair Drop,Other,SLD,2022-01-28,166.77,"Seat of the Synod, Great Furnace, Vault of Whispers, Ancient Den, Tree of Tales"
Mirrodinsanity Foil Edition,Secret Lair Drop,Other,SLD,2022-01-28,166.77,"Seat of the Synod, Great Furnace, Vault of Whispers, Ancient Den, Tree of Tales"
Mirromancy,Intro Pack,Other,MBS,2011-02-04,70.17,"Preordain, Silver Myr, Iron Myr, Lightning Bolt, Red Sun's Zenith"
Mite-y 1,Jumpstart,Other,ONE,2023-02-10,1.03,"Mite Overseer, Planar Disruption, Annex Sentry, Basilica Shepherd, Infested Fleshcutter"
Mite-y 2,Jumpstart,Other,ONE,2023-02-10,1.03,"Mite Overseer, Ossification, Crawling Chorus, The Fair Basilica, Plains"
Mob Rule,Intro Pack,Other,M13,2012-07-13,21.51,"Fervor, Ring of Valkas, Krenko, Mob Boss, Krenko's Command, Forest"
Modern Horizons 2 Bundle Land Pack,Bundle Land Pack,Other,MH2,2021-06-18,0.0,"Island, Swamp, Island, Swamp, Plains"
Modern Horizons 3 Bundle Land Pack,Bundle Land Pack,Other,MH3,2024-06-14,0.0,"Island, Island, Forest, Forest, Plains"
Modified,Jumpstart,Other,J25,2024-11-07,16.87,"Kodama of the West Tree, Audacity, Gnarlid Colony, Cave of Temptation, Snakeskin Veil"
Molimo's Might,Theme Deck,Other,10E,2007-07-13,41.11,"Hurricane, Rampant Growth, Molimo, Maro-Sorcerer, Forest, Blanchwood Armor"
Mono Black,Arena Starter Kit,Other,M21,2020-07-03,12.25,"Demon of Loathing, Peer into the Abyss, Serrated Scorpion, Demonic Embrace, Swamp"
Mono Black Amazon,Arena Starter Kit,Other,M21,2020-07-03,12.25,"Demon of Loathing, Peer into the Abyss, Serrated Scorpion, Demonic Embrace, Swamp"
Mono Green,Arena Starter Kit,Other,M21,2020-07-03,8.39,"Ironscale Hydra, Ram Through, Colossification, Llanowar Visionary, Hyrax Tower Scout"
Mono Green Amazon,Arena Starter Kit,Other,M21,2020-07-03,8.39,"Ironscale Hydra, Ram Through, Colossification, Llanowar Visionary, Hyrax Tower Scout"
Mono White Aggro,Challenger Deck,Other,Q07,2022-04-01,4.3,"Paladin Class, Luminarch Aspirant, Intrepid Adversary, Thalia, Guardian of Thraben, Skyclave Apparition"
Mono-Green Stompy,Challenger Deck,Other,Q05,2021-04-02,15.25,"Gemrazer, Ram Through, Turntimber Symbiosis // Turntimber, Serpentine Wood, Stonecoil Serpent, Garruk, Unleashed"
Mono-Red Aggro,Challenger Deck,Other,Q05,2021-04-02,29.16,"Embercleave, Shatterskull Smashing // Shatterskull, the Hammer Pass, Torbran, Thane of Red Fell, Mountain, Castle Embereth"
Mono-Red Burn,Pioneer Challenger Deck,Other,Q06,2021-10-15,21.38,"Monastery Swiftspear, Ramunap Ruins, Soul-Scar Mage, Wizard's Lightning, Lightning Strike"
Monster Anatomy 101,Secret Lair Drop,Other,SLD,2022-01-28,125.3,"Gishath, Sun's Avatar, Goblin Trashmaster, Ilharg, the Raze-Boar, Protean Hulk, Fleet Swallower"
Monster Anatomy 101 Foil Etched Edition,Secret Lair Drop,Other,SLD,2022-01-28,125.3,"Gishath, Sun's Avatar, Goblin Trashmaster, Ilharg, the Raze-Boar, Protean Hulk, Fleet Swallower"
Monster Movie Marathon,Secret Lair Drop,Other,SLD,2022-01-28,99.39,"Blasphemous Act, Beast Within, Grafdigger's Cage, Dismember"
Monster Movie Marathon Foil Edition,Secret Lair Drop,Other,SLD,2022-01-28,99.39,"Blasphemous Act, Beast Within, Grafdigger's Cage, Dismember"
Monster Territory,Jumpstart,Other,DMU,2022-09-09,1.81,"Forest, Briar Hydra, The Weatherseed Treaty, Haunted Mire, Wooded Ridgeline"
Monsters,Duel Deck,Other,DDL,2013-09-06,2.67,"Skarrg, the Rage Pits, Orcish Lumberjack, Beast Within, Polukranos, World Eater, Fires of Yavimaya"
Monstrous Magazines,Secret Lair Drop,Other,SLD,2024-10-01,38.77,"Koma, Cosmos Serpent, Doom Whisperer, Mazirek, Kraul Death Priest, Ravenous Chupacabra, Uril, the Miststalker"
Monstrous Magazines Foil Edition,Secret Lair Drop,Other,SLD,2024-10-01,38.77,"Koma, Cosmos Serpent, Doom Whisperer, Mazirek, Kraul Death Priest, Ravenous Chupacabra, Uril, the Miststalker"
Monstrous Surprise,Intro Pack,Other,DKA,2012-02-03,20.64,"Rampant Growth, Pyreheart Wolf, Strangleroot Geist, Gutter Grime, Young Wolf"
Monty Python and the Holy Grail: Vol. 1,Secret Lair Drop,Other,SLD,2024-07-30,185.14,"Birds of Paradise // Birds of Paradise, Three Visits, Dismember, Buried Alive, Prodigal Sorcerer"
Monty Python and the Holy Grail: Vol. 1 Foil Edition,Secret Lair Drop,Other,SLD,2024-07-30,185.14,"Birds of Paradise // Birds of Paradise, Three Visits, Dismember, Buried Alive, Prodigal Sorcerer"
Monty Python and the Holy Grail: Vol. 2,Secret Lair Drop,Other,SLD,2024-07-30,79.39,"Ashnod's Altar, Door to Nothingness, Dark Depths"
Monty Python and the Holy Grail: Vol. 2 Foil Edition,Secret Lair Drop,Other,SLD,2024-07-30,79.39,"Ashnod's Altar, Door to Nothingness, Dark Depths"
Morbid 1,Jumpstart,Other,J22,2022-12-02,9.55,"Spawning Pit, Tragic Slip, Reaper from the Abyss, Village Rites, Mortuary Mire"
Morbid 2,Jumpstart,Other,J22,2022-12-02,3.08,"Tragic Slip, Reassembling Skeleton, Vampiric Rites, Skirsdag High Priest, Village Rites"
Mordor 1,Jumpstart,Other,LTR,2023-06-23,42.36,"Nazgûl, Ringwraiths, Claim the Precious, Gollum, Patient Plotter, Swamp"
Mordor 2,Jumpstart,Other,LTR,2023-06-23,6.19,"Ringwraiths, Orcish Medicine, Gollum, Patient Plotter, Swamp, Gothmog, Morgul Lieutenant"
Mordor: Black-Red,Starter Kit,Other,LTR,2023-06-23,25.97,"Witch-king, Bringer of Ruin, Sauron, the Lidless Eye, Fires of Mount Doom, Gollum, Scheming Guide, Cast into the Fire"
More Adventures in Middle-earth,Secret Lair Drop,Other,SLD,2023-08-29,71.3,"Gandalf, Friend of the Shire, Shire Terrace, Mirror of Galadriel, Slip On the Ring"
More Adventures in Middle-earth Foil Edition,Secret Lair Drop,Other,SLD,2023-08-29,71.3,"Gandalf, Friend of the Shire, Shire Terrace, Mirror of Galadriel, Slip On the Ring"
More Borderless Planeswalkers,Secret Lair Drop,Other,SLD,2023-03-17,33.01,"Nicol Bolas, Dragon-God, Ugin, the Ineffable, Sorin, Imperious Bloodlord, Sarkhan, Dragonsoul"
Morningtide Foil Redemption,MTGO Redemption,Other,MOR,2008-03-02,2036.31,"Scapeshift, Bitterblossom, Lightning Crafter, Idyllic Tutor, Maralen of the Mornsong"
Morningtide Redemption,MTGO Redemption,Other,MOR,2008-03-02,2036.31,"Scapeshift, Bitterblossom, Lightning Crafter, Idyllic Tutor, Maralen of the Mornsong"
Morph Mayhem,Theme Deck,Other,LGN,2003-02-03,160.67,"Lonely Sandbar, Secluded Steppe, Whipcorder, Chromeshell Crab, Island"
Mortal Coil,Theme Deck,Other,SHM,2008-05-02,329.57,"Faerie Macabre, Helm of the Ghastlord, Fate Transfer, Swamp, Wingrattle Scarecrow"
Mortals 1,Jumpstart,Other,LTR,2023-11-03,1.06,"Eagle of Deliverance, Éowyn, Lady of Rohan, Plains, Fog on the Barrow-Downs, Faramir, Field Commander"
Mortals 2,Jumpstart,Other,LTR,2023-11-03,2.96,"Reprieve, Eagle of Deliverance, Inherited Envelope, Samwise the Stouthearted, Plains"
Mortals of Myth,Intro Pack,Other,JOU,2014-05-02,18.97,"Solidarity of Heroes, Spear of Heliod, Raised by Wolves, Forest, Vanguard of Brimaz"
Mother's Day 2021,Secret Lair Drop,Other,SLD,2021-10-29,75.15,"Mother of Runes, Mother of Runes, Mother of Runes, Mother of Runes"
Mother's Day 2021 Foil Edition,Secret Lair Drop,Other,SLD,2021-10-29,75.15,"Mother of Runes, Mother of Runes, Mother of Runes, Mother of Runes"
"Mountain, Go",Secret Lair Drop,Other,SLD,2020-06-08,22.67,"Lightning Bolt, Lightning Bolt, Lightning Bolt, Lightning Bolt"
Mu Yanling,Planeswalker Deck,Other,GS1,2018-06-22,11.41,"Mu Yanling, Island, Ancestor Dragon, Plains, Cloak of Mists"
"Mu Yanling, Celestial Wind",Planeswalker Deck,Other,M20,2019-07-29,4.88,"Spectral Sailor, Mu Yanling, Celestial Wind, Winged Words, Island, Warden of Evos Isle"
Multi-Headed 1,Jumpstart,Other,J22,2022-12-02,13.64,"Benevolent Hydra, Hydra's Growth, Domesticated Hydra, Feral Hydra, Clockwork Hydra"
Multi-Headed 2,Jumpstart,Other,J22,2022-12-02,27.66,"Primordial Hydra, Benevolent Hydra, Hydra's Growth, Domesticated Hydra, Clockwork Hydra"
Murders at Karlov Manor Bundle Land Pack,Bundle Land Pack,Other,MKM,2024-02-09,0.0,"Swamp, Swamp, Plains, Plains, Island"
Murders at Karlov Manor Foil Redemption,MTGO Redemption,Other,MKM,2024-03-06,252.62,"Delney, Streetwise Lookout, Undercity Sewers, Thundering Falls, Underground Mortuary, Meticulous Archive"
Murders at Karlov Manor Redemption,MTGO Redemption,Other,MKM,2024-03-06,252.62,"Delney, Streetwise Lookout, Undercity Sewers, Thundering Falls, Underground Mortuary, Meticulous Archive"
Musicians,Jumpstart,Other,TLE,2025-11-20,3.65,"Secret Tunnel, Thriving Bluff, Freedom Fighter Recruit, Mountain, Chong and Lily, Nomads"
Mutation Station,Arena Starter Deck,Other,M21,2021-07-03,12.52,"Massacre Wurm, Sea-Dasher Octopus, Unexpected Fangs, Dirge Bat, Lochmere Serpent"
My Little Pony: Friendship is Magic,Secret Lair Drop,Other,SLD,2026-05-12,70.54,"Defense of the Heart, Sol Ring, Arcane Signet, Radiate, Generous Gift"
My Little Pony: Friendship is Magic Foil Edition,Secret Lair Drop,Other,SLD,2026-05-12,70.54,"Defense of the Heart, Sol Ring, Arcane Signet, Radiate, Generous Gift"
My Little Pony: The Lands of Equestria,Secret Lair Drop,Other,SLD,2026-05-12,27.63,"Plains, Forest, Swamp, Island, Mountain"
My Little Pony: The Lands of Equestria Foil Edition,Secret Lair Drop,Other,SLD,2026-05-12,27.63,"Plains, Forest, Swamp, Island, Mountain"
Mycosynthwave,Secret Lair Drop,Other,SLD,2023-12-05,124.58,"Mycosynth Lattice, Mycosynth Golem, Mycosynth Wellspring"
Mycosynthwave Foil Edition,Secret Lair Drop,Other,SLD,2023-12-05,107.17,"Mycosynth Lattice, Mycosynth Golem, Mycosynth Wellspring"
Myr of Mirrodin,Intro Pack,Other,SOM,2010-10-01,62.44,"Palladium Myr, Myr Battlesphere, Gold Myr, Myr Galvanizer, Darksteel Myr"
Mysterious Realms,Intro Pack,Other,WWK,2010-02-05,74.07,"Walking Atlas, Halimar Depths, Telepathy, Tideforce Elemental, Seer's Sundial"
Mystic Mischief,Jumpstart,Other,DMU,2022-09-09,2.2,"Island, Cosmic Epiphany, Founding the Third Path, Tolarian Terror, Ertai's Scorn"
Mystical Might,Intro Pack,Other,M12,2011-07-15,22.12,"Elixir of Immortality, Lord of the Unreal, Levitation, Phantasmal Dragon, Skywinder Drake"
Nature Is Adorable,Secret Lair Drop,Other,SLD,2023-04-28,52.34,"Ulvenwald Tracker, Joraga Treespeaker, Yeva, Nature's Herald, Nature's Will"
Nature Is Adorable Foil Edition,Secret Lair Drop,Other,SLD,2023-04-28,52.34,"Ulvenwald Tracker, Joraga Treespeaker, Yeva, Nature's Herald, Nature's Will"
Nature's Assault,Theme Deck,Other,P02,1998-06-24,17.29,"River Bear, Alluring Scent, Golden Bear, Forest, Sylvan Basilisk"
Nature's Fury,Intro Pack,Other,M10,2009-07-17,13.81,"Plains, Llanowar Elves, Harm's Way, Plains, Awakener Druid"
Naya Behemoths,Intro Pack,Other,ALA,2008-10-03,61.76,"Titanic Ultimatum, Rampant Growth, Jungle Shrine, Forest, Wild Nacatl"
Naya Domain,Intro Pack,Other,CON,2009-02-06,64.19,"Rampant Growth, Paleoloth, Terramorphic Expanse, Path to Exile, Swamp"
Ne'er-do-wells (1),Jumpstart,Other,J25,2024-11-07,21.3,"Rev, Tithe Extractor, Thieves' Tools, Fake Your Own Death, Murder, Audacious Thief"
Ne'er-do-wells (2),Jumpstart,Other,J25,2024-11-07,21.3,"Rev, Tithe Extractor, Thieves' Tools, Fake Your Own Death, Audacious Thief, Balustrade Spy"
Necromancer,Shandalar Enemy Deck,Other,PAST,1997-04-01,41.29,"Cosmic Horror, Bad Moon, Animate Dead, Zombie Master, Dark Ritual"
Nefarious,Jumpstart,Other,J25,2024-11-07,12.09,"Vilis, Broker of Blood, Dark Confidant, Infernal Grasp, Read the Bones, Alchemist's Gift"
Nether Fiend,Shandalar Enemy Deck,Other,PAST,1997-04-01,195.38,"Mishra's Factory, Junún Efreet, Animate Dead, Xenic Poltergeist, Lord of the Pit"
New Phyrexia,MTGO Duel Deck,Other,TD2,2013-01-11,0.0,"Phyrexian Plaguelord, Desecration Elemental, Drooling Groodion, Flesh-Eater Imp, Fume Spitter"
New Phyrexia Fat Pack Land Pack,Bundle Land Pack,Other,NPH,2011-05-13,57.44,"Mountain, Swamp, Swamp, Forest, Forest"
New Phyrexia Foil Redemption,MTGO Redemption,Other,NPH,2011-06-12,1741.24,"Mental Misstep, Elesh Norn, Grand Cenobite, Noxious Revival, Praetor's Grasp, Unwinding Clock"
New Phyrexia Redemption,MTGO Redemption,Other,NPH,2011-06-12,1741.24,"Mental Misstep, Elesh Norn, Grand Cenobite, Noxious Revival, Praetor's Grasp, Unwinding Clock"
Nicol Bolas,Duel Deck,Other,DDH,2011-09-02,9.84,"Undermine, Nicol Bolas, Planeswalker, Countersquall, Blazing Specter, Nightscape Familiar"
"Nicol Bolas, the Deceiver",Planeswalker Deck,Other,HOU,2017-07-14,23.26,"Throne of the God-Pharaoh, Nicol Bolas, the Deceiver, Ammit Eternal, Crypt of the Eternals, Supernatural Stamina"
Nicolas Labarre - Chimera,World Championship Deck,Other,WC00,2000-08-02,184.21,"Yawgmoth's Will, Phyrexian Tower, Academy Rector, Enlightened Tutor, City of Brass"
Night Of The Ninja,Planechase Deck,Other,PCA,2016-11-25,80.98,"Sakashima's Student, Higure, the Still Wind, Ink-Eyes, Servant of Oni, Silent-Blade Oni, Throat Slitter"
Night Terrors,MTGO Theme Deck,Other,MIR,2006-12-05,126.35,"Shallow Grave, Withering Boon, Spirit of the Night, Charcoal Diamond, Swamp"
Nightmares,Jumpstart,Other,TLE,2025-11-20,2.63,"Desperate Plea, Koh, the Face Stealer, Swamp, Thriving Moor, Zuko's Conviction"
Ninjas,Jumpstart,Other,J25,2024-11-07,6.53,"Taeko, the Patient Avalanche, Ninja of the Deep Hours, Moon-Circuit Hacker, Network Disruptor, Phantom Ninja"
Ninjutsu,Theme Deck,Other,BOK,2005-02-04,197.48,"Higure, the Still Wind, Mistblade Shinobi, Ninja of the Deep Hours, Walker of Secret Ways, Tomorrow, Azami's Familiar"
Ninth Edition Fat Pack Land Pack,Bundle Land Pack,Other,9ED,2005-07-29,25.63,"Mountain, Island, Forest, Forest, Mountain"
Ninth Edition Foil Redemption,MTGO Redemption,Other,9ED,2005-08-28,2495.97,"Fellwar Stone, Grave Pact, Biorhythm, Rathi Dragon, Elvish Champion"
Ninth Edition Redemption,MTGO Redemption,Other,9ED,2005-08-28,2495.97,"Fellwar Stone, Grave Pact, Biorhythm, Rathi Dragon, Elvish Champion"
Nissa,Duel Deck,Other,DDR,2016-09-02,9.94,"Crop Rotation, Nissa, Voice of Zendikar, Khalni Garden, Abundance, Oran-Rief Hydra"
"Nissa, Genesis Mage",Planeswalker Deck,Other,HOU,2017-07-14,1.39,"Nissa, Genesis Mage, Forest, Spring // Mind, Island, Reason // Believe"
"Nissa, Nature's Artisan",Planeswalker Deck,Other,KLD,2016-09-30,4.03,"Servant of the Conduit, Nissa, Nature's Artisan, Aethersquall Ancient, Longtusk Cub, Attune with Aether"
Notebook Genius,Secret Lair Drop,Other,SLD,2026-05-12,50.01,"Storm-Kiln Artist, Bloodghast, Lier, Disciple of the Drowned, Anhelo, the Painter"
Notebook Genius Foil Edition,Secret Lair Drop,Other,SLD,2026-05-12,50.01,"Storm-Kiln Artist, Bloodghast, Lier, Disciple of the Drowned, Anhelo, the Painter"
Now on VHS!,Secret Lair Drop,Other,SLD,2023-09-15,144.9,"The First Sliver, Food Chain, Rewind, Rampant Growth"
Now on VHS! Foil Edition,Secret Lair Drop,Other,SLD,2023-09-15,144.9,"The First Sliver, Food Chain, Rewind, Rampant Growth"
Nuestra Magia,Secret Lair Drop,Other,SLD,2025-06-17,88.57,"Sylvan Library, Ancient Greenwarden, Lightning Greaves, Tireless Provisioner, Xenagos, God of Revels"
Nuestra Magia Foil Edition,Secret Lair Drop,Other,SLD,2025-06-17,88.57,"Sylvan Library, Ancient Greenwarden, Lightning Greaves, Tireless Provisioner, Xenagos, God of Revels"
Nuts and Bolts,Theme Deck,Other,5DN,2004-06-04,366.2,"Skullclamp, Seat of the Synod, Steelshaper's Gift, Ancient Den, Aether Spellbomb"
OMG KITTIES!,Secret Lair Drop,Other,SLD,2019-12-09,145.0,"Arahbo, Roar of the World, Leonin Warleader, Mirri, Weatherlight Duelist, Qasali Slingers, Regal Caracal"
Oath of the Gatewatch Fat Pack Land Pack,Bundle Land Pack,Other,OGW,2016-01-22,33.65,"Wastes, Wastes, Mountain, Forest, Island"
Oath of the Gatewatch Foil Redemption,MTGO Redemption,Other,OGW,2016-02-21,214.76,"Mirrorpool, General Tazri, Kalitas, Traitor of Ghet, Kozilek's Return, Kozilek, the Great Distortion"
Oath of the Gatewatch Redemption,MTGO Redemption,Other,OGW,2016-02-21,214.76,"Mirrorpool, General Tazri, Kalitas, Traitor of Ghet, Kozilek's Return, Kozilek, the Great Distortion"
Ob Nixilis,Duel Deck,Other,DDR,2016-09-02,0.0,"Leechridden Swamp, Pestilence Demon, Indulgent Tormentor, Ob Nixilis Reignited, Innocent Blood"
Odyssey Foil Redemption,MTGO Redemption,Other,ODY,2001-10-31,7123.81,"Entomb, Tainted Pact, Tarnished Citadel, Shadowmage Infiltrator, Terravore"
Odyssey Redemption,MTGO Redemption,Other,ODY,2001-10-31,7123.81,"Entomb, Tainted Pact, Tarnished Citadel, Shadowmage Infiltrator, Terravore"
Of the Coast (1),Jumpstart,Other,J25,2024-11-07,1.16,"Plagon, Lord of the Beach, Omen of the Sea, Purple-Crystal Crab, Delightful Discovery, Sigiled Starfish"
Of the Coast (2),Jumpstart,Other,J25,2024-11-07,1.16,"Plagon, Lord of the Beach, Shipwreck Dowser, Delightful Discovery, Sigiled Starfish, Gilded Scuttler"
Oishii! Tokens オイシイ！ トークン,Secret Lair Drop,Other,SLD,2025-03-27,0.0,
Oishii! Tokens オイシイ！ トークン Foil Edition,Secret Lair Drop,Other,SLD,2025-03-27,0.0,
"Oko, the Trickster",Planeswalker Deck,Other,ELD,2019-10-04,5.25,"Return of the Wildspeaker, Oko, the Trickster, Maraleaf Pixie, Keeper of Fables, Frogify"
Omens of Chaos,Secret Lair Drop,Other,SLD,2026-05-12,101.52,"Batwing Brume, Abrupt Decay, Chance for Glory, Counterflux, Growth Spiral"
Omens of Chaos Foil Edition,Secret Lair Drop,Other,SLD,2026-05-12,101.52,"Batwing Brume, Abrupt Decay, Chance for Glory, Counterflux, Growth Spiral"
On the Hunt,Arena Starter Deck,Other,SNC,2022-09-09,15.74,"Arlinn, the Pack's Hope // Arlinn, the Moon's Fury, Rockfall Vale, Tovolar, Dire Overlord // Tovolar, the Midnight Scourge, Howling Moon, Halana and Alena, Partners"
One-Two Punch,Theme Deck,Other,ODY,2001-10-01,384.08,"Roar of the Wurm, Seize the Day, Moment's Peace, Forest, Volcanic Spray"
Onslaught Foil Redemption,MTGO Redemption,Other,ONS,2002-11-06,9760.04,"Polluted Delta, Flooded Strand, Wooded Foothills, Bloodstained Mire, Windswept Heath"
Onslaught Redemption,MTGO Redemption,Other,ONS,2002-11-06,9781.1,"Polluted Delta, Flooded Strand, Wooded Foothills, Bloodstained Mire, Windswept Heath"
Orc Attack,MTGO Theme Deck,Other,ME2,2008-09-22,0.0,"Mountain, Mountain, Mountain, Mishra's Factory, Gorilla Shaman"
Orcish 1,Jumpstart,Other,LTR,2023-11-03,19.26,"Warg Rider, Mirkwood Bats, Orcish Medicine, Swamp, Gorbag of Minas Morgul"
Orcish 2,Jumpstart,Other,LTR,2023-11-03,18.52,"Warg Rider, March from the Black Gate, Swamp, Gorbag of Minas Morgul, Gothmog, Morgul Lieutenant"
Ornithological Studies,Secret Lair Drop,Other,SLD,2020-06-09,51.72,"Swan Song, Birds of Paradise, Dovescape, Baleful Strix, Gilded Goose"
Orzhov,Guild Kit,Other,GK2,2019-02-15,67.63,"Smothering Tithe, Teysa Karlov, Teysa, Orzhov Scion, Ethereal Absolution, Vindictive Vampire"
Orzhov Auras,Pioneer Challenger Deck,Other,Q06,2021-10-15,16.18,"Sram, Senior Edificer, Cartouche of Solidarity, Concealed Courtyard, Caves of Koilos, Stonecoil Serpent"
Orzhov Humans,Pioneer Challenger Deck,Other,Q08,2022-11-04,31.61,"Godless Shrine, Thalia's Lieutenant, Mutavault, Concealed Courtyard, Bloodsoaked Champion"
Orzhov Oppression,Intro Pack,Other,GTC,2013-02-01,24.3,"Gift of Orzhova, Tormented Soul, Vizkopa Guildmage, Basilica Screecher, Dying Wish"
Orzhov Power,Intro Pack,Other,DGM,2013-05-03,40.46,"Crypt Ghast, Gift of Orzhova, Crypt Incursion, Basilica Screecher, Riot Control"
Orzhov Syndicate,Arena Starter Deck,Other,M20,2019-05-03,46.93,"Godless Shrine, Cruel Celebrant, Teysa Karlov, Priest of Forgotten Gods, Seraph of the Scales"
Orzhov Syndicate 1,Jumpstart,Other,CLU,2024-02-23,8.9,"Afterlife Insurance, Council's Judgment, Angel of Vitality, Syndicate Heavy, Glorifier of Dusk"
Orzhov Syndicate 2,Jumpstart,Other,CLU,2024-02-23,8.9,"Afterlife Insurance, Covetous Elegy, Orzhov Signet, Seraph of the Scales, Murder"
Otter Limits,Starter Kit,Other,BLB,2024-08-02,49.24,"Bria, Riptide Rogue, Mockingbird, Coruscation Mage, Sword of Vengeance, Stormcatch Mentor"
"Our Show Is On Friday, Can You Make It?",Secret Lair Drop,Other,SLD,2021-08-25,97.21,"Gamble, Nature's Lore, Wrath of God, Preordain, Decree of Pain"
Out for Blood,Arena Starter Deck,Other,ANB,2019-09-26,39.54,"Bolas's Citadel, Vampire of the Dire Moon, Knight of the Ebon Legion, Bloodthirsty Aerialist, Vindictive Vampire"
Out for Blood 2,Arena Starter Deck,Other,ANB,2020-03-12,20.36,"Vampire of the Dire Moon, Knight of the Ebon Legion, Piper of the Swarm, Bloodthirsty Aerialist, Vindictive Vampire"
Outlaw Anthology Vol. 1: Rebellious Renegades,Secret Lair Drop,Other,SLD,2024-05-30,55.89,"Tezzeret the Seeker, Griselbrand, Nicol Bolas, Planeswalker, Grenzo, Havoc Raiser"
Outlaw Anthology Vol. 1: Rebellious Renegades Foil Edition,Secret Lair Drop,Other,SLD,2024-05-30,55.89,"Tezzeret the Seeker, Griselbrand, Nicol Bolas, Planeswalker, Grenzo, Havoc Raiser"
Outlaw Anthology Vol. 2: Sinister Scoundrels,Secret Lair Drop,Other,SLD,2024-05-30,55.0,"Vorinclex, Voice of Hunger, Korvold, Fae-Cursed King, Memnarch, Karona, False God"
Outlaw Anthology Vol. 2: Sinister Scoundrels Foil Edition,Secret Lair Drop,Other,SLD,2024-05-30,55.0,"Vorinclex, Voice of Hunger, Korvold, Fae-Cursed King, Memnarch, Karona, False God"
Outlaw Posse,Arena Starter Deck,Other,OTJ,2024-07-08,19.26,"Raucous Theater, Tinybones, the Pickpocket, Charming Scoundrel, Magda, the Hoardmaster, Greedy Freebooter"
Outlaws of Thunder Junction Bundle Land Pack,Bundle Land Pack,Other,OTJ,2024-04-19,0.0,"Mountain, Mountain, Swamp, Swamp, Forest"
Outlaws of Thunder Junction Foil Redemption,MTGO Redemption,Other,OTJ,2024-05-15,211.51,"Bristly Bill, Spine Sower, Terror of the Peaks, Goldvein Hydra, Three Steps Ahead, The Gitrog, Ravenous Ride"
Outlaws of Thunder Junction Redemption,MTGO Redemption,Other,OTJ,2024-05-15,211.51,"Bristly Bill, Spine Sower, Terror of the Peaks, Goldvein Hydra, Three Steps Ahead, The Gitrog, Ravenous Ride"
Overachiever 1,Jumpstart,Other,MOM,2023-04-20,0.0,"Referee Squad, Interdisciplinary Mascot, Meeting of Minds, Island, Tidal Terror"
Overachiever 2,Jumpstart,Other,MOM,2023-04-20,0.0,"Referee Squad, Interdisciplinary Mascot, Island, Tidal Terror, Oracle of Tragedy"
Overkill,Theme Deck,Other,SHM,2008-05-02,114.48,"Prismatic Omen, Mossbridge Troll, Farhaven Elf, Scuttlemutt, Scuzzback Scrapper"
Ozai,Jumpstart,Other,TLE,2025-11-20,7.91,"Fire Lord Ozai, Scarring Memories, Swamp, Heartless Act, Thriving Moor"
Painflow,Theme Deck,Other,JUD,2002-05-27,364.11,"Roar of the Wurm, Krosan Wayfarer, Brawn, Moment's Peace, Forest"
Paladin,Shandalar Enemy Deck,Other,PAST,1997-04-01,18.37,"Swords to Plowshares, Magical Hack, Segovian Leviathan, Northern Paladin, Sleight of Mind"
Pandemonium,Theme Deck,Other,APC,2001-06-04,255.79,"Life // Death, Harrow, Fertile Ground, Last Stand, Penumbra Wurm"
Pantheon's Power,Intro Pack,Other,JOU,2014-05-02,57.31,"Archetype of Finality, Archetype of Courage, Fate Unraveler, Doomwake Giant, Grim Guardian"
Paradise Frost,Secret Lair Drop,Other,SLD,2023-12-05,100.53,"Snow-Covered Forest, Snow-Covered Island, Snow-Covered Plains, Snow-Covered Swamp, Snow-Covered Mountain"
Paradise Frost Foil Edition,Secret Lair Drop,Other,SLD,2023-12-05,123.25,"Snow-Covered Island, Snow-Covered Forest, Snow-Covered Plains, Snow-Covered Swamp, Snow-Covered Mountain"
"Party Hard, Shred Harder",Secret Lair Drop,Other,SLD,2021-03-15,55.62,"Assassin's Trophy, Anguished Unmaking, Thraximundar, Dreadbore, Decimate"
Path of Blight,Intro Pack,Other,MBS,2011-02-04,64.88,"Plague Myr, Decimator Web, Core Prowler, Viridian Corrupter, Phyrexian Hydra"
Path to Victory,Intro Pack,Other,M13,2012-07-13,13.41,"Plains, Captain of the Watch, Ring of Thune, Plains, Island"
Paul McCabe - Red-Blue Aggro Control,World Championship Deck,Other,WC97,1997-08-13,74.81,"Force of Will, City of Brass, Pyrokinesis, Mind Stone, Mountain"
Peer Kröger - Reanimator,World Championship Deck,Other,WC03,2003-08-06,79.11,"Bloodstained Mire, Cabal Therapy, Entomb, Anger, Stitch Together"
Phyrexia,Duel Deck,Other,DDE,2010-03-19,44.75,"Phyrexian Negator, Lightning Greaves, Phyrexian Arena, Voltaic Key, Carrion Feeder"
Phyrexia: All Will Be One Bundle Land Pack,Bundle Land Pack,Other,ONE,2023-02-10,0.0,"Mountain, Mountain, Swamp, Swamp, Plains"
Phyrexia: All Will Be One Foil Redemption,MTGO Redemption,Other,ONE,2023-03-08,295.76,"Mondrak, Glory Dominus, Solphim, Mayhem Dominus, Elesh Norn, Mother of Machines, All Will Be One, Atraxa, Grand Unifier"
Phyrexia: All Will Be One Redemption,MTGO Redemption,Other,ONE,2023-03-08,295.76,"Mondrak, Glory Dominus, Solphim, Mayhem Dominus, Elesh Norn, Mother of Machines, All Will Be One, Atraxa, Grand Unifier"
Phyrexia: All Will Be One Welcome Booster,Welcome Booster,Other,ONE,2023-02-10,14.87,"Atarka, World Render, Linvala, the Preserver, Kaya, Bane of the Dead, Commander's Sphere, Thrill of Possibility"
Phyrexian,Jumpstart,Other,JMP,2020-07-17,23.87,"Sheoldred, Whispering One, Phyrexian Reclamation, Swamp, Swamp, Malefic Scythe"
Phyrexian Assault,Theme Deck,Other,ULG,1999-02-15,278.64,"Phyrexian Reclamation, Phyrexian Plaguelord, Engineered Plague, Avalanche Riders, Bone Shredder"
Phyrexian Assault - Enhanced Deck,Enhanced Deck,Other,ULG,1999-02-15,289.96,"Phyrexian Reclamation, Phyrexian Plaguelord, Reflecting Pool, City of Brass, Avalanche Riders"
Phyrexian Faves,Secret Lair Drop,Other,SLD,2023-04-14,30.65,"Inkmoth Nexus, Blighted Agent, K'rrik, Son of Yawgmoth, Glistener Elf, Batterskull"
Phyrexian Faves Foil Edition,Secret Lair Drop,Other,SLD,2023-04-14,30.65,"Inkmoth Nexus, Blighted Agent, K'rrik, Son of Yawgmoth, Glistener Elf, Batterskull"
Phyrexian Poison,Intro Pack,Other,SOM,2010-10-01,68.04,"Ichor Rats, Ichorclaw Myr, Hand of the Praetors, Forest, Necropede"
Phyrexian Praetors: Compleat Edition,Secret Lair Drop,Other,SLD,2021-10-29,53.17,"Sheoldred, Whispering One, Elesh Norn, Grand Cenobite, Jin-Gitaxias, Core Augur, Vorinclex, Voice of Hunger, Urabrask the Hidden"
Phyrexian Praetors: Compleat Edition Foil Edition,Secret Lair Drop,Other,SLD,2021-10-29,53.17,"Sheoldred, Whispering One, Elesh Norn, Grand Cenobite, Jin-Gitaxias, Core Augur, Vorinclex, Voice of Hunger, Urabrask the Hidden"
Pick 'em & Stick 'em,Secret Lair Drop,Other,SLD,2025-03-25,65.41,"Hedron Crab, Clever Impersonator, Pitiless Plunderer, Thalia, Heretic Cathar, Sticker sheet"
Pick 'em & Stick 'em Foil Edition,Secret Lair Drop,Other,SLD,2025-03-25,65.41,"Hedron Crab, Clever Impersonator, Pitiless Plunderer, Thalia, Heretic Cathar, Sticker sheet"
Pictures of the Floating World,Secret Lair Drop,Other,SLD,2022-07-22,40.11,"Mosswort Bridge, Spinerock Knoll, Windbrisk Heights, Shelldock Isle, Howltooth Hollow"
Pictures of the Floating World Foil Edition,Secret Lair Drop,Other,SLD,2022-07-22,40.11,"Mosswort Bridge, Spinerock Knoll, Windbrisk Heights, Shelldock Isle, Howltooth Hollow"
Pirates,Jumpstart,Other,FDN,2024-11-15,0.0,"Eaten by Piranhas, Tolarian Terror, Cancel, Brineborn Cutthroat, Spectral Sailor"
Pirates (1),Jumpstart,Other,JMP,2020-07-17,1.0,"Coastal Piracy, Corsair Captain, Chart a Course, Island, Island"
Pirates (2),Jumpstart,Other,JMP,2020-07-17,0.0,"Curious Obsession, Capture Sphere, Corsair Captain, Chart a Course, Island"
Pixel Perfect,Secret Lair Drop,Other,SLD,2024-10-15,93.22,"Fierce Guardianship, Delayed Blast Fireball, Mana Geyser, Lightning Bolt"
Pixel Perfect Foil Edition,Secret Lair Drop,Other,SLD,2024-10-15,93.22,"Fierce Guardianship, Delayed Blast Fireball, Mana Geyser, Lightning Bolt"
PixelLands_v02.jpg,Secret Lair Drop,Other,SLD,2023-11-30,109.66,"Swamp, Island, Mountain, Forest, Plains"
PixelLands_v02.jpg Foil Edition,Secret Lair Drop,Other,SLD,2023-11-30,109.66,"Swamp, Island, Mountain, Forest, Plains"
PixelSnowLands.jpg,Secret Lair Drop,Other,SLD,2022-05-06,76.88,"Snow-Covered Island, Snow-Covered Swamp, Snow-Covered Forest, Snow-Covered Plains, Snow-Covered Mountain"
PixelSnowLands.jpg Foil Edition,Secret Lair Drop,Other,SLD,2022-05-06,76.88,"Snow-Covered Island, Snow-Covered Swamp, Snow-Covered Forest, Snow-Covered Plains, Snow-Covered Mountain"
PixelSnowLands.jpg Foil Etched Edition,Secret Lair Drop,Other,SLD,2022-05-06,76.88,"Snow-Covered Island, Snow-Covered Swamp, Snow-Covered Forest, Snow-Covered Plains, Snow-Covered Mountain"
Planar Chaos Foil Redemption,MTGO Redemption,Other,PLC,2007-03-04,1601.98,"Urborg, Tomb of Yawgmoth, Simian Spirit Guide, Damnation, Temporal Extortion, Pyrohemia"
Planar Chaos Redemption,MTGO Redemption,Other,PLC,2007-03-04,1601.98,"Urborg, Tomb of Yawgmoth, Simian Spirit Guide, Damnation, Temporal Extortion, Pyrohemia"
Planechase Anthology Planes,Box Set,Other,PCA,2016-11-25,306.77,"Tazeem, Goldmeadow, Izzet Steam Maze, Pools of Becoming, Bant"
Planeshift Foil Redemption,MTGO Redemption,Other,PLS,2001-03-07,3242.38,"Orim's Chant, Diabolic Intent, Eladamri's Call, Meddling Mage, Forsaken City"
Planeshift Redemption,MTGO Redemption,Other,PLS,2001-03-07,3242.38,"Orim's Chant, Diabolic Intent, Eladamri's Call, Meddling Mage, Forsaken City"
Play-Doh: Squishful Thinking,Secret Lair Drop,Other,SLD,2025-10-06,53.44,"Polyraptor, Academy Manufactor, Greensleeves, Maro-Sorcerer, Wurmcoil Engine"
Play-Doh: Squishful Thinking Foil Edition,Secret Lair Drop,Other,SLD,2025-10-06,53.44,"Polyraptor, Academy Manufactor, Greensleeves, Maro-Sorcerer, Wurmcoil Engine"
Player A's advanced pack,Advanced Pack,Other,S00,2000-04-24,0.0,"Mountain, Swamp, Forest, Swamp, Llanowar Elves"
Player A's deck,Starter Deck,Other,S00,2000-04-24,0.0,"Mountain, Mountain, Swamp, Forest, Monstrous Growth"
Player B's advanced pack,Advanced Pack,Other,S00,2000-04-24,2.29,"Counterspell, Island, Island, Island, Plains"
Player B's deck,Starter Deck,Other,S00,2000-04-24,0.0,"Island, Island, Island, Island, Plains"
Plus One (1),Jumpstart,Other,JMP,2020-07-17,0.0,"Invigorating Surge, Primeval Bounty, Wildwood Scourge, Pridemalkin, Trufflesnout"
Plus One (2),Jumpstart,Other,JMP,2020-07-17,6.95,"Branching Evolution, Invigorating Surge, Wildwood Scourge, Pridemalkin, Trufflesnout"
Plus One (3),Jumpstart,Other,JMP,2020-07-17,0.0,"Invigorating Surge, Rishkar, Peema Renegade, Wildwood Scourge, Pridemalkin, Inspiring Call"
Plus One (4),Jumpstart,Other,JMP,2020-07-17,9.46,"Branching Evolution, Champion of Lambholt, Invigorating Surge, Wildwood Scourge, Pridemalkin"
Poker Faces,Secret Lair Drop,Other,SLD,2024-05-30,37.78,"Professional Face-Breaker, Goblin King, Rankle, Master of Pranks, Jaxis, the Troublemaker, Coffin Queen"
Poker Faces Foil Edition,Secret Lair Drop,Other,SLD,2024-05-30,37.78,"Professional Face-Breaker, Goblin King, Rankle, Master of Pranks, Jaxis, the Troublemaker, Coffin Queen"
Political Trickery,Game Night Deck,Other,GN3,2022-10-14,20.53,"Maeve, Insidious Singer, Counterspell, Split Decision, Diluvian Primordial, Plea for Power"
Ponies: The Galloping,Box Set,Other,PTG,2019-10-22,378.85,"Princess Twilight Sparkle, Rarity, Nightmare Moon // Princess Luna"
Ponies: The Galloping 2,Secret Lair Drop,Other,SLD,2024-03-14,177.33,"Rainbow Dash, Pinkie Pie, Fluttershy, Applejack"
Ponies: The Galloping 2 Foil Edition,Secret Lair Drop,Other,SLD,2024-03-14,177.33,"Rainbow Dash, Pinkie Pie, Fluttershy, Applejack"
Post Malone: Backstage Pass,Secret Lair Drop,Other,SLD,2022-12-05,62.71,"Bolas's Citadel, K'rrik, Son of Yawgmoth, Jet Medallion, Leshrac's Sigil"
Post Malone: Backstage Pass Foil Edition,Secret Lair Drop,Other,SLD,2022-12-05,62.71,"Bolas's Citadel, K'rrik, Son of Yawgmoth, Jet Medallion, Leshrac's Sigil"
Post Malone: The Lands,Secret Lair Drop,Other,SLD,2022-12-05,62.17,"Swamp, Forest, Island, Mountain, Plains"
Post Malone: The Lands Foil Edition,Secret Lair Drop,Other,SLD,2022-12-05,62.17,"Swamp, Forest, Island, Mountain, Plains"
Power,Clash Pack,Other,FRF,2015-01-23,55.86,"Merciless Executioner, Monastery Siege, Murderous Cut, Opulent Palace, Treasure Cruise"
Power and Profit,Clash Pack,Other,FRF,2015-01-23,93.25,"Merciless Executioner, Whip of Erebos, Nyx Weaver, Monastery Siege, Eidolon of Blossoms"
Power of Prophecy,Intro Pack,Other,M11,2010-07-16,43.31,"Plains, Stormtide Leviathan, Crystal Ball, Plains, Augury Owl"
Power to the People,Arena Starter Deck,Other,OTJ,2024-07-08,52.99,"Delney, Streetwise Lookout, Shadowy Backstreet, Deep-Cavern Bat, Rankle's Prank, Sanguine Evangelist"
Powerful (1),Jumpstart,Other,TLE,2025-11-20,2.79,"Fang, Roku's Companion, Thriving Bluff, Iroh's Demonstration, Mountain, Cathartic Reunion"
Powerful (2),Jumpstart,Other,TLE,2025-11-20,2.79,"Fang, Roku's Companion, Thriving Bluff, Freedom Fighter Recruit, Mountain, Cathartic Reunion"
Powerstones 1,Jumpstart,Other,BRO,2022-11-18,0.0,"Geology Enthusiast, Island, Island, Urza, Powerstone Prodigy, Spotter Thopter"
Powerstones 2,Jumpstart,Other,BRO,2022-11-18,0.0,"Geology Enthusiast, Hulking Metamorph, Island, Island, Urza, Powerstone Prodigy"
Precise,Jumpstart,Other,MSH,2026-06-26,0.0,"Hawkeye, Bowslinger, Stunning Shot, Sudden Strike, Heroic Teamwork, Colleen Wing, Street Samurai"
Preconstructed deck 1,Starter Deck,Other,PTK,1999-05-01,164.67,"Mountain, Mountain, Mountain, Forest, Zodiac Dog"
Preconstructed deck 2,Starter Deck,Other,P02,1998-06-24,14.52,"Plains, Golden Bear, Island, Forest, Island"
Predatory (1),Jumpstart,Other,JMP,2020-07-17,13.34,"Neyith of the Dire Hunt, Sabertooth Mauler, Fungal Rebirth, Trufflesnout, Dawntreader Elk"
Predatory (2),Jumpstart,Other,JMP,2020-07-17,13.34,"Neyith of the Dire Hunt, Sabertooth Mauler, Fungal Rebirth, Gingerbrute, Trufflesnout"
Predatory (3),Jumpstart,Other,JMP,2020-07-17,0.0,"Sabertooth Mauler, Fungal Rebirth, Gingerbrute, Trufflesnout, Dawntreader Elk"
Predatory (4),Jumpstart,Other,JMP,2020-07-17,2.93,"Momentous Fall, Sabertooth Mauler, Fungal Rebirth, Trufflesnout, Dawntreader Elk"
Presence of Mind,Intro Pack,Other,M10,2009-07-17,22.92,"Telepathy, Island, Sleep, Swamp, Doom Blade"
Pressure Cooker,Theme Deck,Other,ODY,2001-10-01,422.52,"Braids, Cabal Minion, Cabal Pit, Mountain, Innocent Blood, Swamp"
"Preston Poulter, Semifinalist",Pro Tour Deck,Other,PTC,1996-05-01,124.76,"Sylvan Library, Land Tax, Strip Mine, Armageddon, Mishra's Factory"
Price Of Glory,Intro Pack,Other,M15,2014-07-18,11.16,"Mass Calcify, Sign in Blood, Staff of the Death Magus, Resolute Archangel, Ulcerate"
Pride Across the Multiverse,Secret Lair Drop,Other,SLD,2022-08-05,141.75,"Mana Confluence, Sol Ring, Bearscape, Savor the Moment, Collective Voyage"
Pride Across the Multiverse Foil Edition,Secret Lair Drop,Other,SLD,2022-08-05,141.75,"Mana Confluence, Sol Ring, Bearscape, Savor the Moment, Collective Voyage"
Prideful,Jumpstart,Other,J25,2024-11-07,5.43,"Brimaz, King of Oreskos, Leonin Vanguard, King of the Pride, Take Up the Shield, Dawnwing Marshal"
Priestess,Shandalar Enemy Deck,Other,PAST,1997-04-01,56.69,"Spirit Link, Elder Land Wurm, Swords to Plowshares, Fortified Area, Blessing"
Primal,Jumpstart,Other,FDN,2024-11-15,0.0,"Bear Cub, Aggressive Mammoth, Wildwood Scourge, Forest, Bite Down"
Primal Fury,Arena Starter Deck,Other,M19,2018-09-27,46.73,"Silverclad Ferocidons, Rootbound Crag, Knight of the Stampede, Colossal Majesty, Carnage Tyrant"
Primates,Jumpstart,Other,J22,2022-12-02,24.15,"Kibo, Uktabi Prince, Ram Through, Monkey Cage, Uktabi Orangutan, Cultivate"
Prime Slime,Secret Lair Drop,Other,SLD,2020-08-17,34.9,"Necrotic Ooze, The Mimeoplasm, Scavenging Ooze, Acidic Slime, Voidslime"
Primordial Hunger,Planechase Deck,Other,PCA,2016-11-25,17.22,"Dragonlair Spider, Mycoloth, Thromok the Insatiable, Khalni Garden, Skarrg, the Rage Pits"
Primordial Jund,Intro Pack,Other,ALA,2008-10-03,35.56,"Mycoloth, Swamp, Forest, Forest, Mountain"
Prints Charming,Secret Lair Drop,Other,SLD,2026-02-03,78.16,"Nature's Lore, Dryad Arbor, Skyshroud Claim, Wood Elves"
Prints Charming Foil Edition,Secret Lair Drop,Other,SLD,2026-02-03,78.16,"Nature's Lore, Dryad Arbor, Skyshroud Claim, Wood Elves"
Prints of Darkness,Secret Lair Drop,Other,SLD,2024-07-10,73.83,"Dictate of Erebos, Mayhem Devil, Moldervine Reclamation, Prossh, Skyraider of Kher, Fecundity"
Prints of Darkness Foil Edition,Secret Lair Drop,Other,SLD,2024-07-10,73.83,"Dictate of Erebos, Mayhem Devil, Moldervine Reclamation, Prossh, Skyraider of Kher, Fecundity"
Prismat,Shandalar Enemy Deck,Other,PAST,1997-04-01,7452.8,"Mox Emerald, Mox Pearl, Mountain, Sol Ring, Ivory Tower"
Prismatic Nightmares,Secret Lair Drop,Other,SLD,2024-02-23,103.09,"Simian Spirit Guide, Rain of Filth, Arcane Denial, Nightscape Familiar, Prince of Thralls"
Prismatic Nightmares Foil Edition,Secret Lair Drop,Other,SLD,2024-02-23,167.17,"Simian Spirit Guide, Rain of Filth, Nightscape Familiar, Arcane Denial, Prince of Thralls"
Profit,Clash Pack,Other,FRF,2015-01-23,48.15,"Whip of Erebos, Nyx Weaver, Eidolon of Blossoms, Doomwake Giant, Grim Guardian"
Progress 1,Jumpstart,Other,ONE,2023-02-10,0.0,"Thrummingbird, Serum Sovereign, Serum Snare, The Surgical Bay, Mesmerizing Dose"
Progress 2,Jumpstart,Other,ONE,2023-02-10,0.0,"Thrummingbird, Experimental Augury, Serum Sovereign, Bring the Ending, The Surgical Bay"
Psychic Labyrinth,Intro Pack,Other,M14,2013-07-19,8.52,"Archaeomancer, Clone, Warden of Evos Isle, Coral Merfolk, Island"
Pulverize,Theme Deck,Other,SCG,2003-05-26,132.73,"Pyrostatic Pillar, Parallel Thoughts, Island, Mischievous Quanar, Dispersal Shield"
Pummel,Theme Deck,Other,PCY,2000-06-05,484.56,"Hickory Woodlot, Spore Frog, Skyshroud Claim, Invigorate, Vine Trellis"
Pumped Up,Intro Pack,Other,ZEN,2009-10-02,29.9,"Rite of Replication, Burst Lightning, Hellkite Charger, Sleep, Into the Roil"
Purr Majesty,Secret Lair Drop,Other,SLD,2026-06-16,133.61,"Queen Marchesa, Court of Grace, Reverent Mantra, Windborn Muse, Ruinous Ultimatum"
Purr Majesty Foil Edition,Secret Lair Drop,Other,SLD,2026-06-16,133.61,"Queen Marchesa, Court of Grace, Reverent Mantra, Windborn Muse, Ruinous Ultimatum"
Purrfection,Secret Lair Drop,Other,SLD,2021-10-22,320.37,"Kodama's Reach, Heirloom Blade, Generous Gift, Chain Lightning"
Purrfection Foil Edition,Secret Lair Drop,Other,SLD,2021-10-22,320.37,"Kodama's Reach, Heirloom Blade, Generous Gift, Chain Lightning"
Pym Particles,Jumpstart,Other,MSH,2026-06-26,0.0,"Wasp, Shrinking Savior, Ant-Man, Reformed Rogue, Pym Particles, Quantum Reduction, Ant-Man's Air Force"
Queltosh,Shandalar Enemy Deck,Other,PAST,1997-04-01,7797.77,"Ancestral Recall, Candelabra of Tawnos, Mountain, Land Tax, Eye for an Eye"
Radiant's Revenge,Theme Deck,Other,ULG,1999-02-15,267.46,"Mother of Runes, Miscalculation, Ring of Gix, Raven Familiar, Urza's Blueprints"
Radiant's Revenge - Enhanced Deck,Enhanced Deck,Other,ULG,1999-02-15,599.01,"Palinchron, Faerie Conclave, Miscalculation, Reflecting Pool, Forbidding Watchtower"
Raid 1,Jumpstart,Other,J22,2022-12-02,0.0,"Raze the Effigy, Daring Piracy, Kari Zev, Skyship Raider, Goblin Oriflamme, Thriving Bluff"
Raid 2,Jumpstart,Other,J22,2022-12-02,8.43,"Glint-Horn Buccaneer, Daring Piracy, Bag of Holding, Thriving Bluff, Plundering Predator"
Raid 3,Jumpstart,Other,J22,2022-12-02,4.08,"Brazen Cannonade, Daring Piracy, Thriving Bluff, Axgard Cavalry, Plundering Predator"
Raid 4,Jumpstart,Other,J22,2022-12-02,4.08,"Brazen Cannonade, Daring Piracy, Ordeal of Purphoros, Brazen Wolves, Thriving Bluff"
Rainbow,Jumpstart,Other,JMP,2020-07-17,1.05,"Maelstrom Archangel, Swamp, Alloy Myr, Plains, Terramorphic Expanse"
Rakdos,Guild Kit,Other,GK2,2019-02-15,32.45,"Utvara Hellkite, Master of Cruelties, Rakdos, Lord of Riots, Spawn of Mayhem, Rakdos the Defiler"
Rakdos Bloodsport,Theme Deck,Other,DIS,2006-05-05,39.43,"Lyzolda, the Blood Witch, Rakdos Signet, Seal of Fire, Rix Maadi, Dungeon Palace, Ignorant Bliss"
Rakdos Raid,Intro Pack,Other,RTR,2012-10-05,7.68,"Tormented Soul, Shrieking Affliction, Assassin's Strike, Blood Reckoning, Mountain"
Rakdos Revelry,Intro Pack,Other,DGM,2013-05-03,4.79,"Guttersnipe, Havoc Festival, Carnage Gladiator, Mountain, Swamp"
Rakdos Vampires,Challenger Deck,Other,Q07,2022-04-01,16.79,"Blightstep Pathway // Searstep Pathway, Florian, Voldaren Scion, Swamp, Henrika Domnathi // Henrika, Infernal Seer, Den of the Bugbear"
"Ral, Caller of Storms",Planeswalker Deck,Other,GRN,2018-10-05,1.06,"Ral, Caller of Storms, Mountain, Goblin Electromancer, Island, Chemister's Insight"
Rally and Rout,Event Deck,Other,GTC,2013-02-22,45.42,"Boros Charm, Champion of the Parish, Thalia, Guardian of Thraben, Clifftop Retreat, Slayers' Stronghold"
Rallying Cry,Intro Pack,Other,BFZ,2015-10-02,16.4,"Hero of Goma Fada, Angelic Captain, Chasm Guide, Evolving Wilds, Resolute Blademaster"
Rampaging,Jumpstart,Other,MSH,2026-06-26,1.04,"Powerful Broker, Bushmaster, Coiled Henchman, Rhino, Terrible Trampler, Rhino's Rampage, Claim the Kingdom"
"Randy Buehler - Draw, Go",World Championship Deck,Other,WC98,1998-08-12,14.95,"Mana Leak, Island, Counterspell, Memory Lapse, Force Spike"
Raphael,Theme Deck,Other,TMT,2026-03-06,6.27,"Raphael, Tag Team Tough, Skateboard, Casey Jones, Asphalt Hooligan, Casey & Raph, Hotheads, Definitely Not a Turtle"
Raphael Levy - Le Wonder Goose,World Championship Deck,Other,WC02,2002-08-14,67.83,"Yavimaya Coast, Mental Note, Island, Careful Study, Island"
Rapid Fire,Intro Pack,Other,WWK,2010-02-05,45.05,"Chain Reaction, Kor Skyfisher, Searing Blaze, Ruin Ghost, Armored Ascension"
Rats,Jumpstart,Other,J22,2022-12-02,45.31,"Ashcoat of the Shadow Swarm, Infiltration Lens, Crypt Rats, Ogre Slumlord, Nezumi Bone-Reader"
Rats' Nest,Theme Deck,Other,BOK,2005-02-04,443.13,"Umezawa's Jitte, Throat Slitter, Shuko, Okiba-Gang Shinobi, Skullsnatcher"
Ravaging Swarm,Intro Pack,Other,NPH,2011-05-13,112.52,"Inexorable Tide, Viral Drake, Blighted Agent, Corrupted Conscience, Forest"
Ravenous Rats,Theme Deck,Other,PSAL,2005-08-01,0.0,"Swamp, Swamp, Swamp, Swamp, Swamp"
Ravnica Allegiance Bundle Land Pack,Bundle Land Pack,Other,RNA,2019-01-25,2.7,"Mountain, Mountain, Swamp, Swamp, Forest"
Ravnica Allegiance Foil Redemption,MTGO Redemption,Other,RNA,2019-02-24,325.45,"Smothering Tithe, Blood Crypt, Hallowed Fountain, Biomancer's Familiar, Breeding Pool"
Ravnica Allegiance Redemption,MTGO Redemption,Other,RNA,2019-02-24,325.45,"Smothering Tithe, Blood Crypt, Hallowed Fountain, Biomancer's Familiar, Breeding Pool"
Ravnica Fat Pack Land Pack,Bundle Land Pack,Other,RAV,2005-10-07,1.12,"Plains, Plains, Swamp, Plains, Island"
Ravnica: City of Guilds Foil Redemption,MTGO Redemption,Other,RAV,2005-11-06,2025.25,"Watery Grave, Doubling Season, Overgrown Tomb, Life from the Loam, Master Warcraft"
Ravnica: City of Guilds Redemption,MTGO Redemption,Other,RAV,2005-11-06,2025.25,"Watery Grave, Doubling Season, Overgrown Tomb, Life from the Loam, Master Warcraft"
Read the Fine Print,Secret Lair Drop,Other,SLD,2022-01-28,48.65,"Razaketh, the Foulblooded, Griselbrand, Liliana's Contract, Demonlord Belzenlok, Kothophed, Soul Hoarder"
Read the Fine Print Foil Edition,Secret Lair Drop,Other,SLD,2022-01-28,48.65,"Razaketh, the Foulblooded, Griselbrand, Liliana's Contract, Demonlord Belzenlok, Kothophed, Soul Hoarder"
Read the Fine Print Foil Etched Edition,Secret Lair Drop,Other,SLD,2022-01-28,48.65,"Razaketh, the Foulblooded, Griselbrand, Liliana's Contract, Demonlord Belzenlok, Kothophed, Soul Hoarder"
Ready to Attack,Jumpstart,Other,DMU,2022-09-09,2.56,"Mountain, Twinferno, Ragefire Hellkite, Electrostatic Infantry, Phoenix Chick"
Ready to Charge,Jumpstart,Other,DMU,2022-09-09,2.56,"Mountain, Twinferno, Ragefire Hellkite, Electrostatic Infantry, Yavimaya Steelcrusher"
Reality Fracture,Theme Deck,Other,TSP,2006-10-06,321.64,"Claws of Gix, Grapeshot, Clockspinning, Deep-Sea Kraken, Whispers of the Muse"
Reanimated (1),Jumpstart,Other,JMP,2020-07-17,8.59,"Reanimate, Swamp, Archfiend's Vessel, Swamp, Goremand"
Reanimated (2),Jumpstart,Other,JMP,2020-07-17,8.59,"Reanimate, Swamp, Swamp, Goremand, Funeral Rites"
Reanimated (3),Jumpstart,Other,JMP,2020-07-17,5.75,"Exhume, Swamp, Scourge of Nel Toth, Swamp, Goremand"
Reanimated (4),Jumpstart,Other,JMP,2020-07-17,6.99,"Rise of the Dark Realms, Swamp, Swamp, Goremand, Funeral Rites"
Rebel Armory,Arena Starter Deck,Other,LTR,2023-06-20,8.59,"Nahiri, Forged in Fury, Danitha, Benalia's Hope, Battlefield Forge, Rhuk, Hexgold Nabber, Astor, Bearer of Blades"
Rebel's Call,Theme Deck,Other,MMQ,1999-10-04,186.08,"Cho-Manno, Revolutionary, Ramosian Sergeant, Fountain of Cho, Disenchant, Ramosian Sky Marshal"
Rebel's Call - Enhanced Deck,Enhanced Deck,Other,MMQ,1999-10-04,768.07,"Dust Bowl, Cave-In, Reverent Mantra, Mother of Runes, City of Brass"
Rebelling (1),Jumpstart,Other,TLE,2025-11-20,16.07,"Longshot, Rebel Bowman, Smellerbee, Rebel Fighter, Zuko, Seeking Honor, Thriving Bluff, Freedom Fighter Recruit"
Rebelling (2),Jumpstart,Other,TLE,2025-11-20,19.84,"Longshot, Rebel Bowman, Overwhelming Victory, Smellerbee, Rebel Fighter, Zuko, Seeking Honor, Thriving Bluff"
Rebellious 1,Jumpstart,Other,ONE,2023-02-10,0.0,"Rhuk, Hexgold Nabber, Volt Charge, Mountain, Mountain, The Autonomous Furnace"
Rebellious 2,Jumpstart,Other,ONE,2023-02-10,0.0,"Rhuk, Hexgold Nabber, Blazing Crescendo, Prosthetic Injector, Mountain, Mountain"
Rebels Unite,Theme Deck,Other,FUT,2007-05-04,42.63,"Dawn Charm, Big Game Hunter, Angel of Salvation, Outrider en-Kor, Return to Dust"
Red,Game Night Deck,Other,GNT,2018-11-16,17.09,"Goblin Trashmaster, Goblin Instigator, Goblin Goliath, Goblin Motivator, Demanding Dragon"
Red Burn,Deck Builder's Toolkit,Other,ORI,2015-07-17,6.56,"Monastery Swiftspear, Wild Slash, Sarkhan's Rage, Twin Bolt, Arc Lightning"
Red Deck,Welcome Deck,Other,DSK,2024-09-30,0.0,"Demanding Dragon, Kolaghan Warmonger, Antagonize, Dragon Mantle, Subira, Tulzidi Caravanner"
Red Deck A,Sample Deck,Other,M11,2010-07-16,12.46,"Lightning Bolt, Fire Servant, Mountain, Chandra's Spitfire, Mountain"
Red Deck B,Sample Deck,Other,M11,2010-07-16,23.1,"Quest for the Goblin Lord, Forked Bolt, Flame Slash, Mountain, Mountain"
Red Green Monstrosity,Deck Builder's Toolkit,Other,M15,2014-07-18,1.74,"Market Festival, Peregrination, Ancient Silverback, Fall of the Hammer, Ill-Tempered Cyclops"
Red Sample Deck,Sample Deck,Other,M13,2012-07-13,0.0,"Wild Guess, Mountain, Mountain, Mountain, Kindled Fury"
Red White Auras,Deck Builder's Toolkit,Other,M15,2014-07-18,2.79,"Heliod's Pilgrim, Vanguard of Brimaz, Akroan Crusader, Brood Keeper, Chosen by Heliod"
Red and Black Pirates,Deck Builder's Toolkit,Other,XLN,2017-09-29,0.0,"Fiery Cannonade, Lightning-Rig Crew, March of the Drowned, Kitesail Freebooter, Dire Fleet Captain"
Red and Colorless Artifacts,Deck Builder's Toolkit,Other,KLD,2016-09-30,11.15,"Reckless Fireweaver, Foundry Inspector, Salivating Gremlins, Inventor's Apprentice, Chief of the Foundry"
Red and Colorless RampLandfall,Deck Builder's Toolkit,Other,SOI,2016-04-08,13.5,"Bane of Bala Ged, Scour from Existence, Hedron Crawler, Hedron Archive, Embodiment of Fury"
Red and Green Aggro,Deck Builder's Toolkit,Other,AKH,2017-04-28,1.17,"Cartouche of Strength, Ahn-Crop Crasher, Crocodile of the Crossing, Cartouche of Zeal, Fling"
Red and Green Dinosaurs,Deck Builder's Toolkit,Other,XLN,2017-09-29,8.25,"Ranging Raptors, Raging Swordtooth, Charging Monstrosaur, Raptor Hatchling, Sun-Crowned Hunters"
Red and Green Landfall,Deck Builder's Toolkit,Other,SOI,2016-04-08,0.0,"Snapping Gnarlid, Retreat to Valakut, Blighted Gorge, Brute Strength, Lightning Axe"
Red and Green Wolves,Deck Builder's Toolkit,Other,KLD,2016-09-30,3.05,"Blossoming Defense, Ulrich's Kindred, Pack Guardian, Uncaged Fury, Wolfkin Bond"
Red and White,Deck Builder's Toolkit,Other,KLD,2016-09-30,0.0,"Cathartic Reunion, Fairgrounds Warden, Steadfast Cathar, Spireside Infiltrator, Make Mischief"
Red and White Aggro,Deck Builder's Toolkit,Other,AKH,2017-04-28,3.62,"Cartouche of Solidarity, Ahn-Crop Crasher, Cartouche of Zeal, Honored Crop-Captain, Rhet-Crop Spearmaster"
Red and White Dinosaurs,Deck Builder's Toolkit,Other,XLN,2017-09-29,3.86,"Kinjalli's Caller, Charging Monstrosaur, Sky Terror, Dinosaur Stampede, Imperial Aerosaur"
Red-Green Aggression,Deck Builder's Toolkit,Other,M14,2013-07-19,2.47,"Kalonian Tusker, Gruul War Chant, Skarrg Guildmage, Ghor-Clan Rampager, Mugging"
Red-Green Aggro,Deck Builder's Toolkit,Other,ROE,2010-05-21,1.19,"Summit Apes, Borderland Ranger, Goblin Shortcutter, Trusty Machete, Centaur Courser"
Red-White,Starter Kit,Other,FIN,2025-06-13,12.02,"Ultima Weapon, Rosa, Resolute White Mage, Cloud, Planet's Champion, Beatrix, Loyal General, Lightning, Security Sergeant"
Red-White Deck,Spellslinger Starter Kit,Other,M19,2018-10-05,3.75,"Lightning Strike, Charging Monstrosaur, Goblin Motivator, Sky Terror, Demanding Dragon"
Red-White Swarm,Deck Builder's Toolkit,Other,M14,2013-07-19,0.0,"Viashino Firstblade, Wojek Halberdiers, Sunhome Guildmage, Firefist Striker, Truefire Paladin"
Reign of Vampirism,Intro Pack,Other,M11,2010-07-16,46.44,"Royal Assassin, Viscera Seer, Cultivate, Captivating Vampire, Diabolic Tutor"
Reinforced (1),Jumpstart,Other,TLE,2025-11-20,1.13,"Zuko, Seeking Honor, Fire Nation Salvagers, Feed the Swarm, Swamp, Azula Always Lies"
Reinforced (2),Jumpstart,Other,TLE,2025-11-20,1.13,"Zuko, Seeking Honor, Fire Nation Salvagers, Swamp, Heartless Act, Elephant-Rat"
Reinforcement 1,Jumpstart,Other,MOM,2023-04-20,12.79,"Orthion, Hero of Lavabrink, Axgard Artisan, Ral's Reinforcements, Mountain, Volcanic Spite"
Reinforcement 2,Jumpstart,Other,MOM,2023-04-20,12.79,"Orthion, Hero of Lavabrink, Axgard Artisan, Mirran Banesplitter, Mountain, Volcanic Spite"
Relentless (1),Jumpstart,Other,TLE,2025-11-20,4.69,"Ruthless Waterbender, Fire Nation Occupation, Swamp, Azula Always Lies, Heartless Act"
Relentless (2),Jumpstart,Other,TLE,2025-11-20,1.85,"Fire Nation Occupation, Swamp, Azula Always Lies, Heartless Act, Thriving Moor"
Relentless Dead,Intro Pack,Other,DKA,2012-02-03,35.21,"Endless Ranks of the Dead, Diregraf Captain, Swamp, Black Cat, Island"
Relentless Rush,Intro Pack,Other,DTK,2015-03-27,12.25,"Impact Tremors, Foul-Tongue Shriek, Duress, Mountain, Swamp"
Relic Breaker,Intro Pack,Other,SOM,2010-10-01,79.35,"Asceticism, Viridian Revel, Forest, Iron Myr, Copper Myr"
Relics of Doom,Theme Deck,Other,PS11,2011-01-01,0.0,"Island, Island, Island, Island, Swamp"
Repeat Performance,Event Deck,Other,M13,2012-08-03,121.69,"Green Sun's Zenith, Razorverge Thicket, Avacyn's Pilgrim, Arbor Elf, Stonehorn Dignitary"
Repel the Dark,Intro Pack,Other,ISD,2011-09-30,18.08,"Avacyn's Pilgrim, Bramblecrush, Fiend Hunter, Mentor of the Meek, Plains"
Replicator,Theme Deck,Other,NEM,2000-02-14,239.88,"Saproling Burst, Invigorate, Blastoderm, Bog Witch, Saproling Cluster"
Replicator - Enhanced Deck,Enhanced Deck,Other,NEM,2000-02-14,329.36,"Treetop Village, Rancor, Collective Unconscious, Vine Trellis, Spontaneous Generation"
Restless in Peace,Secret Lair Drop,Other,SLD,2019-12-05,30.37,"Life from the Loam, Bloodghast, Golgari Thug"
Return to Mystical Archive,Secret Lair Drop,Other,SLD,2026-05-12,34.22,"Spell Pierce, Abrade, Shared Roots, Zombify, Duty Beyond Death"
Return to Mystical Archive Foil Edition,Secret Lair Drop,Other,SLD,2026-05-12,34.22,"Spell Pierce, Abrade, Shared Roots, Zombify, Duty Beyond Death"
Return to Ravnica Fat Pack Land Pack,Bundle Land Pack,Other,RTR,2012-10-05,0.0,"Forest, Plains, Forest, Mountain, Island"
Return to Ravnica Foil Redemption,MTGO Redemption,Other,RTR,2012-11-04,511.31,"Cyclonic Rift, Deathrite Shaman, Blood Crypt, Steam Vents, Rakdos Charm"
Return to Ravnica Holiday Gift Box Land Pack,Bundle Land Pack,Other,RTR,2012-11-16,0.0,"Forest, Plains, Forest, Mountain, Island"
Return to Ravnica Redemption,MTGO Redemption,Other,RTR,2012-11-04,511.31,"Cyclonic Rift, Deathrite Shaman, Blood Crypt, Steam Vents, Rakdos Charm"
Returned,Jumpstart,Other,MSH,2026-06-26,5.48,"Undead Hand Ninja, Grim Reaper's Scythe, Songbird, Sonic Screamer, Ultimo, Civilization's End, Grim Reaper, Lethal Legionnaire"
Ride Like the Wind,MTGO Theme Deck,Other,MIR,2006-12-05,1.85,"Mountain, Telim'Tor, Plains, Sidar Jabari, Mountain"
Riders 1,Jumpstart,Other,LTR,2023-11-03,10.21,"Riders of the Mark, Rising of the Day, Rally at the Hornburg, Rohirrim Lancer, Gimli's Fury"
Riders 2,Jumpstart,Other,LTR,2023-11-03,8.66,"Riders of the Mark, Rally at the Hornburg, Rohirrim Lancer, Gimli's Axe, Smite the Deathless"
Rise of the Eldrazi Fat Pack Land Pack,Bundle Land Pack,Other,ROE,2010-04-23,40.06,"Island, Swamp, Forest, Island, Forest"
Rise of the Eldrazi Foil Redemption,MTGO Redemption,Other,ROE,2010-05-23,2051.78,"Emrakul, the Aeons Torn, Kozilek, Butcher of Truth, Ulamog, the Infinite Gyre, Nirkana Revenant, Linvala, Keeper of Silence"
Rise of the Eldrazi Redemption,MTGO Redemption,Other,ROE,2010-05-23,2051.78,"Emrakul, the Aeons Torn, Kozilek, Butcher of Truth, Ulamog, the Infinite Gyre, Nirkana Revenant, Linvala, Keeper of Silence"
Rise of the Vampires,Intro Pack,Other,ZEN,2009-10-02,50.02,"Blood Tribute, Malakir Bloodwitch, Diabolic Tutor, Vampire Nighthawk, Vampire's Bite"
Rituals of Rebirth,Theme Deck,Other,PLC,2007-02-02,244.01,"Essence Warden, Wall of Roots, Teneb, the Harvester, Rebuff the Wicked, Jedit Ojanen of Efrava"
Rivals of Ixalan Bundle Land Pack,Bundle Land Pack,Other,RIX,2018-01-19,12.96,"Mountain, Swamp, Forest, Island, Plains"
Rivals of Ixalan Foil Redemption,MTGO Redemption,Other,RIX,2018-02-18,374.5,"Nezahal, Primal Tide, Polyraptor, The Immortal Sun, Storm the Vault // Vault of Catlacan, Pitiless Plunderer"
Rivals of Ixalan Redemption,MTGO Redemption,Other,RIX,2018-02-18,374.5,"Nezahal, Primal Tide, Polyraptor, The Immortal Sun, Storm the Vault // Vault of Catlacan, Pitiless Plunderer"
River Heralds,Theme Deck,Other,E02,2017-11-24,27.51,"Time Warp, Soul of the Harvest, Tempest Caller, Island, Rancor"
Rogues (1),Jumpstart,Other,JMP,2020-07-17,1.43,"Rogue's Gloves, Thieves' Guild Enforcer, Oona's Blackguard, Swamp, Alchemist's Gift"
Rogues (2),Jumpstart,Other,JMP,2020-07-17,1.43,"Rogue's Gloves, Thieves' Guild Enforcer, Oona's Blackguard, Swamp, Alchemist's Gift"
Roku,Jumpstart,Other,TLE,2025-11-20,19.01,"Avatar Roku, Firebender, Fang, Roku's Companion, Frantic Confrontation, Thriving Bluff, Roku's Mastery"
Rot from Within,Event Deck,Other,NPH,2011-06-10,178.88,"Green Sun's Zenith, Inkmoth Nexus, Mutagenic Growth, Ichorclaw Myr, Overgrown Battlement"
Rough and Tumble,Arena Starter Kit,Other,AFR,2021-08-06,1.42,"Evolving Wilds, Asmodeus the Archfiend, Oran-Rief Ooze, Black Dragon, Cleaving Reaper"
Rough and Tumble Amazon,Arena Starter Kit,Other,AFR,2021-08-06,1.42,"Evolving Wilds, Asmodeus the Archfiend, Oran-Rief Ooze, Black Dragon, Cleaving Reaper"
"Rowan, Fearless Sparkmage",Planeswalker Deck,Other,ELD,2019-10-04,0.0,"Rowan, Fearless Sparkmage, Plains, Giant Killer // Chop Down, Acclaimed Contender, Inspiring Veteran"
Rule the Room,Secret Lair Drop,Other,SLD,2022-09-13,50.07,"Brimaz, King of Oreskos, Savra, Queen of the Golgari, Queen Marchesa, Arcanis the Omnipotent"
Rule the Room Foil Edition,Secret Lair Drop,Other,SLD,2022-09-13,50.07,"Brimaz, King of Oreskos, Savra, Queen of the Golgari, Queen Marchesa, Arcanis the Omnipotent"
Rumbler,Intro Pack,Other,ARB,2009-04-30,26.12,"Terramorphic Expanse, Forest, Forest, Mountain, Mountain"
Runaways,Jumpstart,Other,MSH,2026-06-26,74.06,"Nico Minoru, Runaway, Karolina Dean, Runaway, Hex Magic, Alex Wilder, Runaway, Chase Stein, Runaway"
Rush of the Wild,Event Deck,Other,M14,2013-08-09,36.3,"Stomping Ground, Rogue's Passage, Elvish Mystic, Mizzium Mortars, Dryad Militant"
SDCC 2013 Black Planeswalkers,Box Set,Other,PSDC,2013-07-18,828.74,"Liliana of the Dark Realms, Ajani, Caller of the Pride, Chandra, Pyromaster, Jace, Memory Adept, Garruk, Caller of Beasts"
SDCC 2013 Planeswalker Set,San Diego Comic Con Promos,Other,PSDC,2013-07-18,828.74,"Liliana of the Dark Realms, Ajani, Caller of the Pride, Chandra, Pyromaster, Jace, Memory Adept, Garruk, Caller of Beasts"
SDCC 2014 Black Planeswalkers,Box Set,Other,PS14,2014-07-08,273.03,"Liliana Vess, Nissa, Worldwaker, Chandra, Pyromaster, Ajani Steadfast, Garruk, Apex Predator"
SDCC 2014 Planeswalker Set,San Diego Comic Con Promos,Other,PS14,2014-07-24,273.03,"Liliana Vess, Nissa, Worldwaker, Chandra, Pyromaster, Ajani Steadfast, Garruk, Apex Predator"
SDCC 2015 Black Planeswalkers,Box Set,Other,PS15,2015-07-09,425.03,"Liliana, Heretical Healer // Liliana, Defiant Necromancer, Chandra, Fire of Kaladesh // Chandra, Roaring Flame, Jace, Vryn's Prodigy // Jace, Telepath Unbound, Nissa, Vastwood Seer // Nissa, Sage Animist, Kytheon, Hero of Akros // Gideon, Battle-Forged"
SDCC 2015 Planeswalker Set,San Diego Comic Con Promos,Other,PS15,2015-07-09,425.03,"Liliana, Heretical Healer // Liliana, Defiant Necromancer, Chandra, Fire of Kaladesh // Chandra, Roaring Flame, Jace, Vryn's Prodigy // Jace, Telepath Unbound, Nissa, Vastwood Seer // Nissa, Sage Animist, Kytheon, Hero of Akros // Gideon, Battle-Forged"
SDCC 2016 Zombie Planeswalker Set,San Diego Comic Con Promos,Other,PS16,2016-07-21,103.11,"Liliana, the Last Hope, Chandra, Flamecaller, Jace, Unraveler of Secrets, Gideon, Ally of Zendikar, Nissa, Voice of Zendikar"
SDCC 2016 Zombie Planeswalkers,Box Set,Other,PS16,2016-10-01,103.11,"Liliana, the Last Hope, Chandra, Flamecaller, Jace, Unraveler of Secrets, Gideon, Ally of Zendikar, Nissa, Voice of Zendikar"
SDCC 2017 Egyptian Planeswalkers,Box Set,Other,PS17,2017-07-20,170.29,"Liliana, Death's Majesty, Nicol Bolas, God-Pharaoh, Chandra, Torch of Defiance, Jace, Unraveler of Secrets, Nissa, Steward of Elements"
SDCC 2017 Planeswalker Set,San Diego Comic Con Promos,Other,PS17,2017-07-20,170.29,"Liliana, Death's Majesty, Nicol Bolas, God-Pharaoh, Chandra, Torch of Defiance, Jace, Unraveler of Secrets, Nissa, Steward of Elements"
SDCC 2018 Planeswalker Set,San Diego Comic Con Promos,Other,PS18,2018-07-19,209.53,"Liliana, Untouched by Death, Chandra, Torch of Defiance, Nissa, Vital Force, Gideon of the Trials, Jace, Cunning Castaway"
SDCC 2018 Stained Glass Planeswalkers,Box Set,Other,PS18,2018-07-19,209.53,"Liliana, Untouched by Death, Chandra, Torch of Defiance, Nissa, Vital Force, Gideon of the Trials, Jace, Cunning Castaway"
SDCC 2019 God-Eternals,Box Set,Other,PS19,2019-07-18,210.89,"Nicol Bolas, Dragon-God, God-Eternal Oketra, God-Eternal Bontu, God-Eternal Kefnet, God-Eternal Rhonas"
Sacred Assault,Intro Pack,Other,M12,2011-07-15,33.71,"Spirit Mantle, Mesa Enchantress, Gladecover Scout, Lifelink, Aegis Angel"
Sacrifice,Deck Builder's Toolkit,Other,M14,2013-07-19,0.0,"Goblin Rally, Festering Newt, Barrage of Expendables, Blood Bairn, Altar's Reap"
Sacrificial Bam,Theme Deck,Other,MRD,2003-10-02,258.01,"Vault of Whispers, Great Furnace, Talisman of Indulgence, Myr Retriever, Iron Myr"
Sacrilege,Theme Deck,Other,TOR,2002-02-08,360.32,"Buried Alive, Ichorid, Tainted Field, Putrid Imp, Angel of Retribution"
Saddle Up,Arena Starter Deck,Other,OTJ,2024-07-08,14.59,"Lush Portico, Railway Brawler, Outcaster Trailblazer, Gruff Triplets, Ornery Tumblewagg"
Sainted One,Shandalar Enemy Deck,Other,PAST,1997-04-01,6557.28,"Mox Pearl, Mishra's Workshop, Bottle of Suleiman, Sol Ring, Armageddon"
Saltrem Tor,Shandalar Enemy Deck,Other,PAST,1997-04-01,303.8,"Mountain, Birds of Paradise, Whirling Dervish, Crimson Manticore, Unstable Mutation"
Sampler Booster,Welcome Booster,Other,7ED,2001-04-11,64.55,"Spitting Earth, Forest, Island, Swamp, Mountain"
Saproling Swarm,Arena Starter Deck,Other,M19,2018-09-27,23.06,"Tendershoot Dryad, Twilight Prophet, Poison-Tip Archer, Woodland Cemetery, Path of Discovery"
Sarkhan,Planeswalker Deck,Other,M19,2018-07-13,15.41,"Sarkhan, Dragonsoul, Thud, Lightning Strike, Goblin Motivator, Demanding Dragon"
Saturday Morning D&D,Secret Lair Drop,Other,SLD,2021-06-21,49.48,"Primal Vigor, Impact Tremors, Whir of Invention, Commander's Sphere, Hero's Downfall"
Saturday Morning D&D Foil Edition,Secret Lair Drop,Other,SLD,2021-06-21,49.48,"Primal Vigor, Impact Tremors, Whir of Invention, Commander's Sphere, Hero's Downfall"
Savage Auras,Planechase Deck,Other,PCA,2016-11-25,21.11,"Ghostly Prison, Kor Spiritdancer, Felidar Umbra, Spirit Mantle, Three Dreams"
Savage Lands,Arena Starter Deck,Other,AFR,2021-09-24,13.04,"Toski, Bearer of Secrets, Cragcrown Pathway // Timbercrown Pathway, Inferno of the Star Mounts, Werewolf Pack Leader, Froghemoth"
Savage Salvagers,Arena Starter Deck,Other,LTR,2023-06-20,10.84,"Conduit of Worlds, Glissa Sunslayer, Shadow of the Enemy, Llanowar Wastes, Terror of Towashi"
Savage Stompdown,MTGO Theme Deck,Other,VIS,2006-04-10,45.12,"Natural Order, Mountain, Viashivan Dragon, Forest, Mountain"
Saviors of Kamigawa Foil Redemption,MTGO Redemption,Other,SOK,2005-07-03,2123.17,"Oboro Breezecaller, Oboro, Palace in the Clouds, Erayo, Soratami Ascendant // Erayo's Essence, Sakashima the Impostor, Miren, the Moaning Well"
Saviors of Kamigawa Redemption,MTGO Redemption,Other,SOK,2005-07-03,2123.17,"Oboro Breezecaller, Oboro, Palace in the Clouds, Erayo, Soratami Ascendant // Erayo's Essence, Sakashima the Impostor, Miren, the Moaning Well"
Scales of Fury,Theme Deck,Other,PS11,2011-01-01,0.0,"Forest, Forest, Forest, Forest, Mountain"
Scarlet,Jumpstart,Other,MSH,2026-06-26,104.76,"The Vision and Scarlet Witch, Wanda's Vision, Hex Magic, Lightning Bolt, Grapeshot"
Scars of Mirrodin Fat Pack Land Pack,Bundle Land Pack,Other,SOM,2010-10-01,30.36,"Forest, Forest, Island, Forest, Mountain"
Scars of Mirrodin Foil Redemption,MTGO Redemption,Other,SOM,2010-10-31,1579.1,"Mox Opal, Skithiryx, the Blight Dragon, Platinum Emperion, Grafted Exoskeleton, Asceticism"
Scars of Mirrodin Redemption,MTGO Redemption,Other,SOM,2010-10-31,1579.1,"Mox Opal, Skithiryx, the Blight Dragon, Platinum Emperion, Grafted Exoskeleton, Asceticism"
Scene Box,Box Set,Other,SPE,2025-09-26,24.72,"Green Goblin, Nemesis, Sensational Spider-Man, Venom, Deadly Devourer, Pumpkin Bombs, Grasping Tentacles"
Scorch The World With Dragonfire,Archenemy Deck,Other,ARC,2010-06-18,29.25,"Seething Song, Thran Dynamo, Hellkite Charger, Dragonspeaker Shaman, Taurean Mauler"
Scourge Foil Redemption,MTGO Redemption,Other,SCG,2003-06-25,3288.58,"Stifle, Brain Freeze, Siege-Gang Commander, Decree of Justice, Sliver Overlord"
Scourge Redemption,MTGO Redemption,Other,SCG,2003-06-25,3288.58,"Stifle, Brain Freeze, Siege-Gang Commander, Decree of Justice, Sliver Overlord"
Scout,Theme Deck,Other,PLS,2001-02-05,503.72,"Eladamri's Call, Rith's Grove, Harrow, Fertile Ground, Armadillo Cloak"
Scrapyard Sacrifice,Arena Starter Deck,Other,LTR,2023-06-20,13.2,"Mishra, Claimed by Gix // Mishra, Lost to Phyrexia, Corrupted Conviction, Sulfurous Springs, Phyrexian Dragon Engine // Mishra, Lost to Phyrexia, Urabrask's Forge"
Scrying 1,Jumpstart,Other,J22,2022-12-02,9.24,"Kenessos, Priest of Thassa, Preordain, Faerie Seer, Cryptic Serpent, Biblioplex Kraken"
Scrying 2,Jumpstart,Other,J22,2022-12-02,9.24,"Kenessos, Priest of Thassa, Preordain, Faerie Seer, Condescend, Cryptic Serpent"
Sea Drake,Shandalar Enemy Deck,Other,PAST,1997-04-01,175.46,"Mana Vault, Island Fish Jasconius, Leviathan, Counterspell, Giant Tortoise"
Second Chance,Arena Starter Deck,Other,OTJ,2024-07-08,6.84,"Spirebluff Canal, Seize the Secrets, Demand Answers, Melek, Reforged Researcher, Hell to Pay"
Second Sun Control,Challenger Deck,Other,Q01,2018-04-06,27.95,"Approach of the Second Sun, Settle the Wreckage, Kefnet the Mindful, Fumigate, Island"
Secret Lair High: Class of '87,Secret Lair Drop,Other,SLD,2025-03-25,16.51,"Aesi, Tyrant of Gyre Strait // Aesi, Tyrant of Gyre Strait, Chulane, Teller of Tales // Chulane, Teller of Tales, Anje Falkenrath // Anje Falkenrath, Radha, Heart of Keld // Radha, Heart of Keld"
Secret Lair High: Class of '87 Foil Edition,Secret Lair Drop,Other,SLD,2025-03-25,16.51,"Aesi, Tyrant of Gyre Strait // Aesi, Tyrant of Gyre Strait, Chulane, Teller of Tales // Chulane, Teller of Tales, Anje Falkenrath // Anje Falkenrath, Radha, Heart of Keld // Radha, Heart of Keld"
Secrets of Strixhaven Bundle Land Pack,Bundle Land Pack,Other,SOS,2026-04-24,0.0,"Mountain, Mountain, Swamp, Swamp, Swamp"
Sedge Beast,Shandalar Enemy Deck,Other,PAST,1997-04-01,363.1,"Mountain, Strip Mine, Dancing Scimitar, Blight, Erg Raiders"
Seeing Visions,Secret Lair Drop,Other,SLD,2019-12-06,12.57,"Serum Visions, Serum Visions, Serum Visions, Serum Visions"
Seer,Shandalar Enemy Deck,Other,PAST,1997-04-01,343.11,"Triskelion, Hurkyl's Recall, Tetravus, Time Elemental, Ornithopter"
Seismic,Jumpstart,Other,JMP,2020-07-17,0.0,"Volcanic Fallout, Volcanic Geyser, Mountain, Grim Lavamancer, Mana Geode"
Selesnya,Guild Kit,Other,GK1,2018-11-02,7.02,"Privileged Position, Trostani, Selesnya's Voice, Camaraderie, Tolsimir Wolfblood, Conclave Cavalier"
Selesnya Conclave,Arena Starter Deck,Other,M20,2019-05-03,24.55,"Temple Garden, March of the Multitudes, Tolsimir, Friend to Wolves, Knight of Autumn, Pledge of Unity"
Selesnya Conclave 1,Jumpstart,Other,CLU,2024-02-23,2.58,"Conclave Evangelist, Trostani Discordant, Selesnya Sanctuary, Sumala Rumblers, Rootborn Defenses"
Selesnya Conclave 2,Jumpstart,Other,CLU,2024-02-23,7.62,"Beast Whisperer, Vernal Sovereign, Selesnya Signet, Selesnya Sanctuary, Sumala Rumblers"
Selesnya Pride,Arena Starter Deck,Other,DOM,2018-03-22,109.47,"Anointed Procession, Crested Sunmare, Sacred Cat, Pride Sovereign, Regal Caracal"
Selesnya Surge,Intro Pack,Other,RTR,2012-10-05,6.39,"Arbor Elf, Rootborn Defenses, Healer of the Pride, Druid's Deliverance, Forest"
Selesnya United,Theme Deck,Other,RAV,2005-10-07,28.87,"Selesnya Sanctuary, Nullmage Shepherd, Tolsimir Wolfblood, Vitu-Ghazi, the City-Tree, Scatter the Seeds"
Series 1,Box Set,Other,PVAN,1997-12-01,29.72,"Karn, Squee, Ertai, Mirri, Gerrard"
Series 2,Box Set,Other,PVAN,1997-12-01,105.91,"Orim, Selenia, Barrin, Starke, Hanna"
Series 3,Box Set,Other,PVAN,1997-12-01,217.37,"Sliver Queen, Brood Mother, Lyna, Eladamri, Oracle, Rofellos"
Series 4,Box Set,Other,PVAN,1997-12-01,368.09,"Titania, Gix, Urza, Xantcha, Mishra"
Seventh Edition Foil Redemption,MTGO Redemption,Other,7ED,2001-05-11,21959.39,"Birds of Paradise, City of Brass, Final Fortune, Underground River, Karplusan Forest"
Seventh Edition Redemption,MTGO Redemption,Other,7ED,2001-05-11,21959.39,"Birds of Paradise, City of Brass, Final Fortune, Underground River, Karplusan Forest"
Shades Not Included,Secret Lair Drop,Other,SLD,2022-07-22,74.65,"Island, Mountain, Swamp, Plains, Forest"
Shades Not Included Foil Edition,Secret Lair Drop,Other,SLD,2022-07-22,74.65,"Island, Mountain, Swamp, Plains, Forest"
Shadowmoor Fat Pack Land Pack,Bundle Land Pack,Other,SHM,2008-05-02,37.41,"Swamp, Island, Swamp, Forest, Swamp"
Shadowmoor Foil Redemption,MTGO Redemption,Other,SHM,2008-06-01,3704.25,"Sygg, River Cutthroat, Manamorphose, Painter's Servant, Umbral Mantle, Twilight Shepherd"
Shadowmoor Redemption,MTGO Redemption,Other,SHM,2008-06-01,3704.25,"Sygg, River Cutthroat, Manamorphose, Painter's Servant, Umbral Mantle, Twilight Shepherd"
Shadows over Innistrad Fat Pack Land Pack,Bundle Land Pack,Other,SOI,2016-04-08,0.0,"Swamp, Forest, Plains, Forest, Island"
Shadows over Innistrad Foil Redemption,MTGO Redemption,Other,SOI,2016-05-08,247.09,"Eerie Interlude, Relentless Dead, Archangel Avacyn // Avacyn, the Purifier, Cryptolith Rite, Sorin, Grim Nemesis"
Shadows over Innistrad Gift Box Land Pack,Bundle Land Pack,Other,SOI,2016-04-08,0.0,"Swamp, Forest, Plains, Forest, Island"
Shadows over Innistrad Redemption,MTGO Redemption,Other,SOI,2016-05-08,247.09,"Eerie Interlude, Relentless Dead, Archangel Avacyn // Avacyn, the Purifier, Cryptolith Rite, Sorin, Grim Nemesis"
Shallow Graves,Intro Pack,Other,EMN,2016-07-22,7.85,"Cryptbreaker, Liliana's Indignation, Graf Harvest, Noosegraf Mob, Exultant Cultist"
Shamanism,Theme Deck,Other,MOR,2008-02-01,223.67,"Thornbite Staff, Bosk Banneret, Leaf-Crowned Elder, Lignify, Swamp"
Shapeshifter,Shandalar Enemy Deck,Other,PAST,1997-04-01,556.06,"Triskelion, Mishra's Factory, Mana Vault, Hurkyl's Recall, Ivory Tower"
Shapeshifters,Jumpstart,Other,J22,2022-12-02,31.31,"Pirated Copy, Mirror Image, Bloodline Pretender, Amoeboid Changeling, Universal Automaton"
Shards of Alara Fat Pack Land Pack,Bundle Land Pack,Other,ALA,2008-10-03,32.69,"Plains, Island, Swamp, Forest, Forest"
Shards of Alara Foil Redemption,MTGO Redemption,Other,ALA,2008-11-02,1038.01,"Ad Nauseam, Elspeth, Knight-Errant, Tezzeret the Seeker, Mayael the Anima, Ajani Vengeant"
Shards of Alara Redemption,MTGO Redemption,Other,ALA,2008-11-02,1038.01,"Ad Nauseam, Elspeth, Knight-Errant, Tezzeret the Seeker, Mayael the Anima, Ajani Vengeant"
"Shawn Hammer Regnier, Quarterfinalist",Pro Tour Deck,Other,PTC,1996-05-01,99.18,"Land Tax, City of Brass, Island, Mishra's Factory, Island"
Sheldon's Spellbook,Secret Lair Drop,Other,SLD,2024-07-03,87.45,"Teferi's Protection, Sol Ring, Inkshield, Command Tower, Eladamri's Vineyard"
Sheldon's Spellbook Foil Edition,Secret Lair Drop,Other,SLD,2024-07-03,87.45,"Teferi's Protection, Sol Ring, Inkshield, Command Tower, Eladamri's Vineyard"
Showcase: All Will Be One Step-and-Compleat Edition,Secret Lair Drop,Other,SLD,2023-04-14,55.71,"Phyrexian Crusader, Glissa, the Traitor, Phyrexian Unlife, Ertai, the Corrupted, Plague Engineer"
Showcase: Bloomburrow,Secret Lair Drop,Other,SLD,2024-07-30,62.71,"Tezzeret, Master of the Bridge, Sorin Markov, Vraska, Golgari Queen, Kiora, Behemoth Beckoner, Huatli, Radiant Champion"
Showcase: Bloomburrow Foil Edition,Secret Lair Drop,Other,SLD,2024-07-30,62.71,"Tezzeret, Master of the Bridge, Sorin Markov, Vraska, Golgari Queen, Kiora, Behemoth Beckoner, Huatli, Radiant Champion"
Showcase: Dominaria United Textured Foil Edition,Secret Lair Drop,Other,SLD,2022-10-25,36.36,"Nicol Bolas, Vaevictis Asmadi, Palladia-Mors, Chromium, Arcades Sabboth"
Showcase: Duskmourn,Secret Lair Drop,Other,SLD,2024-10-01,39.9,"Dauthi Voidwalker, Phyrexian Metamorph, Magus of the Moon, Witch's Oven, Cauldron Familiar"
Showcase: Duskmourn Foil Edition,Secret Lair Drop,Other,SLD,2024-10-01,39.9,"Dauthi Voidwalker, Phyrexian Metamorph, Magus of the Moon, Witch's Oven, Cauldron Familiar"
Showcase: Kaldheim - Part 1,Secret Lair Drop,Other,SLD,2021-04-13,59.32,"Uro, Titan of Nature's Wrath, Primeval Titan, Frost Titan"
Showcase: Kaldheim - Part 1 Foil Edition,Secret Lair Drop,Other,SLD,2021-04-13,59.32,"Uro, Titan of Nature's Wrath, Primeval Titan, Frost Titan"
Showcase: Kaldheim - Part 2,Secret Lair Drop,Other,SLD,2021-04-13,31.22,"Grave Titan, Kroxa, Titan of Death's Hunger, Inferno Titan"
Showcase: Kaldheim - Part 2 Foil Edition,Secret Lair Drop,Other,SLD,2021-04-13,31.22,"Grave Titan, Kroxa, Titan of Death's Hunger, Inferno Titan"
Showcase: March of the Machine Vol. 1,Secret Lair Drop,Other,SLD,2023-04-28,137.58,"Walking Ballista, The World Tree, Wheel and Deal, Questing Beast, Olivia Voldaren"
Showcase: March of the Machine Vol. 2,Secret Lair Drop,Other,SLD,2023-04-28,106.26,"Higure, the Still Wind, Nezahal, Primal Tide, Xantcha, Sleeper Agent, Mina and Denn, Wildborn, Dragonlord Kolaghan"
Showcase: March of the Machine Vol. 3,Secret Lair Drop,Other,SLD,2023-04-28,180.86,"Misdirection, Nyxbloom Ancient, Utvara Hellkite, Kogla, the Titan Ape, Jhoira, Weatherlight Captain"
Showcase: Midnight Hunt,Secret Lair Drop,Other,SLD,2022-01-28,95.92,"Vault of the Archangel, Gavony Township, Kessig Wolf Run, Alchemist's Refuge, Slayers' Stronghold"
Showcase: Midnight Hunt Foil Edition,Secret Lair Drop,Other,SLD,2022-01-28,95.92,"Vault of the Archangel, Gavony Township, Kessig Wolf Run, Alchemist's Refuge, Slayers' Stronghold"
Showcase: Murders at Karlov Manor,Secret Lair Drop,Other,SLD,2024-02-23,32.26,"Vilis, Broker of Blood, Gonti, Lord of Luxury, Grenzo, Dungeon Warden, Anowon, the Ruin Thief"
Showcase: Murders at Karlov Manor Foil Edition,Secret Lair Drop,Other,SLD,2024-02-23,37.8,"Vilis, Broker of Blood, Gonti, Lord of Luxury, Grenzo, Dungeon Warden, Anowon, the Ruin Thief"
Showcase: Neon Dynasty Neon Ink Foil Edition,Secret Lair Drop,Other,SLD,2022-07-22,87.63,"Ghostly Prison, Freed from the Real, Hall of the Bandit Lord, Boseiju, Who Shelters All"
Showcase: Outlaws of Thunder Junction,Secret Lair Drop,Other,SLD,2024-05-30,30.24,"Magda, Brazen Outlaw, Kalitas, Traitor of Ghet, Dack Fayden, Greasefang, Okiba Boss"
Showcase: Outlaws of Thunder Junction Foil Edition,Secret Lair Drop,Other,SLD,2024-05-30,30.24,"Magda, Brazen Outlaw, Kalitas, Traitor of Ghet, Dack Fayden, Greasefang, Okiba Boss"
Showcase: Streets of New Capenna Gilded Foil Edition,Secret Lair Drop,Other,SLD,2022-08-05,63.49,"Atraxa, Praetors' Voice, Breya, Etherium Shaper, Yidris, Maelstrom Wielder"
Showcase: Strixhaven,Secret Lair Drop,Other,SLD,2021-08-25,66.72,"All Is Dust, Drown in the Loch, Fire Covenant, Artifact Mutation, Fractured Identity"
Showcase: Strixhaven Foil Edition,Secret Lair Drop,Other,SLD,2021-08-25,66.72,"All Is Dust, Drown in the Loch, Fire Covenant, Artifact Mutation, Fractured Identity"
Showcase: The Lost Caverns of Ixalan,Secret Lair Drop,Other,SLD,2023-12-05,56.9,"Elenda, the Dusk Rose, Kumena, Tyrant of Orazca, Captain Lannery Storm, Admiral Beckett Brass, Vona, Butcher of Magan"
Showcase: The Lost Caverns of Ixalan Foil Edition,Secret Lair Drop,Other,SLD,2023-12-05,67.1,"Kumena, Tyrant of Orazca, Elenda, the Dusk Rose, Captain Lannery Storm, Admiral Beckett Brass, Vona, Butcher of Magan"
Showcase: Zendikar Revisited,Secret Lair Drop,Other,SLD,2020-09-25,128.39,"Avenger of Zendikar, Admonition Angel, Roil Elemental, Warren Instigator, Zulaport Cutthroat"
Showcase: Zendikar Revisited Foil Edition,Secret Lair Drop,Other,SLD,2020-09-25,128.39,"Avenger of Zendikar, Admonition Angel, Roil Elemental, Warren Instigator, Zulaport Cutthroat"
Shrines,Jumpstart,Other,TLE,2025-11-20,8.37,"Hei Bai, Forest Guardian, Northern Air Temple, Forest, Kyoshi Island Plaza, The Spirit Oasis"
Shu Kingdom,Theme Deck,Other,PTK,1999-05-01,137.47,"Guan Yu, Sainted Warrior, Liu Bei, Lord of Shu, Kongming, ""Sleeping Dragon"", Shu General, Plains"
Sidestep,Theme Deck,Other,EVE,2008-07-25,68.55,"Clout of the Dominus, Dominus of Fealty, Mindwrack Liege, Island, Inside Out"
Siege Engines,Jumpstart,Other,TLE,2025-11-20,0.0,"Swamp, Heartless Act, Thriving Moor, The Fire Nation Drill, Fire Navy Trebuchet"
Signature Spellbook: Chandra,Box Set,Other,SS3,2020-06-26,57.43,"Pyroblast, Rite of Flame, Chandra, Torch of Defiance, Past in Flames, Fiery Confluence"
Signature Spellbook: Gideon,Box Set,Other,SS2,2019-06-28,43.82,"Blackblade Reforged, True Conviction, Shielded by Faith, Worship, Path to Exile"
Signature Spellbook: Jace,Box Set,Other,SS1,2018-06-15,53.1,"Mystical Tutor, Blue Elemental Blast, Gifts Ungiven, Brainstorm, Counterspell"
Silver Deck,Starter Deck,Other,8ED,2003-07-28,14.66,"Island, Plains, Plains, Island, Plains"
Silver Pack,Advanced Pack,Other,8ED,2003-07-28,9.46,"Holy Day, Plains, Island, Rod of Ruin, Sanctimony"
Sim Han How - Squirrel Opposition,World Championship Deck,Other,WC02,2002-08-14,52.16,"Yavimaya Coast, Shivan Reef, Birds of Paradise, Island, Island"
Simic,Guild Kit,Other,GK2,2019-02-15,29.63,"Guardian Project, Omnibian, Simic Ascendancy, Gyre Sage, Trollbred Guardian"
Simic Combine,Arena Starter Deck,Other,M20,2019-05-03,40.84,"Biomancer's Familiar, Breeding Pool, Incubation Druid, Hydroid Krasis, Growth Spiral"
Simic Combine 1,Jumpstart,Other,CLU,2024-02-23,4.38,"Slip Out the Back, Rapid Hybridization, Master Biomancer, Simic Signet, Scuttling Sentinel"
Simic Combine 2,Jumpstart,Other,CLU,2024-02-23,6.93,"Lonis, Genetics Expert, Scuttling Sentinel, Hydroid Krasis, Duskshell Crawler, Ivy Lane Denizen"
Simic Domination,Intro Pack,Other,DGM,2013-05-03,15.49,"Gyre Sage, Bred for the Hunt, Vorel of the Hull Clade, Forest, Forest"
Simic Mutology,Theme Deck,Other,DIS,2006-05-05,108.0,"Protean Hulk, Simic Growth Chamber, Experiment Kraj, Simic Guildmage, Coiling Oracle"
Simic Synthesis,Intro Pack,Other,GTC,2013-02-01,10.51,"Tower Defense, Unexpected Results, Ivy Lane Denizen, Bioshift, Urban Evolution"
Skies,Deck Builder's Toolkit,Other,M14,2013-07-19,1.01,"Warden of Evos Isle, Lyev Skyknight, Air Servant, Hands of Binding, Frost Breath"
Sky Patrol,Arena Starter Deck,Other,AFR,2021-09-24,13.95,"Hengegate Pathway // Mistgate Pathway, Grazilaxx, Illithid Scholar, Saw It Coming, Starnheim Unleashed, Luminarch Aspirant"
Sky Slam,Theme Deck,Other,8ED,2003-07-28,24.02,"Mana Leak, Urza's Armor, Island, Island, Island"
Slaughterhouse,Intro Pack,Other,AVR,2012-05-04,18.17,"Blood Artist, Reassembling Skeleton, Swamp, Swamp, Harvester of Souls"
Slay the Day,Secret Lair Drop,Other,SLD,2025-05-19,56.32,"Marwyn, the Nurturer, Oloro, Ageless Ascetic, Sythis, Harvest's Hand, Liesa, Shroud of Dusk"
Sleeper,Theme Deck,Other,USG,1998-10-12,0.0,"Plains, Plains, Plains, Plains, Barrin's Codex"
Sleeper - Enhanced Deck,Enhanced Deck,Other,USG,1998-10-12,81.11,"Argothian Enchantress, Oath of Lieges, Worship, Pariah, Endless Wurm"
Slither,Theme Deck,Other,PCY,2000-06-05,283.2,"Reverent Silence, Seal of Fire, Citadel of Pain, Invigorate, Vine Trellis"
Sliver Evolution,Theme Deck,Other,TSP,2006-10-06,201.63,"Gemstone Mine, Avoid Fate, Pulmonic Sliver, Spirit Loop, Spined Sliver"
Sliver Shivers,Theme Deck,Other,LGN,2003-02-03,346.17,"Shifting Sliver, Brood Sliver, Lonely Sandbar, Essence Sliver, Root Sliver"
Slivers,Theme Deck,Other,PSAL,2005-08-01,0.0,"Darigaaz's Caldera, Forest, Forest, Forest, Forest"
Smashing (1),Jumpstart,Other,JMP,2020-07-17,1.68,"Unleash Fury, Volcanic Salvo, Heartfire Immolator, Shock, Furious Rise"
Smashing (2),Jumpstart,Other,JMP,2020-07-17,0.0,"Volcanic Salvo, Heartfire Immolator, Furious Rise, Fling, Mountain"
Smashing (3),Jumpstart,Other,JMP,2020-07-17,2.87,"Unleash Fury, Sarkhan's Unsealing, Hamletback Goliath, Heartfire Immolator, Furious Rise"
Smashing (4),Jumpstart,Other,JMP,2020-07-17,0.0,"Etali, Primal Storm, Heartfire Immolator, Furious Rise, Fling, Furor of the Bitten"
Snack Time,Arena Starter Deck,Other,OTJ,2024-07-08,31.01,"Underground Mortuary, Experimental Confectioner, Lich-Knights' Conquest, Bristlebud Farmer, Assassin's Trophy"
Snake's Path,Theme Deck,Other,CHK,2004-10-01,186.47,"Sensei's Divining Top, Time of Need, Sakura-Tribe Elder, Orochi Hatchery, Orochi Leafcaller"
Snakes,Jumpstart,Other,J25,2024-11-07,17.99,"Aphelia, Viper Whisperer, Hooded Blightfang, Night's Whisper, Gorgon Flail, Pharika's Chosen"
Sneak Attack,Arena Starter Kit,Other,AFR,2021-08-06,7.11,"Mind Flayer, Archmage Emeritus, Red Dragon, Cyclone Summoner, Axgard Cavalry"
Sneak Attack Amazon,Arena Starter Kit,Other,AFR,2021-08-06,7.11,"Mind Flayer, Archmage Emeritus, Red Dragon, Cyclone Summoner, Axgard Cavalry"
Sneak Squad,Arena Promotional Deck,Other,DMU,2022-09-09,8.45,"Mirrorhall Mimic // Ghastly Mimicry, Malevolent Hermit // Benevolent Geist, Consider, Blade of the Oni, Undying Malice"
Snow,Jumpstart,Other,J22,2022-12-02,14.54,"Coldsteel Heart, Isu the Abominable, Snow-Covered Island, Marit Lage's Slumber, Phyrexian Ironfoot"
Snowscape,Theme Deck,Other,CSP,2006-07-21,151.36,"Rimewind Cryomancer, Rimefeather Owl, Heidar, Rimewind Master, Frost Marsh, Coldsteel Heart"
So Salty,Secret Lair Drop,Other,SLD,2025-04-22,93.23,"Scrawling Crawler, Expropriate, Winter Orb, Narset, Parter of Veils, Worst Fears"
Soaring,Jumpstart,Other,MSH,2026-06-26,1.2,"Vulture, Feathered Fiend, Namora, the Sea Queen, Rescue, Pepper Potts, Dismissive Denial, Falcon's Wing Harness"
Soaring (1),Jumpstart,Other,TLE,2025-11-20,2.12,"Boomerang Basics, The Mechanist, Aerial Artisan, Island, Thriving Isle, Flying Dolphin-Fish"
Soaring (2),Jumpstart,Other,J25,2024-11-07,1.85,"Cavalier of Gales, Cynette, Jelly Drover, Warden of Evos Isle, Cartouche of Knowledge, Owl Familiar"
Soaring (3),Jumpstart,Other,J25,2024-11-07,0.0,"Mu Yanling, Sky Dancer, Cynette, Jelly Drover, Cloudkin Seer, Winged Words, Tide Skimmer"
Soaring (4),Jumpstart,Other,J25,2024-11-07,0.0,"Cynette, Jelly Drover, Sprite Noble, Faerie Seer, Winged Words, Stolen by the Fae"
Sole Domination,Intro Pack,Other,M13,2012-07-13,25.76,"Tormented Soul, Ring of Xathrid, Plains, Vampire Nighthawk, Knight of Glory"
Solitary Fiends,Intro Pack,Other,AVR,2012-05-04,23.33,"Swiftfoot Boots, Essence Harvest, Swamp, Island, Swamp"
Song Dance,Challenger Deck,Other,Q03,2019-11-08,20.16,"Sacred Foundry, Feather, the Redeemed, Gideon Blackblade, Dreadhorde Arcanist, Tithe Taker"
Sonic: Chasing Adventure,Secret Lair Drop,Other,SLD,2025-08-08,37.22,"Sol Ring, Fabricate, Unexpected Windfall, Open the Armory, Generous Gift"
Sonic: Chasing Adventure Foil Edition,Secret Lair Drop,Other,SLD,2025-08-08,37.22,"Sol Ring, Fabricate, Unexpected Windfall, Open the Armory, Generous Gift"
Sonic: Friends & Foes,Secret Lair Drop,Other,SLD,2025-08-08,48.54,"Super State, Knuckles the Echidna, Shadow the Hedgehog, Sonic the Hedgehog, Amy Rose"
Sonic: Friends & Foes Foil Edition,Secret Lair Drop,Other,SLD,2025-08-08,48.54,"Super State, Knuckles the Echidna, Shadow the Hedgehog, Sonic the Hedgehog, Amy Rose"
Sonic: Turbo Gear,Secret Lair Drop,Other,SLD,2025-08-08,44.6,"The Reaver Cleaver, Hammer of Nazahn, Lightning Greaves, Swiftfoot Boots, Weatherlight"
Sonic: Turbo Gear Foil Edition,Secret Lair Drop,Other,SLD,2025-08-08,44.6,"The Reaver Cleaver, Hammer of Nazahn, Lightning Greaves, Swiftfoot Boots, Weatherlight"
Soratami's Wisdom,Theme Deck,Other,SOK,2005-06-03,152.83,"Kami of the Crescent Moon, Freed from the Real, Overwhelming Intellect, Graceful Adept, Soramaro, First to Dream"
Sorcerer,Shandalar Enemy Deck,Other,PAST,1997-04-01,337.11,"Mountain, Ali Baba, Brass Man, Winds of Change, Manabarbs"
Sorceress,Shandalar Enemy Deck,Other,PAST,1997-04-01,318.08,"Mountain, Ball Lightning, Blood Lust, Meekstone, Bird Maiden"
Sorin,Duel Deck,Other,DDK,2013-03-15,2.7,"Sorin, Lord of Innistrad, Mesmeric Fiend, Swamp, Unmake, Butcher of Malakir"
"Sorin, Vampire Lord",Planeswalker Deck,Other,M20,2019-07-29,28.57,"Sorin, Vampire Lord, Vampire of the Dire Moon, Dread Presence, Bloodthirsty Aerialist, Swamp"
Sparky Sparky (1),Jumpstart,Other,TLE,2025-11-20,0.0,"Thriving Bluff, Iroh's Demonstration, Mountain, Zuko, Exiled Prince, Ran and Shaw"
Sparky Sparky (2),Jumpstart,Other,TLE,2025-11-20,3.77,"Overwhelming Victory, Thriving Bluff, Price of Freedom, Mountain, Zuko, Exiled Prince"
Special Delivery,Theme Deck,Other,USG,1998-10-12,9.24,"Argothian Wurm, Thran Turbine, Forest, Wildfire, Mountain"
Special Delivery - Enhanced Deck,Enhanced Deck,Other,USG,1998-10-12,240.23,"Cursed Scroll, Wasteland, Reflecting Pool, City of Brass, Lightning Dragon"
Special Forces,Theme Deck,Other,5DN,2004-06-04,175.34,"Plunge into Darkness, Silver Myr, Acquire, Whispersilk Cloak, Leaden Myr"
Special Guest: Fiona Staples,Secret Lair Drop,Other,SLD,2021-10-29,70.38,"Dryad of the Ilysian Grove, Metallic Mimic, Sakura-Tribe Elder, Soul-Scar Mage, Spell Queller"
Special Guest: Fiona Staples Foil Edition,Secret Lair Drop,Other,SLD,2021-10-29,70.38,"Dryad of the Ilysian Grove, Metallic Mimic, Sakura-Tribe Elder, Soul-Scar Mage, Spell Queller"
Special Guest: Jen Bartel,Secret Lair Drop,Other,SLD,2021-10-29,89.97,"Bloom Tender, Archaeomancer, Mesa Enchantress, Meteor Golem"
Special Guest: Jen Bartel Foil Edition,Secret Lair Drop,Other,SLD,2021-10-29,89.97,"Bloom Tender, Archaeomancer, Mesa Enchantress, Meteor Golem"
Special Guest: Junji Ito,Secret Lair Drop,Other,SLD,2022-12-05,164.69,"Carrion Feeder, Thoughtseize, Doomsday, Plaguecrafter"
Special Guest: Junji Ito Foil Etched Edition,Secret Lair Drop,Other,SLD,2022-12-05,164.69,"Carrion Feeder, Thoughtseize, Doomsday, Plaguecrafter"
Special Guest: Kelogsloops,Secret Lair Drop,Other,SLD,2022-09-13,164.95,"Mystic Remora, Burgeoning, Utopia Sprawl, Retreat to Coralhelm"
Special Guest: Kelogsloops Foil Edition,Secret Lair Drop,Other,SLD,2022-09-13,164.95,"Mystic Remora, Burgeoning, Utopia Sprawl, Retreat to Coralhelm"
Special Guest: Kozyndan: Another Story,Secret Lair Drop,Other,SLD,2022-12-19,127.09,"Serra Ascendant, Demonic Consultation, Winds of Change, Rapid Hybridization, Llanowar Elves"
Special Guest: Kozyndan: Another Story Foil Edition,Secret Lair Drop,Other,SLD,2022-12-19,127.09,"Serra Ascendant, Demonic Consultation, Winds of Change, Rapid Hybridization, Llanowar Elves"
Special Guest: Kozyndan: The Lands,Secret Lair Drop,Other,SLD,2022-12-19,88.81,"Island, Swamp, Plains, Forest, Mountain"
Special Guest: Kozyndan: The Lands Foil Edition,Secret Lair Drop,Other,SLD,2022-12-19,88.81,"Island, Swamp, Plains, Forest, Mountain"
Special Guest: Matt Jukes,Secret Lair Drop,Other,SLD,2022-08-05,79.06,"Dragonskull Summit, Glacial Fortress, Drowned Catacomb, Sunpetal Grove, Rootbound Crag"
Special Guest: Matt Jukes Foil Edition,Secret Lair Drop,Other,SLD,2022-08-05,79.06,"Dragonskull Summit, Glacial Fortress, Drowned Catacomb, Sunpetal Grove, Rootbound Crag"
Special Guest: Yoji Shinkawa,Secret Lair Drop,Other,SLD,2022-12-05,226.76,"Skullclamp, Tezzeret the Seeker, Phyrexian Metamorph, Solemn Simulacrum"
Special Guest: Yoji Shinkawa Foil Edition,Secret Lair Drop,Other,SLD,2022-12-05,226.76,"Skullclamp, Tezzeret the Seeker, Phyrexian Metamorph, Solemn Simulacrum"
Special Guest: Yuko Shimizu,Secret Lair Drop,Other,SLD,2022-07-22,83.51,"Elvish Spirit Guide, Kira, Great Glass-Spinner, Eidolon of the Great Revel, Hokori, Dust Drinker"
Special Guest: Yuko Shimizu Foil Edition,Secret Lair Drop,Other,SLD,2022-07-22,83.51,"Elvish Spirit Guide, Kira, Great Glass-Spinner, Eidolon of the Great Revel, Hokori, Dust Drinker"
Spectral Legions,Intro Pack,Other,ISD,2011-09-30,32.91,"Spirit Mantle, Curiosity, Geist-Honored Monk, Lifelink, Plains"
Spectral Slam,Theme Deck,Other,JUD,2002-05-27,277.41,"Mirari's Wake, Krosan Verge, Forest, Plains, Benevolent Bodyguard"
Spectrum,Theme Deck,Other,INV,2000-10-02,216.27,"Fires of Yavimaya, Harrow, Fertile Ground, Sabertooth Nishoba, Global Ruin"
Speed,Duel Deck,Other,DDN,2014-09-05,12.66,"Fury of the Horde, Goblin Bombardment, Krenko, Mob Boss, Goblin Warchief, Banefire"
Speed Scorch,Theme Deck,Other,8ED,2003-07-28,47.99,"Goblin King, Mountain, Mountain, Mountain, Mogg Sentry"
Speedy,Jumpstart,Other,MSH,2026-06-26,0.0,"Pick Up the Pace, Quicksilver, Brash Blur, The Whizzer, Classic Speedster, Whirlwind, Killer Cyclone, Living Lightning, Charged Up"
Spellcasting (1),Jumpstart,Other,JMP,2020-07-17,0.0,"Double Vision, Heartfire Immolator, Thermo-Alchemist, Shock, Kinetic Augur"
Spellcasting (2),Jumpstart,Other,JMP,2020-07-17,0.0,"Double Vision, Heartfire Immolator, Young Pyromancer, Thermo-Alchemist, Shock"
Spellcasting (3),Jumpstart,Other,JMP,2020-07-17,4.78,"Dualcaster Mage, Dragon Fodder, Heartfire Immolator, Thermo-Alchemist, Shock"
Spellcasting (4),Jumpstart,Other,JMP,2020-07-17,6.76,"Immolating Gyre, Crash Through, Heartfire Immolator, Thermo-Alchemist, Shock"
Spellpower,Arena Starter Deck,Other,M21,2021-07-03,8.04,"Brazen Borrower // Petty Theft, Shark Typhoon, Wavebreak Hippocamp, Double Vision, Experimental Overload"
Spellslinger Starter Kit - Red Deck,Spellslinger Starter Kit,Other,M20,2019-07-12,16.15,"Glint-Horn Buccaneer, Drakuseth, Maw of Flames, Mountain, Leyline of Combustion, Immortal Phoenix"
Spellslinger Starter Kit - White Deck,Spellslinger Starter Kit,Other,M20,2019-07-12,12.86,"Angelic Guardian, Sephara, Sky's Blade, Bond of Discipline, Inspiring Unicorn, Plains"
Spellweaver,Theme Deck,Other,P02,1998-06-24,12.86,"Talas Warrior, Island, Talas Researcher, Island, Exhaustion"
Spicy,Jumpstart,Other,J22,2022-12-02,11.74,"Auntie Blyte, Bad Influence, Loxodon Warhammer, Spear Spewer, Coalhauler Swine, Goblin Artillery"
Spider-Verse,Jumpstart,Other,MSH,2026-06-26,18.49,"Astonishing Spider-Man, Spider-Man, New Champion, Iceman and Firestar, Daily Bugle Newspaper, Fogwell's Gym"
Spiraling Doom,Event Deck,Other,DKA,2012-02-24,133.31,"Birthing Pod, Hex Parasite, Myr Battlesphere, Diabolic Tutor, Bloodgift Demon"
Spirit,Jumpstart,Other,TLE,2025-11-20,2.79,"Dramatic Reversal, Dutiful Knowledge Seeker, Baboon Spirit, Island, The Spirit Oasis"
Spirit Flames,Theme Deck,Other,SOK,2005-06-03,29.21,"Elder Pine of Jukai, Arashi, the Sky Asunder, Jiwari, the Earth Aflame, Forest, Mountain"
Spirit Gale,Theme Deck,Other,BRB,1999-11-12,36.36,"Wrath of God, Windfall, Swords to Plowshares, Soul Warden, Island"
Spiritbane,Theme Deck,Other,CHK,2004-10-01,97.28,"Kusari-Gama, Brothers Yamazaki, Kumano, Master Yamabushi, Brothers Yamazaki, No-Dachi"
Spiritcraft,Theme Deck,Other,BOK,2005-02-04,27.5,"Oyobi, Who Split the Heavens, Kodama of the Center Tree, Traproot Kami, Forest, Wear Away"
Spirits,Deck Builder's Toolkit,Other,M13,2012-07-13,1.95,"Drogskol Captain, Midnight Haunting, Feeling of Dread, Battleground Geist, Spectral Prison"
Spirits (1),Jumpstart,Other,JMP,2020-07-17,1.23,"Essence Flux, Capture Sphere, Roaming Ghostlight, Island, Island"
Spirits (2),Jumpstart,Other,JMP,2020-07-17,0.0,"Rewind, Capture Sphere, Roaming Ghostlight, Rattlechains, Island"
Spirits 1,Jumpstart,Other,J22,2022-12-02,4.78,"Eidolon of Rhetoric, Selfless Spirit, Chains of Custody, Thriving Heath, Angel of Flight Alabaster"
Spirits 2,Jumpstart,Other,J22,2022-12-02,3.51,"Eidolon of Rhetoric, Chains of Custody, Hour of Reckoning, Thriving Heath, Doomed Traveler"
SpongeBob SquarePants: Internet Sensation,Secret Lair Drop,Other,SLD,2025-03-25,64.42,"Counterspell, Force of Despair, Inevitable Betrayal, Daze, Night's Whisper"
SpongeBob SquarePants: Internet Sensation Foil Edition,Secret Lair Drop,Other,SLD,2025-03-25,64.42,"Counterspell, Force of Despair, Inevitable Betrayal, Daze, Night's Whisper"
SpongeBob SquarePants: Lands Under the Sea,Secret Lair Drop,Other,SLD,2025-03-25,22.35,"Island, Mountain, Forest, Plains, Swamp"
SpongeBob SquarePants: Lands Under the Sea Foil Edition,Secret Lair Drop,Other,SLD,2025-03-25,22.35,"Island, Mountain, Forest, Plains, Swamp"
SpongeBob SquarePants: Legends of Bikini Bottom,Secret Lair Drop,Other,SLD,2025-03-25,65.2,"Toxrill, the Corrosive, Jodah, the Unifier, Toski, Bearer of Secrets, Skrelv, Defector Mite, Grazilaxx, Illithid Scholar"
SpongeBob SquarePants: Legends of Bikini Bottom Foil Edition,Secret Lair Drop,Other,SLD,2025-03-25,65.2,"Toxrill, the Corrosive, Jodah, the Unifier, Toski, Bearer of Secrets, Skrelv, Defector Mite, Grazilaxx, Illithid Scholar"
Spooky (1),Jumpstart,Other,JMP,2020-07-17,0.0,"Swamp, Village Rites, Liliana's Standard Bearer, Caged Zombie, Malefic Scythe"
Spooky (2),Jumpstart,Other,JMP,2020-07-17,2.38,"Harvester of Souls, Swamp, Caged Zombie, Malefic Scythe, Crypt Lurker"
Spooky (3),Jumpstart,Other,JMP,2020-07-17,0.0,"Swamp, Languish, Caged Zombie, Malefic Scythe, Crypt Lurker"
Spooky (4),Jumpstart,Other,JMP,2020-07-17,5.28,"Black Market, Swamp, Caged Zombie, Malefic Scythe, Crypt Lurker"
Squadron,Jumpstart,Other,MSH,2026-06-26,17.6,"Hyperion, Supreme Hero, Zarda, the Power Princess, Blur of Heroism, Nighthawk, Dark Defender, Doctor Spectrum"
Ssssssnakessssss,Secret Lair Drop,Other,SLD,2023-04-14,121.88,"Lotus Cobra, Stonecoil Serpent, Hexdrinker, Ice-Fang Coatl, Seshiro the Anointed"
Ssssssnakessssss Foil Edition,Secret Lair Drop,Other,SLD,2023-04-14,121.88,"Lotus Cobra, Stonecoil Serpent, Hexdrinker, Ice-Fang Coatl, Seshiro the Anointed"
Stalwart (1),Jumpstart,Other,J25,2024-11-07,6.4,"Generous Pup, Ajani, Adversary of Tyrants, Urdnan, Dromoka Warrior, Take Up the Shield, Angelic Cub"
Stalwart (2),Jumpstart,Other,J25,2024-11-07,0.0,"Urdnan, Dromoka Warrior, Cave of Temptation, Basri's Solidarity, Basri's Lieutenant, Patron of the Valiant"
Stalwart (3),Jumpstart,Other,J25,2024-11-07,5.38,"Generous Pup, Urdnan, Dromoka Warrior, Take Up the Shield, Steadfast Unicorn, Plains"
Stalwart (4),Jumpstart,Other,J25,2024-11-07,0.0,"Mikaeus, the Lunarch, Urdnan, Dromoka Warrior, Light of the Legion, Plains, Banishing Light"
Stampede,Theme Deck,Other,5DN,2004-06-04,152.9,"Eternal Witness, Talisman of Impulse, Rite of Passage, Pyrite Spellbomb, Goblin Cannon"
Stampede of Beasts,Intro Pack,Other,M11,2010-07-16,57.28,"Protean Hydra, Whispersilk Cloak, Back to Nature, Cultivate, Overwhelming Stampede"
Stampeding Hordes,Intro Pack,Other,FRF,2015-01-23,9.78,"Deflecting Palm, Goblin Roughrider, Wind-Scarred Crag, Flamerush Rider, Plains"
Starry-Eyed,Arena Starter Deck,Other,M21,2021-07-03,18.4,"Kiora Bests the Sea God, Luminous Broodmoth, Elspeth Conquers Death, All That Glitters, Archon of Sun's Grace"
Starter 2000 sampler pack,Welcome Booster,Other,S00,2000-04-24,0.0,"Spined Wurm, Mountain, Swamp, Island, Forest"
Starter Collection,Box Set,Other,FDN,2024-11-15,39.56,"Swiftfoot Boots, Boros Charm, Aurelia, the Warleader, Basilisk Collar, Bolt Bend"
Stealthy Subterfuge,Arena Starter Deck,Other,SNC,2022-09-09,18.29,"Shipwreck Marsh, Nashi, Moon Sage's Scion, Thousand-Faced Shadow, Kaito Shizuki, Dismal Backwater"
Stoked (1),Jumpstart,Other,J25,2024-11-07,0.0,"Frontline Heroism, Titan's Strength, Kiln Fiend, Thriving Bluff, Cleon, Merry Champion"
Stoked (2),Jumpstart,Other,J25,2024-11-07,0.0,"Unleash Fury, Dreadhorde Arcanist, Titan's Strength, Kiln Fiend, Thriving Bluff"
Stoked (3),Jumpstart,Other,J25,2024-11-07,0.0,"Unleash Fury, Frontline Heroism, Mirrorwing Dragon, Titan's Strength, Thriving Bluff"
Stoked (4),Jumpstart,Other,J25,2024-11-07,0.0,"Crimson Wisps, Infuriate, Thriving Bluff, Cleon, Merry Champion, Akroan Crusader"
"Stomp, Stomp",Arena Starter Deck,Other,M21,2021-07-03,41.02,"Terror of the Peaks, Ram Through, Return of the Wildspeaker, Unleash Fury, Bonecrusher Giant // Stomp"
Storm Surge,Theme Deck,Other,SCG,2003-05-26,477.38,"Chain of Vapor, Mind's Desire, Lonely Sandbar, Secluded Steppe, Whipcorder"
Storm of Blades,Arena Starter Deck,Other,SNC,2022-09-09,16.13,"Sundown Pass, The Wandering Emperor, Lion Sash, Goro-Goro, Disciple of Ryusei, Thundering Raiju"
Stranger Things,Secret Lair Drop,Other,SLD,2022-01-28,105.09,"Arvinox, the Mind Flail, Cecily, Haunted Mage, Othelm, Sigardian Outcast, Wernog, Rider's Chaplain, Elmar, Ulvenwald Informant"
Stranger Things Foil Edition,Secret Lair Drop,Other,SLD,2022-01-28,105.09,"Arvinox, the Mind Flail, Cecily, Haunted Mage, Othelm, Sigardian Outcast, Wernog, Rider's Chaplain, Elmar, Ulvenwald Informant"
Street Fighter,Secret Lair Drop,Other,SLD,2022-07-22,67.47,"Zethi, Arcane Blademaster, Maarika, Brutal Gladiator, Tadeas, Juniper Ascendant, Vikya, Scorching Stalwart, The Howling Abomination"
Street Fighter Foil Edition,Secret Lair Drop,Other,SLD,2022-07-22,67.47,"Zethi, Arcane Blademaster, Maarika, Brutal Gladiator, Tadeas, Juniper Ascendant, Vikya, Scorching Stalwart, The Howling Abomination"
Street Level Villains,Jumpstart,Other,MSH,2026-06-26,11.17,"Kingpin, Wilson Fisk, Hammerhead, Maggia Boss, Criminal Enterprise, Tombstone, Career Criminal, Deadly Dispute"
Streets of New Capenna Bundle Land Pack,Bundle Land Pack,Other,SNC,2022-04-29,0.0,"Plains, Plains, Mountain, Mountain, Forest"
Streets of New Capenna Foil Redemption,MTGO Redemption,Other,SNC,2022-05-29,197.16,"Jetmir's Garden, Raffine's Tower, Spara's Headquarters, Xander's Lounge, Ziatora's Proving Ground"
Streets of New Capenna Redemption,MTGO Redemption,Other,SNC,2022-05-29,197.16,"Jetmir's Garden, Raffine's Tower, Spara's Headquarters, Xander's Lounge, Ziatora's Proving Ground"
Streets of New Capenna Welcome Booster,Welcome Booster,Other,SNC,2022-04-29,3.55,"Kogla, the Titan Ape, Sunblast Angel, Ob Nixilis Reignited, Commander's Sphere, Mr. Orfeo, the Boulder"
Strength Of Selesnya,Event Deck,Other,DGM,2013-05-24,103.5,"Parallel Lives, Godless Shrine, Champion of Lambholt, Increasing Devotion, Growing Ranks"
Strength in Numbers,Arena Starter Deck,Other,SNC,2022-09-09,17.52,"Halo Fountain, Adeline, Resplendent Cathar, Overgrown Farmland, Gala Greeters, Rumor Gatherer"
Strike Force,Planechase Deck,Other,HOP,2009-09-04,33.71,"Insurrection, Furnace of Rath, Relic of Progenitus, Goblin Offensive, Soul Warden"
Strixhaven Bundle Land Pack,Bundle Land Pack,Other,STX,2021-04-23,0.0,"Swamp, Swamp, Swamp, Swamp, Plains"
Strixhaven: School of Mages Foil Redemption,MTGO Redemption,Other,STX,2021-05-23,139.08,"Blex, Vexing Pest // Search for Blex, Sedgemoor Witch, Wandering Archaic // Explore the Vastlands, Crackle with Power, Beledros Witherbloom"
Strixhaven: School of Mages Redemption,MTGO Redemption,Other,STX,2021-05-23,139.08,"Blex, Vexing Pest // Search for Blex, Sedgemoor Witch, Wandering Archaic // Explore the Vastlands, Crackle with Power, Beledros Witherbloom"
Sultai Schemers,Intro Pack,Other,KTK,2014-09-26,17.38,"Murderous Cut, Opulent Palace, Treasure Cruise, Typhoid Rats, Wall of Mulch"
Summoner,Shandalar Enemy Deck,Other,PAST,1997-04-01,77.39,"Colossus of Sardia, Birds of Paradise, Force of Nature, Channel, Radjan Spirit"
Sun Empire,Theme Deck,Other,E02,2017-11-24,46.41,"Aggravated Assault, Regisaur Alpha, Quicksilver Amulet, Raging Swordtooth, Path to Exile"
Sunburst,Theme Deck,Other,5DN,2004-06-04,122.62,"Joiner Adept, Energy Chamber, Pentad Prism, Wayfarer's Bauble, Chromatic Sphere"
Superabundance,Theme Deck,Other,EVE,2008-07-25,126.42,"Fable of Wolf and Owl, Cerulean Wisps, Favor of the Overbeing, Slippery Bogle, Nettle Sentinel"
Surge of Resistance,Intro Pack,Other,OGW,2016-01-22,7.81,"Expedite, Reckless Bushwhacker, Rolling Thunder, Stormchaser Mage, Anticipate"
Surprise Attack,Intro Pack,Other,FRF,2015-01-23,3.15,"Reality Shift, Island, Wall of Frost, Secret Plans, Awaken the Bear"
Surprise! (1),Jumpstart,Other,J25,2024-11-07,0.0,"Spectral Sailor, Thryx, the Sudden Storm, Crystacean, Delightful Discovery, Stinging Lionfish"
Surprise! (2),Jumpstart,Other,J25,2024-11-07,0.0,"Pestermite, Spectral Sailor, Thryx, the Sudden Storm, Voracious Greatshark, Starlit Mantle"
Surprise! (3),Jumpstart,Other,J25,2024-11-07,0.0,"Venser, Shaper Savant, Pestermite, Spectral Sailor, Starlit Mantle, Supreme Will"
Surprise! (4),Jumpstart,Other,J25,2024-11-07,0.0,"Wavebreak Hippocamp, Venser, Shaper Savant, Fading Hope, Spectral Sailor, Stinging Lionfish"
Suspended Sentence,Theme Deck,Other,FUT,2007-05-04,86.65,"Clockspinning, Paradox Haze, Reality Strobe, Zoetic Cavern, Reality Acid"
Svend Geertsen - Green Stompy,World Championship Deck,Other,WC97,1997-08-13,34.65,"Winter Orb, Rogue Elephant, Quirion Ranger, Fyndhorn Elves, Forest"
Swarm & Slam,Theme Deck,Other,DST,2004-02-06,84.6,"Myr Matrix, Spawning Pit, Gold Myr, Echoing Courage, Tangle Spider"
Swarming Instinct,Intro Pack,Other,BFZ,2015-10-02,23.51,"Bane of Bala Ged, Kozilek's Channeler, Brood Monitor, Scour from Existence, Titan's Presence"
Sweet Revenge,Event Deck,Other,M13,2012-08-03,47.1,"Darkslick Shores, Faithless Looting, Sulfur Falls, Red Sun's Zenith, Think Twice"
Swift Justice,Intro Pack,Other,DKA,2012-02-03,9.57,"Stromkirk Noble, Fiend Hunter, Mountain, Plains, Niblis of the Urn"
Swoop,Theme Deck,Other,APC,2001-06-04,267.73,"Chromatic Sphere, Mystic Snake, Wash Out, Fertile Ground, Urborg Elf"
Swordmaster,Jumpstart,Other,TLE,2025-11-20,9.95,"Duelist's Heritage, Sokka, Swordmaster, Plains, Thriving Heath, Meteor Sword"
Sylvan Wisdom,Arena Starter Deck,Other,LTR,2023-06-20,40.72,"Nissa, Resurgent Animist, Tribute to the World Tree, Ezuri, Stalker of Spheres, Yavimaya Coast, Elrond, Master of Healing"
Tactical Assault,Arena Starter Deck,Other,M19,2018-09-27,9.59,"Leonin Warleader, Zetalpa, Primal Dawn, Serra Angel, Herald of Faith, Plains"
Take to the Sky,Intro Pack,Other,ORI,2015-07-17,10.29,"Faerie Miscreant, Murder Investigation, Celestial Flare, Turn to Frog, Plains"
Tales of the Time Stoppers,Secret Lair Drop,Other,SLD,2023-12-05,34.09,"Nexus of Fate, Time Reversal, Beacon of Tomorrows, Time Stop"
Tales of the Time Stoppers Foil Edition,Secret Lair Drop,Other,SLD,2023-12-05,33.86,"Nexus of Fate, Time Reversal, Beacon of Tomorrows, Time Stop"
Tarkir: Dragonstorm Bundle Land Pack,Bundle Land Pack,Other,TDM,2025-04-11,12.24,"Mountain, Mountain, Forest, Forest, Swamp"
Tarkir: Dragonstorm Redemption,MTGO Redemption,Other,TDM,2025-05-07,369.76,"Ugin, Eye of the Storms, Elspeth, Storm Slayer, Mountain, Craterhoof Behemoth, Voice of Victory"
Tea Time at the Jasmine Dragon,Box Set,Other,TLA,2025-11-14,34.52,"Toph, Greatest Earthbender, Aang and Katara, Mai and Zuko, Sokka and Suki, Momo's Heist"
Teamwork 1,Jumpstart,Other,J22,2022-12-02,1.7,"Agrus Kos, Eternal Soldier, Angelic Cub, Taranika, Akroan Veteran, Valorous Stance, Thriving Heath"
Teamwork 2,Jumpstart,Other,J22,2022-12-02,1.7,"Agrus Kos, Eternal Soldier, Angelic Cub, Valorous Stance, Thriving Heath, Task Force"
Teenage Mutant Ninja Turtles Bundle Land Pack,Bundle Land Pack,Other,TMT,2026-03-06,2.22,"Forest, Forest, Swamp, Swamp, Mountain"
Teenage Mutant Ninja Turtles Pizza Bundle Land Pack,Bundle Land Pack,Other,TMT,2026-03-06,2.22,"Forest, Forest, Swamp, Swamp, Mountain"
Teenage Mutant Ninja Turtles: The Last Ronin,Secret Lair Drop,Other,SLD,2026-03-03,56.62,"Mental Misstep, Ink-Eyes, Servant of Oni, Chord of Calling, Anger, Settle the Wreckage"
Teenage Mutant Ninja Turtles: The Last Ronin Foil Edition,Secret Lair Drop,Other,SLD,2026-03-03,56.62,"Mental Misstep, Ink-Eyes, Servant of Oni, Chord of Calling, Anger, Settle the Wreckage"
Teenage Mutant Ninja Turtles: The Mighty Mutanimals,Secret Lair Drop,Other,SLD,2026-03-03,58.54,"Hardened Scales, Triumph of the Hordes, Kediss, Emberclaw Familiar, Pirated Copy, Deepglow Skate"
Teenage Mutant Ninja Turtles: The Mighty Mutanimals Foil Edition,Secret Lair Drop,Other,SLD,2026-03-03,58.54,"Hardened Scales, Triumph of the Hordes, Kediss, Emberclaw Familiar, Pirated Copy, Deepglow Skate"
Teenage Mutant Ninja Turtles: VHS Villains,Secret Lair Drop,Other,SLD,2026-03-03,42.92,"Higure, the Still Wind, Species Specialist, Delver of Secrets // Insectile Aberration, Rampaging Baloths, Triskelion"
Teenage Mutant Ninja Turtles: VHS Villains Foil Edition,Secret Lair Drop,Other,SLD,2026-03-03,42.92,"Higure, the Still Wind, Species Specialist, Delver of Secrets // Insectile Aberration, Rampaging Baloths, Triskelion"
Teeth of the Predator,Duel Of The Planeswalkers Deck,Other,DPA,2010-06-04,18.64,"Vigor, Loxodon Warhammer, Howl of the Night Pack, Blanchwood Armor, Verdant Force"
Teferi,Jumpstart,Other,JMP,2020-07-17,16.68,"Teferi, Master of Time, Teferi's Ageless Insight, Island, Opt, Teferi's Tutelage"
Teferi's Time Trouble,Secret Lair Drop,Other,SLD,2021-12-13,26.39,"Karn, the Great Creator, Teferi, Time Raveler, Dack Fayden"
"Teferi, Timebender",Planeswalker Deck,Other,DOM,2018-04-27,5.06,"Jhoira's Familiar, Teferi, Timebender, Serra Angel, Island, Plains"
"Teferi, Timeless Voyager",Planeswalker Deck,Other,M21,2020-07-03,7.69,"Teferi's Ageless Insight, Teferi, Timeless Voyager, Island, Stormwing Entity, Opt"
Temur Avalanche,Intro Pack,Other,KTK,2014-09-26,38.41,"Stubborn Denial, Elvish Mystic, Savage Punch, Frontier Bivouac, Roar of Challenge"
Tenacious,Jumpstart,Other,MSH,2026-06-26,13.7,"Return of the Mole Man, Voracious Brood, White Tiger, Amulet Keeper, Call Damage Control, Punishing Punch"
Tenth Edition Fat Pack Land Pack,Bundle Land Pack,Other,10E,2007-07-13,3.42,"Forest, Mountain, Forest, Plains, Swamp"
Tenth Edition Foil Redemption,MTGO Redemption,Other,10E,2007-08-12,2785.14,"Sleeper Agent, Crucible of Worlds, Root Maze, Grave Pact, Seedborn Muse"
Tenth Edition Redemption,MTGO Redemption,Other,10E,2007-08-12,2785.14,"Sleeper Agent, Crucible of Worlds, Root Maze, Grave Pact, Seedborn Muse"
Tezzeret,Duel Deck,Other,DDF,2010-09-03,38.03,"Tezzeret the Seeker, Energy Chamber, Thoughtcast, Foil, Seat of the Synod"
"Tezzeret, Master of Metal",Planeswalker Deck,Other,AER,2017-01-20,2.69,"Tezzeret, Master of Metal, Ornithopter, Island, Reverse Engineer, Swamp"
Thalia: Beyond the Helvault,Secret Lair Drop,Other,SLD,2020-03-12,15.75,"Thalia, Guardian of Thraben, Thalia, Guardian of Thraben, Thalia, Guardian of Thraben, Thalia, Guardian of Thraben"
Thallids,Theme Deck,Other,PSAL,2005-08-01,0.0,"Forest, Forest, Forest, Forest, Forest"
The '90s Binder Experience,Secret Lair Drop,Other,SLD,2023-04-14,158.32,"Exotic Orchard, Rin and Seri, Inseparable, Goreclaw, Terror of Qal Sisma, Alms Collector, Crested Sunmare"
The '90s Binder Experience Foil Edition,Secret Lair Drop,Other,SLD,2023-04-14,158.32,"Exotic Orchard, Rin and Seri, Inseparable, Goreclaw, Terror of Qal Sisma, Alms Collector, Crested Sunmare"
The Adventurers,Intro Pack,Other,ZEN,2009-10-02,22.95,"Lightning Bolt, Turntimber Ranger, Kazuul Warlord, Greenweaver Druid, Oran-Rief Survivalist"
The Art of Frank Frazetta,Secret Lair Drop,Other,SLD,2022-12-19,281.15,"Dark Ritual, Seize the Day, Midnight Reaper, Temporal Manipulation, Field Marshal"
The Art of Frank Frazetta Foil Edition,Secret Lair Drop,Other,SLD,2022-12-19,281.15,"Dark Ritual, Seize the Day, Midnight Reaper, Temporal Manipulation, Field Marshal"
The Art of Frank Frazetta: The Second Exhibition,Secret Lair Drop,Other,SLD,2025-06-10,79.94,"Aggravated Assault, Desperate Ritual, Zulaport Cutthroat, Deadly Dispute, Murderous Rider // Swift End"
The Art of Frank Frazetta: The Second Exhibition Foil Edition,Secret Lair Drop,Other,SLD,2025-06-10,79.94,"Aggravated Assault, Desperate Ritual, Zulaport Cutthroat, Deadly Dispute, Murderous Rider // Swift End"
The Astrology Lands: Aquarius,Secret Lair Drop,Other,SLD,2022-05-15,4.98,Island
The Astrology Lands: Aquarius Foil Edition,Secret Lair Drop,Other,SLD,2022-05-15,4.98,Island
The Astrology Lands: Aries,Secret Lair Drop,Other,SLD,2022-07-29,6.87,Mountain
The Astrology Lands: Aries Foil Edition,Secret Lair Drop,Other,SLD,2022-07-29,6.87,Mountain
The Astrology Lands: Cancer,Secret Lair Drop,Other,SLD,2022-10-21,7.25,Plains
The Astrology Lands: Cancer Foil Edition,Secret Lair Drop,Other,SLD,2022-10-21,7.25,Plains
The Astrology Lands: Capricorn,Secret Lair Drop,Other,SLD,2022-04-29,6.27,Swamp
The Astrology Lands: Capricorn Foil Edition,Secret Lair Drop,Other,SLD,2022-04-29,6.27,Swamp
The Astrology Lands: Gemini,Secret Lair Drop,Other,SLD,2022-09-23,7.69,Mountain
The Astrology Lands: Gemini Foil Edition,Secret Lair Drop,Other,SLD,2022-09-23,7.69,Mountain
The Astrology Lands: Leo,Secret Lair Drop,Other,SLD,2022-10-04,6.9,Plains
The Astrology Lands: Leo Foil Edition,Secret Lair Drop,Other,SLD,2022-10-04,6.9,Plains
The Astrology Lands: Libra,Secret Lair Drop,Other,SLD,2022-10-25,5.7,Plains
The Astrology Lands: Libra Foil Edition,Secret Lair Drop,Other,SLD,2022-10-25,5.7,Plains
The Astrology Lands: Pisces,Secret Lair Drop,Other,SLD,2022-07-29,5.64,Island
The Astrology Lands: Pisces Foil Edition,Secret Lair Drop,Other,SLD,2022-07-29,5.64,Island
The Astrology Lands: Sagittarius,Secret Lair Drop,Other,SLD,2022-12-27,23.87,Forest
The Astrology Lands: Sagittarius Foil Edition,Secret Lair Drop,Other,SLD,2022-12-27,23.87,Forest
The Astrology Lands: Scorpio,Secret Lair Drop,Other,SLD,2022-12-27,18.97,Swamp
The Astrology Lands: Scorpio Foil Edition,Secret Lair Drop,Other,SLD,2022-12-27,18.97,Swamp
The Astrology Lands: Taurus,Secret Lair Drop,Other,SLD,2022-09-02,5.93,Forest
The Astrology Lands: Taurus Foil Edition,Secret Lair Drop,Other,SLD,2022-09-02,5.93,Forest
The Astrology Lands: Virgo,Secret Lair Drop,Other,SLD,2022-10-25,5.36,Island
The Astrology Lands: Virgo Foil Edition,Secret Lair Drop,Other,SLD,2022-10-25,5.36,Island
The Beauty of the Beasts,Secret Lair Drop,Other,SLD,2024-02-23,119.11,"Scourge of Valkas, Felidar Guardian, Voracious Hydra, Serpent of Yawning Depths, Peregrine Drake"
The Beauty of the Beasts Foil Edition,Secret Lair Drop,Other,SLD,2024-02-23,171.84,"Scourge of Valkas, Felidar Guardian, Peregrine Drake, Voracious Hydra, Serpent of Yawning Depths"
The Black Sun Invasion,Box Set,Other,TLA,2025-11-14,34.76,"Sokka's Charge, Fire Nation Turret, Earthshape, Appa, the Vigilant, Katara's Reversal"
The Brazen Coalition,Arena Starter Deck,Other,DOM,2018-03-22,15.21,"Forerunner of the Coalition, Dire Fleet Ravager, Fanatical Firebrand, Captivating Crew, Fell Flagship"
The Brothers' War Bundle Land Pack,Bundle Land Pack,Other,BRO,2022-11-18,0.0,"Island, Island, Swamp, Swamp, Mountain"
The Brothers' War Foil Redemption,MTGO Redemption,Other,BRO,2023-01-04,239.64,"Portal to Phyrexia, Awaken the Woods, Myrel, Shield of Argive, Diabolic Intent, Cityscape Leveler"
The Brothers' War Redemption,MTGO Redemption,Other,BRO,2023-01-04,239.64,"Portal to Phyrexia, Awaken the Woods, Myrel, Shield of Argive, Diabolic Intent, Cityscape Leveler"
The Coalition,Duel Deck,Other,DDE,2010-03-19,3.37,"Island, Armadillo Cloak, Treva, the Renewer, Harrow, Darigaaz, the Igniter"
The Deluge,Theme Deck,Other,BRB,1999-11-12,46.55,"Land Tax, Catastrophe, Dirtcowl Wurm, Plains, Plains"
The Dracula Lands,Secret Lair Drop,Other,SLD,2022-05-06,64.04,"Swamp, Plains, Mountain, Forest, Island"
The Dracula Lands Foil Edition,Secret Lair Drop,Other,SLD,2022-05-06,64.04,"Swamp, Plains, Mountain, Forest, Island"
The Evil Dead,Secret Lair Drop,Other,SLD,2023-12-18,181.97,"Field of the Dead, Puresteel Paladin, Varina, Lich Queen, Vanquish the Horde, Zombie Apocalypse"
The Evil Dead Foil Edition,Secret Lair Drop,Other,SLD,2023-12-18,181.97,"Field of the Dead, Puresteel Paladin, Varina, Lich Queen, Vanquish the Horde, Zombie Apocalypse"
The Eyes Have It,Secret Lair Drop,Other,SLD,2026-05-12,46.2,"Gitaxian Probe, Opt, Counterbalance, Otherworldly Gaze, Baleful Strix"
The Eyes Have It Foil Edition,Secret Lair Drop,Other,SLD,2026-05-12,46.2,"Gitaxian Probe, Opt, Counterbalance, Otherworldly Gaze, Baleful Strix"
The Fairest Drop of All Foil Edition,Secret Lair Drop,Other,SLD,2024-12-10,41.1,"Tuvasa the Sunlit // Tuvasa the Sunlit, Steely Resolve // Steely Resolve, Estrid's Invocation // Estrid's Invocation, Estrid, the Masked // Estrid, the Masked"
The Flames of Rath,Theme Deck,Other,TMP,1997-10-14,18.65,"Furnace of Rath, Goblin Bombardment, Searing Touch, Soltari Guerrillas, Mogg Fanatic"
The Full-Text Lands,Secret Lair Drop,Other,SLD,2021-08-25,49.62,"Island, Mountain, Swamp, Forest, Plains"
The Full-Text Lands Foil Edition,Secret Lair Drop,Other,SLD,2021-08-25,49.62,"Island, Mountain, Swamp, Forest, Plains"
The Godzilla Lands,Secret Lair Drop,Other,SLD,2020-05-07,0.0,"Plains, Island, Swamp, Mountain, Forest"
The Hobbit Bundle Land Pack,Bundle Land Pack,Other,HOB,2026-01-23,30.0,"Plains, Plains, Island, Island, Swamp"
The Last of Us Part I,Secret Lair Drop,Other,SLD,2025-11-06,29.88,"Cabal Ritual, Ellie, Brick Master, Haunted One, Joel, Resolute Survivor"
The Last of Us Part I Foil Edition,Secret Lair Drop,Other,SLD,2025-11-06,29.88,"Cabal Ritual, Ellie, Brick Master, Haunted One, Joel, Resolute Survivor"
The Last of Us Part II,Secret Lair Drop,Other,SLD,2025-11-06,22.17,"Dictate of Erebos, Ellie, Vengeful Hunter, Mycoloth, Abby, Merciless Soldier"
The Last of Us Part II Foil Edition,Secret Lair Drop,Other,SLD,2025-11-06,22.17,"Dictate of Erebos, Ellie, Vengeful Hunter, Mycoloth, Abby, Merciless Soldier"
The Legion of Dusk,Arena Starter Deck,Other,DOM,2018-03-22,59.3,"Vanquisher's Banner, Forerunner of the Legion, Legion Lieutenant, Vona, Butcher of Magan, Sanctum Seeker"
The Lord of the Rings: Tales of Middle-earth Bundle Land Pack,Bundle Land Pack,Other,LTR,2023-06-23,0.0,"Swamp, Swamp, Island, Island, Plains"
The Lost Caverns of Ixalan Bundle Land Pack,Bundle Land Pack,Other,LCI,2023-11-17,0.0,"Plains, Plains, Island, Island, Island"
The Lost Caverns of Ixalan Foil Redemption,MTGO Redemption,Other,LCI,2023-12-06,436.27,"Cavern of Souls, Roaming Throne, Bloodletter of Aclazotz, Ojer Taq, Deepest Foundation // Temple of Civilization, Ojer Axonil, Deepest Might // Temple of Power"
The Lost Caverns of Ixalan Redemption,MTGO Redemption,Other,LCI,2023-12-06,436.27,"Cavern of Souls, Roaming Throne, Bloodletter of Aclazotz, Ojer Taq, Deepest Foundation // Temple of Civilization, Ojer Axonil, Deepest Might // Temple of Power"
"The Meaning of Life, Maybe",Secret Lair Drop,Other,SLD,2022-12-19,214.32,"Mental Misstep, Forced Fruition, Mind's Dilation, Well of Lost Dreams, Future Sight"
"The Meaning of Life, Maybe Foil Edition",Secret Lair Drop,Other,SLD,2022-12-19,214.32,"Mental Misstep, Forced Fruition, Mind's Dilation, Well of Lost Dreams, Future Sight"
The Might of Galadriel,Box Set,Other,LTC,2023-11-03,67.23,"Galadriel's Dismissal, Galadriel, Light of Valinor, Galadhrim Brigade, Mists of Lórien, Rally the Galadhrim"
The Nightstalkers,Theme Deck,Other,P02,1998-06-24,11.84,"Ancient Craving, Swamp, Swamp, Swamp, Predatory Nightstalker"
The Office: Dwight's Destiny,Secret Lair Drop,Other,SLD,2025-10-27,93.12,"Heliod, Sun-Crowned, Swords to Plowshares, Reaper King, Steelshaper's Gift, Baral, Chief of Compliance"
The Office: Dwight's Destiny Foil Edition,Secret Lair Drop,Other,SLD,2025-10-27,93.12,"Heliod, Sun-Crowned, Swords to Plowshares, Reaper King, Steelshaper's Gift, Baral, Chief of Compliance"
The Path Not Traveled,Secret Lair Drop,Other,SLD,2020-06-03,14.35,"Ajani Steadfast, Vraska, Golgari Queen, Tamiyo, Field Researcher, Domri Rade"
The Plague,Theme Deck,Other,USG,1998-10-12,6.2,"Worship, Pariah, Swamp, Swamp, Plains"
The Plague - Enhanced Deck,Enhanced Deck,Other,USG,1998-10-12,66.71,"Reflecting Pool, Wall of Nets, Dark Ritual, Worship, Pariah"
The Princess Bride,Secret Lair Drop,Other,SLD,2023-11-30,277.68,"Sisay, Weatherlight Captain, Fynn, the Fangbearer, Samut, Voice of Dissent, Silence, Brion Stoutarm"
The Princess Bride Foil Edition,Secret Lair Drop,Other,SLD,2023-11-30,277.68,"Sisay, Weatherlight Captain, Fynn, the Fangbearer, Samut, Voice of Dissent, Silence, Brion Stoutarm"
The River Heralds,Arena Starter Deck,Other,DOM,2018-03-22,53.06,"Herald of Secret Streams, Tishana, Voice of Thunder, Hadana's Climb // Winged Temple of Orazca, Mist-Cloaked Herald, Forerunner of the Heralds"
The Siege of Alexandria,Box Set,Other,FIN,2025-06-13,101.02,"Vivi's Persistence, Brilliant Wings, Judgment of Alexander, Search for Dagger, Amarant Coral"
The Slivers,Theme Deck,Other,TMP,1997-10-14,4.53,"Counterspell, Ertai's Meddling, Extinction, Winged Sliver, Fevered Convulsions"
The Slivers - Advanced Deck,Advanced Deck,Other,TMP,1997-10-14,15.17,"Underground River, Impulse, Counterspell, Nevinyrral's Disk, Winged Sliver"
The Space Beyond the Stars,Secret Lair Drop,Other,SLD,2022-12-05,51.55,"Stasis, Prismatic Omen, Imprisoned in the Moon, Wheel of Sun and Moon"
The Space Beyond the Stars Foil Edition,Secret Lair Drop,Other,SLD,2022-12-05,51.55,"Stasis, Prismatic Omen, Imprisoned in the Moon, Wheel of Sun and Moon"
The Sparkler,Theme Deck,Other,STH,1998-03-02,24.99,"Propaganda, Intruder Alarm, Searing Touch, Reins of Power, Counterspell"
The Sparkler - Advanced Deck,Advanced Deck,Other,STH,1998-03-02,23.81,"Propaganda, Jokulhaups, Searing Touch, Impulse, Counterspell"
The Spikes,Theme Deck,Other,STH,1998-03-02,20.26,"Hermit Druid, Heartstone, Spike Feeder, Forest, Forest"
The Spikes - Advanced Deck,Advanced Deck,Other,STH,1998-03-02,152.88,"Reflecting Pool, Undiscovered Paradise, City of Brass, Armageddon, Gemstone Mine"
The Stars Gaze Back,Secret Lair Drop,Other,SLD,2023-08-29,89.75,"Omnath, Locus of Rage, Flamekin Harbinger, Risen Reef, Voice of Resurgence"
The Stars Gaze Back Foil Edition,Secret Lair Drop,Other,SLD,2023-08-29,89.75,"Omnath, Locus of Rage, Flamekin Harbinger, Risen Reef, Voice of Resurgence"
The Strange Sands: Forest,Secret Lair Drop,Other,SLD,2025-01-15,4.1,Forest
The Strange Sands: Forest Foil Edition,Secret Lair Drop,Other,SLD,2025-01-15,4.1,Forest
The Strange Sands: Island,Secret Lair Drop,Other,SLD,2025-01-15,12.43,Island
The Strange Sands: Island Foil Edition,Secret Lair Drop,Other,SLD,2025-01-15,12.43,Island
The Strange Sands: Mountain,Secret Lair Drop,Other,SLD,2025-01-15,4.87,Mountain
The Strange Sands: Mountain Foil Edition,Secret Lair Drop,Other,SLD,2025-01-15,4.87,Mountain
The Strange Sands: Plains,Secret Lair Drop,Other,SLD,2025-01-15,2.9,Plains
The Strange Sands: Plains Foil Edition,Secret Lair Drop,Other,SLD,2025-01-15,2.9,Plains
The Strange Sands: Swamp,Secret Lair Drop,Other,SLD,2025-01-15,4.54,Swamp
The Strange Sands: Swamp Foil Edition,Secret Lair Drop,Other,SLD,2025-01-15,4.54,Swamp
The Sun Empire,Arena Starter Deck,Other,DOM,2018-03-22,37.03,"Forerunner of the Empire, Samut, Voice of Dissent, Verdant Sun's Avatar, Ranging Raptors, Needletooth Raptor"
The Swarm,Theme Deck,Other,TMP,1997-10-14,111.72,"Aluren, Recycle, Muscle Sliver, Forest, Forest"
The Swarm - Advanced Deck,Advanced Deck,Other,TMP,1997-10-14,143.27,"Aluren, Birds of Paradise, Armageddon, Brushland, Uktabi Orangutan"
The Tokyo Lands,Secret Lair Drop,Other,SLD,2022-09-13,89.29,"Plains, Swamp, Forest, Island, Mountain"
The Tokyo Lands Foil Etched Edition,Secret Lair Drop,Other,SLD,2022-09-13,89.29,"Plains, Swamp, Forest, Island, Mountain"
The Unfathomable Crushing Brutality of Basic Lands,Secret Lair Drop,Other,SLD,2021-04-13,72.14,"Swamp, Mountain, Island, Forest, Plains"
The Unfathomable Crushing Brutality of Basic Lands Foil Edition,Secret Lair Drop,Other,SLD,2021-04-13,72.14,"Swamp, Mountain, Island, Forest, Plains"
The Walking Dead,Secret Lair Drop,Other,SLD,2020-10-13,90.41,"Greymond, Avacyn's Stalwart, Hansk, Slayer Zealot, Malik, Grim Manipulator, Gregor, Shrewd Magistrate, Enkira, Hostile Scavenger"
The Weirdest Pets in the Multiverse,Secret Lair Drop,Other,SLD,2022-12-05,74.85,"Beast Whisperer, Stitcher's Supplier, Laboratory Maniac, Wood Elves, Vizier of the Menagerie"
The Weirdest Pets in the Multiverse Foil Edition,Secret Lair Drop,Other,SLD,2022-12-05,74.85,"Beast Whisperer, Stitcher's Supplier, Laboratory Maniac, Wood Elves, Vizier of the Menagerie"
The Wilds and the Deep,Intro Pack,Other,JOU,2014-05-02,32.04,"Archetype of Imagination, Kiora's Follower, Triton Shorestalker, Forest, Market Festival"
Theros Beyond Death Bundle Land Pack,Bundle Land Pack,Other,THB,2020-01-24,0.0,"Plains, Plains, Mountain, Mountain, Plains"
Theros Beyond Death Foil Redemption,MTGO Redemption,Other,THB,2020-02-23,299.96,"Shadowspear, Thassa, Deep-Dwelling, Nyxbloom Ancient, Thassa's Oracle, Heliod, Sun-Crowned"
Theros Beyond Death Redemption,MTGO Redemption,Other,THB,2020-02-23,299.96,"Shadowspear, Thassa, Deep-Dwelling, Nyxbloom Ancient, Thassa's Oracle, Heliod, Sun-Crowned"
Theros Fat Pack Land Pack,Bundle Land Pack,Other,THS,2013-09-27,5.18,"Forest, Plains, Island, Forest, Island"
Theros Foil Redemption,MTGO Redemption,Other,THS,2013-10-27,523.05,"Nykthos, Shrine to Nyx, Swan Song, Purphoros, God of the Forge, Medomai the Ageless, Erebos, God of the Dead"
Theros Holiday Gift Box Land Pack,Bundle Land Pack,Other,THS,2013-11-15,5.18,"Forest, Plains, Island, Forest, Island"
Theros Redemption,MTGO Redemption,Other,THS,2013-10-27,523.05,"Nykthos, Shrine to Nyx, Swan Song, Purphoros, God of the Forge, Medomai the Ageless, Erebos, God of the Dead"
Theros Stargazing: Vol. I (Heliod),Secret Lair Drop,Other,SLD,2020-02-14,65.8,"Iroas, God of Victory, Heliod, God of the Sun, Karametra, God of Harvests"
Theros Stargazing: Vol. II (Thassa),Secret Lair Drop,Other,SLD,2020-02-14,55.07,"Thassa, God of the Sea, Ephara, God of the Polis, Kruphix, God of Horizons"
Theros Stargazing: Vol. III (Erebos),Secret Lair Drop,Other,SLD,2020-02-14,99.94,"Athreos, God of Passage, Phenax, God of Deception, Erebos, God of the Dead"
Theros Stargazing: Vol. IV (Purphoros),Secret Lair Drop,Other,SLD,2020-02-14,87.22,"Purphoros, God of the Forge, Keranos, God of Storms, Mogis, God of Slaughter"
Theros Stargazing: Vol. V (Nylea),Secret Lair Drop,Other,SLD,2020-02-14,52.03,"Xenagos, God of Revels, Nylea, God of the Hunt, Pharika, God of Affliction"
They Grow Up So Fast,Secret Lair Drop,Other,SLD,2025-03-25,49.16,"Dragonlord Dromoka // Dragonlord Dromoka, Dragonlord Kolaghan // Dragonlord Kolaghan, Dragonlord Atarka // Dragonlord Atarka, Dragonlord Silumgar // Dragonlord Silumgar, Dragonlord Ojutai // Dragonlord Ojutai"
They Grow Up So Fast Foil Edition,Secret Lair Drop,Other,SLD,2025-03-25,49.16,"Dragonlord Dromoka // Dragonlord Dromoka, Dragonlord Kolaghan // Dragonlord Kolaghan, Dragonlord Atarka // Dragonlord Atarka, Dragonlord Silumgar // Dragonlord Silumgar, Dragonlord Ojutai // Dragonlord Ojutai"
Think Again 1,Jumpstart,Other,J22,2022-12-02,3.01,"Serum Visions, Jace, Arcane Strategist, Spectral Sailor, Merfolk Pupil, Thriving Isle"
Think Again 2,Jumpstart,Other,J22,2022-12-02,7.74,"Alandra, Sky Dreamer, Spectral Sailor, Hedron Archive, Merfolk Pupil, Opt"
Think Again 3,Jumpstart,Other,J22,2022-12-02,7.74,"Alandra, Sky Dreamer, Spectral Sailor, Merfolk Pupil, Thriving Isle, Lay Claim"
Think Again 4,Jumpstart,Other,J22,2022-12-02,0.0,"Spectral Sailor, Faerie Formation, Military Intelligence, Merfolk Pupil, Thriving Isle"
Thor,Jumpstart,Other,MSH,2026-06-26,7.65,"Lightning Bolt, Asgardian Inspiration, Thor, Asgard's Avenger, Origin of Thor, Molten Lavamancer"
Thought Invoker,Shandalar Enemy Deck,Other,PAST,1997-04-01,61.52,"Time Elemental, Energy Flux, Giant Tortoise, Mahamoti Djinn, Drain Power"
Thoughts of the Wind,Duel Of The Planeswalkers Deck,Other,DPA,2010-06-04,0.0,"Evacuation, Mind Spring, Mind Control, Phantom Warrior, Negate"
Thrilling Tales of the Undead,Secret Lair Drop,Other,SLD,2022-01-28,100.59,"Gravecrawler, Rise of the Dark Realms, Liliana, Death's Majesty"
Thrilling Tales of the Undead Foil Edition,Secret Lair Drop,Other,SLD,2022-01-28,100.59,"Gravecrawler, Rise of the Dark Realms, Liliana, Death's Majesty"
Thrive and Thrash,Event Deck,Other,GTC,2013-02-22,29.57,"Deadeye Navigator, Arbor Elf, Strangleroot Geist, Bramblecrush, Farseek"
Throne of Eldraine Bundle Land Pack,Bundle Land Pack,Other,ELD,2019-10-04,0.0,"Plains, Plains, Island, Swamp, Forest"
Throne of Eldraine Foil Redemption,MTGO Redemption,Other,ELD,2019-11-03,239.93,"The Great Henge, Oko, Thief of Crowns, Embercleave, Wishclaw Talisman, Ayara, First of Locthwain"
Throne of Eldraine Redemption,MTGO Redemption,Other,ELD,2019-11-03,239.93,"The Great Henge, Oko, Thief of Crowns, Embercleave, Wishclaw Talisman, Ayara, First of Locthwain"
Through the Wormhole,Secret Lair Drop,Other,SLD,2023-12-05,216.24,"Sol Ring, Arcane Signet, Command Tower, Thought Vessel, Lightning Greaves"
Through the Wormhole Galaxy Foil Edition,Secret Lair Drop,Other,SLD,2023-12-05,402.47,"Sol Ring, Arcane Signet, Command Tower, Lightning Greaves, Thought Vessel"
Thunderbolts,Jumpstart,Other,MSH,2026-06-26,3.83,"Valentina Allegra de Fontaine, Citizen V, Helmut Zemo, Songbird, Sonic Screamer, Fixer, Techno Terror, Void Helix"
Tibalt,Duel Deck,Other,DDK,2013-03-15,0.0,"Sulfuric Vortex, Tibalt, the Fiend-Blooded, Faithless Looting, Hellrider, Terminate"
Tidal Mastery,Theme Deck,Other,MMQ,1999-10-04,457.39,"Counterspell, Thwart, War Tax, Saprazzan Legate, Coastal Piracy"
Tidal Mastery - Enhanced Deck,Enhanced Deck,Other,MMQ,1999-10-04,857.11,"Palinchron, Counterspell, Mother of Runes, Thwart, War Tax"
Time Curse,Theme Deck,Other,S99,1999-07-12,29.32,"Time Warp, Counterspell, Island, Island, Island"
Time Drain,Theme Deck,Other,ULG,1999-02-15,726.08,"Cloud of Faeries, Snap, Frantic Search, Treetop Village, Faerie Conclave"
Time Drain - Enhanced Deck,Enhanced Deck,Other,ULG,1999-02-15,900.59,"Palinchron, Cloud of Faeries, Snap, Miscalculation, Reflecting Pool"
Time Spiral Fat Pack Land Pack,Bundle Land Pack,Other,TSP,2006-10-06,0.0,"Swamp, Forest, Island, Island, Swamp"
Time Spiral Foil Redemption,MTGO Redemption,Other,TSP,2006-11-05,2520.67,"Gemstone Caverns, Scion of the Ur-Dragon, Ophidian Eye, Snapback, Angel's Grace"
Time Spiral Redemption,MTGO Redemption,Other,TSP,2006-11-05,2520.67,"Gemstone Caverns, Scion of the Ur-Dragon, Ophidian Eye, Snapback, Angel's Grace"
Time Spiral Timeshifted Foil Redemption,MTGO Redemption,Other,TSB,2006-11-05,1702.45,"Claws of Gix, Darkness, Tormod's Crypt, Dandân, Lightning Angel"
Time Spiral Timeshifted Redemption,MTGO Redemption,Other,TSB,2006-11-05,1702.45,"Claws of Gix, Darkness, Tormod's Crypt, Dandân, Lightning Angel"
Time Trouble Two,Secret Lair Drop,Other,SLD,2022-12-19,40.32,"Narset, Parter of Veils, Nissa, Who Shakes the World, Tezzeret, Agent of Bolas"
Time Trouble Two Foil Edition,Secret Lair Drop,Other,SLD,2022-12-19,40.32,"Narset, Parter of Veils, Nissa, Who Shakes the World, Tezzeret, Agent of Bolas"
Titanic 1,Jumpstart,Other,BRO,2022-11-18,3.36,"Sarinth Steelseeker, Gaea's Gift, Cradle Clearcutter, Bushwhack, Woodcaller Automaton"
Titanic 2,Jumpstart,Other,BRO,2022-11-18,2.05,"Sarinth Steelseeker, Cradle Clearcutter, Bushwhack, Woodcaller Automaton, Iron-Craw Crusher"
To Adventure!,Arena Starter Deck,Other,M21,2021-07-03,4.4,"Ironscale Hydra, Realm-Cloaked Giant // Cast Off, Plains, Giant Killer // Chop Down, Lovestruck Beast // Heart's Desire"
Toby's Journey by Gary Baseman,Secret Lair Drop,Other,SLD,2026-06-16,36.23,"Prismatic Vista, Sovereign Okinec Ahau, Farseek, Long Goodbye, Trailblazer's Boots"
Toby's Journey by Gary Baseman Foil Edition,Secret Lair Drop,Other,SLD,2026-06-16,36.23,"Prismatic Vista, Sovereign Okinec Ahau, Farseek, Long Goodbye, Trailblazer's Boots"
Tokens,Deck Builder's Toolkit,Other,M14,2013-07-19,0.0,"Druid's Deliverance, Vitu-Ghazi Guildmage, Call of the Conclave, Slime Molding, Centaur's Herald"
Tom van de Logt - Machine Head,World Championship Deck,Other,WC01,2001-08-08,43.25,"Rishadan Port, Dark Ritual, Swamp, Mountain, Swamp"
Tom van de Logt - Replenish,World Championship Deck,Other,WC00,2000-08-02,203.03,"Replenish, Enlightened Tutor, Parallax Wave, Attunement, Parallax Tide"
Tomb Raider,Secret Lair Drop,Other,SLD,2023-12-05,172.38,"Shadowspear, Lara Croft, Tomb Raider, Academy Ruins, Bow of Nylea, Search for Azcanta // Azcanta, the Sunken Ruin"
Tomb Raider Foil Edition,Secret Lair Drop,Other,SLD,2023-12-05,172.38,"Shadowspear, Lara Croft, Tomb Raider, Academy Ruins, Bow of Nylea, Search for Azcanta // Azcanta, the Sunken Ruin"
Tombstone,Theme Deck,Other,USG,1998-10-12,17.89,"Victimize, Exhume, Island, Turnabout, Island"
Tombstone - Enhanced Deck,Enhanced Deck,Other,USG,1998-10-12,130.07,"Reflecting Pool, Reanimate, Living Death, Armageddon, Verdant Force"
Tome of the Astral Sorceress,Secret Lair Drop,Other,SLD,2024-10-01,36.65,"Preordain, Teferi's Ageless Insight, Back to Basics, Sphinx of the Second Sun"
Tome of the Astral Sorceress Foil Edition,Secret Lair Drop,Other,SLD,2024-10-01,36.65,"Preordain, Teferi's Ageless Insight, Back to Basics, Sphinx of the Second Sun"
Too Many,Jumpstart,Other,J25,2024-11-07,1.58,"Fiendish Duo, Reckless Impulse, Brothers Yamazaki, Brothers Yamazaki, Thriving Bluff"
Toph,Jumpstart,Other,TLE,2025-11-20,58.38,"Toph, Earthbending Master, Solid Ground, Tale of Katara and Toph, Frog-Squirrels, Origin of Metalbending"
Torment Foil Redemption,MTGO Redemption,Other,TOR,2002-03-06,2521.38,"Grim Lavamancer, Cabal Coffers, Cabal Ritual, Insidious Dreams, Chainer, Dementia Master"
Torment Redemption,MTGO Redemption,Other,TOR,2002-03-06,2521.38,"Grim Lavamancer, Cabal Coffers, Cabal Ritual, Insidious Dreams, Chainer, Dementia Master"
Totally Merciless,Jumpstart,Other,DMU,2022-09-09,2.51,"Swamp, Knight of Dusk's Shadow, Braids's Frightful Return, Tyrannical Pitlord, Swamp"
Totally Ruthless,Jumpstart,Other,DMU,2022-09-09,2.51,"Swamp, Cut Down, Cult Conscript, Braids's Frightful Return, Tyrannical Pitlord"
Totally Spaced Out Galaxy Foil Edition,Secret Lair Drop,Other,SLD,2022-12-05,148.97,"Strip Mine, Command Beacon, Fabled Passage, Ash Barrens"
Totem Power,Intro Pack,Other,ROE,2010-04-23,76.09,"Soul's Attendant, Kor Spiritdancer, Ornithopter, Forest, Forest"
Towering,Jumpstart,Other,MSH,2026-06-26,1.04,"Giant-Man, Gargantuan Genius, Ms. Marvel, Elastic Ally, Ant-Man, Reformed Rogue, Spider-Rex, Daring Dino, Goliath, Mass Manipulator"
Toxic 1,Jumpstart,Other,ONE,2023-02-10,1.83,"Infectious Bite, Goliath Hatchery, Venomous Brutalizer, Phyrexian Atlas, Ichorspit Basilisk"
Toxic 2,Jumpstart,Other,ONE,2023-02-10,2.54,"Tyvar's Stand, Goliath Hatchery, Cankerbloom, Branchblight Stalker, Paladin of Predation"
Tragic Romance,Secret Lair Drop,Other,SLD,2025-03-25,148.65,"Kaalia of the Vast, Skithiryx, the Blight Dragon, Master of Cruelties, Angel of Despair"
Tragic Romance Foil Edition,Secret Lair Drop,Other,SLD,2025-03-25,148.65,"Kaalia of the Vast, Skithiryx, the Blight Dragon, Master of Cruelties, Angel of Despair"
Trained,Jumpstart,Other,MSH,2026-06-26,5.67,"Shang-Chi, Martial Mentor, She-Hulk, Attorney-at-Law, Advancing the Spirit, Punishing Punch, Restorative Technique"
Trample Civilization Underfoot,Archenemy Deck,Other,ARC,2010-06-18,8.28,"Rancor, Armadillo Cloak, Khalni Garden, Path to Exile, Fog"
Transference,Theme Deck,Other,DST,2004-02-06,277.64,"Skullclamp, Seat of the Synod, Reshape, Arcbound Reclaimer, Voltaic Construct"
"Transformers: One Shall Stand, One Shall Fall",Secret Lair Drop,Other,SLD,2022-12-19,54.04,"Plains, Mountain, Swamp, Island, Forest"
"Transformers: One Shall Stand, One Shall Fall Foil Edition",Secret Lair Drop,Other,SLD,2022-12-19,54.04,"Plains, Mountain, Swamp, Island, Forest"
Transformers: Optimus Prime vs. Megatron,Secret Lair Drop,Other,SLD,2022-12-19,107.09,"Blightsteel Colossus // Blightsteel Colossus, Doubling Cube // Doubling Cube, Darksteel Colossus // Darksteel Colossus"
Transformers: Optimus Prime vs. Megatron Foil Edition,Secret Lair Drop,Other,SLD,2022-12-19,107.09,"Blightsteel Colossus // Blightsteel Colossus, Doubling Cube // Doubling Cube, Darksteel Colossus // Darksteel Colossus"
Transformers: Roll Out or Rise Up,Secret Lair Drop,Other,SLD,2022-12-19,106.53,"Dramatic Reversal, Fabricate, True Conviction, Greater Good, By Force"
Transformers: Roll Out or Rise Up Foil Edition,Secret Lair Drop,Other,SLD,2022-12-19,106.53,"Dramatic Reversal, Fabricate, True Conviction, Greater Good, By Force"
Treasure 1,Jumpstart,Other,J22,2022-12-02,0.0,"Sudden Breakthrough, Captain Lannery Storm, Rapacious Dragon, Trove of Temptation, Thriving Bluff"
Treasure 2,Jumpstart,Other,J22,2022-12-02,6.43,"Professional Face-Breaker, Reckless Fireweaver, Rapacious Dragon, Pyre-Sledge Arsonist, Thriving Bluff"
Treasure 3,Jumpstart,Other,J22,2022-12-02,10.94,"Goldspan Dragon, Big Score, Rapacious Dragon, Vault Robber, Thriving Bluff"
Treasure 4,Jumpstart,Other,J22,2022-12-02,0.0,"Gadrak, the Crown-Scourge, Gleaming Barrier, Rapacious Dragon, Trove of Temptation, Thriving Bluff"
Treasure Hunt,Arena Starter Deck,Other,AFR,2021-09-24,36.73,"Goldspan Dragon, Xorn, Blightstep Pathway // Searstep Pathway, Soul Shatter, Shambling Ghast"
Treasures (1),Jumpstart,Other,J25,2024-11-07,8.86,"Pitiless Plunderer, Evereth, Viceroy of Plunder, Ruthless Technomancer, Shambling Ghast, Reassembling Skeleton"
Treasures (2),Jumpstart,Other,J25,2024-11-07,10.63,"Vault of Whispers, Pitiless Plunderer, Evereth, Viceroy of Plunder, Shambling Ghast, Reassembling Skeleton"
Tree-Hugging (1),Jumpstart,Other,JMP,2020-07-17,0.0,"Primordial Sage, Llanowar Visionary, Warden of the Woods, Explore, Forest"
Tree-Hugging (2),Jumpstart,Other,JMP,2020-07-17,0.0,"Primordial Sage, Llanowar Visionary, Warden of the Woods, Explore, Forest"
Tree-Hugging (3),Jumpstart,Other,JMP,2020-07-17,0.0,"Llanowar Visionary, Warden of the Woods, Explore, Jolrael, Mwonvuli Recluse, Forest"
Tree-Hugging (4),Jumpstart,Other,JMP,2020-07-17,1.2,"Soul of the Harvest, Llanowar Visionary, Warden of the Woods, Explore, Verdant Embrace"
Trick or Treat,Secret Lair Drop,Other,SLD,2025-10-27,59.07,"Vito, Thorn of the Dusk Rose, Wilhelt, the Rotcleaver, Voja, Jaws of the Conclave, Liberator, Urza's Battlethopter, Satoru Umezawa"
Trick or Treat Foil Edition,Secret Lair Drop,Other,SLD,2025-10-27,59.07,"Vito, Thorn of the Dusk Rose, Wilhelt, the Rotcleaver, Voja, Jaws of the Conclave, Liberator, Urza's Battlethopter, Satoru Umezawa"
Tricksters,Jumpstart,Other,MSH,2026-06-26,126.37,"Loki, Lord of Misrule, Impossible Man, Multiversal Recruitment, Living Lies of Loki, Kid Loki"
Tricksy 1,Jumpstart,Other,LTR,2023-06-23,3.24,"Elvish Mariner, Elrond, Lord of Rivendell, Arwen's Gift, Island, Glorious Gale"
Tricksy 2,Jumpstart,Other,LTR,2023-06-23,3.24,"Elvish Mariner, Elrond, Lord of Rivendell, Arwen's Gift, Island, Glorious Gale"
Troll Shaman,Shandalar Enemy Deck,Other,PAST,1997-04-01,416.93,"Mountain, Strip Mine, Dancing Scimitar, Oasis, Shivan Dragon"
Trounce-O-Matic,Theme Deck,Other,ODY,2001-10-01,451.46,"Roar of the Wurm, Careful Study, Predict, Peek, Nimble Mongoose"
Truth Seekers,Theme Deck,Other,SOK,2005-06-03,157.95,"Rune-Tail, Kitsune Ascendant // Rune-Tail's Essence, Honden of Cleansing Fire, Honden of Life's Web, Nikko-Onna, Bounteous Kirin"
Turnabout,Theme Deck,Other,SHM,2008-05-02,482.1,"Umbral Mantle, Devoted Druid, Pili-Pala, Rhys the Redeemed, Seedcradle Witch"
Turnaround,Theme Deck,Other,PCY,2000-06-05,1161.18,"Rhystic Study, Daze, Foil, Seal of Cleansing, Mageta the Lion"
Twisted Reality,Intro Pack,Other,OGW,2016-01-22,22.22,"Bane of Bala Ged, Kozilek's Channeler, Endless One, Scour from Existence, Titan's Presence"
Twisted Toons,Secret Lair Drop,Other,SLD,2025-03-25,61.7,"Culling the Weak, Silence, Winds of Abandon, Fatal Push, Young Wolf"
Twisted Toons Foil Edition,Secret Lair Drop,Other,SLD,2025-03-25,61.7,"Culling the Weak, Silence, Winds of Abandon, Fatal Push, Young Wolf"
Ultimate Sacrifice,Event Deck,Other,BFZ,2015-10-02,42.45,"Zulaport Cutthroat, Grim Haruspex, Hangarback Walker, Murderous Cut, Llanowar Wastes"
Ultron,Jumpstart,Other,MSH,2026-06-26,82.15,"Ultron the Annihilator, Ultron's Auxiliary, Doombot Harbinger, Eerie Gravestone, Minion Missile"
Uncanny,Jumpstart,Other,MSH,2026-06-26,27.99,"Wolverine, Claws Out, X-23, Deadly Weapon, Colossus, Steel Stalwart, Storm, Shaker of Skies, Darwin, Adaptive Mutant"
Uncharted,Secret Lair Drop,Other,SLD,2025-11-06,29.21,"Passionate Archaeologist, Whip of Erebos, Nathan Drake, Treasure Hunter, Midnight Clock, Chain Reaction"
Uncharted Foil Edition,Secret Lair Drop,Other,SLD,2025-11-06,29.21,"Passionate Archaeologist, Whip of Erebos, Nathan Drake, Treasure Hunter, Midnight Clock, Chain Reaction"
Undead,Jumpstart,Other,FDN,2024-11-15,5.17,"Death Baron, Deadly Plot, Swamp, Reassembling Skeleton, Eaten Alive"
Undead Knight,Shandalar Enemy Deck,Other,PAST,1997-04-01,88.57,"El-Hajjâj, Flying Carpet, Bad Moon, Nightmare, Black Knight"
Under the Sea (1),Jumpstart,Other,JMP,2020-07-17,0.0,"Waker of Waves, Aegis Turtle, Tolarian Kraken, Rousing Read, Island"
Under the Sea (2),Jumpstart,Other,JMP,2020-07-17,0.0,"Waker of Waves, Whelming Wave, Cryptic Serpent, Aegis Turtle, Island"
Underwater,Jumpstart,Other,TLE,2025-11-20,2.0,"Tui and La, Moon and Ocean, Coastal Piracy, Island, Thriving Isle, Flying Dolphin-Fish"
Underworld Herald,Event Deck,Other,BNG,2014-02-28,28.7,"Crypt Ghast, Gift of Orzhova, Pack Rat, Desecration Demon, Agent of the Fates"
Unearthed 1,Jumpstart,Other,BRO,2022-11-18,0.0,"Go for the Throat, Gruesome Realization, Ashnod's Intervention, No One Left Behind, Terror Ballista"
Unearthed 2,Jumpstart,Other,BRO,2022-11-18,0.0,"Overwhelming Remorse, Transmogrant Altar, Gnawing Vermin, Gruesome Realization, Terror Ballista"
Unearthed Secrets,Intro Pack,Other,SOI,2016-04-08,6.04,"Tireless Tracker, Erdwal Illuminator, Watcher in the Web, Byway Courier, Press for Answers"
Unflinching Assault,Intro Pack,Other,FRF,2015-01-23,34.54,"Merciless Executioner, Elite Scaleguard, Cruel Sadist, Harsh Sustenance, Battle Brawler"
Unicorns,Jumpstart,Other,JMP,2020-07-17,20.48,"Emiel the Blessed, Blessed Sanctuary, Cloudshift, Plains, Plains"
United Assault,Challenger Deck,Other,Q02,2019-04-12,14.11,"Legion's Landing // Adanto, the First Fort, History of Benalia, Dauntless Bodyguard, Benalish Marshal, Adanto Vanguard"
Unlikely Alliances,Intro Pack,Other,EMN,2016-07-22,4.63,"Campaign of Vengeance, Repel the Abominable, Blessed Alliance, Swamp, Plains"
Unlucky Thirteen,Jumpstart,Other,J22,2022-12-02,8.18,"Tree of Perdition, Exsanguinate, Triskaidekaphobia, Sling-Gang Lieutenant, Piranha Marsh"
Unnatural Forces,MTGO Theme Deck,Other,VIS,2006-04-10,29.01,"Necromancy, Impulse, Flooded Shoreline, Vision Charm, Swamp"
Unnatural Schemes,Intro Pack,Other,ARB,2009-04-30,45.06,"Terramorphic Expanse, Island, Nemesis of Reason, Lich Lord of Unx, Fatestitcher"
Unraveling Mind,Theme Deck,Other,PLC,2007-02-02,119.2,"Mirri the Cursed, Phantasmagorian, Mindlash Sliver, Dauthi Slayer, Fiery Temper"
Unstable Terrain,Intro Pack,Other,ZEN,2009-10-02,36.12,"Roil Elemental, Harrow, Baloth Woodcrasher, Turntimber Basilisk, Sage Owl"
Untamed Wild,Intro Pack,Other,EMN,2016-07-22,3.25,"Silverfur Partisan, Blood Mist, Primal Druid, Furyblade Vampire, Assembled Alphas"
Up and Away,Starter Kit,Other,SNC,2022-06-03,13.62,"Hullbreaker Horror, Welcoming Vampire, Inspiring Overseer, Consuming Tide, Dreamshackle Geist"
Urza's,Jumpstart,Other,J22,2022-12-02,15.61,"Walking Ballista, Karn Liberated, Expedition Map, Urza's Power Plant, Manakin"
Valentine's Day 2021,Secret Lair Drop,Other,SLD,2021-04-13,56.02,"Boros Charm, Goblin Rabblemaster, Gisela, Blade of Goldnight, Monastery Swiftspear"
Valentine's Day 2021 Foil Edition,Secret Lair Drop,Other,SLD,2021-04-13,56.02,"Boros Charm, Goblin Rabblemaster, Gisela, Blade of Goldnight, Monastery Swiftspear"
Vampire Lord,Shandalar Enemy Deck,Other,PAST,1997-04-01,273.44,"Sorceress Queen, Mana Vault, Carrion Ants, Howling Mine, Animate Dead"
Vampire Onslaught,Event Deck,Other,M12,2011-08-12,262.21,"Verdant Catacombs, Blade of the Bloodchief, Bloodghast, Pawn of Ulamog, Dismember"
Vampires,Deck Builder's Toolkit,Other,M13,2012-07-13,33.91,"Stromkirk Captain, Rakish Heir, Falkenrath Noble, Victim of Night, Vampire Nighthawk"
Vampires (1),Jumpstart,Other,JMP,2020-07-17,15.74,"Vito, Thorn of the Dusk Rose, Blood Artist, Silversmote Ghoul, Gifted Aetherborn, Swamp"
Vampires (2),Jumpstart,Other,JMP,2020-07-17,12.67,"Vito, Thorn of the Dusk Rose, Silversmote Ghoul, Gifted Aetherborn, Swamp, Eternal Thirst"
Vampires (3),Jumpstart,Other,JMP,2020-07-17,37.18,"Exquisite Blood, Silversmote Ghoul, Sangromancer, Gifted Aetherborn, Swamp"
Vampires (4),Jumpstart,Other,JMP,2020-07-17,4.79,"Drana, Liberator of Malakir, Silversmote Ghoul, Gifted Aetherborn, Swamp, Bloodbond Vampire"
Vampiric Thirst,Intro Pack,Other,SOI,2016-04-08,9.94,"Alms of the Vein, Indulgent Aristocrat, Olivia's Bloodsworn, Burn from Within, Tormenting Voice"
Vehicle Rush,Challenger Deck,Other,Q01,2018-04-06,32.11,"Skysovereign, Consul Flagship, Spire of Industry, Mountain, Inspiring Vantage, Dragonskull Summit"
Vehicles,Jumpstart,Other,J22,2022-12-02,9.07,"Lita, Mechanical Engineer, Peacewalker Colossus, Aradara Express, Thriving Heath, Aerial Modification"
Venser,Duel Deck,Other,DDI,2012-03-30,19.65,"Sigil of Sleep, Venser, the Sojourner, Steel of the Godhead, Path to Exile, Preordain"
Vicious Cycle,Intro Pack,Other,OGW,2016-01-22,11.04,"Brood Monitor, Smothering Abomination, Blighted Woodland, Wastes, Wastes"
Villains Unleashed,Box Set,Other,MSH,2026-06-26,21.01,"Ultron, Machine Overlord, Thanos, Death's Consort, M.O.D.O.K., Evil Intellect, Loki, God of Lies, Absorbing Man and Titania"
Viva Las Rakdos,Secret Lair Drop,Other,SLD,2025-05-13,42.54,"Beseech the Mirror, Lightning Greaves, Talisman of Indulgence, Dark Petition, Light Up the Stage"
Vivien,Planeswalker Deck,Other,M19,2018-07-13,6.66,"Colossal Majesty, Vivien of the Arkbow, Forest, Forest, Reclamation Sage"
Vivien's Hunt,Arena Promotional Deck,Other,ONE,2023-02-10,6.91,"Titan of Industry, Gala Greeters, Augur of Autumn, Howlpack Piper // Wildsong Howler, Vivien on the Hunt"
"Vivien, Nature's Avenger",Planeswalker Deck,Other,M20,2019-07-29,3.53,"Vivien, Nature's Avenger, Season of Growth, Forest, Aggressive Mammoth, Rabid Bite"
Voracious Rage,Intro Pack,Other,JOU,2014-05-02,8.05,"Searing Blood, Fanatic of Mogis, Swamp, Mountain, Swamp"
Vraska,Duel Deck,Other,DDM,2014-03-14,3.29,"Ohran Viper, Vraska the Unseen, Night's Whisper, Forest, Swamp"
"Vraska, Regal Gorgon",Planeswalker Deck,Other,GRN,2018-10-05,14.98,"Beast Whisperer, Vraska, Regal Gorgon, Lotleth Giant, Forest, Golgari Guildgate"
"Vraska, Scheming Gorgon",Planeswalker Deck,Other,RIX,2018-01-19,22.02,"Legion Lieutenant, Champion of Dusk, Vraska, Scheming Gorgon, Swamp, Vicious Conquistador"
Wakanda,Jumpstart,Other,MSH,2026-06-26,2.99,"Black Panther, Most Dangerous, Shuri, Vibranium Technologist, Wakandan Tusker, Ultimate Alliance, Secure Detention"
Waking Nightmares,Theme Deck,Other,TOR,2002-02-08,280.09,"Chainer, Dementia Master, Mesmeric Fiend, Enslaved Dwarf, Tainted Peak, Mountain"
Walk the Plank,Arena Starter Deck,Other,M19,2018-09-27,15.02,"Drowned Catacomb, Siren Stormtamer, Ravenous Chupacabra, Chart a Course, Demonlord Belzenlok"
Walls,Jumpstart,Other,JMP,2020-07-17,0.0,"Assault Formation, Towering Titan, Portcullis Vine, Overgrown Battlement, Warmonger's Chariot"
War Mage,Shandalar Enemy Deck,Other,PAST,1997-04-01,500.49,"Mountain, Mana Vault, Aladdin's Ring, Ball Lightning, Fellwar Stone"
War of Attrition,Event Deck,Other,NPH,2011-06-10,137.41,"Stoneforge Mystic, Puresteel Paladin, Sword of Vengeance, Journey to Nowhere, Leonin Relic-Warder"
War of the Spark Bundle Land Pack,Bundle Land Pack,Other,WAR,2019-05-03,0.0,"Island, Plains, Swamp, Plains, Mountain"
War of the Spark Foil Redemption,MTGO Redemption,Other,WAR,2019-06-02,559.95,"Emergence Zone, Finale of Devastation, Bolas's Citadel, Neoform, God-Eternal Oketra"
War of the Spark Redemption,MTGO Redemption,Other,WAR,2019-06-02,559.95,"Emergence Zone, Finale of Devastation, Bolas's Citadel, Neoform, God-Eternal Oketra"
"Warhammer 40,000: Orks",Secret Lair Drop,Other,SLD,2022-12-05,164.33,"Zurgo Helmsmasher, Krenko, Tin Street Kingpin, Aggravated Assault, Merciless Executioner, Skysovereign, Consul Flagship"
"Warhammer 40,000: Orks Foil Edition",Secret Lair Drop,Other,SLD,2022-12-05,164.33,"Zurgo Helmsmasher, Krenko, Tin Street Kingpin, Aggravated Assault, Merciless Executioner, Skysovereign, Consul Flagship"
Warhammer Age of Sigmar,Secret Lair Drop,Other,SLD,2022-12-05,146.1,"Najeela, the Blade-Blossom, Blind Obedience, Scourge of the Throne, Loxodon Warhammer, Danitha Capashen, Paragon"
Warhammer Age of Sigmar Foil Edition,Secret Lair Drop,Other,SLD,2022-12-05,146.1,"Najeela, the Blade-Blossom, Blind Obedience, Scourge of the Throne, Loxodon Warhammer, Danitha Capashen, Paragon"
Warlock,Shandalar Enemy Deck,Other,PAST,1997-04-01,56.36,"El-Hajjâj, Hypnotic Specter, Dark Ritual, Tawnos's Wand, Swamp"
Warrior's Code,Theme Deck,Other,MOR,2008-02-01,102.49,"Boldwyr Heavyweights, Brighthearth Banneret, Unstoppable Ash, Obsidian Battle-Axe, Changeling Berserker"
Warriors,Jumpstart,Other,TLE,2025-11-20,1.05,"Suki, Kyoshi Captain, Valorous Stance, Plains, Thriving Heath, Sokka's Sword Training"
Warriors (1),Jumpstart,Other,J25,2024-11-07,3.5,"Gornog, the Red Reaper, Thriving Bluff, Soul Sear, Ghitu Encampment, Boldwyr Intimidator"
Warriors (2),Jumpstart,Other,J25,2024-11-07,3.5,"Gornog, the Red Reaper, Infuriate, Thriving Bluff, Soul Sear, Kargan Intimidator"
Way Wild,Theme Deck,Other,7ED,2001-04-11,589.55,"Llanowar Elves, Wild Growth, Ancient Silverback, Wood Elves, Blanchwood Armor"
Way of the Warrior,Theme Deck,Other,CHK,2004-10-01,73.56,"Takeno, Samurai General, Bushi Tenderfoot // Kenzo the Hardhearted, Call to Glory, Konda's Hatamoto, Devoted Retainer"
We Are Legion,Intro Pack,Other,M10,2009-07-17,40.84,"Lightning Bolt, Soul Warden, Plains, Armored Ascension, Honor of the Pure"
We Hope You Like Squirrels,Secret Lair Drop,Other,SLD,2021-03-15,73.8,"Krosan Beast, Swarmyard, Chatter of the Squirrel, Squirrel Mob, Squirrel Wrangler"
Weapons and Wards,Intro Pack,Other,EMN,2016-07-22,9.12,"Open the Armory, Subjugator Angel, Ulvenwald Observer, Emrakul's Evangel, Gryff's Boon"
Web-Slinging,Jumpstart,Other,MSH,2026-06-26,0.0,"Amazing Spider-Girl, Spectacular Tactics, Aunt May, Thwip!, Flash Thompson, Spider-Fan"
Wei Kingdom,Theme Deck,Other,PTK,1999-05-01,166.13,"Cao Cao, Lord of Wei, Sima Yi, Wei Field Marshal, Ambition's Cost, Wei Assassins, Swamp"
Welcome to Castle Dracula,Secret Lair Drop,Other,SLD,2022-05-06,115.48,"Phyrexian Tower, Exquisite Blood, Night's Whisper"
Welcome to Castle Dracula Foil Edition,Secret Lair Drop,Other,SLD,2022-05-06,115.48,"Phyrexian Tower, Exquisite Blood, Night's Whisper"
Welcome to the Fungal,Secret Lair Drop,Other,SLD,2022-12-19,75.75,"Ghave, Guru of Spores, Mycoloth, Slimefoot, the Stowaway, Abundant Growth"
Welcome to the Fungal Foil Edition,Secret Lair Drop,Other,SLD,2022-12-19,75.75,"Ghave, Guru of Spores, Mycoloth, Slimefoot, the Stowaway, Abundant Growth"
Welded 1,Jumpstart,Other,BRO,2022-11-18,0.0,"Bitter Reunion, Artificer's Dragon, Obliterating Bolt, Mishra, Excavation Prodigy, Scrapwork Mutt"
Welded 2,Jumpstart,Other,BRO,2022-11-18,0.0,"Artificer's Dragon, Mishra, Excavation Prodigy, Scrapwork Mutt, Fallaji Dragon Engine, Mishra's Research Desk"
Well-Read (1),Jumpstart,Other,JMP,2020-07-17,1.42,"Curiosity, Opt, Tolarian Kraken, Ormos, Archive Keeper, Island"
Well-Read (2),Jumpstart,Other,JMP,2020-07-17,1.42,"Curiosity, Capture Sphere, Opt, Tolarian Kraken, Ormos, Archive Keeper"
Well-Read (3),Jumpstart,Other,JMP,2020-07-17,75.33,"Rhystic Study, Curiosity, Opt, Tolarian Kraken, Island"
Well-Read (4),Jumpstart,Other,JMP,2020-07-17,1.42,"Curiosity, Read the Runes, Capture Sphere, Opt, Tolarian Kraken"
Whim,Shandalar Enemy Deck,Other,PAST,1997-04-01,3628.27,"Mox Pearl, Colossus of Sardia, Carrion Ants, Royal Assassin, Meekstone"
Whirlpool,Theme Deck,Other,APC,2001-06-04,369.95,"Opt, Chromatic Sphere, Fire // Ice, Whirlpool Warrior, Bloodfire Dwarf"
White,Game Night Deck,Other,GNT,2018-11-16,4.22,"Cleansing Nova, Militant Angel, Always Watching, Valiant Knight, Benalish Marshal"
White Black Auras,Deck Builder's Toolkit,Other,ORI,2015-07-17,5.67,"Sage's Reverie, Blightcaster, Blood-Cursed Knight, Fetid Imp, Ancestral Vengeance"
White Black Life Gain,Deck Builder's Toolkit,Other,M15,2014-07-18,5.46,"Sunbond, Nyx-Fleece Ram, Sungrace Pegasus, Wall of Limbs, Ajani's Pridemate"
White Black Warriors,Deck Builder's Toolkit,Other,ORI,2015-07-17,2.46,"Blood-Chin Rager, Mardu Woe-Reaper, Herald of Dromoka, Harsh Sustenance, Chief of the Edge"
White Blue Bestow,Deck Builder's Toolkit,Other,M15,2014-07-18,1.18,"Glimpse the Sun God, Akroan Skyguard, Skyspear Cavalry, Wavecrash Triton, Wingsteed Rider"
White Blue Prowess,Deck Builder's Toolkit,Other,ORI,2015-07-17,0.0,"Mistfire Adept, Strongarm Monk, Student of Ojutai, Ojutai's Breath, Ringwarden Owl"
White Deck,Sample Deck,Other,M14,2014-07-19,8.05,"Brave the Elements, Ethereal Armor, Plains, Plains, Plains"
White Deck A,Sample Deck,Other,M11,2010-07-16,31.69,"Plains, Journey to Nowhere, Plains, Armored Ascension, Plains"
White Deck B,Sample Deck,Other,10E,2008-05-02,10.66,"Soaring Hope, Serra's Embrace, Armored Ascension, Plains, Holy Strength"
White Equipment,Deck Builder's Toolkit,Other,MBS,2011-03-11,13.65,"Journey to Nowhere, Sylvok Lifestaff, Trusty Machete, Kemba's Legion, Kor Duelist"
White Green Aggro,Deck Builder's Toolkit,Other,ORI,2015-07-17,2.13,"Abzan Falconer, Valeron Wardens, Topan Freeblade, Pharika's Disciple, Citadel Castellan"
White Heat - Advanced Deck,Advanced Deck,Other,EXO,1998-06-15,125.49,"Undiscovered Paradise, Tithe, City of Brass, Armageddon, Gemstone Mine"
White Heat - Basic Deck,Theme Deck,Other,EXO,1998-06-15,24.73,"Reconnaissance, Wall of Nets, Goblin Bombardment, Searing Touch, Limited Resources"
White Sample Deck,Sample Deck,Other,M15,2014-07-18,0.0,"Plains, Staff of the Sun Magus, Plains, Ajani's Pridemate, Plains"
White Weenie,Deck Builder's Toolkit,Other,ROE,2010-05-21,32.96,"Soul Warden, Journey to Nowhere, Veteran Swordsmith, Armored Ascension, Brave the Elements"
White and Black Life gain,Deck Builder's Toolkit,Other,SOI,2016-04-08,6.84,"Zulaport Cutthroat, Malakir Familiar, Vampire Envoy, Serene Steward, Allied Reinforcements"
White and Black Spirits,Deck Builder's Toolkit,Other,KLD,2016-09-30,0.0,"Nearheath Chaplain, Haunted Dead, Inspired Charge, Servo Exhibition, Certain Death"
White and Black Zombies,Deck Builder's Toolkit,Other,AKH,2017-04-28,4.15,"Wayward Servant, Lord of the Accursed, Miasmic Mummy, Festering Mummy, Binding Mummy"
White and Blue Fliers Control,Deck Builder's Toolkit,Other,SOI,2016-04-08,9.64,"Dispel, Reflector Mage, Blighted Steppe, Angel of Renewal, Felidar Cub"
White and Colorless Equipment,Deck Builder's Toolkit,Other,SOI,2016-04-08,9.69,"Open the Armory, Kozilek's Channeler, Stern Constable, True-Faith Censer, Bone Saw"
White and Green counters,Deck Builder's Toolkit,Other,SOI,2016-04-08,7.46,"Retreat to Kazandu, Blighted Woodland, Natural State, Stasis Snare, Expedition Envoy"
White-Green Aura,Deck Builder's Toolkit,Other,MBS,2011-03-11,38.55,"Hyena Umbra, Spider Umbra, Aura Gnarlid, Totem-Guide Hartebeest, Boar Umbra"
Wicked Big,Theme Deck,Other,MRD,2003-10-02,27.59,"Living Hive, Copper Myr, Journey of Discovery, Plated Slagwurm, Deconstruct"
Widowmaker - Advanced Deck,Advanced Deck,Other,EXO,1998-06-15,88.63,"Undiscovered Paradise, Living Death, Phyrexian Furnace, Underground River, Spirit of the Night"
Widowmaker - Basic Deck,Theme Deck,Other,EXO,1998-06-15,15.57,"Null Brooch, Dark Ritual, Counterspell, Forbid, Mana Leak"
Wild,Jumpstart,Other,MSH,2026-06-26,14.51,"Hit-Monkey, Mole Man, Moloid Master, White Tiger, Amulet Keeper, Claim the Kingdom, Ka-Zar of the Savage Land"
Wild Rush,Intro Pack,Other,M13,2012-07-13,27.19,"Fungal Sprouting, Arbor Elf, Rancor, Ranger's Path, Ring of Kalonia"
Wild Wizardry,Arena Promotional Deck,Other,MID,2021-09-24,8.93,"Alrund's Epiphany, Wizard Class, Prismari Command, Silundi Vision // Silundi Isle, Efreet Flamepainter"
Wild-Eyed Frenzy,MTGO Theme Deck,Other,VIS,2006-04-10,13.13,"Goblin Recruiter, Fireblast, Mountain, Goblin Soothsayer, Mountain"
Wilds of Eldraine Bundle Land Pack,Bundle Land Pack,Other,WOE,2023-09-08,0.0,"Plains, Plains, Forest, Forest, Island"
Wilds of Eldraine Foil Redemption,MTGO Redemption,Other,WOE,2023-10-04,208.27,"Agatha's Soul Cauldron, Beseech the Mirror, Moonshaker Cavalry, Talion, the Kindly Lord, Eriette of the Charmed Apple"
Wilds of Eldraine Redemption,MTGO Redemption,Other,WOE,2023-10-04,208.27,"Agatha's Soul Cauldron, Beseech the Mirror, Moonshaker Cavalry, Talion, the Kindly Lord, Eriette of the Charmed Apple"
Will Of The Masses,Intro Pack,Other,M15,2014-07-18,8.54,"Hornet Queen, Triplicate Spirits, Wall of Mulch, Forest, Phytotitan"
Wing and Claw,Arena Starter Deck,Other,GRN,2018-11-17,42.68,"Nezahal, Primal Tide, Settle the Wreckage, Goring Ceratops, Glacial Fortress, Azor, the Lawbringer"
Winged Stallion,Shandalar Enemy Deck,Other,PAST,1997-04-01,85.75,"Dancing Scimitar, Howling Mine, Psionic Entity, Counterspell, Island Sanctuary"
Wings of Light,Theme Deck,Other,PS11,2011-01-01,0.0,"Plains, Plains, Plains, Plains, Angel of Mercy"
Wise (1),Jumpstart,Other,TLE,2025-11-20,7.49,"Waterbender's Restoration, Whirlwind Technique, Consider, Coastal Piracy, Island"
Wise (2),Jumpstart,Other,TLE,2025-11-20,10.12,"The Blue Spirit, Whirlwind Technique, Consider, Island, Thriving Isle"
Witch,Shandalar Enemy Deck,Other,PAST,1997-04-01,74.65,"Greed, Nevinyrral's Disk, Dark Ritual, Will-o'-the-Wisp, Swamp"
Witch's Familiar,Secret Lair Drop,Other,SLD,2026-06-16,110.86,"Witch Enchanter // Witch-Blessed Meadow, Sheltered by Ghosts, Boseiju, Who Shelters All, Spirit of the Hearth, Wayfarer's Bauble"
Witch's Familiar Foil Edition,Secret Lair Drop,Other,SLD,2026-06-16,110.86,"Witch Enchanter // Witch-Blessed Meadow, Sheltered by Ghosts, Boseiju, Who Shelters All, Spirit of the Hearth, Wayfarer's Bauble"
Witchcraft (1),Jumpstart,Other,JMP,2020-07-17,4.73,"Cauldron Familiar, Witch of the Moors, Swamp, Swamp, Tempting Witch"
Witchcraft (2),Jumpstart,Other,JMP,2020-07-17,1.56,"Witch of the Moors, Swamp, Swamp, Tempting Witch, Bubbling Cauldron"
Wizards,Jumpstart,Other,FDN,2024-11-15,0.0,"Mischievous Mystic, Quick Study, Clinquant Skymage, Arcane Epiphany, Island"
Wizards (1),Jumpstart,Other,J25,2024-11-07,0.0,"Archaeomancer, Remand, Cloudkin Seer, Faerie Seer, Naban, Dean of Iteration"
Wizards (2),Jumpstart,Other,JMP,2020-07-17,0.0,"Riptide Laboratory, Opt, Shipwreck Dowser, Sea Gate Oracle, Island"
Wizards (3),Jumpstart,Other,JMP,2020-07-17,0.0,"Unsubstantiate, Talrand, Sky Summoner, Capture Sphere, Opt, Shipwreck Dowser"
Wizards (4),Jumpstart,Other,JMP,2020-07-17,0.0,"Rain of Revelation, Barrin, Tolarian Archmage, Shipwreck Dowser, Island, Island"
Wizards of the Street,Secret Lair Drop,Other,SLD,2022-12-19,71.36,"Spellseeker, Kess, Dissident Mage, Magus of the Wheel, Baral, Chief of Compliance"
Wizards of the Street Foil Edition,Secret Lair Drop,Other,SLD,2022-12-19,71.36,"Spellseeker, Kess, Dissident Mage, Magus of the Wheel, Baral, Chief of Compliance"
Wolfgang Eder - Goblin Bidding,World Championship Deck,Other,WC03,2003-08-06,81.66,"Goblin Sharpshooter, Bloodstained Mire, City of Brass, Smother, Patriarch's Bidding"
Wolves 1,Jumpstart,Other,J22,2022-12-02,0.0,"Arlinn, Voice of the Pack, Wicked Wolf, Packsong Pup, Wolfwillow Haven, Thriving Grove"
Wolves 2,Jumpstart,Other,J22,2022-12-02,3.14,"Master of the Wild Hunt, Arlinn, Voice of the Pack, Moonlight Hunt, Thriving Grove, Mild-Mannered Librarian"
Wolves 3,Jumpstart,Other,J22,2022-12-02,0.0,"Feed the Pack, Arlinn, Voice of the Pack, Kessig Cagebreakers, Predator's Howl, Hunger of the Howlpack"
Wolves 4,Jumpstart,Other,J22,2022-12-02,0.0,"Nightpack Ambusher, Arlinn, Voice of the Pack, Wolfwillow Haven, Thriving Grove, Mild-Mannered Librarian"
Woodland Warriors,Duel Deck,Other,DDU,2018-04-06,22.13,"Ezuri, Renegade Leader, Regal Force, Yeva, Nature's Herald, Elvish Mystic, Oran-Rief, the Vastwood"
World Aflame,Theme Deck,Other,9ED,2005-07-29,40.36,"Magnivore, Wildfire, Dancing Scimitar, Dragon's Claw, Mountain"
Worldwake Foil Redemption,MTGO Redemption,Other,WWK,2010-03-07,1243.62,"Jace, the Mind Sculptor, Eye of Ugin, Amulet of Vigor, Stoneforge Mystic, Bojuka Bog"
Worldwake Redemption,MTGO Redemption,Other,WWK,2010-03-07,1243.62,"Jace, the Mind Sculptor, Eye of Ugin, Amulet of Vigor, Stoneforge Mystic, Bojuka Bog"
Wrack and Rage,Event Deck,Other,RTR,2012-10-26,36.27,"Rakdos Charm, Dragonskull Summit, Stromkirk Noble, Mizzium Mortars, Devil's Play"
Wrath of Mages,Arena Starter Deck,Other,M19,2018-09-27,11.32,"Banefire, River's Rebuke, Sulfur Falls, Lightning Strike, Ghitu Lavarunner"
Wrath of the Mortals,Event Deck,Other,JOU,2014-05-23,15.67,"Searing Blood, Guttersnipe, Mizzium Mortars, Young Pyromancer, Ogre Battledriver"
Wu Kingdom,Theme Deck,Other,PTK,1999-05-01,160.78,"Sun Quan, Lord of Wu, Lu Xun, Scholar General, Exhaustion, Wu Longbowman, Preemptive Strike"
Year of the Rat,Secret Lair Drop,Other,SLD,2020-01-07,81.08,"Marrow-Gnawer, Rat Colony, Ink-Eyes, Servant of Oni, Pack Rat"
Young Avengers,Jumpstart,Other,MSH,2026-06-26,2.08,"Hulkling, Young Avenger, Wiccan, Young Avenger, Iron Lad, Young Avenger, Hawkeye, Young Avenger, Crossover Collaboration"
Zakk's First Deck,Intro Pack,Other,ITP,1996-12-31,36.35,"Plains, Forest, Scryb Sprites, Swamp, Grizzly Bears"
Zakk's Second Deck,Intro Pack,Other,ITP,1996-12-31,104.16,"War Mammoth, Elvish Archers, Wall of Bone, Warp Artifact, Plains"
Zealots (1),Jumpstart,Other,J25,2024-11-07,0.0,"Fling, Brute Strength, Thriving Bluff, Zealous Conscripts, Cartouche of Zeal"
Zealots (2),Jumpstart,Other,J25,2024-11-07,0.0,"Sandstorm Crasher, Fling, Thriving Bluff, Cartouche of Zeal, Anep, Vizier of Hazoret"
Zealots (3),Jumpstart,Other,J25,2024-11-07,0.0,"Combat Celebrant, Fling, Thriving Bluff, Cartouche of Zeal, Anep, Vizier of Hazoret"
Zealots (4),Jumpstart,Other,J25,2024-11-07,0.0,"Sandstorm Crasher, Fling, Thriving Bluff, Zealous Conscripts, Minotaur Sureshot"
Zendikar,Duel Deck,Other,DDP,2015-08-28,4.09,"Avenger of Zendikar, Scute Mob, Groundswell, Harrow, Primal Command"
Zendikar Fat Pack Land Pack,Bundle Land Pack,Other,ZEN,2009-10-02,168.97,"Island, Forest, Mountain, Forest, Plains"
Zendikar Foil Redemption,MTGO Redemption,Other,ZEN,2009-11-01,2053.22,"Mindbreak Trap, Scalding Tarn, Misty Rainforest, Iona, Shield of Emeria, Verdant Catacombs"
Zendikar Redemption,MTGO Redemption,Other,ZEN,2009-11-01,2053.22,"Mindbreak Trap, Scalding Tarn, Misty Rainforest, Iona, Shield of Emeria, Verdant Catacombs"
Zendikar Rising Bundle Land Pack,Bundle Land Pack,Other,ZNR,2020-09-25,0.0,"Swamp, Swamp, Plains, Plains, Island"
Zendikar Rising Foil Redemption,MTGO Redemption,Other,ZNR,2020-10-25,294.1,"Sea Gate Restoration // Sea Gate, Reborn, Agadeem's Awakening // Agadeem, the Undercrypt, Ashaya, Soul of the Wild, Valakut Awakening // Valakut Stoneforge, Malakir Rebirth // Malakir Mire"
Zendikar Rising Redemption,MTGO Redemption,Other,ZNR,2020-10-25,294.1,"Sea Gate Restoration // Sea Gate, Reborn, Agadeem's Awakening // Agadeem, the Undercrypt, Ashaya, Soul of the Wild, Valakut Awakening // Valakut Stoneforge, Malakir Rebirth // Malakir Mire"
Zendikar Rising Welcome Booster,Welcome Booster,Other,ZNR,2020-09-25,6.65,"Demon of Loathing, Vraska the Unseen, Forest, Bruna, Light of Alabaster, Commander's Sphere"
Zendikar's Rage,Intro Pack,Other,BFZ,2015-10-02,17.62,"Tunneling Geopede, Retreat to Kazandu, Blighted Woodland, Sylvan Scrying, Oran-Rief Hydra"
Zombie Empire,Planechase Deck,Other,HOP,2009-09-04,114.04,"Cabal Coffers, Grave Pact, Undead Warchief, Beseech the Queen, Noxious Ghoul"
Zombies,Deck Builder's Toolkit,Other,M13,2012-07-13,7.35,"Diregraf Captain, Black Cat, Veilborn Ghoul, Armored Skaab, Skaab Goliath"
Zombies 1,Jumpstart,Other,J22,2022-12-02,2.98,"Gravecrawler, Lord of the Accursed, Mire Triton, Necromancer's Stockpile, Cemetery Recruitment"
Zombies 2,Jumpstart,Other,J22,2022-12-02,0.0,"Liliana, Death's Majesty, Lord of the Accursed, Stitcher's Supplier, Cemetery Recruitment, Deadly Plot"
Zombies 3,Jumpstart,Other,J22,2022-12-02,5.74,"Endless Ranks of the Dead, Graf Harvest, Lord of the Accursed, Mire Triton, Cemetery Recruitment"
Zombies 4,Jumpstart,Other,J22,2022-12-02,0.0,"Lord of the Accursed, Liliana's Mastery, Undead Augur, Cemetery Recruitment, Deadly Plot"
Zombies Unleashed,Theme Deck,Other,LGN,2003-02-03,535.27,"Graveborn Muse, Withered Wretch, Soulless One, Noxious Ghoul, Shepherd of Rot"
Zuko,Jumpstart,Other,TLE,2025-11-20,17.2,"Zuko, Firebending Master, Lost in Memories, Frantic Confrontation, Thriving Bluff, Fists of Flame"
explosion sounds,Secret Lair Drop,Other,SLD,2019-12-07,73.49,"Goblin Sharpshooter, Goblin Lackey, Goblin King, Goblin Piledriver, Goblin Bushwhacker"
sAnS mERcY,Secret Lair Drop,Other,SLD,2024-05-30,84.0,"Torment of Hailfire, Mogis, God of Slaughter, Ruination, Massacre, Doom Blade"
sAnS mERcY Foil Edition,Secret Lair Drop,Other,SLD,2024-05-30,84.0,"Torment of Hailfire, Mogis, God of Slaughter, Ruination, Massacre, Doom Blade"
vroooOOOMMMMMM!,Secret Lair Drop,Other,SLD,2025-05-13,66.04,"Underworld Breach, Mishra's Bauble, Lava Dart, Monastery Swiftspear, Soul-Scar Mage"
vroooOOOMMMMMM! Foil Edition,Secret Lair Drop,Other,SLD,2025-05-13,66.04,"Underworld Breach, Mishra's Bauble, Lava Dart, Monastery Swiftspear, Soul-Scar Mage"
vroooOOOMMMMMM! Raised Foil Edition,Secret Lair Drop,Other,SLD,2025-05-13,147.01,"Underworld Breach, Mishra's Bauble, Lava Dart, Monastery Swiftspear, Soul-Scar Mage"
