Deck Name,Deck Type,Category,Set Code,Release Date,Total Value,Top 5 Cards
20 Ways to Win,Commander Deck,Commander,SLD,2024-12-04,419.15,"Revel in Riches, Heliod, Sun-Crowned, Sol Ring, Bountiful Promenade, Seedborn Muse"
Abzan Armor,Commander Deck,Commander,TDC,2025-04-11,49.71,"Seedborn Muse, Will of the Abzan, Betor, Ancestor's Voice, Staff of Compleation, Welcoming Vampire"
Adaptive Enchantment,Commander Deck,Commander,C18,2018-08-10,45.74,"Bear Umbra, Nylea's Colossus, Tuvasa the Sunlit, Herald of the Pantheon, Myth Unbound"
Ahoy Mateys,Commander Deck,Commander,LCC,2023-11-17,47.06,"Black Market Connections, Windfall, Vanquisher's Banner, Herald's Horn, Broadside Bombardiers"
Angels: They're Just Like Us but Cooler and with Wings,Commander Deck,Commander,SLD,2023-08-14,587.26,"Archangel of Thune, Commander's Plate, Bruna, the Fading Light // Brisela, Voice of Nightmares, Nykthos, Shrine to Nyx, Serra Ascendant"
Animated Army,Commander Deck,Commander,BLC,2024-08-02,45.56,"Lotus Cobra, Greater Good, Reliquary Tower, Thran Dynamo, Alchemist's Talent"
Arcane Maelstrom,Commander Deck,Commander,C20,2020-04-17,109.25,"Deflecting Swat, Twinning Staff, Dualcaster Mage, Lightning Greaves, Comet Storm"
Arcane Wizardry,Commander Deck,Commander,C17,2017-08-25,51.42,"Kindred Dominance, Polymorphist's Jest, Kess, Dissident Mage, Comet Storm, Curse of Opulence"
Arm for Battle,Commander Deck,Commander,CMR,2020-11-20,86.92,"Sigarda's Aid, Relentless Assault, Boros Charm, Dualcaster Mage, Timely Ward"
Aura of Courage,Commander Deck,Commander,AFC,2021-07-23,109.41,"Heroic Intervention, Robe of Stars, Winged Boots, Mantle of the Ancients, Sword of the Animist"
Avengers Assemble,Commander Deck,Commander,MSC,2026-06-26,77.02,"Black Widow, Agile Avenger, Spectator Seating, Kindred Discovery, Hulkbuster Armor, Raise the Palisade"
Avengers Assemble Collector's Edition,Commander Deck,Commander,MSC,2026-06-26,101.06,"Black Widow, Agile Avenger, Spectator Seating, Kindred Discovery, Hulkbuster Armor, Captain America, Living Legend"
Bedecked Brokers,Commander Deck,Commander,NCC,2022-04-29,74.85,"Damning Verdict, Power Conduit, Agent's Toolkit, Gavony Township, Steelbane Hydra"
Blame Game,Commander Deck,Commander,MKC,2024-02-09,120.04,"Trouble in Pairs, Smuggler's Share, Prisoner's Dilemma, Ghostly Prison, Duelist's Heritage"
Blast from the Past,Commander Deck,Commander,WHO,2023-10-13,168.25,"Heroic Intervention, Talisman of Unity, Three Visits, Talisman of Progress, Displaced Dinosaurs"
Blight Curse,Commander Deck,Commander,ECC,2026-01-23,18.92,"Chimil, the Inner Sun, Tree of Perdition, Sol Ring, Evolution Sage, Persist"
Blood Rites,Commander Deck,Commander,LCC,2023-11-17,99.69,"Exquisite Blood, Charismatic Conqueror, Elenda, the Dusk Rose, Elenda's Hierophant, Welcoming Vampire"
Braaains,Historic Brawl Precon Deck,Commander,MOM,2024-07-08,166.91,"Bojuka Bog, Coldsteel Heart, Vanquisher's Banner, Gempalm Polluter, Distant Melody"
Breed Lethality,Commander Deck,Commander,C16,2016-11-11,81.46,"Reyhan, Last of the Abzan, Cauldron of Souls, Cathars' Crusade, Kalonian Hydra, Brave the Sands"
Buckle Up,Commander Deck,Commander,NEC,2022-02-18,58.92,"Imposter Mech, Drumbellower, Cyberdrive Awakener, Shorikai, Genesis Engine, Swift Reconfiguration"
Built From Scratch,Commander Deck,Commander,C14,2014-11-07,93.78,"Goblin Welder, Ruby Medallion, Wurmcoil Engine, Arcane Lighthouse, Dualcaster Mage"
Cabaretti Cacophony,Commander Deck,Commander,NCC,2022-04-29,121.62,"Master of Ceremonies, Seize the Spotlight, Life of the Party, Call the Coppercoats, Scute Swarm"
Call for Backup,Commander Deck,Commander,MOC,2023-04-21,86.57,"Uncivil Unrest, Strionic Resonator, Shalai and Hallar, Kalonian Hydra, Gavony Township"
Call the Spirits,Commander Deck,Commander,C15,2015-11-13,68.47,"Karlov of the Ghost Council, Thief of Blood, Aura of Silence, Lightning Greaves, Black Market"
Cavalry Charge,Commander Deck,Commander,MOC,2023-04-21,66.45,"Chivalric Alliance, Herald of Hoofbeats, Herald's Horn, Vanquisher's Banner, Vodalian Wave-Knight"
Chaos Incarnate,Commander Deck,Commander,SCD,2022-12-02,22.67,"Lightning Greaves, Talisman of Indulgence, Soul Shatter, Nihil Spellbomb, Sol Ring"
Collateral Damage,Historic Brawl Precon Deck,Commander,MOM,2024-07-08,59.7,"Coldsteel Heart, Bloodghast, Zulaport Cutthroat, Hangarback Walker, Chandra's Incinerator"
Corrupting Influence,Commander Deck,Commander,ONC,2023-02-10,127.71,"Norn's Choirmaster, Glistening Sphere, Contaminant Grafter, Phyresis Outbreak, Norn's Decree"
Counter Blitz (FINAL FANTASY X),Commander Deck,Commander,FIC,2025-06-13,46.35,"Sphere Grid, Walking Ballista, Farewell, Three Visits, Damning Verdict"
Counter Blitz Collector's Edition (FINAL FANTASY X),Commander Deck,Commander,FIC,2025-06-13,49.93,"Sphere Grid, Walking Ballista, Farewell, Three Visits, Yuna, Grand Summoner"
Counter Intelligence,Commander Deck,Commander,EOC,2025-08-01,29.69,"Swan Song, Karn's Bastion, Ripples of Potential, Phyrexian Metamorph, Great Furnace"
Counterpunch,Commander Deck,Commander,CMD,2011-06-17,90.19,"Aura Shards, Attrition, Alliance of Arms, Skullclamp, Acorn Catapult"
Coven Counters,Commander Deck,Commander,MIC,2021-09-24,35.07,"Moonsilver Key, Gyre Sage, Herald of War, Heronblade Elite, Champion of Lambholt"
Creative Energy,Commander Deck,Commander,M3C,2024-06-14,42.1,"Akroma's Will, Professional Face-Breaker, Farewell, Goldspan Dragon, Talisman of Creativity"
Creative Energy Collector's Edition,Commander Deck,Commander,M3C,2024-06-14,56.58,"Akroma's Will, Professional Face-Breaker, Farewell, Goldspan Dragon, Cayth, Famed Mechanist"
Dance of the Elements,Commander Deck,Commander,ECC,2026-01-23,26.78,"Springleaf Parade, Endurance, Selvala, Heart of the Wilds, Abundant Countryside, Timeless Lotus"
Deadly Disguise,Commander Deck,Commander,MKC,2024-02-09,119.69,"Jeska's Will, Seedborn Muse, Toski, Bearer of Secrets, Beast Whisperer, Three Visits"
Death Toll,Commander Deck,Commander,DSC,2024-09-27,52.35,"Reanimate, Whip of Erebos, Arachnogenesis, Professor Onyx, Whispersilk Cloak"
Deathdancer Xira,MTGO Commander Deck,Commander,TD0,2009-08-26,0.0,"Barren Moor, Darigaaz's Caldera, Forest, Forest, Forest"
Deep Clue Sea,Commander Deck,Commander,MKC,2024-02-09,95.45,"Bennie Bracks, Zoologist, Adrix and Nev, Twincasters, Alandra, Sky Dreamer, Chulane, Teller of Tales, Academy Manufactor"
Desert Bloom,Commander Deck,Commander,OTC,2024-04-19,80.4,"Ancient Greenwarden, World Shaper, Scute Swarm, Sand Scout, Ramunap Excavator"
Devour for Power,Commander Deck,Commander,CMD,2011-06-17,95.11,"Grave Pact, Riddlekeeper, Memory Erosion, Windfall, Lightning Greaves"
Divine Convocation,Commander Deck,Commander,MOC,2023-04-21,72.77,"Nesting Dovehawk, The Locust God, Skullclamp, Suture Priest, Secure the Wastes"
Doom Prevails,Commander Deck,Commander,MSC,2026-06-26,125.34,"Molecule Man, Black Market Connections, Luxury Suite, Spark Double, Crumbling Necropolis"
Doom Prevails Collector's Edition,Commander Deck,Commander,MSC,2026-06-26,145.06,"Molecule Man, Black Market Connections, Luxury Suite, Spark Double, Crumbling Necropolis"
Draconic Destruction,Commander Deck,Commander,SCD,2022-12-02,18.24,"Elemental Bond, Vandalblast, Scourge of Valkas, Dragonspeaker Shaman, Dragon Tempest"
Draconic Dissent,Commander Deck,Commander,CLB,2022-06-10,135.26,"Astral Dragon, Artificer Class, Bothersome Quasit, Baeloth Barrityl, Entertainer, Niv-Mizzet, Parun"
Draconic Domination,Commander Deck,Commander,C17,2017-08-25,114.41,"Utvara Hellkite, Kindred Discovery, Scion of the Ur-Dragon, Scalelord Reckoner, Boneyard Scourge"
Draconic Rage,Commander Deck,Commander,AFC,2021-07-23,88.02,"Klauth, Unrivaled Ancient, Neverwinter Hydra, Dragonborn Champion, Wulfgar of Icewind Dale, Sword of Hours"
Dungeons of Death,Commander Deck,Commander,AFC,2021-07-23,73.32,"Wand of Orcus, Minn, Wily Illusionist, Nimbus Maze, Phantasmal Image, Lightning Greaves"
Eldrazi Incursion,Commander Deck,Commander,M3C,2024-06-14,123.55,"Eldrazi Confluence, Eldrazi Monument, Morophon, the Boundless, Eldritch Immunity, Forsaken Monument"
Eldrazi Incursion Collector's Edition,Commander Deck,Commander,M3C,2024-06-14,163.09,"Glaring Fleshraker, Azlask, the Swelling Scourge, Eldrazi Confluence, Eldrazi Monument, Morophon, the Boundless"
Eldrazi Unbound,Commander Deck,Commander,CMM,2023-08-04,235.84,"Darksteel Monolith, Rise of the Eldrazi, It That Betrays, Flayer of Loyalties, Skittering Cicada"
Elven Council,Commander Deck,Commander,LTC,2023-06-23,79.25,"Heroic Intervention, Raise the Palisade, Swan Song, Rejuvenating Springs, Galadhrim Ambush"
Elven Empire,Commander Deck,Commander,KHC,2021-02-05,75.06,"Wolverine Riders, Elvish Promenade, Beast Whisperer, Elven Ambush, Elderfang Venom"
Enchantress Rubinia,MTGO Commander Deck,Commander,TD0,2009-08-26,0.0,"Azorius Chancery, Bant Panorama, Coastal Tower, Elfhame Palace, Forest"
Endless Punishment,Commander Deck,Commander,DSC,2024-09-27,139.39,"Witch's Clinic, Persistent Constrictor, The Lord of Pain, Kederekt Parasite, Mogis, God of Slaughter"
Enduring Enchantments,Commander Deck,Commander,CMM,2023-08-04,145.32,"Starfield of Nyx, Ondu Spiritdancer, Narci, Fable Singer, Dryad of the Ilysian Grove, Mirari's Wake"
Enhanced Evolution,Commander Deck,Commander,C20,2020-04-17,87.83,"Deadly Rollick, Silent Arbiter, Tidal Barracuda, Beast Whisperer, Zaxara, the Exemplary"
Entropic Uprising,Commander Deck,Commander,C16,2016-11-11,160.22,"Burgeoning, Thrasios, Triton Hero, Chain of Vapor, Waste Not, Cruel Entertainment"
Eternal Bargain,Commander Deck,Commander,C13,2013-11-01,51.17,"Crawlspace, Toxic Deluge, Lim-Dûl's Vault, Sanguine Bond, Phyrexian Reclamation"
Eternal Might,Commander Deck,Commander,DRC,2025-02-14,20.35,"Renewed Solidarity, Bontu's Monument, The Scarab God, Drowned Catacomb, Talisman of Dominance"
Evasive Maneuvers,Commander Deck,Commander,CMA,2017-06-09,64.47,"Thousand-Year Elixir, Basalt Monolith, Borrowing 100,000 Arrows, Surveyor's Scope, Conjurer's Closet"
Everyone's Invited!,Commander Deck,Commander,SLD,2025-05-12,409.09,"Bitterblossom, Maskwood Nexus, Raise the Palisade, Sol Ring, Rin and Seri, Inseparable"
Exit from Exile,Commander Deck,Commander,CLB,2022-06-10,126.31,"Jeska's Will, Passionate Archaeologist, Delayed Blast Fireball, Nalfeshnee, Three Visits"
Explorers of the Deep,Commander Deck,Commander,LCC,2023-11-17,72.25,"Kindred Discovery, Herald of Secret Streams, Branching Evolution, Ripples of Potential, Reliquary Tower"
Exquisite Invention,Commander Deck,Commander,C18,2018-08-10,51.07,"Unwinding Clock, Varchild, Betrayer of Kjeldor, Mirrorworks, Endless Atlas, Treasure Nabber"
Faceless Menace,Commander Deck,Commander,C19,2019-08-23,72.5,"Seedborn Muse, Apex Altisaur, Strionic Resonator, Sudden Substitution, Overwhelming Stampede"
Fae Dominion,Commander Deck,Commander,WOC,2023-09-08,161.05,"Archmage of Echoes, Kindred Dominance, Alela, Cunning Conqueror, Misleading Signpost, Glen Elendra Archmage"
Faerie Schemes,Brawl Deck,Commander,ELD,2019-10-04,167.7,"Emergence Zone, Smothering Tithe, Watery Grave, Sephara, Sky's Blade, Massacre Girl"
Family Matters,Commander Deck,Commander,BLC,2024-08-02,39.34,"Helm of the Host, Agate Instigator, Pollywog Prodigy, Jacked Rabbit, Elspeth, Sun's Champion"
Feline Ferocity,Commander Deck,Commander,C17,2017-08-25,107.42,"Hammer of Nazahn, Qasali Slingers, Sword of the Animist, Mirari's Wake, Skullclamp"
First Flight,Commander Deck,Commander,SCD,2022-12-02,15.63,"Thought Vessel, True Conviction, Sephara, Sky's Blade, Counterspell, Sol Ring"
Flashy Fliers,Historic Brawl Precon Deck,Commander,MOM,2024-07-08,57.54,"Coldsteel Heart, Cavalier of Gales, Lyra Dawnbringer, Faerie Seer, Opt"
Food and Fellowship,Commander Deck,Commander,LTC,2023-06-23,64.83,"Birds of Paradise, Essence Warden, The Gaffer, Toxic Deluge, Sanguine Bond"
Forces of the Imperium,Commander Deck,Commander,40K,2022-10-07,214.42,"Celestine, the Living Saint, Reaver Titan, Commissar Severina Raine, Vexilus Praetor, Thunderhawk Gunship"
Forces of the Imperium Collector's Edition,Commander Deck,Commander,40K,2022-10-07,535.3,"Marneus Calgar, Celestine, the Living Saint, Vexilus Praetor, Commissar Severina Raine, Reaver Titan"
Forged In Stone,Commander Deck,Commander,C14,2014-11-07,102.2,"Emeria, the Sky Ruin, Grand Abolisher, Arcane Lighthouse, Cathars' Crusade, Skullclamp"
From Cute to Brute,Commander Deck,Commander,SLD,2023-05-08,351.89,"Nicol Bolas, the Ravager // Nicol Bolas, the Arisen, Westvale Abbey // Ormendahl, Profane Prince, Bloodline Keeper // Lord of Lineage, Archangel Avacyn // Avacyn, the Purifier, Valakut Awakening // Valakut Stoneforge"
Goblin Storm,Commander Deck,Commander,SLD,2026-05-18,548.93,"Roaming Throne, Sol Ring, Krenko, Mob Boss, Skullclamp, Broadside Bombardiers"
Grand Larceny,Commander Deck,Commander,OTC,2024-04-19,137.55,"Brainstealer Dragon, Orochi Soul-Reaver, Three Visits, Fallen Shinobi, Tower Winder"
Graveyard Overdrive,Commander Deck,Commander,M3C,2024-06-14,65.48,"The Reaver Cleaver, Barrowgoyf, Archon of Cruelty, Chandra's Ignition, Lightning Greaves"
Graveyard Overdrive Collector's Edition,Commander Deck,Commander,M3C,2024-06-14,87.05,"Barrowgoyf, The Reaver Cleaver, Archon of Cruelty, Chandra's Ignition, Accursed Marauder"
Growing Threat,Commander Deck,Commander,MOC,2023-04-21,67.29,"Filigree Vector, Bitterthorn, Nissa's Animus, Massacre Wurm, Vault of the Archangel, Karn's Bastion"
Guided By Nature,Commander Deck,Commander,C14,2014-11-07,109.75,"Ezuri, Renegade Leader, Grave Sifter, Joraga Warcaller, Sylvan Safekeeper, Crystal Vein"
Guided by Nature,Commander Deck,Commander,CMA,2017-06-09,129.67,"Joraga Warcaller, Grave Sifter, Ezuri, Renegade Leader, Sylvan Safekeeper, Crystal Vein"
"Hail, Caesar",Commander Deck,Commander,PIP,2024-03-08,247.23,"Pitiless Plunderer, Skullclamp, Talisman of Indulgence, Tainted Peak, Tainted Field"
"Heads I Win, Tails You Lose",Commander Deck,Commander,SLD,2022-04-22,495.48,"Shadowspear, Commander's Plate, Propaganda // Propaganda, Krark's Thumb // Krark's Thumb, Inventors' Fair"
Heavenly Inferno,Commander Deck,Commander,CMD,2011-06-17,76.35,"Pyrohemia, Mother of Runes, Stranglehold, Lightning Greaves, Comet Storm"
Invent Superiority,Commander Deck,Commander,C16,2016-11-11,67.85,"Silas Renn, Seeker Adept, Curse of Vengeance, Skullclamp, Bruse Tarl, Boorish Herder, Akiri, Line-Slinger"
Jeskai Striker,Commander Deck,Commander,TDC,2025-04-11,30.1,"Ghostly Prison, Reliquary Tower, Will of the Jeskai, Curse of Opulence, Ponder"
Jump Scare!,Commander Deck,Commander,DSC,2024-09-27,67.55,"Ashaya, Soul of the Wild, Giggling Skitterspike, Aesi, Tyrant of Gyre Strait, Scute Swarm, Reliquary Tower"
Knights' Charge,Brawl Deck,Commander,ELD,2019-10-04,48.18,"Godless Shrine, Colossus Hammer, Knight of the Ebon Legion, Icon of Ancestry, Skyknight Vanguard"
Land's Wrath,Commander Deck,Commander,ZNC,2020-09-25,23.16,"Geode Rager, Emeria Shepherd, Evolution Sage, Return of the Wildspeaker, Zendikar's Roil"
Legends' Legacy,Commander Deck,Commander,DMC,2022-09-09,131.25,"Shizo, Death's Storehouse, The Reaver Cleaver, Cadric, Soul Kindler, Bontu's Monument, Oketra's Monument"
Lightly Armored,Historic Brawl Precon Deck,Commander,MOM,2024-07-08,206.7,"Mirari's Wake, Ancestral Mask, Coldsteel Heart, Celestial Mantle, Thran Power Suit"
Limit Break (FINAL FANTASY VII),Commander Deck,Commander,FIC,2025-06-13,47.19,"Skullclamp, Professional Face-Breaker, Clever Concealment, Sword of the Animist, Darksteel Plate"
Limit Break Collector's Edition (FINAL FANTASY VII),Commander Deck,Commander,FIC,2025-06-13,65.99,"Zack Fair, Tifa, Martial Artist, Skullclamp, Professional Face-Breaker, Clever Concealment"
Living Energy,Commander Deck,Commander,DRC,2025-02-14,28.51,"Panharmonicon, Academy Ruins, Lightning Greaves, Conjurer's Closet, Stridehangar Automaton"
Lorehold Legacies,Commander Deck,Commander,C21,2021-04-23,65.82,"Thousand-Year Elixir, Monologue Tax, Boros Charm, Hellkite Tyrant, Darksteel Citadel"
Lorehold Spirit,Commander Deck,Commander,SOC,2026-04-24,37.94,"Moonshaker Cavalry, Bitterthorn, Nissa's Animus, Emeria, the Sky Ruin, Turbulent Steppe, Lotus Field"
Maestros Massacre,Commander Deck,Commander,NCC,2022-04-29,73.47,"Twinning Staff, Make an Example, Determined Iteration, Lightning Greaves, Kess, Dissident Mage"
Mardu Surge,Commander Deck,Commander,TDC,2025-04-11,37.86,"Skullclamp, Goldlust Triad, Lightning Greaves, Will of the Mardu, Grand Crescendo"
Masters of Evil,Commander Deck,Commander,WHO,2023-10-13,292.35,"Cybermen Squadron, Talisman of Dominance, Auton Soldier, Dalek Squadron, Talisman of Indulgence"
Merciless Rage,Commander Deck,Commander,C19,2019-08-23,53.46,"Bone Miser, Sanctum of Eternity, Curse of Fool's Wisdom, In Garruk's Wake, Magus of the Wheel"
Mind Flayarrrs,Commander Deck,Commander,CLB,2022-06-10,148.26,"Zellix, Sanity Flayer, Mindcrank, Brainstealer Dragon, Aboleth Spawn, Spellskite"
Mind Seize,Commander Deck,Commander,C13,2013-11-01,55.92,"Sudden Spoiling, Jace's Archivist, Prosperity, Temple Bell, Nekusar, the Mindrazer"
Miracle Worker,Commander Deck,Commander,DSC,2024-09-27,80.36,"Ondu Spiritdancer, Hall of Heliod's Generosity, Ancient Cellarspawn, Inkshield, Metamorphosis Fanatic"
Mirror Mastery,Commander Deck,Commander,CMD,2011-06-17,97.58,"Animar, Soul of Elements, Homeward Path, Collective Voyage, Lightning Greaves, Ruination"
Mishra's Burnished Banner,Commander Deck,Commander,BRC,2022-11-18,121.23,"Great Furnace, Strionic Resonator, Machine God's Effigy, Reliquary Tower, Lithoform Engine"
Most Wanted,Commander Deck,Commander,OTC,2024-04-19,106.26,"Seize the Spotlight, Command Beacon, Academy Manufactor, Heliod's Intervention, Boros Charm"
Mutant Menace,Commander Deck,Commander,PIP,2024-03-08,346.23,"Infesting Radroach, Mortuary Mire, Power Fist, Guardian Project, Atomize"
Mystic Intellect,Commander Deck,Commander,C19,2019-08-23,43.77,"Dockside Extortionist, Prismatic Strands, Clever Impersonator, Ghostly Prison, Wall of Stolen Identity"
Nature of the Beast,Commander Deck,Commander,C13,2013-11-01,48.72,"Homeward Path, Boros Charm, Khalni Garden, Tempt with Discovery, Wrath of God"
Nature's Vengeance,Commander Deck,Commander,C18,2018-08-10,18.79,"Fury Storm, Retreat to Hagra, Thantis, the Warweaver, Xantcha, Sleeper Agent, Stitch Together"
Necron Dynasties,Commander Deck,Commander,40K,2022-10-07,238.57,"Cryptothrall, Sceptre of Eternal Glory, Darkness, Canoptek Spyder, Resurrection Orb"
Necron Dynasties Collector's Edition,Commander Deck,Commander,40K,2022-10-07,540.38,"Sceptre of Eternal Glory, Cryptothrall, Canoptek Spyder, Resurrection Orb, Imotekh the Stormlord"
Obscura Operation,Commander Deck,Commander,NCC,2022-04-29,86.62,"Change of Plans, Smuggler's Share, Strionic Resonator, Currency Converter, Fallen Shinobi"
Open Hostility,Commander Deck,Commander,C16,2016-11-11,157.81,"Tymna the Weaver, Breath of Fury, Iroas, God of Victory, Ravos, Soultender, Boros Charm"
Painbow,Commander Deck,Commander,DMC,2022-09-09,69.7,"Tiller Engine, Two-Headed Hellkite, Fallaji Wayfarer, Nethroi, Apex of Death, Jenson Carthalion, Druid Exile"
Paradox Power,Commander Deck,Commander,WHO,2023-10-13,241.82,"Danny Pink, Rockfall Vale, Quantum Misalignment, Talisman of Curiosity, Beast Within"
Party Time,Commander Deck,Commander,CLB,2022-06-10,114.71,"Black Market Connections, Mother of Runes, Grim Hireling, Deep Gnome Terramancer, Folk Hero"
Peace Offering,Commander Deck,Commander,BLC,2024-08-02,59.07,"Twenty-Toed Toad, Kalonian Hydra, Loran of the Third Path, Reliquary Tower, Bloodroot Apothecary"
Peer Through Time,Commander Deck,Commander,C14,2014-11-07,71.71,"Cyclonic Rift, Sapphire Medallion, Breaching Leviathan, Crown of Doom, Thran Dynamo"
Phantom Premonition,Commander Deck,Commander,KHC,2021-02-05,47.77,"Eerie Interlude, Ghostly Prison, Windfall, Cosmic Intervention, Spectral Deluge"
Planar Portal,Commander Deck,Commander,AFC,2021-07-23,97.2,"Karazikar, the Eye Tyrant, Grim Hireling, Reckless Endeavor, Wild-Magic Sorcerer, Marionette Master"
Planeswalker Party,Commander Deck,Commander,CMM,2023-08-04,128.8,"Silent Arbiter, Spark Double, Chandra, Awakened Inferno, Teyo, Geometric Tactician, Fellwar Stone"
Plunder the Graves,Commander Deck,Commander,C15,2015-11-13,65.97,"Pathbreaker Ibex, Eldrazi Monument, Thief of Blood, Skullclamp, Lightning Greaves"
Political Puppets,Commander Deck,Commander,CMD,2011-06-17,65.13,"Flusterstorm, Insurrection, Ghostly Prison, Propaganda, Howling Mine"
Power Hungry,Commander Deck,Commander,C13,2013-11-01,66.92,"Goblin Sharpshooter, Primal Vigor, Goblin Bombardment, Khalni Garden, Swiftfoot Boots"
Primal Genesis,Commander Deck,Commander,C19,2019-08-23,59.75,"Marisi, Breaker of the Coil, Ohran Frostfang, Elemental Bond, Momentous Fall, Song of the Worldsoul"
Prismari Artistry,Commander Deck,Commander,SOC,2026-04-24,45.93,"Faerie Mastermind, Goldspan Dragon, Turbulent Springs, Lightning Greaves, Reliquary Tower"
Prismari Performance,Commander Deck,Commander,C21,2021-04-23,63.29,"Seething Song, Veyran, Voice of Duality, Reliquary Tower, Dualcaster Mage, Talisman of Creativity"
Quandrix Unlimited,Commander Deck,Commander,SOC,2026-04-24,37.57,"Three Visits, Ozolith, the Shattered Spire, Turbulent Wilderness, Reliquary Tower, Goldvein Hydra"
Quantum Quandrix,Commander Deck,Commander,C21,2021-04-23,44.16,"Spawning Kraken, Ruxa, Patient Professor, Guardian Augmenter, Rapid Hybridization, Deekah, Fractal Theorist"
Quick Draw,Commander Deck,Commander,OTC,2024-04-19,107.0,"Winged Boots, Mizzix's Mastery, Arcane Bombardment, Veyran, Voice of Duality, Niv-Mizzet, Parun"
Raining Cats and Dogs,Commander Deck,Commander,SLD,2024-01-22,418.86,"Anointed Procession // Anointed Procession, Sol Ring // Sol Ring, Jetmir, Nexus of Revels // Jetmir, Nexus of Revels, Lurking Predators, Jetmir's Garden"
Reap the Tides,Commander Deck,Commander,CMR,2020-11-20,42.09,"Nezahal, Primal Tide, Ramunap Excavator, Murkfiend Liege, Reliquary Tower, Swiftfoot Boots"
Rebellion Rising,Commander Deck,Commander,ONC,2023-02-10,103.14,"Flawless Maneuver, Clever Concealment, Otharri, Suns' Glory, Hexplate Wallbreaker, Call the Coppercoats"
Revenant Recon,Commander Deck,Commander,MKC,2024-02-09,109.33,"Necromancy, Animate Dead, Reanimate, Rise of the Dark Realms, Doom Whisperer"
Revival Trance (FINAL FANTASY VI),Commander Deck,Commander,FIC,2025-06-13,28.04,"Reanimate, Pitiless Plunderer, Rise of the Dark Realms, Swiftfoot Boots, Talisman of Indulgence"
Revival Trance Collector's Edition (FINAL FANTASY VI),Commander Deck,Commander,FIC,2025-06-13,38.13,"Reanimate, Pitiless Plunderer, Rise of the Dark Realms, Phoenix Down, Laughing Mad"
Riders of Rohan,Commander Deck,Commander,LTC,2023-06-23,43.71,"Door of Destinies, Herald's Horn, Vanquisher's Banner, Taunt from the Rampart, Forth Eorlingas!"
Riveteers Rampage,Commander Deck,Commander,NCC,2022-04-29,53.52,"Jolene, the Plunder Queen, World Shaper, Life's Legacy, Industrial Advancement, Protection Racket"
Ruthless Regiment,Commander Deck,Commander,C20,2020-04-17,79.18,"Flawless Maneuver, Species Specialist, Molten Echoes, Skullclamp, Call the Coppercoats"
Savage Hunger,Brawl Deck,Commander,ELD,2019-10-04,67.9,"Evolution Sage, Stomping Ground, Rhythm of the Wild, Krenko, Tin Street Kingpin, Dreadhorde Invasion"
Science!,Commander Deck,Commander,PIP,2024-03-08,306.56,"Nuka-Cola Vending Machine, Bottle-Cap Blast, Lightning Greaves, Talisman of Creativity, Thought Vessel"
Scions & Spellcraft (FINAL FANTASY XIV),Commander Deck,Commander,FIC,2025-06-13,46.39,"Tataru Taru, Snuff Out, Champions from Beyond, Authority of the Consuls, Sunken Ruins"
Scions & Spellcraft Collector's Edition (FINAL FANTASY XIV),Commander Deck,Commander,FIC,2025-06-13,64.34,"Tataru Taru, Snuff Out, Champions from Beyond, Authority of the Consuls, Circle of Power"
Scrappy Survivors,Commander Deck,Commander,PIP,2024-03-08,305.6,"Silver Shroud Costume, Codsworth, Handy Helper, Heroic Intervention, Perception Bobblehead, Path to Exile"
Seize Control,Commander Deck,Commander,C15,2015-11-13,52.6,"Jace's Archivist, Mizzix's Mastery, Blatant Thievery, Reliquary Tower, Windfall"
Silverquill Influence,Commander Deck,Commander,SOC,2026-04-24,47.95,"Land Tax, Turbulent Moor, Animate Dead, Ghostly Prison, Inkshield"
Silverquill Statement,Commander Deck,Commander,C21,2021-04-23,94.83,"Stinging Study, Tempting Contract, Incarnation Technique, Ghostly Prison, Inkshield"
Sliver Swarm,Commander Deck,Commander,CMM,2023-08-04,165.68,"Sliver Hivelord, Three Visits, Hatchery Sliver, Lazotep Sliver, Syphon Sliver"
Smashing Stampede,Historic Brawl Precon Deck,Commander,MOM,2024-07-08,147.17,"The Great Henge, Surrak and Goreclaw, Coldsteel Heart, Shivan Devastator, Elvish Mystic"
Sneak Attack,Commander Deck,Commander,ZNC,2020-09-25,30.6,"Sygg, River Cutthroat, Notorious Throng, In Garruk's Wake, Blackblade Reforged, Zulaport Cutthroat"
Spirit Squadron,Commander Deck,Commander,VOC,2021-11-19,34.28,"Kami of the Crescent Moon, Ghostly Prison, Arcane Denial, Knight of the White Orchid, Darksteel Mutation"
Squirreled Away,Commander Deck,Commander,BLC,2024-08-02,85.78,"Chatterfang, Squirrel General, Toski, Bearer of Secrets, Skullclamp, Academy Manufactor, Saw in Half"
Stalwart Unity,Commander Deck,Commander,C16,2016-11-11,191.54,"Lurking Predators, Wave of Reckoning, Benefactor's Draught, Homeward Path, Swan Song"
Subjective Reality,Commander Deck,Commander,C18,2018-08-10,34.67,"Silent-Blade Oni, Yuriko, the Tiger's Shadow, Sower of Discord, Varina, Lich Queen, Ninja of the Deep Hours"
Sultai Arisen,Commander Deck,Commander,TDC,2025-04-11,61.6,"Colossal Grave-Reaver, Command Beacon, Teval's Judgment, Life from the Loam, Dauthi Voidwalker"
Swell the Host,Commander Deck,Commander,C15,2015-11-13,54.05,"Arachnogenesis, Command Beacon, Reliquary Tower, Caller of the Claw, Beastmaster Ascension"
Sworn To Darkness,Commander Deck,Commander,C14,2014-11-07,82.33,"Jet Medallion, Crypt Ghast, Arcane Lighthouse, Sudden Spoiling, Crypt of Agadeem"
Symbiotic Swarm,Commander Deck,Commander,C20,2020-04-17,39.77,"Akroma, Angel of Wrath, Gavony Township, Obscuring Haze, Karametra, God of Harvests, Slippery Bogbonder"
Temur Roar,Commander Deck,Commander,TDC,2025-04-11,41.41,"Ureni of the Unwritten, Elemental Bond, Dragon Tempest, Talisman of Creativity, Hellkite Courser"
The Fantastic Four,Commander Deck,Commander,MSC,2026-06-26,128.28,"Crystal, Inhuman Princess, The Fantasticar, Galactus, Devourer of Worlds, Clever Concealment, Quantum Misalignment"
The Fantastic Four Collector's Edition,Commander Deck,Commander,MSC,2026-06-26,151.38,"Crystal, Inhuman Princess, The Fantasticar, Galactus, Devourer of Worlds, Mister Fantastic, Clever Concealment"
The Hosts of Mordor,Commander Deck,Commander,LTC,2023-06-23,72.92,"Cavern-Hoard Dragon, The Black Gate, Relic of Sauron, Reanimate, Living Death"
The Ruinous Powers,Commander Deck,Commander,40K,2022-10-07,206.35,"Bloodthirster, Exalted Flamer of Tzeentch, Magnus the Red, Nurgle's Rot, Keeper of Secrets"
The Ruinous Powers Collector's Edition,Commander Deck,Commander,40K,2022-10-07,521.61,"Bloodthirster, Magnus the Red, Exalted Flamer of Tzeentch, Be'lakor, the Dark Master, Nurgle's Rot"
Timeless Wisdom,Commander Deck,Commander,C20,2020-04-17,109.3,"Fierce Guardianship, Surly Badgersaur, Brallin, Skyshark Rider, The Locust God, Windfall"
Timey-Wimey,Commander Deck,Commander,WHO,2023-10-13,196.91,"Everybody Lives!, Dinosaurs on a Spaceship, Wedding Ring, Flesh Duplicate, Nanogene Conversion"
Tinker Time,Commander Deck,Commander,MOC,2023-04-21,41.38,"Academy Manufactor, Hedron Detonator, Pain Distributor, Tireless Provisioner, Curse of Opulence"
Token Triumph,Commander Deck,Commander,SCD,2022-12-02,10.5,"Champion of Lambholt, Sol Ring, Idol of Oblivion, Felidar Retreat, Eternal Witness"
Tricky Terrain,Commander Deck,Commander,M3C,2024-06-14,115.23,"Talon Gates of Madara, Yavimaya, Cradle of Growth, Dryad of the Ilysian Grove, Scute Swarm, Ramunap Excavator"
Tricky Terrain Collector's Edition,Commander Deck,Commander,M3C,2024-06-14,135.96,"Talon Gates of Madara, Yavimaya, Cradle of Growth, Dryad of the Ilysian Grove, Planar Nexus, Scute Swarm"
Turtle Power!,Commander Deck,Commander,TMC,2026-03-06,66.51,"City of Brass, Spire Garden, Undergrowth Stadium, Irma, Part-Time Mutant, Michelangelo, the Heart"
Tyranid Swarm,Commander Deck,Commander,40K,2022-10-07,189.27,"Ghyrson Starn, Kelermorph, Shadow in the Warp, Biophagus, Sporocyst, Nexos"
Tyranid Swarm Collector's Edition,Commander Deck,Commander,40K,2022-10-07,524.57,"Ghyrson Starn, Kelermorph, Biophagus, Shadow in the Warp, Magus Lucea Kane, Sporocyst"
Undead Unleashed,Commander Deck,Commander,MIC,2021-09-24,49.75,"Diregraf Colossus, Endless Ranks of the Dead, Hordewing Skaab, Death Baron, Cleaver Skaab"
Upgrades Unleashed,Commander Deck,Commander,NEC,2022-02-18,63.5,"Bear Umbra, Akki Battle Squad, Blackblade Reforged, Komainu Battle Armor, Rhythm of the Wild"
Urza's Iron Alliance,Commander Deck,Commander,BRC,2022-11-18,82.17,"Skullclamp, Relic of Progenitus, Thought Vessel, Preordain, Vault of Whispers"
Vampiric Bloodline,Commander Deck,Commander,VOC,2021-11-19,54.63,"Molten Echoes, Nirkana Revenant, Shadowgrange Archfiend, Malakir Bloodwitch, Vandalblast"
Vampiric Bloodlust,Commander Deck,Commander,C17,2017-08-25,150.01,"Teferi's Protection, Door of Destinies, Kindred Charge, Licia, Sanguine Tribune, Skullclamp"
Veloci-Ramp-Tor,Commander Deck,Commander,LCC,2023-11-17,83.41,"Akroma's Will, Xenagos, God of Revels, Apex Altisaur, Chandra's Ignition, Rhythm of the Wild"
Virtue and Valor,Commander Deck,Commander,WOC,2023-09-08,124.25,"Retether, Hall of Heliod's Generosity, Bear Umbra, Mantle of the Ancients, Umbra Mystic"
Wade into Battle,Commander Deck,Commander,C15,2015-11-13,67.96,"Urza's Incubator, Blade of Selves, Basalt Monolith, Lightning Greaves, Gisela, Blade of Goldnight"
Wakanda Forever,Commander Deck,Commander,MSC,2026-06-26,57.38,"Birds of Paradise, Bountiful Promenade, Helm of the Host, Hammer of Nazahn, Panther Habit"
Wakanda Forever Collector's Edition,Commander Deck,Commander,MSC,2026-06-26,59.11,"Birds of Paradise, Bountiful Promenade, Helm of the Host, Hammer of Nazahn, Panther Habit"
Wild Bounty,Brawl Deck,Commander,ELD,2019-10-04,70.69,"Hallowed Fountain, Biomancer's Familiar, Circuitous Route, Risen Reef, Steelbane Hydra"
Witherbloom Pestilence,Commander Deck,Commander,SOC,2026-04-24,30.46,"Turbulent Fen, Stensian Sanguinist // Exsanguinate, Toxic Deluge, Ohran Frostfang, Blood Artist"
Witherbloom Witchcraft,Commander Deck,Commander,C21,2021-04-23,85.25,"Witch's Clinic, Alhammarret's Archive, Venser's Journal, Gyome, Master Chef, Sapling of Colfenor"
World Shaper,Commander Deck,Commander,EOC,2025-08-01,23.85,"Braids, Arisen Nightmare, Exploration Broodship, Nature's Lore, Oracle of Mul Daya, Horizon Explorer"
2014 Full Art Land Set,Box Set,Other,J14,2014-01-01,410.61,"Island, Forest, Swamp, Plains, Mountain"
30th Anniversary Countdown Kit,Secret Lair Drop,Other,SLC,2022-11-01,638.49,"Chrome Mox, Necropotence, Deathrite Shaman, Birthing Pod, Lim-Dûl's Vault"
A Box of Rocks,Secret Lair Drop,Other,SLD,2021-03-15,37.49,"Arcane Signet, Commander's Sphere, Chromatic Lantern, Gilded Lotus, Darksteel Ingot"
A Box of Rocks Foil Edition,Secret Lair Drop,Other,SLD,2021-03-15,37.49,"Arcane Signet, Commander's Sphere, Chromatic Lantern, Gilded Lotus, Darksteel Ingot"
A Devastation of Dragons,Secret Lair Drop,Other,SLD,2025-02-20,73.88,"Kokusho, the Evening Star, Scion of the Ur-Dragon, Niv-Mizzet, Parun, Skyline Despot"
Aang,Jumpstart,Other,TLE,2025-11-20,17.16,"Aang, Airbending Master, Cloudshift, Kindly Customer, Momo, Rambunctious Rascal, Enter the Avatar State"
Above the Clouds (1),Jumpstart,Other,JMP,2020-07-17,0.0,"Lofty Denial, Unsubstantiate, Tide Skimmer, Capture Sphere, Rain of Revelation"
Above the Clouds (2),Jumpstart,Other,JMP,2020-07-17,0.0,"Lofty Denial, Unsubstantiate, Tide Skimmer, Capture Sphere, Rain of Revelation"
Above the Clouds (3),Jumpstart,Other,JMP,2020-07-17,0.0,"Lofty Denial, Unsubstantiate, Tide Skimmer, Capture Sphere, Rain of Revelation"
Above the Clouds (4),Jumpstart,Other,JMP,2020-07-17,4.67,"Kira, Great Glass-Spinner, Lofty Denial, Unsubstantiate, Tide Skimmer, Capture Sphere"
Absolute Annihilation,Secret Lair Drop,Other,SLD,2023-09-15,58.59,"Mass Hysteria, Terminate, Abrade, Oppression"
Absolute Annihilation Foil Edition,Secret Lair Drop,Other,SLD,2023-09-15,58.59,"Mass Hysteria, Terminate, Abrade, Oppression"
Abzan Siege,Intro Pack,Other,KTK,2014-09-26,7.53,"Abzan Falconer, Eternal Thirst, Abzan Battle Priest, Sandsteppe Citadel, Sungrace Pegasus"
Adaptive,Jumpstart,Other,TLE,2025-11-20,13.53,"The Blue Spirit, Princess Yue, Boomerang Basics, Frantic Search, Thriving Isle"
Adept (1),Jumpstart,Other,TLE,2025-11-20,4.05,"Dramatic Reversal, Nightmares and Daydreams, Thriving Isle, Island, Katara, Bending Prodigy"
Adept (2),Jumpstart,Other,TLE,2025-11-20,3.01,"Consider, Nightmares and Daydreams, Octopus Form, Thriving Isle, Island"
Adventures in the Forgotten Realms Bundle Land Pack,Bundle Land Pack,Other,AFR,2021-07-23,0.0,"Forest, Forest, Forest, Forest, Swamp"
Adventures in the Forgotten Realms Foil Redemption,MTGO Redemption,Other,AFR,2021-08-22,269.91,"Old Gnawbone, Tiamat, Circle of Dreams Druid, Teleportation Circle, The Book of Exalted Deeds"
Adventures in the Forgotten Realms Redemption,MTGO Redemption,Other,AFR,2021-08-22,269.91,"Old Gnawbone, Tiamat, Circle of Dreams Druid, Teleportation Circle, The Book of Exalted Deeds"
Adventures in the Forgotten Realms Welcome Booster,Welcome Booster,Other,AFR,2021-07-23,2.34,"Cleric Class, Atarka, World Render, Sunblast Angel, Tyrant's Familiar, Jiang Yanggu, Wildcrafter"
Adventures of the Little Witch,Secret Lair Drop,Other,SLD,2025-04-23,67.71,"Realms Uncharted, Esika's Chariot, Secret Rendezvous, Serenity"
Adventures of the Little Witch Foil Edition,Secret Lair Drop,Other,SLD,2025-04-23,67.71,"Realms Uncharted, Esika's Chariot, Secret Rendezvous, Serenity"
Aeo Paquette - Affinity,World Championship Deck,Other,WC04,2004-09-01,63.87,"Chrome Mox, Arcbound Ravager, Great Furnace, Welding Jar, Thoughtcast"
Aerial Acrobatics,Game Night Deck,Other,GN2,2019-11-15,19.45,"Agent of Treachery, Dramatic Reversal, Engulf the Shore, River's Rebuke, Winged Words"
Aerial Domination,Arena Starter Deck,Other,ANB,2020-08-13,0.0,"Wall of Runes, Sworn Guardian, Waterkin Shaman, Cloudkin Seer, Warden of Evos Isle"
Aerodoom,Theme Deck,Other,BTD,2000-10-01,31.0,"Dark Ritual, Counterspell, Power Sink, Drain Life, Brainstorm"
Aether Drifters,Secret Lair Drop,Other,SLD,2025-02-11,20.45,"Smuggler's Copter // Smuggler's Copter, Parhelion II // Parhelion II, Mechtitan Core // Mechtitan Core, Reckoner Bankbuster // Reckoner Bankbuster, Peacewalker Colossus // Peacewalker Colossus"
Aether Drifters Foil Edition,Secret Lair Drop,Other,SLD,2025-02-11,20.45,"Smuggler's Copter // Smuggler's Copter, Parhelion II // Parhelion II, Mechtitan Core // Mechtitan Core, Reckoner Bankbuster // Reckoner Bankbuster, Peacewalker Colossus // Peacewalker Colossus"
Aether Revolt Foil Redemption,MTGO Redemption,Other,AER,2017-02-19,236.85,"Paradox Engine, Walking Ballista, Heroic Intervention, Whir of Invention, Felidar Guardian"
Aether Revolt Redemption,MTGO Redemption,Other,AER,2017-02-19,236.85,"Paradox Engine, Walking Ballista, Heroic Intervention, Whir of Invention, Felidar Guardian"
Aetherdrift Redemption,MTGO Redemption,Other,DFT,2025-03-13,173.43,"Riverpyre Verge, The Aetherspark, Monument to Endurance, Bleachbone Verge, Sunbillow Verge"
Aga Galneer,Shandalar Enemy Deck,Other,PAST,1997-04-01,170.63,"Greed, El-Hajjâj, Sol Ring, Spirit Link, Savannah Lions"
Agents of S.H.I.E.L.D.,Jumpstart,Other,MSH,2026-06-26,0.0,"Nick Fury, Spymaster, Agent Phil Coulson, Strategic Intervention, Peggy Carter, Secret Agent, Agent 13, Sharon Carter"
Air Forces,MTGO Theme Deck,Other,WTH,2007-12-12,18.8,"Debt of Loyalty, Impulse, Island, Island, Memory Lapse"
Air Razers,Theme Deck,Other,JUD,2002-05-27,385.82,"Worldgorger Dragon, Flash of Insight, Wonder, Lava Dart, Dwarven Scorcher"
Airbending,Jumpstart,Other,TLE,2025-11-20,8.83,"Monk Gyatso, Airbender Ascension, Thriving Heath, Plains, Appa, Loyal Sky Bison"
Ajani,Planeswalker Deck,Other,M19,2018-07-13,8.88,"Ajani, Wise Counselor, Herald of Faith, Mentor of the Meek, Plains, Plains"
Ajani Goldmane,Duel Deck,Other,DDH,2011-09-02,13.12,"Essence Warden, Ajani Vengeant, Titanic Ultimatum, Spitemare, Forest"
"Ajani, Inspiring Leader",Planeswalker Deck,Other,M20,2019-07-29,12.16,"Ajani, Inspiring Leader, Angel of Vitality, Plains, Twinblade Paladin, Serra's Guardian"
"Ajani, Valiant Protector",Planeswalker Deck,Other,AER,2017-01-20,5.66,"Ajani, Valiant Protector, Narnam Renegade, Aid from the Cowl, Unbridled Growth, Plains"
Alara Reborn Foil Redemption,MTGO Redemption,Other,ARB,2009-05-30,520.51,"Wargate, Sen Triplets, Lord of Extinction, Time Sieve, Uril, the Miststalker"
Alara Reborn Redemption,MTGO Redemption,Other,ARB,2009-05-30,520.51,"Wargate, Sen Triplets, Lord of Extinction, Time Sieve, Uril, the Miststalker"
Alex Borteh - Merfolk Opposition,World Championship Deck,Other,WC01,2001-08-08,41.42,"Gush, Static Orb, Lord of Atlantis, Island, Waterfront Bouncer"
Alien Auroras,Secret Lair Drop,Other,SLD,2025-07-29,86.15,"Crucible of Worlds, Sylvan Safekeeper, Zuran Orb, Reprocess, Aggressive Mining"
Alien Auroras Galaxy Foil Edition,Secret Lair Drop,Other,SLD,2025-07-29,86.15,"Crucible of Worlds, Sylvan Safekeeper, Zuran Orb, Reprocess, Aggressive Mining"
Alliance (1),Jumpstart,Other,TLE,2025-11-20,2.65,"The Duke, Rebel Sentry, South Pole Voyager, Thriving Heath, Plains, Mechanical Glider"
Alliance (2),Jumpstart,Other,TLE,2025-11-20,3.92,"The Duke, Rebel Sentry, Jet, Rebel Leader, South Pole Voyager, Thriving Heath, Plains"
Allied Fires,Challenger Deck,Other,Q04,2020-04-03,34.61,"Steam Vents, Narset, Parter of Veils, Ugin, the Ineffable, Kenrith, the Returned King, Saheeli, Sublime Artificer"
Alt-A-Kesh,Shandalar Enemy Deck,Other,PAST,1997-04-01,8047.78,"Timetwister, Time Walk, Junún Efreet, Birds of Paradise, Energy Flux"
Amonkhet Foil Redemption,MTGO Redemption,Other,AKH,2017-05-28,417.22,"Anointed Procession, Nest of Scarabs, Bontu's Monument, Combat Celebrant, Oketra's Monument"
Amonkhet Redemption,MTGO Redemption,Other,AKH,2017-05-28,417.22,"Anointed Procession, Nest of Scarabs, Bontu's Monument, Combat Celebrant, Oketra's Monument"
Amonkhet Welcome Deck - Black,Welcome Deck,Other,W17,2017-04-15,0.0,"Swamp, Swamp, Swamp, Dune Beetle, Gravedigger"
Amonkhet Welcome Deck - Blue,Welcome Deck,Other,W17,2017-04-15,0.0,"Island, Island, Nimble Innovator, Ancient Crab, Island"
Amonkhet Welcome Deck - Green,Welcome Deck,Other,W17,2017-04-15,1.1,"Sixth Sense, Forest, Forest, Forest, Druid of the Cowl"
Amonkhet Welcome Deck - Red,Welcome Deck,Other,W17,2017-04-15,1.12,"Mountain, Mountain, Renegade Tactics, Mountain, Fling"
Amonkhet Welcome Deck - White,Welcome Deck,Other,W17,2017-04-15,0.0,"Plains, Plains, Plains, Inspired Charge, Bastion Enforcer"
An Encyclopedia of Magic,Secret Lair Drop,Other,SLC,2025-11-03,444.4,"Urza's Saga, Phyrexian Altar, Field of the Dead, Sol Ring, Myrel, Shield of Argive"
Analyzed,Jumpstart,Other,MSH,2026-06-26,3.37,"Vision, Spectral Synthezoid, Timeline Inquiry, Echo, Perceptive Prodigy, Machine Man, Model X-51, Quantum Reduction"
Ancient Arsenal,Starter Kit,Other,ACR,2024-07-05,28.85,"Surtr, Fiery Jötun, Battlefield Improvisation, Bureau Headmaster, Eivor, Battle-Ready, Escarpment Fortress"
Ancient Discovery,Arena Starter Deck,Other,OTJ,2024-07-08,36.17,"Bonehoard Dracosaur, Warleader's Call, Anim Pakal, Thousandth Moon, Aurelia, the Law Above, Inspiring Vantage"
Angelic Accountants,Arena Starter Deck,Other,SNC,2022-09-09,17.86,"Elspeth Resplendent, Deserted Beach, Planar Incision, Lion Sash, Giada, Font of Hope"
Angelic Army,Arena Starter Deck,Other,ANB,2019-09-26,0.0,"Ajani's Pridemate, Dawn of Hope, Meteor Golem, Serra's Guardian, Loxodon Lifechanter"
Angelic Army 2,Arena Starter Deck,Other,ANB,2020-03-12,0.0,"Ajani's Pridemate, Dawn of Hope, Serra's Guardian, Loxodon Lifechanter, Moment of Heroism"
Angelic Fury,Intro Pack,Other,SOI,2016-04-08,0.0,"Nahiri's Machinations, Dance with Devils, Gryff's Boon, Flameblade Angel, Plains"
Angelic Might,Intro Pack,Other,AVR,2012-05-04,54.23,"Seraph Sanctuary, Forest, Herald of War, Rampant Growth, Forest"
Angels,Theme Deck,Other,PSAL,2005-08-01,0.0,"Island, Island, Island, Island, Island"
Angels (1),Jumpstart,Other,JMP,2020-07-17,6.63,"Baneslayer Angel, Angelic Ascension, Plains, Guardian Idol, Feat of Resistance"
Angels (2),Jumpstart,Other,J25,2024-11-07,2.43,"Herald of War, Giada, Font of Hope, Rally of Wings, Youthful Valkyrie, Secluded Steppe"
"Angrath, Minotaur Pirate",Planeswalker Deck,Other,RIX,2018-01-19,30.73,"Vanquisher's Banner, Angrath, Minotaur Pirate, Mountain, Swamp, Dire Fleet Neckbreaker"
Animal,Jumpstart,Other,MSH,2026-06-26,24.75,"Tippy-Toe, Terrific Partner, Lucky the Pizza Dog, Heroic Feast, Tigra, Feline Fury, Scout the City"
Animar & Friends,Secret Lair Drop,Other,SLD,2025-02-03,93.0,"Animar, Soul of Elements, All Will Be One, Benevolent Hydra, Forgotten Ancient, Mulldrifter"
Anthousa's Army,Intro Pack,Other,THS,2013-09-27,18.73,"Bow of Nylea, Elvish Mystic, Forest, Plains, Forest"
Antoine Ruel - Blue-Black-Red Nether-Go,World Championship Deck,Other,WC01,2001-08-08,98.72,"Tsabo's Web, Accumulated Knowledge, Shivan Reef, Counterspell, Island"
Ape Lord,Shandalar Enemy Deck,Other,PAST,1997-04-01,457.15,"Mountain, Mana Vault, Killer Bees, Birds of Paradise, Shivan Dragon"
Apocalypse Foil Redemption,MTGO Redemption,Other,APC,2001-07-04,2867.87,"Llanowar Wastes, Pernicious Deed, Shivan Reef, Yavimaya Coast, Phyrexian Arena"
Apocalypse Redemption,MTGO Redemption,Other,APC,2001-07-04,2867.87,"Llanowar Wastes, Pernicious Deed, Shivan Reef, Yavimaya Coast, Phyrexian Arena"
April Fools,Secret Lair Drop,Other,SLD,2020-09-30,22.43,"Goblin Snowman, Storm Crow, Mudhole"
Aragorn at Helm's Deep,Box Set,Other,LTC,2023-11-03,63.74,"Legolas's Quick Reflexes, Andúril, Narsil Reforged, Gimli's Reckless Might, Aragorn, Hornburg Hero, Isengard Unleashed"
Arcade Racers,Secret Lair Drop,Other,SLD,2025-02-11,48.87,"Final Fortune, Big Score, Wheel of Misfortune, Heat Shimmer, Roiling Vortex"
Arcade Racers Foil Edition,Secret Lair Drop,Other,SLD,2025-02-11,48.87,"Final Fortune, Big Score, Wheel of Misfortune, Heat Shimmer, Roiling Vortex"
Arcane,Secret Lair Drop,Other,SLD,2022-05-06,111.94,"Rhystic Study, Seize the Day, Thran Dynamo, Duress, Path to Exile"
Arcane Aggression,Arena Starter Deck,Other,LTR,2023-06-20,28.87,"Urabrask // The Great Work, Flame of Anor, Gandalf the Grey, Shivan Reef, Third Path Iconoclast"
Arcane Foil Edition,Secret Lair Drop,Other,SLD,2022-05-06,111.94,"Rhystic Study, Seize the Day, Thran Dynamo, Duress, Path to Exile"
Arcane Inventions,Arena Starter Deck,Other,M19,2018-09-27,6.84,"Sai, Master Thopterist, Diamond Mare, Island, Arcane Encyclopedia, Zahid, Djinn of the Lamp"
Arcane Mischief,Jumpstart,Other,DMU,2022-09-09,2.24,"Island, Combat Research, Cosmic Epiphany, Shore Up, Impulse"
Arcane Tempo,Challenger Deck,Other,Q02,2019-04-12,19.45,"Niv-Mizzet, Parun, Arclight Phoenix, Murmuring Mystic, Sulfur Falls, Chart a Course"
Arcane: Lands,Secret Lair Drop,Other,SLD,2022-05-06,13.22,"Mountain, Forest, Swamp, Plains, Island"
Arcane: Lands Foil Edition,Secret Lair Drop,Other,SLD,2022-05-06,13.22,"Mountain, Forest, Swamp, Plains, Island"
Arcanis's Guile,Theme Deck,Other,10E,2007-07-13,24.67,"Arcanis the Omnipotent, Telling Time, Unsummon, Boomerang, Denizen of the Deep"
Arch Angel,Shandalar Enemy Deck,Other,PAST,1997-04-01,280.67,"Mishra's Factory, Mana Vault, Tetravus, Wrath of God, Swords to Plowshares"
Archaeology (1),Jumpstart,Other,JMP,2020-07-17,0.0,"Buried Ruin, Chromatic Sphere, Ancestral Statue, Island, Scholar of the Lost Trove"
Archaeology (2),Jumpstart,Other,JMP,2020-07-17,0.0,"Buried Ruin, Terrarion, Ancestral Statue, Island, Scholar of the Lost Trove"
Archaeology (3),Jumpstart,Other,JMP,2020-07-17,14.78,"Vedalken Archmage, Buried Ruin, Sharding Sphinx, Ancestral Statue, Island"
Archaeology (4),Jumpstart,Other,JMP,2020-07-17,4.09,"Scarecrone, Buried Ruin, Scuttlemutt, Island, Thirst for Knowledge"
Archenemy Nicol Bolas,Archenemy Deck,Other,E01,2017-06-16,23.77,"Archfiend of Depravity, Nicol Bolas, Planeswalker, Talisman of Dominance, Talisman of Indulgence, Drowned Catacomb"
Armada,Theme Deck,Other,7ED,2001-04-11,261.18,"Disenchant, Glorious Anthem, Serra Advocate, Pacifism, Spirit Link"
Armed,Clash Pack,Other,ORI,2015-07-17,31.12,"Windswept Heath, Collected Company, Dromoka's Command, Dragon Hunter, Valeron Wardens"
Armed (1),Jumpstart,Other,J25,2024-11-07,0.0,"Starnheim Courser, Mace of the Valiant, Danitha Capashen, Paragon, Valkyrie's Sword, Pacifism"
Armed (2),Jumpstart,Other,J25,2024-11-07,0.0,"Plate Armor, Stone Haven Outfitter, Danitha Capashen, Paragon, Light the Way, Pacifism"
Armed (3),Jumpstart,Other,J25,2024-11-07,0.0,"Maul of the Skyclaves, Trusty Retriever, Danitha Capashen, Paragon, Valkyrie's Sword, Pacifism"
Armed (4),Jumpstart,Other,J25,2024-11-07,2.31,"Godsend, Plate Armor, Danitha Capashen, Paragon, Pacifism, Ancestral Blade"
Armed and Dangerous,Arena Starter Deck,Other,AFR,2021-09-24,33.88,"Halvar, God of Battle // Sword of the Realms, Needleverge Pathway // Pillarverge Pathway, Bruenor Battlehammer, Axgard Armory, Showdown of the Skalds"
Army of Entropy,Theme Deck,Other,SHM,2008-05-02,149.74,"Blowfly Infestation, Kulrath Knight, Swamp, Murderous Redcap, Cinderbones"
Army of Justice,Theme Deck,Other,9ED,2005-07-29,17.06,"Glorious Anthem, Righteousness, Plains, Veteran Cavalier, Angel of Mercy"
Artful Destruction,Intro Pack,Other,NPH,2011-05-13,96.49,"Suture Priest, Palladium Myr, Gold Myr, Vital Splicer, Forest"
Artifacts Attack,Arena Starter Deck,Other,M19,2018-09-27,42.34,"Nezahal, Primal Tide, Settle the Wreckage, Goring Ceratops, Glacial Fortress, Azor, the Lawbringer"
Artist Series: Alayna Danner,Secret Lair Drop,Other,SLD,2023-04-28,95.87,"Emeria, the Sky Ruin, Linvala, Keeper of Silence, Seraph Sanctuary, Sunblast Angel"
Artist Series: Alayna Danner Foil Edition,Secret Lair Drop,Other,SLD,2023-04-28,95.87,"Emeria, the Sky Ruin, Linvala, Keeper of Silence, Seraph Sanctuary, Sunblast Angel"
Artist Series: Aleksi Briclot,Secret Lair Drop,Other,SLD,2022-12-19,78.22,"Eldrazi Temple, Thought-Knot Seer, Reality Smasher, Inquisition of Kozilek"
Artist Series: Aleksi Briclot Foil Edition,Secret Lair Drop,Other,SLD,2022-12-19,78.22,"Eldrazi Temple, Thought-Knot Seer, Reality Smasher, Inquisition of Kozilek"
Artist Series: Chris Rahn,Secret Lair Drop,Other,SLD,2022-09-13,43.94,"Platinum Angel, Kozilek, the Great Distortion, Primeval Titan, Huntmaster of the Fells // Ravager of the Fells"
Artist Series: Chris Rahn Foil Edition,Secret Lair Drop,Other,SLD,2022-09-13,43.94,"Platinum Angel, Kozilek, the Great Distortion, Primeval Titan, Huntmaster of the Fells // Ravager of the Fells"
Artist Series: Jesper Ejsing,Secret Lair Drop,Other,SLD,2025-02-11,92.28,"Deflecting Swat, Sun Titan, Llanowar Elves, Breeches, Eager Pillager"
Artist Series: Jesper Ejsing Foil Edition,Secret Lair Drop,Other,SLD,2025-02-11,92.28,"Deflecting Swat, Sun Titan, Llanowar Elves, Breeches, Eager Pillager"
Artist Series: Johannes Voss,Secret Lair Drop,Other,SLD,2021-12-13,48.83,"Carpet of Flowers, Sphere of Safety, Karmic Guide, Sanctum Prelate"
Artist Series: Johannes Voss Foil Edition,Secret Lair Drop,Other,SLD,2021-12-13,48.83,"Carpet of Flowers, Sphere of Safety, Karmic Guide, Sanctum Prelate"
Artist Series: John Avon,Secret Lair Drop,Other,SLD,2023-11-30,32.06,"Emrakul, the Promised End, Progenitus, Brainstorm, Serra Angel"
Artist Series: John Avon Foil Edition,Secret Lair Drop,Other,SLD,2023-11-30,32.06,"Emrakul, the Promised End, Progenitus, Brainstorm, Serra Angel"
Artist Series: Kev Walker,Secret Lair Drop,Other,SLD,2023-09-15,71.27,"It That Betrays, Faeburrow Elder, Fleshbag Marauder, Carnage Tyrant"
Artist Series: Kev Walker Foil Edition,Secret Lair Drop,Other,SLD,2023-09-15,71.27,"It That Betrays, Faeburrow Elder, Fleshbag Marauder, Carnage Tyrant"
Artist Series: Kieran Yanner,Secret Lair Drop,Other,SLD,2025-10-27,129.03,"Demonic Tutor, Armageddon, Lord of the Pit, Northern Paladin"
Artist Series: Kieran Yanner Foil Edition,Secret Lair Drop,Other,SLD,2025-10-27,129.03,"Demonic Tutor, Armageddon, Lord of the Pit, Northern Paladin"
Artist Series: Livia Prima,Secret Lair Drop,Other,SLD,2022-09-13,65.32,"Mikaeus, the Unhallowed, Akroma, Angel of Wrath, Olivia, Mobilized for War, Glissa Sunseeker"
Artist Series: Livia Prima Foil Edition,Secret Lair Drop,Other,SLD,2022-09-13,65.32,"Mikaeus, the Unhallowed, Akroma, Angel of Wrath, Olivia, Mobilized for War, Glissa Sunseeker"
Artist Series: Magali Villeneuve,Secret Lair Drop,Other,SLD,2022-08-05,48.75,"Mother of Runes, Forest, Elvish Mystic, Death's Shadow"
Artist Series: Magali Villeneuve Foil Edition,Secret Lair Drop,Other,SLD,2022-08-05,48.75,"Mother of Runes, Forest, Elvish Mystic, Death's Shadow"
Artist Series: Mark Poole,Secret Lair Drop,Other,SLD,2021-10-29,59.68,"Wasteland, Birds of Paradise, Howling Mine, Balance, Counterspell"
Artist Series: Mark Poole Foil Edition,Secret Lair Drop,Other,SLD,2021-10-29,59.68,"Wasteland, Birds of Paradise, Howling Mine, Balance, Counterspell"
Artist Series: Nils Hamm,Secret Lair Drop,Other,SLD,2022-10-25,67.8,"Sword of Truth and Justice, Contagion Engine, Deepglow Skate, Tireless Tracker"
Artist Series: Nils Hamm Foil Edition,Secret Lair Drop,Other,SLD,2022-10-25,67.8,"Sword of Truth and Justice, Contagion Engine, Deepglow Skate, Tireless Tracker"
Artist Series: Phil Foglio,Secret Lair Drop,Other,SLD,2025-06-10,52.37,"Constant Mists, Orcish Lumberjack, Goblin Bombardment, Song of the Dryads"
Artist Series: Phil Foglio Foil Edition,Secret Lair Drop,Other,SLD,2025-06-10,52.37,"Constant Mists, Orcish Lumberjack, Goblin Bombardment, Song of the Dryads"
Artist Series: Randy Vargas,Secret Lair Drop,Other,SLD,2023-04-28,65.11,"Grand Abolisher, Umezawa's Jitte, Selfless Savior, Akroma, Angel of Fury"
Artist Series: Randy Vargas Foil Edition,Secret Lair Drop,Other,SLD,2023-04-28,65.11,"Grand Abolisher, Umezawa's Jitte, Selfless Savior, Akroma, Angel of Fury"
Artist Series: Rebecca Guay,Secret Lair Drop,Other,SLD,2023-04-28,55.49,"Stoneforge Mystic, Serra the Benevolent, Muddle the Mixture, Cleansing Nova"
Artist Series: Rebecca Guay Foil Edition,Secret Lair Drop,Other,SLD,2023-04-28,55.49,"Stoneforge Mystic, Serra the Benevolent, Muddle the Mixture, Cleansing Nova"
Artist Series: Rovina Cai,Secret Lair Drop,Other,SLD,2024-04-15,77.53,"Sword of the Animist, Arcane Signet, Inalla, Archmage Ritualist, Aether Vial"
Artist Series: Rovina Cai Foil Edition,Secret Lair Drop,Other,SLD,2024-04-15,113.72,"Arcane Signet, Sword of the Animist, Inalla, Archmage Ritualist, Aether Vial"
Artist Series: Ryan Alexander Lee,Secret Lair Drop,Other,SLD,2023-08-29,36.25,"Worldspine Wurm, Twilight Prophet, Nemesis of Reason, Gaea's Blessing"
Artist Series: Ryan Alexander Lee Foil Edition,Secret Lair Drop,Other,SLD,2023-08-29,36.25,"Worldspine Wurm, Twilight Prophet, Nemesis of Reason, Gaea's Blessing"
Artist Series: Sam Burley,Secret Lair Drop,Other,SLD,2023-04-14,68.51,"Braid of Fire, Karrthus, Tyrant of Jund, Koth of the Hammer, Master of the Wild Hunt"
Artist Series: Sam Burley Foil Edition,Secret Lair Drop,Other,SLD,2023-04-14,68.51,"Braid of Fire, Karrthus, Tyrant of Jund, Koth of the Hammer, Master of the Wild Hunt"
Artist Series: Seb McKinnon,Secret Lair Drop,Other,SLD,2021-03-15,52.39,"Damnation, Swamp, Enchanted Evening, Sower of Temptation"
Artist Series: Seb McKinnon Foil Edition,Secret Lair Drop,Other,SLD,2021-03-15,52.39,"Damnation, Swamp, Enchanted Evening, Sower of Temptation"
Artist Series: Sidharth Chaturvedi,Secret Lair Drop,Other,SLD,2022-08-05,46.91,"Concordant Crossroads, Ghost Quarter, Nomad Outpost, Island"
Artist Series: Sidharth Chaturvedi Foil Edition,Secret Lair Drop,Other,SLD,2022-08-05,46.91,"Concordant Crossroads, Ghost Quarter, Nomad Outpost, Island"
Artist Series: Thomas Baxa,Secret Lair Drop,Other,SLD,2021-12-13,51.12,"Sliver Hivelord, Spellskite, Sire of Insanity, Ob Nixilis Reignited"
Artist Series: Thomas Baxa Foil Edition,Secret Lair Drop,Other,SLD,2021-12-13,51.12,"Sliver Hivelord, Spellskite, Sire of Insanity, Ob Nixilis Reignited"
Artist Series: Victor Adame Minguez,Secret Lair Drop,Other,SLD,2022-10-25,47.36,"Lord of the Undead, Knight of the White Orchid, Knight Exemplar, Compost"
Artist Series: Victor Adame Minguez Foil Edition,Secret Lair Drop,Other,SLD,2022-10-25,47.36,"Lord of the Undead, Knight of the White Orchid, Knight Exemplar, Compost"
Artist Series: Volkan Baga,Secret Lair Drop,Other,SLD,2022-09-13,40.04,"Berserk, Elspeth, Knight-Errant, Verduran Enchantress, Patron Wizard"
Artist Series: Volkan Baga Foil Edition,Secret Lair Drop,Other,SLD,2022-09-13,40.04,"Berserk, Elspeth, Knight-Errant, Verduran Enchantress, Patron Wizard"
Artist Series: Wayne Reynolds,Secret Lair Drop,Other,SLD,2022-08-05,42.49,"Balthor the Defiled, Torbran, Thane of Red Fell, Sram, Senior Edificer, Depala, Pilot Exemplar"
Artist Series: Wayne Reynolds Foil Edition,Secret Lair Drop,Other,SLD,2022-08-05,42.49,"Balthor the Defiled, Torbran, Thane of Red Fell, Sram, Senior Edificer, Depala, Pilot Exemplar"
Arzakon,Shandalar Enemy Deck,Other,PAST,1997-04-01,19558.21,"Timetwister, Mox Emerald, Mox Pearl, Mishra's Workshop, Time Walk"
Ashiok,Planeswalker Deck,Other,THB,2020-01-24,6.01,"Gravebreaker Lamia, Ashiok, Sculptor of Fears, Sleep of the Dead, Pharika's Spawn, Glimpse of Freedom"
Assassin,Theme Deck,Other,UDS,1999-06-07,270.87,"Attrition, Engineered Plague, Ravenous Rats, Body Snatcher, Eradicate"
Assassin - Enhanced Deck,Enhanced Deck,Other,UDS,1999-06-07,850.17,"Powder Keg, Yawgmoth's Bargain, Volrath's Stronghold, Vampiric Tutor, Ravenous Rats"
Assassin's Creed: Da Vinci's Designs,Secret Lair Drop,Other,SLD,2024-07-10,83.95,"Whispersilk Cloak, Darksteel Plate, Blade of Selves, Conqueror's Flail, Deathrender"
Assassin's Creed: Da Vinci's Designs Foil Edition,Secret Lair Drop,Other,SLD,2024-07-10,83.95,"Whispersilk Cloak, Darksteel Plate, Blade of Selves, Conqueror's Flail, Deathrender"
Assassin's Creed: Lethal Legends,Secret Lair Drop,Other,SLD,2024-07-10,75.03,"Ramses, Assassin Lord, Queen Marchesa, Kelsien, the Plague, Admiral Beckett Brass, Najeela, the Blade-Blossom"
Assassin's Creed: Lethal Legends Foil Edition,Secret Lair Drop,Other,SLD,2024-07-10,75.03,"Ramses, Assassin Lord, Queen Marchesa, Kelsien, the Plague, Admiral Beckett Brass, Najeela, the Blade-Blossom"
Assemble The Doomsday Machine,Archenemy Deck,Other,ARC,2010-06-18,30.64,"Batwing Brume, Lightning Greaves, Memnarch, Master Transmuter, Leonin Abunas"
Assemble Victory,Intro Pack,Other,ORI,2015-07-17,8.21,"Ghirapur Aether Grid, Prism Ring, Alchemist's Vial, Whirler Rogue, Pia and Kiran Nalaar"
Astral Visionary,Shandalar Enemy Deck,Other,PAST,1997-04-01,8055.23,"Timetwister, Time Walk, Copy Artifact, Stasis, Howling Mine"
At the Zoo,Jumpstart,Other,TLE,2025-11-20,8.2,"Animal Attendant, Elephant-Mandrill, Frog-Squirrels, Origin of Metalbending, Forest"
Atlantis,Jumpstart,Other,MSH,2026-06-26,12.97,"Daughter of the Deep, Namor, Scourge of the Seas, Namora, the Sea Queen, Atlantean Skirmisher, Mist-Cloaked Herald"
Aura Mastery,Theme Deck,Other,SHM,2008-05-02,230.98,"Twilight Shepherd, Steel of the Godhead, Puresight Merrow, Thistledown Liege, Niveous Wisps"
Auras of Majesty,Arena Starter Deck,Other,M19,2018-09-27,24.8,"Satyr Enchanter, Shalai, Voice of Plenty, Sunpetal Grove, History of Benalia, Danitha Capashen, Paragon"
Aurochs Stampede,Theme Deck,Other,CSP,2006-07-21,81.52,"Boreal Druid, Highland Weald, Hibernation's End, Snow-Covered Mountain, Snow-Covered Forest"
Avacyn Restored Foil Redemption,MTGO Redemption,Other,AVR,2012-06-03,1010.41,"Avacyn, Angel of Hope, Cavern of Souls, Exquisite Blood, Craterhoof Behemoth, Griselbrand"
Avacyn Restored Redemption,MTGO Redemption,Other,AVR,2012-06-03,1010.41,"Avacyn, Angel of Hope, Cavern of Souls, Exquisite Blood, Craterhoof Behemoth, Griselbrand"
Avalanche!,Arena Starter Deck,Other,AFR,2021-09-24,31.79,"Ashaya, Soul of the Wild, Lotus Cobra, Barkchannel Pathway // Tidechannel Pathway, Snow-Covered Island, Snow-Covered Forest"
Avatar: The Last Airbender: A Lot to Learn,Secret Lair Drop,Other,SLD,2025-11-18,52.13,"Serra Ascendant, Kodama's Reach, Cryptolith Rite, Ponder"
Avatar: The Last Airbender: A Lot to Learn Foil Edition,Secret Lair Drop,Other,SLD,2025-11-18,52.13,"Serra Ascendant, Kodama's Reach, Cryptolith Rite, Ponder"
Avatar: The Last Airbender: Everything Changed,Secret Lair Drop,Other,SLD,2025-11-18,64.22,"Torment of Hailfire, Blood Moon, Lightning Bolt, Dramatic Entrance"
Avatar: The Last Airbender: Everything Changed Foil Edition,Secret Lair Drop,Other,SLD,2025-11-18,64.22,"Torment of Hailfire, Blood Moon, Lightning Bolt, Dramatic Entrance"
Avatar: The Last Airbender: My Cabbages!,Secret Lair Drop,Other,SLD,2025-11-18,44.9,"Chain of Vapor, Nature's Claim, Anguished Unmaking, Meltdown, Putrefy"
Avatar: The Last Airbender: My Cabbages! Foil Edition,Secret Lair Drop,Other,SLD,2025-11-18,44.9,"Chain of Vapor, Nature's Claim, Anguished Unmaking, Meltdown, Putrefy"
Avatar: The Last Airbender: One with the Elements,Secret Lair Drop,Other,SLD,2025-11-18,49.46,"Silence, Force of Vigor, Past in Flames, Preordain, Expressive Iteration"
Avatar: The Last Airbender: One with the Elements Foil Edition,Secret Lair Drop,Other,SLD,2025-11-18,49.46,"Silence, Force of Vigor, Past in Flames, Preordain, Expressive Iteration"
Avatar: The Last Airbender: The Ember Island Players,Secret Lair Drop,Other,SLD,2025-11-18,42.38,"Braid of Fire, Cursed Mirror, Phantasmal Image, Thespian's Stage, Mask of Memory"
Avatar: The Last Airbender: The Ember Island Players Foil Edition,Secret Lair Drop,Other,SLD,2025-11-18,42.38,"Braid of Fire, Cursed Mirror, Phantasmal Image, Thespian's Stage, Mask of Memory"
Awakening Earth,Challenger Deck,Other,Q03,2019-11-08,37.08,"Breeding Pool, Nissa, Who Shakes the World, Incubation Druid, Voracious Hydra, Hydroid Krasis"
Azaar - Lichlord,Shandalar Enemy Deck,Other,PAST,1997-04-01,155.42,"Greed, Tetravus, Sol Ring, Mind Twist, Lord of the Pit"
Azorius,Guild Kit,Other,GK2,2019-02-15,12.62,"Dovescape, Render Silent, Unbreakable Formation, Pride of the Clouds, Sphinx's Revelation"
Azorius Advance,Intro Pack,Other,RTR,2012-10-05,11.21,"Tablet of the Guilds, Righteous Authority, Plains, Azorius Guildgate, Island"
Azorius Ascendant,Theme Deck,Other,DIS,2006-05-05,41.61,"Isperia the Inscrutable, Azorius Chancery, Prahv, Spires of Order, Sky Hussar, To Arms!"
Azorius Ascension,Arena Starter Deck,Other,DOM,2018-03-22,16.22,"Spell Swindle, River's Rebuke, Expel from Orazca, Angel of Sanctions, Censor"
Azorius Authority,Intro Pack,Other,DGM,2013-05-03,0.0,"Plains, Island, Island, Lyev Skyknight, Stealer of Secrets"
Azorius Control,Challenger Deck,Other,Q05,2021-04-02,14.37,"Emeria's Call // Emeria, Shattered Skyclave, Elspeth Conquers Death, Shark Typhoon, Saw It Coming, Island"
Azorius Senate,Arena Starter Deck,Other,M20,2019-05-03,23.93,"Hallowed Fountain, Angel of Grace, Unbreakable Formation, Empyrean Eagle, Elite Guardmage"
Azorius Senate 1,Jumpstart,Other,CLU,2024-02-23,5.55,"Supreme Verdict, Lavinia, Foil to Conspiracy, Portal Manipulator, Oust, Azorius Justiciar"
Azorius Senate 2,Jumpstart,Other,CLU,2024-02-23,14.04,"Suppressor Skyguard, Portal Manipulator, Lavinia of the Tenth, Azorius Signet, Island"
Azorius Spirits,Pioneer Challenger Deck,Other,Q06,2021-10-15,27.91,"Selfless Spirit, Brazen Borrower // Petty Theft, Glacial Fortress, Spectral Sailor, Watcher of the Spheres"
Azula,Jumpstart,Other,TLE,2025-11-20,10.72,"Dark Deal, Azula, Ruthless Firebender, Azula Always Lies, Thriving Moor, Swamp"
Azure Skies,Arena Starter Deck,Other,ANB,2019-09-26,16.17,"Verity Circle, Spectral Sailor, Mass Manipulation, Negate, Meteor Golem"
Azure Skies 2,Arena Starter Deck,Other,ANB,2020-03-12,5.0,"Spectral Sailor, Mass Manipulation, Negate, Stolen by the Fae, Brineborn Cutthroat"
Back for More,Arena Starter Deck,Other,M21,2021-07-03,3.46,"Skull Prophet, Polukranos, Unchained, Arasta of the Endless Web, Murderous Rider // Swift End, Demonic Embrace"
Back in My Day!,Secret Lair Drop,Other,SLD,2026-05-29,49.82,"Veil of Summer, Birthing Pod, Breath of Fury, Battle Hymn"
Back in My Day! Foil Edition,Secret Lair Drop,Other,SLD,2026-05-29,49.82,"Veil of Summer, Birthing Pod, Breath of Fury, Battle Hymn"
Backup Beatdown,Starter Kit,Other,WOE,2023-09-08,10.64,"Silverback Elder, Dusk Legion Duelist, In the Trenches, Boon-Bringer Valkyrie, Ancient Imperiosaur"
Bad Advice,Jumpstart,Other,TLE,2025-11-20,0.0,"Lo and Li, Royal Advisors, Thriving Moor, Ozai's Cruelty, Swamp, Gilacorn"
Bad to the Bones,Secret Lair Drop,Other,SLD,2023-08-29,124.83,"Tinybones, Trinket Thief, Reassembling Skeleton, Geier Reach Sanitarium, Bottomless Pit, Necrogen Mists"
Bad to the Bones Foil Edition,Secret Lair Drop,Other,SLD,2023-08-29,124.83,"Tinybones, Trinket Thief, Reassembling Skeleton, Geier Reach Sanitarium, Bottomless Pit, Necrogen Mists"
Bait & Switch,Theme Deck,Other,ONS,2002-10-07,250.51,"Smother, Lonely Sandbar, Peer Pressure, Barren Moor, Swamp"
Bait and Bludgeon,Theme Deck,Other,MRD,2003-10-02,327.97,"Vault of Whispers, Seat of the Synod, Thoughtcast, Talisman of Dominance, Myr Retriever"
Balance in All Things,Arena Starter Deck,Other,SNC,2022-09-09,11.62,"Shattered Sanctum, Lion Sash, Touch the Spirit Realm, Liesa, Forgotten Archangel, The Restoration of Eiganjo // Architect of Restoration"
Band Together,MTGO Theme Deck,Other,ME2,2008-09-22,0.0,"Plains, Plains, Plains, Kjeldoran Outpost, Mishra's Factory"
Bant Exalted,Intro Pack,Other,ALA,2008-10-03,45.67,"Knight-Captain of Eos, Plains, Island, Seaside Citadel, Forest"
Bant on the March,Intro Pack,Other,CON,2009-02-06,41.06,"Terramorphic Expanse, Plains, Island, Seaside Citadel, Forest"
Barrage,Theme Deck,Other,PLS,2001-02-05,199.15,"Fires of Yavimaya, Fertile Ground, Flametongue Kavu, Thunderscape Familiar, Gaea's Herald"
Basri,Jumpstart,Other,JMP,2020-07-17,1.61,"Basri Ket, Plains, Basri's Lieutenant, Plains, Legion's Judgment"
"Basri, Devoted Paladin",Planeswalker Deck,Other,M21,2020-07-03,1.02,"Speaker of the Heavens, Basri, Devoted Paladin, Plains, Basri's Lieutenant, Plains"
Battalion,Jumpstart,Other,MSH,2026-06-26,6.43,"Captain America, Skybound, Falcon, Joaquin Torres, General Thunderbolt Ross, War Machine, James Rhodes, Ultimate Alliance"
Battle Blitz,Theme Deck,Other,EVE,2008-07-25,42.69,"Hateflayer, Balefire Liege, Niveous Wisps, Duergar Mine-Captain, Patrol Signaler"
Battle Cries,Intro Pack,Other,MBS,2011-02-04,91.69,"Memnite, Galvanic Blast, Gold Myr, Whispersilk Cloak, Signal Pest"
Battle Cry,Deck Builder's Toolkit,Other,MBS,2011-03-11,36.59,"Memnite, Emrakul's Hatcher, Signal Pest, Goblin Wardriver, Goblin Balloon Brigade"
Battle Surge,Theme Deck,Other,UDS,1999-06-07,297.57,"Urza's Incubator, Goblin Marshal, Aether Sting, Raven Familiar, Mark of Fury"
Battle Surge - Enhanced Deck,Enhanced Deck,Other,UDS,1999-06-07,24.42,"Thieving Magpie, Wild Colos, Island, Keldon Champion, Keldon Vandals"
Battle for Zendikar Foil Redemption,MTGO Redemption,Other,BFZ,2015-11-01,332.23,"Void Winnower, Ulamog, the Ceaseless Hunger, Drana, Liberator of Malakir, Conduit of Ruin, Omnath, Locus of Rage"
Battle for Zendikar Redemption,MTGO Redemption,Other,BFZ,2015-11-01,332.23,"Void Winnower, Ulamog, the Ceaseless Hunger, Drana, Liberator of Malakir, Conduit of Ruin, Omnath, Locus of Rage"
Beast Master,Shandalar Enemy Deck,Other,PAST,1997-04-01,80.89,"Desert Twister, Birds of Paradise, Untamed Wilds, Nafs Asp, Aspect of Wolf"
Beast Territory,Jumpstart,Other,DMU,2022-09-09,1.88,"Forest, Briar Hydra, Haunted Mire, Wooded Ridgeline, Tangled Islet"
Beasts,Theme Deck,Other,PSAL,2005-08-01,0.0,"Forest, Forest, Forest, Forest, Forest"
Beasts (1),Jumpstart,Other,J25,2024-11-07,0.0,"Slinza, the Spiked Stampede, Explore, Gnarlid Colony, Woodland Liege, Thriving Grove"
Beasts (2),Jumpstart,Other,J25,2024-11-07,0.0,"Garruk, Caller of Beasts, Slinza, the Spiked Stampede, Gnarlid Colony, Woodland Liege, Garruk's Packleader"
Ben Rubin - Sligh,World Championship Deck,Other,WC98,1998-08-12,25.6,"Cursed Scroll, Wasteland, Ball Lightning, Fireblast, Mountain"
Berserk,Theme Deck,Other,PSAL,2005-08-01,0.0,"Forest, Forest, Forest, Forest, Forest"
"Bertrand Lestree, Finalist",Pro Tour Deck,Other,PTC,1996-05-01,145.28,"Sylvan Library, Serra Angel, Land Tax, Strip Mine, Fyndhorn Elves"
Bestial Strength,Intro Pack,Other,M14,2013-07-19,10.27,"Elvish Mystic, Into the Wilds, Fog, Kalonian Tusker, Doom Blade"
Betrayers of Kamigawa Foil Redemption,MTGO Redemption,Other,BOK,2005-03-06,1846.26,"Umezawa's Jitte, Disrupting Shoal, Goryo's Vengeance, Toshiro Umezawa, Higure, the Still Wind"
Betrayers of Kamigawa Redemption,MTGO Redemption,Other,BOK,2005-03-06,1846.26,"Umezawa's Jitte, Disrupting Shoal, Goryo's Vengeance, Toshiro Umezawa, Higure, the Still Wind"
Beyond The Grave,Theme Deck,Other,CSP,2006-07-21,60.28,"Sek'Kuar, Deathkeeper, Coldsteel Heart, Void Maw, Dark Ritual, Forest"
Bitterblossom Dreams,Secret Lair Drop,Other,SLD,2019-12-03,42.45,Bitterblossom
Black,Game Night Deck,Other,GNT,2018-11-16,20.23,"Death Baron, Stitcher's Supplier, Rot Hulk, Zulaport Cutthroat, Open the Graves"
Black Deck,Welcome Deck,Other,M20,2019-07-12,1.28,"Swamp, Disentomb, Barony Vampire, Murder, Swamp"
Black Deck A,Sample Deck,Other,10E,2008-05-02,11.04,"Megrim, Corrupt, Ravenous Rats, Swamp, Smolder Initiate"
Black Deck B,Sample Deck,Other,M11,2010-07-16,24.95,"Blood Seeker, Urge to Feed, Vampire Nighthawk, Blood Tithe, Pulse Tracker"
Black Devotion,Deck Builder's Toolkit,Other,M15,2014-07-18,11.2,"Gray Merchant of Asphodel, Sign in Blood, Drown in Sorrow, Squelching Leeches, Mogis's Marauder"
Black Discard,Deck Builder's Toolkit,Other,MBS,2011-03-11,33.28,"Liliana's Caress, Bloodhusk Ritualist, Last Kiss, Mind Sludge, Liliana's Specter"
Black Green Graveyard,Deck Builder's Toolkit,Other,M15,2014-07-18,10.25,"Nyx Weaver, Satyr Wayfinder, Graverobber Spider, Commune with the Gods, Pharika's Mender"
Black Is Magic,Secret Lair Drop,Other,SLD,2021-05-13,64.45,"Shalai, Voice of Plenty, Sol Ring, Teferi, Hero of Dominaria, Cultivate, Ponder"
Black Is Magic Foil Edition,Secret Lair Drop,Other,SLD,2021-05-13,64.45,"Shalai, Voice of Plenty, Sol Ring, Teferi, Hero of Dominaria, Cultivate, Ponder"
Black Red Minotaurs,Deck Builder's Toolkit,Other,M15,2014-07-18,0.0,"Ragemonger, Felhide Petrifier, Kragma Warcaller, Flurry of Horns, Flesh to Dust"
Black Sample Deck,Sample Deck,Other,M15,2014-07-18,6.21,"Sign in Blood, Typhoid Rats, Staff of the Death Magus, Paragon of Open Graves, Swamp"
Black and Green Counters,Deck Builder's Toolkit,Other,AKH,2017-04-28,1.19,"Cartouche of Strength, Cartouche of Ambition, Festering Mummy, Baleful Ammit, Soulstinger"
Black and Green Delirium,Deck Builder's Toolkit,Other,KLD,2016-09-30,1.21,"Gnarlwood Dryad, Crop Sigil, Boon of Emrakul, Backwoods Survivalists, Mournwillow"
Black and Red Artifacts,Deck Builder's Toolkit,Other,AKH,2017-04-28,0.0,"Welder Automaton, Inventor's Apprentice, Enraged Giant, Implement of Malice, Welding Sparks"
Black and Red Madness,Deck Builder's Toolkit,Other,KLD,2016-09-30,3.74,"Insolent Neonate, Olivia's Bloodsworn, Furyblade Vampire, Fiery Temper, Murderous Compulsion"
Black and White Vampires,Deck Builder's Toolkit,Other,XLN,2017-09-29,1.31,"Vicious Conquistador, Anointed Deacon, Duskborne Skymarcher, Call to the Feast, Skymarch Bloodletter"
Black-Green Deck,Spellslinger Starter Kit,Other,M19,2018-10-05,10.84,"Verdant Sun's Avatar, Ghalta, Primal Hunger, Ravenous Chupacabra, Centaur Courser, Forest"
Black-Red Destruction,Deck Builder's Toolkit,Other,ROE,2010-05-21,5.43,"Flame Slash, Doom Blade, Marsh Casualties, Hideous End, Goblin Artillery"
Blades of Victory,Intro Pack,Other,M11,2010-07-16,38.2,"Plains, Angelic Arbiter, Plains, Ajani's Mantra, Armored Ascension"
Blazing Beasts of Myth,Intro Pack,Other,THS,2013-09-27,5.84,"Forest, Voyaging Satyr, Destructive Revelry, Forest, Lightning Strike"
Blessed,Duel Deck,Other,DDQ,2016-02-26,11.74,"Eerie Interlude, Seraph Sanctuary, Tandem Lookout, Champion of the Parish, Geist of Saint Traft"
Blinding Fury,Theme Deck,Other,S99,1999-07-12,20.69,"Armageddon, Angel of Light, Plains, Archangel, Plains"
Blink,Jumpstart,Other,MSH,2026-06-26,5.1,"Silver Surfer, Cosmic Voyager, Spaceshift, Victor Timely, Wily Tycoon, Imperial Cosmographer, Shi'ar Soldier"
Blink 1,Jumpstart,Other,J22,2022-12-02,33.44,"Preston, the Vanisher, Flicker of Fate, Rambunctious Mutt, Wispweaver Angel, Distinguished Conjurer"
Blink 2,Jumpstart,Other,J22,2022-12-02,12.84,"Emiel the Blessed, Flicker of Fate, Rambunctious Mutt, Distinguished Conjurer, Inspiring Overseer"
Blink 3,Jumpstart,Other,J22,2022-12-02,33.44,"Preston, the Vanisher, Flicker of Fate, Rambunctious Mutt, Restoration Angel, Distinguished Conjurer"
Blink 4,Jumpstart,Other,J22,2022-12-02,6.8,"Panharmonicon, Flicker of Fate, Rambunctious Mutt, Wispweaver Angel, Distinguished Conjurer"
Blood Bowl,Secret Lair Drop,Other,SLD,2022-12-05,89.78,"Fellwar Stone, Defense of the Heart, Approach of the Second Sun, Rewind, Fling"
Blood Bowl Foil Edition,Secret Lair Drop,Other,SLD,2022-12-05,89.78,"Fellwar Stone, Defense of the Heart, Approach of the Second Sun, Rewind, Fling"
Blood and Fire,Intro Pack,Other,M12,2011-07-15,28.15,"Warstorm Surge, Swiftfoot Boots, Tormented Soul, Swamp, Mountain"
Bloody (1),Jumpstart,Other,J25,2024-11-07,0.0,"Ivora, Insatiable Heir, Voldaren Epicure, Anje's Ravager, Thriving Bluff, Soul Sear"
Bloody (2),Jumpstart,Other,J25,2024-11-07,0.0,"Ivora, Insatiable Heir, Insolent Neonate, Markov Enforcer, Markov Blademaster, Thriving Bluff"
Bloody (3),Jumpstart,Other,J25,2024-11-07,0.0,"Ivora, Insatiable Heir, Insolent Neonate, Thriving Bluff, Soul Sear, Belligerent Guest"
Bloody (4),Jumpstart,Other,J25,2024-11-07,0.0,"Ivora, Insatiable Heir, Voldaren Epicure, Thriving Bluff, Falkenrath Marauders, Soul Sear"
Bloomburrow Bundle Land Pack,Bundle Land Pack,Other,BLB,2024-09-04,7.27,"Forest, Plains, Swamp, Island, Mountain"
Bloomburrow Redemption,MTGO Redemption,Other,BLB,2024-09-04,296.23,"Three Tree City, Lumra, Bellow of the Woods, Maha, Its Feathers Night, Ral, Crackling Wit, Ygra, Eater of All"
Blossoming Growth,Arena Starter Deck,Other,SNC,2022-09-09,19.42,"Hullbreaker Horror, Titan of Industry, Colossal Skyturtle, Glorious Sunrise, Dreamroot Cascade"
Blowout,Theme Deck,Other,INV,2000-10-02,171.01,"Phyrexian Delver, Ravenous Rats, Ghitu Fire, Breath of Darigaaz, Swamp"
Blue,Halfdeck,Other,UND,2020-02-28,1.27,"Cheatyface, Rock Lobster, Alexander Clamilton, Island, B.O.B. (Bevy of Beebles)"
Blue Control,Deck Builder's Toolkit,Other,ROE,2010-05-21,2.38,"Into the Roil, Essence Scatter, Wall of Frost, Air Elemental, Summoner's Bane"
Blue Deck,Welcome Deck,Other,M19,2018-07-13,1.02,"Island, Sleep, Mist-Cloaked Herald, Island, Tolarian Scholar"
Blue Deck A,Sample Deck,Other,M12,2011-07-15,5.74,"Phantasmal Dragon, Skywinder Drake, Aether Adept, Island, Island"
Blue Deck B,Sample Deck,Other,10E,2008-05-02,113.83,"Ponder, Peek, Wall of Air, Moonglove Extract, Cancel"
Blue Green Enters the Battlefield,Deck Builder's Toolkit,Other,M15,2014-07-18,3.54,"Quickling, Kapsho Kitefins, Coral Barrier, Frost Lynx, Shaman of Spring"
Blue Red Artifacts,Deck Builder's Toolkit,Other,M15,2014-07-18,8.02,"Chariot of Victory, Ensoul Artifact, Opaline Unicorn, Ornithopter, Aeronaut Tinkerer"
Blue Red Counterburn,Deck Builder's Toolkit,Other,M15,2014-07-18,0.0,"Magma Jet, Spite of Mogis, Mnemonic Wall, Rise of Eagles, Stormcaller of Keranos"
Blue Sample Deck,Sample Deck,Other,M15,2014-07-18,0.0,"Negate, Island, Frost Lynx, Divination, Paragon of Gathering Mists"
Blue and Black Noncreatures,Deck Builder's Toolkit,Other,AKH,2017-04-28,2.49,"Cartouche of Knowledge, Hieroglyphic Illumination, Cartouche of Ambition, Vedalken Blademaster, Stir the Sands"
Blue and Black Pirates,Deck Builder's Toolkit,Other,XLN,2017-09-29,8.29,"Siren Stormtamer, Ruthless Knave, Chart a Course, Pirate's Prize, Deadeye Plunderers"
Blue and Black Zombies,Deck Builder's Toolkit,Other,KLD,2016-09-30,0.0,"Graf Harvest, Cemetery Recruitment, Compelling Deterrence, Ingenious Skaab, Reckless Scholar"
Blue and Colorless Artifacts,Deck Builder's Toolkit,Other,KLD,2016-09-30,0.0,"Filigree Familiar, Glint-Nest Crane, Gearseeker Serpent, Consulate Skygate, Experimental Aviator"
Blue and Green,Deck Builder's Toolkit,Other,KLD,2016-09-30,6.31,"Turn Aside, Pore Over the Pages, Watcher in the Web, Exultant Cultist, Geist of the Archives"
Blue and Green Merfolk,Deck Builder's Toolkit,Other,XLN,2017-09-29,2.85,"Deeproot Waters, River Sneak, River Heralds' Boon, Watertrap Weaver, Shapers of Nature"
Blue and Green Ramp,Deck Builder's Toolkit,Other,XLN,2017-09-29,6.43,"Ranging Raptors, Chart a Course, Merfolk Branchwalker, Pirate's Prize, Lay Claim"
Blue and White Flying,Deck Builder's Toolkit,Other,KLD,2016-09-30,8.03,"Displace, Unsubstantiate, Long Road Home, Aviary Mechanic, Wispweaver Angel"
Blue-Black,Starter Kit,Other,FIN,2025-06-13,0.0,"Swamp, Overkill, Sephiroth, Planet's Heir, Ultimecia, Temporal Threat, Island"
Blue-White Fliers,Deck Builder's Toolkit,Other,ROE,2010-05-21,0.0,"Safe Passage, Illusionary Servant, Sejiri Merfolk, Phantom Warrior, Serra Angel"
Blue-White Flyers,Deck Builder's Toolkit,Other,MBS,2011-03-11,31.0,"Oust, Aether Adept, Unsummon, Negate, Sleep"
Boggart Feast,Theme Deck,Other,LRW,2007-10-12,92.3,"Tarfire, Swamp, Boggart Shenanigans, Boggart Harbinger, Boggart Mob"
Boltslinger,MTGO Theme Deck,Other,TD0,2010-11-08,0.0,"Hellspark Elemental, Goblin Guide, Keldon Marauders, Rift Bolt, Lava Spike"
Bomber,Theme Deck,Other,7ED,2001-04-11,686.63,"Counterspell, Force Spike, Ancestral Memories, Merfolk Looter, Boomerang"
Boneyard 1,Jumpstart,Other,J22,2022-12-02,5.68,"Oversold Cemetery, Stitcher's Supplier, Gorging Vulture, Ossuary Rats, Swamp"
Boneyard 2,Jumpstart,Other,J22,2022-12-02,2.15,"Stitcher's Supplier, Shadowborn Demon, Liliana's Elite, Gorging Vulture, Ossuary Rats"
Bookworms (1),Jumpstart,Other,J25,2024-11-07,0.0,"Syr Elenora, the Discerning, Overflowing Insight, Cartouche of Knowledge, Blink of an Eye, Faerie Vandal"
Bookworms (2),Jumpstart,Other,J25,2024-11-07,3.27,"Teferi's Ageless Insight, Phantasmal Shieldback, Syr Elenora, the Discerning, Memorial to Genius, Faerie Vandal"
Bookworms (3),Jumpstart,Other,J25,2024-11-07,0.0,"Omen of the Sea, Syr Elenora, the Discerning, Cartouche of Knowledge, Thopter Mechanic, Sphinx of Enlightenment"
Bookworms (4),Jumpstart,Other,J25,2024-11-07,0.0,"Phantasmal Shieldback, Syr Elenora, the Discerning, Nadir Kraken, Tolarian Kraken, Soul Read"
Boosted,Jumpstart,Other,MSH,2026-06-26,0.0,"Jack of Hearts, Volatile Hero, Marvel Boy, Noh-Varr, Vision of Love, Molly Hayes, Runaway, Extremis Elite"
Booster Battle Pack: Boros,Welcome Deck,Other,GTC,2013-02-01,3.24,"Massive Raid, Boros Elite, Plains, Mountain, Mountain"
Booster Battle Pack: Dimir,Welcome Deck,Other,GTC,2013-02-01,1.37,"Gridlock, Shadow Alley Denizen, Dimir Guildgate, Island, Swamp"
Booster Battle Pack: Gruul,Welcome Deck,Other,GTC,2013-02-01,1.25,"Gruul Guildgate, Pit Fight, Forest, Forest, Mountain"
Booster Battle Pack: Orzhov,Welcome Deck,Other,GTC,2013-02-01,7.92,"Gift of Orzhova, Syndic of Tithes, Plains, Orzhov Guildgate, Contaminated Ground"
Booster Battle Pack: Simic,Welcome Deck,Other,GTC,2013-02-01,4.79,"Ivy Lane Denizen, Nimbus Swimmer, Bioshift, Forest, Forest"
Born of the Gods Foil Redemption,MTGO Redemption,Other,BNG,2014-03-09,356.11,"Mogis, God of Slaughter, Phenax, God of Deception, Xenagos, God of Revels, Brimaz, King of Oreskos, Karametra, God of Harvests"
Born of the Gods Redemption,MTGO Redemption,Other,BNG,2014-03-09,356.11,"Mogis, God of Slaughter, Phenax, God of Deception, Xenagos, God of Revels, Brimaz, King of Oreskos, Karametra, God of Harvests"
Boros,Guild Kit,Other,GK1,2018-11-02,34.92,"Aurelia, the Warleader, Legion Loyalist, Boros Charm, Legion Warboss, Swiftblade Vindicator"
Boros Assault,Arena Starter Deck,Other,DOM,2018-03-22,47.16,"Combat Celebrant, Oketra's Monument, Cartouche of Solidarity, Harsh Mentor, Angel of Condemnation"
Boros Battalion,Intro Pack,Other,GTC,2013-02-01,3.29,"Firemane Avenger, Boros Elite, Plains, Mountain, Boros Keyrune"
Boros Legion,Arena Starter Deck,Other,M20,2019-05-03,16.41,"Sacred Foundry, Aurelia, Exemplar of Justice, Legion Warboss, Mountain, Healer's Hawk"
Boros Legion 1,Jumpstart,Other,CLU,2024-02-23,4.36,"Finale of Glory, Aegis of the Legion, Boros Signet, Novice Inspector, Boros Garrison"
Boros Legion 2,Jumpstart,Other,CLU,2024-02-23,0.0,"Boros Strike-Captain, Firemane Avenger, Boros Garrison, Ordruun Mentor, Krenko's Command"
Bound by Strength,Intro Pack,Other,AVR,2012-05-04,61.07,"Tandem Lookout, Forest, Deadeye Navigator, Wingcrafter, Forest"
Boundless Elves,Game Night Deck,Other,GN3,2022-10-14,42.7,"Imaryll, Elfhame Elite, Elven Ambush, Beast Whisperer, Immaculate Magistrate, Llanowar Tribe"
Bounty Hunter (1),Jumpstart,Other,TLE,2025-11-20,3.39,"Bastion of Remembrance, Nyla, Shirshu Sleuth, Thriving Moor, Swamp, Zuko's Conviction"
Bounty Hunter (2),Jumpstart,Other,TLE,2025-11-20,3.39,"Bastion of Remembrance, Obsessive Pursuit, Nyla, Shirshu Sleuth, Thriving Moor, Swamp"
Brain Dead: Creatures,Secret Lair Drop,Other,SLD,2024-07-30,61.06,"Consecrated Sphinx, Kiki-Jiki, Mirror Breaker, Wurmcoil Engine, Chaotic Goo, Meteor Golem"
Brain Dead: Creatures Foil Edition,Secret Lair Drop,Other,SLD,2024-07-30,61.06,"Consecrated Sphinx, Kiki-Jiki, Mirror Breaker, Wurmcoil Engine, Chaotic Goo, Meteor Golem"
Brain Dead: Lands,Secret Lair Drop,Other,SLD,2024-07-30,113.64,"Mountain, Mountain, Swamp, Forest, Swamp"
Brain Dead: Lands Foil Edition,Secret Lair Drop,Other,SLD,2024-07-30,113.64,"Mountain, Mountain, Swamp, Forest, Swamp"
Brain Dead: New Earth Mentality,Secret Lair Drop,Other,SLD,2026-02-24,47.48,"Jace's Archivist, Stinkweed Imp, Mirror Entity, Sakura-Tribe Elder, Mogg Assassin"
Brain Dead: New Earth Mentality Foil Edition,Secret Lair Drop,Other,SLD,2026-02-24,47.48,"Jace's Archivist, Stinkweed Imp, Mirror Entity, Sakura-Tribe Elder, Mogg Assassin"
Brain Dead: Staples,Secret Lair Drop,Other,SLD,2024-07-30,49.55,"Sol Ring, Thought Vessel, Skullclamp, Command Tower, Lightning Greaves"
Brain Dead: Staples Foil Edition,Secret Lair Drop,Other,SLD,2024-07-30,49.55,"Sol Ring, Thought Vessel, Skullclamp, Command Tower, Lightning Greaves"
Brave the Battle,Intro Pack,Other,ORI,2015-07-17,0.0,"Valeron Wardens, Plains, Sentinel of the Eternal Watch, Plains, Topan Freeblade"
Brazen Coalition,Theme Deck,Other,E02,2017-11-24,15.14,"Blatant Thievery, Angrath's Marauders, Shared Animosity, Adaptive Automaton, Island"
Breakdown,Theme Deck,Other,NEM,2000-02-14,520.16,"Hickory Woodlot, Accumulated Knowledge, Saprazzan Skerry, Ensnare, Vine Trellis"
Breakdown - Enhanced Deck,Enhanced Deck,Other,NEM,2000-02-14,797.74,"Palinchron, Hickory Woodlot, Saprazzan Skerry, Ensnare, Vine Trellis"
Breath of Fire,Intro Pack,Other,M11,2010-07-16,57.44,"Preordain, Lightning Bolt, Call to Mind, Augury Owl, Fire Servant"
Brian Hacker - White Weenie,World Championship Deck,Other,WC98,1998-08-12,21.73,"Tithe, Soul Warden, Cataclysm, Aura of Silence, Soltari Visionary"
Brian Kibler - Red Zone 2K2,World Championship Deck,Other,WC02,2002-08-14,133.93,"Call of the Herd, City of Brass, Mountain, Birds of Paradise, Plains"
Brian Selden - Cali Nightmare,World Championship Deck,Other,WC98,1998-08-12,189.38,"Survival of the Fittest, Volrath's Stronghold, City of Brass, Scroll Rack, Recurring Nightmare"
Bring About The Undead Apocalypse,Archenemy Deck,Other,ARC,2010-06-18,26.28,"Reanimate, Bog Witch, Avatar of Woe, Swamp, Rakdos Signet"
Brood 1,Jumpstart,Other,MOM,2023-04-20,1.45,"Essence of Orthodoxy, Plains, Plains, Plains, Seedpod Caretaker"
Brood 2,Jumpstart,Other,MOM,2023-04-20,1.45,"Essence of Orthodoxy, Plains, Plains, Plains, Seedpod Caretaker"
Brotherhood Agents,Starter Kit,Other,ACR,2024-07-05,23.55,"Ezio, Blade of Vengeance, Rooftop Bypass, Achilles Davenport, Assassin Initiate, Eagle Vision"
Brute Force,Intro Pack,Other,WWK,2010-02-05,29.27,"Lightning Bolt, Canopy Cover, Terastodon, Greenweaver Druid, Leatherback Baloth"
Buff 1,Jumpstart,Other,MOM,2023-04-20,32.91,"Surrak and Goreclaw, Kami of Whispered Hopes, Ruins Recluse, Forest, Timberland Ancient"
Buff 2,Jumpstart,Other,MOM,2023-04-20,32.91,"Surrak and Goreclaw, Kami of Whispered Hopes, Ruins Recluse, Forest, Timberland Ancient"
Buggin' Out,Secret Lair Drop,Other,SLD,2023-09-15,88.8,"Noxious Revival, Grist, the Hunger Tide, Eldritch Evolution, Giant Adephage, Mazirek, Kraul Death Priest"
Buggin' Out Foil Edition,Secret Lair Drop,Other,SLD,2023-09-15,88.8,"Noxious Revival, Grist, the Hunger Tide, Eldritch Evolution, Giant Adephage, Mazirek, Kraul Death Priest"
Bumi,Jumpstart,Other,TLE,2025-11-20,5.78,"Bumi's Feast Lecture, Crystalline Armor, Origin of Metalbending, Aang, A Lot to Learn, Creeping Crystal Coating"
Burial,Theme Deck,Other,APC,2001-06-04,349.27,"Phyrexian Arena, Chromatic Sphere, Death Grasp, Elfhame Palace, Forest"
Burning,Jumpstart,Other,J25,2024-11-07,5.2,"Rionya, Fire Dancer, Play with Fire, Thriving Bluff, Chandra's Spitfire, Firespitter Whelp"
Burning Revelations,Secret Lair Drop,Other,SLD,2024-01-26,187.32,"Akroma's Memorial, Reckless Fireweaver, Consider, Price of Glory, Inspiring Overseer"
Burning Sky,MTGO Theme Deck,Other,MIR,2006-12-05,24.31,"Mystical Tutor, Mist Dragon, Mountain, Island, Island"
Cabbages,Jumpstart,Other,TLE,2025-11-20,35.44,"The Cabbage Merchant, Bosco, Just a Bear, Bumi's Feast Lecture, Elephant-Mandrill, Many Partings"
Call of Blood,Intro Pack,Other,BFZ,2015-10-02,15.95,"Zulaport Cutthroat, Felidar Sovereign, Mortuary Mire, Drana's Emissary, Defiant Bloodlord"
Call of the Kor,Theme Deck,Other,STH,1998-03-02,13.43,"Shaman en-Kor, Flickering Ward, Soltari Champion, Lab Rats, Nomads en-Kor"
Call of the Kor - Advanced Deck,Advanced Deck,Other,STH,1998-03-02,60.0,"Tithe, Armageddon, Shaman en-Kor, Soltari Champion, Soltari Priest"
Calling All Hydra Heads,Secret Lair Drop,Other,SLD,2023-12-08,81.12,"Zaxara, the Exemplary, Unbound Flourishing, Primordial Hydra, Gargos, Vicious Watcher, Hydroid Krasis"
Camp Comrades,Box Set,Other,FIN,2025-06-13,81.28,"Flash Photography, Campsite Cuisine, Fishing Gear, Chocobo Camp, Noctis, Heir Apparent"
Can You Feel With A Heart of Steel?,Secret Lair Drop,Other,SLD,2020-06-02,52.12,"Walking Ballista, Arcbound Ravager, Darksteel Colossus"
Caretakers,Jumpstart,Other,MSH,2026-06-26,4.61,"Doctor Strange, Surgeon, Donald Blake, Guise of Thor, Infinity Formula, MJ, Rising Star, Doctor Jane Foster"
Carlos Romão - Psychatog,World Championship Deck,Other,WC02,2002-08-14,45.64,"Psychatog, Swamp, Island, Cephalid Coliseum, Island"
Carnival of Blood,Intro Pack,Other,ISD,2011-09-30,40.31,"Rakish Heir, Diabolic Tutor, Mask of Avacyn, Blood Seeker, Falkenrath Noble"
Cats,Jumpstart,Other,FDN,2024-11-15,0.0,"Leonin Vanguard, Prideful Parent, Helpful Hunter, Elspeth's Smite, Jazal Goldmane"
Cats (1),Jumpstart,Other,JMP,2020-07-17,1.49,"Feline Sovereign, Sabertooth Mauler, Canopy Stalker, Pridemalkin, Forest"
Cats (2),Jumpstart,Other,JMP,2020-07-17,22.1,"Lurking Predators, Feline Sovereign, Canopy Stalker, Pridemalkin, Forest"
Cats 1,Jumpstart,Other,J22,2022-12-02,1.38,"Regal Caracal, King of the Pride, Felidar Cub, Make a Stand, Thriving Heath"
Cats 2,Jumpstart,Other,J22,2022-12-02,2.45,"Felidar Retreat, Trove Warden, King of the Pride, Make a Stand, Thriving Heath"
Cats 3,Jumpstart,Other,J22,2022-12-02,10.15,"Ajani, Strength of the Pride, King of the Pride, Make a Stand, Thriving Heath, Ajani's Pridemate"
Cats 4,Jumpstart,Other,J22,2022-12-02,10.97,"Leonin Warleader, King of the Pride, Make a Stand, Thriving Heath, Plains"
Cats Are Better Than Dogs,Secret Lair Drop,Other,SLD,2025-03-18,108.01,"Arcane Signet, Basilisk Collar, Titanic Ultimatum, Escape to the Wilds, Rip Apart"
Cats Are Better Than Dogs Foil Edition,Secret Lair Drop,Other,SLD,2025-03-18,108.01,"Arcane Signet, Basilisk Collar, Titanic Ultimatum, Escape to the Wilds, Rip Apart"
Cats of Chaos,Secret Lair Drop,Other,SLD,2026-06-16,57.97,"Aura Shards, Aggravated Assault, Chaos Warp, Utopia Sprawl, Fell the Mighty"
Cats of Chaos Foil Edition,Secret Lair Drop,Other,SLD,2026-06-16,57.97,"Aura Shards, Aggravated Assault, Chaos Warp, Utopia Sprawl, Fell the Mighty"
Cavalcade Charge,Challenger Deck,Other,Q04,2020-04-03,29.34,"Embercleave, Torbran, Thane of Red Fell, Runaway Steam-Kin, Chandra, Acolyte of Flame, Cavalcade of Calamity"
Celestial Assault,Theme Deck,Other,ONS,2002-10-07,99.04,"Oblation, Seaside Haven, Island, Airborne Aid, Island"
Centaur Shaman,Shandalar Enemy Deck,Other,PAST,1997-04-01,75.62,"Birds of Paradise, Carrion Ants, Whirling Dervish, Dark Ritual, Cockatrice"
Centaur Warchief,Shandalar Enemy Deck,Other,PAST,1997-04-01,417.66,"Mountain, Land Tax, Colossus of Sardia, Ali Baba, Kismet"
Champions of Kamigawa Foil Redemption,MTGO Redemption,Other,CHK,2004-10-31,3705.01,"Minamo, School at Water's Edge, Shizo, Death's Storehouse, Dosan the Falling Leaf, Gifts Ungiven, Kiki-Jiki, Mirror Breaker"
Champions of Kamigawa Redemption,MTGO Redemption,Other,CHK,2004-10-31,3705.01,"Minamo, School at Water's Edge, Shizo, Death's Storehouse, Dosan the Falling Leaf, Gifts Ungiven, Kiki-Jiki, Mirror Breaker"
Chandra,Duel Deck,Other,DD2,2008-11-07,1.17,"Chandra Nalaar, Fireblast, Seal of Fire, Incinerate, Keldon Megaliths"
Chandra Japanese,Duel Deck,Other,DD2,2008-11-07,0.0,"Fireblast, Seal of Fire, Incinerate, Keldon Megaliths, Mountain"
"Chandra, Bold Pyromancer",Planeswalker Deck,Other,DOM,2018-04-27,20.52,"Marwyn, the Nurturer, Llanowar Elves, Chandra, Bold Pyromancer, Grunn, the Lonely King, Gilded Lotus"
"Chandra, Flame's Catalyst",Planeswalker Deck,Other,M21,2020-07-03,10.08,"Chandra, Flame's Catalyst, Chandra's Incinerator, Unleash Fury, Mountain, Double Vision"
"Chandra, Flame's Fury",Planeswalker Deck,Other,M20,2019-07-29,3.89,"Chandra, Flame's Fury, Drakuseth, Maw of Flames, Mountain, Chandra's Outrage, Chandra's Flame Wave"
"Chandra, Pyrogenius",Planeswalker Deck,Other,KLD,2016-09-30,1.0,"Fateful Showdown, Aerial Responder, Chandra, Pyrogenius, Fleetwheel Cruiser, Bomat Bazaar Barge"
Chaos,Jumpstart,Other,J25,2024-11-07,4.56,"Violent Outburst, Chromatic Lantern, Averna, the Chaos Bloom, Druid of the Anima, Maelstrom Colossus"
Chaos Reigns,Planechase Deck,Other,PC2,2012-06-01,8.05,"Maelstrom Wanderer, Beast Within, Whirlpool Warrior, Exotic Orchard, Cultivate"
Chaos and Mayhem,Arena Starter Deck,Other,M19,2018-09-27,23.13,"Goblin Trashmaster, Goblin Instigator, Dragonskull Summit, Rekindling Phoenix, Open the Graves"
Charge of the Boros,Theme Deck,Other,RAV,2005-10-07,89.73,"Sunforger, Sunhome, Fortress of the Legion, Lightning Helix, Boros Garrison, Boros Recruit"
Charging Ahead,Arena Starter Deck,Other,LTR,2023-06-20,25.25,"Surrak and Goreclaw, Samut, Vizier of Naktamun, Copperline Gorge, Wooded Ridgeline, Rampaging Raptor"
Chargoyf,Theme Deck,Other,BRB,1999-11-12,26.38,"Spike Weaver, Lhurgoyf, Seeker of Skybreak, Forest, Forest"
Children of Fate,Box Set,Other,FIN,2025-06-13,40.3,"Edea, Possessed Sorceress, Rinoa, Angel Wing, Fated Clash, Duelist's Flame, Squall, Gunblade Duelist"
Cho-Manno's Resolve,Theme Deck,Other,10E,2007-07-13,38.17,"Pariah, Cho-Manno, Revolutionary, Angel of Mercy, Serra's Embrace, Icy Manipulator"
Chucky,Secret Lair Drop,Other,SLD,2024-10-01,56.9,"Kardur, Doomscourge // Kardur, Doomscourge, Twinflame, Varragoth, Bloodsky Sire, Phyrexian Reclamation, Genesis Chamber"
Chucky Foil Edition,Secret Lair Drop,Other,SLD,2024-10-01,56.9,"Kardur, Doomscourge // Kardur, Doomscourge, Twinflame, Varragoth, Bloodsky Sire, Phyrexian Reclamation, Genesis Chamber"
Cinder Heart,Theme Deck,Other,BRB,1999-11-12,46.0,"Reanimate, Sadistic Glee, Living Death, Sewer Rats, Exhume"
City Styles,Secret Lair Drop,Other,SLD,2023-04-14,323.43,"Teysa Karlov, Azusa, Lost but Seeking, Sakashima the Impostor, Paradise Mantle, Massacre Girl"
City Styles 2: Dressed to Kill,Secret Lair Drop,Other,SLD,2025-02-11,112.85,"Veyran, Voice of Duality, Ninja of the Deep Hours, Karmic Guide, Captain Sisay, Selvala, Explorer Returned"
City Styles 2: Dressed to Kill Foil Edition,Secret Lair Drop,Other,SLD,2025-02-11,112.85,"Veyran, Voice of Duality, Ninja of the Deep Hours, Karmic Guide, Captain Sisay, Selvala, Explorer Returned"
City Styles Foil Edition,Secret Lair Drop,Other,SLD,2023-04-14,323.43,"Teysa Karlov, Azusa, Lost but Seeking, Sakashima the Impostor, Paradise Mantle, Massacre Girl"
Claws of Vengeance,Theme Deck,Other,PS11,2011-01-01,0.0,"Forest, Forest, Forest, Forest, Plains"
Cleric,Shandalar Enemy Deck,Other,PAST,1997-04-01,27.93,"Meekstone, Savannah Lions, Swords to Plowshares, Tawnos's Weaponry, Amrou Kithkin"
Clerics (1),Jumpstart,Other,J25,2024-11-07,0.0,"Skemfar Shadowsage, Nullpriest of Oblivion, Archfiend's Vessel, Taborax, Hope's Demise, Bonecaller Cleric"
Clerics (2),Jumpstart,Other,J25,2024-11-07,0.0,"Priest of Gix, Archfiend's Vessel, Taborax, Hope's Demise, Bonecaller Cleric, Elderfang Disciple"
Clerics (3),Jumpstart,Other,J25,2024-11-07,8.38,"Vito, Thorn of the Dusk Rose, Skemfar Shadowsage, Moment of Craving, Bonecaller Cleric, Elderfang Disciple"
Clerics (4),Jumpstart,Other,J25,2024-11-07,9.9,"Vito, Thorn of the Dusk Rose, Priest of Forgotten Gods, Skemfar Shadowsage, Priest of Gix, Alchemist's Gift"
Clue Edition Core Contents,Box Set,Other,CLU,2024-02-23,13.74,"Headliner Scarlett, Apothecary White, Mastermind Plum, Emissary Green, Commander Mustard"
Coalition Corps,Jumpstart,Other,DMU,2022-09-09,6.95,"Plains, Serra Redeemer, Love Song of Night and Day, Resolute Reinforcements, Plains"
Coalition Legion,Jumpstart,Other,DMU,2022-09-09,6.95,"Plains, Serra Redeemer, Love Song of Night and Day, Knight of Dawn's Light, Plains"
Code of the Orzhov,Theme Deck,Other,GPT,2006-02-03,64.46,"Teysa, Orzhov Scion, Martyred Rusalka, Hissing Miasma, Orzhov Basilica, Thoughtpicker Witch"
Cold-Blooded Killers,Arena Starter Deck,Other,ANB,2020-08-13,0.0,"Sanitarium Skeleton, Typhoid Rats, Malakir Cullblade, Vampire Opportunist, Mardu Outrider"
Coldsnap Fat Pack Land Pack,Bundle Land Pack,Other,CSP,2006-07-21,36.82,"Snow-Covered Island, Snow-Covered Mountain, Snow-Covered Forest, Snow-Covered Plains, Snow-Covered Swamp"
Coldsnap Foil Redemption,MTGO Redemption,Other,CSP,2006-08-20,1776.58,"Rite of Flame, Dark Depths, Commandeer, Counterbalance, Thrumming Stone"
Coldsnap Redemption,MTGO Redemption,Other,CSP,2006-08-20,1776.58,"Rite of Flame, Dark Depths, Commandeer, Counterbalance, Thrumming Stone"
Collectors' Edition,Box Set,Other,CED,1993-12-10,15870.99,"Black Lotus, Mox Jet, Mox Sapphire, Timetwister, Mox Emerald"
Comeback,Theme Deck,Other,PLS,2001-02-05,276.5,"Cavern Harpy, Ravenous Rats, Nightscape Familiar, Coastal Tower, Dromar's Cavern"
Commander Collection Black,Box Set,Other,CC2,2022-01-28,93.65,"Sol Ring, Reanimate, Toxic Deluge, Ophiomancer, Command Tower"
Commander Collection Black Premium,Box Set,Other,CC2,2022-01-28,93.65,"Sol Ring, Reanimate, Toxic Deluge, Ophiomancer, Command Tower"
Commander Collection: Green,Box Set,Other,CC1,2020-12-04,146.23,"Seedborn Muse, Worldly Tutor, Sylvan Library, Sol Ring, Command Tower"
Commander Collection: Green - Premium,Box Set,Other,CC1,2020-12-04,146.23,"Seedborn Muse, Worldly Tutor, Sylvan Library, Sol Ring, Command Tower"
Commander's Arsenal,Box Set,Other,CM1,2012-10-23,285.92,"Rhystic Study, Scroll Rack, Sylvan Library, Command Tower, Diaochan, Artful Beauty"
Commander's Arsenal Oversized,Box Set,Other,OCM1,2012-10-23,220.52,"Sliver Queen, Azusa, Lost but Seeking, Karn, Silver Golem, Karrthus, Tyrant of Jund, Grimgrin, Corpse-Born"
Company of Knights,Arena Starter Deck,Other,M21,2021-07-03,12.22,"Embercleave, Grasping Giant, Basri's Lieutenant, Plains, Worthy Knight"
Concerted Effort,Intro Pack,Other,OGW,2016-01-22,0.0,"Relief Captain, Veteran Warleader, Evolving Wilds, Joraga Auxiliary, Expedition Envoy"
Conflux Foil Redemption,MTGO Redemption,Other,CON,2009-03-08,534.2,"Maelstrom Archangel, Master Transmuter, Exotic Orchard, Kederekt Parasite, Progenitus"
Conflux Redemption,MTGO Redemption,Other,CON,2009-03-08,534.2,"Maelstrom Archangel, Master Transmuter, Exotic Orchard, Kederekt Parasite, Progenitus"
Conjurer,Shandalar Enemy Deck,Other,PAST,1997-04-01,115.86,"Aladdin's Ring, Fellwar Stone, Apprentice Wizard, Counterspell, Giant Tortoise"
Conniving,Jumpstart,Other,MSH,2026-06-26,2.25,"Mysterio's Mirage, Leader, Super-Genius, Kid Loki, Tiger Shark, Abyssal Hunter, Flying Octobot"
Conquering Hordes,Event Deck,Other,KTK,2014-09-26,43.32,"Dictate of Erebos, Spear of Heliod, Dictate of Heliod, Bloodsoaked Champion, Spirit Bonds"
Constellation 1,Jumpstart,Other,J22,2022-12-02,2.8,"Sage's Reverie, Archon of Sun's Grace, Chains of Custody, Spirited Companion, Thriving Heath"
Constellation 2,Jumpstart,Other,J22,2022-12-02,1.75,"Sage's Reverie, Sigil of the Empty Throne, Alseid of Life's Bounty, Chains of Custody, Spirited Companion"
Control Center,Arena Starter Deck,Other,AFR,2021-09-24,16.63,"Clearwater Pathway // Murkwater Pathway, Mind Flayer, Ice Tunnel, Baleful Mastery, Iymrith, Desert Doom"
Cool Ocean Breeze,Secret Lair Drop,Other,SLD,2023-04-28,275.42,"Thassa's Oracle, Thassa, Deep-Dwelling, Master of Waves, Llawan, Cephalid Empress"
Cool Ocean Breeze Foil Edition,Secret Lair Drop,Other,SLD,2023-04-28,275.42,"Thassa's Oracle, Thassa, Deep-Dwelling, Master of Waves, Llawan, Cephalid Empress"
Copied (1),Jumpstart,Other,J25,2024-11-07,0.0,"Crimson Wisps, Zada, Hedron Grinder, Kiln Fiend, Thriving Bluff, Fists of Flame"
Copied (2),Jumpstart,Other,J25,2024-11-07,0.0,"Zada, Hedron Grinder, Kiln Fiend, Thriving Bluff, Young Pyromancer, Charmbreaker Devils"
Core Set 2019 Foil Redemption,MTGO Redemption,Other,M19,2018-08-12,468.07,"Scapeshift, Nicol Bolas, the Ravager // Nicol Bolas, the Arisen, Crucible of Worlds, Arcades, the Strategist, Resplendent Angel"
Core Set 2019 Redemption,MTGO Redemption,Other,M19,2018-08-12,468.07,"Scapeshift, Nicol Bolas, the Ravager // Nicol Bolas, the Arisen, Crucible of Worlds, Arcades, the Strategist, Resplendent Angel"
Core Set 2020 Bundle Land Pack,Bundle Land Pack,Other,M20,2019-07-12,4.64,"Swamp, Swamp, Mountain, Mountain, Forest"
Core Set 2020 Foil Redemption,MTGO Redemption,Other,M20,2019-08-11,479.71,"Field of the Dead, Veil of Summer, Kaalia, Zenith Seeker, Chandra, Awakened Inferno, Cavalier of Night"
Core Set 2020 Redemption,MTGO Redemption,Other,M20,2019-08-11,479.71,"Field of the Dead, Veil of Summer, Kaalia, Zenith Seeker, Chandra, Awakened Inferno, Cavalier of Night"
Core Set 2021 Foil Redemption,MTGO Redemption,Other,M21,2020-08-02,303.06,"Chromatic Orrery, Terror of the Peaks, Grim Tutor, Fiery Emancipation, Heroic Intervention"
Core Set 2021 Redemption,MTGO Redemption,Other,M21,2020-08-02,303.06,"Chromatic Orrery, Terror of the Peaks, Grim Tutor, Fiery Emancipation, Heroic Intervention"
Core Set 2021 Welcome Booster,Welcome Booster,Other,M21,2020-07-03,20.35,"Niv-Mizzet, Parun, Demon of Loathing, Underworld Dreams, Garruk, Primal Hunter, Archetype of Imagination"
Corruption 1,Jumpstart,Other,ONE,2023-02-10,1.37,"Drown in Ichor, Kinzu of the Bleak Coven, Anoint with Affliction, Annihilating Glare, Feed the Infection"
Corruption 2,Jumpstart,Other,ONE,2023-02-10,0.0,"Kinzu of the Bleak Coven, Infectious Inquiry, Vraska's Fall, Necrogen Communion, Bilious Skulldweller"
Counter Surge,Challenger Deck,Other,Q01,2018-04-06,44.24,"Walking Ballista, Verdurous Gearhulk, Fatal Push, Swamp, Blossoming Defense"
Counterargument,Jumpstart,Other,MSH,2026-06-26,8.44,"Matt Murdock, Justice Seeker, She-Hulk, Attorney-at-Law, Vault Guardsman, Foggy Nelson, On Retainer, Costume Closet"
Courageous 1,Jumpstart,Other,LTR,2023-06-23,2.3,"Saradoc, Master of Buckland, Rosie Cotton of South Lane, Bill the Pony, Samwise the Stouthearted, Plains"
Courageous 2,Jumpstart,Other,LTR,2023-06-23,4.2,"Saradoc, Master of Buckland, Reprieve, Rosie Cotton of South Lane, Bill the Pony, Samwise the Stouthearted"
Crack the Case,Arena Starter Deck,Other,OTJ,2024-07-08,19.19,"Meticulous Archive, Proft's Eidetic Memory, Forensic Gadgeteer, Alquist Proft, Master Sleuth, No Witnesses"
Crag Hydra,Shandalar Enemy Deck,Other,PAST,1997-04-01,274.09,"Mountain, Shivan Dragon, Inferno, Detonate, Mana Flare"
Creep and Conquer,Event Deck,Other,RTR,2012-10-26,40.02,"Ulvenwald Tracker, Disciple of Bolas, Woodland Cemetery, Golgari Charm, Victim of Night"
Creepshow,Secret Lair Drop,Other,SLD,2023-11-30,65.7,"Death Baron // Death Baron, Grimgrin, Corpse-Born // Grimgrin, Corpse-Born, Noxious Ghoul // Noxious Ghoul, Unholy Grotto // Unholy Grotto, Zombie Master // Zombie Master"
Creepshow Foil Edition,Secret Lair Drop,Other,SLD,2023-11-30,65.7,"Death Baron // Death Baron, Grimgrin, Corpse-Born // Grimgrin, Corpse-Born, Noxious Ghoul // Noxious Ghoul, Unholy Grotto // Unholy Grotto, Zombie Master // Zombie Master"
Cries of Rage,Theme Deck,Other,PS11,2011-01-01,0.0,"Mountain, Mountain, Mountain, Mountain, Forest"
Critical Mass,Theme Deck,Other,SOK,2005-06-03,191.05,"Honden of Infinite Rage, Shuko, Thoughts of Ruin, Honden of Night's Reach, Okiba-Gang Shinobi"
Critter Corps,Arena Promotional Deck,Other,M21,2021-07-03,148.08,"The Ozolith, The Great Henge, Fabled Passage, Ram Through, Selfless Savior"
Crocodile Jackson's Monstrous Menagerie,Secret Lair Drop,Other,SLD,2022-05-06,75.34,"Managorger Hydra, Pathbreaker Ibex, Temur Sabertooth, Ravenous Chupacabra, Winding Constrictor"
Crocodile Jackson's Monstrous Menagerie Foil Etched Edition,Secret Lair Drop,Other,SLD,2022-05-06,75.34,"Managorger Hydra, Pathbreaker Ibex, Temur Sabertooth, Ravenous Chupacabra, Winding Constrictor"
Cruel 1,Jumpstart,Other,J22,2022-12-02,7.33,"Creeping Bloodsucker, Termination Facilitator, Syr Konrad, the Grim, Ob Nixilis, the Hate-Twisted, Tormented Soul"
Cruel 2,Jumpstart,Other,J22,2022-12-02,7.33,"Creeping Bloodsucker, Termination Facilitator, Plague Spitter, Feast on the Fallen, Ossuary Rats"
Cruel 3,Jumpstart,Other,J22,2022-12-02,4.36,"Creeping Bloodsucker, Dread Slaver, Festering Evil, Feast on the Fallen, Ossuary Rats"
Cruel 4,Jumpstart,Other,J22,2022-12-02,10.82,"Dread Presence, Creeping Bloodsucker, Tormented Soul, Feast on the Fallen, Ossuary Rats"
Cruel Plots,Intro Pack,Other,DTK,2015-03-27,5.75,"Silumgar's Scorn, Sidisi's Faithful, Coat with Venom, Necromaster Dragon, Gravepurge"
Crusader,Shandalar Enemy Deck,Other,PAST,1997-04-01,96.37,"Eye for an Eye, Dancing Scimitar, Swords to Plowshares, White Knight, Battering Ram"
Crusher,Theme Deck,Other,ULG,1999-02-15,513.83,"Defense of the Heart, Mother of Runes, Treetop Village, Rancor, Weatherseed Treefolk"
Crusher - Enhanced Deck,Enhanced Deck,Other,ULG,1999-02-15,1858.61,"Gaea's Cradle, Might of Oaks, Eladamri, Lord of Leaves, Weatherseed Treefolk, City of Brass"
Cult of Rakdos,Arena Starter Deck,Other,M20,2019-05-03,34.49,"Blood Crypt, Bedevil, Spawn of Mayhem, Spear Spewer, Mayhem Devil"
Cult of Rakdos 1,Jumpstart,Other,CLU,2024-02-23,3.09,"Frenzied Gorespawn, Rakdos Signet, Spawn of Mayhem, Deadly Dispute, Incriminating Impetus"
Cult of Rakdos 2,Jumpstart,Other,CLU,2024-02-23,6.1,"Rakdos, the Showstopper, Carnage Interpreter, Incriminating Impetus, Rakdos Carnarium, Dagger Caster"
Culture Shocks: Bant,Secret Lair Drop,Other,SLD,2021-08-25,31.96,"Breeding Pool, Hallowed Fountain, Temple Garden"
Culture Shocks: Esper,Secret Lair Drop,Other,SLD,2021-08-25,37.1,"Watery Grave, Godless Shrine, Hallowed Fountain"
Culture Shocks: Grixis,Secret Lair Drop,Other,SLD,2021-08-25,48.8,"Steam Vents, Watery Grave, Blood Crypt"
Culture Shocks: Jund,Secret Lair Drop,Other,SLD,2021-08-25,41.36,"Overgrown Tomb, Blood Crypt, Stomping Ground"
Culture Shocks: Naya,Secret Lair Drop,Other,SLD,2021-08-25,33.1,"Sacred Foundry, Stomping Ground, Temple Garden"
Cunning,Duel Deck,Other,DDN,2014-09-05,0.0,"Arcanis the Omnipotent, Mana Leak, Lightning Angel, Hold the Line, Whiplash Trap"
Cunning 1,Jumpstart,Other,LTR,2023-11-03,0.0,"Minas Tirith Garrison, Ioreth of the Healing House, The Bath Song, Glorious Gale, Arwen's Gift"
Cunning 2,Jumpstart,Other,LTR,2023-11-03,4.98,"Lórien Revealed, Minas Tirith Garrison, Mirror of Galadriel, Elrond, Lord of Rivendell, Island"
Cunning Plan,Intro Pack,Other,FRF,2015-01-23,11.75,"Monastery Swiftspear, Refocus, Void Snare, Island, Mistfire Adept"
Cursed,Duel Deck,Other,DDQ,2016-02-26,2.1,"Gravecrawler, Harvester of Souls, Dread Return, Victim of Night, Unbreathing Horde"
Custom Creatures,Theme Deck,Other,9ED,2005-07-29,87.86,"Naturalize, Verduran Enchantress, Overgrowth, Llanowar Elves, Forest"
Cycling 1,Jumpstart,Other,J22,2022-12-02,0.0,"Yidaro, Wandering Monster, Drannith Stinger, Flameblade Adept, Deem Worthy, Forgotten Cave"
Cycling 2,Jumpstart,Other,J22,2022-12-02,0.0,"Mad Ratter, Irencrag Pyromancer, Drannith Stinger, Starstorm, Deem Worthy"
DOOM,Jumpstart,Other,MSH,2026-06-26,124.35,"Doctor Doom, Unrivaled, Dark Ritual, Doomsday, Doombot Harbinger, Doom Blade"
Dan Frazier Is Back Again: The Allied Talismans,Secret Lair Drop,Other,SLD,2022-10-25,216.14,"Talisman of Dominance, Talisman of Indulgence, Talisman of Progress, Talisman of Impulse, Talisman of Unity"
Dan Frazier Is Back Again: The Allied Talismans Foil Etched Edition,Secret Lair Drop,Other,SLD,2022-10-25,216.14,"Talisman of Dominance, Talisman of Indulgence, Talisman of Progress, Talisman of Impulse, Talisman of Unity"
Dan Frazier Is Back Again: The Enemy Talismans,Secret Lair Drop,Other,SLD,2022-10-25,123.84,"Talisman of Creativity, Talisman of Hierarchy, Talisman of Curiosity, Talisman of Conviction, Talisman of Resilience"
Dan Frazier Is Back Again: The Enemy Talismans Foil Etched Edition,Secret Lair Drop,Other,SLD,2022-10-25,123.84,"Talisman of Creativity, Talisman of Hierarchy, Talisman of Curiosity, Talisman of Conviction, Talisman of Resilience"
Dan Frazier is Back: The Allied Signets,Secret Lair Drop,Other,SLD,2021-10-29,101.33,"Rakdos Signet, Dimir Signet, Azorius Signet, Gruul Signet, Selesnya Signet"
Dan Frazier is Back: The Allied Signets Foil Edition,Secret Lair Drop,Other,SLD,2021-10-29,101.33,"Rakdos Signet, Dimir Signet, Azorius Signet, Gruul Signet, Selesnya Signet"
Dan Frazier is Back: The Enemy Signets,Secret Lair Drop,Other,SLD,2021-10-29,98.27,"Izzet Signet, Orzhov Signet, Boros Signet, Simic Signet, Golgari Signet"
Dan Frazier is Back: The Enemy Signets Foil Edition,Secret Lair Drop,Other,SLD,2021-10-29,98.27,"Izzet Signet, Orzhov Signet, Boros Signet, Simic Signet, Golgari Signet"
Dan Frazier's Mox Box,Secret Lair Drop,Other,SLD,2023-09-14,518.17,"Mox Opal, Sol Ring, Mox Tantalite"
Dandân Deck,Dandan Deck,Other,SLD,2026-03-17,100.37,"Mystic Sanctuary, Capture of Jingzhou, Mental Note, Island, Dandân"
Dangerous,Clash Pack,Other,ORI,2015-07-17,12.47,"Dromoka, the Eternal, Abzan Falconer, Avatar of the Resolute, Abzan Battle Priest, Sandsteppe Citadel"
Dangerous Knowledge,Intro Pack,Other,EMN,2016-07-22,4.9,"Turn Aside, Pore Over the Pages, Niblis of Frost, Take Inventory, Pieces of the Puzzle"
Daniel Zink - White-Blue-Green Wake,World Championship Deck,Other,WC03,2003-08-06,41.65,"Flooded Strand, Forest, Mirari's Wake, Moment's Peace, Island"
Dark Alliance,Theme Deck,Other,ATH,1998-11-01,57.52,"Strip Mine, Goblin Recruiter, Hypnotic Specter, Goblin King, Pyrokinesis"
Dark Ascension Foil Redemption,MTGO Redemption,Other,DKA,2012-03-04,375.83,"Mikaeus, the Unhallowed, Grafdigger's Cage, Drogskol Reaver, Vault of the Archangel, Moonveil Dragon"
Dark Ascension Redemption,MTGO Redemption,Other,DKA,2012-03-04,375.83,"Mikaeus, the Unhallowed, Grafdigger's Cage, Drogskol Reaver, Vault of the Archangel, Moonveil Dragon"
Dark Devotion,Theme Deck,Other,BOK,2005-02-04,54.92,"Heartless Hidetsugu, Blood Speaker, Yukora, the Prisoner, Overblaze, Mark of the Oni"
Dark Sacrifice,Game Night Deck,Other,GN3,2022-10-14,26.94,"Vogar, Necropolis Tyrant, Vilis, Broker of Blood, Demon of Loathing, Ravenous Chupacabra, Village Rites"
Darksteel Foil Redemption,MTGO Redemption,Other,DST,2004-03-07,1539.77,"Skullclamp, Panoptic Mirror, Mycosynth Lattice, Arcbound Ravager, Darksteel Forge"
Darksteel Redemption,MTGO Redemption,Other,DST,2004-03-07,1539.77,"Skullclamp, Panoptic Mirror, Mycosynth Lattice, Arcbound Ravager, Darksteel Forge"
Dave Humpherys - Blue-Green Madness,World Championship Deck,Other,WC03,2003-08-06,37.09,"City of Brass, Aquamoeba, Careful Study, Island, Arrogant Wurm"
Day of the Dragon,Starter Kit,Other,WOE,2023-09-08,6.41,"Shivan Devastator, Sarkhan, Soul Aflame, Ingenious Prodigy, Ragefire Hellkite, Aether Channeler"
Dead Again,Theme Deck,Other,9ED,2005-07-29,38.32,"Underworld Dreams, Demon's Horn, Nightmare, Swamp, Swamp"
Dead Ahead,Intro Pack,Other,ARB,2009-04-30,30.47,"Terramorphic Expanse, Swamp, Mountain, Lightning Reaver, Mountain"
Dead and Alive,MTGO Theme Deck,Other,WTH,2007-12-12,27.43,"Necromancy, Buried Alive, Infernal Tribute, Swamp, Swamp"
Deadly Discovery,Challenger Deck,Other,Q02,2019-04-12,43.87,"Overgrown Tomb, The Eldest Reborn, Vraska, Relic Seeker, Llanowar Elves, Wildgrowth Walker"
Deadly Instinct,Theme Deck,Other,S99,1999-07-12,3.36,"Ancient Craving, Swamp, Swamp, Swamp, Ravenous Rats"
Deadspread,Intro Pack,Other,SOM,2010-10-01,77.38,"Contagion Engine, Leaden Myr, Silver Myr, Throne of Geth, Thrummingbird"
"Death Is Temporary, Metal Is Forever",Secret Lair Drop,Other,SLD,2023-08-29,239.06,"Syr Konrad, the Grim, Nekusar, the Mindrazer, Underworld Dreams, Waste Not, Wheel of Misfortune"
"Death Is Temporary, Metal Is Forever Foil Edition",Secret Lair Drop,Other,SLD,2023-08-29,239.06,"Syr Konrad, the Grim, Nekusar, the Mindrazer, Underworld Dreams, Waste Not, Wheel of Misfortune"
Death March,Theme Deck,Other,EVE,2008-07-25,113.62,"Quillspike, Swamp, Creakwood Liege, Doomgape, Viridescent Wisps"
Death Reaper,Intro Pack,Other,M14,2013-07-19,2.0,"Staff of the Death Magus, Mountain, Swamp, Academy Raider, Festering Newt"
Death's Beginning,Intro Pack,Other,BNG,2014-02-07,25.76,"Archetype of Finality, Satyr Wayfinder, Raised by Wolves, Forest, Nighthowler"
Death's Encroach,Event Deck,Other,AVR,2012-05-25,67.01,"Dismember, Cemetery Reaper, Geralf's Messenger, Gravecrawler, Lashwrithe"
Death's Minions,Intro Pack,Other,M10,2009-07-17,31.25,"Cemetery Reaper, Diabolic Tutor, Tendrils of Corruption, Swamp, Doom Blade"
Deathbreed,MTGO Theme Deck,Other,ME2,2008-09-22,0.0,"Snow-Covered Swamp, Armor Thrull, Ashen Ghoul, Basal Thrull, Cuombajj Witches"
Deathfed,Event Deck,Other,ISD,2011-10-28,137.38,"Green Sun's Zenith, Birds of Paradise, Ratchet Bomb, Gnaw to the Bone, Bonehoard"
Deathly Dominion,Intro Pack,Other,ISD,2011-09-30,22.98,"Rampant Growth, Moldgraf Monstrosity, Reassembling Skeleton, Swamp, Forest"
Decay,Theme Deck,Other,7ED,2001-04-11,816.5,"Blood Pet, Charcoal Diamond, Duress, Fallen Angel, Greed"
Deceptive Divination,Secret Lair Drop,Other,SLD,2024-02-23,54.28,"Scheming Symmetry, Price of Progress, Eternal Witness, Wall of Omens, Circular Logic"
Deceptive Divination Foil Edition,Secret Lair Drop,Other,SLD,2024-02-23,71.91,"Scheming Symmetry, Price of Progress, Eternal Witness, Wall of Omens, Circular Logic"
Deck A,Starter Deck,Other,6ED,1999-04-21,1.99,"Blood Pet, Swamp, Swamp, Forest, Rampant Growth"
Deck B,Starter Deck,Other,5ED,1997-04-24,2.61,"Counterspell, Swamp, Island, Island, Island"
Deck Builder's Toolkit,Deck Builder's Toolkit,Other,M19,2018-07-13,42.51,"Satyr Enchanter, Poison-Tip Archer, Colossal Majesty, Goblin Instigator, Ravenous Chupacabra"
Deep Freeze,Theme Deck,Other,TMP,1997-10-14,4.06,"Counterspell, Avenging Angel, Puppet Strings, Island, Island"
Deep Freeze - Advanced Deck,Advanced Deck,Other,TMP,1997-10-14,21.26,"Wrath of God, Adarkar Wastes, Impulse, Desertion, Counterspell"
Deepwood Menace,Theme Deck,Other,MMQ,1999-10-04,231.56,"Thunderclap, Natural Affinity, Vine Trellis, Volcanic Wind, Battle Squadron"
Deepwood Menace - Enhanced Deck,Enhanced Deck,Other,MMQ,1999-10-04,2302.18,"Gaea's Cradle, Deranged Hermit, Treetop Village, Rancor, Collective Unconscious"
Defenders of the Cause,Theme Deck,Other,ATH,1998-11-01,32.86,"Armageddon, Swords to Plowshares, Pendelhaven, Mirri, Cat Warrior, Brushland"
Demo Booster Player 1,Welcome Booster,Other,9ED,2005-07-29,6.59,"Grizzly Bears, Forest, Forest, Forest, Glory Seeker"
Demo Booster Player 2,Welcome Booster,Other,9ED,2005-07-29,8.25,"Mountain, Mountain, Swamp, Swamp, Mountain"
Demo deck A,Demo Deck,Other,P02,1998-06-24,4.08,"Forest, Island, Island, Plains, Plains"
Demo deck B,Demo Deck,Other,POR,1997-05-01,8.01,"Cloud Pirates, Feral Shadow, Storm Crow, Snapping Drake, Island"
Demonic,Duel Deck,Other,DVD,2014-12-05,83.71,"Demonic Tutor, Dark Ritual, Stinkweed Imp, Soot Imp, Abyssal Gatekeeper"
Demonic Deals,Intro Pack,Other,ORI,2015-07-17,12.94,"Chandra's Ignition, Fiery Impulse, Kothophed, Soul Hoarder, Malakir Cullblade, Fleshbag Marauder"
Demons 1,Jumpstart,Other,J22,2022-12-02,0.0,"Demon's Disciple, Kothophed, Soul Hoarder, Inner Demon, Disciple of Perdition, Conductor of Cacophony"
Demons 2,Jumpstart,Other,J22,2022-12-02,1.79,"Seizan, Perverter of Truth, Demon's Disciple, Dreadhound, Demon of Catastrophes, Disciple of Perdition"
Depths of Power,Intro Pack,Other,M13,2012-07-13,31.28,"Elixir of Immortality, Archaeomancer, Stormtide Leviathan, Mindclaw Shaman, Ring of Evos Isle"
Desert Oasis,Arena Starter Deck,Other,OTJ,2024-07-08,62.72,"Bristly Bill, Spine Sower, Hedge Maze, Case of the Locked Hothouse, Sentinel of the Nameless City, Bonny Pall, Clearcutter"
Desperate Stand,Intro Pack,Other,OGW,2016-01-22,6.86,"Cliffhaven Vampire, Drana's Emissary, Kalastria Healer, Malakir Soothsayer, Evolving Wilds"
Destructive Firepower,Arena Starter Deck,Other,ANB,2020-03-12,2.84,"Dreadhorde Arcanist, Drakuseth, Maw of Flames, Chandra's Outrage, Fire Urchin, Spellgorger Weird"
Detective 1,Jumpstart,Other,J22,2022-12-02,4.6,"Mechanized Production, Jace's Scrutiny, Thriving Isle, Shambling Suit, Hold for Questioning"
Detective 2,Jumpstart,Other,J22,2022-12-02,25.08,"Teferi's Puzzle Box, Psychosis Crawler, Jace's Scrutiny, Aeronaut Tinkerer, Thriving Isle"
Detective 3,Jumpstart,Other,J22,2022-12-02,0.0,"Shimmer Dragon, Jace's Scrutiny, Thriving Isle, Lumengrid Sentinel, Hold for Questioning"
Detective 4,Jumpstart,Other,J22,2022-12-02,10.97,"Tamiyo, the Moon Sage, Tamiyo's Journal, Jace's Scrutiny, Thriving Isle, Erdwal Illuminator"
Devastation,Theme Deck,Other,ONS,2002-10-07,225.53,"Naturalize, Cryptic Gateway, Tranquil Thicket, Explosive Vegetation, Forgotten Cave"
Devilish (1),Jumpstart,Other,JMP,2020-07-17,0.0,"Zurzoth, Chaos Rider, Traitorous Greed, Havoc Jester, Mountain, Spiteful Prankster"
Devilish (2),Jumpstart,Other,JMP,2020-07-17,0.0,"Zurzoth, Chaos Rider, Traitorous Greed, Havoc Jester, Mountain, Spiteful Prankster"
Devilish (3),Jumpstart,Other,JMP,2020-07-17,2.75,"Brash Taunter, Traitorous Greed, Havoc Jester, Mountain, Spiteful Prankster"
Devilish (4),Jumpstart,Other,JMP,2020-07-17,2.98,"Hellrider, Sin Prodder, Traitorous Greed, Havoc Jester, Barrage of Expendables"
Devotion to Darkness,Intro Pack,Other,THS,2013-09-27,21.62,"Whip of Erebos, Gray Merchant of Asphodel, Island, Island, Island"
Devouring Skies,Intro Pack,Other,NPH,2011-05-13,84.78,"Argentum Armor, Brass Squire, Silver Myr, Swamp, Swamp"
Diabolical Dioramas,Secret Lair Drop,Other,SLD,2024-04-15,50.39,"Aura Shards, Fiend Artisan, Gravebreaker Lamia, Karador, Ghost Chieftain"
Diabolical Dioramas Foil Edition,Secret Lair Drop,Other,SLD,2024-04-15,57.98,"Aura Shards, Fiend Artisan, Gravebreaker Lamia, Karador, Ghost Chieftain"
Dimir,Guild Kit,Other,GK1,2018-11-02,8.23,"Glimpse the Unthinkable, Etrata, the Silencer, Dimir Signet, Mission Briefing, Price of Fame"
Dimir Control,Pioneer Challenger Deck,Other,Q08,2022-11-04,49.51,"Watery Grave, Narset, Parter of Veils, Drowned Catacomb, Mystical Dispute, Fatal Push"
Dimir Dementia,Intro Pack,Other,GTC,2013-02-01,24.67,"Duskmantle Guildmage, Whispering Madness, Jace's Phantasm, Wight of Precinct Six, Dimir Keyrune"
Dimir Intrigues,Theme Deck,Other,RAV,2005-10-07,52.49,"Dimir Aqueduct, Dimir Infiltrator, Dimir Signet, Szadek, Lord of Secrets, Dimir House Guard"
Dimir Manipulation,Arena Starter Deck,Other,DOM,2018-03-22,38.15,"Nezahal, Primal Tide, Tetzimoc, Primal Death, Ravenous Chupacabra, Overflowing Insight, Censor"
Dimir Rogue,Challenger Deck,Other,Q05,2021-04-02,23.78,"Malakir Rebirth // Malakir Mire, Rankle, Master of Pranks, Swamp, Drown in the Loch, Island"
Dinner,Jumpstart,Other,J25,2024-11-07,3.28,"Tireless Provisioner, Hurska Sweet-Tooth, Trail of Crumbs, Giant Opportunity, Gingerbrute"
Dino Might,Arena Starter Deck,Other,OTJ,2024-07-08,42.56,"Ghalta, Stampede Tyrant, Commercial District, Hulking Raptor, Trumpeting Carnosaur, Earthshaker Dreadmaw"
Dinosaurs (1),Jumpstart,Other,JMP,2020-07-17,1.36,"Cultivate, Ghalta, Primal Hunger, Forest, Ornery Dilophosaur, Orazca Frillback"
Dinosaurs (2),Jumpstart,Other,J25,2024-11-07,0.0,"Ghalta, Primal Hunger, Topiary Stomper, Rampant Growth, Thrashing Brontodon, Tail Swipe"
Dinosaurs (3),Jumpstart,Other,JMP,2020-07-17,1.36,"Cultivate, Ghalta, Primal Hunger, Forest, Ornery Dilophosaur, Orazca Frillback"
Dinosaurs (4),Jumpstart,Other,JMP,2020-07-17,1.59,"Garruk's Uprising, Forest, Ornery Dilophosaur, Primal Might, Rampaging Brontodon"
Discarding (1),Jumpstart,Other,JMP,2020-07-17,18.11,"Tinybones, Trinket Thief, Ravenous Chupacabra, Fell Specter, Swamp, Swamp"
Discarding (2),Jumpstart,Other,JMP,2020-07-17,0.0,"Ravenous Chupacabra, Fell Specter, Swamp, Liliana's Reaver, Nyxathid"
Dismissal,Theme Deck,Other,INV,2000-10-02,313.08,"Opt, Disrupt, Ravenous Rats, Prohibit, Island"
Disrupter,Theme Deck,Other,MMQ,1999-10-04,736.24,"Dark Ritual, Snuff Out, Thunderclap, Thrashing Wumpus, Vendetta"
Disrupter - Enhanced Deck,Enhanced Deck,Other,MMQ,1999-10-04,725.74,"Dark Ritual, Snuff Out, Thunderclap, Thrashing Wumpus, Vendetta"
Dissension Foil Redemption,MTGO Redemption,Other,DIS,2006-06-04,1824.58,"Hallowed Fountain, Blood Crypt, Breeding Pool, Psychic Possession, Grand Arbiter Augustin IV"
Dissension Redemption,MTGO Redemption,Other,DIS,2006-06-04,1824.58,"Hallowed Fountain, Blood Crypt, Breeding Pool, Psychic Possession, Grand Arbiter Augustin IV"
Distress,Theme Deck,Other,PCY,2000-06-05,969.45,"Dark Ritual, Avatar of Woe, Snuff Out, Peat Bog, Seal of Cleansing"
Divine,Duel Deck,Other,DDC,2009-04-10,8.83,"Akroma, Angel of Wrath, Reya Dawnbringer, Luminous Angel, Twilight Shepherd, Righteous Cause"
Doctor (1),Jumpstart,Other,JMP,2020-07-17,9.65,"Light of Promise, Speaker of the Heavens, Plains, Griffin Aerie, Basri's Acolyte"
Doctor (2),Jumpstart,Other,JMP,2020-07-17,9.65,"Light of Promise, Speaker of the Heavens, Plains, Griffin Aerie, Basri's Acolyte"
Doctor (3),Jumpstart,Other,JMP,2020-07-17,10.78,"Light of Promise, Rhox Faithmender, Plains, Griffin Aerie, Basri's Acolyte"
Doctor (4),Jumpstart,Other,JMP,2020-07-17,0.0,"Cradle of Vitality, Plains, Griffin Aerie, Basri's Acolyte, Plains"
Doctor Who: Regeneration,Secret Lair Drop,Other,SLD,2024-04-09,237.88,"The Fourteenth Doctor, The Fifteenth Doctor, The Meep, The Celestial Toymaker, Rose Noble"
Doctor Who: Regeneration Foil Edition,Secret Lair Drop,Other,SLD,2024-04-09,237.88,"The Fourteenth Doctor, The Fifteenth Doctor, The Meep, The Celestial Toymaker, Rose Noble"
Doctor Who: The Dalek Lands,Secret Lair Drop,Other,SLD,2023-12-18,48.7,"Spirebluff Canal, Botanical Sanctum, Blooming Marsh, Concealed Courtyard, Inspiring Vantage"
Doctor Who: The Dalek Lands Foil Edition,Secret Lair Drop,Other,SLD,2023-12-18,48.7,"Spirebluff Canal, Botanical Sanctum, Blooming Marsh, Concealed Courtyard, Inspiring Vantage"
Doctor Who: The Weeping Angels,Secret Lair Drop,Other,SLD,2023-12-18,44.0,"Blinding Angel, Angel of Serenity, Angel of the Ruins, Restoration Angel, Sublime Archangel"
Doctor Who: The Weeping Angels Foil Edition,Secret Lair Drop,Other,SLD,2023-11-30,44.0,"Blinding Angel, Angel of Serenity, Angel of the Ruins, Restoration Angel, Sublime Archangel"
Dogs (1),Jumpstart,Other,JMP,2020-07-17,3.32,"Plains, Selfless Savior, Pack Leader, Plains, Rambunctious Mutt"
Dogs (2),Jumpstart,Other,JMP,2020-07-17,3.61,"Plains, Isamaru, Hound of Konda, Pack Leader, Plains, Rambunctious Mutt"
Dogs Are Better Than Cats,Secret Lair Drop,Other,SLD,2025-03-18,83.93,"Arcane Signet, Basilisk Collar, Titanic Ultimatum, Rip Apart, Escape to the Wilds"
Dogs Are Better Than Cats Foil Edition,Secret Lair Drop,Other,SLD,2025-03-18,83.93,"Arcane Signet, Basilisk Collar, Titanic Ultimatum, Rip Apart, Escape to the Wilds"
Domain,Theme Deck,Other,PLS,2001-02-05,298.56,"Quirion Dryad, Harrow, Tribal Flames, Island, Rith's Charm"
Dome Destruction,Arena Starter Deck,Other,ANB,2019-09-26,2.84,"Dreadhorde Arcanist, Drakuseth, Maw of Flames, Chandra's Outrage, Meteor Golem, Spellgorger Weird"
Dominaria Foil Redemption,MTGO Redemption,Other,DOM,2018-05-27,482.97,"Mox Amber, Cabal Stronghold, Helm of the Host, Teferi, Hero of Dominaria, Unwind"
Dominaria Redemption,MTGO Redemption,Other,DOM,2018-05-27,482.97,"Mox Amber, Cabal Stronghold, Helm of the Host, Teferi, Hero of Dominaria, Unwind"
Dominaria United Foil Redemption,MTGO Redemption,Other,DMU,2022-09-28,247.62,"Sheoldred, the Apocalypse, Timeless Lotus, Plaza of Heroes, Silverback Elder, Liliana of the Veil"
Dominaria United Redemption,MTGO Redemption,Other,DMU,2022-09-28,247.62,"Sheoldred, the Apocalypse, Timeless Lotus, Plaza of Heroes, Silverback Elder, Liliana of the Veil"
Dominaria United Welcome Booster,Welcome Booster,Other,DMU,2022-09-09,5.11,"Blackblade Reforged, Ajani, the Greathearted, Phylath, World Sculptor, Ertai's Scorn, Commander's Sphere"
Dominator - Advanced Deck,Advanced Deck,Other,EXO,1998-06-15,125.39,"Wasteland, Undiscovered Paradise, Winter Orb, Propaganda, Fellwar Stone"
Dominator - Basic Deck,Theme Deck,Other,EXO,1998-06-15,17.91,"Propaganda, Equilibrium, Erratic Portal, Counterspell, Dominating Licid"
"Domri, City Smasher",Planeswalker Deck,Other,RNA,2019-01-25,2.62,"Mountain, End-Raze Forerunners, Forest, Domri, City Smasher, Glass of the Guildpact"
Donatello,Theme Deck,Other,TMT,2026-03-06,11.04,"April O'Neil, Human Element, Utrom Monitor, Sewer-veillance Cam, Donatello, Rad Scientist, Manhole Cover"
Doom Inevitable,Intro Pack,Other,MBS,2011-02-04,33.54,"Bonehoard, Psychosis Crawler, Myr Sire, Contagion Clasp, Steady Progress"
"Dovin, Architect of Law",Planeswalker Deck,Other,RNA,2019-01-25,13.64,"Verity Circle, Unbreakable Formation, Dovin, Architect of Law, Arrester's Zeal, Concordia Pegasus"
Draconic Fury,Game Night Deck,Other,GN2,2019-11-15,25.86,"Glint-Horn Buccaneer, Fiendish Duo, Dragon Mage, Lathliss, Dragon Queen, Drakuseth, Maw of Flames"
Dracur,Shandalar Enemy Deck,Other,PAST,1997-04-01,4003.39,"Mox Emerald, Mountain, Strip Mine, Desert Twister, Fellwar Stone"
Dragon's Endgame,San Diego Comic Con Promos,Other,PS19,2019-07-18,209.95,"Nicol Bolas, Dragon-God, God-Eternal Oketra, God-Eternal Bontu, God-Eternal Kefnet, God-Eternal Rhonas"
Dragon's Fire,Arena Starter Deck,Other,M19,2018-09-27,12.71,"Lathliss, Dragon Queen, Goblin Instigator, Charging Monstrosaur, Spit Flame, Demanding Dragon"
Dragon's Maze Foil Redemption,MTGO Redemption,Other,DGM,2013-06-02,233.08,"Hidden Strings, Render Silent, Voice of Resurgence, Progenitor Mimic, Blood Baron of Vizkopa"
Dragon's Maze Redemption,MTGO Redemption,Other,DGM,2013-06-02,233.08,"Hidden Strings, Render Silent, Voice of Resurgence, Progenitor Mimic, Blood Baron of Vizkopa"
Dragons,Duel Deck,Other,DDG,2011-04-01,20.98,"Seething Song, Dragonspeaker Shaman, Bloodmark Mentor, Bogardan Hellkite, Kilnmouth Dragon"
Dragons (1),Jumpstart,Other,JMP,2020-07-17,34.11,"Terror of the Peaks, Dragonspeaker Shaman, Mountain, Dragon Fodder, Thrill of Possibility"
Dragons (2),Jumpstart,Other,JMP,2020-07-17,0.0,"Gadrak, the Crown-Scourge, Lathliss, Dragon Queen, Dragonlord's Servant, Mountain, Dragon Fodder"
Dragons 1,Jumpstart,Other,J22,2022-12-02,0.0,"Sarkhan, the Dragonspeaker, Dragon Mage, Sarkhan's Whelp, Dragon Egg, Dragon Fodder"
Dragons 2,Jumpstart,Other,J22,2022-12-02,3.7,"Dragonspeaker Shaman, Lathliss, Dragon Queen, Dragon's Hoard, Dragon Mage, Dragonlord's Servant"
Dragons of Tarkir Foil Redemption,MTGO Redemption,Other,DTK,2015-04-26,400.07,"Shaman of Forgotten Ways, Haven of the Spirit Dragon, Dragonlord Dromoka, Sarkhan Unbroken, Narset Transcendent"
Dragons of Tarkir Redemption,MTGO Redemption,Other,DTK,2015-04-26,400.07,"Shaman of Forgotten Ways, Haven of the Spirit Dragon, Dragonlord Dromoka, Sarkhan Unbroken, Narset Transcendent"
Draw Your Hand,Secret Lair Drop,Other,SLD,2023-04-14,67.1,"Counterbalance, Deafening Silence, Eldrazi Conscription, Bruna, Light of Alabaster"
Draw Your Hand Foil Edition,Secret Lair Drop,Other,SLD,2023-04-14,67.1,"Counterbalance, Deafening Silence, Eldrazi Conscription, Bruna, Light of Alabaster"
Dreaming Darkly,Secret Lair Drop,Other,SLD,2025-10-27,41.49,"Guardian Project, Glen Elendra Archmage, Soulherder, Roon of the Hidden Realm"
Dreaming Darkly Foil Edition,Secret Lair Drop,Other,SLD,2025-10-27,41.49,"Guardian Project, Glen Elendra Archmage, Soulherder, Roon of the Hidden Realm"
Drowned (1),Jumpstart,Other,J25,2024-11-07,1.72,"Neerdiv, Devious Diver, Wall of Lost Thoughts, Ipnu Rivulet, Shipwreck Dowser, Screaming Swarm"
Drowned (2),Jumpstart,Other,J25,2024-11-07,1.72,"Neerdiv, Devious Diver, Cackling Counterpart, Wall of Lost Thoughts, Waker of Waves, Screaming Swarm"
Druid,Shandalar Enemy Deck,Other,PAST,1997-04-01,206.12,"Mishra's Factory, Killer Bees, Oasis, Nafs Asp, Instill Energy"
Dungeon Delving,Arena Starter Deck,Other,AFR,2021-09-24,9.78,"Brightclimb Pathway // Grimclimb Pathway, Acererak the Archlich, Triumphant Adventurer, Nullpriest of Oblivion, Vanishing Verse"
Dungeons & Dragons: An Exhibition of Adventure,Secret Lair Drop,Other,SLD,2024-08-28,96.14,"Goldspan Dragon, Ponder, Monster Manual // Zoological Study, Acererak the Archlich, Faithless Looting"
Dungeons & Dragons: An Exhibition of Adventure Foil Edition,Secret Lair Drop,Other,SLD,2024-08-28,96.14,"Goldspan Dragon, Ponder, Monster Manual // Zoological Study, Acererak the Archlich, Faithless Looting"
Dungeons & Dragons: Astarion's Thirst,Secret Lair Drop,Other,SLD,2024-08-28,134.79,"Exquisite Blood, Astarion, the Decadent, Sanguine Bond, Anguished Unmaking, Mortify"
Dungeons & Dragons: Astarion's Thirst Foil Edition,Secret Lair Drop,Other,SLD,2024-08-28,134.79,"Exquisite Blood, Astarion, the Decadent, Sanguine Bond, Anguished Unmaking, Mortify"
Dungeons & Dragons: Black Lights & Dark Dungeons,Secret Lair Drop,Other,SLD,2026-03-02,97.8,"Displacer Kitten, Tortured Existence, Seasoned Dungeoneer, Sefris of the Hidden Ways"
Dungeons & Dragons: Black Lights & Dark Dungeons Foil Edition,Secret Lair Drop,Other,SLD,2026-03-02,97.8,"Displacer Kitten, Tortured Existence, Seasoned Dungeoneer, Sefris of the Hidden Ways"
Dungeons & Dragons: Death is in the Eyes of the Beholder I,Secret Lair Drop,Other,SLD,2024-08-28,35.71,"Stifle, Bribery, Xanathar, Guild Kingpin, Blood Money, Drown in the Loch"
Dungeons & Dragons: Death is in the Eyes of the Beholder I Foil Edition,Secret Lair Drop,Other,SLD,2024-08-28,35.71,"Stifle, Bribery, Xanathar, Guild Kingpin, Blood Money, Drown in the Loch"
Dungeons & Dragons: Death is in the Eyes of the Beholder II,Secret Lair Drop,Other,SLD,2024-08-28,43.26,"Karazikar, the Eye Tyrant, Snuff Out, Fire Covenant, Oubliette, Defile"
Dungeons & Dragons: Death is in the Eyes of the Beholder II Foil Edition,Secret Lair Drop,Other,SLD,2024-08-28,43.26,"Karazikar, the Eye Tyrant, Snuff Out, Fire Covenant, Oubliette, Defile"
Dungeons & Dragons: Gale's Ambition,Secret Lair Drop,Other,SLD,2026-03-02,28.69,"Arcane Denial, Personal Tutor, Archmage's Charm, Brainstorm, Gale, Waterdeep Prodigy"
Dungeons & Dragons: Gale's Ambition Foil Edition,Secret Lair Drop,Other,SLD,2026-03-02,28.69,"Arcane Denial, Personal Tutor, Archmage's Charm, Brainstorm, Gale, Waterdeep Prodigy"
Dungeons & Dragons: Honor Among Thieves,Secret Lair Drop,Other,SLD,2023-03-31,95.96,"Casal, Lurkwood Pathfinder // Casal, Pathbreaker Owlbear, Bohn, Beguiling Balladeer, Rashel, Fist of Torm, Evin, Waterdeep Opportunist, Mathise, Surge Channeler"
Dungeons & Dragons: Honor Among Thieves Foil Edition,Secret Lair Drop,Other,SLD,2023-03-31,95.96,"Casal, Lurkwood Pathfinder // Casal, Pathbreaker Owlbear, Bohn, Beguiling Balladeer, Rashel, Fist of Torm, Evin, Waterdeep Opportunist, Mathise, Surge Channeler"
Dungeons & Dragons: Karlach's Rage,Secret Lair Drop,Other,SLD,2024-08-28,127.63,"Karlach, Fury of Avernus, Dolmen Gate, City on Fire, Stranglehold, Thrill of Possibility"
Dungeons & Dragons: Karlach's Rage Foil Edition,Secret Lair Drop,Other,SLD,2024-08-28,127.63,"Karlach, Fury of Avernus, Dolmen Gate, City on Fire, Stranglehold, Thrill of Possibility"
Dungeons & Dragons: Lands of the Forgotten Realms,Secret Lair Drop,Other,SLD,2026-03-02,35.79,"Swamp, Island, Forest, Mountain, Plains"
Dungeons & Dragons: Lands of the Forgotten Realms Foil Edition,Secret Lair Drop,Other,SLD,2026-03-02,35.79,"Swamp, Island, Forest, Mountain, Plains"
Dungeons & Dragons: Shadowheart's Devotion,Secret Lair Drop,Other,SLD,2026-03-02,70.45,"Ancient Bronze Dragon, Shadowheart, Dark Justiciar, Beseech the Queen, Victimize, Black Market"
Dungeons & Dragons: Shadowheart's Devotion Foil Edition,Secret Lair Drop,Other,SLD,2026-03-02,70.45,"Ancient Bronze Dragon, Shadowheart, Dark Justiciar, Beseech the Queen, Victimize, Black Market"
Dungeons & Dragons: Shadows Over Baldur's Gate,Secret Lair Drop,Other,SLD,2026-03-02,51.56,"Grim Hireling, Prosper, Tome-Bound, Xorn, Wild-Magic Sorcerer"
Dungeons & Dragons: Shadows Over Baldur's Gate Foil Edition,Secret Lair Drop,Other,SLD,2026-03-02,51.56,"Grim Hireling, Prosper, Tome-Bound, Xorn, Wild-Magic Sorcerer"
Dungeons & Dragons: Strahd's Descent,Secret Lair Drop,Other,SLD,2026-03-02,54.31,"Bloodletter of Aclazotz, Strefan, Maurer Progenitor, End the Festivities, Voldaren Estate"
Dungeons & Dragons: Strahd's Descent Foil Edition,Secret Lair Drop,Other,SLD,2026-03-02,54.31,"Bloodletter of Aclazotz, Strefan, Maurer Progenitor, End the Festivities, Voldaren Estate"
Dungeons & Dragons: Whispers in Candlekeep,Secret Lair Drop,Other,SLD,2026-03-02,77.55,"Miirym, Sentinel Wyrm, Klauth, Unrivaled Ancient, Dragonborn Champion, Counterspell"
Dungeons & Dragons: Whispers in Candlekeep Foil Edition,Secret Lair Drop,Other,SLD,2026-03-02,77.55,"Miirym, Sentinel Wyrm, Klauth, Unrivaled Ancient, Dragonborn Champion, Counterspell"
Duskmourn: House of Horror Redemption,MTGO Redemption,Other,DSK,2024-10-16,304.99,"Overlord of the Balemurk, Valgavoth, Terror Eater, Abhorrent Oculus, Enduring Tenacity, Enduring Vitality"
Dwarf Fortress: Create New World,Secret Lair Drop,Other,SLD,2026-05-12,41.76,"Terror of the Peaks, Communal Brewing, Rogue's Passage, Secret Rendezvous, Rune-Scarred Demon"
Dwarf Fortress: Create New World Foil Edition,Secret Lair Drop,Other,SLD,2026-05-12,41.76,"Terror of the Peaks, Communal Brewing, Rogue's Passage, Secret Rendezvous, Rune-Scarred Demon"
EVERYTHING IS ON FIRE,Secret Lair Drop,Other,SLD,2025-05-13,47.8,"Dragon's Rage Channeler, Chain Lightning, Lava Spike, Rift Bolt, Skewer the Critics"
EVERYTHING IS ON FIRE Foil Edition,Secret Lair Drop,Other,SLD,2025-05-13,47.8,"Dragon's Rage Channeler, Chain Lightning, Lava Spike, Rift Bolt, Skewer the Critics"
EVERYTHING IS ON FIRE Raised Foil Edition,Secret Lair Drop,Other,SLD,2025-05-13,76.15,"Dragon's Rage Channeler, Rift Bolt, Skewer the Critics, Lava Spike, Chain Lightning"
Ears of the Elves,Theme Deck,Other,PS11,2011-01-01,0.0,"Forest, Forest, Forest, Forest, Swamp"
Earth Kingdom (1),Jumpstart,Other,TLE,2025-11-20,7.45,"Descendants' Path, Match the Odds, Forest, Toph, the Blind Bandit, Thriving Grove"
Earth Kingdom (2),Jumpstart,Other,TLE,2025-11-20,6.49,"Descendants' Path, Great Divide Guide, Origin of Metalbending, Forest, Toph, the Blind Bandit"
Earth Rumble (1),Jumpstart,Other,TLE,2025-11-20,1.78,"Master's Guidance, Forest, Toph, the Blind Bandit, Thriving Grove, The Boulder, Ready to Rumble"
Earth Rumble (2),Jumpstart,Other,TLE,2025-11-20,8.23,"Bosco, Just a Bear, Frog-Squirrels, Master's Guidance, The Earth King, Origin of Metalbending"
Earth Shakers,Starter Kit,Other,SNC,2022-06-03,3.24,"Glorious Sunrise, Thundering Raiju, Topiary Stomper, Ascendant Packleader, Abrade"
Earthbending (1),Jumpstart,Other,TLE,2025-11-20,6.46,"Earthbender Ascension, Explore, Inspiring Call, Forest, Toph, the Blind Bandit"
Earthbending (2),Jumpstart,Other,TLE,2025-11-20,15.8,"Solid Ground, Tale of Katara and Toph, Frog-Squirrels, Explore, Forest"
Edge of Eternities Redemption,MTGO Redemption,Other,EOE,2025-08-27,292.09,"Ouroboroid, Quantum Riddler, Tezzeret, Cruel Captain, Icetill Explorer, Exalted Sunborn"
Eerie,Theme Deck,Other,SOS,2026-04-24,15.2,"Enduring Innocence, Sheltered by Ghosts, Silent Hallcreeper, Valgavoth's Lair, Ethereal Armor"
Eighth Edition Foil Redemption,MTGO Redemption,Other,8ED,2003-08-27,2249.43,"Grave Pact, Birds of Paradise, City of Brass, Mana Clash, Intruder Alarm"
Eighth Edition Redemption,MTGO Redemption,Other,8ED,2003-08-27,2249.43,"Grave Pact, Birds of Paradise, City of Brass, Mana Clash, Intruder Alarm"
Eldraine Wonderland,Secret Lair Drop,Other,SLD,2019-12-04,31.89,"Snow-Covered Island, Snow-Covered Forest, Snow-Covered Plains, Snow-Covered Swamp, Snow-Covered Mountain"
Eldrazi,Duel Deck,Other,DDP,2015-08-28,20.47,"It That Betrays, Pawn of Ulamog, Eldrazi Temple, Oblivion Sower, Artisan of Kozilek"
Eldrazi Arisen,Intro Pack,Other,ROE,2010-04-23,59.62,"Awakening Zone, Hand of Emrakul, Growth Spasm, Ulamog's Crusher, Pathrazer of Ulamog"
Eldrazi Assault,Intro Pack,Other,BFZ,2015-10-02,2.38,"Forerunner of Slaughter, Nettle Drone, Vile Aggregate, Touch of the Void, Evolving Wilds"
Eldritch Moon Foil Redemption,MTGO Redemption,Other,EMN,2016-08-21,285.36,"Emrakul, the Promised End, Gisela, the Broken Blade // Brisela, Voice of Nightmares, Sigarda's Aid, Geier Reach Sanitarium, Tree of Perdition"
Eldritch Moon Redemption,MTGO Redemption,Other,EMN,2016-08-21,285.36,"Emrakul, the Promised End, Gisela, the Broken Blade // Brisela, Voice of Nightmares, Sigarda's Aid, Geier Reach Sanitarium, Tree of Perdition"
Eldritch Onslaught,Intro Pack,Other,ISD,2011-09-30,19.43,"Ghoulcaller's Bell, Think Twice, Mountain, Island, Charmbreaker Devils"
Elemental Thunder,Planechase Deck,Other,HOP,2009-09-04,25.89,"Flamekin Harbinger, Relentless Assault, Mage Slayer, Taurean Mauler, Forest"
Elementalist,Shandalar Enemy Deck,Other,PAST,1997-04-01,357.21,"Mountain, Mana Vault, Energy Flux, Unstable Mutation, Drain Power"
Elementals' Path,Theme Deck,Other,LRW,2007-10-12,268.92,"Springleaf Drum, Horde of Notions, Incandescent Soulstoke, Flamekin Harbinger, Island"
Elspeth,Duel Deck,Other,DDF,2010-09-03,14.91,"Elspeth, Knight-Errant, Swords to Plowshares, Catapult Master, Abolish, Kor Skyfisher"
Elven 1,Jumpstart,Other,LTR,2023-11-03,7.27,"Entish Restoration, Lembas, Mirkwood Channeler, Shower of Arrows, Stew the Coneys"
Elven 2,Jumpstart,Other,LTR,2023-11-03,1.14,"Mirkwood Channeler, Mirkwood Spider, Revive the Shire, Stew the Coneys, Quickbeam, Upstart Ent"
Elves,Theme Deck,Other,PSAL,2005-08-01,0.0,"Forest, Forest, Forest, Forest, Forest"
Elves (1),Jumpstart,Other,J25,2024-11-07,10.4,"Dionus, Elvish Archdruid, Leaf-Crowned Visionary, Llanowar Elves, Thornweald Archer, Bounty of Skemfar"
Elves (2),Jumpstart,Other,J25,2024-11-07,5.99,"Dionus, Elvish Archdruid, Llanowar Elves, Elvish Archdruid, Might of the Masses, Bounty of Skemfar"
Elves (3),Jumpstart,Other,J25,2024-11-07,9.45,"Dionus, Elvish Archdruid, Marwyn, the Nurturer, Llanowar Elves, Thornweald Archer, Bounty of Skemfar"
Elves (4),Jumpstart,Other,J25,2024-11-07,10.83,"Dionus, Elvish Archdruid, Tyvar Kell, Llanowar Elves, Voice of the Woods, Paradise Druid"
Elves 1,Jumpstart,Other,J22,2022-12-02,4.69,"Elvish Warmaster, Primeval Herald, Reclamation Sage, Thriving Grove, Elvish Rejuvenator"
Elves 2,Jumpstart,Other,J22,2022-12-02,0.0,"Primeval Herald, Imperious Perfect, Thriving Grove, Elvish Rejuvenator, Ivy Lane Denizen"
Elves 3,Jumpstart,Other,J22,2022-12-02,21.36,"Wolverine Riders, Lys Alana Huntmaster, Instruments of War, Woodland Champion, Thriving Grove"
Elves 4,Jumpstart,Other,J22,2022-12-02,0.0,"Presence of Gond, Wildborn Preserver, Woodland Champion, Thriving Grove, Elvish Rejuvenator"
Elves!,Deck Builder's Toolkit,Other,ROE,2010-05-21,7.81,"Llanowar Elves, Greenweaver Druid, Pennon Blade, Overrun, Nissa's Chosen"
Elvish Magi,Shandalar Enemy Deck,Other,PAST,1997-04-01,39.78,"Winter Blast, Elven Riders, Untamed Wilds, Jayemdae Tome, Elvish Archers"
Elvish Predation,Theme Deck,Other,LRW,2007-10-12,182.01,"Nath of the Gilt-Leaf, Elvish Promenade, Prowess of the Fair, Elvish Harbinger, Swamp"
Elvish Rage,Theme Deck,Other,LGN,2003-02-03,214.31,"Wellwisher, Tribal Forcemage, Wirewood Channeler, Timberwatch Elf, Birchlore Rangers"
Enchanted (1),Jumpstart,Other,JMP,2020-07-17,3.36,"Kor Spiritdancer, Plains, Face of Divinity, Plains, Plains"
Enchanted (2),Jumpstart,Other,J25,2024-11-07,0.0,"Cartouche of Solidarity, Eidolon of Astral Winds, Psemilla, Meletian Poet, Nyx-Fleece Ram, Sunblade Samurai"
Enchanted (3),Jumpstart,Other,J25,2024-11-07,0.0,"Nykthos Paragon, Starfield Mystic, Psemilla, Meletian Poet, Divine Favor, Nyx-Fleece Ram"
Enchanted (4),Jumpstart,Other,J25,2024-11-07,0.0,"Archon of Sun's Grace, Spirited Companion, Psemilla, Meletian Poet, Angelic Gift, Sunblade Samurai"
Enchanter,Theme Deck,Other,UDS,1999-06-07,382.26,"Mother of Runes, Sigil of Sleep, Miscalculation, Rayne, Academy Chancellor, Thran Golem"
Enchanter - Enhanced Deck,Enhanced Deck,Other,UDS,1999-06-07,334.88,"Time Spiral, Mother of Runes, Miscalculation, Rayne, Academy Chancellor, Ertai, Wizard Adept"
Enchantress,Shandalar Enemy Deck,Other,PAST,1997-04-01,88.18,"Desert Twister, Ivory Tower, Library of Leng, Coral Helm, Verduran Enchantress"
Encounter (1),Jumpstart,Other,J25,2024-11-07,0.0,"Forgotten Ancient, Biogenic Upgrade, Mowu, Loyal Companion, Deepwood Denizen, Duskshell Crawler"
Encounter (2),Jumpstart,Other,J25,2024-11-07,0.0,"Oran-Rief Ooze, Mowu, Loyal Companion, Deepwood Denizen, Invigorating Surge, Saurian Symbiote"
Encounter (3),Jumpstart,Other,J25,2024-11-07,0.0,"Biogenic Upgrade, Mowu, Loyal Companion, Rishkar, Peema Renegade, Deepwood Denizen, Saurian Symbiote"
Encounter (4),Jumpstart,Other,J25,2024-11-07,0.0,"Quirion Beastcaller, Primeval Bounty, Mowu, Loyal Companion, Gnarlid Colony, Deepwood Denizen"
Endless Hordes,Game Night Deck,Other,GN2,2019-11-15,23.56,"Vilis, Broker of Blood, Dread Presence, Blood for Bones, Calculating Lich, Liliana's Mastery"
Endless March,Theme Deck,Other,PLC,2007-02-02,98.31,"Children of Korlis, Dawn Charm, Dust Elemental, Fatal Frenzy, Dead // Gone"
Enemy Deck,Enemy Deck,Other,TMT,2026-03-06,0.0,
Enlightened Mastery,Intro Pack,Other,DTK,2015-03-27,1.77,"Plains, Island, Island, Ojutai Monument, Island"
Entangling Webs,Intro Pack,Other,M12,2011-07-15,21.52,"Hunter's Insight, Rampant Growth, Overrun, Fling, Mountain"
Eons of Evil,Theme Deck,Other,PS11,2011-01-01,0.0,"Terramorphic Expanse, Terror, Acolyte of Xathrid, Deathbringer Thoctar, Garza Zol, Plague Queen"
Equipped,Jumpstart,Other,MSH,2026-06-26,8.66,"Captain America, Liberator, Captain America's Shield, Origin of Captain America, Bucky Barnes, Eager Ally, Infinity Formula"
"Eric Tam, Quarterfinalist",Pro Tour Deck,Other,PTC,1996-05-01,127.75,"City of Brass, Land Tax, Lightning Bolt, Birds of Paradise, Mishra's Factory"
Eruption,Theme Deck,Other,NEM,2000-02-14,252.27,"Seal of Cleansing, Thunderclap, Seal of Fire, Volcanic Wind, Disenchant"
Eruption - Enhanced Deck,Enhanced Deck,Other,NEM,2000-02-14,182.81,"Seal of Cleansing, Seal of Fire, Ring of Gix, Armageddon, Reckless Abandon"
Esper Air Assault,Intro Pack,Other,CON,2009-02-06,33.97,"Terramorphic Expanse, Island, Swamp, Arcane Sanctum, Inkwell Leviathan"
Esper Artifice,Intro Pack,Other,ALA,2008-10-03,50.05,"Sharding Sphinx, Etherium Sculptor, Island, Filigree Sages, Swamp"
Eternal Siege,Intro Pack,Other,ARB,2009-04-30,41.48,"Terramorphic Expanse, Plains, Path to Exile, Knight of New Alara, Forest"
Eternal Thirst,Arena Starter Deck,Other,M19,2018-09-27,49.89,"Resplendent Angel, Ajani's Welcome, Leonin Warleader, Legion Lieutenant, Sanctum Seeker"
Eventide Foil Redemption,MTGO Redemption,Other,EVE,2008-08-24,1820.99,"Bloom Tender, Ward of Bones, Crumbling Ashes, Ashling, the Extinguisher, Waves of Aggression"
Eventide Redemption,MTGO Redemption,Other,EVE,2008-08-24,1820.99,"Bloom Tender, Ward of Bones, Crumbling Ashes, Ashling, the Extinguisher, Waves of Aggression"
Every Dog Has Its Day,Secret Lair Drop,Other,SLD,2020-08-26,61.45,"Lightning Greaves, Ancient Grudge, Rest in Peace, Dig Through Time"
Every Dog Has Its Day Foil Edition,Secret Lair Drop,Other,SLD,2020-08-26,61.45,"Lightning Greaves, Ancient Grudge, Rest in Peace, Dig Through Time"
Evincar's Tyranny,Theme Deck,Other,10E,2007-07-13,27.17,"Ascendant Evincar, Mortivore, Diabolic Tutor, Terror, Cruel Edict"
Exiler,MTGO Theme Deck,Other,TD0,2010-11-08,0.0,"Stoneforge Mystic, Jötun Grunt, Mangara of Corondor, Serra Avenger, Ethersworn Canonist"
Expendable 1,Jumpstart,Other,MOM,2023-04-20,1.21,"Terror of Towashi, Swamp, Scorn-Blade Berserker, Seer of Stolen Sight, Unseal the Necropolis"
Expendable 2,Jumpstart,Other,MOM,2023-04-20,3.41,"Corrupted Conviction, Terror of Towashi, Swamp, Scorn-Blade Berserker, Seer of Stolen Sight"
Experimental 1,Jumpstart,Other,J22,2022-12-02,4.09,"Mizzix, Replica Rider, Ignite the Future, Young Pyromancer, Thermo-Alchemist, Mountain"
Experimental 2,Jumpstart,Other,J22,2022-12-02,4.09,"Mizzix, Replica Rider, Thermo-Alchemist, Spark of Creativity, Sparkmage Apprentice, Mountain"
Explorers (1),Jumpstart,Other,J25,2024-11-07,1.89,"Tireless Provisioner, Explore, Braulios of Pheres Band, Go Forth, Realm Seekers"
Explorers (2),Jumpstart,Other,J25,2024-11-07,0.0,"Primeval Herald, Tireless Tracker, Explore, Braulios of Pheres Band, Go Forth"
Explorers (3),Jumpstart,Other,J25,2024-11-07,0.0,"Explore, Braulios of Pheres Band, Somberwald Beastmaster, Go Forth, Slimy Piper"
Explorers (4),Jumpstart,Other,J25,2024-11-07,0.0,"Primeval Herald, Explore, Braulios of Pheres Band, Jadelight Ranger, Go Forth"
Expulsion,Theme Deck,Other,8ED,2003-07-28,25.61,"Megrim, Larceny, Swamp, Swamp, Swamp"
Extra Life 2020,Secret Lair Drop,Other,SLD,2020-11-06,135.35,"Amulet of Vigor, Teferi's Protection, Consecrated Sphinx, Collected Company"
Extra Life 2021,Secret Lair Drop,Other,SLD,2022-01-28,57.87,"Craterhoof Behemoth, Craterhoof Behemoth, Metalwork Colossus, Metalwork Colossus, Mulldrifter"
Extra Life 2021 Foil Edition,Secret Lair Drop,Other,SLD,2022-01-28,57.87,"Craterhoof Behemoth, Craterhoof Behemoth, Metalwork Colossus, Metalwork Colossus, Mulldrifter"
Extra Life 2022,Secret Lair Drop,Other,SLD,2022-11-04,168.24,"Sliver Legion, Sliver Legion, Birds of Paradise, Birds of Paradise, Lathliss, Dragon Queen"
Extra Life 2022 Foil Edition,Secret Lair Drop,Other,SLD,2022-11-04,168.24,"Sliver Legion, Sliver Legion, Birds of Paradise, Birds of Paradise, Lathliss, Dragon Queen"
Eyes of Shadow,Duel Of The Planeswalkers Deck,Other,DPA,2010-06-04,24.59,"Megrim, The Rack, Underworld Dreams, Ascendant Evincar, Ravenous Rats"
FINAL FANTASY: Game Over,Secret Lair Drop,Other,SLD,2025-06-10,75.15,"Toxic Deluge, Temporal Extortion, Praetor's Grasp, Star of Extinction, Day of Judgment"
FINAL FANTASY: Game Over Foil Edition,Secret Lair Drop,Other,SLD,2025-06-10,75.15,"Toxic Deluge, Temporal Extortion, Praetor's Grasp, Star of Extinction, Day of Judgment"
FINAL FANTASY: Grimoire,Secret Lair Drop,Other,SLD,2025-06-10,59.88,"Cyclonic Rift, Heroic Intervention, Lightning Bolt, Damn, Prismatic Ending"
FINAL FANTASY: Grimoire Foil Edition,Secret Lair Drop,Other,SLD,2025-06-10,59.88,"Cyclonic Rift, Heroic Intervention, Lightning Bolt, Damn, Prismatic Ending"
FINAL FANTASY: Weapons,Secret Lair Drop,Other,SLD,2025-06-10,75.79,"Sword of Truth and Justice, Umezawa's Jitte, Colossus Hammer, Blade of Selves, Staff of the Storyteller"
FINAL FANTASY: Weapons Foil Edition,Secret Lair Drop,Other,SLD,2025-06-10,75.79,"Sword of Truth and Justice, Umezawa's Jitte, Colossus Hammer, Blade of Selves, Staff of the Storyteller"
FORTNITE,Secret Lair Drop,Other,SLD,2022-09-02,128.21,"Triumph of the Hordes, Grim Tutor, Etherium Sculptor, Smuggler's Copter, Planar Bridge"
FORTNITE Foil Edition,Secret Lair Drop,Other,SLD,2022-09-02,128.21,"Triumph of the Hordes, Grim Tutor, Etherium Sculptor, Smuggler's Copter, Planar Bridge"
FORTNITE: Landmarks and Locations,Secret Lair Drop,Other,SLD,2022-09-02,51.73,"Island, Forest, Swamp, Mountain, Plains"
FORTNITE: Landmarks and Locations Foil Edition,Secret Lair Drop,Other,SLD,2022-09-02,51.73,"Island, Forest, Swamp, Mountain, Plains"
Faerie Pranks,Arena Starter Deck,Other,OTJ,2024-07-08,95.59,"Roaming Throne, Undercity Sewers, Talion, the Kindly Lord, Three Steps Ahead, Faerie Slumber Party"
"Faerie, Faerie, Faerie Rad",Secret Lair Drop,Other,SLD,2021-04-13,124.94,"Glen Elendra Archmage, Spellstutter Sprite, Vendilion Clique, Mistbind Clique"
Faeries 1,Jumpstart,Other,J22,2022-12-02,13.2,"Spellstutter Sprite, Vendilion Clique, Wavebreak Hippocamp, Instruments of War, Glen Elendra Pranksters"
Faeries 2,Jumpstart,Other,J22,2022-12-02,8.57,"Spellstutter Sprite, Faerie Seer, Stolen by the Fae, Instruments of War, Glen Elendra Pranksters"
Fallout: Beyond Vault 33,Secret Lair Drop,Other,SLD,2026-02-16,28.38,"The Ghoul, Gunslinger, Lucy MacLean, Positively Armed, Pre-War Formalwear, Spirit Mantle, Maximus, Knight Apparent"
Fallout: Beyond Vault 33 Foil Edition,Secret Lair Drop,Other,SLD,2026-02-16,28.38,"The Ghoul, Gunslinger, Lucy MacLean, Positively Armed, Pre-War Formalwear, Spirit Mantle, Maximus, Knight Apparent"
Fallout: Greet the Dog,Secret Lair Drop,Other,SLD,2026-02-16,39.81,"Sol Ring, Arcane Signet, Yoshimaru, Ever Faithful, Patchwork Banner, Lightning Greaves"
Fallout: Greet the Dog Foil Edition,Secret Lair Drop,Other,SLD,2026-02-16,39.81,"Sol Ring, Arcane Signet, Yoshimaru, Ever Faithful, Patchwork Banner, Lightning Greaves"
Fallout: Points of Interest,Secret Lair Drop,Other,SLD,2024-04-15,83.01,"Reflecting Pool, Bojuka Bog, Reliquary Tower, Command Beacon, Fabled Passage"
Fallout: Points of Interest Foil Edition,Secret Lair Drop,Other,SLD,2024-04-15,116.48,"Bojuka Bog, Reliquary Tower, Reflecting Pool, Fabled Passage, Command Beacon"
Fallout: Rad,Secret Lair Drop,Other,SLD,2026-02-16,56.07,"Mesmeric Orb, Mindcrank, The Wise Mothman, Mutational Advantage, Ripples of Potential"
Fallout: Rad Foil Edition,Secret Lair Drop,Other,SLD,2026-02-16,56.07,"Mesmeric Orb, Mindcrank, The Wise Mothman, Mutational Advantage, Ripples of Potential"
Fallout: SPECIAL,Secret Lair Drop,Other,SLD,2024-04-15,60.92,"Idyllic Tutor, Propaganda, Steelshaper's Gift, Anger, Elixir of Immortality"
Fallout: SPECIAL Foil Edition,Secret Lair Drop,Other,SLD,2024-04-15,68.66,"Propaganda, Idyllic Tutor, Steelshaper's Gift, Anger, Elixir of Immortality"
Fallout: Vault Boy,Secret Lair Drop,Other,SLD,2024-04-15,72.25,"Trinisphere, Grand Arbiter Augustin IV, Sphere of Resistance, Winter Orb"
Fallout: Vault Boy Foil Edition,Secret Lair Drop,Other,SLD,2024-04-15,69.03,"Trinisphere, Grand Arbiter Augustin IV, Winter Orb, Sphere of Resistance"
Fallout: Welcome to New Vegas,Secret Lair Drop,Other,SLD,2026-02-16,43.79,"Nuka-Cola Vending Machine, Isshin, Two Heavens as One, Tinybones, Trinket Thief, Caged Sun, The Deck of Many Things"
Fallout: Welcome to New Vegas Foil Edition,Secret Lair Drop,Other,SLD,2026-02-16,43.79,"Nuka-Cola Vending Machine, Isshin, Two Heavens as One, Tinybones, Trinket Thief, Caged Sun, The Deck of Many Things"
Fangs 1,Jumpstart,Other,J22,2022-12-02,9.73,"Rodolf Duskbringer, Creeping Bloodsucker, Falkenrath Noble, Oathsworn Vampire, Epicure of Blood"
Fangs 2,Jumpstart,Other,J22,2022-12-02,9.73,"Rodolf Duskbringer, Creeping Bloodsucker, Vampiric Rites, Falkenrath Noble, Oathsworn Vampire"
Fangs 3,Jumpstart,Other,J22,2022-12-02,8.19,"Creeping Bloodsucker, Blood Artist, Oathsworn Vampire, Ancient Craving, Tivash, Gloom Summoner"
Fangs 4,Jumpstart,Other,J22,2022-12-02,22.48,"Vito, Thorn of the Dusk Rose, Creeping Bloodsucker, Blood Artist, Oathsworn Vampire, Feast of Blood"
Fangs of the Bloodchief,Intro Pack,Other,WWK,2010-02-05,53.83,"Anowon, the Ruin Sage, Butcher of Malakir, Diabolic Tutor, Urge to Feed, Vampire Nighthawk"
Fangs of the Predator,Theme Deck,Other,PS11,2011-01-01,0.0,"Forest, Forest, Forest, Forest, Molimo, Maro-Sorcerer"
Fantastic,Jumpstart,Other,MSH,2026-06-26,29.57,"The Fantastic Four, Daily Bugle Newspaper, Farseek, Wall Off, Mister Fantastic, Reed Richards"
"Far Out, Man",Secret Lair Drop,Other,SLD,2022-05-06,74.33,"Mystical Tutor, Counterspell, Fabricate, Fact or Fiction, Aether Gust"
"Far Out, Man Foil Edition",Secret Lair Drop,Other,SLD,2022-05-06,74.33,"Mystical Tutor, Counterspell, Fabricate, Fact or Fiction, Aether Gust"
Fate,Clash Pack,Other,M15,2014-07-18,30.68,"Aetherspouts, Prophet of Kruphix, Kiora's Follower, Curse of the Swine, Hypnotic Siren"
Fate Blaster,Theme Deck,Other,FUT,2007-05-04,218.35,"Dandân, Vedalken Aethermage, Mystic Speculation, Frozen Aether, Magus of the Future"
Fate Reforged Foil Redemption,MTGO Redemption,Other,FRF,2015-02-22,200.84,"Merciless Executioner, Ugin, the Spirit Dragon, Temporal Trespass, Dark Deal, Atarka, World Render"
Fate Reforged Redemption,MTGO Redemption,Other,FRF,2015-02-22,227.36,"Merciless Executioner, Ugin, the Spirit Dragon, Temporal Trespass, Dark Deal, Atarka, World Render"
Fate and Fury,Clash Pack,Other,M15,2014-07-18,181.3,"Nykthos, Shrine to Nyx, Aetherspouts, Prophet of Kruphix, Kiora's Follower, Courser of Kruphix"
Fates Foreseen,Intro Pack,Other,JOU,2014-05-02,1.04,"Island, Interpret the Signs, Island, Pull from the Deep, Island"
Favors From Nyx,Intro Pack,Other,THS,2013-09-27,16.28,"Gift of Immortality, Banisher Priest, Plains, Doom Blade, Swamp"
"Fblthp: Completely, Utterly, Totally Lost",Secret Lair Drop,Other,SLD,2022-05-06,66.39,"Frantic Search, Path to Exile, Intruder Alarm, Well of Lost Dreams, Shelldock Isle"
"Fblthp: Completely, Utterly, Totally Lost Foil Edition",Secret Lair Drop,Other,SLD,2022-05-06,66.39,"Frantic Search, Path to Exile, Intruder Alarm, Well of Lost Dreams, Shelldock Isle"
Fearless,Jumpstart,Other,MSH,2026-06-26,11.13,"Daredevil, Fearless Fighter, Elektra, Femme Fatale, Fogwell's Gym, Daredevil's Billy Club, Stick, Fearless Mentor"
Feast of Flesh,Intro Pack,Other,NPH,2011-05-13,100.36,"Whipflare, Mountain, Swamp, Swamp, Go for the Throat"
Feathered Friends (1),Jumpstart,Other,JMP,2020-07-17,0.0,"Plains, Steel-Plume Marshal, Healer's Hawk, Plains, Aven Gagglemaster"
Feathered Friends (2),Jumpstart,Other,JMP,2020-07-17,0.0,"Angelic Ascension, Plains, Steel-Plume Marshal, Healer's Hawk, Plains"
Feathered Friends (3),Jumpstart,Other,JMP,2020-07-17,2.04,"Angel of the Dire Hour, Plains, Healer's Hawk, Plains, Aven Gagglemaster"
Feathered Friends (4),Jumpstart,Other,JMP,2020-07-17,0.0,"Plains, Healer's Hawk, Plains, Warded Battlements, Aegis of the Heavens"
Featuring: Andrew MacLean,Secret Lair Drop,Other,SLD,2024-07-30,46.31,"Arbor Elf, Maelstrom Wanderer, Nirkana Revenant, Terastodon"
Featuring: Andrew MacLean Foil Edition,Secret Lair Drop,Other,SLD,2024-07-30,46.31,"Arbor Elf, Maelstrom Wanderer, Nirkana Revenant, Terastodon"
Featuring: Deathburger,Secret Lair Drop,Other,SLD,2025-07-29,54.99,"Goblin Engineer, Arcbound Ravager, Foundry Inspector, Ethersworn Canonist, Dance of the Manse"
Featuring: Deathburger Galaxy Foil Edition,Secret Lair Drop,Other,SLD,2025-07-29,54.99,"Goblin Engineer, Arcbound Ravager, Foundry Inspector, Ethersworn Canonist, Dance of the Manse"
Featuring: Gary Baseman,Secret Lair Drop,Other,SLD,2023-09-15,64.84,"Forest, Swamp, Island, Mountain, Plains"
Featuring: Gary Baseman Foil Edition,Secret Lair Drop,Other,SLD,2023-09-15,64.84,"Forest, Swamp, Island, Mountain, Plains"
Featuring: Imiri Sakabashira,Secret Lair Drop,Other,SLD,2025-06-10,43.2,"Consecrated Sphinx, Scion of Draco, Mirage Mirror, Resculpt"
Featuring: Imiri Sakabashira Foil Edition,Secret Lair Drop,Other,SLD,2025-06-10,43.2,"Consecrated Sphinx, Scion of Draco, Mirage Mirror, Resculpt"
Featuring: Jay Howell,Secret Lair Drop,Other,SLD,2025-05-13,65.43,"Treasonous Ogre, Uncivil Unrest, Agent of Treachery, Priest of Forgotten Gods, Marchesa, the Black Rose"
Featuring: Jay Howell Foil Edition,Secret Lair Drop,Other,SLD,2025-05-13,65.43,"Treasonous Ogre, Uncivil Unrest, Agent of Treachery, Priest of Forgotten Gods, Marchesa, the Black Rose"
Featuring: Julie Bell,Secret Lair Drop,Other,SLD,2024-07-10,60.06,"Coat of Arms, Elves of Deep Shadow, Soul Warden, Good-Fortune Unicorn, Shivan Dragon"
Featuring: Julie Bell Foil Edition,Secret Lair Drop,Other,SLD,2024-07-10,60.06,"Coat of Arms, Elves of Deep Shadow, Soul Warden, Good-Fortune Unicorn, Shivan Dragon"
Featuring: Kevin Eastman (Colors),Secret Lair Drop,Other,SLD,2026-03-03,43.77,"Sakashima's Student, Guttersnipe, Throat Slitter, Loxodon Gatekeeper"
Featuring: Kevin Eastman (Colors) Foil Edition,Secret Lair Drop,Other,SLD,2026-03-03,43.77,"Sakashima's Student, Guttersnipe, Throat Slitter, Loxodon Gatekeeper"
Featuring: Kevin Eastman (Inks),Secret Lair Drop,Other,SLD,2026-03-03,29.64,"Sakashima's Student, Throat Slitter, Guttersnipe, Loxodon Gatekeeper"
Featuring: Kevin Eastman (Inks) Foil Edition,Secret Lair Drop,Other,SLD,2026-03-03,29.64,"Sakashima's Student, Throat Slitter, Guttersnipe, Loxodon Gatekeeper"
Featuring: Luke Pearson,Secret Lair Drop,Other,SLD,2025-02-11,61.07,"Realmwalker, Bear Umbra, Witch of the Moors, Solemn Simulacrum"
Featuring: Luke Pearson Foil Edition,Secret Lair Drop,Other,SLD,2025-02-11,61.07,"Realmwalker, Bear Umbra, Witch of the Moors, Solemn Simulacrum"
Featuring: Mitsuhiro Arita,Secret Lair Drop,Other,SLD,2025-02-11,45.85,"Murktide Regent, Light-Paws, Emperor's Voice, Shorikai, Genesis Engine, Lightning Bolt"
Featuring: Mitsuhiro Arita Foil Edition,Secret Lair Drop,Other,SLD,2025-02-11,45.85,"Murktide Regent, Light-Paws, Emperor's Voice, Shorikai, Genesis Engine, Lightning Bolt"
Featuring: Not a Wolf,Secret Lair Drop,Other,SLD,2024-07-10,68.32,"Beastmaster Ascension, Tovolar, Dire Overlord // Tovolar, the Midnight Scourge, Second Harvest, Avabruck Caretaker // Hollowhenge Huntmaster, Howl of the Night Pack"
Featuring: Not a Wolf Foil Edition,Secret Lair Drop,Other,SLD,2024-07-10,68.32,"Beastmaster Ascension, Tovolar, Dire Overlord // Tovolar, the Midnight Scourge, Second Harvest, Avabruck Caretaker // Hollowhenge Huntmaster, Howl of the Night Pack"
Featuring: Peach Momoko,Secret Lair Drop,Other,SLD,2024-10-01,93.72,"Aetherize, Psychic Corrosion, Time Sieve, Visions of Beyond, Drown in Dreams"
Featuring: Peach Momoko Foil Edition,Secret Lair Drop,Other,SLD,2024-10-01,93.72,"Aetherize, Psychic Corrosion, Time Sieve, Visions of Beyond, Drown in Dreams"
Featuring: Phoebe Wahl,Secret Lair Drop,Other,SLD,2024-04-15,62.81,"Door of Destinies, Swords to Plowshares, Alela, Artful Provocateur, Dockside Chef, Faerie Artisans"
Featuring: Phoebe Wahl Foil Edition,Secret Lair Drop,Other,SLD,2024-04-15,72.28,"Door of Destinies, Alela, Artful Provocateur, Swords to Plowshares, Dockside Chef, Faerie Artisans"
Featuring: Stan Sakai,Secret Lair Drop,Other,SLD,2026-03-03,57.73,"Master of Ceremonies, Baylen, the Haymaker, Sunforger, Second Harvest, Felidar Retreat"
Featuring: Stan Sakai Foil Edition,Secret Lair Drop,Other,SLD,2026-03-03,57.73,"Master of Ceremonies, Baylen, the Haymaker, Sunforger, Second Harvest, Felidar Retreat"
Featuring: the Mountain Goats,Secret Lair Drop,Other,SLD,2023-08-29,46.61,"Mountain, Mountain, Mountain, Mountain, Mountain"
Featuring: the Mountain Goats Foil Edition,Secret Lair Drop,Other,SLD,2023-08-29,46.61,"Mountain, Mountain, Mountain, Mountain, Mountain"
Felix the Cat: Magic Bag of Tricks,Secret Lair Drop,Other,SLD,2026-06-16,40.08,"Barrowgoyf, Time Stretch, Future Sight, Mind's Eye, Throes of Chaos"
Felix the Cat: Magic Bag of Tricks Foil Edition,Secret Lair Drop,Other,SLD,2026-06-16,40.08,"Barrowgoyf, Time Stretch, Future Sight, Mind's Eye, Throes of Chaos"
Ferocious 1,Jumpstart,Other,J22,2022-12-02,7.18,"Rhonas the Indomitable, Colossal Majesty, Roar of Challenge, Ilysian Caryatid, Rampaging Growth"
Ferocious 2,Jumpstart,Other,J22,2022-12-02,2.53,"Goreclaw, Terror of Qal Sisma, Colossal Majesty, Roar of Challenge, Ilysian Caryatid, Thriving Grove"
Ferocious 3,Jumpstart,Other,J22,2022-12-02,5.55,"Prowling Serpopard, Colossal Majesty, Roar of Challenge, Ilysian Caryatid, Ornery Dilophosaur"
Ferocious 4,Jumpstart,Other,J22,2022-12-02,1.12,"Colossal Majesty, Bonders' Enclave, Roar of Challenge, Towering Gibbon, Creeperhulk"
Fiendish Nature,Theme Deck,Other,UDS,1999-06-07,281.34,"Phyrexian Reclamation, Pattern of Rebirth, Rancor, Yavimaya Elder, Gamekeeper"
Fiendish Nature - Enhanced Deck,Enhanced Deck,Other,UDS,1999-06-07,317.78,"Recurring Nightmare, Pattern of Rebirth, Rancor, Engineered Plague, Yavimaya Elder"
Fiery 1,Jumpstart,Other,J22,2022-12-02,1.06,"Chandra, Flame's Fury, Thrill of Possibility, Spiteful Prankster, Chandra's Pyrohelix, Chandra's Magmutt"
Fiery 2,Jumpstart,Other,J22,2022-12-02,1.48,"Banefire, Thrill of Possibility, Magmatic Channeler, Chandra's Spitfire, Fiery Intervention"
Fiery 3,Jumpstart,Other,J22,2022-12-02,0.0,"Thrill of Possibility, Chandra's Spitfire, Thermo-Alchemist, Ogre Battlecaster, Flame Lash"
Fiery 4,Jumpstart,Other,J22,2022-12-02,0.0,"Thrill of Possibility, Searing Spear, Chandra's Spitfire, Ogre Battlecaster, Fiery Intervention"
Fiery Dawn,Intro Pack,Other,AVR,2012-05-04,36.12,"Cathars' Crusade, Goldnight Commander, Plains, Devout Chaplain, Commander's Authority"
Fiery Fury,MTGO Theme Deck,Other,WTH,2007-12-12,68.93,"Firestorm, Crystal Vein, Fireblast, Mountain, Mind Stone"
Fifth Dawn Foil Redemption,MTGO Redemption,Other,5DN,2004-07-04,2245.35,"Grinding Station, Mycosynth Golem, Beacon of Immortality, Eternal Witness, Krark-Clan Ironworks"
Fifth Dawn Redemption,MTGO Redemption,Other,5DN,2004-07-04,2245.35,"Grinding Station, Mycosynth Golem, Beacon of Immortality, Eternal Witness, Krark-Clan Ironworks"
Final Adventure,Challenger Deck,Other,Q04,2020-04-03,24.4,"Vraska, Golgari Queen, Fabled Passage, Knight of the Ebon Legion, Castle Locthwain, Midnight Reaper"
Final Fantasy Bundle Land Pack,Bundle Land Pack,Other,FIN,2025-06-13,2.02,"Wastes, Wastes, Swamp, Swamp, Forest"
Finally! Left-Handed Magic Cards,Secret Lair Drop,Other,SLD,2022-08-05,80.15,"Rograkh, Son of Rohgahh, Empress Galina, Sisay, Weatherlight Captain, Garruk, Caller of Beasts, Geralf's Messenger"
Finally! Left-Handed Magic Cards Foil Edition,Secret Lair Drop,Other,SLD,2022-08-05,80.15,"Rograkh, Son of Rohgahh, Empress Galina, Sisay, Weatherlight Captain, Garruk, Caller of Beasts, Geralf's Messenger"
Finkel,Theme Deck,Other,DKM,2001-12-01,196.01,"Necropotence, Sulfurous Springs, Incinerate, Underground River, Dark Ritual"
Fire Nation,Jumpstart,Other,TLE,2025-11-20,18.45,"Longshot, Rebel Bowman, Storm of Memories, Thriving Bluff, Zuko, Seeking Honor, Fists of Flame"
Fire Surge,Intro Pack,Other,M14,2013-07-19,0.0,"Mountain, Island, Goblin Shortcutter, Mountain, Island"
Fire and Lightning,Premium Deck,Other,PD2,2010-11-19,18.56,"Price of Progress, Reverberate, Chain Lightning, Fireblast, Lightning Bolt"
Firebending (1),Jumpstart,Other,TLE,2025-11-20,8.58,"Reckless Blaze, Firebender Ascension, Thriving Bluff, Loyal Fire Sage, Roku's Mastery"
Firebending (2),Jumpstart,Other,TLE,2025-11-20,7.43,"Reckless Blaze, Thriving Bluff, Loyal Fire Sage, Zuko, Exiled Prince, Mountain"
Firebomber,Intro Pack,Other,M10,2009-07-17,43.59,"Earthquake, Lightning Bolt, Island, Sleep, Mountain"
Fireworks,Arena Starter Deck,Other,AFR,2021-09-24,14.04,"Riverglide Pathway // Lavaglide Pathway, Archmage Emeritus, Volatile Fjord, Demilich, Prismari Command"
Fixed Content,Deck Builder's Toolkit,Other,ROE,2010-05-21,114.6,"Lightning Bolt, Soul Warden, Naturalize, Sign in Blood, Blood Seeker"
Flames Of The Dragon,Intro Pack,Other,M15,2014-07-18,9.39,"Darksteel Citadel, Ensoul Artifact, Rogue's Gloves, Ornithopter, Wall of Frost"
Flames of Rath - Advanced Deck,Advanced Deck,Other,TMP,1997-10-14,125.92,"Reflecting Pool, Undiscovered Paradise, Gemstone Mine, Furnace of Rath, Ball Lightning"
Flash of Ferocity,Challenger Deck,Other,Q04,2020-04-03,16.66,"Fabled Passage, Brazen Borrower // Petty Theft, Spectral Sailor, Nightpack Ambusher, Castle Vantress"
Flight of the Witch King,Box Set,Other,LTC,2023-11-03,81.61,"Call Forth the Tempest, Nazgûl Battle-Mace, Minas Morgul, Dark Fortress, Witch-king, Sky Scourge, Fell Beast of Mordor"
Flower Power,Secret Lair Drop,Other,SLD,2025-10-20,49.6,"Forest, Island, Mountain, Swamp, Plains"
Flower Power Foil Edition,Secret Lair Drop,Other,SLD,2025-10-20,49.6,"Forest, Island, Mountain, Swamp, Plains"
Flyover,Intro Pack,Other,WWK,2010-02-05,22.42,"Everflowing Chalice, Lightkeeper of Emeria, Kor Cartographer, Marshal's Anthem, Sleep"
Forest Dragon,Shandalar Enemy Deck,Other,PAST,1997-04-01,57.51,"Desert Twister, Sandstorm, Untamed Wilds, Crumble, Cockatrice"
Forest's Might,Arena Starter Deck,Other,ANB,2019-09-26,6.29,"Voracious Hydra, Gargos, Vicious Watcher, Season of Growth, Giant Growth, Meteor Golem"
Forest's Might 2,Arena Starter Deck,Other,ANB,2020-03-12,6.29,"Voracious Hydra, Gargos, Vicious Watcher, Season of Growth, Giant Growth, Aggressive Mammoth"
Forged in Battle,Intro Pack,Other,BNG,2014-02-07,6.4,"Searing Blood, Plains, Akroan Skyguard, Akroan Crusader, Elite Skirmisher"
Freedom Fighters,Jumpstart,Other,TLE,2025-11-20,3.92,"The Duke, Rebel Sentry, Jet, Rebel Leader, Valorous Stance, Thriving Heath, Plains"
From the Vault: Angels,Box Set,Other,V15,2015-08-21,114.85,"Avacyn, Angel of Hope, Iona, Shield of Emeria, Aurelia, the Warleader, Platinum Angel, Akroma, Angel of Wrath"
From the Vault: Annihilation,Box Set,Other,V14,2014-08-22,55.12,"Armageddon, Living Death, Smokestack, Cataclysm, Decree of Annihilation"
From the Vault: Dragons,Box Set,Other,DRB,2008-08-29,133.26,"Kokusho, the Evening Star, Dragonstorm, Bladewing the Risen, Draco, Nicol Bolas"
From the Vault: Exiled,Box Set,Other,V09,2009-08-28,510.28,"Lotus Petal, Necropotence, Sensei's Divining Top, Strip Mine, Goblin Lackey"
From the Vault: Legends,Box Set,Other,V11,2011-08-26,163.29,"Ulamog, the Infinite Gyre, Kiki-Jiki, Mirror Breaker, Captain Sisay, Sun Quan, Lord of Wu, Doran, the Siege Tower"
From the Vault: Lore,Box Set,Other,V16,2016-08-19,95.91,"Cabal Ritual, Umezawa's Jitte, Beseech the Queen, Unmask, Glissa, the Traitor"
From the Vault: Realms,Box Set,Other,V12,2012-08-31,414.02,"Ancient Tomb, Urborg, Tomb of Yawgmoth, Glacial Chasm, Dryad Arbor, Boseiju, Who Shelters All"
From the Vault: Relics,Box Set,Other,V10,2010-08-27,1555.31,"Mox Diamond, Memory Jar, Isochron Scepter, Sol Ring, Masticore"
From the Vault: Transform,Box Set,Other,V17,2017-11-24,92.99,"Gisela, the Broken Blade // Brisela, Voice of Nightmares, Bloodline Keeper // Lord of Lineage, Liliana, Heretical Healer // Liliana, Defiant Necromancer, Bruna, the Fading Light // Brisela, Voice of Nightmares, Elbrus, the Binding Blade // Withengar Unbound"
From the Vault: Twenty,Box Set,Other,V13,2013-08-23,163.93,"Green Sun's Zenith, Tangle Wire, Ink-Eyes, Servant of Oni, Dark Ritual, Jace, the Mind Sculptor"
Full Sleeves: the Tattoo Pack,Secret Lair Drop,Other,SLD,2020-06-01,44.27,"Inkmoth Nexus, Blood Artist, Eternal Witness, Spell Pierce, Pithing Needle"
Fun Guys (1),Jumpstart,Other,J25,2024-11-07,4.84,"Shroofus Sproutsire, Spore Swarm, Saproling Migration, Tukatongue Thallid, Fungal Plots"
Fun Guys (2),Jumpstart,Other,J25,2024-11-07,4.84,"Shroofus Sproutsire, Spore Swarm, Verdeloth the Ancient, Undercellar Myconid, Saproling Migration"
Fun With Fungus,Theme Deck,Other,TSP,2006-10-06,294.66,"Claws of Gix, Pendelhaven, Fallen Ideal, Verdant Embrace, Dread Return"
Fungus Master,Shandalar Enemy Deck,Other,PAST,1997-04-01,44.3,"Oasis, Untamed Wilds, Fungusaur, Island, Forest"
Furby: Doo-ay Noo-lah,Secret Lair Drop,Other,SLD,2025-10-27,51.2,"Sol Ring, Chromatic Lantern, Inspiring Call, Explore, Distant Melody"
Furby: Doo-ay Noo-lah Confetti Foil Edition,Secret Lair Drop,Other,SLD,2025-10-27,103.17,"Sol Ring, Chromatic Lantern, Explore, Inspiring Call, Distant Melody"
Furby: Doo-ay Noo-lah Foil Edition,Secret Lair Drop,Other,SLD,2025-10-27,51.2,"Sol Ring, Chromatic Lantern, Inspiring Call, Explore, Distant Melody"
Furby: Furbys: The Gathering,Secret Lair Drop,Other,SLD,2025-10-27,58.16,"Tamiyo's Safekeeping, Sphere of Safety, Phyrexian Arena, Miscast, Tormenting Voice"
Furby: Furbys: The Gathering Confetti Foil Edition,Secret Lair Drop,Other,SLD,2025-10-27,105.8,"Tamiyo's Safekeeping, Sphere of Safety, Phyrexian Arena, Miscast, Tormenting Voice"
Furby: Furbys: The Gathering Foil Edition,Secret Lair Drop,Other,SLD,2025-10-27,58.16,"Tamiyo's Safekeeping, Sphere of Safety, Phyrexian Arena, Miscast, Tormenting Voice"
Furby: The Oddbodies,Secret Lair Drop,Other,SLD,2025-10-27,85.48,"Umbris, Fear Manifest, Hullbreaker Horror, Maddening Cacophony, Spellskite, Serum Visions"
Furby: The Oddbodies Confetti Foil Edition,Secret Lair Drop,Other,SLD,2025-10-27,132.92,"Hullbreaker Horror, Umbris, Fear Manifest, Spellskite, Maddening Cacophony, Serum Visions"
Furby: The Oddbodies Foil Edition,Secret Lair Drop,Other,SLD,2025-10-27,85.48,"Umbris, Fear Manifest, Hullbreaker Horror, Maddening Cacophony, Spellskite, Serum Visions"
Furious Forces,Intro Pack,Other,DTK,2015-03-27,30.78,"Savage Ventmaw, Berserkers' Onslaught, Dragonlord's Servant, Forest, Mountain"
Fury,Clash Pack,Other,M15,2014-07-18,154.01,"Nykthos, Shrine to Nyx, Courser of Kruphix, Elvish Mystic, Genesis Hydra, Reclamation Sage"
Future Shock,Theme Deck,Other,FUT,2007-05-04,237.47,"Dryad Arbor, Nacatl War-Pride, Edge of Autumn, Baru, Fist of Krosa, Emblem of the Warmind"
Future Sight Foil Redemption,MTGO Redemption,Other,FUT,2007-06-03,2758.96,"Sliver Legion, Tarmogoyf, Dryad Arbor, Summoner's Pact, Magus of the Moon"
Future Sight Redemption,MTGO Redemption,Other,FUT,2007-06-03,2758.96,"Sliver Legion, Tarmogoyf, Dryad Arbor, Summoner's Pact, Magus of the Moon"
Gabriel Nassif - Blue-White Anti-Affinity Control,World Championship Deck,Other,WC04,2004-09-01,35.4,"Flooded Strand, Exalted Angel, Island, Plains, Plains"
Gandalf in the Pelennor Fields,Box Set,Other,LTC,2023-11-03,20.86,"Rammas Echor, Ancient Shield, Olórin's Searing Light, Gandalf of the Secret Fire, Sorcerous Squall, Courageous Resolve"
Garden Buds,Secret Lair Drop,Other,SLD,2025-03-25,82.21,"Ashaya, Soul of the Wild, Horn of Greed, Elvish Reclaimer, World Shaper, Harrow"
Garden Buds Foil Edition,Secret Lair Drop,Other,SLD,2025-03-25,82.21,"Ashaya, Soul of the Wild, Horn of Greed, Elvish Reclaimer, World Shaper, Harrow"
Garfield,Theme Deck,Other,DKM,2001-12-01,37.5,"Incinerate, Incinerate, Jokulhaups, Karplusan Forest, Lhurgoyf"
Garfield: As Intended,Secret Lair Drop,Other,SLD,2026-06-16,42.06,"Counterspell, Dark Ritual, Swords to Plowshares, Fog, Earthquake"
Garfield: As Intended Foil Edition,Secret Lair Drop,Other,SLD,2026-06-16,42.06,"Counterspell, Dark Ritual, Swords to Plowshares, Fog, Earthquake"
Garfield: Motivationally Challenged,Secret Lair Drop,Other,SLD,2026-06-16,45.64,"Rin and Seri, Inseparable, Orim's Chant, Sol Ring, Beast Within, Ponder"
Garfield: Motivationally Challenged Foil Edition,Secret Lair Drop,Other,SLD,2026-06-16,45.64,"Rin and Seri, Inseparable, Orim's Chant, Sol Ring, Beast Within, Ponder"
Garfield: Our Only Thought is to Entertain You,Secret Lair Drop,Other,SLD,2026-06-16,34.21,"It That Betrays, Maddening Cacophony, Maddening Hex, Molten Collapse, Hunter's Insight"
Garfield: Our Only Thought is to Entertain You Foil Edition,Secret Lair Drop,Other,SLD,2026-06-16,34.21,"It That Betrays, Maddening Cacophony, Maddening Hex, Molten Collapse, Hunter's Insight"
Garland at the Chaos Shrine,Box Set,Other,FIN,2025-06-13,46.25,"The Destined Black Mage, The Destined White Mage, Garland, Royal Kidnapper, Chaos Shrine's Black Crystal, The Destined Warrior"
Garruk,Jumpstart,Other,JMP,2020-07-17,4.27,"Garruk's Uprising, Forest, Garruk, Unleashed, Hunter's Insight, Garruk's Gorehorn"
"Garruk, Savage Herald",Planeswalker Deck,Other,M21,2020-07-03,8.98,"Ram Through, Garruk, Savage Herald, Garruk's Uprising, Forest, Ilysian Caryatid"
Gatecrash Foil Redemption,MTGO Redemption,Other,GTC,2013-03-03,526.34,"Aurelia, the Warleader, Sylvan Primordial, Legion Loyalist, Godless Shrine, Watery Grave"
Gatecrash Redemption,MTGO Redemption,Other,GTC,2013-03-03,526.34,"Aurelia, the Warleader, Sylvan Primordial, Legion Loyalist, Godless Shrine, Watery Grave"
Gatecrasher,MTGO Theme Deck,Other,WTH,2007-12-12,7.45,"Uktabi Orangutan, Mountain, Maraxus of Keld, Aboroth, Forest"
Geniuses,Jumpstart,Other,MSH,2026-06-26,4.22,"Reed Richards, Smartest Man, Ant-Man, Reformed Rogue, Kid Loki, Super Intelligence, Shuri, Vibranium Technologist"
"George Baxter, Quarterfinalist",Pro Tour Deck,Other,PTC,1996-05-01,103.98,"Hypnotic Specter, City of Brass, Sulfurous Springs, Lightning Bolt, Mishra's Factory"
Ghastly (1),Jumpstart,Other,J25,2024-11-07,0.0,"Harvester of Souls, Dross Hopper, Village Rites, Murder, Ozox, the Clattering King"
Ghastly (2),Jumpstart,Other,J25,2024-11-07,0.0,"Bloodgift Demon, Village Rites, Ozox, the Clattering King, Typhoid Rats, Tragic Slip"
Ghastly (3),Jumpstart,Other,J25,2024-11-07,0.0,"Reaper from the Abyss, Wriggling Grub, Dross Hopper, Deadly Dispute, Murder"
Ghastly (4),Jumpstart,Other,J25,2024-11-07,1.06,"Army of the Damned, Deadly Dispute, Shambling Ghast, Ozox, the Clattering King, Tragic Slip"
Ghost of Tsushima,Secret Lair Drop,Other,SLD,2025-11-06,153.55,"Jin Sakai, Ghost of Tsushima, Borne Upon a Wind, Path to Exile, Eiganjo Castle, Ghostly Flicker"
Ghost of Tsushima Foil Edition,Secret Lair Drop,Other,SLD,2025-11-06,153.55,"Jin Sakai, Ghost of Tsushima, Borne Upon a Wind, Path to Exile, Eiganjo Castle, Ghostly Flicker"
Ghostbusters: Slimer,Secret Lair Drop,Other,SLD,2024-10-01,38.96,"Windfall, Incarnation Technique, Trickbind, The Mimeoplasm, Pernicious Deed"
Ghostbusters: Slimer Foil Edition,Secret Lair Drop,Other,SLD,2024-10-01,38.96,"Windfall, Incarnation Technique, Trickbind, The Mimeoplasm, Pernicious Deed"
Ghostbusters: The Real Ghostbusters,Secret Lair Drop,Other,SLD,2024-10-01,40.85,"Eladamri's Call, Boros Charm, Careful Study, Unlicensed Hearse, Living End"
Ghostbusters: The Real Ghostbusters Foil Edition,Secret Lair Drop,Other,SLD,2024-10-01,40.85,"Eladamri's Call, Boros Charm, Careful Study, Unlicensed Hearse, Living End"
Ghostly Tide,Intro Pack,Other,SOI,2016-04-08,7.97,"Essence Flux, Pore Over the Pages, Rattlechains, Drogskol Cavalry, Chaplain's Blessing"
Giddyap,Jumpstart,Other,J25,2024-11-07,3.45,"Thurid, Mare of Destiny, Sungrace Pegasus, Tenacity, Shield Mare, Moment of Triumph"
Gideon,Archenemy Deck,Other,E01,2017-06-16,17.83,"Grand Abolisher, Plains, Fiendslayer Paladin, Plains, Gideon Jura"
"Gideon, Martial Paragon",Planeswalker Deck,Other,AKH,2017-04-28,2.22,"Mountain, Gideon, Martial Paragon, Ahn-Crop Crasher, Mountain, Plains"
"Gideon, the Oathsworn",Planeswalker Deck,Other,WAR,2019-05-03,16.89,"Cruel Celebrant, Bond of Discipline, Command the Dreadhorde, Charmed Stray, Gideon, the Oathsworn"
Gift Wrapped,Secret Lair Drop,Other,SLD,2023-12-05,60.75,"Homeward Path, Giver of Runes, Moment's Peace, Distant Melody, Cathartic Reunion"
Gift Wrapped Foil Edition,Secret Lair Drop,Other,SLD,2023-12-05,62.23,"Homeward Path, Giver of Runes, Moment's Peace, Distant Melody, Cathartic Reunion"
Gifts of the Gods,Intro Pack,Other,BNG,2014-02-07,18.87,"Gift of Immortality, Sunbond, Plains, Island, Island"
Gigantic 1,Jumpstart,Other,J22,2022-12-02,15.38,"Runadi, Behemoth Caller, Towering Gibbon, Overgrowth, Thrashing Brontodon, Pounce"
Gigantic 2,Jumpstart,Other,J22,2022-12-02,15.38,"Runadi, Behemoth Caller, Engulfing Slagwurm, Towering Gibbon, Overgrowth, Paradise Druid"
Gleeful Flames,Event Deck,Other,DKA,2012-02-24,68.61,"Inkmoth Nexus, Goblin Grenade, Faithless Looting, Infiltration Lens, Hellrider"
Gliding (1),Jumpstart,Other,TLE,2025-11-20,1.27,"Kindly Customer, Momo, Friendly Flier, Thriving Heath, Plains, Appa, Loyal Sky Bison"
Gliding (2),Jumpstart,Other,TLE,2025-11-20,1.62,"Tale of Momo, Momo, Friendly Flier, Thriving Heath, Plains, Inspired Insurgent"
Glorious Combat,Game Night Deck,Other,GN3,2022-10-14,18.08,"Zamriel, Seraph of Steel, Argentum Armor, Colossus Hammer, Path to Exile, Swords to Plowshares"
Go to School 1,Jumpstart,Other,J22,2022-12-02,0.0,"Kasmina, Enigmatic Mentor, Biblioplex Kraken, Merfolk Pupil, Barrin, Tolarian Archmage, Thriving Isle"
Go to School 2,Jumpstart,Other,J22,2022-12-02,72.14,"Rhystic Study, Kasmina, Enigmatic Mentor, Biblioplex Kraken, Merfolk Pupil, Thriving Isle"
Goblin & Squabblin',Secret Lair Drop,Other,SLD,2023-08-29,311.75,"Muxus, Goblin Grandee, Goblin Recruiter, Goblin Lackey, Goblin Matron, Shattergang Brothers"
Goblin & Squabblin' Foil Edition,Secret Lair Drop,Other,SLD,2023-08-29,447.46,"Muxus, Goblin Grandee, Goblin Recruiter, Goblin Lackey, Goblin Matron, Shattergang Brothers"
Goblin Assault,Theme Deck,Other,S99,1999-07-12,12.61,"Goblin General, Relentless Assault, Mountain, Mountain, Volcanic Dragon"
Goblin Fire,Theme Deck,Other,P02,1998-06-24,29.0,"Goblin General, Wildfire, Mountain, Relentless Assault, Goblin War Strike"
Goblin Mob,Theme Deck,Other,SCG,2003-05-26,466.84,"Siege-Gang Commander, Goblin Warchief, Sulfuric Vortex, Gempalm Incinerator, Goblin War Strike"
Goblin Warlord,Shandalar Enemy Deck,Other,PAST,1997-04-01,246.74,"Mountain, Goblin King, Manabarbs, Tawnos's Weaponry, Helm of Chatzuk"
Goblingram,Secret Lair Drop,Other,SLD,2024-05-30,49.28,"Goblin Welder, Brash Taunter, Goblin Chieftain, Mogg War Marshal, Goblin Ringleader"
Goblingram Foil Edition,Secret Lair Drop,Other,SLD,2024-05-30,49.28,"Goblin Welder, Brash Taunter, Goblin Chieftain, Mogg War Marshal, Goblin Ringleader"
Goblins,Jumpstart,Other,FDN,2024-11-15,1.97,"Dropkick Bomber, Goblin Oriflamme, Frenzied Goblin, Mountain, Mountain"
Goblins (1),Jumpstart,Other,J25,2024-11-07,5.32,"General Kreat, the Boltbringer, Dropkick Bomber, Battle Cry Goblin, Thriving Bluff, Volley Veteran"
Goblins (2),Jumpstart,Other,JMP,2020-07-17,14.05,"Muxus, Goblin Grandee, Mountain, Goblin Arsonist, Goblin Instigator, Outnumber"
Goblins (3),Jumpstart,Other,JMP,2020-07-17,5.74,"Goblin Chieftain, Mountain, Goblin Goon, Goblin Arsonist, Goblin Instigator"
Goblins (4),Jumpstart,Other,JMP,2020-07-17,2.26,"Krenko, Mob Boss, Goblin Lore, Mountain, Goblin Rally, Goblin Arsonist"
Goblins 1,Jumpstart,Other,J22,2022-12-02,3.72,"Krenko, Mob Boss, Goblin Grenade, Battle Squadron, Hordeling Outburst, Dragon Fodder"
Goblins 2,Jumpstart,Other,J22,2022-12-02,2.57,"Goblin Warchief, Ib Halfheart, Goblin Tactician, Goblin Grenade, Goblin Rally, Dragon Fodder"
Goblins 3,Jumpstart,Other,J22,2022-12-02,14.57,"Muxus, Goblin Grandee, Goblin Grenade, Instruments of War, Destructive Tampering, Dragon Fodder"
Goblins 4,Jumpstart,Other,J22,2022-12-02,6.08,"Ardoz, Cobbler of War, Goblin Rabblemaster, Goblin Grenade, Goblin Rally, Hordeling Outburst"
Goblins Everywhere!,Arena Starter Deck,Other,ANB,2020-08-13,0.0,"Tin Street Cadet, Goblin Tunneler, Nest Robber, Molten Ravager, Goblin Gang Leader"
God of War: Greek,Secret Lair Drop,Other,SLD,2025-11-06,93.8,"Kratos, God of War, Rite of Flame, World at War, Pyrohemia, Sulfuric Vortex"
God of War: Greek Foil Edition,Secret Lair Drop,Other,SLD,2025-11-06,93.8,"Kratos, God of War, Rite of Flame, World at War, Pyrohemia, Sulfuric Vortex"
God of War: Norse,Secret Lair Drop,Other,SLD,2025-11-06,38.72,"Iroas, God of Victory, Kratos, Stoic Father, Atreus, Impulsive Son, Teferi's Ageless Insight // Teferi's Ageless Insight"
God of War: Norse Foil Edition,Secret Lair Drop,Other,SLD,2025-11-06,38.72,"Iroas, God of Victory, Kratos, Stoic Father, Atreus, Impulsive Son, Teferi's Ageless Insight // Teferi's Ageless Insight"
Going Rogue,Theme Deck,Other,MOR,2008-02-01,208.85,"Notorious Throng, Island, Swamp, Oona's Blackguard, Mothdust Changeling"
Gold Deck,Starter Deck,Other,8ED,2003-07-28,23.47,"Rampant Growth, Mountain, Mountain, Forest, Mountain"
Gold Pack,Advanced Pack,Other,9ED,2005-08-09,38.18,"Naturalize, Dancing Scimitar, Forest, Mountain, Blanchwood Armor"
Golgari,Duel Deck,Other,DDJ,2012-09-07,16.32,"Life from the Loam, Elves of Deep Shadow, Jarad, Golgari Lich Lord, Eternal Witness, Golgari Grave-Troll"
Golgari Deathcreep,Theme Deck,Other,RAV,2005-10-07,113.29,"Savra, Queen of the Golgari, Elves of Deep Shadow, Golgari Grave-Troll, Golgari Rot Farm, Stinkweed Imp"
Golgari Exploration,Arena Starter Deck,Other,DOM,2018-03-22,26.14,"Tendershoot Dryad, Vizier of the Menagerie, Wildgrowth Walker, Ravenous Chupacabra, Ifnir Deadlands"
Golgari Growth,Intro Pack,Other,RTR,2012-10-05,4.56,"Treasured Find, Grisly Salvage, Korozda Guildmage, Corpsejack Menace, Wild Beastmaster"
Golgari Swarm,Arena Starter Deck,Other,M20,2019-05-03,43.83,"Overgrown Tomb, Underrealm Lich, Assassin's Trophy, Leyline Prowler, Lotleth Giant"
Golgari Swarm 1,Jumpstart,Other,CLU,2024-02-23,19.06,"Amzu, Swarm's Hunger, Golgari Signet, Tribune of Rot, Deadbridge Chant, Golgari Rot Farm"
Golgari Swarm 2,Jumpstart,Other,CLU,2024-02-23,9.94,"Underrealm Lich, Sludge Titan, Tribune of Rot, Fungal Rebirth, Rubblebelt Maverick"
Gondor: Green-White,Starter Kit,Other,LTR,2023-06-23,39.52,"Bilbo's Ring, Aragorn and Arwen, Wed, Galadriel, Gift-Giver, Generous Ent, Gandalf, White Rider"
Grab for Power,Intro Pack,Other,M12,2011-07-15,56.67,"Buried Ruin, Ponder, Diabolic Tutor, Rune-Scarred Demon, Scepter of Empires"
Grave Advantage,Intro Pack,Other,FRF,2015-01-23,65.15,"Merciless Executioner, Archfiend of Depravity, Dark Deal, Hornet Queen, Wall of Mulch"
Grave Danger,Theme Deck,Other,TOR,2002-02-08,454.11,"Psychatog, Careful Study, Cephalid Illusionist, Tainted Isle, Breakthrough"
Grave Matters,Arena Starter Deck,Other,SNC,2022-09-09,10.17,"Deathcap Glade, Old Rutstein, Infernal Grasp, Undead Butler, Shigeki, Jukai Visionary"
Grave Power,Intro Pack,Other,DKA,2012-02-03,17.14,"Gnaw to the Bone, Forest, Island, Forest, Aether Adept"
Grave Robbers (1),Jumpstart,Other,J25,2024-11-07,0.0,"Murder, Gorex, the Tombshell, Eye Collector, Gorging Vulture, Grave Strength"
Grave Robbers (2),Jumpstart,Other,J25,2024-11-07,0.0,"Doomed Necromancer, Dusk Mangler, Fake Your Own Death, Gorex, the Tombshell, Eye Collector"
Grave Robbers (3),Jumpstart,Other,J25,2024-11-07,0.0,"Murder, Persistent Specimen, Isareth the Awakener, Dreadhound, Gorging Vulture"
Grave Robbers (4),Jumpstart,Other,J25,2024-11-07,0.0,"Liliana, Death's Majesty, Murder, Persistent Specimen, Isareth the Awakener, Gorging Vulture"
Grave Secrets,Arena Starter Deck,Other,LTR,2023-06-20,14.46,"Breach the Multiverse, Darkslick Shores, Gix's Command, Contaminated Aquifer, Black Sun's Twilight"
Graveborn,Premium Deck,Other,PD3,2011-11-18,90.37,"Reanimate, Crystal Vein, Entomb, Animate Dead, Cabal Therapy"
Graveyard Bash,Arena Starter Deck,Other,M19,2018-09-27,9.15,"Death Baron, Open the Graves, Yargle, Glutton of Urborg, Skulduggery, Swamp"
Great Druid,Shandalar Enemy Deck,Other,PAST,1997-04-01,130.52,"Killer Bees, Desert Twister, Birds of Paradise, Untamed Wilds, Verduran Enchantress"
Great Lakes Avengers,Jumpstart,Other,MSH,2026-06-26,29.55,"Tippy-Toe, Terrific Partner, The Unbeatable Squirrel Girl, Mister Immortal, Flatman, Big Bertha"
Green,Game Night Deck,Other,GNT,2018-11-16,34.57,"Avatar of Growth, Gigantosaurus, Goreclaw, Terror of Qal Sisma, Rhonas's Monument, Llanowar Elves"
Green Deck,Welcome Deck,Other,MSH,2026-06-26,52.05,"Hulk, Brutal Brawler, Wolfsbane, Highland Hero, Goliath, Mass Manipulator, She-Hulk, Jade Defender, Thing Swing"
Green Deck A,Sample Deck,Other,M12,2011-07-15,18.0,"Hunter's Insight, Lead the Stampede, Gladecover Scout, Llanowar Elves, Forest"
Green Deck B,Sample Deck,Other,10E,2008-05-02,19.59,"Llanowar Elves, Jagged-Scar Archers, Forest, Elvish Eulogist, Forest"
Green Sample Deck,Sample Deck,Other,M15,2014-07-18,5.11,"Elvish Mystic, Paragon of Eternal Wilds, Staff of the Wild Magus, Forest, Forest"
Green White Convoke,Deck Builder's Toolkit,Other,M15,2014-07-18,2.39,"Triplicate Spirits, Seraph of the Masses, Siege Wurm, Raise the Alarm, Sunblade Elf"
Green and White,Deck Builder's Toolkit,Other,AKH,2017-04-28,6.95,"Manglehorn, Fairgrounds Warden, Shed Weakness, Compulsory Rest, Thopter Arrest"
Green and White Humans,Deck Builder's Toolkit,Other,KLD,2016-09-30,0.0,"Gryff's Boon, Choking Restraints, Strength of Arms, True-Faith Censer, Murderer's Axe"
Green-White Auras,Deck Builder's Toolkit,Other,ROE,2010-05-21,46.85,"Hyena Umbra, Canopy Cover, Aura Gnarlid, Snake Umbra, Totem-Guide Hartebeest"
Grixis Shambling Army,Intro Pack,Other,CON,2009-02-06,36.46,"Terramorphic Expanse, Crumbling Necropolis, Island, Swamp, Mountain"
Grixis Undead,Intro Pack,Other,ALA,2008-10-03,49.03,"Cruel Ultimatum, Crumbling Necropolis, Island, Swamp, Fleshbag Marauder"
Gross 1,Jumpstart,Other,J22,2022-12-02,6.19,"Massacre Wurm, Leechridden Swamp, Plaguecrafter, Skullslither Worm, Black Cat"
Gross 2,Jumpstart,Other,J22,2022-12-02,5.22,"Phyrexian Reclamation, Plaguecrafter, Phyrexian Plaguelord, Skullslither Worm, Blight Keeper"
Gross 3,Jumpstart,Other,J22,2022-12-02,0.0,"Plaguecrafter, Deathbringer Regent, Skullslither Worm, Death Wind, Blight Keeper"
Gross 4,Jumpstart,Other,J22,2022-12-02,3.19,"Ophiomancer, Plaguecrafter, Skullslither Worm, Swarm of Bloodflies, Witch's Cauldron"
Ground Pounder,Theme Deck,Other,BTD,2000-10-01,28.27,"Dwarven Ruins, Fireball, Shivan Dragon, Ball Lightning, Lightning Bolt"
Groundbreaker - Advanced Deck,Advanced Deck,Other,EXO,1998-06-15,230.88,"Wasteland, Reflecting Pool, Plaguebearer, Undiscovered Paradise, City of Brass"
Groundbreaker - Basic Deck,Theme Deck,Other,EXO,1998-06-15,7.25,"Searing Touch, Thopter Squadron, Necrologia, Mountain, Swamp"
Growing Hope,Arena Starter Deck,Other,LTR,2023-06-20,26.44,"Ozolith, the Shattered Spire, Kami of Whispered Hopes, Ruins Recluse, Dusk Legion Duelist, Serra Redeemer"
Growing Hunger,Arena Starter Deck,Other,AFR,2021-09-24,9.78,"Darkbore Pathway // Slitherbore Pathway, Binding the Old Gods, Drana, the Last Bloodchief, Woodland Chasm, Exponential Growth"
Gruul,Guild Kit,Other,GK2,2019-02-15,30.15,"Birds of Paradise, Rhythm of the Wild, Protean Hulk, Ruric Thar, the Unbowed, Immolation Shaman"
Gruul Clans,Arena Starter Deck,Other,M20,2019-05-03,21.26,"Stomping Ground, Rhythm of the Wild, End-Raze Forerunners, Mountain, Pelt Collector"
Gruul Clans 1,Jumpstart,Other,CLU,2024-02-23,4.14,"Herald of Ilharg, Gruul Signet, Firespout, Pyrewild Shaman, Clan Defiance"
Gruul Clans 2,Jumpstart,Other,CLU,2024-02-23,1.56,"Colossal Majesty, Stampede Surfer, Giant Adephage, Furious Spinesplitter, Gruul Turf"
Gruul Goliaths,Intro Pack,Other,GTC,2013-02-01,22.08,"Alpha Authority, Arbor Elf, Ranger's Path, Gruul Ragebeast, Gruul Guildgate"
Gruul Siege,Intro Pack,Other,DGM,2013-05-03,2.81,"Zhur-Taa Druid, Gruul War Chant, Pit Fight, Forest, Ruric Thar, the Unbowed"
Gruul Stompy,Challenger Deck,Other,Q07,2022-04-01,28.33,"Goldspan Dragon, Magda, Brazen Outlaw, Rockfall Vale, Ulvenwald Oddity // Ulvenwald Behemoth, Halana and Alena, Partners"
Gruul Wilding,Theme Deck,Other,GPT,2006-02-03,38.05,"Skarrg, the Rage Pits, Wild Cantor, Dryad Sophisticate, Borborygmos, Wurmweaver Coil"
Guardian of the Tusk,Shandalar Enemy Deck,Other,PAST,1997-04-01,304.22,"Berserk, Desert Twister, Colossus of Sardia, Birds of Paradise, Divine Transformation"
Guildpact Foil Redemption,MTGO Redemption,Other,GPT,2006-03-05,972.47,"Steam Vents, Godless Shrine, Stomping Ground, Leyline of the Void, Teysa, Orzhov Scion"
Guildpact Redemption,MTGO Redemption,Other,GPT,2006-03-05,972.47,"Steam Vents, Godless Shrine, Stomping Ground, Leyline of the Void, Teysa, Orzhov Scion"
Guilds of Ravnica Bundle Land Pack,Bundle Land Pack,Other,GRN,2018-10-05,0.0,"Forest, Forest, Mountain, Mountain, Swamp"
Guilds of Ravnica Foil Redemption,MTGO Redemption,Other,GRN,2018-11-04,327.64,"Mnemonic Betrayal, Chance for Glory, Steam Vents, Watery Grave, Doom Whisperer"
Guilds of Ravnica Redemption,MTGO Redemption,Other,GRN,2018-11-04,327.64,"Mnemonic Betrayal, Chance for Glory, Steam Vents, Watery Grave, Doom Whisperer"
HYDRA,Jumpstart,Other,MSH,2026-06-26,0.0,"Viper, Cruel Conspirator, Bob, Reluctant HYDRA Agent, HYDRA Disintegrator, Crossbones, Malicious Mercenary, Dark Deed"
Hands of Fire,Theme Deck,Other,PS11,2011-01-01,0.0,"Mountain, Mountain, Mountain, Mountain, Kamahl, Pit Fighter"
Hands of Flame,Duel Of The Planeswalkers Deck,Other,DPA,2010-06-04,14.65,"Furnace of Rath, Bloodmark Mentor, Rage Reflection, Banefire, Blaze"
Happy Little Gathering,Secret Lair Drop,Other,SLD,2021-03-15,49.38,"Forest, Swamp, Mountain, Mountain, Island"
Happy Little Gathering Foil Edition,Secret Lair Drop,Other,SLD,2021-03-15,49.38,"Forest, Swamp, Mountain, Mountain, Island"
Happy Yargle Day!,Secret Lair Drop,Other,SLD,2020-09-03,35.34,"Fatal Push, Swords to Plowshares, Explore, Opt, Anger of the Gods"
Happy Yargle Day! Foil Edition,Secret Lair Drop,Other,SLD,2020-09-03,35.34,"Fatal Push, Swords to Plowshares, Explore, Opt, Anger of the Gods"
Hard-Boiled Thrillers,Secret Lair Drop,Other,SLD,2024-02-23,98.74,"Reconnaissance, Jace, Wielder of Mysteries, Black Market, Obeka, Brute Chronologist, Dire Undercurrents"
Hard-Boiled Thrillers Foil Edition,Secret Lair Drop,Other,SLD,2024-02-23,87.36,"Jace, Wielder of Mysteries, Reconnaissance, Black Market, Obeka, Brute Chronologist, Dire Undercurrents"
Hare Raising,Starter Kit,Other,BLB,2024-08-02,7.22,"Byrke, Long Ear of the Law, Fecund Greenshell, Colossification, Clifftop Lookout, Finneas, Ace Archer"
Hascon 2017 Promo Cards,Box Set,Other,H17,2017-09-20,318.7,"Grimlock, Dinobot Leader // Grimlock, Ferocious King, Nerf War, Sword of Dungeons & Dragons"
Hatsune Miku: Digital Sensation,Secret Lair Drop,Other,SLD,2024-07-10,141.65,"Sol Ring, Child of Alara, Chord of Calling, Diabolic Tutor, Song of Creation"
Hatsune Miku: Digital Sensation Foil Edition,Secret Lair Drop,Other,SLD,2024-07-10,141.65,"Sol Ring, Child of Alara, Chord of Calling, Diabolic Tutor, Song of Creation"
Hatsune Miku: Electric Entourage,Secret Lair Drop,Other,SLD,2024-10-01,119.58,"Elspeth Tirel, Liliana of the Dark Realms, Freyalise, Llanowar's Fury, The Royal Scions, Jace, Unraveler of Secrets"
Hatsune Miku: Electric Entourage Foil Edition,Secret Lair Drop,Other,SLD,2024-10-01,119.58,"Elspeth Tirel, Liliana of the Dark Realms, Freyalise, Llanowar's Fury, The Royal Scions, Jace, Unraveler of Secrets"
Hatsune Miku: Sakura Superstar,Secret Lair Drop,Other,SLD,2024-05-30,125.7,"Azusa, Lost but Seeking, Chandra's Ignition, Feather, the Redeemed, Harmonize, Inspiring Vantage"
Hatsune Miku: Sakura Superstar Foil Edition,Secret Lair Drop,Other,SLD,2024-05-30,174.01,"Azusa, Lost but Seeking, Feather, the Redeemed, Chandra's Ignition, Harmonize, Inspiring Vantage"
Hatsune Miku: Winter Diva,Secret Lair Drop,Other,SLD,2025-02-11,123.12,"Swan Song, Giada, Font of Hope, Counterspell, Brago, King Eternal, Youthful Valkyrie"
Hatsune Miku: Winter Diva Foil Edition,Secret Lair Drop,Other,SLD,2025-02-11,123.12,"Swan Song, Giada, Font of Hope, Counterspell, Brago, King Eternal, Youthful Valkyrie"
Haze of Spores,MTGO Theme Deck,Other,ME2,2008-09-22,0.0,"Forest, Forest, Forest, Havenwood Battleground, Mishra's Factory"
Hazoret Aggro,Challenger Deck,Other,Q01,2018-04-06,40.23,"Chandra, Torch of Defiance, Sunscorched Desert, Soul-Scar Mage, Hazoret the Fervent, Mountain"
Healers (1),Jumpstart,Other,J25,2024-11-07,0.0,"Speaker of the Heavens, Qala, Ajani's Pridemate, Hinterland Sanctifier, Angel of Vitality, Revitalize"
Healers (2),Jumpstart,Other,J25,2024-11-07,1.9,"Valkyrie Harbinger, Qala, Ajani's Pridemate, Hinterland Sanctifier, Angel of Vitality, Take Up the Shield"
Healers (3),Jumpstart,Other,J25,2024-11-07,4.75,"Righteous Valkyrie, Qala, Ajani's Pridemate, Hinterland Sanctifier, Angel of Vitality, Revitalize"
Healers (4),Jumpstart,Other,J25,2024-11-07,3.35,"Felidar Sovereign, Rhox Faithmender, Qala, Ajani's Pridemate, Hinterland Sanctifier, Angel of Vitality"
Healing,Jumpstart,Other,FDN,2024-11-15,0.0,"Twinblade Paladin, Ancestor Dragon, Dazzling Angel, Ajani's Pridemate, Plains"
Heavily Armored (1),Jumpstart,Other,JMP,2020-07-17,8.3,"Cathars' Crusade, Plains, Feat of Resistance, Basri's Acolyte, Plains"
Heavily Armored (2),Jumpstart,Other,JMP,2020-07-17,8.3,"Cathars' Crusade, Plains, Basri's Acolyte, Plains, Patron of the Valiant"
Heavily Armored (3),Jumpstart,Other,JMP,2020-07-17,0.0,"Mikaeus, the Lunarch, Plains, Basri's Acolyte, Plains, Supply Runners"
Heavily Armored (4),Jumpstart,Other,JMP,2020-07-17,3.06,"Duelist's Heritage, Plains, Basri's Acolyte, Plains, Supply Runners"
Heavy Duty,Theme Deck,Other,INV,2000-10-02,125.37,"Armadillo Cloak, Thicket Elemental, Crimson Acolyte, Elfhame Palace, Forest"
Heavy Hitters,Theme Deck,Other,8ED,2003-07-28,39.2,"Wood Elves, Elvish Pioneer, Rampant Growth, Forest, Naturalize"
Hei Bai (1),Jumpstart,Other,TLE,2025-11-20,1.64,"That's Rough Buddy, Aang, A Lot to Learn, Thriving Heath, Plains, Suki, Courageous Rescuer"
Hei Bai (2),Jumpstart,Other,TLE,2025-11-20,1.64,"That's Rough Buddy, Aang, A Lot to Learn, Thriving Heath, Plains, Suki, Courageous Rescuer"
Here Be Dragons,Secret Lair Drop,Other,SLD,2022-06-14,239.28,"Old Gnawbone, Tiamat, Ebondeath, Dracolich, Icingdeath, Frost Tyrant, Iymrith, Desert Doom"
Heroes,Duel Deck,Other,DDL,2013-09-06,3.24,"Pyrokinesis, Sun Titan, Plains, Winds of Rath, Plains"
Heroes (1),Jumpstart,Other,J25,2024-11-07,1.46,"Brigone, Soldier of Meletis, Akroan Skyguard, Chains of Custody, Tethmos High Priest, Defiant Strike"
Heroes (2),Jumpstart,Other,J25,2024-11-07,1.46,"Brigone, Soldier of Meletis, Ojutai Exemplars, Chains of Custody, Defiant Strike, Valorous Stance"
Heroes United,Box Set,Other,MSH,2026-06-26,22.55,"Hulk, Always Angry, Hawkeye, Trick Shot, Thor, Guardian of Midgard, Captain America, Unbowed, Iron Man, Futurist Paragon"
Heroes for Hire,Jumpstart,Other,MSH,2026-06-26,5.47,"Luke Cage, Hero for Hire, Heroes for Hire, Iron Fist, Hero for Hire, Bionic Blow, Contract Hero"
Hidden Pathways,Secret Lair Drop,Other,SLU,2021-05-07,86.81,"Riverglide Pathway // Lavaglide Pathway, Barkchannel Pathway // Tidechannel Pathway, Clearwater Pathway // Murkwater Pathway, Blightstep Pathway // Searstep Pathway, Darkbore Pathway // Slitherbore Pathway"
High Priest,Shandalar Enemy Deck,Other,PAST,1997-04-01,58.26,"Fellwar Stone, Armageddon, Savannah Lions, White Mana Battery, Balance"
High-Flying Valor,Arena Starter Deck,Other,LTR,2023-06-20,20.79,"Myrel, Shield of Argive, Rescue Retriever, Valiant Veteran, Siege Veteran, Fortified Beachhead"
Hit The Ground Running,Intro Pack,Other,M15,2014-07-18,7.93,"Stormtide Leviathan, Reclamation Sage, Illusory Angel, Satyr Wayfinder, Forest"
Hold The Line,Event Deck,Other,ISD,2011-10-28,19.89,"Champion of the Parish, Honor of the Pure, Fiend Hunter, Mirran Crusader, Plains"
Holy 1,Jumpstart,Other,J22,2022-12-02,3.97,"Blessed Sanctuary, Angelic Cub, Chains of Custody, Angelic Page, Goldnight Commander"
Holy 2,Jumpstart,Other,J22,2022-12-02,13.16,"Starnheim Aspirant, Lyra Dawnbringer, Defy Death, Angelic Cub, Chains of Custody"
Holy 3,Jumpstart,Other,J22,2022-12-02,3.2,"Valkyrie Harbinger, Planar Atlas, Dawn of Hope, Chains of Custody, Emancipation Angel"
Holy 4,Jumpstart,Other,J22,2022-12-02,5.58,"Righteous Valkyrie, Chains of Custody, Emancipation Angel, Thriving Heath, Attended Healer"
Hope's Crusaders,Theme Deck,Other,TSP,2006-10-06,18.1,"Pentarch Paladin, Outrider en-Kor, Sarpadian Empires, Vol. VII, Cloudchaser Kestrel, Benalish Cavalry"
Horizon: Into the Forbidden West,Secret Lair Drop,Other,SLD,2025-11-06,49.89,"Blightsteel Colossus, Farseek, Aloy, Savior of Meridian, Tarrian's Soulcleaver, Meteor Golem"
Horizon: Into the Forbidden West Foil Edition,Secret Lair Drop,Other,SLD,2025-11-06,49.89,"Blightsteel Colossus, Farseek, Aloy, Savior of Meridian, Tarrian's Soulcleaver, Meteor Golem"
Horrific Visions,Intro Pack,Other,SOI,2016-04-08,3.16,"Liliana's Indignation, Crawling Sensation, Wild-Field Scarecrow, Inexorable Blob, Loam Dryad"
Hour of Devastation Foil Redemption,MTGO Redemption,Other,HOU,2017-08-13,311.65,"Torment of Hailfire, The Locust God, Obelisk Spider, Razaketh, the Foulblooded, Solemnity"
Hour of Devastation Redemption,MTGO Redemption,Other,HOU,2017-08-13,311.65,"Torment of Hailfire, The Locust God, Obelisk Spider, Razaketh, the Foulblooded, Solemnity"
House Dimir,Arena Starter Deck,Other,M20,2019-05-03,36.34,"Watery Grave, Doom Whisperer, Etrata, the Silencer, Thief of Sanity, Swamp"
House Dimir 1,Jumpstart,Other,CLU,2024-02-23,1.24,"Dimir Signet, Duskmantle Seer, Memory Vampire, Dimir Aqueduct, Undercover Butler"
House Dimir 2,Jumpstart,Other,CLU,2024-02-23,0.0,"Dimir Strandcatcher, Thief of Sanity, Murder, Dimir Aqueduct, Swamp"
"Huatli, Dinosaur Knight",Planeswalker Deck,Other,XLN,2017-09-29,13.57,"Goring Ceratops, Huatli, Dinosaur Knight, Kinjalli's Caller, Lightning Strike, Frenzied Raptor"
Humanity's Vengeance,Event Deck,Other,AVR,2012-05-25,255.88,"Mental Misstep, Phyrexian Metamorph, Tandem Lookout, Dismember, Porcelain Legionnaire"
Hunting (1),Jumpstart,Other,TLE,2025-11-20,2.83,"Desperate Plea, Katara, Seeking Revenge, Raven Eagle, Thriving Moor, Elephant-Rat"
Hunting (2),Jumpstart,Other,TLE,2025-11-20,2.89,"Ruthless Waterbender, Katara, Seeking Revenge, Raven Eagle, Azula Always Lies, Thriving Moor"
Hunting Pack,Intro Pack,Other,ORI,2015-07-17,15.38,"Managorger Hydra, Dwynen, Gilt-Leaf Daen, Shaman of the Pack, Dwynen's Elite, Skysnare Spider"
Icky (1),Jumpstart,Other,J25,2024-11-07,7.3,"Fumulus, the Infestation, Wriggling Grub, Village Rites, Devouring Swarm, Go for the Throat"
Icky (2),Jumpstart,Other,J25,2024-11-07,7.3,"Fumulus, the Infestation, Wriggling Grub, Devouring Swarm, Go for the Throat, Nantuko Husk"
If Looks Could Kill,Secret Lair Drop,Other,SLD,2022-12-05,54.42,"Liliana of the Dark Realms, Azami, Lady of Scrolls, Reflector Mage, Adaptive Automaton"
If Looks Could Kill Foil Edition,Secret Lair Drop,Other,SLD,2022-12-05,54.42,"Liliana of the Dark Realms, Azami, Lady of Scrolls, Reflector Mage, Adaptive Automaton"
Ignite the Forge,Arena Starter Deck,Other,SNC,2022-09-09,24.55,"Haunted Ridge, Professional Face-Breaker, Blood Fountain, Atsushi, the Blazing Sky, Big Score"
Ikoria: Lair of Behemoths Foil Redemption,MTGO Redemption,Other,IKO,2020-05-24,314.12,"The Ozolith, Zagoth Triome, Kinnan, Bonder Prodigy, Savai Triome, Indatha Triome"
Ikoria: Lair of Behemoths Redemption,MTGO Redemption,Other,IKO,2020-05-24,314.12,"The Ozolith, Zagoth Triome, Kinnan, Bonder Prodigy, Savai Triome, Indatha Triome"
Illusionary Might,Event Deck,Other,M12,2011-08-12,101.36,"Preordain, Phantasmal Image, Glimmerpost, Steel Hellkite, Grand Architect"
Illusions,Jumpstart,Other,J25,2024-11-07,0.0,"Pol Jamaar, Illusionist, Lord of the Unreal, Murmuring Mystic, Phantasmal Shieldback, Oneirophage"
Imaginary Friends,Secret Lair Drop,Other,SLD,2022-10-25,73.6,"Toothy, Imaginary Friend, The Gitrog Monster, Pir, Imaginative Rascal, Matter Reshaper"
Imaginary Friends Foil Edition,Secret Lair Drop,Other,SLD,2022-10-25,73.6,"Toothy, Imaginary Friend, The Gitrog Monster, Pir, Imaginative Rascal, Matter Reshaper"
Impaler,Theme Deck,Other,S99,1999-07-12,5.26,"Nature's Lore, Whirlwind, Renewing Touch, Forest, Pride of Lions"
In Memoriam: Jaya Ballard,Secret Lair Drop,Other,SLD,2022-10-25,111.46,"Pyretic Ritual, Repercussion, Jaya's Immolating Inferno, Pyromancer's Goggles, Jaya Ballard"
In Memoriam: Jaya Ballard Foil Edition,Secret Lair Drop,Other,SLD,2022-10-25,111.46,"Pyretic Ritual, Repercussion, Jaya's Immolating Inferno, Pyromancer's Goggles, Jaya Ballard"
Incredible,Jumpstart,Other,MSH,2026-06-26,11.01,"Hulk, Strongest There Is, Hulk's Thunderclap, She-Hulk, Attorney-at-Law, Origin of the Hulk, Doc Samson, Super Psychiatrist"
Infantry 1,Jumpstart,Other,BRO,2022-11-18,1.33,"Rescue Retriever, Lay Down Arms, Recruitment Officer, Recommission, Reconstructed Thopter"
Infantry 2,Jumpstart,Other,BRO,2022-11-18,1.33,"Rescue Retriever, Lay Down Arms, Yotian Frontliner, Scrapwork Cohort, Veteran's Powerblade"
Infect & Defile,Event Deck,Other,MBS,2011-02-25,108.01,"Preordain, Plague Myr, Hand of the Praetors, Corrupted Conscience, Deprive"
Infernal Intervention,Intro Pack,Other,M15,2014-07-18,19.41,"Profane Memento, Typhoid Rats, Indulgent Tormentor, Burning Anger, Caustic Tar"
Inferno,Jumpstart,Other,FDN,2024-11-15,1.26,"Terror of Mount Velus, Carnelian Orb of Dragonkind, Seize the Spoils, Dragonlord's Servant, Firespitter Whelp"
Infestation,Theme Deck,Other,7ED,2001-04-11,730.65,"Goblin King, Goblin Matron, Trained Orgg, Shock, Pillage"
Ingenious Machinists,Duel Deck,Other,DDU,2018-04-06,38.73,"Goblin Welder, Darksteel Plate, Great Furnace, Galvanic Blast, Darksteel Citadel"
Inked,Secret Lair Drop,Other,SLD,2026-05-29,39.31,"Crypt Ghast, Deathrite Shaman, Ice-Fang Coatl, Burnished Hart, Mulldrifter"
Inked Foil Edition,Secret Lair Drop,Other,SLD,2026-05-29,39.31,"Crypt Ghast, Deathrite Shaman, Ice-Fang Coatl, Burnished Hart, Mulldrifter"
Innistrad Foil Redemption,MTGO Redemption,Other,ISD,2011-10-30,788.3,"Liliana of the Veil, Snapcaster Mage, Parallel Lives, Moonmist, Infernal Plunge"
Innistrad Redemption,MTGO Redemption,Other,ISD,2011-10-30,788.3,"Liliana of the Veil, Snapcaster Mage, Parallel Lives, Moonmist, Infernal Plunge"
Innistrad: Crimson Vow Bundle Land Pack,Bundle Land Pack,Other,VOW,2021-11-19,0.0,"Mountain, Mountain, Swamp, Swamp, Plains"
Innistrad: Crimson Vow Foil Redemption,MTGO Redemption,Other,VOW,2021-12-19,177.11,"Toxrill, the Corrosive, Hallowed Haunting, Deathcap Glade, Olivia, Crimson Bride, Hullbreaker Horror"
Innistrad: Crimson Vow Redemption,MTGO Redemption,Other,VOW,2021-12-19,177.11,"Toxrill, the Corrosive, Hallowed Haunting, Deathcap Glade, Olivia, Crimson Bride, Hullbreaker Horror"
Innistrad: Crimson Vow Welcome Booster,Welcome Booster,Other,VOW,2021-11-19,3.94,"Sorin, Vengeful Bloodlord, Niv-Mizzet, the Firemind, Thirst for Discovery, Voldaren Epicure, Commander's Sphere"
Innistrad: Midnight Hunt Bundle Land Pack,Bundle Land Pack,Other,MID,2021-09-24,0.0,"Swamp, Swamp, Mountain, Mountain, Island"
Innistrad: Midnight Hunt Foil Redemption,MTGO Redemption,Other,MID,2021-10-24,138.99,"The Meathook Massacre, Haunted Ridge, Shipwreck Marsh, Jadar, Ghoulcaller of Nephalia, Moonsilver Key"
Innistrad: Midnight Hunt Redemption,MTGO Redemption,Other,MID,2021-10-24,138.99,"The Meathook Massacre, Haunted Ridge, Shipwreck Marsh, Jadar, Ghoulcaller of Nephalia, Moonsilver Key"
Innistrad: Midnight Hunt Welcome Booster,Welcome Booster,Other,MID,2021-09-24,0.0,"Rally the Ranks, Triskaidekaphobia, Arlinn, Voice of the Pack, Bladestitched Skaab, Skyfire Phoenix"
Insanity,Theme Deck,Other,TOR,2002-02-08,304.99,"Arrogant Wurm, Putrid Imp, Basking Rootwalla, Tainted Wood, Wild Mongrel"
Insatiable Hunger,Intro Pack,Other,BNG,2014-02-07,18.3,"Searing Blood, Mistcutter Hydra, Forest, Voyaging Satyr, Ordeal of Nylea"
Insects 1,Jumpstart,Other,J22,2022-12-02,0.0,"Iridescent Hornbeetle, Duskshell Crawler, Crawling Sensation, Caustic Caterpillar, Thriving Grove"
Insects 2,Jumpstart,Other,J22,2022-12-02,31.34,"Zask, Skittering Swarmlord, Circuit Mender, Kraul Harpooner, Crawling Sensation, Caustic Caterpillar"
Insects 3,Jumpstart,Other,J22,2022-12-02,0.0,"Iridescent Hornbeetle, Phantom Nantuko, Crawling Sensation, Deadbridge Goliath, Caustic Caterpillar"
Insects 4,Jumpstart,Other,J22,2022-12-02,31.34,"Zask, Skittering Swarmlord, Crawling Sensation, Caustic Caterpillar, Rampaging Growth, Thriving Grove"
Inspiration-Struck,Intro Pack,Other,BNG,2014-02-07,21.73,"Retraction Helix, Springleaf Drum, Curse of the Swine, Siren of the Silent Song, Island"
Inspiring Heroics,Event Deck,Other,THS,2013-10-18,33.81,"Hallowed Fountain, Imposing Sovereign, Dryad Militant, Frontline Medic, Detention Sphere"
Insurgent (1),Jumpstart,Other,TLE,2025-11-20,2.67,"Tale of Momo, Momo, Rambunctious Rascal, Thriving Heath, Plains, Inspired Insurgent"
Insurgent (2),Jumpstart,Other,TLE,2025-11-20,8.62,"Duelist's Heritage, That's Rough Buddy, Momo, Rambunctious Rascal, Hakoda, Selfless Commander, Thriving Heath"
International Women's Day 2020,Secret Lair Drop,Other,SLD,2020-03-08,102.08,"Meren of Clan Nel Toth, Oona, Queen of the Fae, Captain Sisay, Saskia the Unyielding, Narset, Enlightened Master"
Intl. Collectors' Edition,Box Set,Other,CEI,1993-12-10,7905.34,"Mox Jet, Mox Ruby, Mox Emerald, Ancestral Recall, Time Walk"
Into the Breach,Event Deck,Other,MBS,2011-02-25,94.12,"Memnite, Galvanic Blast, Goblin Bushwhacker, Kuldotha Rebirth, Signal Pest"
Introducing: Kaito Shizuki,Secret Lair Drop,Other,SLD,2022-07-22,80.13,"Snap, Brain Freeze, Bribery, Unmask, Shadow of Doubt"
Introducing: Kaito Shizuki Foil Edition,Secret Lair Drop,Other,SLD,2022-07-22,80.13,"Snap, Brain Freeze, Bribery, Unmask, Shadow of Doubt"
Inundation,Theme Deck,Other,JUD,2002-05-27,251.07,"Commander Eesha, Battle Screech, Prismatic Strands, Tireless Tribe, Unquestioned Authority"
Invading Spawn,Intro Pack,Other,ROE,2010-04-23,85.37,"Pawn of Ulamog, Lightning Bolt, Emrakul's Hatcher, Hand of Emrakul, Bloodthrone Vampire"
Invasion Foil Redemption,MTGO Redemption,Other,INV,2000-11-01,5503.79,"Phyrexian Altar, Reya Dawnbringer, Captain Sisay, Tsabo's Web, Crosis, the Purger"
Invasion Redemption,MTGO Redemption,Other,INV,2000-11-01,5503.79,"Phyrexian Altar, Reya Dawnbringer, Captain Sisay, Tsabo's Web, Crosis, the Purger"
Inventive (1),Jumpstart,Other,J25,2024-11-07,0.0,"Seat of the Synod, Ornithopter of Paradise, Sai, Master Thopterist, Prophetic Prism, Filigree Attendant"
Inventive (2),Jumpstart,Other,J25,2024-11-07,0.0,"Seat of the Synod, Ornithopter of Paradise, Sai, Master Thopterist, Fireshrieker, Prophetic Prism"
Inventive (3),Jumpstart,Other,J25,2024-11-07,2.05,"Thoughtcast, Padeem, Consul of Innovation, Seat of the Synod, Myr Enforcer, Ornithopter of Paradise"
Inventive (4),Jumpstart,Other,J25,2024-11-07,0.0,"Padeem, Consul of Innovation, Seat of the Synod, Ornithopter of Paradise, Guardian Idol, Prophetic Prism"
Inventive 1,Jumpstart,Other,J22,2022-12-02,6.16,"Tezzeret, Artifice Master, Seat of the Synod, Planar Atlas, Launch Mishap, Aether Spellbomb"
Inventive 2,Jumpstart,Other,J22,2022-12-02,2.75,"Seat of the Synod, Hangarback Walker, Launch Mishap, Whirler Rogue, Aeronaut Tinkerer"
Inventive 3,Jumpstart,Other,J22,2022-12-02,2.71,"Seat of the Synod, Steel Overseer, Thopter Spy Network, Launch Mishap, Aether Spellbomb"
Inventive 4,Jumpstart,Other,J22,2022-12-02,1.48,"Seat of the Synod, Solemn Simulacrum, Launch Mishap, Aether Spellbomb, Whirler Rogue"
Iroh,Jumpstart,Other,TLE,2025-11-20,14.46,"Bolt Bend, Iroh, Dragon of the West, Fiery Confluence, Thriving Bluff, Zuko, Seeking Honor"
Iron Maiden: Album Art,Secret Lair Drop,Other,SLD,2025-10-27,95.37,"Animate Dead, Unearth, Grave Titan, Temporal Trespass, Lethal Scheme"
Iron Maiden: Album Art Foil Edition,Secret Lair Drop,Other,SLD,2025-10-27,95.37,"Animate Dead, Unearth, Grave Titan, Temporal Trespass, Lethal Scheme"
Iron Maiden: Eddie Unchained,Secret Lair Drop,Other,SLD,2025-10-27,163.9,"Bruvac the Grandiloquent, Nekusar, the Mindrazer, Windfall, Mindcrank, Captain N'ghathrod"
Iron Maiden: Eddie Unchained Foil Edition,Secret Lair Drop,Other,SLD,2025-10-27,163.9,"Bruvac the Grandiloquent, Nekusar, the Mindrazer, Windfall, Mindcrank, Captain N'ghathrod"
Iron Man,Jumpstart,Other,MSH,2026-06-26,22.76,"Iron Man, Bleeding Edge, Origin of Iron Man, Iron Lad, Young Avenger, Iron Suitcase, Rescue, Pepper Potts"
Ivory Doom,Theme Deck,Other,ONS,2002-10-07,224.25,"Smother, Starlit Sanctum, Barren Moor, Astral Slide, Secluded Steppe"
Ixalan Foil Redemption,MTGO Redemption,Other,XLN,2017-10-29,348.87,"Gishath, Sun's Avatar, Herald of Secret Streams, Revel in Riches, Vanquisher's Banner, Primal Amulet // Primal Wellspring"
Ixalan Redemption,MTGO Redemption,Other,XLN,2017-10-29,348.87,"Gishath, Sun's Avatar, Herald of Secret Streams, Revel in Riches, Vanquisher's Banner, Primal Amulet // Primal Wellspring"
Ixidor's Legacy,Theme Deck,Other,PLC,2007-02-02,68.69,"Pongify, Desert, Piracy Charm, Riptide Pilferer, Aeon Chronicler"
Izzet,Duel Deck,Other,DDJ,2012-09-07,18.59,"Isochron Scepter, Brainstorm, Force Spike, Niv-Mizzet, the Firemind, Gelectrode"
Izzet Gizmometry,Theme Deck,Other,GPT,2006-02-03,51.44,"Gelectrode, Izzet Boilerworks, Repeal, Telling Time, Tibor and Lumia"
Izzet Ingenuity,Intro Pack,Other,RTR,2012-10-05,22.07,"Electrickery, Blustersquall, Guttersnipe, Krenko's Command, Mizzium Mortars"
Izzet League,Arena Starter Deck,Other,M20,2019-05-03,48.46,"Steam Vents, Niv-Mizzet, Parun, Electrostatic Field, Runaway Steam-Kin, Thousand-Year Storm"
Izzet League 1,Jumpstart,Other,CLU,2024-02-23,4.52,"Stunt Double, Consider, Turn to Frog, Izzet Boilerworks, Resonance Technician"
Izzet League 2,Jumpstart,Other,CLU,2024-02-23,18.77,"Corporeal Projection, Lightning Bolt, Izzet Signet, Izzet Boilerworks, Hypersonic Dragon"
Izzet Phoenix,Pioneer Challenger Deck,Other,Q08,2022-11-04,34.6,"Steam Vents, Treasure Cruise, Arclight Phoenix, Fiery Impulse, Sulfur Falls"
Izzet Spellweaving,Arena Starter Deck,Other,DOM,2018-03-22,32.57,"Primal Amulet // Primal Wellspring, Spell Swindle, Star of Extinction, Cryptic Serpent, Censor"
Jace,Duel Deck,Other,JVC,2014-12-05,16.51,"Counterspell, Terrain Generator, Gush, Ancestral Vision, Jace Beleren"
Jace Japanese,Duel Deck,Other,DD2,2008-11-07,17.91,"Counterspell, Terrain Generator, Gush, Ancestral Vision, Daze"
"Jace, Arcane Strategist",Planeswalker Deck,Other,WAR,2019-05-03,16.66,"Spark Double, Kiora, Behemoth Beckoner, Merfolk Skydiver, Jace, Arcane Strategist, Guildpact Informant"
"Jace, Ingenious Mind Mage",Planeswalker Deck,Other,XLN,2017-09-29,28.41,"Herald of Secret Streams, Fleet Swallower, Tempest Caller, Island, Jace, Ingenious Mind-Mage"
Jakub Šlemr - Mono-Black Control,World Championship Deck,Other,WC99,1999-08-04,214.67,"Vampiric Tutor, Yawgmoth's Will, Volrath's Stronghold, Powder Keg, Wasteland"
Jakub Šlemr - Prismatic Black Aggro,World Championship Deck,Other,WC97,1997-08-13,29.62,"City of Brass, Gemstone Mine, Undiscovered Paradise, Sulfurous Springs, Underground River"
Jan Tomcani - Dark Fires,World Championship Deck,Other,WC01,2001-08-08,91.52,"Llanowar Wastes, City of Brass, Rishadan Port, Forest, Birds of Paradise"
Janosch Kühn - Angry Non-Hermit,World Championship Deck,Other,WC00,2000-08-02,56.19,"Dust Bowl, Rishadan Port, Birds of Paradise, Priest of Titania, Karplusan Forest"
Janosch Kühn - Red-White-Blue Speed Control,World Championship Deck,Other,WC97,1997-08-13,100.28,"Force of Will, City of Brass, Thawing Glaciers, Swords to Plowshares, Undiscovered Paradise"
Jaws: Terror of Amity Island,Secret Lair Drop,Other,SLD,2025-10-27,222.37,"Jaws, Relentless Predator, Descent into Avernus, Sneak Attack, Reckless Endeavor, Abrade"
Jaws: Terror of Amity Island Foil Edition,Secret Lair Drop,Other,SLD,2025-10-27,222.37,"Jaws, Relentless Predator, Descent into Avernus, Sneak Attack, Reckless Endeavor, Abrade"
Jeskai Monks,Intro Pack,Other,KTK,2014-09-26,11.48,"Monastery Swiftspear, Mystic Monastery, Void Snare, Mountain, Jeskai Charm"
Jiang Yanggu,Planeswalker Deck,Other,GS1,2018-06-22,0.0,"Jiang Yanggu, Forest, Mountain, Screeching Phoenix, Journey for the Elixir"
Jon Finkel - Mono-Blue Tinker,World Championship Deck,Other,WC00,2000-08-02,104.84,"Grim Monolith, Metalworker, Rishadan Port, Tangle Wire, Masticore"
Journey 1,Jumpstart,Other,LTR,2023-06-23,8.86,"Elanor Gardner, Mirkwood Spider, Meriadoc Brandybuck, Revive the Shire, Quickbeam, Upstart Ent"
Journey 2,Jumpstart,Other,LTR,2023-06-23,10.41,"Elanor Gardner, Peregrin Took, Meriadoc Brandybuck, Revive the Shire, Stew the Coneys"
Journey into Nyx Foil Redemption,MTGO Redemption,Other,JOU,2014-06-01,485.7,"Sage of Hours, Mana Confluence, Athreos, God of Passage, Iroas, God of Victory, Worst Fears"
Journey into Nyx Redemption,MTGO Redemption,Other,JOU,2014-06-01,485.7,"Sage of Hours, Mana Confluence, Athreos, God of Passage, Iroas, God of Victory, Worst Fears"
Judgment Foil Redemption,MTGO Redemption,Other,JUD,2002-06-26,3313.84,"Sylvan Safekeeper, Cabal Therapy, Anger, Seedtime, Solitary Confinement"
Judgment Redemption,MTGO Redemption,Other,JUD,2002-06-26,3313.84,"Sylvan Safekeeper, Cabal Therapy, Anger, Seedtime, Solitary Confinement"
Julien Nuijten - Green-White Astral Slide,World Championship Deck,Other,WC04,2004-09-01,14.97,"Windswept Heath, Plains, Plains, Forest, Decree of Justice"
Jund Appetite for War,Intro Pack,Other,CON,2009-02-06,34.61,"Terramorphic Expanse, Swamp, Voracious Dragon, Forest, Forest"
Jungle Jam,MTGO Theme Deck,Other,MIR,2006-12-05,38.6,"Worldly Tutor, Zuberi, Golden Feather, Mountain Valley, Forest, Plains"
Jungle Secrets,Arena Starter Deck,Other,M19,2018-09-27,37.16,"Herald of Secret Streams, Kumena, Tyrant of Orazca, Tempest Caller, Merfolk Mistbinder, Hinterland Harbor"
Jurassic World: Dr. Ian Malcolm,Secret Lair Drop,Other,SLD,2023-12-05,91.72,"Atla Palani, Nest Tender, Tasigur, the Golden Fang, Tasha's Hideous Laughter, Laboratory Maniac"
Jurassic World: Dr. Ian Malcolm Foil Edition,Secret Lair Drop,Other,SLD,2023-12-05,99.28,"Atla Palani, Nest Tender, Tasigur, the Golden Fang, Tasha's Hideous Laughter, Laboratory Maniac"
Jurassic World: Life Breaks Free,Secret Lair Drop,Other,SLD,2023-12-05,190.47,"Etali, Primal Storm, Regisaur Alpha, Polyraptor, Rampaging Ferocidon, Wayward Swordtooth"
Jurassic World: Life Breaks Free Foil Edition,Secret Lair Drop,Other,SLD,2023-12-05,217.3,"Etali, Primal Storm, Regisaur Alpha, Polyraptor, Wayward Swordtooth, Rampaging Ferocidon"
Just Add Milk,Secret Lair Drop,Other,SLD,2022-12-19,61.36,"Ulamog, the Ceaseless Hunger // Ulamog, the Ceaseless Hunger, Ghalta, Primal Hunger // Ghalta, Primal Hunger, Etali, Primal Storm // Etali, Primal Storm"
Just Add Milk Foil Edition,Secret Lair Drop,Other,SLD,2022-12-19,61.36,"Ulamog, the Ceaseless Hunger // Ulamog, the Ceaseless Hunger, Ghalta, Primal Hunger // Ghalta, Primal Hunger, Etali, Primal Storm // Etali, Primal Storm"
Just Add Milk: Second Helpings,Secret Lair Drop,Other,SLD,2024-02-23,66.93,"Sakashima of a Thousand Faces // Sakashima of a Thousand Faces, Adrix and Nev, Twincasters // Adrix and Nev, Twincasters, Krark, the Thumbless // Krark, the Thumbless, Yargle, Glutton of Urborg // Yargle, Glutton of Urborg"
Just Add Milk: Second Helpings Foil Edition,Secret Lair Drop,Other,SLD,2024-02-23,66.93,"Sakashima of a Thousand Faces // Sakashima of a Thousand Faces, Adrix and Nev, Twincasters // Adrix and Nev, Twincasters, Krark, the Thumbless // Krark, the Thumbless, Yargle, Glutton of Urborg // Yargle, Glutton of Urborg"
Just Some Totally Normal Guys,Secret Lair Drop,Other,SLD,2022-08-05,56.07,"Void Winnower, Collector Ouphe, Vengevine, Goblin Settler"
Just Some Totally Normal Guys Foil Edition,Secret Lair Drop,Other,SLD,2022-08-05,56.07,"Void Winnower, Collector Ouphe, Vengevine, Goblin Settler"
KEXP: Where the Music Matters,Secret Lair Drop,Other,SLD,2025-05-13,17.05,"Swamp, Forest, Mountain, Island, Plains"
KEXP: Where the Music Matters Foil Edition,Secret Lair Drop,Other,SLD,2025-05-13,17.05,"Swamp, Forest, Mountain, Island, Plains"
KEXP: You Are Not Alone,Secret Lair Drop,Other,SLD,2025-05-13,57.44,"Concordant Crossroads, Font of Mythos, Rites of Flourishing, Cultural Exchange, Folio of Fancies"
KEXP: You Are Not Alone Foil Edition,Secret Lair Drop,Other,SLD,2025-05-13,57.44,"Concordant Crossroads, Font of Mythos, Rites of Flourishing, Cultural Exchange, Folio of Fancies"
Kai Budde - Red-Artifact Wildfire,World Championship Deck,Other,WC99,1999-08-04,154.73,"Ancient Tomb, City of Traitors, Grim Monolith, Cursed Scroll, Karn, Silver Golem"
Kaladesh Foil Redemption,MTGO Redemption,Other,KLD,2016-10-30,278.36,"Aetherflux Reservoir, Inventors' Fair, Noxious Gearhulk, Chandra, Torch of Defiance, Authority of the Consuls"
Kaladesh Redemption,MTGO Redemption,Other,KLD,2016-10-30,278.36,"Aetherflux Reservoir, Inventors' Fair, Noxious Gearhulk, Chandra, Torch of Defiance, Authority of the Consuls"
Kaldheim Bundle Land Pack,Bundle Land Pack,Other,KHM,2021-02-05,7.68,"Swamp, Swamp, Island, Island, Mountain"
Kaldheim Foil Redemption,MTGO Redemption,Other,KHM,2021-03-07,360.97,"Vorinclex, Monstrous Raider, Birgi, God of Storytelling // Harnfel, Horn of Bounty, Halvar, God of Battle // Sword of the Realms, Esika, God of the Tree // The Prismatic Bridge, Tergrid, God of Fright // Tergrid's Lantern"
Kaldheim Redemption,MTGO Redemption,Other,KHM,2021-03-07,360.97,"Vorinclex, Monstrous Raider, Birgi, God of Storytelling // Harnfel, Horn of Bounty, Halvar, God of Battle // Sword of the Realms, Esika, God of the Tree // The Prismatic Bridge, Tergrid, God of Fright // Tergrid's Lantern"
Kaleidoscope Killers,Secret Lair Drop,Other,SLD,2019-12-08,110.15,"The Ur-Dragon, Sliver Overlord, Reaper King"
Kamahl's Temper,Theme Deck,Other,10E,2007-07-13,8.05,"Dragon's Claw, Threaten, Incinerate, Raging Goblin, Beacon of Destruction"
Kami Reborn,Theme Deck,Other,CHK,2004-10-01,109.34,"Honden of Night's Reach, Honden of Life's Web, Kodama's Reach, Iname, Death Aspect, Long-Forgotten Gohei"
Kamigawa Ink,Secret Lair Drop,Other,SLD,2021-12-13,85.3,"Michiko Konda, Truth Seeker, Kami of the Crescent Moon, Reki, the History of Kamigawa, Heartless Hidetsugu, Toshiro Umezawa"
Kamigawa Ink Foil Edition,Secret Lair Drop,Other,SLD,2021-12-13,85.3,"Michiko Konda, Truth Seeker, Kami of the Crescent Moon, Reki, the History of Kamigawa, Heartless Hidetsugu, Toshiro Umezawa"
Kamigawa: Neon Dynasty Foil Redemption,MTGO Redemption,Other,NEO,2022-03-20,298.84,"Boseiju, Who Endures, Otawara, Soaring City, Kodama of the West Tree, Takenuma, Abandoned Mire, Tamiyo's Safekeeping"
Kamigawa: Neon Dynasty Redemption,MTGO Redemption,Other,NEO,2022-03-20,298.84,"Boseiju, Who Endures, Otawara, Soaring City, Kodama of the West Tree, Takenuma, Abandoned Mire, Tamiyo's Safekeeping"
Kamigawa: Neon Dynasty Welcome Booster,Welcome Booster,Other,NEO,2022-02-18,5.08,"Jugan, the Rising Star, Tamiyo, Collector of Tales, Archon of Sun's Grace, Spirited Companion, Peerless Samurai"
Kamigawa: the Manga: the Cards,Secret Lair Drop,Other,SLD,2022-07-22,110.11,"Veil of Summer, Swords to Plowshares, Idyllic Tutor, Praetor's Grasp, Solve the Equation"
Kamigawa: the Manga: the Cards Foil Edition,Secret Lair Drop,Other,SLD,2022-07-22,110.11,"Veil of Summer, Swords to Plowshares, Idyllic Tutor, Praetor's Grasp, Solve the Equation"
Kang Dynasty,Jumpstart,Other,MSH,2026-06-26,38.82,"Immortus, Master of Eternity, Multiversal Recruitment, Time Warp, Iron Lad, Young Avenger, Pharaoh Rama-Tut"
Katara,Jumpstart,Other,TLE,2025-11-20,11.6,"Katara, Waterbending Master, Consider, Gran-Gran, Octopus Form, It'll Quench Ya!"
Kazz's First Deck,Intro Pack,Other,RQS,1996-06-10,0.0,"Island, Island, Mountain, Mountain, Mountain"
Kazz's Second Deck,Intro Pack,Other,ITP,1996-12-31,62.16,"Island, Mountain, Cursed Land, Mountain, Mons's Goblin Raiders"
"Keep Partying Hard, Shred Harder Than You Previously Thought Possible",Secret Lair Drop,Other,SLD,2023-09-15,118.35,"Jeska, Thrice Reborn, Tevesh Szat, Doom of Fools, Vial Smasher the Fierce, Godo, Bandit Warlord"
"Keep Partying Hard, Shred Harder Than You Previously Thought Possible Foil Edition",Secret Lair Drop,Other,SLD,2023-09-15,118.35,"Jeska, Thrice Reborn, Tevesh Szat, Doom of Fools, Vial Smasher the Fierce, Godo, Bandit Warlord"
Keep the Peace,Arena Starter Deck,Other,ANB,2020-08-13,0.0,"Charmed Stray, Fencing Ace, Hallowed Priest, Impassioned Orator, Moorland Inquisitor"
Khans of Tarkir Foil Redemption,MTGO Redemption,Other,KTK,2014-10-26,386.53,"Bloodstained Mire, Wooded Foothills, Polluted Delta, Flooded Strand, Windswept Heath"
Khans of Tarkir Redemption,MTGO Redemption,Other,KTK,2014-10-26,386.53,"Bloodstained Mire, Wooded Foothills, Polluted Delta, Flooded Strand, Windswept Heath"
Kiora,Duel Deck,Other,DDO,2015-02-27,1.16,"Kiora, the Crashing Wave, Whelming Wave, Scourge of Fleets, Inkwell Leviathan, Aetherize"
Kiska-Ra,Shandalar Enemy Deck,Other,PAST,1997-04-01,15167.04,"Timetwister, Mox Emerald, Mox Pearl, Time Walk, Desert Twister"
Kithkin Militia,Theme Deck,Other,LRW,2007-10-12,99.8,"Brigid, Hero of Kinsbaile, Shields of Velis Vel, Goldmeadow Harrier, Crib Swap, Kithkin Harbinger"
Kjeldoran Cunning,Theme Deck,Other,CSP,2006-07-21,91.24,"Darien, King of Kjeldor, Field Marshal, Boreal Shelf, Jötun Grunt, Swords to Plowshares"
Knights,Duel Deck,Other,DDG,2011-04-01,28.3,"Kinsbaile Cavalier, Knight Exemplar, Loxodon Warhammer, Spidersilk Armor, Knight of the Reliquary"
Kor Armory,Intro Pack,Other,ZEN,2009-10-02,15.3,"Kor Skyfisher, Explorer's Scope, Kabira Crossroads, Kor Cartographer, Conqueror's Pledge"
Koth,Duel Deck,Other,DDI,2012-03-30,3.53,"Koth of the Hammer, Anger, Searing Blaze, Aether Membrane, Wayfarer's Bauble"
Kyoshi,Jumpstart,Other,TLE,2025-11-20,29.33,"Avatar Kyoshi, Earthbender, Cracked Earth Technique, Tectonic Split, Elephant-Mandrill, Kyoshi Warrior Exemplars"
Kzzy'n - The Dragon Lord,Shandalar Enemy Deck,Other,PAST,1997-04-01,380.97,"Mountain, Birds of Paradise, Ivory Tower, Winds of Change, Shivan Dragon"
Landfall (1),Jumpstart,Other,J25,2024-11-07,5.32,"Lotus Cobra, Undergrowth Champion, Sutina, Speaker of the Tajuru, Harrow, Bite Down"
Landfall (2),Jumpstart,Other,J25,2024-11-07,11.25,"Ancient Greenwarden, Sutina, Speaker of the Tajuru, Retreat to Kazandu, Territorial Scythecat, Bite Down"
Landfall (3),Jumpstart,Other,J25,2024-11-07,23.82,"Scythecat Cub, Sutina, Speaker of the Tajuru, Harrow, Retreat to Kazandu, Territorial Scythecat"
Landfall (4),Jumpstart,Other,J25,2024-11-07,23.82,"Scythecat Cub, Sutina, Speaker of the Tajuru, Harrow, Sporemound, Grazing Gladehart"
Landfall 1,Jumpstart,Other,J22,2022-12-02,3.86,"Courser of Kruphix, Zendikar's Roil, Primeval Herald, Rampaging Baloths, Adventuring Gear"
Landfall 2,Jumpstart,Other,J22,2022-12-02,3.42,"Broken Bond, Avenger of Zendikar, Primeval Herald, Khalni Heart Expedition, Groundswell"
Lands (1),Jumpstart,Other,JMP,2020-07-17,1.36,"Cultivate, Zendikar's Roil, Ulvenwald Hydra, Feral Hydra, Fertilid"
Lands (2),Jumpstart,Other,JMP,2020-07-17,5.79,"Oracle of Mul Daya, Cultivate, Sporemound, Feral Hydra, Fertilid"
Landslide Charge,Event Deck,Other,DTK,2015-03-27,48.05,"Stubborn Denial, Mistcutter Hydra, Elvish Mystic, Thunderbreak Regent, Frontier Bivouac"
Large and in Charge,Arena Starter Deck,Other,ANB,2020-08-13,0.0,"Jungle Delver, Ilysian Caryatid, Woodland Mystic, Wildwood Patrol, Baloth Packhunter"
Law 1,Jumpstart,Other,J22,2022-12-02,0.0,"Archon of Justice, Thriving Heath, Skyhunter Patrol, Plains, Plains"
Law 2,Jumpstart,Other,J22,2022-12-02,1.67,"Unquestioned Authority, Thriving Heath, Skyhunter Patrol, Decree of Justice, Plains"
Law 3,Jumpstart,Other,J22,2022-12-02,1.67,"Unquestioned Authority, Gideon, Champion of Justice, Thriving Heath, Skyhunter Patrol, Angelic Edict"
Law 4,Jumpstart,Other,J22,2022-12-02,11.06,"Michiko Konda, Truth Seeker, Isamaru, Hound of Konda, Thriving Heath, Skyhunter Patrol, Murder Investigation"
Learning (1),Jumpstart,Other,TLE,2025-11-20,7.29,"Cracked Earth Technique, Crystalline Armor, Origin of Metalbending, Aang, A Lot to Learn, Shared Roots"
Learning (2),Jumpstart,Other,TLE,2025-11-20,6.21,"Cracked Earth Technique, Master's Guidance, Aang, A Lot to Learn, Forest, True Ancestry"
Legendary Flyers (Not That Kind),Secret Lair Drop,Other,SLD,2023-05-05,108.38,"Phage the Untouchable, Sen Triplets, Alela, Artful Provocateur, Yisan, the Wanderer Bard"
Legion (1),Jumpstart,Other,JMP,2020-07-17,7.07,"Blessed Sanctuary, Path to Exile, Selfless Savior, Plains, Legion's Judgment"
Legion (2),Jumpstart,Other,JMP,2020-07-17,0.0,"Glorious Anthem, Plains, Legion's Judgment, Plains, Plains"
Legion (3),Jumpstart,Other,JMP,2020-07-17,0.0,"Glorious Anthem, Plains, Legion's Judgment, Plains, Plains"
Legion (4),Jumpstart,Other,JMP,2020-07-17,1.24,"Selfless Savior, Plains, Legion's Judgment, Lena, Selfless Champion, Mentor of the Meek"
Legion Aloft,Intro Pack,Other,ARB,2009-04-30,91.05,"Whispersilk Cloak, Etherium Sculptor, Terramorphic Expanse, Plains, Path to Exile"
Legion of Dusk,Theme Deck,Other,E02,2017-11-24,36.72,"Beacon of Immortality, Vanquisher's Banner, Shielded by Faith, Day of Judgment, Bloodcrazed Paladin"
Legion of Glory,MTGO Theme Deck,Other,VIS,2006-04-10,8.6,"Retribution of the Meek, Plains, Zhalfirin Crusader, Plains, Plains"
Legions Foil Redemption,MTGO Redemption,Other,LGN,2003-03-05,2287.51,"Seedborn Muse, Akroma, Angel of Wrath, Graveborn Muse, Phage the Untouchable, Toxin Sliver"
Legions Redemption,MTGO Redemption,Other,LGN,2003-03-05,2287.51,"Seedborn Muse, Akroma, Angel of Wrath, Graveborn Muse, Phage the Untouchable, Toxin Sliver"
Legions of Phyrexia,Arena Starter Deck,Other,LTR,2023-06-20,10.46,"Phyrexian Arena, Gix, Yawgmoth Praetor, Essence of Orthodoxy, Caves of Koilos, Seedpod Caretaker"
"Leon Lindback, Semifinalist",Pro Tour Deck,Other,PTC,1996-05-01,96.15,"Dance of the Dead, Necropotence, Strip Mine, Hypnotic Specter, Zuran Orb"
Leonardo,Theme Deck,Other,TMT,2026-03-06,1.24,"Splinter, Aging Champion, Splinter & Leo, Father & Son, Leonardo, Worldly Warrior, Leo's Guidance, Definitely Not a Turtle"
Lessons (1),Jumpstart,Other,TLE,2025-11-20,8.59,"Chakra Meditation, Whirlwind Technique, Boomerang Basics, Katara, Seeking Revenge, Accumulate Wisdom"
Lessons (2),Jumpstart,Other,TLE,2025-11-20,6.12,"Chakra Meditation, Whirlwind Technique, Katara, Seeking Revenge, Accumulate Wisdom, Gran-Gran"
Lethal,Jumpstart,Other,MSH,2026-06-26,11.53,"Black Widow, Deadly Hunter, White Widow, Yelena Belova, Origin of Black Widow, Titanium Man, Venom, Evil Unleashed"
Levelers Scorn,Intro Pack,Other,ROE,2010-04-23,39.43,"Telepathy, Island, Swamp, Island, Island"
Levelers' Glory,Intro Pack,Other,ROE,2010-04-23,30.38,"Island, Island, Island, Plains, Island"
Li'l Giri Saves the Day,Secret Lair Drop,Other,SLD,2022-08-11,68.3,"Curiosity, Last Chance, Vandalblast, Peek, Greed"
Li'l Walkers,Secret Lair Drop,Other,SLD,2022-07-22,49.9,"Ashiok, Dream Render, Tamiyo, the Moon Sage, Sorin, Grim Nemesis, Ajani, Mentor of Heroes, Angrath, the Flame-Chained"
Li'l Walkers Foil Edition,Secret Lair Drop,Other,SLD,2022-07-22,49.9,"Ashiok, Dream Render, Tamiyo, the Moon Sage, Sorin, Grim Nemesis, Ajani, Mentor of Heroes, Angrath, the Flame-Chained"
Li'l'ler Walkers,Secret Lair Drop,Other,SLD,2022-11-14,58.8,"Narset, Parter of Veils, Elspeth, Sun's Champion, Garruk Wildspeaker, Saheeli, Sublime Artificer, Sarkhan Vol"
Li'l'ler Walkers Foil Edition,Secret Lair Drop,Other,SLD,2022-11-14,58.8,"Narset, Parter of Veils, Elspeth, Sun's Champion, Garruk Wildspeaker, Saheeli, Sublime Artificer, Sarkhan Vol"
Librarian,Jumpstart,Other,TLE,2025-11-20,5.92,"Wan Shi Tong, All-Knowing, Brainstorm, Dutiful Knowledge Seeker, Accumulate Wisdom, Suspicious Bookcase"
Library Depletion,Deck Builder's Toolkit,Other,MBS,2011-03-11,45.32,"Hedron Crab, Jace's Erasure, Call to Mind, Guard Gomazoa, Sea Gate Oracle"
Life Boost,Theme Deck,Other,8ED,2003-07-28,26.2,"Glorious Anthem, Spirit Link, Angel of Mercy, Plains, Plains"
Life Drain,Theme Deck,Other,EVE,2008-07-25,171.55,"Batwing Brume, Rite of Consumption, Divinity of Pride, Swamp, Soul Snuffers"
Life Skills,Arena Starter Deck,Other,M21,2021-07-03,67.28,"Shadowspear, Vito, Thorn of the Dusk Rose, Baneslayer Angel, Silversmote Ghoul, Indulging Patrician"
Life for Death,Intro Pack,Other,NPH,2011-05-13,123.19,"Gut Shot, Mountain, Marrow Shards, Shattered Angel, Phyrexian Rebirth"
Lifegain,Theme Deck,Other,SOS,2026-04-24,7.27,"Haliya, Guided by Light, Starscape Cleric, Requiting Hex, Amalia Benavides Aguirre, Essence Channeler"
Lifeline,Arena Starter Deck,Other,AFR,2021-09-24,14.96,"Righteous Valkyrie, Branchloft Pathway // Boulderloft Pathway, Valkyrie Harbinger, Cleric Class, Icingdeath, Frost Tyrant"
Liftoff,Theme Deck,Other,ODY,2001-10-01,164.91,"Peek, Skycloud Egg, Plains, Mystic Crusader, Millikin"
Lightforce,Intro Pack,Other,M14,2013-07-19,26.83,"Elixir of Immortality, Angelic Accord, Indestructibility, Brave the Elements, Banisher Priest"
Lightning (1),Jumpstart,Other,JMP,2020-07-17,2.43,"Lightning Bolt, Lightning Phoenix, Mountain, Mountain, Lightning Axe"
Lightning (2),Jumpstart,Other,JMP,2020-07-17,0.0,"Lightning Phoenix, Mountain, Ball Lightning, Chain Lightning, Mountain"
Lightning Aggro,Challenger Deck,Other,Q02,2019-04-12,22.72,"Runaway Steam-Kin, Banefire, Rekindling Phoenix, Goblin Chainwhirler, Fanatical Firebrand"
Lil Legends,Secret Lair Drop,Other,SLD,2024-08-19,25.73,"Omnath, Locus of Creation, Orvar, the All-Form, Reya Dawnbringer, Drana, the Last Bloodchief, Lavinia, Azorius Renegade"
Lilest Walkers,Secret Lair Drop,Other,SLD,2023-09-22,29.86,"Karn, Scion of Urza, Venser, the Sojourner, Aminatou, the Fateshifter, Chandra, Flame's Catalyst, Daretti, Ingenious Iconoclast"
Lilest Walkers Foil Edition,Secret Lair Drop,Other,SLD,2023-09-22,25.28,"Aminatou, the Fateshifter, Chandra, Flame's Catalyst, Venser, the Sojourner, Karn, Scion of Urza, Daretti, Ingenious Iconoclast"
Liliana,Planeswalker Deck,Other,M19,2018-07-13,15.33,"Liliana, the Necromancer, Reassembling Skeleton, Sovereign's Bite, Blood Divination, Abnormal Endurance"
"Liliana, Death Mage",Planeswalker Deck,Other,M21,2020-07-03,5.98,"Liliana, Death Mage, Swamp, Liliana's Scrounger, Demonic Embrace, Swamp"
"Liliana, Death Wielder",Planeswalker Deck,Other,AKH,2017-04-28,8.27,"Liliana, Death Wielder, Grasping Dunes, Cartouche of Strength, Channeler Initiate, Cartouche of Ambition"
Line of Fire,Arena Starter Deck,Other,M21,2021-07-03,8.0,"Kroxa, Titan of Death's Hunger, Piper of the Swarm, Serrated Scorpion, Woe Strider, Temple of Malice"
Little Bashers,Theme Deck,Other,MRD,2003-10-02,67.03,"Banshee's Blade, Viridian Longbow, Gold Myr, Loxodon Warhammer, Fireshrieker"
Lofty Heights,Theme Deck,Other,9ED,2005-07-29,39.0,"Sleight of Hand, Mana Leak, Telepathy, Archivist, Boomerang"
Look at the Kitties,Secret Lair Drop,Other,SLD,2022-11-17,270.39,"Lord Windgrace, Violent Outburst, Felidar Sovereign, Descendants' Path"
Lord of Fate,Shandalar Enemy Deck,Other,PAST,1997-04-01,37.64,"Divine Transformation, Ornithopter, Dark Ritual, Serra Angel, Swamp"
Lorwyn Eclipsed Redemption,MTGO Redemption,Other,ECL,2026-02-11,225.04,"Hexing Squelcher, Chronicle of Victory, Bitterbloom Bearer, Moonshadow, Steam Vents"
Lorwyn Fat Pack Land Pack,Bundle Land Pack,Other,LRW,2007-10-12,51.72,"Island, Swamp, Forest, Swamp, Forest"
Lorwyn Foil Redemption,MTGO Redemption,Other,LRW,2007-11-11,2896.59,"Thoughtseize, Thousand-Year Elixir, Ponder, Springleaf Drum, Mosswort Bridge"
Lorwyn Lightboxes,Secret Lair Drop,Other,SLD,2025-02-11,45.51,"Gilt-Leaf Palace, Secluded Glen, Auntie's Hovel, Wanderwine Hub, Ancient Amphitheater"
Lorwyn Lightboxes Foil Edition,Secret Lair Drop,Other,SLD,2025-02-11,45.51,"Gilt-Leaf Palace, Secluded Glen, Auntie's Hovel, Wanderwine Hub, Ancient Amphitheater"
Lorwyn Redemption,MTGO Redemption,Other,LRW,2007-11-11,2896.59,"Thoughtseize, Thousand-Year Elixir, Ponder, Springleaf Drum, Mosswort Bridge"
Lotus Field Combo,Pioneer Challenger Deck,Other,Q06,2021-10-15,41.82,"Lotus Field, Thespian's Stage, Mastermind's Acquisition, Peer into the Abyss, Dig Through Time"
MSCHF,Secret Lair Drop,Other,SLD,2022-02-04,125.46,"Swords to Plowshares, Grim Tutor, Teferi's Puzzle Box, Blood Moon, Cut // Ribbons"
Magic 2010 Fat Pack Land Pack,Bundle Land Pack,Other,M10,2009-07-17,14.85,"Plains, Island, Swamp, Mountain, Swamp"
Magic 2010 Foil Redemption,MTGO Redemption,Other,M10,2009-08-16,1069.27,"Lurking Predators, Time Warp, Silence, Liliana Vess, Sphinx Ambassador"
Magic 2010 Redemption,MTGO Redemption,Other,M10,2009-08-16,1069.27,"Lurking Predators, Time Warp, Silence, Liliana Vess, Sphinx Ambassador"
Magic 2011 Fat Pack Land Pack,Bundle Land Pack,Other,M11,2010-07-16,29.99,"Plains, Plains, Island, Mountain, Forest"
Magic 2011 Foil Redemption,MTGO Redemption,Other,M11,2010-08-15,954.15,"Serra Ascendant, Primeval Titan, Voltaic Key, Goblin Chieftain, Preordain"
Magic 2011 Redemption,MTGO Redemption,Other,M11,2010-08-15,954.15,"Serra Ascendant, Primeval Titan, Voltaic Key, Goblin Chieftain, Preordain"
Magic 2012 Foil Redemption,MTGO Redemption,Other,M12,2011-08-14,797.77,"Grand Abolisher, Sorin Markov, Garruk, Primal Hunter, Angelic Destiny, Primordial Hydra"
Magic 2012 Redemption,MTGO Redemption,Other,M12,2011-08-14,797.77,"Grand Abolisher, Sorin Markov, Garruk, Primal Hunter, Angelic Destiny, Primordial Hydra"
Magic 2013 Foil Redemption,MTGO Redemption,Other,M13,2012-08-12,696.15,"Worldfire, Akroma's Memorial, Liliana of the Dark Realms, Vampire Nocturnus, Clock of Omens"
Magic 2013 Redemption,MTGO Redemption,Other,M13,2012-08-12,696.15,"Worldfire, Akroma's Memorial, Liliana of the Dark Realms, Vampire Nocturnus, Clock of Omens"
Magic 2014 Foil Redemption,MTGO Redemption,Other,M14,2013-08-18,660.7,"Archangel of Thune, Kalonian Hydra, Darksteel Forge, Dark Prophecy, Silence"
Magic 2014 Redemption,MTGO Redemption,Other,M14,2013-08-18,660.7,"Archangel of Thune, Kalonian Hydra, Darksteel Forge, Dark Prophecy, Silence"
Magic 2015 Foil Redemption,MTGO Redemption,Other,M15,2014-08-17,578.4,"Urborg, Tomb of Yawgmoth, Sliver Hivelord, Sliver Hive, The Chain Veil, Nissa, Worldwaker"
Magic 2015 Redemption,MTGO Redemption,Other,M15,2014-08-17,578.4,"Urborg, Tomb of Yawgmoth, Sliver Hivelord, Sliver Hive, The Chain Veil, Nissa, Worldwaker"
Magic Origins Foil Redemption,MTGO Redemption,Other,ORI,2015-08-16,514.67,"Starfield of Nyx, Alhammarret's Archive, Liliana, Heretical Healer // Liliana, Defiant Necromancer, Woodland Bellower, Elemental Bond"
Magic Origins Redemption,MTGO Redemption,Other,ORI,2015-08-16,514.67,"Starfield of Nyx, Alhammarret's Archive, Liliana, Heretical Healer // Liliana, Defiant Necromancer, Woodland Bellower, Elemental Bond"
Magic: The Baseballing,Secret Lair Drop,Other,SLD,2023-09-15,48.44,"Liliana Vess // Liliana Vess, Jace Beleren // Jace Beleren, Chandra Nalaar // Chandra Nalaar, Ajani Goldmane // Ajani Goldmane, Garruk Wildspeaker // Garruk Wildspeaker"
Magic: The Baseballing Foil Edition,Secret Lair Drop,Other,SLD,2023-09-15,48.44,"Liliana Vess // Liliana Vess, Jace Beleren // Jace Beleren, Chandra Nalaar // Chandra Nalaar, Ajani Goldmane // Ajani Goldmane, Garruk Wildspeaker // Garruk Wildspeaker"
MagicCon: the Gathering,Secret Lair Drop,Other,SLD,2025-08-18,40.97,"Sliver Legion, Pack Rat, Shared Summons, Sylvan Offering"
Mahō Gakuin Seishun Hakusho — 魔法学院青春白書,Secret Lair Drop,Other,SLD,2026-05-12,72.9,"Stinging Study, Time Stretch, Notion Thief, Rule of Law, Thought Scour"
Mahō Gakuin Seishun Hakusho — 魔法学院青春白書 Foil Edition,Secret Lair Drop,Other,SLD,2026-05-12,72.9,"Stinging Study, Time Stretch, Notion Thief, Rule of Law, Thought Scour"
Making Fetch Happen,Secret Lair Drop,Other,SLU,2020-05-29,214.26,"Scalding Tarn, Arid Mesa, Verdant Catacombs, Marsh Flats, Misty Rainforest"
Mana Ramp,Deck Builder's Toolkit,Other,ROE,2010-05-21,19.46,"Whispersilk Cloak, Explore, Howl of the Night Pack, Frontier Guide, Pelakka Wurm"
Mandurang,Shandalar Enemy Deck,Other,PAST,1997-04-01,344.65,"Mountain, Dancing Scimitar, Carrion Ants, Braingeyser, Blood Lust"
Manipulative Monstrosities,Intro Pack,Other,THS,2013-09-27,10.79,"Archaeomancer, Curse of the Swine, Wall of Frost, Island, Coral Merfolk"
Manuel Bevand - Myr Incubator Combo,World Championship Deck,Other,WC04,2004-09-01,90.92,"Chrome Mox, Krark-Clan Ironworks, Ancient Den, Darksteel Citadel, Fabricate"
Marauders 1,Jumpstart,Other,LTR,2023-06-23,2.06,"Assault on Osgiliath, Erebor Flamesmith, Grishnákh, Brash Instigator, Mountain, Gimli, Counter of Kills"
Marauders 2,Jumpstart,Other,LTR,2023-06-23,2.06,"Assault on Osgiliath, Erebor Flamesmith, Grishnákh, Brash Instigator, Smite the Deathless, Mountain"
March of the Machine Foil Redemption,MTGO Redemption,Other,MOM,2023-05-17,285.81,"Etali, Primal Conqueror // Etali, Primal Sickness, Urabrask // The Great Work, Sheoldred // The True Scriptures, Faerie Mastermind, Invasion of Ikoria // Zilortha, Apex of Ikoria"
March of the Machine Redemption,MTGO Redemption,Other,MOM,2023-05-17,285.81,"Etali, Primal Conqueror // Etali, Primal Sickness, Urabrask // The Great Work, Sheoldred // The True Scriptures, Faerie Mastermind, Invasion of Ikoria // Zilortha, Apex of Ikoria"
March of the Machine Welcome Booster,Welcome Booster,Other,MOM,2023-04-21,2.1,"Siege Rhino, Chandra, Heart of Fire, Defiant Bloodlord, Hellkite Punisher, Seraph of Dawn"
March of the Multitudes,Modern Event Deck,Other,MD1,2014-05-30,76.59,"Sword of Feast and Famine, City of Brass, Elspeth, Knight-Errant, Soul Warden, Path to Exile"
Mardu Raiders,Intro Pack,Other,KTK,2014-09-26,6.56,"Nomad Outpost, Gurmag Swiftwing, Crackling Doom, Mountain, Ankle Shanker"
"Mark Justice, Quarterfinalist",Pro Tour Deck,Other,PTC,1996-05-01,114.84,"Black Vise, Winter Orb, City of Brass, Lightning Bolt, Mishra's Factory"
Mark Le Pine - Sped Red,World Championship Deck,Other,WC99,1999-08-04,66.75,"Ancient Tomb, Wasteland, Cursed Scroll, Mountain, Mountain"
Martial Law,Theme Deck,Other,P02,1998-06-24,54.09,"Armageddon, Angel of Fury, Plains, Alaborn Veteran, Plains"
Marvel Super Heroes Bundle Land Pack,Bundle Land Pack,Other,MSH,2025-09-26,12.93,"Swamp, Island, Mountain, Plains, Mountain"
Marvel's Black Panther,Secret Lair Drop,Other,SLD,2024-11-05,64.93,"Black Panther, Wakandan King, Heroic Intervention, Primal Vigor, Karn's Bastion, Secure the Wastes"
Marvel's Black Panther Foil Edition,Secret Lair Drop,Other,SLD,2024-11-05,64.93,"Black Panther, Wakandan King, Heroic Intervention, Primal Vigor, Karn's Bastion, Secure the Wastes"
Marvel's Captain America,Secret Lair Drop,Other,SLD,2024-11-05,111.45,"Captain America, First Avenger, Flawless Maneuver, Sigarda's Aid, Sword of War and Peace, In the Trenches"
Marvel's Captain America Foil Edition,Secret Lair Drop,Other,SLD,2024-11-05,111.45,"Captain America, First Avenger, Flawless Maneuver, Sigarda's Aid, Sword of War and Peace, In the Trenches"
Marvel's Deadpool,Secret Lair Drop,Other,SLD,2025-04-02,55.76,"Deadly Rollick, Deadpool, Trading Card, Saw in Half, Blasphemous Act, Vandalblast"
Marvel's Deadpool Foil Edition,Secret Lair Drop,Other,SLD,2025-04-02,55.76,"Deadly Rollick, Deadpool, Trading Card, Saw in Half, Blasphemous Act, Vandalblast"
Marvel's Deadpool: I Fixed It (You're Welcome),Secret Lair Drop,Other,SLD,2026-04-06,19.08,"Sol Ring, Lightning Greaves, Lightning Bolt, Deadly Dispute, Thrill of Possibility"
Marvel's Deadpool: I Fixed It (You're Welcome) Foil Edition,Secret Lair Drop,Other,SLD,2026-04-06,19.08,"Sol Ring, Lightning Greaves, Lightning Bolt, Deadly Dispute, Thrill of Possibility"
Marvel's Deadpool: I Fixed It (You're Welcome) Pool Party Foil Edition,Secret Lair Drop,Other,SLD,2026-04-06,32.4,"Sol Ring, Lightning Greaves, Lightning Bolt, Deadly Dispute, Thrill of Possibility"
Marvel's Iron Man,Secret Lair Drop,Other,SLD,2024-11-05,102.39,"Commander's Plate, Iron Man, Titan of Innovation, Inventors' Fair, Sol Ring, Galvanic Blast"
Marvel's Iron Man Foil Edition,Secret Lair Drop,Other,SLD,2024-11-05,102.39,"Commander's Plate, Iron Man, Titan of Innovation, Inventors' Fair, Sol Ring, Galvanic Blast"
Marvel's Spider-Man: Daily Bugle Breaking News,Secret Lair Drop,Other,SLD,2025-09-30,31.32,"Scheming Symmetry, Blasphemous Act, Frantic Search, Impact Tremors, Fact or Fiction"
Marvel's Spider-Man: Daily Bugle Breaking News Foil Edition,Secret Lair Drop,Other,SLD,2025-09-30,31.32,"Scheming Symmetry, Blasphemous Act, Frantic Search, Impact Tremors, Fact or Fiction"
Marvel's Spider-Man: Heroic Deeds,Secret Lair Drop,Other,SLD,2025-09-30,53.15,"Three Visits, Sol Ring, Ephemerate, Lightning Greaves, Command Tower"
Marvel's Spider-Man: Heroic Deeds Foil Edition,Secret Lair Drop,Other,SLD,2025-09-30,53.15,"Three Visits, Sol Ring, Ephemerate, Lightning Greaves, Command Tower"
Marvel's Spider-Man: Mana Symbiote Raised Foil Edition,Secret Lair Drop,Other,SLD,2025-09-30,65.08,"Swamp, Mountain, Plains, Forest, Island"
Marvel's Spider-Man: Venom Unleashed (Colors),Secret Lair Drop,Other,SLD,2025-09-30,44.07,"Damnation, Dark Ritual, Peer into the Abyss, Surgical Extraction, Tendrils of Agony"
Marvel's Spider-Man: Venom Unleashed (Colors) Foil Edition,Secret Lair Drop,Other,SLD,2025-09-30,44.07,"Damnation, Dark Ritual, Peer into the Abyss, Surgical Extraction, Tendrils of Agony"
Marvel's Spider-Man: Venom Unleashed (Inks),Secret Lair Drop,Other,SLD,2025-09-30,32.96,"Damnation, Dark Ritual, Peer into the Abyss, Surgical Extraction, Tendrils of Agony"
Marvel's Spider-Man: Venom Unleashed (Inks) Foil Edition,Secret Lair Drop,Other,SLD,2025-09-30,32.96,"Damnation, Dark Ritual, Peer into the Abyss, Surgical Extraction, Tendrils of Agony"
Marvel's Spider-Man: Villainous Plots,Secret Lair Drop,Other,SLD,2025-09-30,37.55,"Sol Ring, Lightning Greaves, Go for the Throat, Deadly Dispute, Command Tower"
Marvel's Spider-Man: Villainous Plots Foil Edition,Secret Lair Drop,Other,SLD,2025-09-30,37.55,"Sol Ring, Lightning Greaves, Go for the Throat, Deadly Dispute, Command Tower"
Marvel's Storm,Secret Lair Drop,Other,SLD,2024-11-05,96.5,"Jeska's Will, Storm, Force of Nature, Manamorphose, Ice Storm, Lightning Bolt"
Marvel's Storm Foil Edition,Secret Lair Drop,Other,SLD,2024-11-05,96.5,"Jeska's Will, Storm, Force of Nature, Manamorphose, Ice Storm, Lightning Bolt"
Marvel's Wolverine,Secret Lair Drop,Other,SLD,2024-11-05,142.02,"The Ozolith, Wolverine, Best There Is, Rhythm of the Wild, Berserk, Rite of Passage"
Marvel's Wolverine Foil Edition,Secret Lair Drop,Other,SLD,2024-11-05,142.02,"The Ozolith, Wolverine, Best There Is, Rhythm of the Wild, Berserk, Rite of Passage"
Marvelous,Jumpstart,Other,MSH,2026-06-26,50.0,"Captain Marvel, Shooting Star, Quantum Entanglement, Photon, Lady of Light, Ms. Marvel, Elastic Ally, Marvel Boy, Noh-Varr"
Massed Ranks,Intro Pack,Other,DTK,2015-03-27,10.59,"Secure the Wastes, Inspiring Call, Plains, Forest, Enduring Scalelord"
Massive Menagerie,Arena Starter Deck,Other,M21,2021-07-03,25.05,"Serpent of Yawning Depths, Elder Gargaroth, Kogla, the Titan Ape, Ram Through, Cultivate"
Massive Might,Game Night Deck,Other,GN2,2019-11-15,8.45,"Voracious Hydra, Earthshaker Giant, Ripjaw Raptor, Ghalta, Primal Hunger, Leafkin Druid"
Master Blaster,Theme Deck,Other,DST,2004-02-06,105.98,"Great Furnace, Darksteel Citadel, Iron Myr, Pyrite Spellbomb, Molten Rain"
Math Is For Blockers,Secret Lair Drop,Other,SLD,2021-12-13,33.46,"Ohran Frostfang, Brazen Borrower // Petty Theft, Vindictive Lich, Thragtusk, Meandering Towershell"
Math Is For Blockers Foil Edition,Secret Lair Drop,Other,SLD,2021-12-13,33.46,"Ohran Frostfang, Brazen Borrower // Petty Theft, Vindictive Lich, Thragtusk, Meandering Towershell"
Matt Linde - Mono-Green Stompy,World Championship Deck,Other,WC99,1999-08-04,327.64,"Gaea's Cradle, Cursed Scroll, Forest, Rancor, Llanowar Elves"
Max Attax,Theme Deck,Other,SCG,2003-05-26,255.4,"Smother, Temple of the False God, Tranquil Thicket, Barren Moor, Swamp"
Mayhem,Jumpstart,Other,MSH,2026-06-26,4.83,"Green Goblin, Back for More, Daily Bugle Newspaper, Sadistic Slash, Rocket-Powered Goblin Glider, Alien Symbiosis"
Meditations on Nature,Secret Lair Drop,Other,SLD,2023-12-18,102.63,"Plains, Mountain, Island, Forest, Swamp"
Meditations on Nature Foil Edition,Secret Lair Drop,Other,SLD,2023-11-30,102.63,"Plains, Mountain, Island, Forest, Swamp"
Mercenaries,Theme Deck,Other,NEM,2000-02-14,515.05,"Dark Ritual, Massacre, Cateran Summons, Haunted Crossroads, Belbe's Portal"
Mercenaries - Enhanced Deck,Enhanced Deck,Other,NEM,2000-02-14,689.26,"Dark Ritual, Yawgmoth's Will, Cateran Summons, Contamination, Silent Assassin"
Merfolk,Duel Deck,Other,DDT,2017-11-10,11.65,"Misdirection, Master of the Pearl Trident, Merrow Reejerey, Engulf the Shore, Master of Waves"
Merfolk 1,Jumpstart,Other,J22,2022-12-02,0.0,"Seafloor Oracle, Triton Shorestalker, Merrow Reejerey, Sage of the Falls, River Sneak"
Merfolk 2,Jumpstart,Other,J22,2022-12-02,0.0,"Svyelun of Sea and Sky, Triton Shorestalker, Merrow Reejerey, Merfolk Pupil, River Sneak"
Merfolk 3,Jumpstart,Other,J22,2022-12-02,0.0,"Triton Shorestalker, Harbinger of the Tides, Merrow Reejerey, Stonybrook Angler, Fallowsage"
Merfolk 4,Jumpstart,Other,J22,2022-12-02,0.0,"Merfolk Sovereign, Triton Shorestalker, Merrow Reejerey, River Sneak, Aquatic Incursion"
Merfolk Shaman,Shandalar Enemy Deck,Other,PAST,1997-04-01,72.05,"Island Fish Jasconius, Lord of Atlantis, Unstable Mutation, Magical Hack, Segovian Leviathan"
Merrow Riverways,Theme Deck,Other,LRW,2007-10-12,390.83,"Ponder, Springleaf Drum, Wanderwine Prophets, Merrow Commerce, Merrow Reejerey"
Metalcraft,Deck Builder's Toolkit,Other,MBS,2011-03-11,75.5,"Voltaic Key, Palladium Myr, Golem Foundry, Darksteel Myr, Myr Sire"
Metallic Dreams,Planechase Deck,Other,HOP,2009-09-04,86.66,"Darksteel Forge, Fabricate, Great Furnace, Vault of Whispers, Arcbound Crusher"
"Michael Loconto, Champion",Pro Tour Deck,Other,PTC,1996-05-01,104.9,"Land Tax, Strip Mine, Island, Adarkar Wastes, Island"
Michealangelo,Theme Deck,Other,TMT,2026-03-06,7.68,"Mona Lisa, Ever Adaptable, Michelangelo, On the Scene, Michelangelo, Mutant BFF, Mikey & Mona, Mutant Sitters, Study the Classics"
Might,Duel Deck,Other,DDS,2017-03-31,30.72,"Coat of Arms, Zo-Zu the Punisher, Guttural Response, Lovisa Coldeyes, Rampant Growth"
Migraine,Theme Deck,Other,STH,1998-03-02,31.42,"Ensnaring Bridge, Bottomless Pit, Dark Ritual, Megrim, Portcullis"
Migraine - Advanced Deck,Advanced Deck,Other,STH,1998-03-02,220.73,"Vampiric Tutor, Wasteland, Anvil of Bogardan, Ensnaring Bridge, Bottomless Pit"
Milling,Jumpstart,Other,JMP,2020-07-17,41.87,"Bruvac the Grandiloquent, Capture Sphere, Thought Scour, Teferi's Tutelage, Island"
Mind,Duel Deck,Other,DDS,2017-03-31,16.34,"Desperate Ritual, Snap, Beacon of Tomorrows, Deep-Sea Kraken, Jori En, Ruin Diver"
Mind Stealer,Shandalar Enemy Deck,Other,PAST,1997-04-01,135.93,"Junún Efreet, Sindbad, Fellwar Stone, Mind Twist, Animate Dead"
Mind Swarm,Theme Deck,Other,DST,2004-02-06,117.87,"Vault of Whispers, Geth's Grimoire, Leaden Myr, Skeleton Shard, Chittering Rats"
Mind of the Void,Theme Deck,Other,PS11,2011-01-01,0.0,"Island, Island, Island, Island, Plains"
Minions (1),Jumpstart,Other,JMP,2020-07-17,0.0,"Swamp, Innocent Blood, Village Rites, Goremand, Kels, Fight Fixer"
Minions (2),Jumpstart,Other,JMP,2020-07-17,0.0,"Swamp, Village Rites, Goremand, Kels, Fight Fixer, Crypt Lurker"
Minions (3),Jumpstart,Other,JMP,2020-07-17,26.43,"Phyrexian Tower, Swamp, Village Rites, Goremand, Crypt Lurker"
Minions (4),Jumpstart,Other,JMP,2020-07-17,3.65,"Ghoulcaller Gisa, Swamp, Innocent Blood, Village Rites, Goremand"
Minotaurs (1),Jumpstart,Other,JMP,2020-07-17,5.07,"Herald's Horn, Sethron, Hurloon General, Minotaur Skullcleaver, Mountain, Soul Sear"
Minotaurs (2),Jumpstart,Other,JMP,2020-07-17,1.68,"Unleash Fury, Traitorous Greed, Sethron, Hurloon General, Rageblood Shaman, Minotaur Skullcleaver"
Mirrodin Besieged Foil Redemption,MTGO Redemption,Other,MBS,2011-03-06,873.91,"Blightsteel Colossus, Consecrated Sphinx, Green Sun's Zenith, Sword of Feast and Famine, Inkmoth Nexus"
Mirrodin Besieged Redemption,MTGO Redemption,Other,MBS,2011-03-06,873.91,"Blightsteel Colossus, Consecrated Sphinx, Green Sun's Zenith, Sword of Feast and Famine, Inkmoth Nexus"
Mirrodin Foil Redemption,MTGO Redemption,Other,MRD,2003-11-01,3075.83,"Chrome Mox, Sword of Kaldra, Quicksilver Elemental, Chalice of the Void, Confusion in the Ranks"
Mirrodin Pure,MTGO Duel Deck,Other,TD2,2013-01-11,0.0,"Platinum Angel, Ardent Recruit, Argent Sphinx, Darksteel Gargoyle, Darksteel Sentinel"
Mirrodin Redemption,MTGO Redemption,Other,MRD,2003-11-01,3075.83,"Chrome Mox, Sword of Kaldra, Quicksilver Elemental, Chalice of the Void, Confusion in the Ranks"
Mirrodinsanity,Secret Lair Drop,Other,SLD,2022-01-28,164.79,"Seat of the Synod, Great Furnace, Vault of Whispers, Ancient Den, Tree of Tales"
Mirrodinsanity Foil Edition,Secret Lair Drop,Other,SLD,2022-01-28,164.79,"Seat of the Synod, Great Furnace, Vault of Whispers, Ancient Den, Tree of Tales"
Mirromancy,Intro Pack,Other,MBS,2011-02-04,70.22,"Preordain, Silver Myr, Iron Myr, Lightning Bolt, Red Sun's Zenith"
Mite-y 1,Jumpstart,Other,ONE,2023-02-10,0.0,"Mite Overseer, Planar Disruption, Annex Sentry, Basilica Shepherd, Infested Fleshcutter"
Mite-y 2,Jumpstart,Other,ONE,2023-02-10,0.0,"Mite Overseer, Ossification, Crawling Chorus, The Fair Basilica, Plains"
Mob Rule,Intro Pack,Other,M13,2012-07-13,22.7,"Fervor, Ring of Valkas, Krenko, Mob Boss, Krenko's Command, Forest"
Modern Horizons 3 Bundle Land Pack,Bundle Land Pack,Other,MH3,2024-06-14,0.0,"Forest, Forest, Island, Island, Swamp"
Modified,Jumpstart,Other,J25,2024-11-07,16.81,"Kodama of the West Tree, Audacity, Gnarlid Colony, Cave of Temptation, Saurian Symbiote"
Molimo's Might,Theme Deck,Other,10E,2007-07-13,41.11,"Hurricane, Rampant Growth, Molimo, Maro-Sorcerer, Forest, Blanchwood Armor"
Mono Black,Arena Starter Kit,Other,M21,2020-07-03,12.28,"Demon of Loathing, Peer into the Abyss, Serrated Scorpion, Demonic Embrace, Swamp"
Mono Black Amazon,Arena Starter Kit,Other,M21,2020-07-03,12.28,"Demon of Loathing, Peer into the Abyss, Serrated Scorpion, Demonic Embrace, Swamp"
Mono Green,Arena Starter Kit,Other,M21,2020-07-03,8.37,"Ironscale Hydra, Ram Through, Colossification, Llanowar Visionary, Hyrax Tower Scout"
Mono Green Amazon,Arena Starter Kit,Other,M21,2020-07-03,8.37,"Ironscale Hydra, Ram Through, Colossification, Llanowar Visionary, Hyrax Tower Scout"
Mono White Aggro,Challenger Deck,Other,Q07,2022-04-01,4.29,"Paladin Class, Luminarch Aspirant, Intrepid Adversary, Thalia, Guardian of Thraben, Reidane, God of the Worthy // Valkmira, Protector's Shield"
Mono-Green Stompy,Challenger Deck,Other,Q05,2021-04-02,15.26,"Gemrazer, Turntimber Symbiosis // Turntimber, Serpentine Wood, Ram Through, Stonecoil Serpent, Garruk, Unleashed"
Mono-Red Aggro,Challenger Deck,Other,Q05,2021-04-02,29.39,"Embercleave, Shatterskull Smashing // Shatterskull, the Hammer Pass, Torbran, Thane of Red Fell, Mountain, Castle Embereth"
Mono-Red Burn,Pioneer Challenger Deck,Other,Q06,2021-10-15,20.38,"Monastery Swiftspear, Ramunap Ruins, Soul-Scar Mage, Wizard's Lightning, Lightning Strike"
Monster Anatomy 101,Secret Lair Drop,Other,SLD,2022-01-28,124.81,"Gishath, Sun's Avatar, Goblin Trashmaster, Ilharg, the Raze-Boar, Protean Hulk, Fleet Swallower"
Monster Anatomy 101 Foil Etched Edition,Secret Lair Drop,Other,SLD,2022-01-28,124.81,"Gishath, Sun's Avatar, Goblin Trashmaster, Ilharg, the Raze-Boar, Protean Hulk, Fleet Swallower"
Monster Movie Marathon,Secret Lair Drop,Other,SLD,2022-01-28,99.38,"Blasphemous Act, Beast Within, Grafdigger's Cage, Dismember"
Monster Movie Marathon Foil Edition,Secret Lair Drop,Other,SLD,2022-01-28,99.38,"Blasphemous Act, Beast Within, Grafdigger's Cage, Dismember"
Monster Territory,Jumpstart,Other,DMU,2022-09-09,1.88,"Forest, Briar Hydra, The Weatherseed Treaty, Haunted Mire, Wooded Ridgeline"
Monsters,Duel Deck,Other,DDL,2013-09-06,2.72,"Skarrg, the Rage Pits, Orcish Lumberjack, Polukranos, World Eater, Beast Within, Fires of Yavimaya"
Monstrous Magazines,Secret Lair Drop,Other,SLD,2024-10-01,38.54,"Koma, Cosmos Serpent, Doom Whisperer, Mazirek, Kraul Death Priest, Ravenous Chupacabra, Uril, the Miststalker"
Monstrous Magazines Foil Edition,Secret Lair Drop,Other,SLD,2024-10-01,38.54,"Koma, Cosmos Serpent, Doom Whisperer, Mazirek, Kraul Death Priest, Ravenous Chupacabra, Uril, the Miststalker"
Monstrous Surprise,Intro Pack,Other,DKA,2012-02-03,23.24,"Rampant Growth, Pyreheart Wolf, Strangleroot Geist, Overrun, Forest"
Monty Python and the Holy Grail: Vol. 1,Secret Lair Drop,Other,SLD,2024-07-30,184.76,"Birds of Paradise // Birds of Paradise, Three Visits, Dismember, Buried Alive, Prodigal Sorcerer"
Monty Python and the Holy Grail: Vol. 1 Foil Edition,Secret Lair Drop,Other,SLD,2024-07-30,184.76,"Birds of Paradise // Birds of Paradise, Three Visits, Dismember, Buried Alive, Prodigal Sorcerer"
Monty Python and the Holy Grail: Vol. 2,Secret Lair Drop,Other,SLD,2024-07-30,78.39,"Ashnod's Altar, Door to Nothingness, Dark Depths"
Monty Python and the Holy Grail: Vol. 2 Foil Edition,Secret Lair Drop,Other,SLD,2024-07-30,78.39,"Ashnod's Altar, Door to Nothingness, Dark Depths"
Morbid 1,Jumpstart,Other,J22,2022-12-02,9.57,"Spawning Pit, Tragic Slip, Reaper from the Abyss, Village Rites, Mortuary Mire"
Morbid 2,Jumpstart,Other,J22,2022-12-02,3.05,"Tragic Slip, Reassembling Skeleton, Vampiric Rites, Skirsdag High Priest, Village Rites"
Mordor 1,Jumpstart,Other,LTR,2023-06-23,39.93,"Nazgûl, Ringwraiths, Claim the Precious, Swamp, Gollum, Patient Plotter"
Mordor 2,Jumpstart,Other,LTR,2023-06-23,6.13,"Ringwraiths, Orcish Medicine, Swamp, Gollum, Patient Plotter, Gothmog, Morgul Lieutenant"
Mordor: Black-Red,Starter Kit,Other,LTR,2023-06-23,25.57,"Witch-king, Bringer of Ruin, Sauron, the Lidless Eye, Fires of Mount Doom, Gollum, Scheming Guide, Cast into the Fire"
More Adventures in Middle-earth,Secret Lair Drop,Other,SLD,2023-08-29,71.3,"Gandalf, Friend of the Shire, Shire Terrace, Mirror of Galadriel, Slip On the Ring"
More Adventures in Middle-earth Foil Edition,Secret Lair Drop,Other,SLD,2023-08-29,71.3,"Gandalf, Friend of the Shire, Shire Terrace, Mirror of Galadriel, Slip On the Ring"
More Borderless Planeswalkers,Secret Lair Drop,Other,SLD,2023-03-17,33.12,"Nicol Bolas, Dragon-God, Ugin, the Ineffable, Sorin, Imperious Bloodlord, Sarkhan, Dragonsoul"
Morningtide Foil Redemption,MTGO Redemption,Other,MOR,2008-03-02,2029.37,"Scapeshift, Bitterblossom, Lightning Crafter, Idyllic Tutor, Maralen of the Mornsong"
Morningtide Redemption,MTGO Redemption,Other,MOR,2008-03-02,2029.37,"Scapeshift, Bitterblossom, Lightning Crafter, Idyllic Tutor, Maralen of the Mornsong"
Morph Mayhem,Theme Deck,Other,LGN,2003-02-03,159.4,"Lonely Sandbar, Secluded Steppe, Whipcorder, Chromeshell Crab, Island"
Mortal Coil,Theme Deck,Other,SHM,2008-05-02,331.1,"Faerie Macabre, Helm of the Ghastlord, Fate Transfer, Swamp, Wingrattle Scarecrow"
Mortals 1,Jumpstart,Other,LTR,2023-11-03,1.07,"Eagle of Deliverance, Barrow-Blade, Plains, Éowyn, Lady of Rohan, Faramir, Field Commander"
Mortals 2,Jumpstart,Other,LTR,2023-11-03,2.97,"Reprieve, Eagle of Deliverance, Inherited Envelope, Samwise the Stouthearted, Plains"
Mortals of Myth,Intro Pack,Other,JOU,2014-05-02,19.23,"Solidarity of Heroes, Spear of Heliod, Raised by Wolves, Forest, Vanguard of Brimaz"
Mother's Day 2021,Secret Lair Drop,Other,SLD,2021-10-29,74.62,"Mother of Runes, Mother of Runes, Mother of Runes, Mother of Runes"
Mother's Day 2021 Foil Edition,Secret Lair Drop,Other,SLD,2021-10-29,74.62,"Mother of Runes, Mother of Runes, Mother of Runes, Mother of Runes"
"Mountain, Go",Secret Lair Drop,Other,SLD,2020-06-08,22.82,"Lightning Bolt, Lightning Bolt, Lightning Bolt, Lightning Bolt"
Mu Yanling,Planeswalker Deck,Other,GS1,2018-06-22,11.58,"Mu Yanling, Island, Ancestor Dragon, Plains, Cloak of Mists"
"Mu Yanling, Celestial Wind",Planeswalker Deck,Other,M20,2019-07-29,4.88,"Spectral Sailor, Mu Yanling, Celestial Wind, Winged Words, Island, Warden of Evos Isle"
Multi-Headed 1,Jumpstart,Other,J22,2022-12-02,13.55,"Benevolent Hydra, Hydra's Growth, Domesticated Hydra, Feral Hydra, Clockwork Hydra"
Multi-Headed 2,Jumpstart,Other,J22,2022-12-02,27.56,"Primordial Hydra, Benevolent Hydra, Hydra's Growth, Domesticated Hydra, Clockwork Hydra"
Murders at Karlov Manor Bundle Land Pack,Bundle Land Pack,Other,MKM,2024-02-09,0.0,"Island, Island, Plains, Plains, Swamp"
Murders at Karlov Manor Foil Redemption,MTGO Redemption,Other,MKM,2024-03-06,255.37,"Delney, Streetwise Lookout, Undercity Sewers, Thundering Falls, Underground Mortuary, Meticulous Archive"
Murders at Karlov Manor Redemption,MTGO Redemption,Other,MKM,2024-03-06,255.37,"Delney, Streetwise Lookout, Undercity Sewers, Thundering Falls, Underground Mortuary, Meticulous Archive"
Musicians,Jumpstart,Other,TLE,2025-11-20,4.83,"Secret Tunnel, Thriving Bluff, Freedom Fighter Recruit, Founding of Omashu, Chong and Lily, Nomads"
Mutation Station,Arena Starter Deck,Other,M21,2021-07-03,12.43,"Massacre Wurm, Sea-Dasher Octopus, Unexpected Fangs, Dirge Bat, Swamp"
My Little Pony: Friendship is Magic,Secret Lair Drop,Other,SLD,2026-05-12,70.73,"Defense of the Heart, Sol Ring, Arcane Signet, Radiate, Generous Gift"
My Little Pony: Friendship is Magic Foil Edition,Secret Lair Drop,Other,SLD,2026-05-12,70.73,"Defense of the Heart, Sol Ring, Arcane Signet, Radiate, Generous Gift"
My Little Pony: The Lands of Equestria,Secret Lair Drop,Other,SLD,2026-05-12,28.22,"Plains, Swamp, Forest, Island, Mountain"
My Little Pony: The Lands of Equestria Foil Edition,Secret Lair Drop,Other,SLD,2026-05-12,28.22,"Plains, Swamp, Forest, Island, Mountain"
Mycosynthwave,Secret Lair Drop,Other,SLD,2023-12-05,124.28,"Mycosynth Lattice, Mycosynth Golem, Mycosynth Wellspring"
Mycosynthwave Foil Edition,Secret Lair Drop,Other,SLD,2023-12-05,102.63,"Mycosynth Lattice, Mycosynth Golem, Mycosynth Wellspring"
Myr of Mirrodin,Intro Pack,Other,SOM,2010-10-01,62.34,"Palladium Myr, Myr Battlesphere, Gold Myr, Myr Galvanizer, Darksteel Myr"
Mysterious Realms,Intro Pack,Other,WWK,2010-02-05,74.01,"Walking Atlas, Halimar Depths, Telepathy, Tideforce Elemental, Seer's Sundial"
Mystic Mischief,Jumpstart,Other,DMU,2022-09-09,2.24,"Island, Cosmic Epiphany, Founding the Third Path, Tolarian Terror, Ertai's Scorn"
Mystical Might,Intro Pack,Other,M12,2011-07-15,23.61,"Elixir of Immortality, Lord of the Unreal, Levitation, Phantasmal Dragon, Skywinder Drake"
Nature Is Adorable,Secret Lair Drop,Other,SLD,2023-04-28,52.13,"Ulvenwald Tracker, Joraga Treespeaker, Yeva, Nature's Herald, Nature's Will"
Nature Is Adorable Foil Edition,Secret Lair Drop,Other,SLD,2023-04-28,52.13,"Ulvenwald Tracker, Joraga Treespeaker, Yeva, Nature's Herald, Nature's Will"
Nature's Assault,Theme Deck,Other,P02,1998-06-24,17.36,"River Bear, Alluring Scent, Golden Bear, Forest, Sylvan Basilisk"
Nature's Fury,Intro Pack,Other,M10,2009-07-17,13.81,"Plains, Llanowar Elves, Harm's Way, Plains, Awakener Druid"
Naya Behemoths,Intro Pack,Other,ALA,2008-10-03,60.86,"Rampant Growth, Titanic Ultimatum, Jungle Shrine, Forest, Wild Nacatl"
Naya Domain,Intro Pack,Other,CON,2009-02-06,64.16,"Rampant Growth, Paleoloth, Terramorphic Expanse, Path to Exile, Swamp"
Ne'er-do-wells (1),Jumpstart,Other,J25,2024-11-07,21.49,"Rev, Tithe Extractor, Murder, Midnight Assassin, Thieves' Tools, Fake Your Own Death"
Ne'er-do-wells (2),Jumpstart,Other,J25,2024-11-07,21.49,"Rev, Tithe Extractor, Thieves' Tools, Fake Your Own Death, Audacious Thief, Balustrade Spy"
Necromancer,Shandalar Enemy Deck,Other,PAST,1997-04-01,42.1,"Cosmic Horror, Bad Moon, Animate Dead, Zombie Master, Dark Ritual"
Nefarious,Jumpstart,Other,J25,2024-11-07,12.0,"Vilis, Broker of Blood, Dark Confidant, Infernal Grasp, Read the Bones, Alchemist's Gift"
Nether Fiend,Shandalar Enemy Deck,Other,PAST,1997-04-01,195.58,"Mishra's Factory, Junún Efreet, Animate Dead, Xenic Poltergeist, Lord of the Pit"
New Phyrexia,MTGO Duel Deck,Other,TD2,2013-01-11,0.0,"Phyrexian Plaguelord, Desecration Elemental, Drooling Groodion, Flesh-Eater Imp, Fume Spitter"
New Phyrexia Foil Redemption,MTGO Redemption,Other,NPH,2011-06-12,1744.36,"Mental Misstep, Elesh Norn, Grand Cenobite, Noxious Revival, Praetor's Grasp, Unwinding Clock"
New Phyrexia Redemption,MTGO Redemption,Other,NPH,2011-06-12,1744.36,"Mental Misstep, Elesh Norn, Grand Cenobite, Noxious Revival, Praetor's Grasp, Unwinding Clock"
Nicol Bolas,Duel Deck,Other,DDH,2011-09-02,9.84,"Undermine, Nicol Bolas, Planeswalker, Countersquall, Blazing Specter, Nightscape Familiar"
"Nicol Bolas, the Deceiver",Planeswalker Deck,Other,HOU,2017-07-14,23.44,"Throne of the God-Pharaoh, Nicol Bolas, the Deceiver, Ammit Eternal, Crypt of the Eternals, Supernatural Stamina"
Nicolas Labarre - Chimera,World Championship Deck,Other,WC00,2000-08-02,184.11,"Yawgmoth's Will, Phyrexian Tower, Academy Rector, Enlightened Tutor, City of Brass"
Night Of The Ninja,Planechase Deck,Other,PC2,2012-06-01,98.81,"Sakashima's Student, Higure, the Still Wind, Ink-Eyes, Servant of Oni, Silent-Blade Oni, Mistblade Shinobi"
Night Terrors,MTGO Theme Deck,Other,MIR,2006-12-05,121.98,"Shallow Grave, Withering Boon, Spirit of the Night, Charcoal Diamond, Swamp"
Nightmares,Jumpstart,Other,TLE,2025-11-20,2.83,"Desperate Plea, Koh, the Face Stealer, Thriving Moor, Hei Bai, Spirit of Balance, Swamp"
Ninjas,Theme Deck,Other,PSAL,2005-08-01,0.0,"Island, Island, Island, Island, Island"
Ninjutsu,Theme Deck,Other,BOK,2005-02-04,195.52,"Higure, the Still Wind, Mistblade Shinobi, Ninja of the Deep Hours, Walker of Secret Ways, Tomorrow, Azami's Familiar"
Ninth Edition Fat Pack Land Pack,Bundle Land Pack,Other,9ED,2005-07-29,23.14,"Mountain, Island, Forest, Forest, Mountain"
Ninth Edition Foil Redemption,MTGO Redemption,Other,9ED,2005-08-28,2436.28,"Fellwar Stone, Grave Pact, Biorhythm, Rathi Dragon, Elvish Champion"
Ninth Edition Redemption,MTGO Redemption,Other,9ED,2005-08-28,2436.28,"Fellwar Stone, Grave Pact, Biorhythm, Rathi Dragon, Elvish Champion"
Nissa,Duel Deck,Other,DDR,2016-09-02,9.63,"Crop Rotation, Nissa, Voice of Zendikar, Khalni Garden, Abundance, Oran-Rief Hydra"
"Nissa, Genesis Mage",Planeswalker Deck,Other,HOU,2017-07-14,1.39,"Nissa, Genesis Mage, Forest, Spring // Mind, Island, Reason // Believe"
"Nissa, Nature's Artisan",Planeswalker Deck,Other,KLD,2016-09-30,4.04,"Servant of the Conduit, Nissa, Nature's Artisan, Aethersquall Ancient, Longtusk Cub, Attune with Aether"
Notebook Genius,Secret Lair Drop,Other,SLD,2026-05-12,53.43,"Storm-Kiln Artist, Bloodghast, Lier, Disciple of the Drowned, Anhelo, the Painter"
Notebook Genius Foil Edition,Secret Lair Drop,Other,SLD,2026-05-12,53.43,"Storm-Kiln Artist, Bloodghast, Lier, Disciple of the Drowned, Anhelo, the Painter"
Now on VHS!,Secret Lair Drop,Other,SLD,2023-09-15,145.62,"The First Sliver, Food Chain, Rewind, Rampant Growth"
Now on VHS! Foil Edition,Secret Lair Drop,Other,SLD,2023-09-15,145.62,"The First Sliver, Food Chain, Rewind, Rampant Growth"
Nuestra Magia,Secret Lair Drop,Other,SLD,2025-06-17,88.79,"Sylvan Library, Ancient Greenwarden, Lightning Greaves, Tireless Provisioner, Xenagos, God of Revels"
Nuestra Magia Foil Edition,Secret Lair Drop,Other,SLD,2025-06-17,88.79,"Sylvan Library, Ancient Greenwarden, Lightning Greaves, Tireless Provisioner, Xenagos, God of Revels"
Nuts and Bolts,Theme Deck,Other,5DN,2004-06-04,364.74,"Skullclamp, Seat of the Synod, Steelshaper's Gift, Ancient Den, Aether Spellbomb"
OMG KITTIES!,Secret Lair Drop,Other,SLD,2019-12-09,144.55,"Arahbo, Roar of the World, Leonin Warleader, Mirri, Weatherlight Duelist, Qasali Slingers, Regal Caracal"
Oath of the Gatewatch Foil Redemption,MTGO Redemption,Other,OGW,2016-02-21,214.54,"Mirrorpool, General Tazri, Kalitas, Traitor of Ghet, Kozilek's Return, Kozilek, the Great Distortion"
Oath of the Gatewatch Redemption,MTGO Redemption,Other,OGW,2016-02-21,214.54,"Mirrorpool, General Tazri, Kalitas, Traitor of Ghet, Kozilek's Return, Kozilek, the Great Distortion"
Ob Nixilis,Duel Deck,Other,DDR,2016-09-02,0.0,"Ob Nixilis Reignited, Leechridden Swamp, Pestilence Demon, Indulgent Tormentor, Innocent Blood"
Odyssey Foil Redemption,MTGO Redemption,Other,ODY,2001-10-31,7096.03,"Entomb, Tainted Pact, Tarnished Citadel, Shadowmage Infiltrator, Terravore"
Odyssey Redemption,MTGO Redemption,Other,ODY,2001-10-31,7096.03,"Entomb, Tainted Pact, Tarnished Citadel, Shadowmage Infiltrator, Terravore"
Of the Coast (1),Jumpstart,Other,J25,2024-11-07,1.14,"Plagon, Lord of the Beach, Omen of the Sea, Purple-Crystal Crab, Delightful Discovery, Sigiled Starfish"
Of the Coast (2),Jumpstart,Other,J25,2024-11-07,1.14,"Plagon, Lord of the Beach, Shipwreck Dowser, Delightful Discovery, Sigiled Starfish, Lonely Sandbar"
Oishii! Tokens オイシイ！ トークン,Secret Lair Drop,Other,SLD,2025-03-27,0.0,
Oishii! Tokens オイシイ！ トークン Foil Edition,Secret Lair Drop,Other,SLD,2025-03-27,0.0,
"Oko, the Trickster",Planeswalker Deck,Other,ELD,2019-10-04,5.16,"Return of the Wildspeaker, Oko, the Trickster, Maraleaf Pixie, Keeper of Fables, Frogify"
Omens of Chaos,Secret Lair Drop,Other,SLD,2026-05-12,99.92,"Batwing Brume, Abrupt Decay, Chance for Glory, Counterflux, Growth Spiral"
Omens of Chaos Foil Edition,Secret Lair Drop,Other,SLD,2026-05-12,99.92,"Batwing Brume, Abrupt Decay, Chance for Glory, Counterflux, Growth Spiral"
On the Hunt,Arena Starter Deck,Other,SNC,2022-09-09,16.04,"Arlinn, the Pack's Hope // Arlinn, the Moon's Fury, Rockfall Vale, Tovolar, Dire Overlord // Tovolar, the Midnight Scourge, Howling Moon, Halana and Alena, Partners"
One-Two Punch,Theme Deck,Other,ODY,2001-10-01,383.57,"Roar of the Wurm, Seize the Day, Moment's Peace, Forest, Volcanic Spray"
Onslaught Foil Redemption,MTGO Redemption,Other,ONS,2002-11-06,9667.83,"Polluted Delta, Flooded Strand, Wooded Foothills, Bloodstained Mire, Windswept Heath"
Onslaught Redemption,MTGO Redemption,Other,ONS,2002-11-06,9688.89,"Polluted Delta, Flooded Strand, Wooded Foothills, Bloodstained Mire, Windswept Heath"
Orc Attack,MTGO Theme Deck,Other,ME2,2008-09-22,0.0,"Mountain, Mountain, Mountain, Mishra's Factory, Gorilla Shaman"
Orcish 1,Jumpstart,Other,LTR,2023-11-03,19.22,"Warg Rider, Mirkwood Bats, Orcish Medicine, Swamp, Gorbag of Minas Morgul"
Orcish 2,Jumpstart,Other,LTR,2023-11-03,18.44,"Warg Rider, March from the Black Gate, Swamp, Gorbag of Minas Morgul, Gothmog, Morgul Lieutenant"
Ornithological Studies,Secret Lair Drop,Other,SLD,2020-06-09,51.47,"Swan Song, Birds of Paradise, Dovescape, Baleful Strix, Gilded Goose"
Orzhov,Guild Kit,Other,GK2,2019-02-15,67.49,"Smothering Tithe, Teysa Karlov, Teysa, Orzhov Scion, Ethereal Absolution, Vindictive Vampire"
Orzhov Auras,Pioneer Challenger Deck,Other,Q06,2021-10-15,16.18,"Sram, Senior Edificer, Cartouche of Solidarity, Concealed Courtyard, Caves of Koilos, Stonecoil Serpent"
Orzhov Humans,Pioneer Challenger Deck,Other,Q08,2022-11-04,31.79,"Godless Shrine, Thalia's Lieutenant, Mutavault, Concealed Courtyard, Bloodsoaked Champion"
Orzhov Oppression,Intro Pack,Other,GTC,2013-02-01,23.51,"Gift of Orzhova, Tormented Soul, Vizkopa Guildmage, Basilica Screecher, Dying Wish"
Orzhov Power,Intro Pack,Other,DGM,2013-05-03,40.51,"Crypt Ghast, Gift of Orzhova, Crypt Incursion, Basilica Screecher, Riot Control"
Orzhov Syndicate,Arena Starter Deck,Other,M20,2019-05-03,46.84,"Godless Shrine, Cruel Celebrant, Teysa Karlov, Priest of Forgotten Gods, Seraph of the Scales"
Orzhov Syndicate 1,Jumpstart,Other,CLU,2024-02-23,9.43,"Afterlife Insurance, Council's Judgment, Syndicate Heavy, Angel of Vitality, Glorifier of Dusk"
Orzhov Syndicate 2,Jumpstart,Other,CLU,2024-02-23,9.43,"Afterlife Insurance, Covetous Elegy, Seraph of the Scales, Orzhov Signet, Murder"
Otter Limits,Starter Kit,Other,BLB,2024-08-02,46.62,"Bria, Riptide Rogue, Mockingbird, Coruscation Mage, Sword of Vengeance, Stormcatch Mentor"
"Our Show Is On Friday, Can You Make It?",Secret Lair Drop,Other,SLD,2021-08-25,96.19,"Gamble, Nature's Lore, Wrath of God, Preordain, Decree of Pain"
Out for Blood,Arena Starter Deck,Other,ANB,2019-09-26,39.29,"Bolas's Citadel, Vampire of the Dire Moon, Knight of the Ebon Legion, Bloodthirsty Aerialist, Vindictive Vampire"
Out for Blood 2,Arena Starter Deck,Other,ANB,2020-03-12,20.41,"Vampire of the Dire Moon, Knight of the Ebon Legion, Piper of the Swarm, Bloodthirsty Aerialist, Vindictive Vampire"
Outlaw Anthology Vol. 1: Rebellious Renegades,Secret Lair Drop,Other,SLD,2024-05-30,55.84,"Tezzeret the Seeker, Griselbrand, Nicol Bolas, Planeswalker, Grenzo, Havoc Raiser"
Outlaw Anthology Vol. 1: Rebellious Renegades Foil Edition,Secret Lair Drop,Other,SLD,2024-05-30,55.84,"Tezzeret the Seeker, Griselbrand, Nicol Bolas, Planeswalker, Grenzo, Havoc Raiser"
Outlaw Anthology Vol. 2: Sinister Scoundrels,Secret Lair Drop,Other,SLD,2024-05-30,56.1,"Vorinclex, Voice of Hunger, Korvold, Fae-Cursed King, Memnarch, Karona, False God"
Outlaw Anthology Vol. 2: Sinister Scoundrels Foil Edition,Secret Lair Drop,Other,SLD,2024-05-30,56.1,"Vorinclex, Voice of Hunger, Korvold, Fae-Cursed King, Memnarch, Karona, False God"
Outlaw Posse,Arena Starter Deck,Other,OTJ,2024-07-08,19.25,"Raucous Theater, Tinybones, the Pickpocket, Charming Scoundrel, Magda, the Hoardmaster, Greedy Freebooter"
Outlaws of Thunder Junction Bundle Land Pack,Bundle Land Pack,Other,OTJ,2024-04-19,0.0,"Mountain, Mountain, Swamp, Swamp, Forest"
Outlaws of Thunder Junction Foil Redemption,MTGO Redemption,Other,OTJ,2024-05-15,210.58,"Bristly Bill, Spine Sower, Terror of the Peaks, Goldvein Hydra, Three Steps Ahead, The Gitrog, Ravenous Ride"
Outlaws of Thunder Junction Redemption,MTGO Redemption,Other,OTJ,2024-05-15,210.58,"Bristly Bill, Spine Sower, Terror of the Peaks, Goldvein Hydra, Three Steps Ahead, The Gitrog, Ravenous Ride"
Overachiever 1,Jumpstart,Other,MOM,2023-04-20,0.0,"Referee Squad, Meeting of Minds, Interdisciplinary Mascot, Island, Tidal Terror"
Overachiever 2,Jumpstart,Other,MOM,2023-04-20,0.0,"Referee Squad, Interdisciplinary Mascot, Island, Tidal Terror, Astral Wingspan"
Overkill,Theme Deck,Other,SHM,2008-05-02,109.52,"Prismatic Omen, Mossbridge Troll, Farhaven Elf, Scuttlemutt, Scuzzback Scrapper"
Ozai,Jumpstart,Other,TLE,2025-11-20,8.15,"Fire Lord Ozai, Scarring Memories, Heartless Act, Thriving Moor, Ozai's Cruelty"
Painflow,Theme Deck,Other,JUD,2002-05-27,359.16,"Roar of the Wurm, Krosan Wayfarer, Brawn, Moment's Peace, Forest"
Paladin,Shandalar Enemy Deck,Other,PAST,1997-04-01,18.13,"Swords to Plowshares, Magical Hack, Segovian Leviathan, Northern Paladin, Sleight of Mind"
Pandemonium,Theme Deck,Other,APC,2001-06-04,255.85,"Life // Death, Fertile Ground, Harrow, Last Stand, Penumbra Wurm"
Pantheon's Power,Intro Pack,Other,JOU,2014-05-02,57.42,"Archetype of Finality, Archetype of Courage, Fate Unraveler, Doomwake Giant, Grim Guardian"
Paradise Frost,Secret Lair Drop,Other,SLD,2023-12-05,100.51,"Snow-Covered Forest, Snow-Covered Island, Snow-Covered Plains, Snow-Covered Swamp, Snow-Covered Mountain"
Paradise Frost Foil Edition,Secret Lair Drop,Other,SLD,2023-12-05,123.15,"Snow-Covered Island, Snow-Covered Forest, Snow-Covered Plains, Snow-Covered Swamp, Snow-Covered Mountain"
"Party Hard, Shred Harder",Secret Lair Drop,Other,SLD,2021-03-15,55.68,"Assassin's Trophy, Anguished Unmaking, Thraximundar, Dreadbore, Decimate"
Path of Blight,Intro Pack,Other,MBS,2011-02-04,65.97,"Plague Myr, Decimator Web, Core Prowler, Viridian Corrupter, Phyrexian Hydra"
Path to Victory,Intro Pack,Other,M13,2012-07-13,13.41,"Plains, Captain of the Watch, Ring of Thune, Plains, Island"
Paul McCabe - Red-Blue Aggro Control,World Championship Deck,Other,WC97,1997-08-13,72.4,"Force of Will, City of Brass, Pyrokinesis, Mind Stone, Undiscovered Paradise"
Peer Kröger - Reanimator,World Championship Deck,Other,WC03,2003-08-06,79.11,"Bloodstained Mire, Cabal Therapy, Entomb, Anger, Stitch Together"
Phyrexia,Duel Deck,Other,DDE,2010-03-19,45.49,"Phyrexian Negator, Lightning Greaves, Phyrexian Arena, Voltaic Key, Carrion Feeder"
Phyrexia: All Will Be One Foil Redemption,MTGO Redemption,Other,ONE,2023-03-08,292.76,"Mondrak, Glory Dominus, Solphim, Mayhem Dominus, Elesh Norn, Mother of Machines, All Will Be One, Atraxa, Grand Unifier"
Phyrexia: All Will Be One Redemption,MTGO Redemption,Other,ONE,2023-03-08,292.76,"Mondrak, Glory Dominus, Solphim, Mayhem Dominus, Elesh Norn, Mother of Machines, All Will Be One, Atraxa, Grand Unifier"
Phyrexia: All Will Be One Welcome Booster,Welcome Booster,Other,ONE,2023-02-10,14.87,"Atarka, World Render, Linvala, the Preserver, Kaya, Bane of the Dead, Commander's Sphere, Tyrranax Atrocity"
Phyrexian,Jumpstart,Other,JMP,2020-07-17,25.42,"Sheoldred, Whispering One, Phyrexian Reclamation, Swamp, Swamp, Malefic Scythe"
Phyrexian Assault,Theme Deck,Other,ULG,1999-02-15,278.61,"Phyrexian Reclamation, Phyrexian Plaguelord, Engineered Plague, Avalanche Riders, Bone Shredder"
Phyrexian Assault - Enhanced Deck,Enhanced Deck,Other,ULG,1999-02-15,290.26,"Phyrexian Reclamation, Phyrexian Plaguelord, Reflecting Pool, City of Brass, Avalanche Riders"
Phyrexian Faves,Secret Lair Drop,Other,SLD,2023-04-14,30.78,"Inkmoth Nexus, Blighted Agent, K'rrik, Son of Yawgmoth, Glistener Elf, Batterskull"
Phyrexian Faves Foil Edition,Secret Lair Drop,Other,SLD,2023-04-14,30.78,"Inkmoth Nexus, Blighted Agent, K'rrik, Son of Yawgmoth, Glistener Elf, Batterskull"
Phyrexian Poison,Intro Pack,Other,SOM,2010-10-01,68.06,"Ichor Rats, Hand of the Praetors, Ichorclaw Myr, Forest, Necropede"
Phyrexian Praetors: Compleat Edition,Secret Lair Drop,Other,SLD,2021-10-29,53.51,"Sheoldred, Whispering One, Elesh Norn, Grand Cenobite, Jin-Gitaxias, Core Augur, Vorinclex, Voice of Hunger, Urabrask the Hidden"
Phyrexian Praetors: Compleat Edition Foil Edition,Secret Lair Drop,Other,SLD,2021-10-29,53.51,"Sheoldred, Whispering One, Elesh Norn, Grand Cenobite, Jin-Gitaxias, Core Augur, Vorinclex, Voice of Hunger, Urabrask the Hidden"
Pick 'em & Stick 'em,Secret Lair Drop,Other,SLD,2025-03-25,65.45,"Hedron Crab, Clever Impersonator, Pitiless Plunderer, Thalia, Heretic Cathar, Sticker sheet"
Pick 'em & Stick 'em Foil Edition,Secret Lair Drop,Other,SLD,2025-03-25,65.45,"Hedron Crab, Clever Impersonator, Pitiless Plunderer, Thalia, Heretic Cathar, Sticker sheet"
Pictures of the Floating World,Secret Lair Drop,Other,SLD,2022-07-22,39.95,"Mosswort Bridge, Spinerock Knoll, Windbrisk Heights, Shelldock Isle, Howltooth Hollow"
Pictures of the Floating World Foil Edition,Secret Lair Drop,Other,SLD,2022-07-22,39.95,"Mosswort Bridge, Spinerock Knoll, Windbrisk Heights, Shelldock Isle, Howltooth Hollow"
Pirates,Theme Deck,Other,ECL,2026-01-23,3.46,"Inti, Seneschal of the Sun, Marauding Mako, Spell Snare, Captain Howler, Sea Scourge, Spyglass Siren"
Pirates (1),Jumpstart,Other,JMP,2020-07-17,0.0,"Coastal Piracy, Corsair Captain, Chart a Course, Island, Island"
Pirates (2),Jumpstart,Other,JMP,2020-07-17,0.0,"Curious Obsession, Capture Sphere, Corsair Captain, Chart a Course, Island"
Pixel Perfect,Secret Lair Drop,Other,SLD,2024-10-15,91.43,"Fierce Guardianship, Delayed Blast Fireball, Mana Geyser, Lightning Bolt"
Pixel Perfect Foil Edition,Secret Lair Drop,Other,SLD,2024-10-15,91.43,"Fierce Guardianship, Delayed Blast Fireball, Mana Geyser, Lightning Bolt"
PixelLands_v02.jpg,Secret Lair Drop,Other,SLD,2023-11-30,109.62,"Swamp, Island, Mountain, Forest, Plains"
PixelLands_v02.jpg Foil Edition,Secret Lair Drop,Other,SLD,2023-11-30,109.62,"Swamp, Island, Mountain, Forest, Plains"
PixelSnowLands.jpg,Secret Lair Drop,Other,SLD,2022-05-06,76.88,"Snow-Covered Island, Snow-Covered Swamp, Snow-Covered Forest, Snow-Covered Plains, Snow-Covered Mountain"
PixelSnowLands.jpg Foil Edition,Secret Lair Drop,Other,SLD,2022-05-06,76.88,"Snow-Covered Island, Snow-Covered Swamp, Snow-Covered Forest, Snow-Covered Plains, Snow-Covered Mountain"
PixelSnowLands.jpg Foil Etched Edition,Secret Lair Drop,Other,SLD,2022-05-06,76.88,"Snow-Covered Island, Snow-Covered Swamp, Snow-Covered Forest, Snow-Covered Plains, Snow-Covered Mountain"
Planar Chaos Foil Redemption,MTGO Redemption,Other,PLC,2007-03-04,1601.85,"Urborg, Tomb of Yawgmoth, Simian Spirit Guide, Damnation, Temporal Extortion, Pyrohemia"
Planar Chaos Redemption,MTGO Redemption,Other,PLC,2007-03-04,1601.85,"Urborg, Tomb of Yawgmoth, Simian Spirit Guide, Damnation, Temporal Extortion, Pyrohemia"
Planechase Anthology Planes,Box Set,Other,PCA,2016-11-25,308.42,"Tazeem, Goldmeadow, Izzet Steam Maze, Pools of Becoming, Bant"
Planeshift Foil Redemption,MTGO Redemption,Other,PLS,2001-03-07,3125.56,"Diabolic Intent, Orim's Chant, Meddling Mage, Eladamri's Call, Forsaken City"
Planeshift Redemption,MTGO Redemption,Other,PLS,2001-03-07,3125.56,"Diabolic Intent, Orim's Chant, Meddling Mage, Eladamri's Call, Forsaken City"
Play-Doh: Squishful Thinking,Secret Lair Drop,Other,SLD,2025-10-06,53.77,"Polyraptor, Academy Manufactor, Greensleeves, Maro-Sorcerer, Wurmcoil Engine"
Play-Doh: Squishful Thinking Foil Edition,Secret Lair Drop,Other,SLD,2025-10-06,53.77,"Polyraptor, Academy Manufactor, Greensleeves, Maro-Sorcerer, Wurmcoil Engine"
Player A's advanced pack,Advanced Pack,Other,S00,2000-04-24,0.0,"Mountain, Swamp, Forest, Swamp, Llanowar Elves"
Player A's deck,Starter Deck,Other,S00,2000-04-24,0.0,"Mountain, Mountain, Swamp, Forest, Monstrous Growth"
Player B's advanced pack,Advanced Pack,Other,S00,2000-04-24,2.29,"Counterspell, Island, Island, Island, Plains"
Player B's deck,Starter Deck,Other,S00,2000-04-24,0.0,"Island, Island, Island, Island, Plains"
Plus One (1),Jumpstart,Other,JMP,2020-07-17,0.0,"Invigorating Surge, Primeval Bounty, Wildwood Scourge, Pridemalkin, Trufflesnout"
Plus One (2),Jumpstart,Other,JMP,2020-07-17,7.22,"Branching Evolution, Invigorating Surge, Wildwood Scourge, Pridemalkin, Trufflesnout"
Plus One (3),Jumpstart,Other,JMP,2020-07-17,0.0,"Invigorating Surge, Wildwood Scourge, Pridemalkin, Rishkar, Peema Renegade, Inspiring Call"
Plus One (4),Jumpstart,Other,JMP,2020-07-17,9.84,"Branching Evolution, Champion of Lambholt, Invigorating Surge, Wildwood Scourge, Pridemalkin"
Poker Faces,Secret Lair Drop,Other,SLD,2024-05-30,37.78,"Professional Face-Breaker, Goblin King, Jaxis, the Troublemaker, Rankle, Master of Pranks, Coffin Queen"
Poker Faces Foil Edition,Secret Lair Drop,Other,SLD,2024-05-30,37.78,"Professional Face-Breaker, Goblin King, Jaxis, the Troublemaker, Rankle, Master of Pranks, Coffin Queen"
Political Trickery,Game Night Deck,Other,GN3,2022-10-14,20.66,"Maeve, Insidious Singer, Counterspell, Split Decision, Diluvian Primordial, Plea for Power"
Ponies: The Galloping,Box Set,Other,PTG,2019-10-22,378.82,"Princess Twilight Sparkle, Rarity, Nightmare Moon // Princess Luna"
Ponies: The Galloping 2,Secret Lair Drop,Other,SLD,2024-03-14,176.06,"Rainbow Dash, Pinkie Pie, Fluttershy, Applejack"
Ponies: The Galloping 2 Foil Edition,Secret Lair Drop,Other,SLD,2024-03-14,176.06,"Rainbow Dash, Pinkie Pie, Fluttershy, Applejack"
Post Malone: Backstage Pass,Secret Lair Drop,Other,SLD,2022-12-05,62.45,"Bolas's Citadel, K'rrik, Son of Yawgmoth, Jet Medallion, Leshrac's Sigil"
Post Malone: Backstage Pass Foil Edition,Secret Lair Drop,Other,SLD,2022-12-05,62.45,"Bolas's Citadel, K'rrik, Son of Yawgmoth, Jet Medallion, Leshrac's Sigil"
Post Malone: The Lands,Secret Lair Drop,Other,SLD,2022-12-05,62.0,"Swamp, Forest, Island, Mountain, Plains"
Post Malone: The Lands Foil Edition,Secret Lair Drop,Other,SLD,2022-12-05,62.0,"Swamp, Forest, Island, Mountain, Plains"
Power,Clash Pack,Other,FRF,2015-01-23,55.85,"Merciless Executioner, Monastery Siege, Murderous Cut, Opulent Palace, Treasure Cruise"
Power and Profit,Clash Pack,Other,FRF,2015-01-23,94.6,"Merciless Executioner, Whip of Erebos, Nyx Weaver, Monastery Siege, Eidolon of Blossoms"
Power of Prophecy,Intro Pack,Other,M11,2010-07-16,43.17,"Plains, Stormtide Leviathan, Crystal Ball, Plains, Augury Owl"
Power to the People,Arena Starter Deck,Other,OTJ,2024-07-08,53.07,"Delney, Streetwise Lookout, Shadowy Backstreet, Deep-Cavern Bat, Rankle's Prank, Sanguine Evangelist"
Powerful (1),Jumpstart,Other,TLE,2025-11-20,4.14,"Fang, Roku's Companion, Thriving Bluff, Iroh's Demonstration, Cathartic Reunion, Uncle Iroh"
Powerful (2),Jumpstart,Other,TLE,2025-11-20,4.14,"Fang, Roku's Companion, Thriving Bluff, Freedom Fighter Recruit, Combustion Man, Cathartic Reunion"
Powerstones 1,Jumpstart,Other,BRO,2022-11-18,0.0,"Geology Enthusiast, Island, Island, Urza, Powerstone Prodigy, Spotter Thopter"
Powerstones 2,Jumpstart,Other,BRO,2022-11-18,0.0,"Geology Enthusiast, Island, Island, Hulking Metamorph, Urza, Powerstone Prodigy"
Precise,Jumpstart,Other,MSH,2026-06-26,0.0,"Hawkeye, Bowslinger, Stunning Shot, Sudden Strike, Heroic Teamwork, Colleen Wing, Street Samurai"
Preconstructed deck 1,Starter Deck,Other,S99,1999-07-12,1.27,"Swamp, Swamp, Forest, Mountain, Mountain"
Preconstructed deck 2,Starter Deck,Other,PTK,1999-05-01,143.69,"Borrowing 100,000 Arrows, Forest Bear, Forest, Forest, Island"
Predatory (1),Jumpstart,Other,JMP,2020-07-17,12.32,"Neyith of the Dire Hunt, Sabertooth Mauler, Fungal Rebirth, Dawntreader Elk, Trufflesnout"
Predatory (2),Jumpstart,Other,JMP,2020-07-17,12.32,"Neyith of the Dire Hunt, Sabertooth Mauler, Gingerbrute, Fungal Rebirth, Dawntreader Elk"
Predatory (3),Jumpstart,Other,JMP,2020-07-17,0.0,"Sabertooth Mauler, Gingerbrute, Fungal Rebirth, Dawntreader Elk, Trufflesnout"
Predatory (4),Jumpstart,Other,JMP,2020-07-17,2.96,"Momentous Fall, Sabertooth Mauler, Fungal Rebirth, Dawntreader Elk, Trufflesnout"
Presence of Mind,Intro Pack,Other,M10,2009-07-17,22.91,"Telepathy, Island, Sleep, Swamp, Doom Blade"
Pressure Cooker,Theme Deck,Other,ODY,2001-10-01,422.56,"Braids, Cabal Minion, Cabal Pit, Mountain, Innocent Blood, Swamp"
"Preston Poulter, Semifinalist",Pro Tour Deck,Other,PTC,1996-05-01,124.26,"Sylvan Library, Land Tax, Strip Mine, Armageddon, Mishra's Factory"
Price Of Glory,Intro Pack,Other,M15,2014-07-18,11.02,"Mass Calcify, Sign in Blood, Resolute Archangel, Staff of the Death Magus, Ulcerate"
Pride Across the Multiverse,Secret Lair Drop,Other,SLD,2022-08-05,141.26,"Mana Confluence, Sol Ring, Bearscape, Savor the Moment, Collective Voyage"
Pride Across the Multiverse Foil Edition,Secret Lair Drop,Other,SLD,2022-08-05,141.26,"Mana Confluence, Sol Ring, Bearscape, Savor the Moment, Collective Voyage"
Prideful,Jumpstart,Other,J25,2024-11-07,5.77,"Brimaz, King of Oreskos, Leonin Vanguard, King of the Pride, Take Up the Shield, Dawnwing Marshal"
Priestess,Shandalar Enemy Deck,Other,PAST,1997-04-01,56.4,"Spirit Link, Elder Land Wurm, Swords to Plowshares, Fortified Area, Blessing"
Primal,Jumpstart,Other,FDN,2024-11-15,0.0,"Bear Cub, Aggressive Mammoth, Bite Down, Wildwood Scourge, Forest"
Primal Fury,Arena Starter Deck,Other,M19,2018-09-27,45.53,"Silverclad Ferocidons, Rootbound Crag, Knight of the Stampede, Colossal Majesty, Carnage Tyrant"
Primates,Jumpstart,Other,J22,2022-12-02,23.7,"Kibo, Uktabi Prince, Ram Through, Monkey Cage, Uktabi Orangutan, Cultivate"
Prime Slime,Secret Lair Drop,Other,SLD,2020-08-17,34.67,"Necrotic Ooze, The Mimeoplasm, Scavenging Ooze, Acidic Slime, Voidslime"
Primordial Hunger,Planechase Deck,Other,PCA,2016-11-25,17.21,"Dragonlair Spider, Mycoloth, Thromok the Insatiable, Khalni Garden, Skarrg, the Rage Pits"
Primordial Jund,Intro Pack,Other,ALA,2008-10-03,35.56,"Mycoloth, Swamp, Forest, Forest, Mountain"
Prints Charming,Secret Lair Drop,Other,SLD,2026-02-03,77.45,"Nature's Lore, Dryad Arbor, Skyshroud Claim, Wood Elves"
Prints Charming Foil Edition,Secret Lair Drop,Other,SLD,2026-02-03,77.45,"Nature's Lore, Dryad Arbor, Skyshroud Claim, Wood Elves"
Prints of Darkness,Secret Lair Drop,Other,SLD,2024-07-10,73.56,"Dictate of Erebos, Mayhem Devil, Moldervine Reclamation, Prossh, Skyraider of Kher, Fecundity"
Prints of Darkness Foil Edition,Secret Lair Drop,Other,SLD,2024-07-10,73.56,"Dictate of Erebos, Mayhem Devil, Moldervine Reclamation, Prossh, Skyraider of Kher, Fecundity"
Prismat,Shandalar Enemy Deck,Other,PAST,1997-04-01,7452.25,"Mox Emerald, Mox Pearl, Mountain, Ivory Tower, Sol Ring"
Prismatic Nightmares,Secret Lair Drop,Other,SLD,2024-02-23,102.08,"Simian Spirit Guide, Rain of Filth, Arcane Denial, Nightscape Familiar, Prince of Thralls"
Prismatic Nightmares Foil Edition,Secret Lair Drop,Other,SLD,2024-02-23,166.43,"Simian Spirit Guide, Rain of Filth, Nightscape Familiar, Arcane Denial, Prince of Thralls"
Profit,Clash Pack,Other,FRF,2015-01-23,49.51,"Whip of Erebos, Nyx Weaver, Eidolon of Blossoms, Doomwake Giant, Grim Guardian"
Progress 1,Jumpstart,Other,ONE,2023-02-10,0.0,"Thrummingbird, Serum Sovereign, Serum Snare, The Surgical Bay, Mesmerizing Dose"
Progress 2,Jumpstart,Other,ONE,2023-02-10,0.0,"Thrummingbird, Experimental Augury, Serum Sovereign, The Surgical Bay, Bring the Ending"
Psychic Labyrinth,Intro Pack,Other,M14,2013-07-19,8.65,"Archaeomancer, Clone, Warden of Evos Isle, Coral Merfolk, Island"
Pulverize,Theme Deck,Other,SCG,2003-05-26,120.07,"Pyrostatic Pillar, Parallel Thoughts, Island, Mischievous Quanar, Dispersal Shield"
Pummel,Theme Deck,Other,PCY,2000-06-05,484.79,"Hickory Woodlot, Spore Frog, Skyshroud Claim, Invigorate, Vine Trellis"
Pumped Up,Intro Pack,Other,ZEN,2009-10-02,29.9,"Rite of Replication, Burst Lightning, Hellkite Charger, Sleep, Into the Roil"
Purr Majesty,Secret Lair Drop,Other,SLD,2026-06-16,142.35,"Queen Marchesa, Court of Grace, Reverent Mantra, Windborn Muse, Ruinous Ultimatum"
Purr Majesty Foil Edition,Secret Lair Drop,Other,SLD,2026-06-16,142.35,"Queen Marchesa, Court of Grace, Reverent Mantra, Windborn Muse, Ruinous Ultimatum"
Purrfection,Secret Lair Drop,Other,SLD,2021-10-22,320.5,"Kodama's Reach, Heirloom Blade, Generous Gift, Chain Lightning"
Purrfection Foil Edition,Secret Lair Drop,Other,SLD,2021-10-22,320.5,"Kodama's Reach, Heirloom Blade, Generous Gift, Chain Lightning"
Pym Particles,Jumpstart,Other,MSH,2026-06-26,0.0,"Wasp, Shrinking Savior, Ant-Man, Reformed Rogue, Pym Particles, Quantum Reduction, Ant-Man's Air Force"
Queltosh,Shandalar Enemy Deck,Other,PAST,1997-04-01,2798.34,"Candelabra of Tawnos, Mountain, Land Tax, Eye for an Eye, Time Elemental"
Radiant's Revenge,Theme Deck,Other,ULG,1999-02-15,267.09,"Mother of Runes, Miscalculation, Ring of Gix, Raven Familiar, Urza's Blueprints"
Radiant's Revenge - Enhanced Deck,Enhanced Deck,Other,ULG,1999-02-15,598.65,"Palinchron, Faerie Conclave, Miscalculation, Reflecting Pool, Forbidding Watchtower"
Raid 1,Jumpstart,Other,J22,2022-12-02,0.0,"Raze the Effigy, Daring Piracy, Kari Zev, Skyship Raider, Goblin Oriflamme, Mountain"
Raid 2,Jumpstart,Other,J22,2022-12-02,7.91,"Glint-Horn Buccaneer, Daring Piracy, Bag of Holding, Mountain, Immersturm Raider"
Raid 3,Jumpstart,Other,J22,2022-12-02,4.09,"Brazen Cannonade, Daring Piracy, Axgard Cavalry, Mountain, Thriving Bluff"
Raid 4,Jumpstart,Other,J22,2022-12-02,4.09,"Brazen Cannonade, Daring Piracy, Brazen Wolves, Mountain, Thriving Bluff"
Rainbow,Jumpstart,Other,JMP,2020-07-17,0.0,"Maelstrom Archangel, Swamp, Alloy Myr, Plains, Terramorphic Expanse"
Rakdos,Guild Kit,Other,GK2,2019-02-15,32.43,"Utvara Hellkite, Master of Cruelties, Rakdos, Lord of Riots, Spawn of Mayhem, Rakdos the Defiler"
Rakdos Bloodsport,Theme Deck,Other,DIS,2006-05-05,39.46,"Lyzolda, the Blood Witch, Rakdos Signet, Seal of Fire, Rix Maadi, Dungeon Palace, Ignorant Bliss"
Rakdos Raid,Intro Pack,Other,RTR,2012-10-05,6.85,"Tormented Soul, Shrieking Affliction, Blood Reckoning, Mountain, Ravenous Rats"
Rakdos Revelry,Intro Pack,Other,DGM,2013-05-03,4.79,"Guttersnipe, Havoc Festival, Carnage Gladiator, Mountain, Swamp"
Rakdos Vampires,Challenger Deck,Other,Q07,2022-04-01,17.35,"Blightstep Pathway // Searstep Pathway, Florian, Voldaren Scion, Swamp, Den of the Bugbear, Henrika Domnathi // Henrika, Infernal Seer"
"Ral, Caller of Storms",Planeswalker Deck,Other,GRN,2018-10-05,1.06,"Ral, Caller of Storms, Mountain, Goblin Electromancer, Island, Chemister's Insight"
Rally and Rout,Event Deck,Other,GTC,2013-02-22,45.5,"Boros Charm, Champion of the Parish, Thalia, Guardian of Thraben, Clifftop Retreat, Slayers' Stronghold"
Rallying Cry,Intro Pack,Other,BFZ,2015-10-02,16.4,"Hero of Goma Fada, Angelic Captain, Chasm Guide, Evolving Wilds, Resolute Blademaster"
Rampaging,Jumpstart,Other,MSH,2026-06-26,1.02,"Powerful Broker, Bushmaster, Coiled Henchman, Rhino, Terrible Trampler, Rhino's Rampage, Claim the Kingdom"
"Randy Buehler - Draw, Go",World Championship Deck,Other,WC98,1998-08-12,14.53,"Mana Leak, Counterspell, Island, Memory Lapse, Force Spike"
Raphael,Theme Deck,Other,TMT,2026-03-06,6.16,"Raphael, Tag Team Tough, Skateboard, Casey Jones, Asphalt Hooligan, Casey & Raph, Hotheads, Definitely Not a Turtle"
Raphael Levy - Le Wonder Goose,World Championship Deck,Other,WC02,2002-08-14,70.2,"Yavimaya Coast, Mental Note, Island, Careful Study, Island"
Rapid Fire,Intro Pack,Other,WWK,2010-02-05,43.03,"Chain Reaction, Kor Skyfisher, Searing Blaze, Ruin Ghost, Steppe Lynx"
Rats,Jumpstart,Other,J22,2022-12-02,45.46,"Ashcoat of the Shadow Swarm, Infiltration Lens, Crypt Rats, Ogre Slumlord, Nezumi Bone-Reader"
Rats' Nest,Theme Deck,Other,BOK,2005-02-04,344.11,"Umezawa's Jitte, Throat Slitter, Shuko, Okiba-Gang Shinobi, Skullsnatcher"
Ravaging Swarm,Intro Pack,Other,NPH,2011-05-13,117.09,"Inexorable Tide, Viral Drake, Blighted Agent, Mycosynth Fiend, Corrupted Conscience"
Ravenous Rats,Theme Deck,Other,PSAL,2005-08-01,0.0,"Swamp, Swamp, Swamp, Swamp, Swamp"
Ravnica Allegiance Bundle Land Pack,Bundle Land Pack,Other,RNA,2019-01-25,2.7,"Mountain, Mountain, Swamp, Swamp, Forest"
Ravnica Allegiance Foil Redemption,MTGO Redemption,Other,RNA,2019-02-24,324.32,"Smothering Tithe, Blood Crypt, Hallowed Fountain, Biomancer's Familiar, Breeding Pool"
Ravnica Allegiance Redemption,MTGO Redemption,Other,RNA,2019-02-24,324.32,"Smothering Tithe, Blood Crypt, Hallowed Fountain, Biomancer's Familiar, Breeding Pool"
Ravnica Fat Pack Land Pack,Bundle Land Pack,Other,RAV,2005-10-07,1.12,"Plains, Plains, Swamp, Plains, Island"
Ravnica: City of Guilds Foil Redemption,MTGO Redemption,Other,RAV,2005-11-06,2012.99,"Watery Grave, Doubling Season, Life from the Loam, Master Warcraft, Overgrown Tomb"
Ravnica: City of Guilds Redemption,MTGO Redemption,Other,RAV,2005-11-06,2012.99,"Watery Grave, Doubling Season, Life from the Loam, Master Warcraft, Overgrown Tomb"
Read the Fine Print,Secret Lair Drop,Other,SLD,2022-01-28,48.79,"Razaketh, the Foulblooded, Griselbrand, Liliana's Contract, Demonlord Belzenlok, Kothophed, Soul Hoarder"
Read the Fine Print Foil Edition,Secret Lair Drop,Other,SLD,2022-01-28,48.79,"Razaketh, the Foulblooded, Griselbrand, Liliana's Contract, Demonlord Belzenlok, Kothophed, Soul Hoarder"
Read the Fine Print Foil Etched Edition,Secret Lair Drop,Other,SLD,2022-01-28,48.79,"Razaketh, the Foulblooded, Griselbrand, Liliana's Contract, Demonlord Belzenlok, Kothophed, Soul Hoarder"
Ready to Attack,Jumpstart,Other,DMU,2022-09-09,2.72,"Mountain, Twinferno, Ragefire Hellkite, Electrostatic Infantry, Phoenix Chick"
Ready to Charge,Jumpstart,Other,DMU,2022-09-09,2.72,"Mountain, Twinferno, Ragefire Hellkite, Electrostatic Infantry, Yavimaya Steelcrusher"
Reality Fracture,Theme Deck,Other,TSP,2006-10-06,321.87,"Claws of Gix, Grapeshot, Clockspinning, Deep-Sea Kraken, Whispers of the Muse"
Reanimated (1),Jumpstart,Other,JMP,2020-07-17,8.59,"Reanimate, Swamp, Swamp, Archfiend's Vessel, Goremand"
Reanimated (2),Jumpstart,Other,JMP,2020-07-17,8.59,"Reanimate, Swamp, Swamp, Goremand, Funeral Rites"
Reanimated (3),Jumpstart,Other,JMP,2020-07-17,5.67,"Exhume, Swamp, Scourge of Nel Toth, Swamp, Goremand"
Reanimated (4),Jumpstart,Other,JMP,2020-07-17,7.27,"Rise of the Dark Realms, Swamp, Swamp, Goremand, Funeral Rites"
Rebel Armory,Arena Starter Deck,Other,LTR,2023-06-20,8.59,"Nahiri, Forged in Fury, Danitha, Benalia's Hope, Battlefield Forge, Astor, Bearer of Blades, Rhuk, Hexgold Nabber"
Rebel's Call,Theme Deck,Other,MMQ,1999-10-04,185.59,"Cho-Manno, Revolutionary, Ramosian Sergeant, Fountain of Cho, Disenchant, Ramosian Sky Marshal"
Rebel's Call - Enhanced Deck,Enhanced Deck,Other,MMQ,1999-10-04,763.99,"Dust Bowl, Cave-In, Reverent Mantra, Mother of Runes, City of Brass"
Rebelling (1),Jumpstart,Other,TLE,2025-11-20,17.04,"Longshot, Rebel Bowman, Smellerbee, Rebel Fighter, Thriving Bluff, Zuko, Seeking Honor, Freedom Fighter Recruit"
Rebelling (2),Jumpstart,Other,TLE,2025-11-20,20.98,"Longshot, Rebel Bowman, Overwhelming Victory, Smellerbee, Rebel Fighter, Thriving Bluff, Zuko, Seeking Honor"
Rebellious 1,Jumpstart,Other,ONE,2023-02-10,0.0,"Rhuk, Hexgold Nabber, Volt Charge, Mountain, Mountain, The Autonomous Furnace"
Rebellious 2,Jumpstart,Other,ONE,2023-02-10,0.0,"Rhuk, Hexgold Nabber, Blazing Crescendo, Prosthetic Injector, Mountain, Mountain"
Rebels Unite,Theme Deck,Other,FUT,2007-05-04,42.63,"Dawn Charm, Big Game Hunter, Angel of Salvation, Outrider en-Kor, Return to Dust"
Red,Halfdeck,Other,UND,2020-02-28,0.0,"Goblin Tutor, Scissors Lizard, Infinity Elemental, Mountain, Strategy, Schmategy"
Red Burn,Deck Builder's Toolkit,Other,MBS,2011-03-11,21.46,"Forked Bolt, Flame Slash, Cunning Sparkmage, Fire Servant, Kiln Fiend"
Red Deck,Welcome Deck,Other,MSH,2026-06-26,45.74,"Spider-Man, Web-Spinner, Smashing Spree, Happy Hogan, Dauntless Driver, Quicksilver, Pietro Maximoff, Furious Strength"
Red Deck A,Sample Deck,Other,M11,2010-07-16,12.51,"Lightning Bolt, Fire Servant, Mountain, Chandra's Spitfire, Mountain"
Red Deck B,Sample Deck,Other,10E,2008-05-02,2.41,"Incinerate, Mountain, Blaze, Mountain, Mountain"
Red Green Monstrosity,Deck Builder's Toolkit,Other,M15,2014-07-18,1.74,"Market Festival, Peregrination, Ancient Silverback, Fall of the Hammer, Ill-Tempered Cyclops"
Red Sample Deck,Sample Deck,Other,M13,2012-07-13,0.0,"Wild Guess, Mountain, Mountain, Mountain, Kindled Fury"
Red White Auras,Deck Builder's Toolkit,Other,M15,2014-07-18,2.79,"Heliod's Pilgrim, Vanguard of Brimaz, Akroan Crusader, Brood Keeper, Chosen by Heliod"
Red and Black Pirates,Deck Builder's Toolkit,Other,XLN,2017-09-29,0.0,"Fiery Cannonade, Lightning-Rig Crew, March of the Drowned, Kitesail Freebooter, Dire Fleet Captain"
Red and Colorless Artifacts,Deck Builder's Toolkit,Other,AKH,2017-04-28,2.42,"Implement of Combustion, Servo Schematic, Watchers of the Dead, Welder Automaton, Inventor's Apprentice"
Red and Green Aggro,Deck Builder's Toolkit,Other,AKH,2017-04-28,1.19,"Cartouche of Strength, Ahn-Crop Crasher, Crocodile of the Crossing, Cartouche of Zeal, Fling"
Red and Green Dinosaurs,Deck Builder's Toolkit,Other,XLN,2017-09-29,8.2,"Ranging Raptors, Raging Swordtooth, Charging Monstrosaur, Raptor Hatchling, Sun-Crowned Hunters"
Red and Green Wolves,Deck Builder's Toolkit,Other,KLD,2016-09-30,3.05,"Blossoming Defense, Ulrich's Kindred, Pack Guardian, Uncaged Fury, Wolfkin Bond"
Red and White,Deck Builder's Toolkit,Other,KLD,2016-09-30,0.0,"Cathartic Reunion, Fairgrounds Warden, Steadfast Cathar, Spireside Infiltrator, Make Mischief"
Red and White Aggro,Deck Builder's Toolkit,Other,AKH,2017-04-28,3.62,"Cartouche of Solidarity, Ahn-Crop Crasher, Cartouche of Zeal, Honored Crop-Captain, Rhet-Crop Spearmaster"
Red and White Dinosaurs,Deck Builder's Toolkit,Other,XLN,2017-09-29,3.87,"Kinjalli's Caller, Charging Monstrosaur, Sky Terror, Dinosaur Stampede, Imperial Aerosaur"
Red-Green Aggro,Deck Builder's Toolkit,Other,ROE,2010-05-21,1.19,"Summit Apes, Borderland Ranger, Goblin Shortcutter, Trusty Machete, Centaur Courser"
Red-White,Starter Kit,Other,FIN,2025-06-13,12.35,"Ultima Weapon, Rosa, Resolute White Mage, Cloud, Planet's Champion, Beatrix, Loyal General, Lightning, Security Sergeant"
Red-White Deck,Spellslinger Starter Kit,Other,M19,2018-10-05,3.76,"Lightning Strike, Charging Monstrosaur, Goblin Motivator, Sky Terror, Demanding Dragon"
Reign of Vampirism,Intro Pack,Other,M11,2010-07-16,46.47,"Royal Assassin, Viscera Seer, Cultivate, Captivating Vampire, Diabolic Tutor"
Reinforced (1),Jumpstart,Other,TLE,2025-11-20,1.07,"Zuko, Seeking Honor, Fire Nation Salvagers, Feed the Swarm, Azula Always Lies, Thriving Moor"
Reinforced (2),Jumpstart,Other,TLE,2025-11-20,1.07,"Zuko, Seeking Honor, Fire Nation Salvagers, Heartless Act, Thriving Moor, Elephant-Rat"
Reinforcement 1,Jumpstart,Other,MOM,2023-04-20,12.79,"Orthion, Hero of Lavabrink, Axgard Artisan, Ral's Reinforcements, Mountain, Volcanic Spite"
Reinforcement 2,Jumpstart,Other,MOM,2023-04-20,12.79,"Orthion, Hero of Lavabrink, Axgard Artisan, Mirran Banesplitter, Mountain, Volcanic Spite"
Relentless (1),Jumpstart,Other,TLE,2025-11-20,4.54,"Ruthless Waterbender, Fire Nation Occupation, Azula Always Lies, Heartless Act, Thriving Moor"
Relentless (2),Jumpstart,Other,TLE,2025-11-20,1.65,"Fire Nation Occupation, Azula Always Lies, Heartless Act, Thriving Moor, Swamp"
Relentless Dead,Intro Pack,Other,DKA,2012-02-03,35.21,"Endless Ranks of the Dead, Diregraf Captain, Swamp, Black Cat, Island"
Relentless Rush,Intro Pack,Other,DTK,2015-03-27,12.1,"Impact Tremors, Foul-Tongue Shriek, Duress, Mountain, Swamp"
Relic Breaker,Intro Pack,Other,SOM,2010-10-01,79.14,"Asceticism, Viridian Revel, Forest, Iron Myr, Copper Myr"
Relics of Doom,Theme Deck,Other,PS11,2011-01-01,0.0,"Island, Island, Island, Island, Swamp"
Repeat Performance,Event Deck,Other,M13,2012-08-03,121.3,"Green Sun's Zenith, Razorverge Thicket, Avacyn's Pilgrim, Arbor Elf, Stonehorn Dignitary"
Repel the Dark,Intro Pack,Other,ISD,2011-09-30,20.73,"Avacyn's Pilgrim, Bramblecrush, Fiend Hunter, Overrun, Forest"
Replicator,Theme Deck,Other,NEM,2000-02-14,237.83,"Saproling Burst, Invigorate, Blastoderm, Bog Witch, Saproling Cluster"
Replicator - Enhanced Deck,Enhanced Deck,Other,NEM,2000-02-14,326.33,"Treetop Village, Rancor, Collective Unconscious, Vine Trellis, Spontaneous Generation"
Restless in Peace,Secret Lair Drop,Other,SLD,2019-12-05,30.44,"Life from the Loam, Bloodghast, Golgari Thug"
Return to Mystical Archive,Secret Lair Drop,Other,SLD,2026-05-12,35.8,"Spell Pierce, Abrade, Shared Roots, Duty Beyond Death, Zombify"
Return to Mystical Archive Foil Edition,Secret Lair Drop,Other,SLD,2026-05-12,35.8,"Spell Pierce, Abrade, Shared Roots, Duty Beyond Death, Zombify"
Return to Ravnica Foil Redemption,MTGO Redemption,Other,RTR,2012-11-04,510.19,"Cyclonic Rift, Deathrite Shaman, Blood Crypt, Steam Vents, Rakdos Charm"
Return to Ravnica Redemption,MTGO Redemption,Other,RTR,2012-11-04,510.19,"Cyclonic Rift, Deathrite Shaman, Blood Crypt, Steam Vents, Rakdos Charm"
Returned,Jumpstart,Other,MSH,2026-06-26,4.54,"Undead Hand Ninja, Grim Reaper's Scythe, Songbird, Sonic Screamer, Ultimo, Civilization's End, Doom's Servo-Guards"
Ride Like the Wind,MTGO Theme Deck,Other,MIR,2006-12-05,1.89,"Mountain, Telim'Tor, Plains, Sidar Jabari, Mountain"
Riders 1,Jumpstart,Other,LTR,2023-11-03,10.28,"Riders of the Mark, Rising of the Day, Rally at the Hornburg, Smite the Deathless, Mountain"
Riders 2,Jumpstart,Other,LTR,2023-11-03,8.62,"Riders of the Mark, Rally at the Hornburg, Gimli's Axe, Smite the Deathless, Mountain"
Rise of the Eldrazi Fat Pack Land Pack,Bundle Land Pack,Other,ROE,2010-04-23,40.06,"Island, Swamp, Forest, Island, Forest"
Rise of the Eldrazi Foil Redemption,MTGO Redemption,Other,ROE,2010-05-23,2042.0,"Emrakul, the Aeons Torn, Kozilek, Butcher of Truth, Ulamog, the Infinite Gyre, Nirkana Revenant, Linvala, Keeper of Silence"
Rise of the Eldrazi Redemption,MTGO Redemption,Other,ROE,2010-05-23,2042.0,"Emrakul, the Aeons Torn, Kozilek, Butcher of Truth, Ulamog, the Infinite Gyre, Nirkana Revenant, Linvala, Keeper of Silence"
Rise of the Vampires,Intro Pack,Other,ZEN,2009-10-02,50.11,"Blood Tribute, Malakir Bloodwitch, Diabolic Tutor, Vampire Nighthawk, Vampire's Bite"
Rituals of Rebirth,Theme Deck,Other,PLC,2007-02-02,244.01,"Essence Warden, Wall of Roots, Teneb, the Harvester, Rebuff the Wicked, Jedit Ojanen of Efrava"
Rivals of Ixalan Foil Redemption,MTGO Redemption,Other,RIX,2018-02-18,375.05,"Nezahal, Primal Tide, Polyraptor, The Immortal Sun, Storm the Vault // Vault of Catlacan, Pitiless Plunderer"
Rivals of Ixalan Redemption,MTGO Redemption,Other,RIX,2018-02-18,375.05,"Nezahal, Primal Tide, Polyraptor, The Immortal Sun, Storm the Vault // Vault of Catlacan, Pitiless Plunderer"
River Heralds,Theme Deck,Other,E02,2017-11-24,27.37,"Time Warp, Soul of the Harvest, Tempest Caller, Island, Rancor"
Rogues (1),Jumpstart,Other,JMP,2020-07-17,1.21,"Rogue's Gloves, Thieves' Guild Enforcer, Oona's Blackguard, Swamp, Alchemist's Gift"
Rogues (2),Jumpstart,Other,JMP,2020-07-17,1.21,"Rogue's Gloves, Thieves' Guild Enforcer, Oona's Blackguard, Swamp, Alchemist's Gift"
Roku,Jumpstart,Other,TLE,2025-11-20,20.73,"Avatar Roku, Firebender, Fang, Roku's Companion, Frantic Confrontation, Thriving Bluff, Loyal Fire Sage"
Rot from Within,Event Deck,Other,NPH,2011-06-10,178.94,"Green Sun's Zenith, Inkmoth Nexus, Mutagenic Growth, Ichorclaw Myr, Overgrown Battlement"
Rough and Tumble,Arena Starter Kit,Other,AFR,2021-08-06,1.39,"Evolving Wilds, Asmodeus the Archfiend, Oran-Rief Ooze, Black Dragon, Cleaving Reaper"
Rough and Tumble Amazon,Arena Starter Kit,Other,AFR,2021-08-06,1.39,"Evolving Wilds, Asmodeus the Archfiend, Oran-Rief Ooze, Black Dragon, Cleaving Reaper"
"Rowan, Fearless Sparkmage",Planeswalker Deck,Other,ELD,2019-10-04,0.0,"Rowan, Fearless Sparkmage, Plains, Giant Killer // Chop Down, Acclaimed Contender, Mountain"
Rule the Room,Secret Lair Drop,Other,SLD,2022-09-13,49.87,"Brimaz, King of Oreskos, Savra, Queen of the Golgari, Queen Marchesa, Arcanis the Omnipotent"
Rule the Room Foil Edition,Secret Lair Drop,Other,SLD,2022-09-13,49.87,"Brimaz, King of Oreskos, Savra, Queen of the Golgari, Queen Marchesa, Arcanis the Omnipotent"
Rumbler,Intro Pack,Other,ARB,2009-04-30,26.0,"Terramorphic Expanse, Forest, Forest, Mountain, Mountain"
Runaways,Jumpstart,Other,MSH,2026-06-26,78.39,"Nico Minoru, Runaway, Karolina Dean, Runaway, Hex Magic, Alex Wilder, Runaway, Chase Stein, Runaway"
Rush of the Wild,Event Deck,Other,M14,2013-08-09,36.14,"Stomping Ground, Rogue's Passage, Elvish Mystic, Mizzium Mortars, Dryad Militant"
SDCC 2013 Black Planeswalkers,Box Set,Other,PSDC,2013-07-18,828.74,"Liliana of the Dark Realms, Ajani, Caller of the Pride, Chandra, Pyromaster, Jace, Memory Adept, Garruk, Caller of Beasts"
SDCC 2013 Planeswalker Set,San Diego Comic Con Promos,Other,PSDC,2013-07-18,828.74,"Liliana of the Dark Realms, Ajani, Caller of the Pride, Chandra, Pyromaster, Jace, Memory Adept, Garruk, Caller of Beasts"
SDCC 2014 Black Planeswalkers,Box Set,Other,PS14,2014-07-08,272.59,"Liliana Vess, Nissa, Worldwaker, Chandra, Pyromaster, Ajani Steadfast, Garruk, Apex Predator"
SDCC 2014 Planeswalker Set,San Diego Comic Con Promos,Other,PS14,2014-07-24,272.59,"Liliana Vess, Nissa, Worldwaker, Chandra, Pyromaster, Ajani Steadfast, Garruk, Apex Predator"
SDCC 2015 Black Planeswalkers,Box Set,Other,PS15,2015-07-09,421.29,"Liliana, Heretical Healer // Liliana, Defiant Necromancer, Chandra, Fire of Kaladesh // Chandra, Roaring Flame, Jace, Vryn's Prodigy // Jace, Telepath Unbound, Nissa, Vastwood Seer // Nissa, Sage Animist, Kytheon, Hero of Akros // Gideon, Battle-Forged"
SDCC 2015 Planeswalker Set,San Diego Comic Con Promos,Other,PS15,2015-07-09,421.29,"Liliana, Heretical Healer // Liliana, Defiant Necromancer, Chandra, Fire of Kaladesh // Chandra, Roaring Flame, Jace, Vryn's Prodigy // Jace, Telepath Unbound, Nissa, Vastwood Seer // Nissa, Sage Animist, Kytheon, Hero of Akros // Gideon, Battle-Forged"
SDCC 2016 Zombie Planeswalker Set,San Diego Comic Con Promos,Other,PS16,2016-07-21,102.85,"Liliana, the Last Hope, Chandra, Flamecaller, Jace, Unraveler of Secrets, Gideon, Ally of Zendikar, Nissa, Voice of Zendikar"
SDCC 2016 Zombie Planeswalkers,Box Set,Other,PS16,2016-10-01,102.85,"Liliana, the Last Hope, Chandra, Flamecaller, Jace, Unraveler of Secrets, Gideon, Ally of Zendikar, Nissa, Voice of Zendikar"
SDCC 2017 Egyptian Planeswalkers,Box Set,Other,PS17,2017-07-20,169.97,"Liliana, Death's Majesty, Nicol Bolas, God-Pharaoh, Chandra, Torch of Defiance, Jace, Unraveler of Secrets, Nissa, Steward of Elements"
SDCC 2017 Planeswalker Set,San Diego Comic Con Promos,Other,PS17,2017-07-20,169.97,"Liliana, Death's Majesty, Nicol Bolas, God-Pharaoh, Chandra, Torch of Defiance, Jace, Unraveler of Secrets, Nissa, Steward of Elements"
SDCC 2018 Planeswalker Set,San Diego Comic Con Promos,Other,PS18,2018-07-19,210.48,"Liliana, Untouched by Death, Chandra, Torch of Defiance, Nissa, Vital Force, Gideon of the Trials, Jace, Cunning Castaway"
SDCC 2018 Stained Glass Planeswalkers,Box Set,Other,PS18,2018-07-19,210.48,"Liliana, Untouched by Death, Chandra, Torch of Defiance, Nissa, Vital Force, Gideon of the Trials, Jace, Cunning Castaway"
SDCC 2019 God-Eternals,Box Set,Other,PS19,2019-07-18,209.95,"Nicol Bolas, Dragon-God, God-Eternal Oketra, God-Eternal Bontu, God-Eternal Kefnet, God-Eternal Rhonas"
Sacred Assault,Intro Pack,Other,M12,2011-07-15,33.33,"Spirit Mantle, Mesa Enchantress, Gladecover Scout, Lifelink, Aegis Angel"
Sacrificial Bam,Theme Deck,Other,MRD,2003-10-02,252.68,"Vault of Whispers, Great Furnace, Talisman of Indulgence, Myr Retriever, Iron Myr"
Sacrilege,Theme Deck,Other,TOR,2002-02-08,360.28,"Buried Alive, Ichorid, Tainted Field, Putrid Imp, Angel of Retribution"
Saddle Up,Arena Starter Deck,Other,OTJ,2024-07-08,14.75,"Lush Portico, Railway Brawler, Outcaster Trailblazer, Gruff Triplets, Ornery Tumblewagg"
Sainted One,Shandalar Enemy Deck,Other,PAST,1997-04-01,6666.15,"Mox Pearl, Mishra's Workshop, Bottle of Suleiman, Sol Ring, Armageddon"
Saltrem Tor,Shandalar Enemy Deck,Other,PAST,1997-04-01,303.73,"Mountain, Birds of Paradise, Whirling Dervish, Crimson Manticore, Giant Tortoise"
Sampler Booster,Welcome Booster,Other,7ED,2001-04-11,60.41,"Spitting Earth, Island, Swamp, Forest, Mountain"
Saproling Swarm,Arena Starter Deck,Other,M19,2018-09-27,22.8,"Tendershoot Dryad, Twilight Prophet, Poison-Tip Archer, Woodland Cemetery, Path of Discovery"
Sarkhan,Planeswalker Deck,Other,M19,2018-07-13,15.46,"Sarkhan, Dragonsoul, Thud, Lightning Strike, Goblin Motivator, Demanding Dragon"
Saturday Morning D&D,Secret Lair Drop,Other,SLD,2021-06-21,49.68,"Primal Vigor, Impact Tremors, Whir of Invention, Commander's Sphere, Hero's Downfall"
Saturday Morning D&D Foil Edition,Secret Lair Drop,Other,SLD,2021-06-21,49.68,"Primal Vigor, Impact Tremors, Whir of Invention, Commander's Sphere, Hero's Downfall"
Savage Auras,Planechase Deck,Other,PCA,2016-11-25,21.08,"Ghostly Prison, Kor Spiritdancer, Felidar Umbra, Spirit Mantle, Three Dreams"
Savage Lands,Jumpstart,Other,MSH,2026-06-26,73.4,"Devil Dinosaur, Sauron, Dino Devotee, Moon-Boy, Dino Rider, Commune with Dinosaurs, Savage Lands"
Savage Salvagers,Arena Starter Deck,Other,LTR,2023-06-20,10.57,"Conduit of Worlds, Glissa Sunslayer, Shadow of the Enemy, Llanowar Wastes, Terror of Towashi"
Savage Stompdown,MTGO Theme Deck,Other,VIS,2006-04-10,45.22,"Natural Order, Mountain, Viashivan Dragon, Forest, Mountain"
Saviors of Kamigawa Foil Redemption,MTGO Redemption,Other,SOK,2005-07-03,2079.74,"Oboro Breezecaller, Oboro, Palace in the Clouds, Erayo, Soratami Ascendant // Erayo's Essence, Sakashima the Impostor, Miren, the Moaning Well"
Saviors of Kamigawa Redemption,MTGO Redemption,Other,SOK,2005-07-03,2079.74,"Oboro Breezecaller, Oboro, Palace in the Clouds, Erayo, Soratami Ascendant // Erayo's Essence, Sakashima the Impostor, Miren, the Moaning Well"
Scales of Fury,Theme Deck,Other,PS11,2011-01-01,0.0,"Forest, Forest, Forest, Forest, Mountain"
Scarlet,Jumpstart,Other,MSH,2026-06-26,101.49,"The Vision and Scarlet Witch, Wanda's Vision, Hex Magic, Lightning Bolt, Grapeshot"
Scars of Mirrodin Foil Redemption,MTGO Redemption,Other,SOM,2010-10-31,1573.68,"Mox Opal, Skithiryx, the Blight Dragon, Platinum Emperion, Grafted Exoskeleton, Asceticism"
Scars of Mirrodin Redemption,MTGO Redemption,Other,SOM,2010-10-31,1573.68,"Mox Opal, Skithiryx, the Blight Dragon, Platinum Emperion, Grafted Exoskeleton, Asceticism"
Scene Box,Box Set,Other,SPE,2025-09-26,22.86,"Green Goblin, Nemesis, Sensational Spider-Man, Venom, Deadly Devourer, Pumpkin Bombs, Grasping Tentacles"
Scorch The World With Dragonfire,Archenemy Deck,Other,ARC,2010-06-18,29.07,"Seething Song, Thran Dynamo, Hellkite Charger, Dragonspeaker Shaman, Taurean Mauler"
Scourge Foil Redemption,MTGO Redemption,Other,SCG,2003-06-25,3280.96,"Stifle, Brain Freeze, Siege-Gang Commander, Decree of Justice, Sliver Overlord"
Scourge Redemption,MTGO Redemption,Other,SCG,2003-06-25,3280.96,"Stifle, Brain Freeze, Siege-Gang Commander, Decree of Justice, Sliver Overlord"
Scout,Theme Deck,Other,PLS,2001-02-05,500.67,"Eladamri's Call, Fertile Ground, Rith's Grove, Harrow, Armadillo Cloak"
Scrapyard Sacrifice,Arena Starter Deck,Other,LTR,2023-06-20,12.97,"Mishra, Claimed by Gix // Mishra, Lost to Phyrexia, Corrupted Conviction, Sulfurous Springs, Phyrexian Dragon Engine // Mishra, Lost to Phyrexia, Urabrask's Forge"
Scrying 1,Jumpstart,Other,J22,2022-12-02,8.99,"Kenessos, Priest of Thassa, Preordain, Faerie Seer, Cryptic Serpent, Biblioplex Kraken"
Scrying 2,Jumpstart,Other,J22,2022-12-02,8.99,"Kenessos, Priest of Thassa, Preordain, Condescend, Faerie Seer, Cryptic Serpent"
Sea Drake,Shandalar Enemy Deck,Other,PAST,1997-04-01,176.29,"Mana Vault, Island Fish Jasconius, Leviathan, Counterspell, Giant Tortoise"
Second Chance,Arena Starter Deck,Other,OTJ,2024-07-08,6.88,"Spirebluff Canal, Seize the Secrets, Melek, Reforged Researcher, Demand Answers, Hell to Pay"
Second Sun Control,Challenger Deck,Other,Q01,2018-04-06,28.04,"Approach of the Second Sun, Settle the Wreckage, Kefnet the Mindful, Fumigate, Island"
Secret Lair High: Class of '87,Secret Lair Drop,Other,SLD,2025-03-25,16.56,"Aesi, Tyrant of Gyre Strait // Aesi, Tyrant of Gyre Strait, Chulane, Teller of Tales // Chulane, Teller of Tales, Anje Falkenrath // Anje Falkenrath, Radha, Heart of Keld // Radha, Heart of Keld"
Secret Lair High: Class of '87 Foil Edition,Secret Lair Drop,Other,SLD,2025-03-25,16.56,"Aesi, Tyrant of Gyre Strait // Aesi, Tyrant of Gyre Strait, Chulane, Teller of Tales // Chulane, Teller of Tales, Anje Falkenrath // Anje Falkenrath, Radha, Heart of Keld // Radha, Heart of Keld"
Sedge Beast,Shandalar Enemy Deck,Other,PAST,1997-04-01,357.72,"Mountain, Strip Mine, Dancing Scimitar, Blight, Erg Raiders"
Seeing Visions,Secret Lair Drop,Other,SLD,2019-12-06,12.57,"Serum Visions, Serum Visions, Serum Visions, Serum Visions"
Seer,Shandalar Enemy Deck,Other,PAST,1997-04-01,336.98,"Triskelion, Hurkyl's Recall, Tetravus, Time Elemental, Ornithopter"
Seismic,Jumpstart,Other,JMP,2020-07-17,0.0,"Volcanic Fallout, Volcanic Geyser, Mountain, Grim Lavamancer, Mana Geode"
Selesnya,Guild Kit,Other,GK1,2018-11-02,7.02,"Privileged Position, Trostani, Selesnya's Voice, Camaraderie, Tolsimir Wolfblood, Growing Ranks"
Selesnya Conclave,Arena Starter Deck,Other,M20,2019-05-03,24.82,"Temple Garden, March of the Multitudes, Tolsimir, Friend to Wolves, Knight of Autumn, Pledge of Unity"
Selesnya Conclave 1,Jumpstart,Other,CLU,2024-02-23,2.59,"Conclave Evangelist, Trostani Discordant, Selesnya Sanctuary, Sumala Rumblers, Rootborn Defenses"
Selesnya Conclave 2,Jumpstart,Other,CLU,2024-02-23,7.71,"Beast Whisperer, Vernal Sovereign, Selesnya Signet, Selesnya Sanctuary, Sumala Rumblers"
Selesnya Pride,Arena Starter Deck,Other,DOM,2018-03-22,109.43,"Anointed Procession, Crested Sunmare, Sacred Cat, Pride Sovereign, Regal Caracal"
Selesnya Surge,Intro Pack,Other,RTR,2012-10-05,6.39,"Arbor Elf, Rootborn Defenses, Healer of the Pride, Druid's Deliverance, Forest"
Selesnya United,Theme Deck,Other,RAV,2005-10-07,28.87,"Selesnya Sanctuary, Nullmage Shepherd, Tolsimir Wolfblood, Vitu-Ghazi, the City-Tree, Scatter the Seeds"
Series 1,Box Set,Other,PVAN,1997-12-01,29.72,"Karn, Squee, Ertai, Mirri, Gerrard"
Series 2,Box Set,Other,PVAN,1997-12-01,106.9,"Orim, Selenia, Hanna, Starke, Volrath"
Series 3,Box Set,Other,PVAN,1997-12-01,210.28,"Sliver Queen, Brood Mother, Lyna, Eladamri, Oracle, Sidar Kondo"
Series 4,Box Set,Other,PVAN,1997-12-01,368.09,"Titania, Gix, Urza, Xantcha, Mishra"
Seventh Edition Foil Redemption,MTGO Redemption,Other,7ED,2001-05-11,21802.08,"Birds of Paradise, City of Brass, Final Fortune, Underground River, Karplusan Forest"
Seventh Edition Redemption,MTGO Redemption,Other,7ED,2001-05-11,21802.08,"Birds of Paradise, City of Brass, Final Fortune, Underground River, Karplusan Forest"
Shades Not Included,Secret Lair Drop,Other,SLD,2022-07-22,74.24,"Mountain, Island, Swamp, Plains, Forest"
Shades Not Included Foil Edition,Secret Lair Drop,Other,SLD,2022-07-22,74.24,"Mountain, Island, Swamp, Plains, Forest"
Shadowmoor Fat Pack Land Pack,Bundle Land Pack,Other,SHM,2008-05-02,37.44,"Swamp, Island, Swamp, Forest, Swamp"
Shadowmoor Foil Redemption,MTGO Redemption,Other,SHM,2008-06-01,3737.17,"Sygg, River Cutthroat, Manamorphose, Painter's Servant, Umbral Mantle, Twilight Shepherd"
Shadowmoor Redemption,MTGO Redemption,Other,SHM,2008-06-01,3737.17,"Sygg, River Cutthroat, Manamorphose, Painter's Servant, Umbral Mantle, Twilight Shepherd"
Shadows over Innistrad Foil Redemption,MTGO Redemption,Other,SOI,2016-05-08,247.31,"Eerie Interlude, Relentless Dead, Archangel Avacyn // Avacyn, the Purifier, Cryptolith Rite, Sorin, Grim Nemesis"
Shadows over Innistrad Redemption,MTGO Redemption,Other,SOI,2016-05-08,247.31,"Eerie Interlude, Relentless Dead, Archangel Avacyn // Avacyn, the Purifier, Cryptolith Rite, Sorin, Grim Nemesis"
Shallow Graves,Intro Pack,Other,EMN,2016-07-22,6.95,"Cryptbreaker, Liliana's Indignation, Graf Harvest, Noosegraf Mob, Exultant Cultist"
Shamanism,Theme Deck,Other,MOR,2008-02-01,216.23,"Thornbite Staff, Bosk Banneret, Leaf-Crowned Elder, Lignify, Swamp"
Shapeshifter,Shandalar Enemy Deck,Other,PAST,1997-04-01,549.58,"Triskelion, Mishra's Factory, Mana Vault, Hurkyl's Recall, Ivory Tower"
Shapeshifters,Jumpstart,Other,J22,2022-12-02,31.38,"Pirated Copy, Mirror Image, Bloodline Pretender, Amoeboid Changeling, Universal Automaton"
Shards of Alara Foil Redemption,MTGO Redemption,Other,ALA,2008-11-02,1034.37,"Ad Nauseam, Elspeth, Knight-Errant, Tezzeret the Seeker, Mayael the Anima, Ajani Vengeant"
Shards of Alara Redemption,MTGO Redemption,Other,ALA,2008-11-02,1034.37,"Ad Nauseam, Elspeth, Knight-Errant, Tezzeret the Seeker, Mayael the Anima, Ajani Vengeant"
"Shawn Hammer Regnier, Quarterfinalist",Pro Tour Deck,Other,PTC,1996-05-01,99.18,"Land Tax, City of Brass, Island, Mishra's Factory, Island"
Sheldon's Spellbook,Secret Lair Drop,Other,SLD,2024-07-03,87.98,"Teferi's Protection, Sol Ring, Inkshield, Command Tower, Eladamri's Vineyard"
Sheldon's Spellbook Foil Edition,Secret Lair Drop,Other,SLD,2024-07-03,87.98,"Teferi's Protection, Sol Ring, Inkshield, Command Tower, Eladamri's Vineyard"
Showcase: All Will Be One Step-and-Compleat Edition,Secret Lair Drop,Other,SLD,2023-04-14,55.47,"Phyrexian Crusader, Glissa, the Traitor, Phyrexian Unlife, Ertai, the Corrupted, Plague Engineer"
Showcase: Bloomburrow,Secret Lair Drop,Other,SLD,2024-07-30,63.25,"Tezzeret, Master of the Bridge, Sorin Markov, Kiora, Behemoth Beckoner, Vraska, Golgari Queen, Huatli, Radiant Champion"
Showcase: Bloomburrow Foil Edition,Secret Lair Drop,Other,SLD,2024-07-30,63.25,"Tezzeret, Master of the Bridge, Sorin Markov, Kiora, Behemoth Beckoner, Vraska, Golgari Queen, Huatli, Radiant Champion"
Showcase: Dominaria United Textured Foil Edition,Secret Lair Drop,Other,SLD,2022-10-25,36.0,"Nicol Bolas, Vaevictis Asmadi, Chromium, Palladia-Mors, Arcades Sabboth"
Showcase: Duskmourn,Secret Lair Drop,Other,SLD,2024-10-01,39.76,"Dauthi Voidwalker, Phyrexian Metamorph, Magus of the Moon, Witch's Oven, Cauldron Familiar"
Showcase: Duskmourn Foil Edition,Secret Lair Drop,Other,SLD,2024-10-01,39.76,"Dauthi Voidwalker, Phyrexian Metamorph, Magus of the Moon, Witch's Oven, Cauldron Familiar"
Showcase: Kaldheim - Part 1,Secret Lair Drop,Other,SLD,2021-04-13,59.36,"Uro, Titan of Nature's Wrath, Primeval Titan, Frost Titan"
Showcase: Kaldheim - Part 1 Foil Edition,Secret Lair Drop,Other,SLD,2021-04-13,59.36,"Uro, Titan of Nature's Wrath, Primeval Titan, Frost Titan"
Showcase: Kaldheim - Part 2,Secret Lair Drop,Other,SLD,2021-04-13,28.38,"Grave Titan, Kroxa, Titan of Death's Hunger, Inferno Titan"
Showcase: Kaldheim - Part 2 Foil Edition,Secret Lair Drop,Other,SLD,2021-04-13,28.38,"Grave Titan, Kroxa, Titan of Death's Hunger, Inferno Titan"
Showcase: March of the Machine Vol. 1,Secret Lair Drop,Other,SLD,2023-04-28,137.33,"Walking Ballista, The World Tree, Wheel and Deal, Questing Beast, Olivia Voldaren"
Showcase: March of the Machine Vol. 2,Secret Lair Drop,Other,SLD,2023-04-28,106.5,"Higure, the Still Wind, Nezahal, Primal Tide, Xantcha, Sleeper Agent, Mina and Denn, Wildborn, Dragonlord Kolaghan"
Showcase: March of the Machine Vol. 3,Secret Lair Drop,Other,SLD,2023-04-28,181.75,"Misdirection, Nyxbloom Ancient, Utvara Hellkite, Kogla, the Titan Ape, Jhoira, Weatherlight Captain"
Showcase: Midnight Hunt,Secret Lair Drop,Other,SLD,2022-01-28,95.93,"Vault of the Archangel, Gavony Township, Kessig Wolf Run, Alchemist's Refuge, Slayers' Stronghold"
Showcase: Midnight Hunt Foil Edition,Secret Lair Drop,Other,SLD,2022-01-28,95.93,"Vault of the Archangel, Gavony Township, Kessig Wolf Run, Alchemist's Refuge, Slayers' Stronghold"
Showcase: Murders at Karlov Manor,Secret Lair Drop,Other,SLD,2024-02-23,32.24,"Vilis, Broker of Blood, Gonti, Lord of Luxury, Grenzo, Dungeon Warden, Anowon, the Ruin Thief"
Showcase: Murders at Karlov Manor Foil Edition,Secret Lair Drop,Other,SLD,2024-02-23,38.0,"Vilis, Broker of Blood, Gonti, Lord of Luxury, Grenzo, Dungeon Warden, Anowon, the Ruin Thief"
Showcase: Neon Dynasty Neon Ink Foil Edition,Secret Lair Drop,Other,SLD,2022-07-22,87.67,"Ghostly Prison, Freed from the Real, Hall of the Bandit Lord, Boseiju, Who Shelters All"
Showcase: Outlaws of Thunder Junction,Secret Lair Drop,Other,SLD,2024-05-30,29.83,"Magda, Brazen Outlaw, Kalitas, Traitor of Ghet, Dack Fayden, Greasefang, Okiba Boss"
Showcase: Outlaws of Thunder Junction Foil Edition,Secret Lair Drop,Other,SLD,2024-05-30,29.83,"Magda, Brazen Outlaw, Kalitas, Traitor of Ghet, Dack Fayden, Greasefang, Okiba Boss"
Showcase: Streets of New Capenna Gilded Foil Edition,Secret Lair Drop,Other,SLD,2022-08-05,62.77,"Atraxa, Praetors' Voice, Breya, Etherium Shaper, Yidris, Maelstrom Wielder"
Showcase: Strixhaven,Secret Lair Drop,Other,SLD,2021-08-25,66.9,"All Is Dust, Drown in the Loch, Fire Covenant, Artifact Mutation, Fractured Identity"
Showcase: Strixhaven Foil Edition,Secret Lair Drop,Other,SLD,2021-08-25,66.9,"All Is Dust, Drown in the Loch, Fire Covenant, Artifact Mutation, Fractured Identity"
Showcase: The Lost Caverns of Ixalan,Secret Lair Drop,Other,SLD,2023-12-05,56.64,"Elenda, the Dusk Rose, Kumena, Tyrant of Orazca, Captain Lannery Storm, Admiral Beckett Brass, Vona, Butcher of Magan"
Showcase: The Lost Caverns of Ixalan Foil Edition,Secret Lair Drop,Other,SLD,2023-12-05,66.88,"Kumena, Tyrant of Orazca, Elenda, the Dusk Rose, Captain Lannery Storm, Admiral Beckett Brass, Vona, Butcher of Magan"
Showcase: Zendikar Revisited,Secret Lair Drop,Other,SLD,2020-09-25,127.3,"Avenger of Zendikar, Admonition Angel, Roil Elemental, Zulaport Cutthroat, Warren Instigator"
Showcase: Zendikar Revisited Foil Edition,Secret Lair Drop,Other,SLD,2020-09-25,127.3,"Avenger of Zendikar, Admonition Angel, Roil Elemental, Zulaport Cutthroat, Warren Instigator"
Shrines,Jumpstart,Other,TLE,2025-11-20,8.42,"Hei Bai, Forest Guardian, Northern Air Temple, Forest, The Spirit Oasis, Kyoshi Island Plaza"
Shu Kingdom,Theme Deck,Other,PTK,1999-05-01,137.53,"Guan Yu, Sainted Warrior, Liu Bei, Lord of Shu, Kongming, ""Sleeping Dragon"", Shu General, Plains"
Sidestep,Theme Deck,Other,EVE,2008-07-25,68.36,"Clout of the Dominus, Dominus of Fealty, Mindwrack Liege, Island, Inside Out"
Siege Engines,Jumpstart,Other,TLE,2025-11-20,0.0,"The Fire Nation Drill, Heartless Act, Thriving Moor, Swamp, Fire Navy Trebuchet"
Signature Spellbook: Chandra,Box Set,Other,SS3,2020-06-26,57.6,"Pyroblast, Rite of Flame, Chandra, Torch of Defiance, Past in Flames, Fiery Confluence"
Signature Spellbook: Gideon,Box Set,Other,SS2,2019-06-28,43.67,"Blackblade Reforged, True Conviction, Shielded by Faith, Path to Exile, Worship"
Signature Spellbook: Jace,Box Set,Other,SS1,2018-06-15,52.92,"Mystical Tutor, Blue Elemental Blast, Gifts Ungiven, Brainstorm, Counterspell"
Silver Deck,Starter Deck,Other,7ED,2001-04-11,462.76,"Sleight of Hand, Vizzerdrix, Island, Breath of Life, Island"
Silver Pack,Advanced Pack,Other,8ED,2003-07-28,9.59,"Holy Day, Plains, Island, Rod of Ruin, Sanctimony"
Sim Han How - Squirrel Opposition,World Championship Deck,Other,WC02,2002-08-14,52.04,"Yavimaya Coast, Shivan Reef, Birds of Paradise, Island, Island"
Simic,Guild Kit,Other,GK2,2019-02-15,29.71,"Guardian Project, Omnibian, Simic Ascendancy, Gyre Sage, Trollbred Guardian"
Simic Combine,Arena Starter Deck,Other,M20,2019-05-03,40.78,"Biomancer's Familiar, Breeding Pool, Incubation Druid, Hydroid Krasis, Growth Spiral"
Simic Combine 1,Jumpstart,Other,CLU,2024-02-23,4.34,"Slip Out the Back, Rapid Hybridization, Master Biomancer, Simic Signet, Scuttling Sentinel"
Simic Combine 2,Jumpstart,Other,CLU,2024-02-23,6.98,"Lonis, Genetics Expert, Scuttling Sentinel, Hydroid Krasis, Duskshell Crawler, Ivy Lane Denizen"
Simic Domination,Intro Pack,Other,DGM,2013-05-03,15.5,"Gyre Sage, Bred for the Hunt, Vorel of the Hull Clade, Forest, Forest"
Simic Mutology,Theme Deck,Other,DIS,2006-05-05,108.67,"Protean Hulk, Simic Growth Chamber, Experiment Kraj, Simic Guildmage, Coiling Oracle"
Simic Synthesis,Intro Pack,Other,GTC,2013-02-01,10.51,"Tower Defense, Unexpected Results, Ivy Lane Denizen, Bioshift, Urban Evolution"
Sky Patrol,Arena Starter Deck,Other,AFR,2021-09-24,14.19,"Hengegate Pathway // Mistgate Pathway, Grazilaxx, Illithid Scholar, Saw It Coming, Starnheim Unleashed, Luminarch Aspirant"
Sky Slam,Theme Deck,Other,8ED,2003-07-28,23.31,"Mana Leak, Urza's Armor, Island, Island, Island"
Slaughterhouse,Intro Pack,Other,AVR,2012-05-04,18.17,"Blood Artist, Reassembling Skeleton, Swamp, Swamp, Harvester of Souls"
Slay the Day,Secret Lair Drop,Other,SLD,2025-05-19,55.8,"Marwyn, the Nurturer, Oloro, Ageless Ascetic, Sythis, Harvest's Hand, Liesa, Shroud of Dusk"
Sleeper,Theme Deck,Other,USG,1998-10-12,0.0,"Plains, Plains, Plains, Plains, Barrin's Codex"
Sleeper - Enhanced Deck,Enhanced Deck,Other,USG,1998-10-12,81.02,"Argothian Enchantress, Oath of Lieges, Worship, Pariah, Endless Wurm"
Slither,Theme Deck,Other,PCY,2000-06-05,280.77,"Reverent Silence, Seal of Fire, Citadel of Pain, Invigorate, Vine Trellis"
Sliver Evolution,Theme Deck,Other,TSP,2006-10-06,201.63,"Gemstone Mine, Avoid Fate, Pulmonic Sliver, Spirit Loop, Spined Sliver"
Sliver Shivers,Theme Deck,Other,LGN,2003-02-03,345.9,"Shifting Sliver, Brood Sliver, Lonely Sandbar, Essence Sliver, Root Sliver"
Slivers,Premium Deck,Other,H09,2009-11-20,123.55,"Sliver Overlord, Coat of Arms, Heart Sliver, Crystalline Sliver, Brood Sliver"
Smashing (1),Jumpstart,Other,JMP,2020-07-17,1.68,"Unleash Fury, Volcanic Salvo, Heartfire Immolator, Shock, Furious Rise"
Smashing (2),Jumpstart,Other,JMP,2020-07-17,0.0,"Volcanic Salvo, Heartfire Immolator, Furious Rise, Fling, Mountain"
Smashing (3),Jumpstart,Other,JMP,2020-07-17,2.9,"Unleash Fury, Sarkhan's Unsealing, Hamletback Goliath, Heartfire Immolator, Furious Rise"
Smashing (4),Jumpstart,Other,JMP,2020-07-17,0.0,"Etali, Primal Storm, Heartfire Immolator, Furious Rise, Fling, Furor of the Bitten"
Snack Time,Arena Starter Deck,Other,OTJ,2024-07-08,31.1,"Underground Mortuary, Experimental Confectioner, Lich-Knights' Conquest, Bristlebud Farmer, Assassin's Trophy"
Snake's Path,Theme Deck,Other,CHK,2004-10-01,184.95,"Sensei's Divining Top, Time of Need, Sakura-Tribe Elder, Orochi Hatchery, Orochi Leafcaller"
Snakes,Jumpstart,Other,J25,2024-11-07,18.59,"Aphelia, Viper Whisperer, Hooded Blightfang, Night's Whisper, Gorgon Flail, Pharika's Chosen"
Sneak Attack Amazon,Arena Starter Kit,Other,AFR,2021-08-06,6.68,"Mind Flayer, Archmage Emeritus, Red Dragon, Cyclone Summoner, Axgard Cavalry"
Sneak Squad,Arena Promotional Deck,Other,DMU,2022-09-09,8.16,"Mirrorhall Mimic // Ghastly Mimicry, Malevolent Hermit // Benevolent Geist, Consider, Undying Malice, Dismal Backwater"
Snow,Jumpstart,Other,J22,2022-12-02,14.64,"Coldsteel Heart, Isu the Abominable, Snow-Covered Island, Marit Lage's Slumber, Phyrexian Ironfoot"
Snowscape,Theme Deck,Other,CSP,2006-07-21,151.36,"Rimewind Cryomancer, Rimefeather Owl, Heidar, Rimewind Master, Frost Marsh, Coldsteel Heart"
So Salty,Secret Lair Drop,Other,SLD,2025-04-22,93.02,"Scrawling Crawler, Expropriate, Winter Orb, Narset, Parter of Veils, Worst Fears"
Soaring,Jumpstart,Other,MSH,2026-06-26,1.19,"Vulture, Feathered Fiend, Namora, the Sea Queen, Rescue, Pepper Potts, Dismissive Denial, Flying Drone"
Soaring (1),Jumpstart,Other,J25,2024-11-07,0.0,"Cynette, Jelly Drover, Warden of Evos Isle, Winged Words, Windreader Sphinx, Tide Skimmer"
Soaring (2),Jumpstart,Other,J25,2024-11-07,1.83,"Cavalier of Gales, Cynette, Jelly Drover, Warden of Evos Isle, Cartouche of Knowledge, Owl Familiar"
Soaring (3),Jumpstart,Other,J25,2024-11-07,0.0,"Mu Yanling, Sky Dancer, Cynette, Jelly Drover, Winged Words, Cloudkin Seer, Tide Skimmer"
Soaring (4),Jumpstart,Other,J25,2024-11-07,0.0,"Cynette, Jelly Drover, Sprite Noble, Winged Words, Faerie Seer, Stolen by the Fae"
Sole Domination,Intro Pack,Other,M13,2012-07-13,24.76,"Ring of Xathrid, Tormented Soul, Plains, Vampire Nighthawk, Knight of Glory"
Solitary Fiends,Intro Pack,Other,AVR,2012-05-04,23.33,"Swiftfoot Boots, Essence Harvest, Swamp, Island, Swamp"
Song Dance,Challenger Deck,Other,Q03,2019-11-08,20.14,"Sacred Foundry, Feather, the Redeemed, Gideon Blackblade, Dreadhorde Arcanist, Tithe Taker"
Sonic: Chasing Adventure,Secret Lair Drop,Other,SLD,2025-08-08,36.96,"Sol Ring, Fabricate, Unexpected Windfall, Open the Armory, Generous Gift"
Sonic: Chasing Adventure Foil Edition,Secret Lair Drop,Other,SLD,2025-08-08,36.96,"Sol Ring, Fabricate, Unexpected Windfall, Open the Armory, Generous Gift"
Sonic: Friends & Foes,Secret Lair Drop,Other,SLD,2025-08-08,48.04,"Super State, Knuckles the Echidna, Shadow the Hedgehog, Sonic the Hedgehog, Amy Rose"
Sonic: Friends & Foes Foil Edition,Secret Lair Drop,Other,SLD,2025-08-08,48.04,"Super State, Knuckles the Echidna, Shadow the Hedgehog, Sonic the Hedgehog, Amy Rose"
Sonic: Turbo Gear,Secret Lair Drop,Other,SLD,2025-08-08,44.03,"The Reaver Cleaver, Hammer of Nazahn, Lightning Greaves, Swiftfoot Boots, Weatherlight"
Sonic: Turbo Gear Foil Edition,Secret Lair Drop,Other,SLD,2025-08-08,44.03,"The Reaver Cleaver, Hammer of Nazahn, Lightning Greaves, Swiftfoot Boots, Weatherlight"
Soratami's Wisdom,Theme Deck,Other,SOK,2005-06-03,152.83,"Kami of the Crescent Moon, Freed from the Real, Overwhelming Intellect, Graceful Adept, Soramaro, First to Dream"
Sorcerer,Shandalar Enemy Deck,Other,PAST,1997-04-01,337.21,"Mountain, Ali Baba, Brass Man, Winds of Change, Manabarbs"
Sorceress,Shandalar Enemy Deck,Other,PAST,1997-04-01,317.72,"Mountain, Ball Lightning, Blood Lust, Meekstone, Bird Maiden"
Sorin,Duel Deck,Other,DDK,2013-03-15,2.69,"Sorin, Lord of Innistrad, Mesmeric Fiend, Swamp, Unmake, Tainted Field"
"Sorin, Vampire Lord",Planeswalker Deck,Other,M20,2019-07-29,28.55,"Sorin, Vampire Lord, Vampire of the Dire Moon, Dread Presence, Bloodthirsty Aerialist, Swamp"
Sparky Sparky (1),Jumpstart,Other,TLE,2025-11-20,1.08,"Thriving Bluff, Iroh's Demonstration, Ran and Shaw, Zuko, Exiled Prince, Combustion Man"
Sparky Sparky (2),Jumpstart,Other,TLE,2025-11-20,5.02,"Overwhelming Victory, Thriving Bluff, Price of Freedom, Ran and Shaw, Zuko, Exiled Prince"
Special Delivery,Theme Deck,Other,USG,1998-10-12,9.19,"Argothian Wurm, Thran Turbine, Forest, Wildfire, Mountain"
Special Delivery - Enhanced Deck,Enhanced Deck,Other,USG,1998-10-12,240.51,"Cursed Scroll, Wasteland, Reflecting Pool, City of Brass, Searing Touch"
Special Forces,Theme Deck,Other,5DN,2004-06-04,175.73,"Plunge into Darkness, Silver Myr, Acquire, Whispersilk Cloak, Leaden Myr"
Special Guest: Fiona Staples,Secret Lair Drop,Other,SLD,2021-10-29,70.4,"Dryad of the Ilysian Grove, Metallic Mimic, Sakura-Tribe Elder, Soul-Scar Mage, Spell Queller"
Special Guest: Fiona Staples Foil Edition,Secret Lair Drop,Other,SLD,2021-10-29,70.4,"Dryad of the Ilysian Grove, Metallic Mimic, Sakura-Tribe Elder, Soul-Scar Mage, Spell Queller"
Special Guest: Jen Bartel,Secret Lair Drop,Other,SLD,2021-10-29,90.0,"Bloom Tender, Archaeomancer, Mesa Enchantress, Meteor Golem"
Special Guest: Jen Bartel Foil Edition,Secret Lair Drop,Other,SLD,2021-10-29,90.0,"Bloom Tender, Archaeomancer, Mesa Enchantress, Meteor Golem"
Special Guest: Junji Ito,Secret Lair Drop,Other,SLD,2022-12-05,164.31,"Carrion Feeder, Thoughtseize, Doomsday, Plaguecrafter"
Special Guest: Junji Ito Foil Etched Edition,Secret Lair Drop,Other,SLD,2022-12-05,164.31,"Carrion Feeder, Thoughtseize, Doomsday, Plaguecrafter"
Special Guest: Kelogsloops,Secret Lair Drop,Other,SLD,2022-09-13,164.53,"Mystic Remora, Burgeoning, Utopia Sprawl, Retreat to Coralhelm"
Special Guest: Kelogsloops Foil Edition,Secret Lair Drop,Other,SLD,2022-09-13,164.53,"Mystic Remora, Burgeoning, Utopia Sprawl, Retreat to Coralhelm"
Special Guest: Kozyndan: Another Story,Secret Lair Drop,Other,SLD,2022-12-19,127.21,"Serra Ascendant, Demonic Consultation, Winds of Change, Rapid Hybridization, Llanowar Elves"
Special Guest: Kozyndan: Another Story Foil Edition,Secret Lair Drop,Other,SLD,2022-12-19,127.21,"Serra Ascendant, Demonic Consultation, Winds of Change, Rapid Hybridization, Llanowar Elves"
Special Guest: Kozyndan: The Lands,Secret Lair Drop,Other,SLD,2022-12-19,88.7,"Island, Swamp, Plains, Forest, Mountain"
Special Guest: Kozyndan: The Lands Foil Edition,Secret Lair Drop,Other,SLD,2022-12-19,88.7,"Island, Swamp, Plains, Forest, Mountain"
Special Guest: Matt Jukes,Secret Lair Drop,Other,SLD,2022-08-05,78.73,"Dragonskull Summit, Glacial Fortress, Drowned Catacomb, Sunpetal Grove, Rootbound Crag"
Special Guest: Matt Jukes Foil Edition,Secret Lair Drop,Other,SLD,2022-08-05,78.73,"Dragonskull Summit, Glacial Fortress, Drowned Catacomb, Sunpetal Grove, Rootbound Crag"
Special Guest: Yoji Shinkawa,Secret Lair Drop,Other,SLD,2022-12-05,228.76,"Skullclamp, Tezzeret the Seeker, Phyrexian Metamorph, Solemn Simulacrum"
Special Guest: Yoji Shinkawa Foil Edition,Secret Lair Drop,Other,SLD,2022-12-05,228.76,"Skullclamp, Tezzeret the Seeker, Phyrexian Metamorph, Solemn Simulacrum"
Special Guest: Yuko Shimizu,Secret Lair Drop,Other,SLD,2022-07-22,83.68,"Elvish Spirit Guide, Kira, Great Glass-Spinner, Eidolon of the Great Revel, Hokori, Dust Drinker"
Special Guest: Yuko Shimizu Foil Edition,Secret Lair Drop,Other,SLD,2022-07-22,83.68,"Elvish Spirit Guide, Kira, Great Glass-Spinner, Eidolon of the Great Revel, Hokori, Dust Drinker"
Spectral Legions,Intro Pack,Other,ISD,2011-09-30,32.58,"Spirit Mantle, Curiosity, Geist-Honored Monk, Lifelink, Plains"
Spectral Slam,Theme Deck,Other,JUD,2002-05-27,277.35,"Mirari's Wake, Krosan Verge, Forest, Benevolent Bodyguard, Plains"
Spectrum,Theme Deck,Other,INV,2000-10-02,216.88,"Fires of Yavimaya, Fertile Ground, Harrow, Sabertooth Nishoba, Global Ruin"
Speed,Duel Deck,Other,DDN,2014-09-05,12.69,"Fury of the Horde, Goblin Bombardment, Krenko, Mob Boss, Goblin Warchief, Banefire"
Speed Scorch,Theme Deck,Other,8ED,2003-07-28,47.99,"Goblin King, Mountain, Mountain, Mountain, Mogg Sentry"
Speedy,Jumpstart,Other,J22,2022-12-02,24.88,"Kiki-Jiki, Mirror Breaker, Ardoz, Cobbler of War, Bolt Hound, Mudbutton Torchrunner, Nest Robber"
Spellcasting (1),Jumpstart,Other,JMP,2020-07-17,0.0,"Double Vision, Thermo-Alchemist, Heartfire Immolator, Shock, Kinetic Augur"
Spellcasting (2),Jumpstart,Other,JMP,2020-07-17,0.0,"Double Vision, Thermo-Alchemist, Heartfire Immolator, Young Pyromancer, Shock"
Spellcasting (3),Jumpstart,Other,JMP,2020-07-17,4.75,"Dualcaster Mage, Thermo-Alchemist, Heartfire Immolator, Dragon Fodder, Shock"
Spellcasting (4),Jumpstart,Other,JMP,2020-07-17,6.73,"Immolating Gyre, Crash Through, Thermo-Alchemist, Heartfire Immolator, Shock"
Spellpower,Arena Starter Deck,Other,M21,2021-07-03,8.01,"Brazen Borrower // Petty Theft, Shark Typhoon, Wavebreak Hippocamp, Double Vision, Experimental Overload"
Spellslinger Starter Kit - Red Deck,Spellslinger Starter Kit,Other,M20,2019-07-12,16.1,"Glint-Horn Buccaneer, Drakuseth, Maw of Flames, Mountain, Leyline of Combustion, Immortal Phoenix"
Spellslinger Starter Kit - White Deck,Spellslinger Starter Kit,Other,M20,2019-07-12,12.7,"Angelic Guardian, Sephara, Sky's Blade, Bond of Discipline, Inspiring Unicorn, Plains"
Spellweaver,Arena Starter Deck,Other,SNC,2022-09-09,14.54,"Stormcarved Coast, Lier, Disciple of the Drowned, Reckless Impulse, Big Score, Consider"
Spicy,Jumpstart,Other,J22,2022-12-02,11.27,"Auntie Blyte, Bad Influence, Loxodon Warhammer, Spear Spewer, Coalhauler Swine, Goblin Artillery"
Spider-Verse,Jumpstart,Other,MSH,2026-06-26,17.76,"Astonishing Spider-Man, Spider-Man, New Champion, Daily Bugle Newspaper, Iceman and Firestar, Fogwell's Gym"
Spiraling Doom,Event Deck,Other,DKA,2012-02-24,132.09,"Birthing Pod, Hex Parasite, Myr Battlesphere, Diabolic Tutor, Bloodgift Demon"
Spirit,Jumpstart,Other,TLE,2025-11-20,2.56,"Dramatic Reversal, Dutiful Knowledge Seeker, Baboon Spirit, The Spirit Oasis, Octopus Form"
Spirit Flames,Theme Deck,Other,SOK,2005-06-03,29.21,"Elder Pine of Jukai, Arashi, the Sky Asunder, Jiwari, the Earth Aflame, Forest, Mountain"
Spirit Gale,Theme Deck,Other,BRB,1999-11-12,36.43,"Wrath of God, Windfall, Swords to Plowshares, Soul Warden, Island"
Spiritbane,Theme Deck,Other,CHK,2004-10-01,97.28,"Kusari-Gama, Brothers Yamazaki, Kumano, Master Yamabushi, Brothers Yamazaki, No-Dachi"
Spiritcraft,Theme Deck,Other,BOK,2005-02-04,27.5,"Oyobi, Who Split the Heavens, Kodama of the Center Tree, Traproot Kami, Forest, Wear Away"
Spirits,Theme Deck,Other,PSAL,2005-08-01,0.0,"Mountain, Mountain, Mountain, Mountain, Mountain"
Spirits (1),Jumpstart,Other,JMP,2020-07-17,1.23,"Essence Flux, Capture Sphere, Roaming Ghostlight, Island, Island"
Spirits (2),Jumpstart,Other,JMP,2020-07-17,0.0,"Rewind, Capture Sphere, Roaming Ghostlight, Rattlechains, Island"
Spirits 1,Jumpstart,Other,J22,2022-12-02,4.98,"Eidolon of Rhetoric, Selfless Spirit, Chains of Custody, Thriving Heath, Angel of Flight Alabaster"
Spirits 2,Jumpstart,Other,J22,2022-12-02,3.71,"Eidolon of Rhetoric, Hour of Reckoning, Chains of Custody, Thriving Heath, Doomed Traveler"
SpongeBob SquarePants: Internet Sensation,Secret Lair Drop,Other,SLD,2025-03-25,64.46,"Counterspell, Force of Despair, Inevitable Betrayal, Daze, Night's Whisper"
SpongeBob SquarePants: Internet Sensation Foil Edition,Secret Lair Drop,Other,SLD,2025-03-25,64.46,"Counterspell, Force of Despair, Inevitable Betrayal, Daze, Night's Whisper"
SpongeBob SquarePants: Lands Under the Sea,Secret Lair Drop,Other,SLD,2025-03-25,22.72,"Mountain, Island, Forest, Plains, Swamp"
SpongeBob SquarePants: Lands Under the Sea Foil Edition,Secret Lair Drop,Other,SLD,2025-03-25,22.72,"Mountain, Island, Forest, Plains, Swamp"
SpongeBob SquarePants: Legends of Bikini Bottom,Secret Lair Drop,Other,SLD,2025-03-25,63.81,"Jodah, the Unifier, Toxrill, the Corrosive, Toski, Bearer of Secrets, Skrelv, Defector Mite, Grazilaxx, Illithid Scholar"
SpongeBob SquarePants: Legends of Bikini Bottom Foil Edition,Secret Lair Drop,Other,SLD,2025-03-25,63.81,"Jodah, the Unifier, Toxrill, the Corrosive, Toski, Bearer of Secrets, Skrelv, Defector Mite, Grazilaxx, Illithid Scholar"
Spooky (1),Jumpstart,Other,JMP,2020-07-17,0.0,"Swamp, Village Rites, Liliana's Standard Bearer, Caged Zombie, Malefic Scythe"
Spooky (2),Jumpstart,Other,JMP,2020-07-17,2.36,"Harvester of Souls, Swamp, Caged Zombie, Malefic Scythe, Crypt Lurker"
Spooky (3),Jumpstart,Other,JMP,2020-07-17,0.0,"Swamp, Languish, Caged Zombie, Malefic Scythe, Crypt Lurker"
Spooky (4),Jumpstart,Other,JMP,2020-07-17,5.44,"Black Market, Swamp, Caged Zombie, Malefic Scythe, Crypt Lurker"
Squadron,Jumpstart,Other,MSH,2026-06-26,16.29,"Hyperion, Supreme Hero, Zarda, the Power Princess, Nighthawk, Dark Defender, Doctor Spectrum, Blur of Heroism"
Ssssssnakessssss,Secret Lair Drop,Other,SLD,2023-04-14,121.89,"Lotus Cobra, Stonecoil Serpent, Hexdrinker, Ice-Fang Coatl, Seshiro the Anointed"
Ssssssnakessssss Foil Edition,Secret Lair Drop,Other,SLD,2023-04-14,121.89,"Lotus Cobra, Stonecoil Serpent, Hexdrinker, Ice-Fang Coatl, Seshiro the Anointed"
Stalwart (1),Jumpstart,Other,J25,2024-11-07,6.49,"Generous Pup, Ajani, Adversary of Tyrants, Urdnan, Dromoka Warrior, Take Up the Shield, Angelic Cub"
Stalwart (2),Jumpstart,Other,J25,2024-11-07,0.0,"Urdnan, Dromoka Warrior, Cave of Temptation, Basri's Lieutenant, Basri's Solidarity, Patron of the Valiant"
Stalwart (3),Jumpstart,Other,J25,2024-11-07,5.47,"Generous Pup, Urdnan, Dromoka Warrior, Take Up the Shield, Steadfast Unicorn, Banishing Light"
Stalwart (4),Jumpstart,Other,J25,2024-11-07,0.0,"Mikaeus, the Lunarch, Urdnan, Dromoka Warrior, Light of the Legion, Banishing Light, Plains"
Stampede,Theme Deck,Other,5DN,2004-06-04,148.38,"Eternal Witness, Talisman of Impulse, Rite of Passage, Pyrite Spellbomb, Goblin Cannon"
Stampede of Beasts,Intro Pack,Other,M11,2010-07-16,57.36,"Protean Hydra, Whispersilk Cloak, Back to Nature, Cultivate, Overwhelming Stampede"
Stampeding Hordes,Intro Pack,Other,FRF,2015-01-23,9.71,"Deflecting Palm, Goblin Roughrider, Wind-Scarred Crag, Flamerush Rider, Plains"
Starry-Eyed,Arena Starter Deck,Other,M21,2021-07-03,18.43,"Kiora Bests the Sea God, Luminous Broodmoth, Elspeth Conquers Death, All That Glitters, Archon of Sun's Grace"
Starter 2000 sampler pack,Welcome Booster,Other,S00,2000-04-24,0.0,"Spined Wurm, Mountain, Swamp, Island, Forest"
Starter Collection,Box Set,Other,FDN,2024-11-15,42.32,"Swiftfoot Boots, Boros Charm, Basilisk Collar, Aurelia, the Warleader, Massacre Wurm"
Stealthy Subterfuge,Arena Starter Deck,Other,SNC,2022-09-09,17.92,"Shipwreck Marsh, Nashi, Moon Sage's Scion, Thousand-Faced Shadow, Kaito Shizuki, Dismal Backwater"
Stoked (1),Jumpstart,Other,J25,2024-11-07,0.0,"Frontline Heroism, Titan's Strength, Kiln Fiend, Thriving Bluff, Cleon, Merry Champion"
Stoked (2),Jumpstart,Other,J25,2024-11-07,0.0,"Unleash Fury, Dreadhorde Arcanist, Titan's Strength, Kiln Fiend, Thriving Bluff"
Stoked (3),Jumpstart,Other,J25,2024-11-07,0.0,"Unleash Fury, Frontline Heroism, Mirrorwing Dragon, Titan's Strength, Thriving Bluff"
Stoked (4),Jumpstart,Other,J25,2024-11-07,0.0,"Crimson Wisps, Infuriate, Thriving Bluff, Cleon, Merry Champion, Young Pyromancer"
"Stomp, Stomp",Arena Starter Deck,Other,M21,2021-07-03,40.91,"Terror of the Peaks, Ram Through, Return of the Wildspeaker, Unleash Fury, Bonecrusher Giant // Stomp"
Storm Surge,Theme Deck,Other,SCG,2003-05-26,480.22,"Chain of Vapor, Mind's Desire, Lonely Sandbar, Secluded Steppe, Whipcorder"
Storm of Blades,Arena Starter Deck,Other,SNC,2022-09-09,17.07,"Sundown Pass, The Wandering Emperor, Lion Sash, Goro-Goro, Disciple of Ryusei, Thundering Raiju"
Stranger Things,Secret Lair Drop,Other,SLD,2022-01-28,106.97,"Arvinox, the Mind Flail, Cecily, Haunted Mage, Othelm, Sigardian Outcast, Wernog, Rider's Chaplain, Elmar, Ulvenwald Informant"
Stranger Things Foil Edition,Secret Lair Drop,Other,SLD,2022-01-28,106.97,"Arvinox, the Mind Flail, Cecily, Haunted Mage, Othelm, Sigardian Outcast, Wernog, Rider's Chaplain, Elmar, Ulvenwald Informant"
Street Fighter,Secret Lair Drop,Other,SLD,2022-07-22,67.62,"Zethi, Arcane Blademaster, Maarika, Brutal Gladiator, Tadeas, Juniper Ascendant, Vikya, Scorching Stalwart, The Howling Abomination"
Street Fighter Foil Edition,Secret Lair Drop,Other,SLD,2022-07-22,67.62,"Zethi, Arcane Blademaster, Maarika, Brutal Gladiator, Tadeas, Juniper Ascendant, Vikya, Scorching Stalwart, The Howling Abomination"
Street Level Villains,Jumpstart,Other,MSH,2026-06-26,11.09,"Kingpin, Wilson Fisk, Hammerhead, Maggia Boss, Tombstone, Career Criminal, Criminal Enterprise, Deadly Dispute"
Streets of New Capenna Foil Redemption,MTGO Redemption,Other,SNC,2022-05-29,197.05,"Jetmir's Garden, Raffine's Tower, Spara's Headquarters, Xander's Lounge, Ziatora's Proving Ground"
Streets of New Capenna Redemption,MTGO Redemption,Other,SNC,2022-05-29,197.05,"Jetmir's Garden, Raffine's Tower, Spara's Headquarters, Xander's Lounge, Ziatora's Proving Ground"
Streets of New Capenna Welcome Booster,Welcome Booster,Other,SNC,2022-04-29,4.22,"Kogla, the Titan Ape, Sunblast Angel, Ob Nixilis Reignited, Commander's Sphere, Mr. Orfeo, the Boulder"
Strength Of Selesnya,Event Deck,Other,DGM,2013-05-24,103.48,"Parallel Lives, Godless Shrine, Champion of Lambholt, Increasing Devotion, Growing Ranks"
Strength in Numbers,Arena Starter Deck,Other,M19,2018-09-27,20.4,"Leonin Warleader, Goblin Instigator, Kinjalli's Sunwing, Captivating Crew, Clifftop Retreat"
Strike Force,Planechase Deck,Other,HOP,2009-09-04,31.58,"Insurrection, Furnace of Rath, Relic of Progenitus, Goblin Offensive, Soul Warden"
Strixhaven Bundle Land Pack,Bundle Land Pack,Other,STX,2021-04-23,0.0,"Swamp, Swamp, Swamp, Swamp, Plains"
Strixhaven: School of Mages Foil Redemption,MTGO Redemption,Other,STX,2021-05-23,138.91,"Blex, Vexing Pest // Search for Blex, Sedgemoor Witch, Crackle with Power, Wandering Archaic // Explore the Vastlands, Beledros Witherbloom"
Strixhaven: School of Mages Redemption,MTGO Redemption,Other,STX,2021-05-23,138.91,"Blex, Vexing Pest // Search for Blex, Sedgemoor Witch, Crackle with Power, Wandering Archaic // Explore the Vastlands, Beledros Witherbloom"
Sultai Schemers,Intro Pack,Other,KTK,2014-09-26,17.37,"Murderous Cut, Opulent Palace, Treasure Cruise, Typhoid Rats, Wall of Mulch"
Summoner,Shandalar Enemy Deck,Other,PAST,1997-04-01,77.09,"Colossus of Sardia, Birds of Paradise, Force of Nature, Channel, Radjan Spirit"
Sun Empire,Theme Deck,Other,E02,2017-11-24,48.91,"Aggravated Assault, Regisaur Alpha, Quicksilver Amulet, Raging Swordtooth, Path to Exile"
Sunburst,Theme Deck,Other,5DN,2004-06-04,122.73,"Joiner Adept, Energy Chamber, Pentad Prism, Wayfarer's Bauble, Chromatic Sphere"
Superabundance,Theme Deck,Other,EVE,2008-07-25,125.31,"Fable of Wolf and Owl, Cerulean Wisps, Favor of the Overbeing, Slippery Bogle, Nettle Sentinel"
Surge of Resistance,Intro Pack,Other,OGW,2016-01-22,7.67,"Expedite, Reckless Bushwhacker, Rolling Thunder, Stormchaser Mage, Anticipate"
Surprise Attack,Intro Pack,Other,FRF,2015-01-23,3.15,"Reality Shift, Island, Wall of Frost, Secret Plans, Awaken the Bear"
Surprise! (1),Jumpstart,Other,J25,2024-11-07,0.0,"Spectral Sailor, Thryx, the Sudden Storm, Crystacean, Delightful Discovery, Stinging Lionfish"
Surprise! (2),Jumpstart,Other,J25,2024-11-07,0.0,"Pestermite, Voracious Greatshark, Spectral Sailor, Thryx, the Sudden Storm, Starlit Mantle"
Surprise! (3),Jumpstart,Other,J25,2024-11-07,0.0,"Venser, Shaper Savant, Pestermite, Spectral Sailor, Starlit Mantle, Supreme Will"
Surprise! (4),Jumpstart,Other,J25,2024-11-07,0.0,"Wavebreak Hippocamp, Venser, Shaper Savant, Fading Hope, Spectral Sailor, Stinging Lionfish"
Suspended Sentence,Theme Deck,Other,FUT,2007-05-04,86.63,"Clockspinning, Paradox Haze, Reality Strobe, Zoetic Cavern, Reality Acid"
Svend Geertsen - Green Stompy,World Championship Deck,Other,WC97,1997-08-13,34.65,"Winter Orb, Rogue Elephant, Quirion Ranger, Fyndhorn Elves, Forest"
Swarm & Slam,Theme Deck,Other,DST,2004-02-06,82.94,"Myr Matrix, Spawning Pit, Gold Myr, Echoing Courage, Tangle Spider"
Swarming Instinct,Intro Pack,Other,BFZ,2015-10-02,23.49,"Bane of Bala Ged, Kozilek's Channeler, Brood Monitor, Scour from Existence, Titan's Presence"
Sweet Revenge,Event Deck,Other,M13,2012-08-03,46.59,"Darkslick Shores, Faithless Looting, Sulfur Falls, Red Sun's Zenith, Think Twice"
Swift Justice,Intro Pack,Other,DKA,2012-02-03,9.57,"Stromkirk Noble, Fiend Hunter, Mountain, Plains, Niblis of the Urn"
Swoop,Theme Deck,Other,APC,2001-06-04,270.31,"Chromatic Sphere, Mystic Snake, Wash Out, Fertile Ground, Urborg Elf"
Swordmaster,Jumpstart,Other,TLE,2025-11-20,9.94,"Duelist's Heritage, Sokka, Swordmaster, Thriving Heath, Plains, Inspired Insurgent"
Sylvan Wisdom,Arena Starter Deck,Other,LTR,2023-06-20,40.53,"Nissa, Resurgent Animist, Tribute to the World Tree, Ezuri, Stalker of Spheres, Yavimaya Coast, Elrond, Master of Healing"
Tactical Assault,Arena Starter Deck,Other,M19,2018-09-27,9.59,"Leonin Warleader, Zetalpa, Primal Dawn, Serra Angel, Herald of Faith, Plains"
Take to the Sky,Intro Pack,Other,ORI,2015-07-17,9.19,"Faerie Miscreant, Celestial Flare, Murder Investigation, Turn to Frog, Plains"
Tales of the Time Stoppers,Secret Lair Drop,Other,SLD,2023-12-05,34.11,"Nexus of Fate, Time Reversal, Beacon of Tomorrows, Time Stop"
Tales of the Time Stoppers Foil Edition,Secret Lair Drop,Other,SLD,2023-12-05,33.88,"Nexus of Fate, Time Reversal, Beacon of Tomorrows, Time Stop"
Tarkir: Dragonstorm Redemption,MTGO Redemption,Other,TDM,2025-05-07,372.33,"Ugin, Eye of the Storms, Elspeth, Storm Slayer, Mountain, Craterhoof Behemoth, Voice of Victory"
Teamwork 1,Jumpstart,Other,J22,2022-12-02,1.68,"Agrus Kos, Eternal Soldier, Angelic Cub, Valorous Stance, Taranika, Akroan Veteran, Thriving Heath"
Teamwork 2,Jumpstart,Other,J22,2022-12-02,1.68,"Agrus Kos, Eternal Soldier, Angelic Cub, Valorous Stance, Thriving Heath, Task Force"
Teenage Mutant Ninja Turtles Bundle Land Pack,Bundle Land Pack,Other,TMT,2026-03-06,0.0,"Swamp, Swamp, Forest, Forest, Mountain"
Teenage Mutant Ninja Turtles: The Last Ronin,Secret Lair Drop,Other,SLD,2026-03-03,56.67,"Mental Misstep, Ink-Eyes, Servant of Oni, Chord of Calling, Anger, Settle the Wreckage"
Teenage Mutant Ninja Turtles: The Last Ronin Foil Edition,Secret Lair Drop,Other,SLD,2026-03-03,56.67,"Mental Misstep, Ink-Eyes, Servant of Oni, Chord of Calling, Anger, Settle the Wreckage"
Teenage Mutant Ninja Turtles: The Mighty Mutanimals,Secret Lair Drop,Other,SLD,2026-03-03,58.7,"Hardened Scales, Triumph of the Hordes, Kediss, Emberclaw Familiar, Pirated Copy, Deepglow Skate"
Teenage Mutant Ninja Turtles: The Mighty Mutanimals Foil Edition,Secret Lair Drop,Other,SLD,2026-03-03,58.7,"Hardened Scales, Triumph of the Hordes, Kediss, Emberclaw Familiar, Pirated Copy, Deepglow Skate"
Teenage Mutant Ninja Turtles: VHS Villains,Secret Lair Drop,Other,SLD,2026-03-03,42.77,"Higure, the Still Wind, Species Specialist, Delver of Secrets // Insectile Aberration, Rampaging Baloths, Triskelion"
Teenage Mutant Ninja Turtles: VHS Villains Foil Edition,Secret Lair Drop,Other,SLD,2026-03-03,42.77,"Higure, the Still Wind, Species Specialist, Delver of Secrets // Insectile Aberration, Rampaging Baloths, Triskelion"
Teeth of the Predator,Duel Of The Planeswalkers Deck,Other,DPA,2010-06-04,18.59,"Vigor, Loxodon Warhammer, Howl of the Night Pack, Blanchwood Armor, Verdant Force"
Teferi,Jumpstart,Other,JMP,2020-07-17,16.27,"Teferi, Master of Time, Teferi's Ageless Insight, Island, Opt, Teferi's Tutelage"
Teferi's Time Trouble,Secret Lair Drop,Other,SLD,2021-12-13,26.4,"Karn, the Great Creator, Teferi, Time Raveler, Dack Fayden"
"Teferi, Timebender",Planeswalker Deck,Other,DOM,2018-04-27,5.09,"Jhoira's Familiar, Teferi, Timebender, Serra Angel, Island, Island"
"Teferi, Timeless Voyager",Planeswalker Deck,Other,M21,2020-07-03,7.27,"Teferi's Ageless Insight, Teferi, Timeless Voyager, Island, Stormwing Entity, Opt"
Temur Avalanche,Intro Pack,Other,KTK,2014-09-26,38.48,"Stubborn Denial, Elvish Mystic, Savage Punch, Frontier Bivouac, Roar of Challenge"
Tenacious,Jumpstart,Other,MSH,2026-06-26,13.41,"Return of the Mole Man, Voracious Brood, White Tiger, Amulet Keeper, Gert and Old Lace, Runaways, Scout the City"
Tenth Edition Fat Pack Land Pack,Bundle Land Pack,Other,10E,2007-07-13,3.42,"Forest, Mountain, Forest, Plains, Swamp"
Tenth Edition Foil Redemption,MTGO Redemption,Other,10E,2007-08-12,2769.16,"Sleeper Agent, Crucible of Worlds, Root Maze, Seedborn Muse, Grave Pact"
Tenth Edition Redemption,MTGO Redemption,Other,10E,2007-08-12,2769.16,"Sleeper Agent, Crucible of Worlds, Root Maze, Seedborn Muse, Grave Pact"
Tezzeret,Duel Deck,Other,DDF,2010-09-03,38.05,"Tezzeret the Seeker, Energy Chamber, Foil, Thoughtcast, Darksteel Citadel"
"Tezzeret, Master of Metal",Planeswalker Deck,Other,AER,2017-01-20,2.69,"Tezzeret, Master of Metal, Ornithopter, Island, Reverse Engineer, Swamp"
Thalia: Beyond the Helvault,Secret Lair Drop,Other,SLD,2020-03-12,15.81,"Thalia, Guardian of Thraben, Thalia, Guardian of Thraben, Thalia, Guardian of Thraben, Thalia, Guardian of Thraben"
Thallids,Theme Deck,Other,PSAL,2005-08-01,0.0,"Forest, Forest, Forest, Forest, Forest"
The '90s Binder Experience,Secret Lair Drop,Other,SLD,2023-04-14,158.07,"Exotic Orchard, Rin and Seri, Inseparable, Goreclaw, Terror of Qal Sisma, Alms Collector, Crested Sunmare"
The '90s Binder Experience Foil Edition,Secret Lair Drop,Other,SLD,2023-04-14,158.07,"Exotic Orchard, Rin and Seri, Inseparable, Goreclaw, Terror of Qal Sisma, Alms Collector, Crested Sunmare"
The Adventurers,Intro Pack,Other,ZEN,2009-10-02,23.09,"Lightning Bolt, Turntimber Ranger, Kazuul Warlord, Greenweaver Druid, Oran-Rief Survivalist"
The Art of Frank Frazetta,Secret Lair Drop,Other,SLD,2022-12-19,281.15,"Dark Ritual, Seize the Day, Midnight Reaper, Temporal Manipulation, Field Marshal"
The Art of Frank Frazetta Foil Edition,Secret Lair Drop,Other,SLD,2022-12-19,281.15,"Dark Ritual, Seize the Day, Midnight Reaper, Temporal Manipulation, Field Marshal"
The Art of Frank Frazetta: The Second Exhibition,Secret Lair Drop,Other,SLD,2025-06-10,79.32,"Aggravated Assault, Desperate Ritual, Zulaport Cutthroat, Deadly Dispute, Murderous Rider // Swift End"
The Art of Frank Frazetta: The Second Exhibition Foil Edition,Secret Lair Drop,Other,SLD,2025-06-10,79.32,"Aggravated Assault, Desperate Ritual, Zulaport Cutthroat, Deadly Dispute, Murderous Rider // Swift End"
The Astrology Lands: Aquarius,Secret Lair Drop,Other,SLD,2022-05-15,4.97,Island
The Astrology Lands: Aquarius Foil Edition,Secret Lair Drop,Other,SLD,2022-05-15,4.97,Island
The Astrology Lands: Aries,Secret Lair Drop,Other,SLD,2022-07-29,6.86,Mountain
The Astrology Lands: Aries Foil Edition,Secret Lair Drop,Other,SLD,2022-07-29,6.86,Mountain
The Astrology Lands: Cancer,Secret Lair Drop,Other,SLD,2022-10-21,7.25,Plains
The Astrology Lands: Cancer Foil Edition,Secret Lair Drop,Other,SLD,2022-10-21,7.25,Plains
The Astrology Lands: Capricorn,Secret Lair Drop,Other,SLD,2022-04-29,6.27,Swamp
The Astrology Lands: Capricorn Foil Edition,Secret Lair Drop,Other,SLD,2022-04-29,6.27,Swamp
The Astrology Lands: Gemini,Secret Lair Drop,Other,SLD,2022-09-23,7.66,Mountain
The Astrology Lands: Gemini Foil Edition,Secret Lair Drop,Other,SLD,2022-09-23,7.66,Mountain
The Astrology Lands: Leo,Secret Lair Drop,Other,SLD,2022-10-04,6.88,Plains
The Astrology Lands: Leo Foil Edition,Secret Lair Drop,Other,SLD,2022-10-04,6.88,Plains
The Astrology Lands: Libra,Secret Lair Drop,Other,SLD,2022-10-25,5.68,Plains
The Astrology Lands: Libra Foil Edition,Secret Lair Drop,Other,SLD,2022-10-25,5.68,Plains
The Astrology Lands: Pisces,Secret Lair Drop,Other,SLD,2022-07-29,5.62,Island
The Astrology Lands: Pisces Foil Edition,Secret Lair Drop,Other,SLD,2022-07-29,5.62,Island
The Astrology Lands: Sagittarius,Secret Lair Drop,Other,SLD,2022-12-27,23.78,Forest
The Astrology Lands: Sagittarius Foil Edition,Secret Lair Drop,Other,SLD,2022-12-27,23.78,Forest
The Astrology Lands: Scorpio,Secret Lair Drop,Other,SLD,2022-12-27,18.97,Swamp
The Astrology Lands: Scorpio Foil Edition,Secret Lair Drop,Other,SLD,2022-12-27,18.97,Swamp
The Astrology Lands: Taurus,Secret Lair Drop,Other,SLD,2022-09-02,5.93,Forest
The Astrology Lands: Taurus Foil Edition,Secret Lair Drop,Other,SLD,2022-09-02,5.93,Forest
The Astrology Lands: Virgo,Secret Lair Drop,Other,SLD,2022-10-25,5.36,Island
The Astrology Lands: Virgo Foil Edition,Secret Lair Drop,Other,SLD,2022-10-25,5.36,Island
The Beauty of the Beasts,Secret Lair Drop,Other,SLD,2024-02-23,119.0,"Scourge of Valkas, Felidar Guardian, Voracious Hydra, Serpent of Yawning Depths, Peregrine Drake"
The Beauty of the Beasts Foil Edition,Secret Lair Drop,Other,SLD,2024-02-23,171.81,"Scourge of Valkas, Felidar Guardian, Peregrine Drake, Voracious Hydra, Serpent of Yawning Depths"
The Brazen Coalition,Arena Starter Deck,Other,DOM,2018-03-22,15.2,"Forerunner of the Coalition, Dire Fleet Ravager, Fanatical Firebrand, Captivating Crew, Fell Flagship"
The Brothers' War Foil Redemption,MTGO Redemption,Other,BRO,2023-01-04,237.49,"Portal to Phyrexia, Awaken the Woods, Myrel, Shield of Argive, Diabolic Intent, Cityscape Leveler"
The Brothers' War Redemption,MTGO Redemption,Other,BRO,2023-01-04,237.49,"Portal to Phyrexia, Awaken the Woods, Myrel, Shield of Argive, Diabolic Intent, Cityscape Leveler"
The Coalition,Duel Deck,Other,DDE,2010-03-19,3.34,"Island, Armadillo Cloak, Treva, the Renewer, Harrow, Darigaaz, the Igniter"
The Deluge,Theme Deck,Other,BRB,1999-11-12,45.51,"Land Tax, Catastrophe, Dirtcowl Wurm, Plains, Plains"
The Dracula Lands,Secret Lair Drop,Other,SLD,2022-05-06,64.13,"Swamp, Plains, Mountain, Forest, Island"
The Dracula Lands Foil Edition,Secret Lair Drop,Other,SLD,2022-05-06,64.13,"Swamp, Plains, Mountain, Forest, Island"
The Evil Dead,Secret Lair Drop,Other,SLD,2023-12-18,181.87,"Field of the Dead, Puresteel Paladin, Varina, Lich Queen, Vanquish the Horde, Zombie Apocalypse"
The Evil Dead Foil Edition,Secret Lair Drop,Other,SLD,2023-12-18,181.87,"Field of the Dead, Puresteel Paladin, Varina, Lich Queen, Vanquish the Horde, Zombie Apocalypse"
The Eyes Have It,Secret Lair Drop,Other,SLD,2026-05-12,47.13,"Gitaxian Probe, Opt, Counterbalance, Otherworldly Gaze, Baleful Strix"
The Eyes Have It Foil Edition,Secret Lair Drop,Other,SLD,2026-05-12,47.13,"Gitaxian Probe, Opt, Counterbalance, Otherworldly Gaze, Baleful Strix"
The Fairest Drop of All Foil Edition,Secret Lair Drop,Other,SLD,2024-12-10,41.22,"Tuvasa the Sunlit // Tuvasa the Sunlit, Steely Resolve // Steely Resolve, Estrid's Invocation // Estrid's Invocation, Estrid, the Masked // Estrid, the Masked"
The Flames of Rath,Theme Deck,Other,TMP,1997-10-14,19.55,"Furnace of Rath, Searing Touch, Goblin Bombardment, Soltari Guerrillas, Mogg Fanatic"
The Full-Text Lands,Secret Lair Drop,Other,SLD,2021-08-25,49.57,"Island, Mountain, Swamp, Forest, Plains"
The Full-Text Lands Foil Edition,Secret Lair Drop,Other,SLD,2021-08-25,49.57,"Island, Mountain, Swamp, Forest, Plains"
The Godzilla Lands,Secret Lair Drop,Other,SLD,2020-05-07,0.0,"Plains, Island, Swamp, Mountain, Forest"
The Hobbit Bundle Land Pack,Bundle Land Pack,Other,HOB,2026-01-23,30.0,"Plains, Plains, Island, Island, Swamp"
The Last of Us Part I,Secret Lair Drop,Other,SLD,2025-11-06,29.97,"Cabal Ritual, Ellie, Brick Master, Haunted One, Joel, Resolute Survivor"
The Last of Us Part I Foil Edition,Secret Lair Drop,Other,SLD,2025-11-06,29.97,"Cabal Ritual, Ellie, Brick Master, Haunted One, Joel, Resolute Survivor"
The Last of Us Part II,Secret Lair Drop,Other,SLD,2025-11-06,21.85,"Dictate of Erebos, Ellie, Vengeful Hunter, Mycoloth, Abby, Merciless Soldier"
The Last of Us Part II Foil Edition,Secret Lair Drop,Other,SLD,2025-11-06,21.85,"Dictate of Erebos, Ellie, Vengeful Hunter, Mycoloth, Abby, Merciless Soldier"
The Legion of Dusk,Arena Starter Deck,Other,DOM,2018-03-22,59.92,"Vanquisher's Banner, Forerunner of the Legion, Legion Lieutenant, Vona, Butcher of Magan, Sanctum Seeker"
The Lost Caverns of Ixalan Bundle Land Pack,Bundle Land Pack,Other,LCI,2023-11-17,0.0,"Island, Island, Island, Island, Plains"
The Lost Caverns of Ixalan Foil Redemption,MTGO Redemption,Other,LCI,2023-12-06,438.24,"Cavern of Souls, Roaming Throne, Bloodletter of Aclazotz, Ojer Taq, Deepest Foundation // Temple of Civilization, Ojer Axonil, Deepest Might // Temple of Power"
The Lost Caverns of Ixalan Redemption,MTGO Redemption,Other,LCI,2023-12-06,438.24,"Cavern of Souls, Roaming Throne, Bloodletter of Aclazotz, Ojer Taq, Deepest Foundation // Temple of Civilization, Ojer Axonil, Deepest Might // Temple of Power"
"The Meaning of Life, Maybe",Secret Lair Drop,Other,SLD,2022-12-19,213.46,"Mental Misstep, Forced Fruition, Mind's Dilation, Well of Lost Dreams, Future Sight"
"The Meaning of Life, Maybe Foil Edition",Secret Lair Drop,Other,SLD,2022-12-19,213.46,"Mental Misstep, Forced Fruition, Mind's Dilation, Well of Lost Dreams, Future Sight"
The Might of Galadriel,Box Set,Other,LTC,2023-11-03,67.33,"Galadriel's Dismissal, Galadriel, Light of Valinor, Galadhrim Brigade, Mists of Lórien, Rally the Galadhrim"
The Nightstalkers,Theme Deck,Other,P02,1998-06-24,11.84,"Ancient Craving, Swamp, Swamp, Swamp, Predatory Nightstalker"
The Office: Dwight's Destiny,Secret Lair Drop,Other,SLD,2025-10-27,92.84,"Heliod, Sun-Crowned, Swords to Plowshares, Steelshaper's Gift, Reaper King, Baral, Chief of Compliance"
The Office: Dwight's Destiny Foil Edition,Secret Lair Drop,Other,SLD,2025-10-27,92.84,"Heliod, Sun-Crowned, Swords to Plowshares, Steelshaper's Gift, Reaper King, Baral, Chief of Compliance"
The Path Not Traveled,Secret Lair Drop,Other,SLD,2020-06-03,14.06,"Ajani Steadfast, Vraska, Golgari Queen, Tamiyo, Field Researcher, Domri Rade"
The Plague,Theme Deck,Other,USG,1998-10-12,6.11,"Worship, Pariah, Swamp, Plains, Swamp"
The Plague - Enhanced Deck,Enhanced Deck,Other,USG,1998-10-12,66.81,"Reflecting Pool, Wall of Nets, Dark Ritual, Worship, Pariah"
The Princess Bride,Secret Lair Drop,Other,SLD,2023-11-30,276.54,"Sisay, Weatherlight Captain, Fynn, the Fangbearer, Samut, Voice of Dissent, Silence, Brion Stoutarm"
The Princess Bride Foil Edition,Secret Lair Drop,Other,SLD,2023-11-30,276.54,"Sisay, Weatherlight Captain, Fynn, the Fangbearer, Samut, Voice of Dissent, Silence, Brion Stoutarm"
The River Heralds,Arena Starter Deck,Other,DOM,2018-03-22,53.33,"Herald of Secret Streams, Tishana, Voice of Thunder, Hadana's Climb // Winged Temple of Orazca, Mist-Cloaked Herald, Forerunner of the Heralds"
The Siege of Alexandria,Box Set,Other,FIN,2025-06-13,99.44,"Vivi's Persistence, Brilliant Wings, Judgment of Alexander, Search for Dagger, Amarant Coral"
The Slivers,Theme Deck,Other,TMP,1997-10-14,4.33,"Counterspell, Ertai's Meddling, Extinction, Winged Sliver, Fevered Convulsions"
The Slivers - Advanced Deck,Advanced Deck,Other,TMP,1997-10-14,14.97,"Underground River, Impulse, Nevinyrral's Disk, Counterspell, Winged Sliver"
The Space Beyond the Stars,Secret Lair Drop,Other,SLD,2022-12-05,51.42,"Stasis, Prismatic Omen, Imprisoned in the Moon, Wheel of Sun and Moon"
The Space Beyond the Stars Foil Edition,Secret Lair Drop,Other,SLD,2022-12-05,51.42,"Stasis, Prismatic Omen, Imprisoned in the Moon, Wheel of Sun and Moon"
The Sparkler,Theme Deck,Other,STH,1998-03-02,25.75,"Propaganda, Intruder Alarm, Searing Touch, Reins of Power, Counterspell"
The Sparkler - Advanced Deck,Advanced Deck,Other,STH,1998-03-02,24.55,"Propaganda, Searing Touch, Jokulhaups, Impulse, Counterspell"
The Spikes,Theme Deck,Other,STH,1998-03-02,19.75,"Hermit Druid, Heartstone, Spike Feeder, Forest, Forest"
The Spikes - Advanced Deck,Advanced Deck,Other,STH,1998-03-02,152.88,"Reflecting Pool, Undiscovered Paradise, City of Brass, Armageddon, Gemstone Mine"
The Stars Gaze Back,Secret Lair Drop,Other,SLD,2023-08-29,89.75,"Omnath, Locus of Rage, Flamekin Harbinger, Risen Reef, Voice of Resurgence"
The Stars Gaze Back Foil Edition,Secret Lair Drop,Other,SLD,2023-08-29,89.75,"Omnath, Locus of Rage, Flamekin Harbinger, Risen Reef, Voice of Resurgence"
The Strange Sands: Forest,Secret Lair Drop,Other,SLD,2025-01-15,4.1,Forest
The Strange Sands: Forest Foil Edition,Secret Lair Drop,Other,SLD,2025-01-15,4.1,Forest
The Strange Sands: Island,Secret Lair Drop,Other,SLD,2025-01-15,12.64,Island
The Strange Sands: Island Foil Edition,Secret Lair Drop,Other,SLD,2025-01-15,12.64,Island
The Strange Sands: Mountain,Secret Lair Drop,Other,SLD,2025-01-15,4.88,Mountain
The Strange Sands: Mountain Foil Edition,Secret Lair Drop,Other,SLD,2025-01-15,4.88,Mountain
The Strange Sands: Plains,Secret Lair Drop,Other,SLD,2025-01-15,2.87,Plains
The Strange Sands: Plains Foil Edition,Secret Lair Drop,Other,SLD,2025-01-15,2.87,Plains
The Strange Sands: Swamp,Secret Lair Drop,Other,SLD,2025-01-15,4.52,Swamp
The Strange Sands: Swamp Foil Edition,Secret Lair Drop,Other,SLD,2025-01-15,4.52,Swamp
The Sun Empire,Arena Starter Deck,Other,DOM,2018-03-22,36.87,"Forerunner of the Empire, Samut, Voice of Dissent, Verdant Sun's Avatar, Ranging Raptors, Needletooth Raptor"
The Swarm,Theme Deck,Other,TMP,1997-10-14,111.77,"Aluren, Recycle, Muscle Sliver, Forest, Forest"
The Swarm - Advanced Deck,Advanced Deck,Other,TMP,1997-10-14,143.36,"Aluren, Birds of Paradise, Armageddon, Brushland, Uktabi Orangutan"
The Tokyo Lands,Secret Lair Drop,Other,SLD,2022-09-13,88.92,"Plains, Swamp, Forest, Island, Mountain"
The Tokyo Lands Foil Etched Edition,Secret Lair Drop,Other,SLD,2022-09-13,88.92,"Plains, Swamp, Forest, Island, Mountain"
The Unfathomable Crushing Brutality of Basic Lands,Secret Lair Drop,Other,SLD,2021-04-13,72.08,"Swamp, Mountain, Island, Forest, Plains"
The Unfathomable Crushing Brutality of Basic Lands Foil Edition,Secret Lair Drop,Other,SLD,2021-04-13,72.08,"Swamp, Mountain, Island, Forest, Plains"
The Walking Dead,Secret Lair Drop,Other,SLD,2020-10-13,90.93,"Greymond, Avacyn's Stalwart, Hansk, Slayer Zealot, Malik, Grim Manipulator, Gregor, Shrewd Magistrate, Enkira, Hostile Scavenger"
The Weirdest Pets in the Multiverse,Secret Lair Drop,Other,SLD,2022-12-05,74.99,"Beast Whisperer, Stitcher's Supplier, Laboratory Maniac, Wood Elves, Vizier of the Menagerie"
The Weirdest Pets in the Multiverse Foil Edition,Secret Lair Drop,Other,SLD,2022-12-05,74.99,"Beast Whisperer, Stitcher's Supplier, Laboratory Maniac, Wood Elves, Vizier of the Menagerie"
The Wilds and the Deep,Intro Pack,Other,JOU,2014-05-02,32.04,"Archetype of Imagination, Kiora's Follower, Triton Shorestalker, Forest, Market Festival"
Theros Beyond Death Bundle Land Pack,Bundle Land Pack,Other,THB,2020-01-24,0.0,"Plains, Plains, Mountain, Mountain, Plains"
Theros Beyond Death Foil Redemption,MTGO Redemption,Other,THB,2020-02-23,301.29,"Shadowspear, Thassa, Deep-Dwelling, Nyxbloom Ancient, Thassa's Oracle, Heliod, Sun-Crowned"
Theros Beyond Death Redemption,MTGO Redemption,Other,THB,2020-02-23,301.29,"Shadowspear, Thassa, Deep-Dwelling, Nyxbloom Ancient, Thassa's Oracle, Heliod, Sun-Crowned"
Theros Foil Redemption,MTGO Redemption,Other,THS,2013-10-27,517.78,"Nykthos, Shrine to Nyx, Swan Song, Purphoros, God of the Forge, Medomai the Ageless, Erebos, God of the Dead"
Theros Redemption,MTGO Redemption,Other,THS,2013-10-27,517.78,"Nykthos, Shrine to Nyx, Swan Song, Purphoros, God of the Forge, Medomai the Ageless, Erebos, God of the Dead"
Theros Stargazing: Vol. I (Heliod),Secret Lair Drop,Other,SLD,2020-02-14,65.48,"Iroas, God of Victory, Heliod, God of the Sun, Karametra, God of Harvests"
Theros Stargazing: Vol. II (Thassa),Secret Lair Drop,Other,SLD,2020-02-14,54.8,"Thassa, God of the Sea, Ephara, God of the Polis, Kruphix, God of Horizons"
Theros Stargazing: Vol. III (Erebos),Secret Lair Drop,Other,SLD,2020-02-14,99.9,"Athreos, God of Passage, Phenax, God of Deception, Erebos, God of the Dead"
Theros Stargazing: Vol. IV (Purphoros),Secret Lair Drop,Other,SLD,2020-02-14,87.31,"Purphoros, God of the Forge, Keranos, God of Storms, Mogis, God of Slaughter"
Theros Stargazing: Vol. V (Nylea),Secret Lair Drop,Other,SLD,2020-02-14,51.14,"Xenagos, God of Revels, Nylea, God of the Hunt, Pharika, God of Affliction"
They Grow Up So Fast,Secret Lair Drop,Other,SLD,2025-03-25,48.22,"Dragonlord Dromoka // Dragonlord Dromoka, Dragonlord Kolaghan // Dragonlord Kolaghan, Dragonlord Atarka // Dragonlord Atarka, Dragonlord Silumgar // Dragonlord Silumgar, Dragonlord Ojutai // Dragonlord Ojutai"
They Grow Up So Fast Foil Edition,Secret Lair Drop,Other,SLD,2025-03-25,48.22,"Dragonlord Dromoka // Dragonlord Dromoka, Dragonlord Kolaghan // Dragonlord Kolaghan, Dragonlord Atarka // Dragonlord Atarka, Dragonlord Silumgar // Dragonlord Silumgar, Dragonlord Ojutai // Dragonlord Ojutai"
Think Again 1,Jumpstart,Other,J22,2022-12-02,2.99,"Serum Visions, Jace, Arcane Strategist, Spectral Sailor, Merfolk Pupil, Thriving Isle"
Think Again 2,Jumpstart,Other,J22,2022-12-02,7.48,"Alandra, Sky Dreamer, Spectral Sailor, Hedron Archive, Merfolk Pupil, Opt"
Think Again 3,Jumpstart,Other,J22,2022-12-02,7.48,"Alandra, Sky Dreamer, Spectral Sailor, Merfolk Pupil, Thriving Isle, Lay Claim"
Think Again 4,Jumpstart,Other,J22,2022-12-02,0.0,"Spectral Sailor, Faerie Formation, Military Intelligence, Merfolk Pupil, Mantle of Tides"
Thor,Jumpstart,Other,MSH,2026-06-26,7.12,"Asgardian Inspiration, Thor, Asgard's Avenger, Lightning Bolt, Origin of Thor, Molten Lavamancer"
Thought Invoker,Shandalar Enemy Deck,Other,PAST,1997-04-01,61.54,"Time Elemental, Energy Flux, Giant Tortoise, Mahamoti Djinn, Drain Power"
Thoughts of the Wind,Duel Of The Planeswalkers Deck,Other,DPA,2010-06-04,0.0,"Evacuation, Mind Spring, Mind Control, Negate, Counterbore"
Thrilling Tales of the Undead,Secret Lair Drop,Other,SLD,2022-01-28,99.93,"Gravecrawler, Rise of the Dark Realms, Liliana, Death's Majesty"
Thrilling Tales of the Undead Foil Edition,Secret Lair Drop,Other,SLD,2022-01-28,99.93,"Gravecrawler, Rise of the Dark Realms, Liliana, Death's Majesty"
Thrive and Thrash,Event Deck,Other,GTC,2013-02-22,29.48,"Deadeye Navigator, Arbor Elf, Strangleroot Geist, Bramblecrush, Farseek"
Throne of Eldraine Foil Redemption,MTGO Redemption,Other,ELD,2019-11-03,238.65,"The Great Henge, Oko, Thief of Crowns, Embercleave, Ayara, First of Locthwain, Wishclaw Talisman"
Throne of Eldraine Redemption,MTGO Redemption,Other,ELD,2019-11-03,238.65,"The Great Henge, Oko, Thief of Crowns, Embercleave, Ayara, First of Locthwain, Wishclaw Talisman"
Through the Wormhole,Secret Lair Drop,Other,SLD,2023-12-05,216.39,"Sol Ring, Arcane Signet, Command Tower, Thought Vessel, Lightning Greaves"
Through the Wormhole Galaxy Foil Edition,Secret Lair Drop,Other,SLD,2023-12-05,400.99,"Sol Ring, Arcane Signet, Command Tower, Thought Vessel, Lightning Greaves"
Thunderbolts,Jumpstart,Other,MSH,2026-06-26,2.82,"Citizen V, Helmut Zemo, Valentina Allegra de Fontaine, Songbird, Sonic Screamer, Void Helix, MACH-1, Swooping Scoundrel"
Tibalt,Duel Deck,Other,DDK,2013-03-15,0.0,"Sulfuric Vortex, Tibalt, the Fiend-Blooded, Ashmouth Hound, Hellrider, Faithless Looting"
Tidal Mastery,Theme Deck,Other,MMQ,1999-10-04,454.21,"Counterspell, Thwart, War Tax, Coastal Piracy, Kyren Archive"
Tidal Mastery - Enhanced Deck,Enhanced Deck,Other,MMQ,1999-10-04,855.29,"Palinchron, Counterspell, Mother of Runes, Thwart, War Tax"
Time Curse,Theme Deck,Other,S99,1999-07-12,39.57,"Time Warp, Counterspell, Island, Island, Island"
Time Drain,Theme Deck,Other,ULG,1999-02-15,724.3,"Cloud of Faeries, Snap, Frantic Search, Treetop Village, Faerie Conclave"
Time Drain - Enhanced Deck,Enhanced Deck,Other,ULG,1999-02-15,899.34,"Palinchron, Cloud of Faeries, Snap, Miscalculation, Reflecting Pool"
Time Spiral Foil Redemption,MTGO Redemption,Other,TSP,2006-11-05,2501.19,"Gemstone Caverns, Scion of the Ur-Dragon, Ophidian Eye, Snapback, Angel's Grace"
Time Spiral Redemption,MTGO Redemption,Other,TSP,2006-11-05,2501.19,"Gemstone Caverns, Scion of the Ur-Dragon, Ophidian Eye, Snapback, Angel's Grace"
Time Spiral Timeshifted Foil Redemption,MTGO Redemption,Other,TSB,2006-11-05,1706.55,"Claws of Gix, Darkness, Tormod's Crypt, Dandân, Lightning Angel"
Time Spiral Timeshifted Redemption,MTGO Redemption,Other,TSB,2006-11-05,1706.55,"Claws of Gix, Darkness, Tormod's Crypt, Dandân, Lightning Angel"
Time Trouble Two,Secret Lair Drop,Other,SLD,2022-12-19,40.48,"Narset, Parter of Veils, Nissa, Who Shakes the World, Tezzeret, Agent of Bolas"
Time Trouble Two Foil Edition,Secret Lair Drop,Other,SLD,2022-12-19,40.48,"Narset, Parter of Veils, Nissa, Who Shakes the World, Tezzeret, Agent of Bolas"
Titanic 1,Jumpstart,Other,BRO,2022-11-18,3.38,"Sarinth Steelseeker, Gaea's Gift, Bushwhack, Woodcaller Automaton, Cradle Clearcutter"
Titanic 2,Jumpstart,Other,BRO,2022-11-18,2.05,"Sarinth Steelseeker, Bushwhack, Woodcaller Automaton, Cradle Clearcutter, Iron-Craw Crusher"
To Adventure!,Arena Starter Deck,Other,M21,2021-07-03,4.4,"Ironscale Hydra, Realm-Cloaked Giant // Cast Off, Plains, Giant Killer // Chop Down, Lovestruck Beast // Heart's Desire"
Toby's Journey by Gary Baseman,Secret Lair Drop,Other,SLD,2026-06-16,39.94,"Prismatic Vista, Sovereign Okinec Ahau, Farseek, Trailblazer's Boots, Long Goodbye"
Toby's Journey by Gary Baseman Foil Edition,Secret Lair Drop,Other,SLD,2026-06-16,39.94,"Prismatic Vista, Sovereign Okinec Ahau, Farseek, Trailblazer's Boots, Long Goodbye"
Tom van de Logt - Machine Head,World Championship Deck,Other,WC01,2001-08-08,42.07,"Rishadan Port, Dark Ritual, Mountain, Swamp, Swamp"
Tom van de Logt - Replenish,World Championship Deck,Other,WC00,2000-08-02,202.81,"Replenish, Enlightened Tutor, Parallax Wave, Attunement, Parallax Tide"
Tomb Raider,Secret Lair Drop,Other,SLD,2023-12-05,173.02,"Shadowspear, Lara Croft, Tomb Raider, Academy Ruins, Bow of Nylea, Search for Azcanta // Azcanta, the Sunken Ruin"
Tomb Raider Foil Edition,Secret Lair Drop,Other,SLD,2023-12-05,173.02,"Shadowspear, Lara Croft, Tomb Raider, Academy Ruins, Bow of Nylea, Search for Azcanta // Azcanta, the Sunken Ruin"
Tombstone,Theme Deck,Other,USG,1998-10-12,17.81,"Victimize, Exhume, Island, Turnabout, Island"
Tombstone - Enhanced Deck,Enhanced Deck,Other,USG,1998-10-12,129.36,"Reflecting Pool, Reanimate, Living Death, Armageddon, Animate Dead"
Tome of the Astral Sorceress,Secret Lair Drop,Other,SLD,2024-10-01,36.63,"Preordain, Teferi's Ageless Insight, Back to Basics, Sphinx of the Second Sun"
Tome of the Astral Sorceress Foil Edition,Secret Lair Drop,Other,SLD,2024-10-01,36.63,"Preordain, Teferi's Ageless Insight, Back to Basics, Sphinx of the Second Sun"
Too Many,Jumpstart,Other,J25,2024-11-07,1.6,"Fiendish Duo, Reckless Impulse, Brothers Yamazaki, Thriving Bluff, Brothers Yamazaki"
Toph,Jumpstart,Other,TLE,2025-11-20,56.86,"Toph, Earthbending Master, Solid Ground, Tale of Katara and Toph, Frog-Squirrels, Kyoshi Warrior Exemplars"
Torment Foil Redemption,MTGO Redemption,Other,TOR,2002-03-06,2507.36,"Grim Lavamancer, Cabal Coffers, Cabal Ritual, Insidious Dreams, Chainer, Dementia Master"
Torment Redemption,MTGO Redemption,Other,TOR,2002-03-06,2507.36,"Grim Lavamancer, Cabal Coffers, Cabal Ritual, Insidious Dreams, Chainer, Dementia Master"
Totally Merciless,Jumpstart,Other,DMU,2022-09-09,2.56,"Swamp, Knight of Dusk's Shadow, Tyrannical Pitlord, Braids's Frightful Return, Writhing Necromass"
Totally Ruthless,Jumpstart,Other,DMU,2022-09-09,2.56,"Swamp, Cut Down, Cult Conscript, Tyrannical Pitlord, Braids's Frightful Return"
Totally Spaced Out Galaxy Foil Edition,Secret Lair Drop,Other,SLD,2022-12-05,150.84,"Strip Mine, Command Beacon, Fabled Passage, Ash Barrens"
Totem Power,Intro Pack,Other,ROE,2010-04-23,75.72,"Soul's Attendant, Kor Spiritdancer, Ornithopter, Forest, Forest"
Towering,Jumpstart,Other,MSH,2026-06-26,1.0,"Spider-Rex, Daring Dino, Giant-Man, Gargantuan Genius, Ms. Marvel, Elastic Ally, Ant-Man, Reformed Rogue, Goliath, Mass Manipulator"
Toxic 1,Jumpstart,Other,ONE,2023-02-10,1.9,"Infectious Bite, Goliath Hatchery, Venomous Brutalizer, Cankerbloom, Phyrexian Atlas"
Toxic 2,Jumpstart,Other,ONE,2023-02-10,2.84,"Tyvar's Stand, Goliath Hatchery, Cankerbloom, Branchblight Stalker, Paladin of Predation"
Tragic Romance,Secret Lair Drop,Other,SLD,2025-03-25,148.86,"Kaalia of the Vast, Skithiryx, the Blight Dragon, Master of Cruelties, Angel of Despair"
Tragic Romance Foil Edition,Secret Lair Drop,Other,SLD,2025-03-25,148.86,"Kaalia of the Vast, Skithiryx, the Blight Dragon, Master of Cruelties, Angel of Despair"
Trained,Jumpstart,Other,MSH,2026-06-26,5.3,"Shang-Chi, Martial Mentor, She-Hulk, Attorney-at-Law, Advancing the Spirit, Punishing Punch, Colossal Collision"
Trample Civilization Underfoot,Archenemy Deck,Other,ARC,2010-06-18,8.28,"Rancor, Armadillo Cloak, Khalni Garden, Path to Exile, Fog"
Transference,Theme Deck,Other,DST,2004-02-06,275.96,"Skullclamp, Seat of the Synod, Reshape, Arcbound Reclaimer, Voltaic Construct"
"Transformers: One Shall Stand, One Shall Fall",Secret Lair Drop,Other,SLD,2022-12-19,53.97,"Plains, Mountain, Swamp, Island, Forest"
"Transformers: One Shall Stand, One Shall Fall Foil Edition",Secret Lair Drop,Other,SLD,2022-12-19,53.97,"Plains, Mountain, Swamp, Island, Forest"
Transformers: Optimus Prime vs. Megatron,Secret Lair Drop,Other,SLD,2022-12-19,105.97,"Blightsteel Colossus // Blightsteel Colossus, Doubling Cube // Doubling Cube, Darksteel Colossus // Darksteel Colossus"
Transformers: Optimus Prime vs. Megatron Foil Edition,Secret Lair Drop,Other,SLD,2022-12-19,105.97,"Blightsteel Colossus // Blightsteel Colossus, Doubling Cube // Doubling Cube, Darksteel Colossus // Darksteel Colossus"
Transformers: Roll Out or Rise Up,Secret Lair Drop,Other,SLD,2022-12-19,106.34,"Dramatic Reversal, Fabricate, True Conviction, Greater Good, By Force"
Transformers: Roll Out or Rise Up Foil Edition,Secret Lair Drop,Other,SLD,2022-12-19,106.34,"Dramatic Reversal, Fabricate, True Conviction, Greater Good, By Force"
Treasure 1,Jumpstart,Other,J22,2022-12-02,0.0,"Sudden Breakthrough, Captain Lannery Storm, Rapacious Dragon, Trove of Temptation, Mountain"
Treasure 2,Jumpstart,Other,J22,2022-12-02,6.51,"Professional Face-Breaker, Reckless Fireweaver, Rapacious Dragon, Pyre-Sledge Arsonist, Mountain"
Treasure 3,Jumpstart,Other,J22,2022-12-02,10.94,"Goldspan Dragon, Big Score, Rapacious Dragon, Mountain, Vault Robber"
Treasure 4,Jumpstart,Other,J22,2022-12-02,0.0,"Gadrak, the Crown-Scourge, Gleaming Barrier, Rapacious Dragon, Trove of Temptation, Mountain"
Treasure Hunt,Arena Starter Deck,Other,AFR,2021-09-24,37.05,"Goldspan Dragon, Xorn, Blightstep Pathway // Searstep Pathway, Soul Shatter, Shambling Ghast"
Treasures (1),Jumpstart,Other,J25,2024-11-07,9.18,"Pitiless Plunderer, Evereth, Viceroy of Plunder, Ruthless Technomancer, Deadly Dispute, Shambling Ghast"
Treasures (2),Jumpstart,Other,J25,2024-11-07,10.96,"Vault of Whispers, Pitiless Plunderer, Evereth, Viceroy of Plunder, Deadly Dispute, Shambling Ghast"
Tree-Hugging (1),Jumpstart,Other,JMP,2020-07-17,0.0,"Primordial Sage, Llanowar Visionary, Warden of the Woods, Explore, Forest"
Tree-Hugging (2),Jumpstart,Other,JMP,2020-07-17,0.0,"Primordial Sage, Llanowar Visionary, Warden of the Woods, Explore, Forest"
Tree-Hugging (3),Jumpstart,Other,JMP,2020-07-17,0.0,"Llanowar Visionary, Warden of the Woods, Explore, Jolrael, Mwonvuli Recluse, Forest"
Tree-Hugging (4),Jumpstart,Other,JMP,2020-07-17,1.2,"Soul of the Harvest, Llanowar Visionary, Warden of the Woods, Explore, Verdant Embrace"
Trick or Treat,Secret Lair Drop,Other,SLD,2025-10-27,58.75,"Vito, Thorn of the Dusk Rose, Wilhelt, the Rotcleaver, Voja, Jaws of the Conclave, Liberator, Urza's Battlethopter, Satoru Umezawa"
Trick or Treat Foil Edition,Secret Lair Drop,Other,SLD,2025-10-27,58.75,"Vito, Thorn of the Dusk Rose, Wilhelt, the Rotcleaver, Voja, Jaws of the Conclave, Liberator, Urza's Battlethopter, Satoru Umezawa"
Tricksters,Jumpstart,Other,MSH,2026-06-26,117.63,"Loki, Lord of Misrule, Impossible Man, Multiversal Recruitment, Living Lies of Loki, Kid Loki"
Tricksy 1,Jumpstart,Other,LTR,2023-06-23,3.26,"Elvish Mariner, Glorious Gale, Arwen's Gift, Elrond, Lord of Rivendell, Island"
Tricksy 2,Jumpstart,Other,LTR,2023-06-23,3.26,"Elvish Mariner, Elrond, Lord of Rivendell, Glorious Gale, Arwen's Gift, Island"
Troll Shaman,Shandalar Enemy Deck,Other,PAST,1997-04-01,412.05,"Mountain, Strip Mine, Dancing Scimitar, Oasis, Shivan Dragon"
Trounce-O-Matic,Theme Deck,Other,ODY,2001-10-01,451.3,"Roar of the Wurm, Careful Study, Predict, Peek, Nimble Mongoose"
Truth Seekers,Theme Deck,Other,SOK,2005-06-03,157.93,"Rune-Tail, Kitsune Ascendant // Rune-Tail's Essence, Honden of Cleansing Fire, Honden of Life's Web, Nikko-Onna, Bounteous Kirin"
Turnabout,Theme Deck,Other,SHM,2008-05-02,481.62,"Umbral Mantle, Devoted Druid, Pili-Pala, Rhys the Redeemed, Seedcradle Witch"
Turnaround,Theme Deck,Other,PCY,2000-06-05,1076.11,"Daze, Rhystic Study, Foil, Seal of Cleansing, Mageta the Lion"
Twisted Reality,Intro Pack,Other,OGW,2016-01-22,22.18,"Bane of Bala Ged, Kozilek's Channeler, Endless One, Scour from Existence, Titan's Presence"
Twisted Toons,Secret Lair Drop,Other,SLD,2025-03-25,61.74,"Culling the Weak, Silence, Winds of Abandon, Fatal Push, Young Wolf"
Twisted Toons Foil Edition,Secret Lair Drop,Other,SLD,2025-03-25,61.74,"Culling the Weak, Silence, Winds of Abandon, Fatal Push, Young Wolf"
Ultimate Sacrifice,Event Deck,Other,BFZ,2015-10-02,42.2,"Zulaport Cutthroat, Grim Haruspex, Hangarback Walker, Murderous Cut, Llanowar Wastes"
Ultron,Jumpstart,Other,MSH,2026-06-26,82.53,"Ultron the Annihilator, Ultron's Auxiliary, Doombot Harbinger, Eerie Gravestone, Doom's Servo-Guards"
Uncanny,Jumpstart,Other,MSH,2026-06-26,26.98,"Wolverine, Claws Out, X-23, Deadly Weapon, Colossus, Steel Stalwart, Storm, Shaker of Skies, Black Tom Cassidy"
Uncharted,Secret Lair Drop,Other,SLD,2025-11-06,29.0,"Passionate Archaeologist, Whip of Erebos, Nathan Drake, Treasure Hunter, Midnight Clock, Chain Reaction"
Uncharted Foil Edition,Secret Lair Drop,Other,SLD,2025-11-06,29.0,"Passionate Archaeologist, Whip of Erebos, Nathan Drake, Treasure Hunter, Midnight Clock, Chain Reaction"
Undead,Jumpstart,Other,FDN,2024-11-15,5.16,"Death Baron, Reassembling Skeleton, Deadly Plot, Swamp, Undying Malice"
Undead Knight,Shandalar Enemy Deck,Other,PAST,1997-04-01,89.06,"El-Hajjâj, Flying Carpet, Bad Moon, Nightmare, Black Knight"
Under the Sea (1),Jumpstart,Other,JMP,2020-07-17,0.0,"Waker of Waves, Tolarian Kraken, Aegis Turtle, Rousing Read, Island"
Under the Sea (2),Jumpstart,Other,JMP,2020-07-17,0.0,"Waker of Waves, Whelming Wave, Cryptic Serpent, Aegis Turtle, Island"
Underwater,Jumpstart,Other,TLE,2025-11-20,2.1,"Tui and La, Moon and Ocean, Coastal Piracy, Octopus Form, Flying Dolphin-Fish, Thriving Isle"
Underworld Herald,Event Deck,Other,BNG,2014-02-28,28.75,"Crypt Ghast, Gift of Orzhova, Pack Rat, Desecration Demon, Agent of the Fates"
Unearthed 1,Jumpstart,Other,BRO,2022-11-18,0.0,"Go for the Throat, Gruesome Realization, No One Left Behind, Terror Ballista, Ashnod's Intervention"
Unearthed 2,Jumpstart,Other,BRO,2022-11-18,0.0,"Overwhelming Remorse, Transmogrant Altar, Gnawing Vermin, Gruesome Realization, Terror Ballista"
Unearthed Secrets,Intro Pack,Other,SOI,2016-04-08,6.07,"Tireless Tracker, Erdwal Illuminator, Watcher in the Web, Byway Courier, Press for Answers"
Unflinching Assault,Intro Pack,Other,FRF,2015-01-23,34.54,"Merciless Executioner, Elite Scaleguard, Cruel Sadist, Battle Brawler, Dragonscale General"
Unicorns,Jumpstart,Other,JMP,2020-07-17,20.45,"Emiel the Blessed, Blessed Sanctuary, Cloudshift, Plains, Plains"
United Assault,Challenger Deck,Other,Q02,2019-04-12,14.14,"Legion's Landing // Adanto, the First Fort, History of Benalia, Dauntless Bodyguard, Benalish Marshal, Adanto Vanguard"
Unlikely Alliances,Intro Pack,Other,EMN,2016-07-22,4.66,"Campaign of Vengeance, Repel the Abominable, Blessed Alliance, Swamp, Plains"
Unlucky Thirteen,Jumpstart,Other,J22,2022-12-02,8.22,"Tree of Perdition, Exsanguinate, Triskaidekaphobia, Piranha Marsh, Sling-Gang Lieutenant"
Unnatural Forces,MTGO Theme Deck,Other,VIS,2006-04-10,29.51,"Necromancy, Impulse, Flooded Shoreline, Vision Charm, Swamp"
Unnatural Schemes,Intro Pack,Other,ARB,2009-04-30,45.06,"Terramorphic Expanse, Island, Nemesis of Reason, Lich Lord of Unx, Fatestitcher"
Unraveling Mind,Theme Deck,Other,PLC,2007-02-02,119.2,"Mirri the Cursed, Phantasmagorian, Mindlash Sliver, Dauthi Slayer, Fiery Temper"
Unstable Terrain,Intro Pack,Other,ZEN,2009-10-02,35.9,"Roil Elemental, Harrow, Baloth Woodcrasher, Sage Owl, Grazing Gladehart"
Untamed Wild,Intro Pack,Other,EMN,2016-07-22,3.25,"Silverfur Partisan, Blood Mist, Furyblade Vampire, Primal Druid, Assembled Alphas"
Up and Away,Starter Kit,Other,SNC,2022-06-03,13.64,"Hullbreaker Horror, Welcoming Vampire, Consuming Tide, Inspiring Overseer, Dreamshackle Geist"
Urza's,Jumpstart,Other,J22,2022-12-02,15.5,"Walking Ballista, Karn Liberated, Expedition Map, Urza's Power Plant, Manakin"
Valentine's Day 2021,Secret Lair Drop,Other,SLD,2021-04-13,55.95,"Boros Charm, Goblin Rabblemaster, Gisela, Blade of Goldnight, Monastery Swiftspear"
Valentine's Day 2021 Foil Edition,Secret Lair Drop,Other,SLD,2021-04-13,55.95,"Boros Charm, Goblin Rabblemaster, Gisela, Blade of Goldnight, Monastery Swiftspear"
Vampire Lord,Shandalar Enemy Deck,Other,PAST,1997-04-01,273.81,"Sorceress Queen, Mana Vault, Carrion Ants, Howling Mine, Animate Dead"
Vampire Onslaught,Event Deck,Other,M12,2011-08-12,258.84,"Verdant Catacombs, Blade of the Bloodchief, Bloodghast, Pawn of Ulamog, Dismember"
Vampires,Deck Builder's Toolkit,Other,MBS,2011-03-11,14.87,"Urge to Feed, Vampire Nighthawk, Pulse Tracker, Feast of Blood, Gatekeeper of Malakir"
Vampires (1),Jumpstart,Other,J25,2024-11-07,0.0,"Sangromancer, Vampire of the Dire Moon, Blood Fountain, Gluttonous Guest, Urge to Feed"
Vampires (2),Jumpstart,Other,J25,2024-11-07,3.93,"Creeping Bloodsucker, Vampire of the Dire Moon, Blood Fountain, Alchemist's Gift, Gluttonous Guest"
Vampires (3),Jumpstart,Other,J25,2024-11-07,3.93,"Creeping Bloodsucker, Necropolis Regent, Blood Fountain, Go for the Throat, Gluttonous Guest"
Vampires (4),Jumpstart,Other,JMP,2020-07-17,4.74,"Drana, Liberator of Malakir, Silversmote Ghoul, Swamp, Gifted Aetherborn, Bloodbond Vampire"
Vampiric Thirst,Intro Pack,Other,SOI,2016-04-08,9.94,"Alms of the Vein, Indulgent Aristocrat, Olivia's Bloodsworn, Burn from Within, Tormenting Voice"
Vehicle Rush,Challenger Deck,Other,Q01,2018-04-06,32.05,"Skysovereign, Consul Flagship, Spire of Industry, Mountain, Inspiring Vantage, Dragonskull Summit"
Vehicles,Jumpstart,Other,MSH,2026-06-26,4.82,"The Thanos-Copter, Intrepid Ace, Sky Cycle, Captain America's Motorcycle, Extremis Elite"
Venser,Duel Deck,Other,DDI,2012-03-30,19.68,"Sigil of Sleep, Venser, the Sojourner, Steel of the Godhead, Path to Exile, Preordain"
Vicious Cycle,Intro Pack,Other,OGW,2016-01-22,11.02,"Brood Monitor, Smothering Abomination, Blighted Woodland, Wastes, Wastes"
Villains Unleashed,Box Set,Other,MSH,2026-06-26,20.21,"Ultron, Machine Overlord, Thanos, Death's Consort, Absorbing Man and Titania, M.O.D.O.K., Evil Intellect, Loki, God of Lies"
Viva Las Rakdos,Secret Lair Drop,Other,SLD,2025-05-13,41.67,"Beseech the Mirror, Lightning Greaves, Talisman of Indulgence, Dark Petition, Light Up the Stage"
Vivien,Planeswalker Deck,Other,M19,2018-07-13,6.62,"Colossal Majesty, Vivien of the Arkbow, Forest, Forest, Aggressive Mammoth"
Vivien's Hunt,Arena Promotional Deck,Other,ONE,2023-02-10,6.93,"Titan of Industry, Gala Greeters, Augur of Autumn, Howlpack Piper // Wildsong Howler, Vivien on the Hunt"
"Vivien, Nature's Avenger",Planeswalker Deck,Other,M20,2019-07-29,3.29,"Vivien, Nature's Avenger, Season of Growth, Forest, Aggressive Mammoth, Rabid Bite"
Voracious Rage,Intro Pack,Other,JOU,2014-05-02,8.05,"Searing Blood, Fanatic of Mogis, Swamp, Mountain, Swamp"
Vraska,Duel Deck,Other,DDM,2014-03-14,3.29,"Ohran Viper, Vraska the Unseen, Night's Whisper, Forest, Swamp"
"Vraska, Regal Gorgon",Planeswalker Deck,Other,GRN,2018-10-05,14.59,"Beast Whisperer, Vraska, Regal Gorgon, Lotleth Giant, Forest, Golgari Guildgate"
"Vraska, Scheming Gorgon",Planeswalker Deck,Other,RIX,2018-01-19,22.21,"Legion Lieutenant, Champion of Dusk, Vraska, Scheming Gorgon, Swamp, Vicious Conquistador"
Wakanda,Jumpstart,Other,MSH,2026-06-26,4.17,"Black Panther, Most Dangerous, Shuri, Vibranium Technologist, Secure Detention, Ultimate Alliance, Wakandan Shield Guard"
Waking Nightmares,Theme Deck,Other,TOR,2002-02-08,278.0,"Chainer, Dementia Master, Mesmeric Fiend, Enslaved Dwarf, Tainted Peak, Mountain"
Walk the Plank,Arena Starter Deck,Other,M19,2018-09-27,16.02,"Drowned Catacomb, Siren Stormtamer, Ravenous Chupacabra, Chart a Course, Demonlord Belzenlok"
Walls,Jumpstart,Other,JMP,2020-07-17,0.0,"Assault Formation, Towering Titan, Portcullis Vine, Warmonger's Chariot, Overgrown Battlement"
War Mage,Shandalar Enemy Deck,Other,PAST,1997-04-01,500.49,"Mountain, Mana Vault, Aladdin's Ring, Ball Lightning, Fellwar Stone"
War of Attrition,Event Deck,Other,NPH,2011-06-10,133.79,"Stoneforge Mystic, Puresteel Paladin, Sword of Vengeance, Journey to Nowhere, Leonin Relic-Warder"
War of the Spark Foil Redemption,MTGO Redemption,Other,WAR,2019-06-02,557.29,"Emergence Zone, Finale of Devastation, Bolas's Citadel, Neoform, God-Eternal Oketra"
War of the Spark Redemption,MTGO Redemption,Other,WAR,2019-06-02,557.29,"Emergence Zone, Finale of Devastation, Bolas's Citadel, Neoform, God-Eternal Oketra"
"Warhammer 40,000: Orks",Secret Lair Drop,Other,SLD,2022-12-05,162.56,"Zurgo Helmsmasher, Krenko, Tin Street Kingpin, Aggravated Assault, Merciless Executioner, Skysovereign, Consul Flagship"
"Warhammer 40,000: Orks Foil Edition",Secret Lair Drop,Other,SLD,2022-12-05,162.56,"Zurgo Helmsmasher, Krenko, Tin Street Kingpin, Aggravated Assault, Merciless Executioner, Skysovereign, Consul Flagship"
Warhammer Age of Sigmar,Secret Lair Drop,Other,SLD,2022-12-05,146.25,"Najeela, the Blade-Blossom, Blind Obedience, Scourge of the Throne, Loxodon Warhammer, Danitha Capashen, Paragon"
Warhammer Age of Sigmar Foil Edition,Secret Lair Drop,Other,SLD,2022-12-05,146.25,"Najeela, the Blade-Blossom, Blind Obedience, Scourge of the Throne, Loxodon Warhammer, Danitha Capashen, Paragon"
Warlock,Shandalar Enemy Deck,Other,PAST,1997-04-01,56.62,"El-Hajjâj, Hypnotic Specter, Dark Ritual, Tawnos's Wand, Swamp"
Warrior's Code,Theme Deck,Other,MOR,2008-02-01,102.49,"Boldwyr Heavyweights, Brighthearth Banneret, Unstoppable Ash, Obsidian Battle-Axe, Changeling Berserker"
Warriors,Jumpstart,Other,TLE,2025-11-20,1.12,"Suki, Kyoshi Captain, Valorous Stance, Thriving Heath, Plains, Sokka's Sword Training"
Warriors (1),Jumpstart,Other,J25,2024-11-07,3.45,"Gornog, the Red Reaper, Thriving Bluff, Soul Sear, Ghitu Encampment, Boldwyr Intimidator"
Warriors (2),Jumpstart,Other,J25,2024-11-07,3.45,"Gornog, the Red Reaper, Infuriate, Thriving Bluff, Kargan Intimidator, Soul Sear"
Way Wild,Theme Deck,Other,7ED,2001-04-11,584.34,"Llanowar Elves, Wild Growth, Ancient Silverback, Wood Elves, Blanchwood Armor"
Way of the Warrior,Theme Deck,Other,CHK,2004-10-01,73.71,"Takeno, Samurai General, Bushi Tenderfoot // Kenzo the Hardhearted, Call to Glory, Konda's Hatamoto, Devoted Retainer"
We Are Legion,Intro Pack,Other,M10,2009-07-17,38.82,"Lightning Bolt, Soul Warden, Plains, Honor of the Pure, Armored Ascension"
We Hope You Like Squirrels,Secret Lair Drop,Other,SLD,2021-03-15,71.8,"Krosan Beast, Swarmyard, Chatter of the Squirrel, Squirrel Mob, Squirrel Wrangler"
Weapons and Wards,Intro Pack,Other,EMN,2016-07-22,9.12,"Open the Armory, Subjugator Angel, Ulvenwald Observer, Emrakul's Evangel, Gryff's Boon"
Web-Slinging,Jumpstart,Other,MSH,2026-06-26,0.0,"Amazing Spider-Girl, Spectacular Tactics, Aunt May, Vault Guardsman, Thwip!"
Wei Kingdom,Theme Deck,Other,PTK,1999-05-01,165.99,"Cao Cao, Lord of Wei, Sima Yi, Wei Field Marshal, Ambition's Cost, Wei Assassins, Swamp"
Welcome to Castle Dracula,Secret Lair Drop,Other,SLD,2022-05-06,115.09,"Phyrexian Tower, Exquisite Blood, Night's Whisper"
Welcome to Castle Dracula Foil Edition,Secret Lair Drop,Other,SLD,2022-05-06,115.09,"Phyrexian Tower, Exquisite Blood, Night's Whisper"
Welcome to the Fungal,Secret Lair Drop,Other,SLD,2022-12-19,75.61,"Ghave, Guru of Spores, Mycoloth, Slimefoot, the Stowaway, Abundant Growth"
Welcome to the Fungal Foil Edition,Secret Lair Drop,Other,SLD,2022-12-19,75.61,"Ghave, Guru of Spores, Mycoloth, Slimefoot, the Stowaway, Abundant Growth"
Welded 1,Jumpstart,Other,BRO,2022-11-18,0.0,"Bitter Reunion, Artificer's Dragon, Obliterating Bolt, Mishra, Excavation Prodigy, Scrapwork Mutt"
Welded 2,Jumpstart,Other,BRO,2022-11-18,0.0,"Artificer's Dragon, Mishra, Excavation Prodigy, Scrapwork Mutt, Mishra's Onslaught, Fallaji Dragon Engine"
Well-Read (1),Jumpstart,Other,JMP,2020-07-17,1.58,"Curiosity, Opt, Tolarian Kraken, Ormos, Archive Keeper, Island"
Well-Read (2),Jumpstart,Other,JMP,2020-07-17,1.58,"Curiosity, Capture Sphere, Opt, Tolarian Kraken, Ormos, Archive Keeper"
Well-Read (3),Jumpstart,Other,JMP,2020-07-17,75.49,"Rhystic Study, Curiosity, Opt, Tolarian Kraken, Island"
Well-Read (4),Jumpstart,Other,JMP,2020-07-17,1.58,"Curiosity, Read the Runes, Capture Sphere, Opt, Tolarian Kraken"
Whim,Shandalar Enemy Deck,Other,PAST,1997-04-01,3627.97,"Mox Pearl, Colossus of Sardia, Carrion Ants, Royal Assassin, Meekstone"
Whirlpool,Theme Deck,Other,APC,2001-06-04,369.28,"Opt, Chromatic Sphere, Fire // Ice, Whirlpool Warrior, Bloodfire Dwarf"
White,Game Night Deck,Other,GNT,2018-11-16,4.29,"Cleansing Nova, Militant Angel, Always Watching, Valiant Knight, Benalish Marshal"
White Black Life Gain,Deck Builder's Toolkit,Other,M15,2014-07-18,5.46,"Sunbond, Nyx-Fleece Ram, Sungrace Pegasus, Wall of Limbs, Ajani's Pridemate"
White Blue Bestow,Deck Builder's Toolkit,Other,M15,2014-07-18,1.18,"Glimpse the Sun God, Akroan Skyguard, Skyspear Cavalry, Wavecrash Triton, Wingsteed Rider"
White Deck,Welcome Deck,Other,M19,2018-07-13,0.0,"Herald of Faith, Plains, Plains, Plains, Luminous Bonds"
White Deck A,Sample Deck,Other,M12,2011-07-15,13.74,"Shattered Angel, Lifelink, Inquisitor Exarch, Plains, Plains"
White Deck B,Sample Deck,Other,10E,2008-05-02,10.66,"Soaring Hope, Serra's Embrace, Armored Ascension, Plains, Holy Strength"
White Equipment,Deck Builder's Toolkit,Other,MBS,2011-03-11,13.66,"Journey to Nowhere, Sylvok Lifestaff, Trusty Machete, Kemba's Legion, Kor Duelist"
White Heat - Advanced Deck,Advanced Deck,Other,EXO,1998-06-15,125.77,"Undiscovered Paradise, Tithe, City of Brass, Armageddon, Gemstone Mine"
White Heat - Basic Deck,Theme Deck,Other,EXO,1998-06-15,25.61,"Reconnaissance, Wall of Nets, Searing Touch, Goblin Bombardment, Limited Resources"
White Sample Deck,Sample Deck,Other,M15,2014-07-18,0.0,"Plains, Staff of the Sun Magus, Plains, Ajani's Pridemate, Plains"
White Weenie,Deck Builder's Toolkit,Other,ROE,2010-05-21,30.94,"Soul Warden, Journey to Nowhere, Veteran Swordsmith, Brave the Elements, Armored Ascension"
White and Black Spirits,Deck Builder's Toolkit,Other,KLD,2016-09-30,0.0,"Nearheath Chaplain, Haunted Dead, Inspired Charge, Servo Exhibition, Certain Death"
White and Black Zombies,Deck Builder's Toolkit,Other,AKH,2017-04-28,4.15,"Wayward Servant, Lord of the Accursed, Miasmic Mummy, Festering Mummy, Binding Mummy"
White-Green Aura,Deck Builder's Toolkit,Other,MBS,2011-03-11,38.55,"Hyena Umbra, Spider Umbra, Aura Gnarlid, Totem-Guide Hartebeest, Boar Umbra"
Wicked Big,Theme Deck,Other,MRD,2003-10-02,27.59,"Living Hive, Copper Myr, Journey of Discovery, Plated Slagwurm, Deconstruct"
Widowmaker - Advanced Deck,Advanced Deck,Other,EXO,1998-06-15,89.15,"Undiscovered Paradise, Living Death, Phyrexian Furnace, Underground River, Spirit of the Night"
Widowmaker - Basic Deck,Theme Deck,Other,EXO,1998-06-15,16.01,"Null Brooch, Dark Ritual, Counterspell, Mana Leak, Forbid"
Wild,Jumpstart,Other,MSH,2026-06-26,13.57,"Hit-Monkey, Mole Man, Moloid Master, White Tiger, Amulet Keeper, Claim the Kingdom, Gert and Old Lace, Runaways"
Wild Rush,Intro Pack,Other,M13,2012-07-13,28.38,"Fungal Sprouting, Arbor Elf, Rancor, Ranger's Path, Ring of Kalonia"
Wild Wizardry,Arena Promotional Deck,Other,MID,2021-09-24,9.0,"Alrund's Epiphany, Wizard Class, Prismari Command, Silundi Vision // Silundi Isle, Song-Mad Treachery // Song-Mad Ruins"
Wild-Eyed Frenzy,MTGO Theme Deck,Other,VIS,2006-04-10,12.7,"Goblin Recruiter, Fireblast, Mountain, Mountain, Kookus"
Wilds of Eldraine Foil Redemption,MTGO Redemption,Other,WOE,2023-10-04,209.97,"Agatha's Soul Cauldron, Beseech the Mirror, Moonshaker Cavalry, Talion, the Kindly Lord, Eriette of the Charmed Apple"
Wilds of Eldraine Redemption,MTGO Redemption,Other,WOE,2023-10-04,209.97,"Agatha's Soul Cauldron, Beseech the Mirror, Moonshaker Cavalry, Talion, the Kindly Lord, Eriette of the Charmed Apple"
Will Of The Masses,Intro Pack,Other,M15,2014-07-18,8.54,"Hornet Queen, Triplicate Spirits, Wall of Mulch, Forest, Phytotitan"
Wing and Claw,Arena Starter Deck,Other,GRN,2018-11-17,42.66,"Nezahal, Primal Tide, Settle the Wreckage, Goring Ceratops, Glacial Fortress, Azor, the Lawbringer"
Winged Stallion,Shandalar Enemy Deck,Other,PAST,1997-04-01,82.74,"Dancing Scimitar, Howling Mine, Psionic Entity, Counterspell, Island Sanctuary"
Wings of Light,Theme Deck,Other,PS11,2011-01-01,0.0,"Plains, Plains, Plains, Plains, Angel of Mercy"
Wise (1),Jumpstart,Other,TLE,2025-11-20,8.06,"Waterbender's Restoration, Whirlwind Technique, Consider, Coastal Piracy, Gran-Gran"
Wise (2),Jumpstart,Other,TLE,2025-11-20,11.1,"The Blue Spirit, Whirlwind Technique, Consider, It'll Quench Ya!, Thriving Isle"
Witch,Shandalar Enemy Deck,Other,PAST,1997-04-01,74.14,"Greed, Nevinyrral's Disk, Dark Ritual, Will-o'-the-Wisp, Swamp"
Witch's Familiar,Secret Lair Drop,Other,SLD,2026-06-16,117.68,"Witch Enchanter // Witch-Blessed Meadow, Sheltered by Ghosts, Boseiju, Who Shelters All, Spirit of the Hearth, Wayfarer's Bauble"
Witch's Familiar Foil Edition,Secret Lair Drop,Other,SLD,2026-06-16,117.68,"Witch Enchanter // Witch-Blessed Meadow, Sheltered by Ghosts, Boseiju, Who Shelters All, Spirit of the Hearth, Wayfarer's Bauble"
Witchcraft (1),Jumpstart,Other,JMP,2020-07-17,4.7,"Cauldron Familiar, Witch of the Moors, Swamp, Swamp, Tempting Witch"
Witchcraft (2),Jumpstart,Other,JMP,2020-07-17,1.58,"Witch of the Moors, Swamp, Swamp, Tempting Witch, Bubbling Cauldron"
Wizards,Theme Deck,Other,PSAL,2005-08-01,0.0,"Island, Island, Island, Island, Island"
Wizards (1),Jumpstart,Other,J25,2024-11-07,0.0,"Archaeomancer, Remand, Cloudkin Seer, Naban, Dean of Iteration, Faerie Seer"
Wizards (2),Jumpstart,Other,JMP,2020-07-17,0.0,"Riptide Laboratory, Opt, Shipwreck Dowser, Sea Gate Oracle, Island"
Wizards (3),Jumpstart,Other,JMP,2020-07-17,0.0,"Talrand, Sky Summoner, Unsubstantiate, Capture Sphere, Opt, Shipwreck Dowser"
Wizards (4),Jumpstart,Other,JMP,2020-07-17,0.0,"Rain of Revelation, Barrin, Tolarian Archmage, Shipwreck Dowser, Island, Island"
Wizards of the Street,Secret Lair Drop,Other,SLD,2022-12-19,70.91,"Spellseeker, Kess, Dissident Mage, Magus of the Wheel, Baral, Chief of Compliance"
Wizards of the Street Foil Edition,Secret Lair Drop,Other,SLD,2022-12-19,70.91,"Spellseeker, Kess, Dissident Mage, Magus of the Wheel, Baral, Chief of Compliance"
Wolfgang Eder - Goblin Bidding,World Championship Deck,Other,WC03,2003-08-06,81.45,"Goblin Sharpshooter, Bloodstained Mire, City of Brass, Smother, Patriarch's Bidding"
Wolves 1,Jumpstart,Other,J22,2022-12-02,0.0,"Wicked Wolf, Arlinn, Voice of the Pack, Wolfwillow Haven, Packsong Pup, Mild-Mannered Librarian"
Wolves 2,Jumpstart,Other,J22,2022-12-02,3.14,"Master of the Wild Hunt, Arlinn, Voice of the Pack, Moonlight Hunt, Mild-Mannered Librarian, Thriving Grove"
Wolves 3,Jumpstart,Other,J22,2022-12-02,0.0,"Feed the Pack, Arlinn, Voice of the Pack, Kessig Cagebreakers, Hunger of the Howlpack, Predator's Howl"
Wolves 4,Jumpstart,Other,J22,2022-12-02,0.0,"Nightpack Ambusher, Arlinn, Voice of the Pack, Wolfwillow Haven, Mild-Mannered Librarian, Thriving Grove"
Woodland Warriors,Duel Deck,Other,DDU,2018-04-06,22.11,"Ezuri, Renegade Leader, Regal Force, Yeva, Nature's Herald, Elvish Mystic, Oran-Rief, the Vastwood"
World Aflame,Theme Deck,Other,9ED,2005-07-29,40.36,"Magnivore, Wildfire, Dancing Scimitar, Dragon's Claw, Mountain"
Worldwake Foil Redemption,MTGO Redemption,Other,WWK,2010-03-07,1237.72,"Jace, the Mind Sculptor, Eye of Ugin, Amulet of Vigor, Stoneforge Mystic, Bojuka Bog"
Worldwake Redemption,MTGO Redemption,Other,WWK,2010-03-07,1237.72,"Jace, the Mind Sculptor, Eye of Ugin, Amulet of Vigor, Stoneforge Mystic, Bojuka Bog"
Wrack and Rage,Event Deck,Other,RTR,2012-10-26,36.06,"Rakdos Charm, Dragonskull Summit, Stromkirk Noble, Mizzium Mortars, Devil's Play"
Wrath of Mages,Arena Starter Deck,Other,M19,2018-09-27,12.34,"Banefire, River's Rebuke, Sulfur Falls, Lightning Strike, Ghitu Lavarunner"
Wrath of the Mortals,Event Deck,Other,JOU,2014-05-23,15.53,"Searing Blood, Guttersnipe, Mizzium Mortars, Young Pyromancer, Ogre Battledriver"
Wu Kingdom,Theme Deck,Other,PTK,1999-05-01,160.97,"Sun Quan, Lord of Wu, Lu Xun, Scholar General, Exhaustion, Wu Longbowman, Preemptive Strike"
Year of the Rat,Secret Lair Drop,Other,SLD,2020-01-07,81.11,"Marrow-Gnawer, Rat Colony, Ink-Eyes, Servant of Oni, Pack Rat"
Young Avengers,Jumpstart,Other,MSH,2026-06-26,2.01,"Hulkling, Young Avenger, Wiccan, Young Avenger, Iron Lad, Young Avenger, Hawkeye, Young Avenger, Crossover Collaboration"
Zakk's First Deck,Intro Pack,Other,RQS,1996-06-10,0.0,"Forest, Forest, Forest, Plains, Plains"
Zakk's Second Deck,Intro Pack,Other,RQS,1996-06-10,0.0,"Forest, Forest, Forest, Plains, Plains"
Zealots (1),Jumpstart,Other,J25,2024-11-07,0.0,"Fling, Thriving Bluff, Brute Strength, Zealous Conscripts, Cartouche of Zeal"
Zealots (2),Jumpstart,Other,J25,2024-11-07,0.0,"Sandstorm Crasher, Fling, Thriving Bluff, Cartouche of Zeal, Anep, Vizier of Hazoret"
Zealots (3),Jumpstart,Other,J25,2024-11-07,0.0,"Combat Celebrant, Fling, Thriving Bluff, Cartouche of Zeal, Anep, Vizier of Hazoret"
Zealots (4),Jumpstart,Other,J25,2024-11-07,0.0,"Sandstorm Crasher, Fling, Thriving Bluff, Zealous Conscripts, Cartouche of Zeal"
Zendikar,Duel Deck,Other,DDP,2015-08-28,3.88,"Avenger of Zendikar, Scute Mob, Groundswell, Primal Command, Harrow"
Zendikar Foil Redemption,MTGO Redemption,Other,ZEN,2009-11-01,2031.64,"Mindbreak Trap, Misty Rainforest, Scalding Tarn, Iona, Shield of Emeria, Verdant Catacombs"
Zendikar Redemption,MTGO Redemption,Other,ZEN,2009-11-01,2031.64,"Mindbreak Trap, Misty Rainforest, Scalding Tarn, Iona, Shield of Emeria, Verdant Catacombs"
Zendikar Rising Bundle Land Pack,Bundle Land Pack,Other,ZNR,2020-09-25,4.02,"Swamp, Swamp, Plains, Plains, Island"
Zendikar Rising Foil Redemption,MTGO Redemption,Other,ZNR,2020-10-25,297.81,"Sea Gate Restoration // Sea Gate, Reborn, Agadeem's Awakening // Agadeem, the Undercrypt, Ashaya, Soul of the Wild, Valakut Awakening // Valakut Stoneforge, Malakir Rebirth // Malakir Mire"
Zendikar Rising Redemption,MTGO Redemption,Other,ZNR,2020-10-25,297.81,"Sea Gate Restoration // Sea Gate, Reborn, Agadeem's Awakening // Agadeem, the Undercrypt, Ashaya, Soul of the Wild, Valakut Awakening // Valakut Stoneforge, Malakir Rebirth // Malakir Mire"
Zendikar Rising Welcome Booster,Welcome Booster,Other,ZNR,2020-09-25,6.95,"Demon of Loathing, Forest, Vraska the Unseen, Bruna, Light of Alabaster, Commander's Sphere"
Zendikar's Rage,Intro Pack,Other,BFZ,2015-10-02,17.62,"Tunneling Geopede, Retreat to Kazandu, Blighted Woodland, Sylvan Scrying, Oran-Rief Hydra"
Zombie Empire,Planechase Deck,Other,HOP,2009-09-04,113.3,"Cabal Coffers, Grave Pact, Undead Warchief, Beseech the Queen, Noxious Ghoul"
Zombies,Theme Deck,Other,PSAL,2005-08-01,0.0,"Swamp, Swamp, Swamp, Swamp, Swamp"
Zombies 1,Jumpstart,Other,J22,2022-12-02,3.06,"Gravecrawler, Lord of the Accursed, Mire Triton, Necromancer's Stockpile, Cemetery Recruitment"
Zombies 2,Jumpstart,Other,J22,2022-12-02,0.0,"Liliana, Death's Majesty, Lord of the Accursed, Stitcher's Supplier, Cemetery Recruitment, Deadly Plot"
Zombies 3,Jumpstart,Other,J22,2022-12-02,5.84,"Endless Ranks of the Dead, Graf Harvest, Lord of the Accursed, Mire Triton, Cemetery Recruitment"
Zombies 4,Jumpstart,Other,J22,2022-12-02,0.0,"Lord of the Accursed, Undead Augur, Liliana's Mastery, Cemetery Recruitment, Deadly Plot"
Zombies Unleashed,Theme Deck,Other,LGN,2003-02-03,419.98,"Graveborn Muse, Withered Wretch, Soulless One, Noxious Ghoul, Shepherd of Rot"
Zuko,Jumpstart,Other,TLE,2025-11-20,18.43,"Zuko, Firebending Master, Lost in Memories, Frantic Confrontation, Thriving Bluff, Fists of Flame"
explosion sounds,Secret Lair Drop,Other,SLD,2019-12-07,73.62,"Goblin Sharpshooter, Goblin Lackey, Goblin King, Goblin Piledriver, Goblin Bushwhacker"
sAnS mERcY,Secret Lair Drop,Other,SLD,2024-05-30,83.04,"Torment of Hailfire, Mogis, God of Slaughter, Ruination, Massacre, Doom Blade"
sAnS mERcY Foil Edition,Secret Lair Drop,Other,SLD,2024-05-30,83.04,"Torment of Hailfire, Mogis, God of Slaughter, Ruination, Massacre, Doom Blade"
vroooOOOMMMMMM!,Secret Lair Drop,Other,SLD,2025-05-13,65.55,"Underworld Breach, Mishra's Bauble, Lava Dart, Monastery Swiftspear, Soul-Scar Mage"
vroooOOOMMMMMM! Foil Edition,Secret Lair Drop,Other,SLD,2025-05-13,65.55,"Underworld Breach, Mishra's Bauble, Lava Dart, Monastery Swiftspear, Soul-Scar Mage"
vroooOOOMMMMMM! Raised Foil Edition,Secret Lair Drop,Other,SLD,2025-05-13,146.84,"Underworld Breach, Mishra's Bauble, Lava Dart, Monastery Swiftspear, Soul-Scar Mage"
