Deck Name,Deck Type,Category,Set Code,Release Date,Total Value,Top 5 Cards
20 Ways to Win,Commander Deck,Commander,SLD,2024-12-04,413.26,"Revel in Riches, Sol Ring, Heliod, Sun-Crowned, Seedborn Muse, Bountiful Promenade"
Abzan Armor,Commander Deck,Commander,TDC,2025-04-11,55.66,"Seedborn Muse, Will of the Abzan, Overgrown Farmland, Welcoming Vampire, Staff of Compleation"
Adaptive Enchantment,Commander Deck,Commander,C18,2018-08-10,45.86,"Bear Umbra, Nylea's Colossus, Tuvasa the Sunlit, Herald of the Pantheon, Myth Unbound"
Ahoy Mateys,Commander Deck,Commander,LCC,2023-11-17,56.16,"Black Market Connections, Windfall, Herald's Horn, Vanquisher's Banner, Pitiless Plunderer"
Angels: They're Just Like Us but Cooler and with Wings,Commander Deck,Commander,SLD,2023-08-14,595.16,"Archangel of Thune, Bruna, the Fading Light // Brisela, Voice of Nightmares, Commander's Plate, Nykthos, Shrine to Nyx, Serra Ascendant"
Animated Army,Commander Deck,Commander,BLC,2024-08-02,61.54,"Rain of Riches, Lotus Cobra, Alchemist's Talent, Thran Dynamo, Reliquary Tower"
Arcane Maelstrom,Commander Deck,Commander,C20,2020-04-17,105.65,"Deflecting Swat, Twinning Staff, Lightning Greaves, Dualcaster Mage, Comet Storm"
Arcane Wizardry,Commander Deck,Commander,C17,2017-08-25,53.06,"Kindred Dominance, Polymorphist's Jest, Kess, Dissident Mage, Curse of Opulence, Curse of Disturbance"
Arm for Battle,Commander Deck,Commander,CMR,2020-11-20,95.33,"Sigarda's Aid, Blazing Sunsteel, Boros Charm, Relentless Assault, Dualcaster Mage"
Aura of Courage,Commander Deck,Commander,AFC,2021-07-23,108.07,"Heroic Intervention, Robe of Stars, Winged Boots, Mantle of the Ancients, Sword of the Animist"
Avengers Assemble,Commander Deck,Commander,MSC,2026-06-26,58.42,"Black Widow, Agile Avenger, Spectator Seating, Kindred Discovery, War Machine, Avenging Arsenal, Raise the Palisade"
Avengers Assemble Collector's Edition,Commander Deck,Commander,MSC,2026-06-26,71.28,"Black Widow, Agile Avenger, Captain America, Living Legend, Spectator Seating, Kindred Discovery, War Machine, Avenging Arsenal"
Bedecked Brokers,Commander Deck,Commander,NCC,2022-04-29,74.47,"Damning Verdict, Power Conduit, Agent's Toolkit, Gavony Township, Slippery Bogbonder"
Blame Game,Commander Deck,Commander,MKC,2024-02-09,117.83,"Trouble in Pairs, Smuggler's Share, Prisoner's Dilemma, Loran of the Third Path, Ghostly Prison"
Blast from the Past,Commander Deck,Commander,WHO,2023-10-13,159.14,"Heroic Intervention, Talisman of Unity, Three Visits, Displaced Dinosaurs, Talisman of Progress"
Blight Curse,Commander Deck,Commander,ECC,2026-01-23,21.11,"Chimil, the Inner Sun, Tree of Perdition, Sol Ring, Evolution Sage, Persist"
Blood Rites,Commander Deck,Commander,LCC,2023-11-17,104.56,"Exquisite Blood, Charismatic Conqueror, Blade of the Bloodchief, Elenda, the Dusk Rose, Carmen, Cruel Skymarcher"
Braaains,Historic Brawl Precon Deck,Commander,MOM,2024-07-08,174.18,"Bojuka Bog, Coldsteel Heart, Vanquisher's Banner, Gempalm Polluter, Distant Melody"
Breed Lethality,Commander Deck,Commander,C16,2016-11-11,77.17,"Reyhan, Last of the Abzan, Cathars' Crusade, Cauldron of Souls, Kalonian Hydra, Brave the Sands"
Buckle Up,Commander Deck,Commander,NEC,2022-02-18,54.7,"Imposter Mech, Shorikai, Genesis Engine, Cyberdrive Awakener, Drumbellower, Swift Reconfiguration"
Built From Scratch,Commander Deck,Commander,CM2,2018-06-08,93.77,"Goblin Welder, Ruby Medallion, Wurmcoil Engine, Arcane Lighthouse, Reliquary Tower"
Cabaretti Cacophony,Commander Deck,Commander,NCC,2022-04-29,123.35,"Master of Ceremonies, Seize the Spotlight, Life of the Party, Scute Swarm, Call the Coppercoats"
Call for Backup,Commander Deck,Commander,MOC,2023-04-21,85.55,"Uncivil Unrest, Strionic Resonator, Shalai and Hallar, Kalonian Hydra, Gavony Township"
Call the Spirits,Commander Deck,Commander,C15,2015-11-13,68.16,"Karlov of the Ghost Council, Aura of Silence, Thief of Blood, Black Market, Lightning Greaves"
Cavalry Charge,Commander Deck,Commander,MOC,2023-04-21,70.41,"Chivalric Alliance, Herald of Hoofbeats, Vanquisher's Banner, Herald's Horn, Knight Exemplar"
Chaos Incarnate,Commander Deck,Commander,SCD,2022-12-02,23.63,"Lightning Greaves, Nihil Spellbomb, Talisman of Indulgence, Soul Shatter, Brash Taunter"
Collateral Damage,Historic Brawl Precon Deck,Commander,MOM,2024-07-08,59.0,"Coldsteel Heart, Bloodghast, Zulaport Cutthroat, Hangarback Walker, Chandra's Incinerator"
Corrupting Influence,Commander Deck,Commander,ONC,2023-02-10,134.74,"Norn's Choirmaster, Contaminant Grafter, Glistening Sphere, Phyresis Outbreak, Grafted Exoskeleton"
Counter Blitz (FINAL FANTASY X),Commander Deck,Commander,FIC,2025-06-13,47.22,"Sphere Grid, Walking Ballista, Farewell, Three Visits, Damning Verdict"
Counter Blitz Collector's Edition (FINAL FANTASY X),Commander Deck,Commander,FIC,2025-06-13,51.39,"Sphere Grid, Walking Ballista, Farewell, Three Visits, Yuna, Grand Summoner"
Counter Intelligence,Commander Deck,Commander,EOC,2025-08-01,34.45,"Swan Song, Ripples of Potential, Karn's Bastion, Cloud Key, Phyrexian Metamorph"
Counterpunch,Commander Deck,Commander,CMD,2011-06-17,94.51,"Aura Shards, Attrition, Alliance of Arms, Vow of Malice, Skullclamp"
Coven Counters,Commander Deck,Commander,MIC,2021-09-24,32.38,"Moonsilver Key, Gyre Sage, Heronblade Elite, Herald of War, Swiftfoot Boots"
Creative Energy,Commander Deck,Commander,M3C,2024-06-14,47.11,"Akroma's Will, Goldspan Dragon, Professional Face-Breaker, Farewell, Mystic Gate"
Creative Energy Collector's Edition,Commander Deck,Commander,M3C,2024-06-14,61.72,"Akroma's Will, Goldspan Dragon, Professional Face-Breaker, Farewell, Cayth, Famed Mechanist"
Dance of the Elements,Commander Deck,Commander,ECC,2026-01-23,30.87,"Springleaf Parade, Selvala, Heart of the Wilds, Endurance, Return of the Wildspeaker, Abundant Countryside"
Deadly Disguise,Commander Deck,Commander,MKC,2024-02-09,122.78,"Jeska's Will, Seedborn Muse, Beast Whisperer, Three Visits, Neheb, the Eternal"
Death Toll,Commander Deck,Commander,DSC,2024-09-27,54.54,"Whip of Erebos, Reanimate, Arachnogenesis, Professor Onyx, Vault of Whispers"
Deathdancer Xira,MTGO Commander Deck,Commander,TD0,2009-08-26,0.0,"Barren Moor, Darigaaz's Caldera, Forest, Forest, Forest"
Deep Clue Sea,Commander Deck,Commander,MKC,2024-02-09,94.91,"Bennie Bracks, Zoologist, Alandra, Sky Dreamer, Adrix and Nev, Twincasters, Academy Manufactor, Farewell"
Desert Bloom,Commander Deck,Commander,OTC,2024-04-19,84.84,"Ancient Greenwarden, World Shaper, Scute Swarm, Cactus Preserve, Sand Scout"
Devour for Power,Commander Deck,Commander,CM2,2018-06-08,110.08,"Grave Pact, Riddlekeeper, Memory Erosion, Damia, Sage of Stone, Avatar of Woe"
Divine Convocation,Commander Deck,Commander,MOC,2023-04-21,74.13,"Nesting Dovehawk, The Locust God, Skullclamp, Suture Priest, Secure the Wastes"
Doom Prevails,Commander Deck,Commander,MSC,2026-06-26,65.98,"Molecule Man, Black Market Connections, Luxury Suite, Skullclamp, Loki's Scepter"
Doom Prevails Collector's Edition,Commander Deck,Commander,MSC,2026-06-26,74.18,"Molecule Man, Black Market Connections, Luxury Suite, Skullclamp, Loki's Scepter"
Draconic Destruction,Commander Deck,Commander,SCD,2022-12-02,22.66,"Scourge of Valkas, Elemental Bond, Vandalblast, Dragon Tempest, Swiftfoot Boots"
Draconic Dissent,Commander Deck,Commander,CLB,2022-06-10,136.92,"Astral Dragon, Artificer Class, Bothersome Quasit, Baeloth Barrityl, Entertainer, Niv-Mizzet, Parun"
Draconic Domination,Commander Deck,Commander,C17,2017-08-25,112.44,"Utvara Hellkite, Kindred Discovery, Scion of the Ur-Dragon, Fist of Suns, Scalelord Reckoner"
Draconic Rage,Commander Deck,Commander,AFC,2021-07-23,88.19,"Klauth, Unrivaled Ancient, Wulfgar of Icewind Dale, Neverwinter Hydra, Dragonborn Champion, Sword of Hours"
Dungeons of Death,Commander Deck,Commander,AFC,2021-07-23,69.47,"Wand of Orcus, Minn, Wily Illusionist, Nimbus Maze, Lightning Greaves, Component Pouch"
Eldrazi Incursion,Commander Deck,Commander,M3C,2024-06-14,132.27,"Eldrazi Confluence, Eldrazi Monument, Morophon, the Boundless, Eldritch Immunity, Forsaken Monument"
Eldrazi Incursion Collector's Edition,Commander Deck,Commander,M3C,2024-06-14,171.0,"Glaring Fleshraker, Azlask, the Swelling Scourge, Eldrazi Confluence, Eldrazi Monument, Morophon, the Boundless"
Eldrazi Unbound,Commander Deck,Commander,CMM,2023-08-04,239.97,"Rise of the Eldrazi, Darksteel Monolith, It That Betrays, Flayer of Loyalties, Skittering Cicada"
Elven Council,Commander Deck,Commander,LTC,2023-06-23,81.68,"Heroic Intervention, Raise the Palisade, Swan Song, Asceticism, Galadhrim Ambush"
Elven Empire,Commander Deck,Commander,KHC,2021-02-05,78.76,"Wolverine Riders, Elvish Promenade, Beast Whisperer, Elven Ambush, Elderfang Venom"
Enchantress Rubinia,MTGO Commander Deck,Commander,TD0,2009-08-26,0.0,"Azorius Chancery, Bant Panorama, Coastal Tower, Elfhame Palace, Forest"
Endless Punishment,Commander Deck,Commander,DSC,2024-09-27,142.33,"Witch's Clinic, Persistent Constrictor, The Lord of Pain, Kederekt Parasite, Gleeful Arsonist"
Enduring Enchantments,Commander Deck,Commander,CMM,2023-08-04,146.91,"Starfield of Nyx, Ondu Spiritdancer, Narci, Fable Singer, Dryad of the Ilysian Grove, Mirari's Wake"
Enhanced Evolution,Commander Deck,Commander,C20,2020-04-17,81.24,"Deadly Rollick, Silent Arbiter, Beast Whisperer, Tidal Barracuda, Propaganda"
Entropic Uprising,Commander Deck,Commander,C16,2016-11-11,162.57,"Thrasios, Triton Hero, Burgeoning, Chain of Vapor, Waste Not, Cruel Entertainment"
Eternal Bargain,Commander Deck,Commander,C13,2013-11-01,53.38,"Crawlspace, Toxic Deluge, Lim-Dûl's Vault, Sanguine Bond, Phyrexian Reclamation"
Eternal Might,Commander Deck,Commander,DRC,2025-02-14,26.1,"Renewed Solidarity, Bontu's Monument, The Scarab God, Drowned Catacomb, Underground River"
Evasive Maneuvers,Commander Deck,Commander,C13,2013-11-01,58.94,"Thousand-Year Elixir, Conjurer's Closet, Flickerform, Surveyor's Scope, Swiftfoot Boots"
Everyone's Invited!,Commander Deck,Commander,SLD,2025-05-12,405.91,"Bitterblossom, Maskwood Nexus, Sol Ring, Raise the Palisade, Rin and Seri, Inseparable"
Exit from Exile,Commander Deck,Commander,CLB,2022-06-10,126.98,"Jeska's Will, Delayed Blast Fireball, Passionate Archaeologist, Nalfeshnee, Wild-Magic Sorcerer"
Explorers of the Deep,Commander Deck,Commander,LCC,2023-11-17,64.49,"Kindred Discovery, Branching Evolution, Herald of Secret Streams, Ripples of Potential, Reliquary Tower"
Exquisite Invention,Commander Deck,Commander,C18,2018-08-10,49.96,"Unwinding Clock, Varchild, Betrayer of Kjeldor, Mirrorworks, Treasure Nabber, Great Furnace"
Faceless Menace,Commander Deck,Commander,C19,2019-08-23,72.67,"Seedborn Muse, Apex Altisaur, Strionic Resonator, Sudden Substitution, Thran Dynamo"
Fae Dominion,Commander Deck,Commander,WOC,2023-09-08,150.71,"Archmage of Echoes, Alela, Cunning Conqueror, Misleading Signpost, Kindred Dominance, Glen Elendra Archmage"
Faerie Schemes,Brawl Deck,Commander,ELD,2019-10-04,168.3,"Emergence Zone, Smothering Tithe, Watery Grave, Sephara, Sky's Blade, Massacre Girl"
Family Matters,Commander Deck,Commander,BLC,2024-08-02,42.07,"Agate Instigator, Helm of the Host, Pollywog Prodigy, Jacked Rabbit, Sol Ring"
Feline Ferocity,Commander Deck,Commander,C17,2017-08-25,108.82,"Hammer of Nazahn, Qasali Slingers, Sword of the Animist, Traverse the Outlands, Mirari's Wake"
First Flight,Commander Deck,Commander,SCD,2022-12-02,16.91,"True Conviction, Thought Vessel, Counterspell, Sephara, Sky's Blade, Sol Ring"
Flashy Fliers,Historic Brawl Precon Deck,Commander,MOM,2024-07-08,60.5,"Coldsteel Heart, Cavalier of Gales, Lyra Dawnbringer, Faerie Seer, Opt"
Food and Fellowship,Commander Deck,Commander,LTC,2023-06-23,69.66,"Birds of Paradise, Essence Warden, The Gaffer, Sanguine Bond, Toxic Deluge"
Forces of the Imperium,Commander Deck,Commander,40K,2022-10-07,204.71,"Celestine, the Living Saint, Reaver Titan, Commissar Severina Raine, Vexilus Praetor, Thunderhawk Gunship"
Forces of the Imperium Collector's Edition,Commander Deck,Commander,40K,2022-10-07,552.64,"Marneus Calgar, Celestine, the Living Saint, Vexilus Praetor, Commissar Severina Raine, Reaver Titan"
Forged In Stone,Commander Deck,Commander,C14,2014-11-07,89.93,"Grand Abolisher, Emeria, the Sky Ruin, Cathars' Crusade, Skullclamp, Pearl Medallion"
From Cute to Brute,Commander Deck,Commander,SLD,2023-05-08,348.23,"Nicol Bolas, the Ravager // Nicol Bolas, the Arisen, Archangel Avacyn // Avacyn, the Purifier, Westvale Abbey // Ormendahl, Profane Prince, Bloodline Keeper // Lord of Lineage, Valakut Awakening // Valakut Stoneforge"
Goblin Storm,Commander Deck,Commander,SLD,2026-05-18,489.83,"Roaming Throne, Sol Ring, Krenko, Mob Boss, Skullclamp, Throne of Eldraine"
Grand Larceny,Commander Deck,Commander,OTC,2024-04-19,145.9,"Orochi Soul-Reaver, Tower Winder, Brainstealer Dragon, Three Visits, Fallen Shinobi"
Graveyard Overdrive,Commander Deck,Commander,M3C,2024-06-14,79.99,"The Reaver Cleaver, Barrowgoyf, Archon of Cruelty, Chandra's Ignition, Selvala, Heart of the Wilds"
Graveyard Overdrive Collector's Edition,Commander Deck,Commander,M3C,2024-06-14,98.41,"The Reaver Cleaver, Barrowgoyf, Archon of Cruelty, Chandra's Ignition, Accursed Marauder"
Growing Threat,Commander Deck,Commander,MOC,2023-04-21,63.33,"Filigree Vector, Bitterthorn, Nissa's Animus, Massacre Wurm, Nettlecyst, Karn's Bastion"
Guided By Nature,Commander Deck,Commander,C14,2014-11-07,111.1,"Ezuri, Renegade Leader, Joraga Warcaller, Grave Sifter, Essence Warden, Crystal Vein"
Guided by Nature,Commander Deck,Commander,CMA,2017-06-09,129.53,"Joraga Warcaller, Ezuri, Renegade Leader, Grave Sifter, Sylvan Safekeeper, Crystal Vein"
"Hail, Caesar",Commander Deck,Commander,PIP,2024-03-08,245.86,"Pitiless Plunderer, Skullclamp, Talisman of Indulgence, Tainted Peak, Tainted Field"
"Heads I Win, Tails You Lose",Commander Deck,Commander,SLD,2022-04-22,469.33,"Commander's Plate, Propaganda // Propaganda, Shadowspear, Krark's Thumb // Krark's Thumb, Seize the Day"
Heavenly Inferno,Commander Deck,Commander,CMD,2011-06-17,79.93,"Pyrohemia, Mother of Runes, Stranglehold, Vow of Malice, Lightning Greaves"
Invent Superiority,Commander Deck,Commander,C16,2016-11-11,66.76,"Curse of Vengeance, Silas Renn, Seeker Adept, Skullclamp, Bruse Tarl, Boorish Herder, Akiri, Line-Slinger"
Jeskai Striker,Commander Deck,Commander,TDC,2025-04-11,32.11,"Ghostly Prison, Reliquary Tower, Will of the Jeskai, Curse of Opulence, Narset's Reversal"
Jump Scare!,Commander Deck,Commander,DSC,2024-09-27,73.63,"Ashaya, Soul of the Wild, Giggling Skitterspike, Aesi, Tyrant of Gyre Strait, Scute Swarm, Worldspine Wurm"
Knights' Charge,Brawl Deck,Commander,ELD,2019-10-04,48.42,"Godless Shrine, Colossus Hammer, Knight of the Ebon Legion, Icon of Ancestry, Skyknight Vanguard"
Land's Wrath,Commander Deck,Commander,ZNC,2020-09-25,16.94,"Emeria Shepherd, Evolution Sage, Return of the Wildspeaker, Kodama's Reach, Sol Ring"
Legends' Legacy,Commander Deck,Commander,DMC,2022-09-09,131.97,"Shizo, Death's Storehouse, The Reaver Cleaver, Cadric, Soul Kindler, Mikokoro, Center of the Sea, Oketra's Monument"
Lightly Armored,Historic Brawl Precon Deck,Commander,MOM,2024-07-08,198.72,"Mirari's Wake, Ancestral Mask, Coldsteel Heart, Celestial Mantle, Lyra Dawnbringer"
Limit Break (FINAL FANTASY VII),Commander Deck,Commander,FIC,2025-06-13,45.37,"Skullclamp, Professional Face-Breaker, Sword of the Animist, Darksteel Plate, Clever Concealment"
Limit Break Collector's Edition (FINAL FANTASY VII),Commander Deck,Commander,FIC,2025-06-13,66.12,"Zack Fair, Tifa, Martial Artist, Skullclamp, Professional Face-Breaker, Sword of the Animist"
Living Energy,Commander Deck,Commander,DRC,2025-02-14,34.3,"Academy Ruins, Panharmonicon, Lightning Greaves, Conjurer's Closet, Adaptive Omnitool"
Lorehold Legacies,Commander Deck,Commander,C21,2021-04-23,64.05,"Thousand-Year Elixir, Hellkite Tyrant, Boros Charm, Monologue Tax, Battlemage's Bracers"
Lorehold Spirit,Commander Deck,Commander,SOC,2026-04-24,45.19,"Moonshaker Cavalry, Bitterthorn, Nissa's Animus, Emeria, the Sky Ruin, Turbulent Steppe, Patchwork Banner"
Maestros Massacre,Commander Deck,Commander,NCC,2022-04-29,67.03,"Twinning Staff, Make an Example, Lightning Greaves, Kess, Dissident Mage, Determined Iteration"
Mardu Surge,Commander Deck,Commander,TDC,2025-04-11,42.19,"Goldlust Triad, Skullclamp, Lightning Greaves, Will of the Mardu, Grand Crescendo"
Merciless Rage,Commander Deck,Commander,C19,2019-08-23,55.66,"Bone Miser, Sanctum of Eternity, Curse of Fool's Wisdom, In Garruk's Wake, Geier Reach Sanitarium"
Mind Flayarrrs,Commander Deck,Commander,CLB,2022-06-10,146.42,"Zellix, Sanity Flayer, Mindcrank, Brainstealer Dragon, Aboleth Spawn, Spellskite"
Mind Seize,Commander Deck,Commander,C13,2013-11-01,62.84,"Prosperity, Jace's Archivist, Sudden Spoiling, Temple Bell, Propaganda"
Miracle Worker,Commander Deck,Commander,DSC,2024-09-27,89.38,"Hall of Heliod's Generosity, Ondu Spiritdancer, Ancient Cellarspawn, Metamorphosis Fanatic, Inkshield"
Mirror Mastery,Commander Deck,Commander,CMD,2011-06-17,98.49,"Animar, Soul of Elements, Homeward Path, Collective Voyage, Lightning Greaves, Ruination"
Mishra's Burnished Banner,Commander Deck,Commander,BRC,2022-11-18,121.22,"Great Furnace, Strionic Resonator, Nihil Spellbomb, Lithoform Engine, Reliquary Tower"
Most Wanted,Commander Deck,Commander,OTC,2024-04-19,118.84,"Seize the Spotlight, Rain of Riches, Command Beacon, Academy Manufactor, Back in Town"
Mutant Menace,Commander Deck,Commander,PIP,2024-03-08,353.95,"Infesting Radroach, Power Fist, Mortuary Mire, Guardian Project, Atomize"
Mystic Intellect,Commander Deck,Commander,C19,2019-08-23,40.54,"Dockside Extortionist, Prismatic Strands, Ghostly Prison, Clever Impersonator, Storm Herd"
Nature of the Beast,Commander Deck,Commander,C13,2013-11-01,48.71,"Homeward Path, Boros Charm, Swiftfoot Boots, Tempt with Discovery, From the Ashes"
Nature's Vengeance,Commander Deck,Commander,C18,2018-08-10,18.78,"Fury Storm, Retreat to Hagra, Thantis, the Warweaver, Sol Ring, Stitch Together"
Necron Dynasties,Commander Deck,Commander,40K,2022-10-07,263.54,"Cryptothrall, Sceptre of Eternal Glory, Resurrection Orb, Canoptek Spyder, Darkness"
Necron Dynasties Collector's Edition,Commander Deck,Commander,40K,2022-10-07,586.28,"Sceptre of Eternal Glory, Cryptothrall, Canoptek Spyder, Imotekh the Stormlord, Resurrection Orb"
Obscura Operation,Commander Deck,Commander,NCC,2022-04-29,87.77,"Change of Plans, Smuggler's Share, Strionic Resonator, Fallen Shinobi, Silent-Blade Oni"
Open Hostility,Commander Deck,Commander,C16,2016-11-11,156.45,"Tymna the Weaver, Breath of Fury, Iroas, God of Victory, Ravos, Soultender, Skullclamp"
Painbow,Commander Deck,Commander,DMC,2022-09-09,62.98,"Tiller Engine, Two-Headed Hellkite, Fallaji Wayfarer, Surrak Dragonclaw, Nethroi, Apex of Death"
Paradox Power,Commander Deck,Commander,WHO,2023-10-13,239.93,"Danny Pink, Quantum Misalignment, Talisman of Curiosity, Rockfall Vale, Beast Within"
Party Time,Commander Deck,Commander,CLB,2022-06-10,110.29,"Black Market Connections, Mother of Runes, Grim Hireling, Deep Gnome Terramancer, Skullclamp"
Peace Offering,Commander Deck,Commander,BLC,2024-08-02,65.84,"Loran of the Third Path, Twenty-Toed Toad, Kalonian Hydra, Bloodroot Apothecary, Reliquary Tower"
Peer Through Time,Commander Deck,Commander,C14,2014-11-07,72.43,"Cyclonic Rift, Sapphire Medallion, Breaching Leviathan, Thran Dynamo, Crown of Doom"
Phantom Premonition,Commander Deck,Commander,KHC,2021-02-05,44.2,"Eerie Interlude, Ghostly Prison, Windfall, Cosmic Intervention, Spectral Deluge"
Planar Portal,Commander Deck,Commander,AFC,2021-07-23,91.36,"Grim Hireling, Reckless Endeavor, Karazikar, the Eye Tyrant, Wild-Magic Sorcerer, Disrupt Decorum"
Planeswalker Party,Commander Deck,Commander,CMM,2023-08-04,123.93,"Silent Arbiter, Spark Double, Teyo, Geometric Tactician, Fellwar Stone, Chandra, Awakened Inferno"
Plunder the Graves,Commander Deck,Commander,CMA,2017-06-09,82.88,"Pathbreaker Ibex, Thief of Blood, Eldrazi Monument, Skullclamp, Mycoloth"
Political Puppets,Commander Deck,Commander,CMD,2011-06-17,65.54,"Flusterstorm, Insurrection, Ghostly Prison, Propaganda, Howling Mine"
Power Hungry,Commander Deck,Commander,C13,2013-11-01,67.19,"Goblin Sharpshooter, Primal Vigor, Goblin Bombardment, Swiftfoot Boots, Khalni Garden"
Primal Genesis,Commander Deck,Commander,C19,2019-08-23,61.08,"Marisi, Breaker of the Coil, Ohran Frostfang, Elemental Bond, Second Harvest, Song of the Worldsoul"
Prismari Artistry,Commander Deck,Commander,SOC,2026-04-24,59.15,"Faerie Mastermind, Goldspan Dragon, Turbulent Springs, Reliquary Tower, Harmonic Prodigy"
Prismari Performance,Commander Deck,Commander,C21,2021-04-23,62.61,"Seething Song, Veyran, Voice of Duality, Dualcaster Mage, Reliquary Tower, Mana Geyser"
Quandrix Unlimited,Commander Deck,Commander,SOC,2026-04-24,48.46,"Three Visits, Ozolith, the Shattered Spire, Turbulent Wilderness, Reliquary Tower, Kami of Whispered Hopes"
Quantum Quandrix,Commander Deck,Commander,C21,2021-04-23,49.13,"Spawning Kraken, Ruxa, Patient Professor, Guardian Augmenter, Rapid Hybridization, Ezuri's Predation"
Quick Draw,Commander Deck,Commander,OTC,2024-04-19,107.31,"Mizzix's Mastery, Winged Boots, Arcane Bombardment, Niv-Mizzet, Parun, Windfall"
Raining Cats and Dogs,Commander Deck,Commander,SLD,2024-01-22,415.7,"Anointed Procession // Anointed Procession, Sol Ring // Sol Ring, Jetmir, Nexus of Revels // Jetmir, Nexus of Revels, Lurking Predators, Jetmir's Garden"
Reap the Tides,Commander Deck,Commander,CMR,2020-11-20,47.38,"Nezahal, Primal Tide, Ramunap Excavator, Swiftfoot Boots, Reliquary Tower, Scourge of Fleets"
Rebellion Rising,Commander Deck,Commander,ONC,2023-02-10,102.81,"Flawless Maneuver, Clever Concealment, Hexplate Wallbreaker, Otharri, Suns' Glory, Call the Coppercoats"
Revenant Recon,Commander Deck,Commander,MKC,2024-02-09,111.36,"Necromancy, Animate Dead, Reanimate, Rise of the Dark Realms, Doom Whisperer"
Revival Trance (FINAL FANTASY VI),Commander Deck,Commander,FIC,2025-06-13,29.4,"Reanimate, Pitiless Plunderer, Rise of the Dark Realms, Swiftfoot Boots, Talisman of Indulgence"
Revival Trance Collector's Edition (FINAL FANTASY VI),Commander Deck,Commander,FIC,2025-06-13,40.05,"Reanimate, Pitiless Plunderer, Rise of the Dark Realms, Laughing Mad, Phoenix Down"
Riders of Rohan,Commander Deck,Commander,LTC,2023-06-23,57.24,"Gimli of the Glittering Caves, Door of Destinies, Vanquisher's Banner, Herald's Horn, Taunt from the Rampart"
Riveteers Rampage,Commander Deck,Commander,NCC,2022-04-29,73.08,"Rain of Riches, Jolene, the Plunder Queen, World Shaper, Industrial Advancement, Life's Legacy"
Ruthless Regiment,Commander Deck,Commander,C20,2020-04-17,78.45,"Flawless Maneuver, Species Specialist, Molten Echoes, Call the Coppercoats, Skullclamp"
Savage Hunger,Brawl Deck,Commander,ELD,2019-10-04,68.92,"Evolution Sage, Stomping Ground, Rhythm of the Wild, Krenko, Tin Street Kingpin, Dreadhorde Invasion"
Science!,Commander Deck,Commander,PIP,2024-03-08,299.53,"Nuka-Cola Vending Machine, Bottle-Cap Blast, Lightning Greaves, Thought Vessel, Panharmonicon"
Scions & Spellcraft (FINAL FANTASY XIV),Commander Deck,Commander,FIC,2025-06-13,42.35,"Tataru Taru, Snuff Out, Authority of the Consuls, Champions from Beyond, Sunken Ruins"
Scions & Spellcraft Collector's Edition (FINAL FANTASY XIV),Commander Deck,Commander,FIC,2025-06-13,60.68,"Tataru Taru, Snuff Out, Authority of the Consuls, Circle of Power, Astrologian's Planisphere"
Scrappy Survivors,Commander Deck,Commander,PIP,2024-03-08,304.81,"Silver Shroud Costume, Codsworth, Handy Helper, Heroic Intervention, Perception Bobblehead, Path to Exile"
Seize Control,Commander Deck,Commander,C15,2015-11-13,53.09,"Jace's Archivist, Mizzix's Mastery, Reliquary Tower, Blatant Thievery, Windfall"
Silverquill Influence,Commander Deck,Commander,SOC,2026-04-24,62.19,"Land Tax, Animate Dead, Turbulent Moor, Ghostly Prison, Inkshield"
Silverquill Statement,Commander Deck,Commander,C21,2021-04-23,89.34,"Stinging Study, Tempting Contract, Incarnation Technique, Victory Chimes, Ghostly Prison"
Sliver Swarm,Commander Deck,Commander,CMM,2023-08-04,170.36,"Sliver Hivelord, Hatchery Sliver, Lazotep Sliver, Fellwar Stone, Syphon Sliver"
Smashing Stampede,Historic Brawl Precon Deck,Commander,MOM,2024-07-08,153.21,"The Great Henge, Surrak and Goreclaw, Coldsteel Heart, Elvish Mystic, Shivan Devastator"
Sneak Attack,Commander Deck,Commander,ZNC,2020-09-25,29.58,"Sygg, River Cutthroat, In Garruk's Wake, Blackblade Reforged, Zulaport Cutthroat, Notorious Throng"
Spirit Squadron,Commander Deck,Commander,VOC,2021-11-19,36.0,"Kami of the Crescent Moon, Ghostly Prison, Arcane Denial, Knight of the White Orchid, Mirror Entity"
Squirreled Away,Commander Deck,Commander,BLC,2024-08-02,92.89,"Chatterfang, Squirrel General, Toski, Bearer of Secrets, Academy Manufactor, Skullclamp, Swarmyard"
Stalwart Unity,Commander Deck,Commander,C16,2016-11-11,183.63,"Lurking Predators, Homeward Path, Wave of Reckoning, Swan Song, Benefactor's Draught"
Subjective Reality,Commander Deck,Commander,C18,2018-08-10,32.63,"Silent-Blade Oni, Sower of Discord, Yuriko, the Tiger's Shadow, Varina, Lich Queen, Ponder"
Sultai Arisen,Commander Deck,Commander,TDC,2025-04-11,70.1,"Colossal Grave-Reaver, Command Beacon, Teval's Judgment, Dauthi Voidwalker, Life from the Loam"
Swell the Host,Commander Deck,Commander,C15,2015-11-13,61.06,"Arachnogenesis, Command Beacon, Caller of the Claw, Reliquary Tower, Beastmaster Ascension"
Sworn To Darkness,Commander Deck,Commander,C14,2014-11-07,76.61,"Crypt Ghast, Jet Medallion, Sudden Spoiling, Crypt of Agadeem, Magus of the Coffers"
Symbiotic Swarm,Commander Deck,Commander,C20,2020-04-17,38.98,"Akroma, Angel of Wrath, Obscuring Haze, Gavony Township, Karametra, God of Harvests, Slippery Bogbonder"
Temur Roar,Commander Deck,Commander,TDC,2025-04-11,47.49,"Ureni of the Unwritten, Temur Ascendancy, Elemental Bond, Dragon Tempest, Talisman of Creativity"
The Fantastic Four,Commander Deck,Commander,MSC,2026-06-26,41.06,"The Fantasticar, Three Visits, Galactus, Devourer of Worlds, Lightning Greaves, Rejuvenating Springs"
The Fantastic Four Collector's Edition,Commander Deck,Commander,MSC,2026-06-26,53.27,"The Fantasticar, Three Visits, Mister Fantastic, Galactus, Devourer of Worlds, Lightning Greaves"
The Hosts of Mordor,Commander Deck,Commander,LTC,2023-06-23,78.66,"Cavern-Hoard Dragon, Relic of Sauron, The Black Gate, Reanimate, Living Death"
The Ruinous Powers,Commander Deck,Commander,40K,2022-10-07,196.28,"Bloodthirster, Exalted Flamer of Tzeentch, Magnus the Red, Keeper of Secrets, Blood for the Blood God!"
The Ruinous Powers Collector's Edition,Commander Deck,Commander,40K,2022-10-07,526.49,"Bloodthirster, Magnus the Red, Exalted Flamer of Tzeentch, Be'lakor, the Dark Master, Nurgle's Rot"
Timeless Wisdom,Commander Deck,Commander,C20,2020-04-17,115.73,"Fierce Guardianship, Surly Badgersaur, Brallin, Skyshark Rider, The Locust God, Windfall"
Timey-Wimey,Commander Deck,Commander,WHO,2023-10-13,205.09,"Everybody Lives!, Dinosaurs on a Spaceship, Nanogene Conversion, Wedding Ring, Flesh Duplicate"
Tinker Time,Commander Deck,Commander,MOC,2023-04-21,46.26,"Academy Manufactor, Hedron Detonator, Pain Distributor, Curse of Opulence, Tireless Provisioner"
Token Triumph,Commander Deck,Commander,SCD,2022-12-02,11.74,"Champion of Lambholt, Path to Exile, Sol Ring, Eternal Witness, Idol of Oblivion"
Tricky Terrain,Commander Deck,Commander,M3C,2024-06-14,119.67,"Talon Gates of Madara, Yavimaya, Cradle of Growth, Dryad of the Ilysian Grove, Scute Swarm, Lazotep Quarry"
Tricky Terrain Collector's Edition,Commander Deck,Commander,M3C,2024-06-14,142.0,"Talon Gates of Madara, Yavimaya, Cradle of Growth, Dryad of the Ilysian Grove, Lazotep Quarry, Planar Nexus"
Turtle Power!,Commander Deck,Commander,TMC,2026-03-06,72.35,"City of Brass, Spire Garden, Undergrowth Stadium, Irma, Part-Time Mutant, Ninja Pizza"
Tyranid Swarm,Commander Deck,Commander,40K,2022-10-07,175.85,"Ghyrson Starn, Kelermorph, Shadow in the Warp, Biophagus, Sporocyst, Nexos"
Tyranid Swarm Collector's Edition,Commander Deck,Commander,40K,2022-10-07,528.36,"Ghyrson Starn, Kelermorph, Biophagus, Shadow in the Warp, Magus Lucea Kane, Sporocyst"
Undead Unleashed,Commander Deck,Commander,MIC,2021-09-24,47.28,"Hordewing Skaab, Endless Ranks of the Dead, Diregraf Colossus, Death Baron, Cleaver Skaab"
Upgrades Unleashed,Commander Deck,Commander,NEC,2022-02-18,65.56,"Bear Umbra, Akki Battle Squad, Rishkar's Expertise, Rhythm of the Wild, Blackblade Reforged"
Urza's Iron Alliance,Commander Deck,Commander,BRC,2022-11-18,85.73,"Skullclamp, Relic of Progenitus, Preordain, Thought Vessel, Vault of Whispers"
Vampiric Bloodline,Commander Deck,Commander,VOC,2021-11-19,54.59,"Molten Echoes, Nirkana Revenant, Shadowgrange Archfiend, Malakir Bloodwitch, Blood Artist"
Vampiric Bloodlust,Commander Deck,Commander,C17,2017-08-25,141.01,"Teferi's Protection, Door of Destinies, Kindred Charge, Licia, Sanguine Tribune, Skullclamp"
Veloci-Ramp-Tor,Commander Deck,Commander,LCC,2023-11-17,86.41,"Akroma's Will, Xenagos, God of Revels, Apex Altisaur, Chandra's Ignition, Rhythm of the Wild"
Virtue and Valor,Commander Deck,Commander,WOC,2023-09-08,107.62,"Retether, Hall of Heliod's Generosity, Bear Umbra, Mantle of the Ancients, Umbra Mystic"
Wade into Battle,Commander Deck,Commander,CM2,2018-06-08,62.4,"Urza's Incubator, Gisela, Blade of Goldnight, Lightning Greaves, Basalt Monolith, Blade of Selves"
Wakanda Forever,Commander Deck,Commander,MSC,2026-06-26,44.76,"Birds of Paradise, Hammer of Nazahn, Helm of the Host, Bountiful Promenade, Sword of the Animist"
Wakanda Forever Collector's Edition,Commander Deck,Commander,MSC,2026-06-26,44.76,"Birds of Paradise, Hammer of Nazahn, Helm of the Host, Bountiful Promenade, Sword of the Animist"
Wild Bounty,Brawl Deck,Commander,ELD,2019-10-04,72.02,"Biomancer's Familiar, Hallowed Fountain, Circuitous Route, Risen Reef, Incubation Druid"
Witherbloom Pestilence,Commander Deck,Commander,SOC,2026-04-24,42.82,"Ohran Frostfang, Turbulent Fen, Toxic Deluge, Stensian Sanguinist // Exsanguinate, Blood Artist"
Witherbloom Witchcraft,Commander Deck,Commander,C21,2021-04-23,74.67,"Witch's Clinic, Alhammarret's Archive, Venser's Journal, Sapling of Colfenor, Sanguine Bond"
World Shaper,Commander Deck,Commander,EOC,2025-08-01,26.61,"Braids, Arisen Nightmare, Exploration Broodship, Nature's Lore, Oracle of Mul Daya, Horizon Explorer"
2014 Full Art Land Set,Box Set,Other,J14,2014-01-01,416.13,"Island, Forest, Plains, Swamp, Mountain"
30th Anniversary Countdown Kit,Secret Lair Drop,Other,SLC,2022-11-01,654.09,"Chrome Mox, Necropotence, Deathrite Shaman, Birthing Pod, Lim-Dûl's Vault"
A Box of Rocks,Secret Lair Drop,Other,SLD,2021-03-15,35.81,"Arcane Signet, Commander's Sphere, Chromatic Lantern, Gilded Lotus, Darksteel Ingot"
A Box of Rocks Foil Edition,Secret Lair Drop,Other,SLD,2021-03-15,35.81,"Arcane Signet, Commander's Sphere, Chromatic Lantern, Gilded Lotus, Darksteel Ingot"
A Devastation of Dragons,Secret Lair Drop,Other,SLD,2025-02-20,74.19,"Kokusho, the Evening Star, Scion of the Ur-Dragon, Niv-Mizzet, Parun, Skyline Despot"
Aang,Jumpstart,Other,TLE,2025-11-20,16.97,"Aang, Airbending Master, Cloudshift, Kindly Customer, Momo, Rambunctious Rascal, Plains"
Above the Clouds (1),Jumpstart,Other,JMP,2020-07-17,0.0,"Tide Skimmer, Unsubstantiate, Lofty Denial, Capture Sphere, Mistral Singer"
Above the Clouds (2),Jumpstart,Other,JMP,2020-07-17,0.0,"Tide Skimmer, Unsubstantiate, Lofty Denial, Capture Sphere, Mistral Singer"
Above the Clouds (3),Jumpstart,Other,JMP,2020-07-17,0.0,"Tide Skimmer, Unsubstantiate, Lofty Denial, Capture Sphere, Frost Breath"
Above the Clouds (4),Jumpstart,Other,JMP,2020-07-17,5.44,"Kira, Great Glass-Spinner, Tide Skimmer, Unsubstantiate, Lofty Denial, Capture Sphere"
Absolute Annihilation,Secret Lair Drop,Other,SLD,2023-09-15,59.04,"Mass Hysteria, Terminate, Abrade, Oppression"
Absolute Annihilation Foil Edition,Secret Lair Drop,Other,SLD,2023-09-15,59.04,"Mass Hysteria, Terminate, Abrade, Oppression"
Abzan Siege,Intro Pack,Other,KTK,2014-09-26,8.7,"Abzan Falconer, Abzan Battle Priest, Eternal Thirst, Sandsteppe Citadel, Abzan Charm"
Adaptive,Jumpstart,Other,TLE,2025-11-20,12.37,"The Blue Spirit, Princess Yue, Frantic Search, Boomerang Basics, Island"
Adept (1),Jumpstart,Other,TLE,2025-11-20,3.02,"Dramatic Reversal, Nightmares and Daydreams, Island, Crashing Wave, Unagi's Spray"
Adept (2),Jumpstart,Other,TLE,2025-11-20,2.54,"Consider, Nightmares and Daydreams, Island, Katara, Bending Prodigy, Octopus Form"
Adventures in the Forgotten Realms Bundle Land Pack,Bundle Land Pack,Other,AFR,2021-07-23,0.0,"Forest, Forest, Mountain, Mountain, Forest"
Adventures in the Forgotten Realms Foil Redemption,MTGO Redemption,Other,AFR,2021-08-22,281.96,"Old Gnawbone, Tiamat, Circle of Dreams Druid, Teleportation Circle, Xorn"
Adventures in the Forgotten Realms Redemption,MTGO Redemption,Other,AFR,2021-08-22,281.96,"Old Gnawbone, Tiamat, Circle of Dreams Druid, Teleportation Circle, Xorn"
Adventures in the Forgotten Realms Welcome Booster,Welcome Booster,Other,AFR,2021-07-23,2.92,"Cleric Class, Sunblast Angel, Atarka, World Render, Tyrant's Familiar, Jiang Yanggu, Wildcrafter"
Adventures of the Little Witch,Secret Lair Drop,Other,SLD,2025-04-23,69.65,"Realms Uncharted, Esika's Chariot, Secret Rendezvous, Serenity"
Adventures of the Little Witch Foil Edition,Secret Lair Drop,Other,SLD,2025-04-23,69.65,"Realms Uncharted, Esika's Chariot, Secret Rendezvous, Serenity"
Aeo Paquette - Affinity,World Championship Deck,Other,WC04,2004-09-01,70.34,"Chrome Mox, Arcbound Ravager, Great Furnace, Welding Jar, Thoughtcast"
Aerial Acrobatics,Game Night Deck,Other,GN2,2019-11-15,18.9,"Agent of Treachery, Dramatic Reversal, Engulf the Shore, River's Rebuke, Winged Words"
Aerial Domination,Arena Starter Deck,Other,ANB,2020-08-13,0.0,"Wall of Runes, Sworn Guardian, Waterkin Shaman, Cloudkin Seer, Warden of Evos Isle"
Aerodoom,Theme Deck,Other,BTD,2000-10-01,33.3,"Dark Ritual, Counterspell, Power Sink, Tolarian Winds, Drain Life"
Aether Drifters,Secret Lair Drop,Other,SLD,2025-02-11,20.48,"Smuggler's Copter // Smuggler's Copter, Parhelion II // Parhelion II, Mechtitan Core // Mechtitan Core, Reckoner Bankbuster // Reckoner Bankbuster, Peacewalker Colossus // Peacewalker Colossus"
Aether Drifters Foil Edition,Secret Lair Drop,Other,SLD,2025-02-11,20.48,"Smuggler's Copter // Smuggler's Copter, Parhelion II // Parhelion II, Mechtitan Core // Mechtitan Core, Reckoner Bankbuster // Reckoner Bankbuster, Peacewalker Colossus // Peacewalker Colossus"
Aether Revolt Foil Redemption,MTGO Redemption,Other,AER,2017-02-19,239.19,"Paradox Engine, Walking Ballista, Heroic Intervention, Whir of Invention, Exquisite Archangel"
Aether Revolt Redemption,MTGO Redemption,Other,AER,2017-02-19,239.19,"Paradox Engine, Walking Ballista, Heroic Intervention, Whir of Invention, Exquisite Archangel"
Aetherdrift Bundle Land Pack,Bundle Land Pack,Other,DFT,2025-02-14,0.0,"Mountain, Mountain, Mountain, Mountain, Plains"
Aetherdrift Redemption,MTGO Redemption,Other,DFT,2025-03-13,169.16,"The Aetherspark, Riverpyre Verge, Monument to Endurance, Wastewood Verge, Bleachbone Verge"
Aga Galneer,Shandalar Enemy Deck,Other,PAST,1997-04-01,175.27,"Greed, El-Hajjâj, Sol Ring, Spirit Link, Savannah Lions"
Agents of S.H.I.E.L.D.,Jumpstart,Other,MSH,2026-06-26,1.01,"Nick Fury, Spymaster, Agent Phil Coulson, Strategic Intervention, Quake, Agent of S.H.I.E.L.D., Agent 13, Sharon Carter"
Air Forces,MTGO Theme Deck,Other,WTH,2007-12-12,17.95,"Debt of Loyalty, Impulse, Island, Island, Plains"
Air Razers,Theme Deck,Other,JUD,2002-05-27,401.34,"Worldgorger Dragon, Flash of Insight, Wonder, Lava Dart, Dwarven Scorcher"
Airbending,Jumpstart,Other,TLE,2025-11-20,9.92,"Monk Gyatso, Airbender Ascension, Airbender's Reversal, Plains, Aang, the Last Airbender"
Ajani,Planeswalker Deck,Other,M19,2018-07-13,9.67,"Ajani, Wise Counselor, Herald of Faith, Mentor of the Meek, Rustwing Falcon, Plains"
Ajani Goldmane,Duel Deck,Other,DDH,2011-09-02,14.11,"Essence Warden, Ajani Vengeant, Titanic Ultimatum, Spitemare, Forest"
"Ajani, Inspiring Leader",Planeswalker Deck,Other,M20,2019-07-29,11.94,"Ajani, Inspiring Leader, Angel of Vitality, Plains, Twinblade Paladin, Serra's Guardian"
"Ajani, Valiant Protector",Planeswalker Deck,Other,AER,2017-01-20,5.2,"Ajani, Valiant Protector, Narnam Renegade, Aid from the Cowl, Unbridled Growth, Forest"
Alara Reborn Foil Redemption,MTGO Redemption,Other,ARB,2009-05-30,512.99,"Wargate, Sen Triplets, Lord of Extinction, Time Sieve, Maelstrom Nexus"
Alara Reborn Redemption,MTGO Redemption,Other,ARB,2009-05-30,512.99,"Wargate, Sen Triplets, Lord of Extinction, Time Sieve, Maelstrom Nexus"
Alex Borteh - Merfolk Opposition,World Championship Deck,Other,WC01,2001-08-08,38.14,"Gush, Static Orb, Lord of Atlantis, Waterfront Bouncer, Thwart"
Alien Auroras,Secret Lair Drop,Other,SLD,2025-07-29,87.78,"Crucible of Worlds, Sylvan Safekeeper, Zuran Orb, Reprocess, Aggressive Mining"
Alien Auroras Galaxy Foil Edition,Secret Lair Drop,Other,SLD,2025-07-29,87.78,"Crucible of Worlds, Sylvan Safekeeper, Zuran Orb, Reprocess, Aggressive Mining"
Alliance (1),Jumpstart,Other,TLE,2025-11-20,1.93,"The Duke, Rebel Sentry, Plains, Mechanical Glider, South Pole Voyager, Suki, Kyoshi Warrior"
Alliance (2),Jumpstart,Other,TLE,2025-11-20,3.31,"The Duke, Rebel Sentry, Jet, Rebel Leader, Plains, Mechanical Glider, South Pole Voyager"
Allied Fires,Challenger Deck,Other,Q04,2020-04-03,35.12,"Steam Vents, Narset, Parter of Veils, Ugin, the Ineffable, Kenrith, the Returned King, Saheeli, Sublime Artificer"
Alt-A-Kesh,Shandalar Enemy Deck,Other,PAST,1997-04-01,10827.06,"Time Walk, Ancestral Recall, Junún Efreet, Birds of Paradise, Energy Flux"
Amonkhet Bundle Land Pack,Bundle Land Pack,Other,AKH,2017-04-28,10.29,"Island, Swamp, Mountain, Mountain, Forest"
Amonkhet Foil Redemption,MTGO Redemption,Other,AKH,2017-05-28,419.36,"Anointed Procession, Bontu's Monument, Combat Celebrant, Nest of Scarabs, Oketra's Monument"
Amonkhet Redemption,MTGO Redemption,Other,AKH,2017-05-28,419.36,"Anointed Procession, Bontu's Monument, Combat Celebrant, Nest of Scarabs, Oketra's Monument"
Amonkhet Welcome Deck - Black,Welcome Deck,Other,W17,2017-04-15,0.0,"Swamp, Swamp, Swamp, Gravedigger, Dune Beetle"
Amonkhet Welcome Deck - Blue,Welcome Deck,Other,W17,2017-04-15,0.0,"Island, Island, Nimble Innovator, Ancient Crab, Island"
Amonkhet Welcome Deck - Green,Welcome Deck,Other,W17,2017-04-15,1.17,"Sixth Sense, Forest, Forest, Forest, Giant Spider"
Amonkhet Welcome Deck - Red,Welcome Deck,Other,W17,2017-04-15,1.19,"Mountain, Mountain, Renegade Tactics, Mountain, Shock"
Amonkhet Welcome Deck - White,Welcome Deck,Other,W17,2017-04-15,0.0,"Plains, Plains, Plains, Inspired Charge, Victory's Herald"
An Encyclopedia of Magic,Secret Lair Drop,Other,SLC,2025-11-03,435.42,"Urza's Saga, Phyrexian Altar, Field of the Dead, Myrel, Shield of Argive, Sol Ring"
Analyzed,Jumpstart,Other,MSH,2026-06-26,4.28,"Vision, Spectral Synthezoid, Echo, Perceptive Prodigy, Viv Vision, Teen Synthezoid, Machine Man, Model X-51, We Say Thee Nay!"
Ancient Arsenal,Starter Kit,Other,ACR,2024-07-05,30.56,"Surtr, Fiery Jötun, Battlefield Improvisation, Bureau Headmaster, Eivor, Battle-Ready, Escarpment Fortress"
Ancient Discovery,Arena Starter Deck,Other,OTJ,2024-07-08,32.65,"Bonehoard Dracosaur, Warleader's Call, Anim Pakal, Thousandth Moon, Inspiring Vantage, Aurelia, the Law Above"
Angelic Accountants,Arena Starter Deck,Other,SNC,2022-09-09,18.34,"Elspeth Resplendent, Deserted Beach, Lion Sash, Planar Incision, Giada, Font of Hope"
Angelic Army,Arena Starter Deck,Other,ANB,2019-09-26,0.0,"Ajani's Pridemate, Dawn of Hope, Meteor Golem, Serra's Guardian, Loxodon Lifechanter"
Angelic Army 2,Arena Starter Deck,Other,ANB,2020-03-12,0.0,"Ajani's Pridemate, Dawn of Hope, Serra's Guardian, Loxodon Lifechanter, Moment of Heroism"
Angelic Fury,Intro Pack,Other,SOI,2016-04-08,0.0,"Gryff's Boon, Dance with Devils, Nahiri's Machinations, Flameblade Angel, Pyre Hound"
Angelic Might,Intro Pack,Other,AVR,2012-05-04,55.75,"Seraph Sanctuary, Herald of War, Forest, Forest, Rampant Growth"
Angels,Theme Deck,Other,PSAL,2005-08-01,0.0,"Island, Island, Island, Island, Island"
Angels (1),Jumpstart,Other,JMP,2020-07-17,6.63,"Baneslayer Angel, Angelic Ascension, Plains, Plains, Plains"
Angels (2),Jumpstart,Other,J25,2024-11-07,2.19,"Herald of War, Giada, Font of Hope, Rally of Wings, Youthful Valkyrie, Inspiring Overseer"
"Angrath, Minotaur Pirate",Planeswalker Deck,Other,RIX,2018-01-19,28.52,"Vanquisher's Banner, Angrath, Minotaur Pirate, Mountain, Swamp, Dire Fleet Neckbreaker"
Animal,Jumpstart,Other,MSH,2026-06-26,20.82,"Tippy-Toe, Terrific Partner, Lucky the Pizza Dog, Heroic Feast, Tigra, Feline Fury, Wakandan Tusker"
Animar & Friends,Secret Lair Drop,Other,SLD,2025-02-03,87.52,"Animar, Soul of Elements, All Will Be One, Benevolent Hydra, Forgotten Ancient, Mulldrifter"
Anthousa's Army,Intro Pack,Other,THS,2013-09-27,18.89,"Bow of Nylea, Elvish Mystic, Forest, Plains, Forest"
Antoine Ruel - Blue-Black-Red Nether-Go,World Championship Deck,Other,WC01,2001-08-08,96.57,"Tsabo's Web, Shivan Reef, Sulfurous Springs, Accumulated Knowledge, Counterspell"
Ape Lord,Shandalar Enemy Deck,Other,PAST,1997-04-01,464.78,"Mountain, Mana Vault, Killer Bees, Birds of Paradise, Shivan Dragon"
Apocalypse Foil Redemption,MTGO Redemption,Other,APC,2001-07-04,3201.31,"Pernicious Deed, Llanowar Wastes, Yavimaya Coast, Shivan Reef, Battlefield Forge"
Apocalypse Redemption,MTGO Redemption,Other,APC,2001-07-04,3201.31,"Pernicious Deed, Llanowar Wastes, Yavimaya Coast, Shivan Reef, Battlefield Forge"
April Fools,Secret Lair Drop,Other,SLD,2020-09-30,22.59,"Goblin Snowman, Storm Crow, Mudhole"
Aragorn at Helm's Deep,Box Set,Other,LTC,2023-11-03,73.12,"Legolas's Quick Reflexes, Andúril, Narsil Reforged, Gimli's Reckless Might, Aragorn, Hornburg Hero, Isengard Unleashed"
Arcade Racers,Secret Lair Drop,Other,SLD,2025-02-11,49.5,"Final Fortune, Big Score, Wheel of Misfortune, Heat Shimmer, Roiling Vortex"
Arcade Racers Foil Edition,Secret Lair Drop,Other,SLD,2025-02-11,49.5,"Final Fortune, Big Score, Wheel of Misfortune, Heat Shimmer, Roiling Vortex"
Arcane,Secret Lair Drop,Other,SLD,2022-05-06,110.62,"Rhystic Study, Seize the Day, Thran Dynamo, Duress, Path to Exile"
Arcane Aggression,Arena Starter Deck,Other,LTR,2023-06-20,29.21,"Urabrask // The Great Work, Flame of Anor, Third Path Iconoclast, Gandalf the Grey, Shivan Reef"
Arcane Foil Edition,Secret Lair Drop,Other,SLD,2022-05-06,110.62,"Rhystic Study, Seize the Day, Thran Dynamo, Duress, Path to Exile"
Arcane Inventions,Arena Starter Deck,Other,M19,2018-09-27,6.06,"Sai, Master Thopterist, Diamond Mare, Arcane Encyclopedia, Island, Disperse"
Arcane Mischief,Jumpstart,Other,DMU,2022-09-09,3.25,"Island, Combat Research, Cosmic Epiphany, Shore Up, Impulse"
Arcane Tempo,Challenger Deck,Other,Q02,2019-04-12,20.61,"Niv-Mizzet, Parun, Arclight Phoenix, Murmuring Mystic, Sulfur Falls, Mountain"
Arcane: Lands,Secret Lair Drop,Other,SLD,2022-05-06,12.18,"Swamp, Forest, Plains, Mountain, Island"
Arcane: Lands Foil Edition,Secret Lair Drop,Other,SLD,2022-05-06,12.18,"Swamp, Forest, Plains, Mountain, Island"
Arcanis's Guile,Theme Deck,Other,10E,2007-07-13,24.34,"Arcanis the Omnipotent, Telling Time, Unsummon, Boomerang, Tidings"
Arch Angel,Shandalar Enemy Deck,Other,PAST,1997-04-01,277.74,"Mishra's Factory, Mana Vault, Tetravus, Wrath of God, Swords to Plowshares"
Archaeology (1),Jumpstart,Other,JMP,2020-07-17,0.0,"Buried Ruin, Chromatic Sphere, Aether Spellbomb, Hedron Archive, Thriving Isle"
Archaeology (2),Jumpstart,Other,JMP,2020-07-17,0.0,"Buried Ruin, Aether Spellbomb, Terrarion, Thriving Isle, Island"
Archaeology (3),Jumpstart,Other,JMP,2020-07-17,12.63,"Vedalken Archmage, Buried Ruin, Aether Spellbomb, Sharding Sphinx, Hedron Archive"
Archaeology (4),Jumpstart,Other,JMP,2020-07-17,4.37,"Scarecrone, Buried Ruin, Aether Spellbomb, Scuttlemutt, Thriving Isle"
Archenemy Nicol Bolas,Archenemy Deck,Other,E01,2017-06-16,23.17,"Archfiend of Depravity, Talisman of Indulgence, Nicol Bolas, Planeswalker, Talisman of Dominance, Drowned Catacomb"
Armada,Theme Deck,Other,7ED,2001-04-11,274.26,"Disenchant, Glorious Anthem, Serra Advocate, Pacifism, Spirit Link"
Armed,Jumpstart,Other,MSH,2026-06-26,24.78,"Swordsman's Steel, Ronin, Shadow Stalker, U.S.Agent, John Walker, HYDRA Disintegrator, Whiplash, Vengeful Engineer"
Armed (1),Jumpstart,Other,J25,2024-11-07,0.0,"Starnheim Courser, Danitha Capashen, Paragon, Mace of the Valiant, Starnheim Memento, Valkyrie's Sword"
Armed (2),Jumpstart,Other,J25,2024-11-07,0.0,"Plate Armor, Danitha Capashen, Paragon, Stone Haven Outfitter, Light the Way, Mirran Bardiche"
Armed (3),Jumpstart,Other,J25,2024-11-07,0.0,"Danitha Capashen, Paragon, Trusty Retriever, Valkyrie's Sword, Maul of the Skyclaves, Mirran Bardiche"
Armed (4),Jumpstart,Other,J25,2024-11-07,2.37,"Godsend, Plate Armor, Danitha Capashen, Paragon, Mirran Bardiche, Fencing Ace"
Armed and Dangerous,Arena Starter Deck,Other,AFR,2021-09-24,32.5,"Halvar, God of Battle // Sword of the Realms, Needleverge Pathway // Pillarverge Pathway, Bruenor Battlehammer, Showdown of the Skalds, Axgard Armory"
Army of Entropy,Theme Deck,Other,SHM,2008-05-02,136.34,"Blowfly Infestation, Kulrath Knight, Swamp, Murderous Redcap, Ashenmoor Liege"
Army of Justice,Theme Deck,Other,9ED,2005-07-29,12.34,"Righteousness, Plains, Veteran Cavalier, Plains, Angel of Mercy"
Artful Destruction,Intro Pack,Other,NPH,2011-05-13,99.85,"Suture Priest, Palladium Myr, Gold Myr, Vital Splicer, Forest"
Artifacts Attack,Arena Starter Deck,Other,M19,2018-09-27,41.32,"Nezahal, Primal Tide, Settle the Wreckage, Goring Ceratops, Glacial Fortress, Azor, the Lawbringer"
Artist Series: Alayna Danner,Secret Lair Drop,Other,SLD,2023-04-28,96.07,"Emeria, the Sky Ruin, Linvala, Keeper of Silence, Seraph Sanctuary, Sunblast Angel"
Artist Series: Alayna Danner Foil Edition,Secret Lair Drop,Other,SLD,2023-04-28,96.07,"Emeria, the Sky Ruin, Linvala, Keeper of Silence, Seraph Sanctuary, Sunblast Angel"
Artist Series: Aleksi Briclot,Secret Lair Drop,Other,SLD,2022-12-19,78.48,"Eldrazi Temple, Thought-Knot Seer, Reality Smasher, Inquisition of Kozilek"
Artist Series: Aleksi Briclot Foil Edition,Secret Lair Drop,Other,SLD,2022-12-19,78.48,"Eldrazi Temple, Thought-Knot Seer, Reality Smasher, Inquisition of Kozilek"
Artist Series: Chris Rahn,Secret Lair Drop,Other,SLD,2022-09-13,42.93,"Kozilek, the Great Distortion, Platinum Angel, Primeval Titan, Huntmaster of the Fells // Ravager of the Fells"
Artist Series: Chris Rahn Foil Edition,Secret Lair Drop,Other,SLD,2022-09-13,42.93,"Kozilek, the Great Distortion, Platinum Angel, Primeval Titan, Huntmaster of the Fells // Ravager of the Fells"
Artist Series: Jesper Ejsing,Secret Lair Drop,Other,SLD,2025-02-11,95.36,"Deflecting Swat, Sun Titan, Llanowar Elves, Breeches, Eager Pillager"
Artist Series: Jesper Ejsing Foil Edition,Secret Lair Drop,Other,SLD,2025-02-11,95.36,"Deflecting Swat, Sun Titan, Llanowar Elves, Breeches, Eager Pillager"
Artist Series: Johannes Voss,Secret Lair Drop,Other,SLD,2021-12-13,47.74,"Carpet of Flowers, Sphere of Safety, Karmic Guide, Sanctum Prelate"
Artist Series: Johannes Voss Foil Edition,Secret Lair Drop,Other,SLD,2021-12-13,47.74,"Carpet of Flowers, Sphere of Safety, Karmic Guide, Sanctum Prelate"
Artist Series: John Avon,Secret Lair Drop,Other,SLD,2023-11-30,37.15,"Emrakul, the Promised End, Progenitus, Brainstorm, Serra Angel"
Artist Series: John Avon Foil Edition,Secret Lair Drop,Other,SLD,2023-11-30,37.15,"Emrakul, the Promised End, Progenitus, Brainstorm, Serra Angel"
Artist Series: Kev Walker,Secret Lair Drop,Other,SLD,2023-09-15,70.12,"It That Betrays, Faeburrow Elder, Fleshbag Marauder, Carnage Tyrant"
Artist Series: Kev Walker Foil Edition,Secret Lair Drop,Other,SLD,2023-09-15,70.12,"It That Betrays, Faeburrow Elder, Fleshbag Marauder, Carnage Tyrant"
Artist Series: Kieran Yanner,Secret Lair Drop,Other,SLD,2025-10-27,134.0,"Demonic Tutor, Armageddon, Lord of the Pit, Northern Paladin"
Artist Series: Kieran Yanner Foil Edition,Secret Lair Drop,Other,SLD,2025-10-27,134.0,"Demonic Tutor, Armageddon, Lord of the Pit, Northern Paladin"
Artist Series: Livia Prima,Secret Lair Drop,Other,SLD,2022-09-13,63.02,"Mikaeus, the Unhallowed, Akroma, Angel of Wrath, Olivia, Mobilized for War, Glissa Sunseeker"
Artist Series: Livia Prima Foil Edition,Secret Lair Drop,Other,SLD,2022-09-13,63.02,"Mikaeus, the Unhallowed, Akroma, Angel of Wrath, Olivia, Mobilized for War, Glissa Sunseeker"
Artist Series: Magali Villeneuve,Secret Lair Drop,Other,SLD,2022-08-05,49.16,"Mother of Runes, Forest, Elvish Mystic, Death's Shadow"
Artist Series: Magali Villeneuve Foil Edition,Secret Lair Drop,Other,SLD,2022-08-05,49.16,"Mother of Runes, Forest, Elvish Mystic, Death's Shadow"
Artist Series: Mark Poole,Secret Lair Drop,Other,SLD,2021-10-29,60.56,"Wasteland, Birds of Paradise, Howling Mine, Balance, Counterspell"
Artist Series: Mark Poole Foil Edition,Secret Lair Drop,Other,SLD,2021-10-29,60.56,"Wasteland, Birds of Paradise, Howling Mine, Balance, Counterspell"
Artist Series: Nils Hamm,Secret Lair Drop,Other,SLD,2022-10-25,65.63,"Sword of Truth and Justice, Contagion Engine, Deepglow Skate, Tireless Tracker"
Artist Series: Nils Hamm Foil Edition,Secret Lair Drop,Other,SLD,2022-10-25,65.63,"Sword of Truth and Justice, Contagion Engine, Deepglow Skate, Tireless Tracker"
Artist Series: Phil Foglio,Secret Lair Drop,Other,SLD,2025-06-10,53.69,"Constant Mists, Orcish Lumberjack, Goblin Bombardment, Song of the Dryads"
Artist Series: Phil Foglio Foil Edition,Secret Lair Drop,Other,SLD,2025-06-10,53.69,"Constant Mists, Orcish Lumberjack, Goblin Bombardment, Song of the Dryads"
Artist Series: Randy Vargas,Secret Lair Drop,Other,SLD,2023-04-28,66.87,"Grand Abolisher, Umezawa's Jitte, Selfless Savior, Akroma, Angel of Fury"
Artist Series: Randy Vargas Foil Edition,Secret Lair Drop,Other,SLD,2023-04-28,66.87,"Grand Abolisher, Umezawa's Jitte, Selfless Savior, Akroma, Angel of Fury"
Artist Series: Rebecca Guay,Secret Lair Drop,Other,SLD,2023-04-28,56.6,"Stoneforge Mystic, Serra the Benevolent, Muddle the Mixture, Cleansing Nova"
Artist Series: Rebecca Guay Foil Edition,Secret Lair Drop,Other,SLD,2023-04-28,56.6,"Stoneforge Mystic, Serra the Benevolent, Muddle the Mixture, Cleansing Nova"
Artist Series: Rovina Cai,Secret Lair Drop,Other,SLD,2024-04-15,79.26,"Sword of the Animist, Arcane Signet, Inalla, Archmage Ritualist, Aether Vial"
Artist Series: Rovina Cai Foil Edition,Secret Lair Drop,Other,SLD,2024-04-15,116.79,"Arcane Signet, Sword of the Animist, Inalla, Archmage Ritualist, Aether Vial"
Artist Series: Ryan Alexander Lee,Secret Lair Drop,Other,SLD,2023-08-29,37.68,"Worldspine Wurm, Nemesis of Reason, Twilight Prophet, Gaea's Blessing"
Artist Series: Ryan Alexander Lee Foil Edition,Secret Lair Drop,Other,SLD,2023-08-29,37.68,"Worldspine Wurm, Nemesis of Reason, Twilight Prophet, Gaea's Blessing"
Artist Series: Sam Burley,Secret Lair Drop,Other,SLD,2023-04-14,66.11,"Braid of Fire, Karrthus, Tyrant of Jund, Master of the Wild Hunt, Koth of the Hammer"
Artist Series: Sam Burley Foil Edition,Secret Lair Drop,Other,SLD,2023-04-14,66.11,"Braid of Fire, Karrthus, Tyrant of Jund, Master of the Wild Hunt, Koth of the Hammer"
Artist Series: Seb McKinnon,Secret Lair Drop,Other,SLD,2021-03-15,53.63,"Damnation, Swamp, Enchanted Evening, Sower of Temptation"
Artist Series: Seb McKinnon Foil Edition,Secret Lair Drop,Other,SLD,2021-03-15,53.63,"Damnation, Swamp, Enchanted Evening, Sower of Temptation"
Artist Series: Sidharth Chaturvedi,Secret Lair Drop,Other,SLD,2022-08-05,54.65,"Concordant Crossroads, Ghost Quarter, Island, Nomad Outpost"
Artist Series: Sidharth Chaturvedi Foil Edition,Secret Lair Drop,Other,SLD,2022-08-05,54.65,"Concordant Crossroads, Ghost Quarter, Island, Nomad Outpost"
Artist Series: Thomas Baxa,Secret Lair Drop,Other,SLD,2021-12-13,52.45,"Sliver Hivelord, Spellskite, Sire of Insanity, Ob Nixilis Reignited"
Artist Series: Thomas Baxa Foil Edition,Secret Lair Drop,Other,SLD,2021-12-13,52.45,"Sliver Hivelord, Spellskite, Sire of Insanity, Ob Nixilis Reignited"
Artist Series: Victor Adame Minguez,Secret Lair Drop,Other,SLD,2022-10-25,47.33,"Lord of the Undead, Knight of the White Orchid, Knight Exemplar, Compost"
Artist Series: Victor Adame Minguez Foil Edition,Secret Lair Drop,Other,SLD,2022-10-25,47.33,"Lord of the Undead, Knight of the White Orchid, Knight Exemplar, Compost"
Artist Series: Volkan Baga,Secret Lair Drop,Other,SLD,2022-09-13,39.97,"Berserk, Elspeth, Knight-Errant, Verduran Enchantress, Patron Wizard"
Artist Series: Volkan Baga Foil Edition,Secret Lair Drop,Other,SLD,2022-09-13,39.97,"Berserk, Elspeth, Knight-Errant, Verduran Enchantress, Patron Wizard"
Artist Series: Wayne Reynolds,Secret Lair Drop,Other,SLD,2022-08-05,46.55,"Balthor the Defiled, Torbran, Thane of Red Fell, Sram, Senior Edificer, Depala, Pilot Exemplar"
Artist Series: Wayne Reynolds Foil Edition,Secret Lair Drop,Other,SLD,2022-08-05,46.55,"Balthor the Defiled, Torbran, Thane of Red Fell, Sram, Senior Edificer, Depala, Pilot Exemplar"
Arzakon,Shandalar Enemy Deck,Other,PAST,1997-04-01,21758.41,"Time Walk, Ancestral Recall, Mox Pearl, Mox Emerald, Mishra's Workshop"
Ashiok,Planeswalker Deck,Other,THB,2020-01-24,6.1,"Gravebreaker Lamia, Ashiok, Sculptor of Fears, Sleep of the Dead, Pharika's Spawn, Glimpse of Freedom"
Assassin,Theme Deck,Other,UDS,1999-06-07,280.59,"Attrition, Ravenous Rats, Engineered Plague, Body Snatcher, Eradicate"
Assassin - Enhanced Deck,Enhanced Deck,Other,UDS,1999-06-07,767.25,"Powder Keg, Yawgmoth's Bargain, Volrath's Stronghold, Vampiric Tutor, Ravenous Rats"
Assassin's Creed Bundle Land Pack,Bundle Land Pack,Other,ACR,2024-07-05,5.96,"Island, Island, Mountain, Mountain, Mountain"
Assassin's Creed: Da Vinci's Designs,Secret Lair Drop,Other,SLD,2024-07-10,86.76,"Whispersilk Cloak, Darksteel Plate, Blade of Selves, Conqueror's Flail, Deathrender"
Assassin's Creed: Da Vinci's Designs Foil Edition,Secret Lair Drop,Other,SLD,2024-07-10,86.76,"Whispersilk Cloak, Darksteel Plate, Blade of Selves, Conqueror's Flail, Deathrender"
Assassin's Creed: Lethal Legends,Secret Lair Drop,Other,SLD,2024-07-10,77.15,"Ramses, Assassin Lord, Queen Marchesa, Kelsien, the Plague, Admiral Beckett Brass, Najeela, the Blade-Blossom"
Assassin's Creed: Lethal Legends Foil Edition,Secret Lair Drop,Other,SLD,2024-07-10,77.15,"Ramses, Assassin Lord, Queen Marchesa, Kelsien, the Plague, Admiral Beckett Brass, Najeela, the Blade-Blossom"
Assemble The Doomsday Machine,Archenemy Deck,Other,ARC,2010-06-18,31.69,"Batwing Brume, Lightning Greaves, Master Transmuter, Memnarch, Swamp"
Assemble Victory,Intro Pack,Other,ORI,2015-07-17,8.76,"Ghirapur Aether Grid, Alchemist's Vial, Prism Ring, Whirler Rogue, Mountain"
Astral Visionary,Shandalar Enemy Deck,Other,PAST,1997-04-01,18144.51,"Black Lotus, Time Walk, Ancestral Recall, Copy Artifact, Howling Mine"
At the Zoo,Jumpstart,Other,TLE,2025-11-20,11.15,"Animal Attendant, Elephant-Mandrill, Frog-Squirrels, Origin of Metalbending, Forest"
Atlantis,Jumpstart,Other,MSH,2026-06-26,13.89,"Daughter of the Deep, Namor, Scourge of the Seas, Namora, the Sea Queen, Attuma, Atlantean Warlord, Atlantean Skirmisher"
Aura Mastery,Theme Deck,Other,SHM,2008-05-02,243.71,"Twilight Shepherd, Steel of the Godhead, Puresight Merrow, Thistledown Liege, Thoughtweft Gambit"
Auras of Majesty,Arena Starter Deck,Other,M19,2018-09-27,25.09,"Satyr Enchanter, Shalai, Voice of Plenty, Sunpetal Grove, History of Benalia, Danitha Capashen, Paragon"
Aurochs Stampede,Theme Deck,Other,CSP,2006-07-21,90.38,"Boreal Druid, Hibernation's End, Highland Weald, Snow-Covered Mountain, Snow-Covered Forest"
Avacyn Restored Fat Pack Land Pack,Bundle Land Pack,Other,AVR,2012-05-04,21.43,"Forest, Forest, Swamp, Island, Plains"
Avacyn Restored Foil Redemption,MTGO Redemption,Other,AVR,2012-06-03,1018.85,"Avacyn, Angel of Hope, Cavern of Souls, Exquisite Blood, Craterhoof Behemoth, Griselbrand"
Avacyn Restored Redemption,MTGO Redemption,Other,AVR,2012-06-03,1018.85,"Avacyn, Angel of Hope, Cavern of Souls, Exquisite Blood, Craterhoof Behemoth, Griselbrand"
Avalanche!,Arena Starter Deck,Other,AFR,2021-09-24,31.37,"Ashaya, Soul of the Wild, Lotus Cobra, Barkchannel Pathway // Tidechannel Pathway, Snow-Covered Island, Snow-Covered Forest"
Avatar: The Last Airbender Bundle Land Pack,Bundle Land Pack,Other,TLA,2025-11-21,0.0,"Swamp, Swamp, Plains, Plains, Mountain"
Avatar: The Last Airbender: A Lot to Learn,Secret Lair Drop,Other,SLD,2025-11-18,55.69,"Serra Ascendant, Cryptolith Rite, Kodama's Reach, Ponder"
Avatar: The Last Airbender: A Lot to Learn Foil Edition,Secret Lair Drop,Other,SLD,2025-11-18,55.69,"Serra Ascendant, Cryptolith Rite, Kodama's Reach, Ponder"
Avatar: The Last Airbender: Everything Changed,Secret Lair Drop,Other,SLD,2025-11-18,63.06,"Torment of Hailfire, Blood Moon, Lightning Bolt, Dramatic Entrance"
Avatar: The Last Airbender: Everything Changed Foil Edition,Secret Lair Drop,Other,SLD,2025-11-18,63.06,"Torment of Hailfire, Blood Moon, Lightning Bolt, Dramatic Entrance"
Avatar: The Last Airbender: My Cabbages!,Secret Lair Drop,Other,SLD,2025-11-18,45.14,"Chain of Vapor, Nature's Claim, Anguished Unmaking, Meltdown, Putrefy"
Avatar: The Last Airbender: My Cabbages! Foil Edition,Secret Lair Drop,Other,SLD,2025-11-18,45.14,"Chain of Vapor, Nature's Claim, Anguished Unmaking, Meltdown, Putrefy"
Avatar: The Last Airbender: One with the Elements,Secret Lair Drop,Other,SLD,2025-11-18,51.21,"Silence, Force of Vigor, Past in Flames, Preordain, Expressive Iteration"
Avatar: The Last Airbender: One with the Elements Foil Edition,Secret Lair Drop,Other,SLD,2025-11-18,51.21,"Silence, Force of Vigor, Past in Flames, Preordain, Expressive Iteration"
Avatar: The Last Airbender: The Ember Island Players,Secret Lair Drop,Other,SLD,2025-11-18,42.9,"Braid of Fire, Cursed Mirror, Phantasmal Image, Thespian's Stage, Mask of Memory"
Avatar: The Last Airbender: The Ember Island Players Foil Edition,Secret Lair Drop,Other,SLD,2025-11-18,42.9,"Braid of Fire, Cursed Mirror, Phantasmal Image, Thespian's Stage, Mask of Memory"
Awakening Earth,Challenger Deck,Other,Q03,2019-11-08,37.84,"Breeding Pool, Nissa, Who Shakes the World, Incubation Druid, Voracious Hydra, Hydroid Krasis"
Azaar - Lichlord,Shandalar Enemy Deck,Other,PAST,1997-04-01,7470.62,"Black Lotus, Greed, Tetravus, Sol Ring, Mind Twist"
Azorius,Guild Kit,Other,GK2,2019-02-15,12.43,"Dovescape, Render Silent, Unbreakable Formation, Pride of the Clouds, Sphinx's Revelation"
Azorius Advance,Intro Pack,Other,RTR,2012-10-05,11.47,"Tablet of the Guilds, Righteous Authority, Azorius Guildgate, Island, Plains"
Azorius Ascendant,Theme Deck,Other,DIS,2006-05-05,42.71,"Isperia the Inscrutable, Azorius Chancery, Prahv, Spires of Order, Sky Hussar, Wakestone Gargoyle"
Azorius Ascension,Arena Starter Deck,Other,DOM,2018-03-22,15.19,"Spell Swindle, River's Rebuke, Expel from Orazca, Censor, Field of Ruin"
Azorius Authority,Intro Pack,Other,DGM,2013-05-03,0.0,"Island, Plains, Island, Plains, Lyev Skyknight"
Azorius Control,Challenger Deck,Other,Q05,2021-04-02,14.76,"Emeria's Call // Emeria, Shattered Skyclave, Elspeth Conquers Death, Shark Typhoon, Saw It Coming, Archon of Sun's Grace"
Azorius Senate,Arena Starter Deck,Other,M20,2019-05-03,23.75,"Hallowed Fountain, Angel of Grace, Unbreakable Formation, Empyrean Eagle, Elite Guardmage"
Azorius Senate 1,Jumpstart,Other,CLU,2024-02-23,5.62,"Supreme Verdict, Portal Manipulator, Lavinia, Foil to Conspiracy, Oust, Azorius Chancery"
Azorius Senate 2,Jumpstart,Other,CLU,2024-02-23,13.71,"Suppressor Skyguard, Portal Manipulator, Lavinia of the Tenth, Azorius Signet, Island"
Azorius Spirits,Pioneer Challenger Deck,Other,Q06,2021-10-15,28.62,"Selfless Spirit, Brazen Borrower // Petty Theft, Watcher of the Spheres, Glacial Fortress, Spectral Sailor"
Azula,Jumpstart,Other,TLE,2025-11-20,17.36,"Dark Deal, Azula, Ruthless Firebender, Swamp, Fire Navy Trebuchet, Canyon Crawler"
Azure Skies,Arena Starter Deck,Other,ANB,2019-09-26,18.7,"Verity Circle, Spectral Sailor, Mass Manipulation, Negate, Meteor Golem"
Azure Skies 2,Arena Starter Deck,Other,ANB,2020-03-12,4.92,"Spectral Sailor, Mass Manipulation, Negate, Stolen by the Fae, Brineborn Cutthroat"
Back for More,Arena Starter Deck,Other,M21,2021-07-03,3.42,"Skull Prophet, Polukranos, Unchained, Arasta of the Endless Web, Swamp, Murderous Rider // Swift End"
Back in My Day!,Secret Lair Drop,Other,SLD,2026-05-29,48.24,"Veil of Summer, Birthing Pod, Breath of Fury, Battle Hymn"
Back in My Day! Foil Edition,Secret Lair Drop,Other,SLD,2026-05-29,48.24,"Veil of Summer, Birthing Pod, Breath of Fury, Battle Hymn"
Backup Beatdown,Starter Kit,Other,WOE,2023-09-08,10.54,"Silverback Elder, Dusk Legion Duelist, In the Trenches, Boon-Bringer Valkyrie, Ancient Imperiosaur"
Bad Advice,Jumpstart,Other,TLE,2025-11-20,0.0,"Long Feng, Grand Secretariat, Swamp, Lo and Li, Royal Advisors, Gilacorn, Thriving Moor"
Bad to the Bones,Secret Lair Drop,Other,SLD,2023-08-29,124.4,"Tinybones, Trinket Thief, Reassembling Skeleton, Geier Reach Sanitarium, Bottomless Pit, Necrogen Mists"
Bad to the Bones Foil Edition,Secret Lair Drop,Other,SLD,2023-08-29,124.4,"Tinybones, Trinket Thief, Reassembling Skeleton, Geier Reach Sanitarium, Bottomless Pit, Necrogen Mists"
Bait & Switch,Theme Deck,Other,ONS,2002-10-07,234.2,"Smother, Lonely Sandbar, Peer Pressure, Barren Moor, Swamp"
Bait and Bludgeon,Theme Deck,Other,MRD,2003-10-02,330.21,"Vault of Whispers, Seat of the Synod, Thoughtcast, Talisman of Dominance, Myr Retriever"
Balance in All Things,Arena Starter Deck,Other,SNC,2022-09-09,11.99,"Shattered Sanctum, Lion Sash, Touch the Spirit Realm, Liesa, Forgotten Archangel, The Restoration of Eiganjo // Architect of Restoration"
Band Together,MTGO Theme Deck,Other,ME2,2008-09-22,0.0,"Plains, Plains, Plains, Kjeldoran Outpost, Mishra's Factory"
Bant Exalted,Intro Pack,Other,ALA,2008-10-03,45.52,"Knight-Captain of Eos, Plains, Island, Seaside Citadel, Forest"
Bant on the March,Intro Pack,Other,CON,2009-02-06,40.5,"Plains, Terramorphic Expanse, Island, Seaside Citadel, Forest"
Barrage,Theme Deck,Other,PLS,2001-02-05,213.93,"Flametongue Kavu, Fires of Yavimaya, Fertile Ground, Thunderscape Familiar, Gaea's Herald"
Basri,Jumpstart,Other,JMP,2020-07-17,1.49,"Basri Ket, Plains, Basri's Lieutenant, Plains, Plains"
"Basri, Devoted Paladin",Planeswalker Deck,Other,M21,2020-07-03,1.15,"Speaker of the Heavens, Basri, Devoted Paladin, Plains, Basri's Lieutenant, Plains"
Battalion,Jumpstart,Other,MSH,2026-06-26,3.12,"Captain America, Skybound, Falcon, Joaquin Torres, General Thunderbolt Ross, U.S.Agent, John Walker, Ultimate Alliance"
Battle Blitz,Theme Deck,Other,EVE,2008-07-25,46.61,"Hateflayer, Balefire Liege, Patrol Signaler, Duergar Mine-Captain, Niveous Wisps"
Battle Cries,Intro Pack,Other,MBS,2011-02-04,90.83,"Memnite, Galvanic Blast, Gold Myr, Whispersilk Cloak, Signal Pest"
Battle Cry,Deck Builder's Toolkit,Other,MBS,2011-03-11,38.58,"Memnite, Emrakul's Hatcher, Signal Pest, Goblin Wardriver, Goblin Balloon Brigade"
Battle Surge,Theme Deck,Other,UDS,1999-06-07,311.87,"Urza's Incubator, Raven Familiar, Goblin Marshal, Aether Sting, Mark of Fury"
Battle Surge - Enhanced Deck,Enhanced Deck,Other,UDS,1999-06-07,23.5,"Thieving Magpie, Wild Colos, Island, Keldon Champion, Keldon Vandals"
Battle for Zendikar Fat Pack Land Pack,Bundle Land Pack,Other,BFZ,2015-10-02,20.48,"Mountain, Island, Forest, Mountain, Forest"
Battle for Zendikar Foil Redemption,MTGO Redemption,Other,BFZ,2015-11-01,330.26,"Void Winnower, Ulamog, the Ceaseless Hunger, Drana, Liberator of Malakir, Conduit of Ruin, Retreat to Hagra"
Battle for Zendikar Gift Box Land Pack,Bundle Land Pack,Other,BFZ,2015-11-13,0.0,"Swamp, Island, Island, Swamp, Swamp"
Battle for Zendikar Redemption,MTGO Redemption,Other,BFZ,2015-11-01,330.26,"Void Winnower, Ulamog, the Ceaseless Hunger, Drana, Liberator of Malakir, Conduit of Ruin, Retreat to Hagra"
Battle the Horde,Challenge Deck,Other,TBTH,2014-03-01,6.32,"Altar of Mogis, Vitality Salve, Refreshing Elixir, Touch of the Horned God, Intervention of Keranos"
Beast Master,Shandalar Enemy Deck,Other,PAST,1997-04-01,85.09,"Desert Twister, Birds of Paradise, Untamed Wilds, Nafs Asp, Aspect of Wolf"
Beast Territory,Jumpstart,Other,DMU,2022-09-09,1.68,"Forest, Briar Hydra, Haunted Mire, Wooded Ridgeline, Tangled Islet"
Beasts,Theme Deck,Other,PSAL,2005-08-01,0.0,"Forest, Forest, Forest, Forest, Forest"
Beasts (1),Jumpstart,Other,J25,2024-11-07,0.0,"Slinza, the Spiked Stampede, Explore, Woodland Liege, Spined Tyrranax, Gnarlid Colony"
Beasts (2),Jumpstart,Other,J25,2024-11-07,0.0,"Garruk, Caller of Beasts, Slinza, the Spiked Stampede, Woodland Liege, Gnarlid Colony, Garruk's Packleader"
Beginner Box - Aang Tutorial,Box Set,Other,TLA,2025-11-14,0.0,"Katara, Heroic Healer, Appa, Aang's Companion, Aang, Air Nomad, Sledding Otter-Penguin, Sokka, Wolf Cove's Protector"
Beginner Box - Allies,Box Set,Other,TLA,2025-11-14,2.83,"Allied Teamwork, Mechanical Glider, Aang, the Last Airbender, Suki, Kyoshi Warrior, Airbending Lesson"
Beginner Box - Artifacts,Box Set,Other,MSH,2026-06-26,0.0,"Repulsor Bots, Ultron Drone, Frozen in Ice, Thriving Isle, Futurist Forge"
Beginner Box - Attacking,Box Set,Other,TLA,2025-11-14,1.09,"Lion Vulture, Purple Pentapus, Heartless Act, Thriving Moor, Hei Bai, Spirit of Balance"
Beginner Box - Big Creatures,Box Set,Other,TLA,2025-11-14,7.93,"Frog-Squirrels, Seismic Tutelage, Match the Odds, Mechanical Glider, Turtle-Duck"
Beginner Box - Captain America Tutorial,Box Set,Other,MSH,2026-06-26,3.88,"Captain America, Steve Rogers, Mockingbird, Bobbi Morse, Hawkeye, Clint Barton, Winter Soldier, Bucky Barnes, Captain's Defense"
Beginner Box - Card Draw,Box Set,Other,MSH,2026-06-26,2.13,"Stark's Ingenuity, Super Intelligence, H.E.R.B.I.E. Scout Unit, Graviton, Fundamental Force, Thriving Isle"
Beginner Box - Counters,Box Set,Other,MSH,2026-06-26,0.0,"Gamma Grotesque, The Thing, Ben Grimm, Training Regimen, Beast, Erudite Aerialist, Punishing Punch"
Beginner Box - Earthbending,Box Set,Other,TLA,2025-11-14,10.77,"Bumi, Eclectic Earthbender, Explore, Toph, the Blind Bandit, Haru, Hidden Talent, Thriving Grove"
Beginner Box - Firebending,Box Set,Other,TLA,2025-11-14,0.0,"Fire Nation Archers, Thriving Bluff, Loyal Fire Sage, Roku's Mastery, Mountain"
Beginner Box - HYDRA,Box Set,Other,MSH,2026-06-26,1.03,"Madame Hydra, Reanimated, Doom Blade, Doom's Servo-Guards, Swamp, Arnim Zola, Bio-Fanatic"
Beginner Box - Heroes,Box Set,Other,MSH,2026-06-26,0.0,"Wondrous Revival, Iconic Shield, Hawkeye, Clint Barton, Okoye, Dora Milaje Leader, Plains"
Beginner Box - Iron Man Tutorial,Box Set,Other,MSH,2026-06-26,12.22,"Iron Man, Tony Stark, Smashing Spree, Happy Hogan, Dauntless Driver, Quicksilver, Pietro Maximoff, Hulk, Bruce Banner"
Beginner Box - Ramp,Box Set,Other,MSH,2026-06-26,0.0,"Team Transmitter, Moon-Boy, Dino Rider, Savage Land Dinosaur, Forest, Undercover Skrull"
Beginner Box - Spells,Box Set,Other,TLA,2025-11-14,3.1,"Water Whip, Abandon Attachments, It'll Quench Ya!, Lost in the Spirit World, Thriving Isle"
Beginner Box - Villains,Box Set,Other,MSH,2026-06-26,0.0,"Minotaur, Roxxon CEO, Crossbones, Malicious Mercenary, Dark Deed, Baron Strucker, HYDRA Overlord, Red Room Recruit"
Beginner Box - Waterbending,Box Set,Other,TLA,2025-11-14,4.29,"Bender's Waterskin, The Terror of Serpent's Pass, Deny Entry, Flying Dolphin-Fish, Katara, Bending Prodigy"
Beginner Box - Young Avengers,Box Set,Other,MSH,2026-06-26,0.0,"Experimental Armor, She-Hulk, Jennifer Walters, Iron Lad, Young Avenger, The Immortal Weapons, Mountain"
Beginner Box - Zuko Tutorial,Box Set,Other,TLA,2025-11-14,0.0,"Zuko, Avatar Hunter, Mountain, Iroh, Firebending Instructor, Mountain, Mountain"
Ben Rubin - Sligh,World Championship Deck,Other,WC98,1998-08-12,27.57,"Cursed Scroll, Wasteland, Ball Lightning, Fireblast, Mountain"
Berserk,Theme Deck,Other,PSAL,2005-08-01,0.0,"Forest, Forest, Forest, Forest, Forest"
"Bertrand Lestree, Finalist",Pro Tour Deck,Other,PTC,1996-05-01,146.91,"Sylvan Library, Serra Angel, Land Tax, Strip Mine, Fyndhorn Elves"
Bestial Strength,Intro Pack,Other,M14,2013-07-19,10.43,"Elvish Mystic, Into the Wilds, Fog, Kalonian Tusker, Doom Blade"
Betrayers of Kamigawa Foil Redemption,MTGO Redemption,Other,BOK,2005-03-06,1994.34,"Umezawa's Jitte, Disrupting Shoal, Toshiro Umezawa, Sickening Shoal, Ink-Eyes, Servant of Oni"
Betrayers of Kamigawa Redemption,MTGO Redemption,Other,BOK,2005-03-06,1994.34,"Umezawa's Jitte, Disrupting Shoal, Toshiro Umezawa, Sickening Shoal, Ink-Eyes, Servant of Oni"
Beyond The Grave,Theme Deck,Other,CSP,2006-07-21,61.95,"Sek'Kuar, Deathkeeper, Coldsteel Heart, Void Maw, Dark Ritual, Forest"
Bitterblossom Dreams,Secret Lair Drop,Other,SLD,2019-12-03,40.58,Bitterblossom
Black,Halfdeck,Other,UND,2020-02-28,7.04,"Booster Tutor, Jack-in-the-Mox, Swamp, Acornelia, Fashionable Filcher, Infernal Spawn of Evil"
Black Control,Deck Builder's Toolkit,Other,M14,2013-07-19,5.72,"Diabolic Tutor, Doom Blade, Quag Sickness, Corrupt, Sengir Vampire"
Black Deck,Welcome Deck,Other,MSH,2026-06-26,12.42,"Black Widow, Daring Operative, Songbird, Sonic Screamer, Symbiote Spawn, Dark Deed, Doom Blade"
Black Deck A,Sample Deck,Other,M12,2011-07-15,7.97,"Reassembling Skeleton, Disentomb, Zombie Infestation, Swamp, Swamp"
Black Deck B,Sample Deck,Other,10E,2008-05-02,11.83,"Diabolic Tutor, Swamp, Terror, Unholy Strength, Festering Goblin"
Black Devotion,Deck Builder's Toolkit,Other,M15,2014-07-18,11.29,"Gray Merchant of Asphodel, Sign in Blood, Drown in Sorrow, Squelching Leeches, Mogis's Marauder"
Black Discard,Deck Builder's Toolkit,Other,MBS,2011-03-11,33.25,"Liliana's Caress, Bloodhusk Ritualist, Last Kiss, Mind Sludge, Phyrexian Rager"
Black Green Graveyard,Deck Builder's Toolkit,Other,M15,2014-07-18,10.25,"Nyx Weaver, Satyr Wayfinder, Graverobber Spider, Commune with the Gods, Pharika's Mender"
Black Green Toughness,Deck Builder's Toolkit,Other,ORI,2015-07-17,6.48,"Sight of the Scalelords, Coat with Venom, Kin-Tree Invocation, Colossodon Yearling, Sultai Flayer"
Black Is Magic,Secret Lair Drop,Other,SLD,2021-05-13,64.16,"Shalai, Voice of Plenty, Sol Ring, Teferi, Hero of Dominaria, Cultivate, Ponder"
Black Is Magic Foil Edition,Secret Lair Drop,Other,SLD,2021-05-13,64.16,"Shalai, Voice of Plenty, Sol Ring, Teferi, Hero of Dominaria, Cultivate, Ponder"
Black Red Minotaurs,Deck Builder's Toolkit,Other,M15,2014-07-18,0.0,"Ragemonger, Crippling Blight, Kragma Warcaller, Felhide Petrifier, Flurry of Horns"
Black Sample Deck,Sample Deck,Other,M13,2012-07-13,10.82,"Tormented Soul, Vampire Nighthawk, Liliana's Shade, Swamp, Swamp"
Black and Green Counters,Deck Builder's Toolkit,Other,AKH,2017-04-28,1.17,"Cartouche of Strength, Cartouche of Ambition, Festering Mummy, Baleful Ammit, Crocodile of the Crossing"
Black and Green Delirium,Deck Builder's Toolkit,Other,KLD,2016-09-30,1.25,"Gnarlwood Dryad, Crop Sigil, Boon of Emrakul, Sanitarium Skeleton, Mournwillow"
Black and Green Graveyard,Deck Builder's Toolkit,Other,SOI,2016-04-08,1.05,"Pulse of Murasa, Vampiric Rites, Seed Guardian, Rot Shambler, Carrier Thrall"
Black and Red Artifacts,Deck Builder's Toolkit,Other,AKH,2017-04-28,0.0,"Enraged Giant, Welder Automaton, Inventor's Apprentice, Welding Sparks, Dhund Operative"
Black and Red Attrition,Deck Builder's Toolkit,Other,SOI,2016-04-08,2.24,"Rancid Rats, Rolling Thunder, Tar Snare, Demon's Grasp, Grasp of Darkness"
Black and Red Madness,Deck Builder's Toolkit,Other,KLD,2016-09-30,3.3,"Insolent Neonate, Olivia's Bloodsworn, Furyblade Vampire, Fiery Temper, Murderous Compulsion"
Black and White Vampires,Deck Builder's Toolkit,Other,XLN,2017-09-29,1.22,"Vicious Conquistador, Anointed Deacon, Duskborne Skymarcher, Call to the Feast, Skymarch Bloodletter"
Black-Green Deck,Spellslinger Starter Kit,Other,M19,2018-10-05,10.84,"Verdant Sun's Avatar, Ghalta, Primal Hunger, Ravenous Chupacabra, Forest, Reclamation Sage"
Black-Red Destruction,Deck Builder's Toolkit,Other,ROE,2010-05-21,1.46,"Doom Blade, Marsh Casualties, Quest for the Gravelord, Goblin Artillery, Rise from the Grave"
Blades of Victory,Intro Pack,Other,M11,2010-07-16,39.25,"Plains, Angelic Arbiter, Plains, Ajani's Mantra, Armored Ascension"
Blazing Beasts of Myth,Intro Pack,Other,THS,2013-09-27,5.81,"Forest, Voyaging Satyr, Destructive Revelry, Forest, Lightning Strike"
Blessed,Duel Deck,Other,DDQ,2016-02-26,9.45,"Eerie Interlude, Seraph Sanctuary, Tandem Lookout, Champion of the Parish, Geist of Saint Traft"
Blinding Fury,Theme Deck,Other,S99,1999-07-12,21.21,"Armageddon, Angel of Light, Plains, Archangel, Plains"
Blink,Jumpstart,Other,MSH,2026-06-26,4.13,"Silver Surfer, Cosmic Voyager, Spaceshift, Victor Timely, Wily Tycoon, Imperial Cosmographer, Shi'ar Soldier"
Blink 1,Jumpstart,Other,J22,2022-12-02,33.28,"Preston, the Vanisher, Flicker of Fate, Rambunctious Mutt, Wispweaver Angel, Distinguished Conjurer"
Blink 2,Jumpstart,Other,J22,2022-12-02,12.29,"Emiel the Blessed, Flicker of Fate, Rambunctious Mutt, Distinguished Conjurer, Thriving Heath"
Blink 3,Jumpstart,Other,J22,2022-12-02,33.28,"Preston, the Vanisher, Flicker of Fate, Restoration Angel, Rambunctious Mutt, Distinguished Conjurer"
Blink 4,Jumpstart,Other,J22,2022-12-02,6.34,"Panharmonicon, Flicker of Fate, Rambunctious Mutt, Wispweaver Angel, Distinguished Conjurer"
Blood Bowl,Secret Lair Drop,Other,SLD,2022-12-05,88.56,"Defense of the Heart, Fellwar Stone, Approach of the Second Sun, Rewind, Fling"
Blood Bowl Foil Edition,Secret Lair Drop,Other,SLD,2022-12-05,88.56,"Defense of the Heart, Fellwar Stone, Approach of the Second Sun, Rewind, Fling"
Blood and Fire,Intro Pack,Other,M12,2011-07-15,29.0,"Warstorm Surge, Swiftfoot Boots, Tormented Soul, Incinerate, Swamp"
Bloody (1),Jumpstart,Other,J25,2024-11-07,0.0,"Ivora, Insatiable Heir, Anje's Ravager, Voldaren Epicure, Belligerent Guest, Thriving Bluff"
Bloody (2),Jumpstart,Other,J25,2024-11-07,0.0,"Ivora, Insatiable Heir, Markov Enforcer, Markov Blademaster, Insolent Neonate, Thriving Bluff"
Bloody (3),Jumpstart,Other,J25,2024-11-07,0.0,"Ivora, Insatiable Heir, Belligerent Guest, Insolent Neonate, Thriving Bluff, Vampiric Fury"
Bloody (4),Jumpstart,Other,J25,2024-11-07,0.0,"Ivora, Insatiable Heir, Voldaren Epicure, Belligerent Guest, Thriving Bluff, Falkenrath Marauders"
Bloomburrow Bundle Land Pack,Bundle Land Pack,Other,BLB,2024-09-04,7.65,"Forest, Swamp, Plains, Island, Mountain"
Bloomburrow Redemption,MTGO Redemption,Other,BLB,2024-09-04,303.08,"Three Tree City, Lumra, Bellow of the Woods, Maha, Its Feathers Night, Ral, Crackling Wit, Ygra, Eater of All"
Blossoming Growth,Arena Starter Deck,Other,SNC,2022-09-09,18.8,"Hullbreaker Horror, Colossal Skyturtle, Titan of Industry, Glorious Sunrise, Dreamroot Cascade"
Blowout,Theme Deck,Other,INV,2000-10-02,176.27,"Phyrexian Delver, Ravenous Rats, Ghitu Fire, Breath of Darigaaz, Swamp"
Blue,Halfdeck,Other,UND,2020-02-28,1.51,"Cheatyface, Rock Lobster, Alexander Clamilton, Island, B.O.B. (Bevy of Beebles)"
Blue Black Evasion,Deck Builder's Toolkit,Other,M13,2012-07-13,14.58,"Invisible Stalker, Curiosity, Gryff Vanguard, Bloodhunter Bat, Talrand's Invocation"
Blue Black Exploit,Deck Builder's Toolkit,Other,ORI,2015-07-17,34.97,"Merciless Executioner, Sidisi's Faithful, Dutiful Attendant, Silumgar Sorcerer, Rakshasa Gravecaller"
Blue Control,Deck Builder's Toolkit,Other,ROE,2010-05-21,4.66,"Wall of Frost, Into the Roil, Essence Scatter, Air Elemental, Frostwind Invoker"
Blue Deck,Welcome Deck,Other,SPM,2025-09-26,16.81,"Spider-Man 2099, Miguel O'Hara, Lyla, Holographic Assistant, Future Flight, Island, Unstable Experiment"
Blue Deck A,Sample Deck,Other,M11,2010-07-16,78.01,"Preordain, Hedron Crab, Jace's Erasure, Guard Gomazoa, Island"
Blue Deck B,Sample Deck,Other,10E,2008-05-02,121.4,"Ponder, Peek, Moonglove Extract, Cancel, Remove Soul"
Blue Green Enters the Battlefield,Deck Builder's Toolkit,Other,M15,2014-07-18,3.62,"Quickling, Kapsho Kitefins, Coral Barrier, Frost Lynx, Shaman of Spring"
Blue Green Secret Plans Morph,Deck Builder's Toolkit,Other,ORI,2015-07-17,0.0,"Secret Plans, Guardian Shield-Bearer, Qarsi Deceiver, Icefeather Aven, Ojutai Interceptor"
Blue Red Artifacts,Deck Builder's Toolkit,Other,M15,2014-07-18,8.04,"Chariot of Victory, Ensoul Artifact, Opaline Unicorn, Ornithopter, Traveler's Amulet"
Blue Red Counterburn,Deck Builder's Toolkit,Other,ORI,2015-07-17,1.85,"Fiery Impulse, Goblinslide, Twin Bolt, Elusive Spellfist, Ravaging Blaze"
Blue Sample Deck,Sample Deck,Other,M15,2014-07-18,0.0,"Negate, Island, Island, Frost Lynx, Divination"
Blue and Black Control,Deck Builder's Toolkit,Other,SOI,2016-04-08,0.0,"Negate, Sinister Concoction, Sanitarium Skeleton, Pale Rider of Trostad, Corpse Churn"
Blue and Black Noncreatures,Deck Builder's Toolkit,Other,AKH,2017-04-28,2.24,"Cartouche of Knowledge, Hieroglyphic Illumination, Cartouche of Ambition, Stir the Sands, Vedalken Blademaster"
Blue and Black Pirates,Deck Builder's Toolkit,Other,XLN,2017-09-29,8.31,"Siren Stormtamer, Ruthless Knave, Chart a Course, Pirate's Prize, Deadeye Plunderers"
Blue and Black Zombies,Deck Builder's Toolkit,Other,KLD,2016-09-30,1.05,"Graf Harvest, Cemetery Recruitment, Ingenious Skaab, Reckless Scholar, Compelling Deterrence"
Blue and Colorless Artifacts,Deck Builder's Toolkit,Other,AKH,2017-04-28,11.92,"Trophy Mage, Metallic Rebuke, Reverse Engineer, Watchers of the Dead, Filigree Familiar"
Blue and Green,Deck Builder's Toolkit,Other,KLD,2016-09-30,6.53,"Pore Over the Pages, Turn Aside, Watcher in the Web, Geist of the Archives, Noose Constrictor"
Blue and Green Creature control,Deck Builder's Toolkit,Other,SOI,2016-04-08,0.0,"Giant Mantis, Roiling Waters, Pack Guardian, Reckless Scholar, Lifespring Druid"
Blue and Green Merfolk,Deck Builder's Toolkit,Other,XLN,2017-09-29,3.05,"Deeproot Waters, River Sneak, River Heralds' Boon, Watertrap Weaver, Kumena's Speaker"
Blue and Green Ramp,Deck Builder's Toolkit,Other,XLN,2017-09-29,6.45,"Ranging Raptors, Chart a Course, Merfolk Branchwalker, Pirate's Prize, Lay Claim"
Blue and Red Instants and Sorceries,Deck Builder's Toolkit,Other,SOI,2016-04-08,16.13,"Expedite, Slip Through Space, Pore Over the Pages, Reckless Bushwhacker, Anticipate"
Blue and White Flying,Deck Builder's Toolkit,Other,AKH,2017-04-28,4.89,"Cartouche of Solidarity, Cartouche of Knowledge, Aerial Responder, Compulsory Rest, Vedalken Blademaster"
Blue-Black,Starter Kit,Other,FIN,2025-06-13,0.0,"Sephiroth, Planet's Heir, Ultimecia, Temporal Threat, Swamp, Overkill, Relm's Sketching"
Blue-White Fliers,Deck Builder's Toolkit,Other,ROE,2010-05-21,0.0,"Safe Passage, Sejiri Merfolk, Phantom Warrior, Fledgling Griffin, Illusionary Servant"
Blue-White Flyers,Deck Builder's Toolkit,Other,MBS,2011-03-11,28.35,"Oust, Aether Adept, Negate, Sleep, Arrest"
Boggart Feast,Theme Deck,Other,LRW,2007-10-12,95.56,"Tarfire, Swamp, Boggart Mob, Boggart Shenanigans, Boggart Harbinger"
Boltslinger,MTGO Theme Deck,Other,TD0,2010-11-08,0.0,"Hellspark Elemental, Goblin Guide, Keldon Marauders, Rift Bolt, Lava Spike"
Bomber,Theme Deck,Other,7ED,2001-04-11,705.71,"Counterspell, Force Spike, Merfolk Looter, Ancestral Memories, Boomerang"
Boneyard 1,Jumpstart,Other,J22,2022-12-02,5.39,"Oversold Cemetery, Stitcher's Supplier, Gorging Vulture, Thriving Moor, Ossuary Rats"
Boneyard 2,Jumpstart,Other,J22,2022-12-02,2.21,"Stitcher's Supplier, Shadowborn Demon, Liliana's Elite, Gorging Vulture, Thriving Moor"
Bookworms (1),Jumpstart,Other,J25,2024-11-07,0.0,"Overflowing Insight, Syr Elenora, the Discerning, Faerie Vandal, Island, Blink of an Eye"
Bookworms (2),Jumpstart,Other,J25,2024-11-07,3.71,"Teferi's Ageless Insight, Phantasmal Shieldback, Syr Elenora, the Discerning, Faerie Vandal, Island"
Bookworms (3),Jumpstart,Other,J25,2024-11-07,0.0,"Omen of the Sea, Syr Elenora, the Discerning, Island, Sphinx of Enlightenment, Drag Under"
Bookworms (4),Jumpstart,Other,J25,2024-11-07,0.0,"Phantasmal Shieldback, Nadir Kraken, Syr Elenora, the Discerning, Faerie Vandal, Island"
Boosted,Jumpstart,Other,MSH,2026-06-26,0.0,"Marvel Boy, Noh-Varr, Jack of Hearts, Volatile Hero, Quinjet Technician, Molly Hayes, Runaway, Human Torch, Johnny Storm"
Booster Battle Pack: Boros,Welcome Deck,Other,GTC,2013-02-01,3.3,"Massive Raid, Boros Elite, Mountain, Plains, Plains"
Booster Battle Pack: Dimir,Welcome Deck,Other,GTC,2013-02-01,1.23,"Gridlock, Shadow Alley Denizen, Dimir Guildgate, Swamp, Island"
Booster Battle Pack: Gruul,Welcome Deck,Other,GTC,2013-02-01,1.21,"Gruul Guildgate, Pit Fight, Forest, Forest, Mountain"
Booster Battle Pack: Orzhov,Welcome Deck,Other,GTC,2013-02-01,7.86,"Gift of Orzhova, Orzhov Guildgate, Kingpin's Pet, Syndic of Tithes, Contaminated Ground"
Booster Battle Pack: Simic,Welcome Deck,Other,GTC,2013-02-01,4.83,"Ivy Lane Denizen, Nimbus Swimmer, Bioshift, Cloudfin Raptor, Forest"
Born of the Gods Foil Redemption,MTGO Redemption,Other,BNG,2014-03-09,366.23,"Phenax, God of Deception, Mogis, God of Slaughter, Xenagos, God of Revels, Brimaz, King of Oreskos, Ephara, God of the Polis"
Born of the Gods Redemption,MTGO Redemption,Other,BNG,2014-03-09,366.23,"Phenax, God of Deception, Mogis, God of Slaughter, Xenagos, God of Revels, Brimaz, King of Oreskos, Ephara, God of the Polis"
Boros,Guild Kit,Other,GK1,2018-11-02,35.41,"Aurelia, the Warleader, Legion Loyalist, Boros Charm, Legion Warboss, Master Warcraft"
Boros Assault,Arena Starter Deck,Other,DOM,2018-03-22,48.69,"Combat Celebrant, Oketra's Monument, Cartouche of Solidarity, Harsh Mentor, Fanatical Firebrand"
Boros Battalion,Intro Pack,Other,GTC,2013-02-01,3.36,"Firemane Avenger, Boros Elite, Mountain, Plains, Court Street Denizen"
Boros Legion,Arena Starter Deck,Other,M20,2019-05-03,15.02,"Sacred Foundry, Aurelia, Exemplar of Justice, Legion Warboss, Healer's Hawk, Mountain"
Boros Legion 1,Jumpstart,Other,CLU,2024-02-23,4.19,"Finale of Glory, Aegis of the Legion, Boros Signet, Novice Inspector, Ordruun Mentor"
Boros Legion 2,Jumpstart,Other,CLU,2024-02-23,0.0,"Boros Strike-Captain, Firemane Avenger, Krenko's Command, Ordruun Mentor, Boros Garrison"
Bound by Strength,Intro Pack,Other,AVR,2012-05-04,59.28,"Tandem Lookout, Forest, Deadeye Navigator, Forest, Wingcrafter"
Boundless Elves,Game Night Deck,Other,GN3,2022-10-14,42.62,"Imaryll, Elfhame Elite, Beast Whisperer, Elven Ambush, Immaculate Magistrate, Llanowar Tribe"
Bounty Hunter (1),Jumpstart,Other,TLE,2025-11-20,2.49,"Bastion of Remembrance, Swamp, Nyla, Shirshu Sleuth, Zuko's Conviction, Azula, On the Hunt"
Bounty Hunter (2),Jumpstart,Other,TLE,2025-11-20,2.49,"Bastion of Remembrance, Swamp, Obsessive Pursuit, Nyla, Shirshu Sleuth, Azula, On the Hunt"
Brain Dead: Creatures,Secret Lair Drop,Other,SLD,2024-07-30,61.07,"Consecrated Sphinx, Kiki-Jiki, Mirror Breaker, Wurmcoil Engine, Chaotic Goo, Meteor Golem"
Brain Dead: Creatures Foil Edition,Secret Lair Drop,Other,SLD,2024-07-30,61.07,"Consecrated Sphinx, Kiki-Jiki, Mirror Breaker, Wurmcoil Engine, Chaotic Goo, Meteor Golem"
Brain Dead: Lands,Secret Lair Drop,Other,SLD,2024-07-30,119.02,"Mountain, Mountain, Forest, Swamp, Swamp"
Brain Dead: Lands Foil Edition,Secret Lair Drop,Other,SLD,2024-07-30,119.02,"Mountain, Mountain, Forest, Swamp, Swamp"
Brain Dead: New Earth Mentality,Secret Lair Drop,Other,SLD,2026-02-24,47.74,"Jace's Archivist, Stinkweed Imp, Mirror Entity, Sakura-Tribe Elder, Mogg Assassin"
Brain Dead: New Earth Mentality Foil Edition,Secret Lair Drop,Other,SLD,2026-02-24,47.74,"Jace's Archivist, Stinkweed Imp, Mirror Entity, Sakura-Tribe Elder, Mogg Assassin"
Brain Dead: Staples,Secret Lair Drop,Other,SLD,2024-07-30,46.87,"Thought Vessel, Skullclamp, Sol Ring, Command Tower, Lightning Greaves"
Brain Dead: Staples Foil Edition,Secret Lair Drop,Other,SLD,2024-07-30,46.87,"Thought Vessel, Skullclamp, Sol Ring, Command Tower, Lightning Greaves"
Brave the Battle,Intro Pack,Other,ORI,2015-07-17,0.0,"Valor in Akros, Valeron Wardens, Plains, Sentinel of the Eternal Watch, Plains"
Brazen Coalition,Theme Deck,Other,E02,2017-11-24,16.12,"Blatant Thievery, Angrath's Marauders, Shared Animosity, Island, Adaptive Automaton"
Breakdown,Theme Deck,Other,NEM,2000-02-14,536.31,"Hickory Woodlot, Accumulated Knowledge, Saprazzan Skerry, Ensnare, Waterfront Bouncer"
Breakdown - Enhanced Deck,Enhanced Deck,Other,NEM,2000-02-14,833.2,"Palinchron, Hickory Woodlot, Saprazzan Skerry, Ensnare, Waterfront Bouncer"
Breath of Fire,Intro Pack,Other,M11,2010-07-16,59.84,"Preordain, Lightning Bolt, Call to Mind, Augury Owl, Fire Servant"
Brian Hacker - White Weenie,World Championship Deck,Other,WC98,1998-08-12,24.05,"Tithe, Soul Warden, Cataclysm, Aura of Silence, Plains"
Brian Kibler - Red Zone 2K2,World Championship Deck,Other,WC02,2002-08-14,125.83,"Call of the Herd, City of Brass, Birds of Paradise, Mountain, Plains"
Brian Selden - Cali Nightmare,World Championship Deck,Other,WC98,1998-08-12,196.21,"Survival of the Fittest, Volrath's Stronghold, City of Brass, Scroll Rack, Reflecting Pool"
Bring About The Undead Apocalypse,Archenemy Deck,Other,ARC,2010-06-18,26.6,"Reanimate, Bog Witch, Avatar of Woe, Swamp, Rakdos Signet"
Brood 1,Jumpstart,Other,MOM,2023-04-20,1.38,"Essence of Orthodoxy, Plains, Seedpod Caretaker, Phyrexian Pegasus, Angelic Intervention"
Brood 2,Jumpstart,Other,MOM,2023-04-20,1.38,"Essence of Orthodoxy, Plains, Seedpod Caretaker, Seal from Existence, Phyrexian Pegasus"
Brotherhood Agents,Starter Kit,Other,ACR,2024-07-05,23.42,"Ezio, Blade of Vengeance, Achilles Davenport, Rooftop Bypass, Eagle Vision, Restart Sequence"
Brute Force,Intro Pack,Other,WWK,2010-02-05,29.26,"Lightning Bolt, Canopy Cover, Terastodon, Greenweaver Druid, Overrun"
Buff 1,Jumpstart,Other,MOM,2023-04-20,34.48,"Surrak and Goreclaw, Kami of Whispered Hopes, Ruins Recluse, Forest, Cosmic Hunger"
Buff 2,Jumpstart,Other,MOM,2023-04-20,34.48,"Surrak and Goreclaw, Kami of Whispered Hopes, Ruins Recluse, Forest, Timberland Ancient"
Buggin' Out,Secret Lair Drop,Other,SLD,2023-09-15,93.07,"Noxious Revival, Eldritch Evolution, Grist, the Hunger Tide, Giant Adephage, Mazirek, Kraul Death Priest"
Buggin' Out Foil Edition,Secret Lair Drop,Other,SLD,2023-09-15,93.07,"Noxious Revival, Eldritch Evolution, Grist, the Hunger Tide, Giant Adephage, Mazirek, Kraul Death Priest"
Bumi,Jumpstart,Other,TLE,2025-11-20,5.87,"Crystalline Armor, Bumi's Feast Lecture, Origin of Metalbending, Aang, A Lot to Learn, Creeping Crystal Coating"
Burial,Theme Deck,Other,APC,2001-06-04,353.09,"Phyrexian Arena, Chromatic Sphere, Death Grasp, Forest, Elfhame Palace"
Burning,Jumpstart,Other,J25,2024-11-07,3.49,"Rionya, Fire Dancer, Firespitter Whelp, Play with Fire, Goblin Fireslinger, Thriving Bluff"
Burning Revelations,Secret Lair Drop,Other,SLD,2024-01-26,208.27,"Akroma's Memorial, Reckless Fireweaver, Consider, Price of Glory, Inspiring Overseer"
Burning Sky,MTGO Theme Deck,Other,MIR,2006-12-05,29.95,"Mystical Tutor, Mist Dragon, Mountain, Island, Subterranean Spirit"
Cabbages,Jumpstart,Other,TLE,2025-11-20,34.89,"The Cabbage Merchant, Elephant-Mandrill, Bosco, Just a Bear, Bumi's Feast Lecture, Many Partings"
Call of Blood,Intro Pack,Other,BFZ,2015-10-02,16.19,"Zulaport Cutthroat, Felidar Sovereign, Mortuary Mire, Drana's Emissary, Defiant Bloodlord"
Call of the Kor,Theme Deck,Other,STH,1998-03-02,12.97,"Shaman en-Kor, Flickering Ward, Soltari Champion, Nomads en-Kor, Lab Rats"
Call of the Kor - Advanced Deck,Advanced Deck,Other,STH,1998-03-02,58.65,"Tithe, Armageddon, Shaman en-Kor, Soltari Champion, Plains"
Calling All Hydra Heads,Secret Lair Drop,Other,SLD,2023-12-08,77.41,"Unbound Flourishing, Zaxara, the Exemplary, Primordial Hydra, Gargos, Vicious Watcher, Hydroid Krasis"
Camp Comrades,Box Set,Other,FIN,2025-06-13,88.36,"Flash Photography, Campsite Cuisine, Fishing Gear, Chocobo Camp, Noctis, Heir Apparent"
Can You Feel With A Heart of Steel?,Secret Lair Drop,Other,SLD,2020-06-02,53.88,"Walking Ballista, Arcbound Ravager, Darksteel Colossus"
Caretakers,Jumpstart,Other,MSH,2026-06-26,5.29,"Doctor Strange, Surgeon, MJ, Rising Star, Donald Blake, Guise of Thor, Doctor Jane Foster, Night Nurse, Healer of Heroes"
Carlos Romão - Psychatog,World Championship Deck,Other,WC02,2002-08-14,51.53,"Psychatog, Swamp, Island, Cephalid Coliseum, Island"
Carnival of Blood,Intro Pack,Other,ISD,2011-09-30,48.91,"Rakish Heir, Diabolic Tutor, Mask of Avacyn, Blood Seeker, Falkenrath Noble"
Cats,Theme Deck,Other,PSAL,2005-08-01,0.0,"Plains, Plains, Plains, Plains, Plains"
Cats (1),Jumpstart,Other,JMP,2020-07-17,2.68,"Feline Sovereign, Sabertooth Mauler, Canopy Stalker, Pridemalkin, Forest"
Cats (2),Jumpstart,Other,JMP,2020-07-17,22.7,"Lurking Predators, Feline Sovereign, Canopy Stalker, Pridemalkin, Forest"
Cats 1,Jumpstart,Other,J22,2022-12-02,1.29,"Regal Caracal, King of the Pride, Felidar Cub, Make a Stand, Thriving Heath"
Cats 2,Jumpstart,Other,J22,2022-12-02,2.45,"Felidar Retreat, Trove Warden, King of the Pride, Make a Stand, Thriving Heath"
Cats 3,Jumpstart,Other,J22,2022-12-02,12.2,"Ajani, Strength of the Pride, King of the Pride, Make a Stand, Thriving Heath, Ajani's Pridemate"
Cats 4,Jumpstart,Other,J22,2022-12-02,10.72,"Leonin Warleader, King of the Pride, Make a Stand, Thriving Heath, Pouncing Lynx"
Cats Are Better Than Dogs,Secret Lair Drop,Other,SLD,2025-03-18,122.05,"Arcane Signet, Basilisk Collar, Titanic Ultimatum, Escape to the Wilds, Rip Apart"
Cats Are Better Than Dogs Foil Edition,Secret Lair Drop,Other,SLD,2025-03-18,122.05,"Arcane Signet, Basilisk Collar, Titanic Ultimatum, Escape to the Wilds, Rip Apart"
Cats of Chaos,Secret Lair Drop,Other,SLD,2026-06-16,75.45,"Aura Shards, Aggravated Assault, Chaos Warp, Utopia Sprawl, Fell the Mighty"
Cats of Chaos Foil Edition,Secret Lair Drop,Other,SLD,2026-06-16,75.45,"Aura Shards, Aggravated Assault, Chaos Warp, Utopia Sprawl, Fell the Mighty"
Cavalcade Charge,Challenger Deck,Other,Q04,2020-04-03,31.45,"Embercleave, Runaway Steam-Kin, Torbran, Thane of Red Fell, Chandra, Acolyte of Flame, Cavalcade of Calamity"
Celestial Assault,Theme Deck,Other,ONS,2002-10-07,102.28,"Oblation, Seaside Haven, Island, Airborne Aid, Island"
Centaur Shaman,Shandalar Enemy Deck,Other,PAST,1997-04-01,77.1,"Birds of Paradise, Carrion Ants, Whirling Dervish, Dark Ritual, Cockatrice"
Centaur Warchief,Shandalar Enemy Deck,Other,PAST,1997-04-01,419.78,"Mountain, Land Tax, Colossus of Sardia, Ali Baba, Kismet"
Champions of Kamigawa Foil Redemption,MTGO Redemption,Other,CHK,2004-10-31,3662.4,"Minamo, School at Water's Edge, Dosan the Falling Leaf, Gifts Ungiven, Kiki-Jiki, Mirror Breaker, Sensei's Divining Top"
Champions of Kamigawa Redemption,MTGO Redemption,Other,CHK,2004-10-31,3662.4,"Minamo, School at Water's Edge, Dosan the Falling Leaf, Gifts Ungiven, Kiki-Jiki, Mirror Breaker, Sensei's Divining Top"
Chandra,Duel Deck,Other,JVC,2014-12-05,2.63,"Chandra Nalaar, Fireblast, Seal of Fire, Fireslinger, Ingot Chewer"
Chandra Japanese,Duel Deck,Other,DD2,2008-11-07,0.0,"Fireblast, Incinerate, Seal of Fire, Rakdos Pit Dragon, Firebolt"
"Chandra, Bold Pyromancer",Planeswalker Deck,Other,DOM,2018-04-27,20.55,"Marwyn, the Nurturer, Llanowar Elves, Chandra, Bold Pyromancer, Grunn, the Lonely King, Gilded Lotus"
"Chandra, Flame's Catalyst",Planeswalker Deck,Other,M21,2020-07-03,10.11,"Chandra, Flame's Catalyst, Chandra's Incinerator, Unleash Fury, Mountain, Double Vision"
"Chandra, Flame's Fury",Planeswalker Deck,Other,M20,2019-07-29,2.67,"Chandra, Flame's Fury, Drakuseth, Maw of Flames, Mountain, Chandra's Outrage, Chandra's Flame Wave"
"Chandra, Pyrogenius",Planeswalker Deck,Other,KLD,2016-09-30,1.02,"Fateful Showdown, Chandra, Pyrogenius, Aerial Responder, Fleetwheel Cruiser, Cathartic Reunion"
Chaos,Jumpstart,Other,J25,2024-11-07,3.99,"Violent Outburst, Chromatic Lantern, Druid of the Anima, Maelstrom Colossus, Averna, the Chaos Bloom"
Chaos Reigns,Planechase Deck,Other,PC2,2012-06-01,8.14,"Maelstrom Wanderer, Beast Within, Whirlpool Warrior, Exotic Orchard, Shardless Agent"
Chaos and Mayhem,Arena Starter Deck,Other,M19,2018-09-27,23.3,"Goblin Trashmaster, Goblin Instigator, Dragonskull Summit, Rekindling Phoenix, Open the Graves"
Charge of the Boros,Theme Deck,Other,RAV,2005-10-07,80.59,"Sunforger, Sunhome, Fortress of the Legion, Lightning Helix, Boros Garrison, Boros Recruit"
Charging Ahead,Arena Starter Deck,Other,LTR,2023-06-20,27.6,"Surrak and Goreclaw, Samut, Vizier of Naktamun, Copperline Gorge, Rampaging Raptor, Cosmic Hunger"
Chargoyf,Theme Deck,Other,BRB,1999-11-12,24.79,"Spike Weaver, Lhurgoyf, Seeker of Skybreak, Forest, Forest"
Children of Fate,Box Set,Other,FIN,2025-06-13,39.34,"Edea, Possessed Sorceress, Rinoa, Angel Wing, Fated Clash, Duelist's Flame, Squall, Gunblade Duelist"
Cho-Manno's Resolve,Theme Deck,Other,10E,2007-07-13,38.17,"Pariah, Cho-Manno, Revolutionary, Angel of Mercy, Serra's Embrace, Icy Manipulator"
Chucky,Secret Lair Drop,Other,SLD,2024-10-01,55.58,"Kardur, Doomscourge // Kardur, Doomscourge, Twinflame, Varragoth, Bloodsky Sire, Phyrexian Reclamation, Genesis Chamber"
Chucky Foil Edition,Secret Lair Drop,Other,SLD,2024-10-01,55.58,"Kardur, Doomscourge // Kardur, Doomscourge, Twinflame, Varragoth, Bloodsky Sire, Phyrexian Reclamation, Genesis Chamber"
Cinder Heart,Theme Deck,Other,BRB,1999-11-12,48.75,"Reanimate, Sadistic Glee, Living Death, Sewer Rats, Dark Ritual"
City Styles,Secret Lair Drop,Other,SLD,2023-04-14,307.48,"Teysa Karlov, Azusa, Lost but Seeking, Paradise Mantle, Sakashima the Impostor, Massacre Girl"
City Styles 2: Dressed to Kill,Secret Lair Drop,Other,SLD,2025-02-11,114.47,"Veyran, Voice of Duality, Ninja of the Deep Hours, Karmic Guide, Captain Sisay, Selvala, Explorer Returned"
City Styles 2: Dressed to Kill Foil Edition,Secret Lair Drop,Other,SLD,2025-02-11,114.47,"Veyran, Voice of Duality, Ninja of the Deep Hours, Karmic Guide, Captain Sisay, Selvala, Explorer Returned"
City Styles Foil Edition,Secret Lair Drop,Other,SLD,2023-04-14,307.48,"Teysa Karlov, Azusa, Lost but Seeking, Paradise Mantle, Sakashima the Impostor, Massacre Girl"
Claws of Vengeance,Theme Deck,Other,PS11,2011-01-01,0.0,"Forest, Forest, Forest, Forest, Plains"
Cleric,Shandalar Enemy Deck,Other,PAST,1997-04-01,28.02,"Meekstone, Savannah Lions, Swords to Plowshares, Tawnos's Weaponry, Amrou Kithkin"
Clerics (1),Jumpstart,Other,J25,2024-11-07,0.0,"Taborax, Hope's Demise, Nullpriest of Oblivion, Archfiend's Vessel, Scion of the Swarm, Skemfar Shadowsage"
Clerics (2),Jumpstart,Other,J25,2024-11-07,0.0,"Priest of Gix, Taborax, Hope's Demise, Elderfang Disciple, Severed Strands, Archfiend's Vessel"
Clerics (3),Jumpstart,Other,J25,2024-11-07,9.41,"Vito, Thorn of the Dusk Rose, Elderfang Disciple, Moment of Craving, Scion of Darkness, Skemfar Shadowsage"
Clerics (4),Jumpstart,Other,J25,2024-11-07,10.74,"Vito, Thorn of the Dusk Rose, Priest of Forgotten Gods, Priest of Gix, Archfiend's Vessel, Scion of the Swarm"
Clue Edition Core Contents,Box Set,Other,CLU,2024-02-23,19.39,"Mastermind Plum, Apothecary White, Headliner Scarlett, Emissary Green, Commander Mustard"
Coalition Corps,Jumpstart,Other,DMU,2022-09-09,6.5,"Plains, Serra Redeemer, Love Song of Night and Day, Resolute Reinforcements, Plains"
Coalition Legion,Jumpstart,Other,DMU,2022-09-09,6.5,"Plains, Serra Redeemer, Love Song of Night and Day, Knight of Dawn's Light, Plains"
Code of the Orzhov,Theme Deck,Other,GPT,2006-02-03,68.18,"Teysa, Orzhov Scion, Hissing Miasma, Orzhov Basilica, Martyred Rusalka, Orzhova, the Church of Deals"
Cold-Blooded Killers,Arena Starter Deck,Other,ANB,2020-08-13,0.0,"Sanitarium Skeleton, Typhoid Rats, Malakir Cullblade, Vampire Opportunist, Mardu Outrider"
Coldsnap Fat Pack Land Pack,Bundle Land Pack,Other,CSP,2006-07-21,37.12,"Snow-Covered Island, Snow-Covered Mountain, Snow-Covered Forest, Snow-Covered Plains, Snow-Covered Swamp"
Coldsnap Foil Redemption,MTGO Redemption,Other,CSP,2006-08-20,2144.27,"Commandeer, Rite of Flame, Dark Depths, Counterbalance, Allosaurus Rider"
Coldsnap Redemption,MTGO Redemption,Other,CSP,2006-08-20,2144.27,"Commandeer, Rite of Flame, Dark Depths, Counterbalance, Allosaurus Rider"
Collectors' Edition,Box Set,Other,CED,1993-12-10,15992.71,"Black Lotus, Mox Jet, Mox Sapphire, Timetwister, Mox Emerald"
Comeback,Theme Deck,Other,PLS,2001-02-05,284.5,"Cavern Harpy, Nightscape Familiar, Ravenous Rats, Coastal Tower, Dromar's Cavern"
Commander Collection Black,Box Set,Other,CC2,2022-01-28,93.48,"Sol Ring, Reanimate, Toxic Deluge, Ophiomancer, Liliana, Heretical Healer // Liliana, Defiant Necromancer"
Commander Collection Black Premium,Box Set,Other,CC2,2022-01-28,93.48,"Sol Ring, Reanimate, Toxic Deluge, Ophiomancer, Liliana, Heretical Healer // Liliana, Defiant Necromancer"
Commander Collection: Green,Box Set,Other,CC1,2020-12-04,145.47,"Seedborn Muse, Worldly Tutor, Sol Ring, Sylvan Library, Command Tower"
Commander Collection: Green - Premium,Box Set,Other,CC1,2020-12-04,145.47,"Seedborn Muse, Worldly Tutor, Sol Ring, Sylvan Library, Command Tower"
Commander Legends: Battle for Baldur's Gate Bundle Land Pack,Bundle Land Pack,Other,CLB,2022-06-10,0.0,"Island, Island, Plains, Mountain, Plains"
Commander's Arsenal,Box Set,Other,CM1,2012-10-23,299.59,"Rhystic Study, Scroll Rack, Sylvan Library, Command Tower, Diaochan, Artful Beauty"
Commander's Arsenal Oversized,Box Set,Other,OCM1,2012-10-23,219.18,"Sliver Queen, Azusa, Lost but Seeking, Karn, Silver Golem, Karrthus, Tyrant of Jund, Grimgrin, Corpse-Born"
Company of Knights,Arena Starter Deck,Other,M21,2021-07-03,13.09,"Embercleave, Grasping Giant, Basri's Lieutenant, Worthy Knight, Plains"
Concerted Effort,Intro Pack,Other,OGW,2016-01-22,0.0,"Veteran Warleader, Expedition Envoy, Angel of Renewal, Evolving Wilds, Relief Captain"
Conflux Foil Redemption,MTGO Redemption,Other,CON,2009-03-08,538.1,"Maelstrom Archangel, Master Transmuter, Exotic Orchard, Kederekt Parasite, Progenitus"
Conflux Redemption,MTGO Redemption,Other,CON,2009-03-08,538.1,"Maelstrom Archangel, Master Transmuter, Exotic Orchard, Kederekt Parasite, Progenitus"
Conjurer,Shandalar Enemy Deck,Other,PAST,1997-04-01,112.49,"Aladdin's Ring, Fellwar Stone, Apprentice Wizard, Counterspell, Giant Tortoise"
Conniving,Jumpstart,Other,MSH,2026-06-26,2.79,"Mysterio's Mirage, Leader, Super-Genius, Tiger Shark, Abyssal Hunter, Kid Loki, Flying Octobot"
Conquering Hordes,Event Deck,Other,KTK,2014-09-26,45.06,"Dictate of Erebos, Spear of Heliod, Dictate of Heliod, Bloodsoaked Champion, Spirit Bonds"
Constellation 1,Jumpstart,Other,J22,2022-12-02,2.71,"Sage's Reverie, Archon of Sun's Grace, Spirited Companion, Chains of Custody, Thriving Heath"
Constellation 2,Jumpstart,Other,J22,2022-12-02,1.64,"Sage's Reverie, Sigil of the Empty Throne, Alseid of Life's Bounty, Spirited Companion, Chains of Custody"
Control Center,Arena Starter Deck,Other,AFR,2021-09-24,18.81,"Mind Flayer, Clearwater Pathway // Murkwater Pathway, Baleful Mastery, Ice Tunnel, Iymrith, Desert Doom"
Cool Ocean Breeze,Secret Lair Drop,Other,SLD,2023-04-28,264.4,"Thassa's Oracle, Thassa, Deep-Dwelling, Master of Waves, Llawan, Cephalid Empress"
Cool Ocean Breeze Foil Edition,Secret Lair Drop,Other,SLD,2023-04-28,264.4,"Thassa's Oracle, Thassa, Deep-Dwelling, Master of Waves, Llawan, Cephalid Empress"
Copied (1),Jumpstart,Other,J25,2024-11-07,0.0,"Crimson Wisps, Zada, Hedron Grinder, Young Pyromancer, Fists of Flame, Renegade Tactics"
Copied (2),Jumpstart,Other,J25,2024-11-07,0.0,"Firespitter Whelp, Zada, Hedron Grinder, Young Pyromancer, Thriving Bluff, Charmbreaker Devils"
Core Set 2019 Bundle Land Pack,Bundle Land Pack,Other,M19,2018-07-13,0.0,"Forest, Mountain, Forest, Plains, Plains"
Core Set 2019 Foil Redemption,MTGO Redemption,Other,M19,2018-08-12,465.7,"Scapeshift, Nicol Bolas, the Ravager // Nicol Bolas, the Arisen, Crucible of Worlds, Arcades, the Strategist, Resplendent Angel"
Core Set 2019 Redemption,MTGO Redemption,Other,M19,2018-08-12,465.7,"Scapeshift, Nicol Bolas, the Ravager // Nicol Bolas, the Arisen, Crucible of Worlds, Arcades, the Strategist, Resplendent Angel"
Core Set 2020 Bundle Land Pack,Bundle Land Pack,Other,M20,2019-07-12,0.0,"Swamp, Swamp, Forest, Forest, Mountain"
Core Set 2020 Foil Redemption,MTGO Redemption,Other,M20,2019-08-11,487.77,"Field of the Dead, Veil of Summer, Kaalia, Zenith Seeker, Chandra, Awakened Inferno, Cavalier of Night"
Core Set 2020 Redemption,MTGO Redemption,Other,M20,2019-08-11,487.77,"Field of the Dead, Veil of Summer, Kaalia, Zenith Seeker, Chandra, Awakened Inferno, Cavalier of Night"
Core Set 2021 Bundle Land Pack,Bundle Land Pack,Other,M21,2020-07-03,0.0,"Swamp, Swamp, Plains, Plains, Plains"
Core Set 2021 Foil Redemption,MTGO Redemption,Other,M21,2020-08-02,302.36,"Chromatic Orrery, Terror of the Peaks, Grim Tutor, Fiery Emancipation, Heroic Intervention"
Core Set 2021 Redemption,MTGO Redemption,Other,M21,2020-08-02,302.36,"Chromatic Orrery, Terror of the Peaks, Grim Tutor, Fiery Emancipation, Heroic Intervention"
Core Set 2021 Welcome Booster,Welcome Booster,Other,M21,2020-07-03,19.52,"Niv-Mizzet, Parun, Demon of Loathing, Underworld Dreams, Garruk, Primal Hunter, Archetype of Imagination"
Corruption 1,Jumpstart,Other,ONE,2023-02-10,1.32,"Drown in Ichor, Kinzu of the Bleak Coven, Pestilent Syphoner, Annihilating Glare, Feed the Infection"
Corruption 2,Jumpstart,Other,ONE,2023-02-10,0.0,"Kinzu of the Bleak Coven, Vraska's Fall, Infectious Inquiry, Bilious Skulldweller, Necrogen Communion"
Counter Surge,Challenger Deck,Other,Q01,2018-04-06,40.98,"Walking Ballista, Verdurous Gearhulk, Fatal Push, Swamp, Forest"
Counterargument,Jumpstart,Other,MSH,2026-06-26,7.96,"Matt Murdock, Justice Seeker, She-Hulk, Attorney-at-Law, Foggy Nelson, On Retainer, Costume Closet, Vault Guardsman"
Counterburn,Deck Builder's Toolkit,Other,M14,2013-07-19,4.35,"Guttersnipe, Goblin Electromancer, Syncopate, Izzet Charm, Nivix Cyclops"
Courageous 1,Jumpstart,Other,LTR,2023-06-23,2.45,"Saradoc, Master of Buckland, Rosie Cotton of South Lane, Bill the Pony, Slip On the Ring, Plains"
Courageous 2,Jumpstart,Other,LTR,2023-06-23,5.09,"Reprieve, Saradoc, Master of Buckland, Rosie Cotton of South Lane, Bill the Pony, Slip On the Ring"
Crack the Case,Arena Starter Deck,Other,OTJ,2024-07-08,19.7,"Meticulous Archive, Proft's Eidetic Memory, Forensic Gadgeteer, Alquist Proft, Master Sleuth, No Witnesses"
Crag Hydra,Shandalar Enemy Deck,Other,PAST,1997-04-01,277.78,"Mountain, Shivan Dragon, Inferno, Detonate, Mana Flare"
Creep and Conquer,Event Deck,Other,RTR,2012-10-26,38.58,"Ulvenwald Tracker, Disciple of Bolas, Woodland Cemetery, Golgari Charm, Victim of Night"
Creepshow,Secret Lair Drop,Other,SLD,2023-11-30,68.37,"Death Baron // Death Baron, Grimgrin, Corpse-Born // Grimgrin, Corpse-Born, Noxious Ghoul // Noxious Ghoul, Unholy Grotto // Unholy Grotto, Zombie Master // Zombie Master"
Creepshow Foil Edition,Secret Lair Drop,Other,SLD,2023-11-30,68.37,"Death Baron // Death Baron, Grimgrin, Corpse-Born // Grimgrin, Corpse-Born, Noxious Ghoul // Noxious Ghoul, Unholy Grotto // Unholy Grotto, Zombie Master // Zombie Master"
Cries of Rage,Theme Deck,Other,PS11,2011-01-01,0.0,"Mountain, Mountain, Mountain, Mountain, Forest"
Critical Mass,Theme Deck,Other,SOK,2005-06-03,175.14,"Shuko, Thoughts of Ruin, Honden of Infinite Rage, Honden of Night's Reach, Okiba-Gang Shinobi"
Critter Corps,Arena Promotional Deck,Other,M21,2021-07-03,146.0,"The Great Henge, The Ozolith, Fabled Passage, Ram Through, Selfless Savior"
Crocodile Jackson's Monstrous Menagerie,Secret Lair Drop,Other,SLD,2022-05-06,76.66,"Managorger Hydra, Pathbreaker Ibex, Temur Sabertooth, Winding Constrictor, Ravenous Chupacabra"
Crocodile Jackson's Monstrous Menagerie Foil Etched Edition,Secret Lair Drop,Other,SLD,2022-05-06,76.66,"Managorger Hydra, Pathbreaker Ibex, Temur Sabertooth, Winding Constrictor, Ravenous Chupacabra"
Cruel 1,Jumpstart,Other,J22,2022-12-02,7.92,"Creeping Bloodsucker, Termination Facilitator, Syr Konrad, the Grim, Ob Nixilis, the Hate-Twisted, Tormented Soul"
Cruel 2,Jumpstart,Other,J22,2022-12-02,6.89,"Creeping Bloodsucker, Termination Facilitator, Plague Spitter, Infernal Idol, Feast on the Fallen"
Cruel 3,Jumpstart,Other,J22,2022-12-02,4.14,"Creeping Bloodsucker, Dread Slaver, Festering Evil, Infernal Idol, Cruel Sadist"
Cruel 4,Jumpstart,Other,J22,2022-12-02,9.75,"Dread Presence, Creeping Bloodsucker, Tormented Soul, Infernal Idol, Feast on the Fallen"
Cruel Plots,Intro Pack,Other,DTK,2015-03-27,9.83,"Island, Coat with Venom, Silumgar's Scorn, Sidisi's Faithful, Necromaster Dragon"
Crusader,Shandalar Enemy Deck,Other,PAST,1997-04-01,95.94,"Dancing Scimitar, Eye for an Eye, Swords to Plowshares, White Knight, Battering Ram"
Crusher,Theme Deck,Other,ULG,1999-02-15,526.33,"Defense of the Heart, Mother of Runes, Treetop Village, Rancor, Weatherseed Treefolk"
Crusher - Enhanced Deck,Enhanced Deck,Other,ULG,1999-02-15,1905.17,"Gaea's Cradle, Might of Oaks, Eladamri, Lord of Leaves, Weatherseed Treefolk, City of Brass"
Cult of Rakdos,Arena Starter Deck,Other,M20,2019-05-03,33.55,"Blood Crypt, Bedevil, Spawn of Mayhem, Spear Spewer, Mayhem Devil"
Cult of Rakdos 1,Jumpstart,Other,CLU,2024-02-23,3.25,"Frenzied Gorespawn, Rakdos Signet, Spawn of Mayhem, Deadly Dispute, Incriminating Impetus"
Cult of Rakdos 2,Jumpstart,Other,CLU,2024-02-23,5.25,"Rakdos, the Showstopper, Carnage Interpreter, Incriminating Impetus, Rakdos Carnarium, Light Up the Stage"
Culture Shocks: Bant,Secret Lair Drop,Other,SLD,2021-08-25,28.25,"Breeding Pool, Hallowed Fountain, Temple Garden"
Culture Shocks: Esper,Secret Lair Drop,Other,SLD,2021-08-25,33.95,"Watery Grave, Godless Shrine, Hallowed Fountain"
Culture Shocks: Grixis,Secret Lair Drop,Other,SLD,2021-08-25,46.43,"Steam Vents, Watery Grave, Blood Crypt"
Culture Shocks: Jund,Secret Lair Drop,Other,SLD,2021-08-25,38.01,"Overgrown Tomb, Blood Crypt, Stomping Ground"
Culture Shocks: Naya,Secret Lair Drop,Other,SLD,2021-08-25,31.9,"Sacred Foundry, Stomping Ground, Temple Garden"
Cunning,Duel Deck,Other,DDN,2014-09-05,0.0,"Arcanis the Omnipotent, Jeskai Elder, Mana Leak, Master Decoy, Lightning Angel"
Cunning 1,Jumpstart,Other,LTR,2023-11-03,0.0,"Ioreth of the Healing House, Minas Tirith Garrison, The Bath Song, Glorious Gale, Arwen's Gift"
Cunning 2,Jumpstart,Other,LTR,2023-11-03,5.75,"Lórien Revealed, Mirror of Galadriel, Minas Tirith Garrison, Elrond, Lord of Rivendell, Island"
Cunning Plan,Intro Pack,Other,FRF,2015-01-23,12.2,"Monastery Swiftspear, Refocus, Void Snare, Island, Mistfire Adept"
Cursed,Duel Deck,Other,DDQ,2016-02-26,2.21,"Gravecrawler, Harvester of Souls, Dread Return, Victim of Night, Unbreathing Horde"
Custom Creatures,Theme Deck,Other,9ED,2005-07-29,87.24,"Naturalize, Verduran Enchantress, Overgrowth, Llanowar Elves, Forest"
Cycling 1,Jumpstart,Other,J22,2022-12-02,0.0,"Yidaro, Wandering Monster, Drannith Stinger, Quakefoot Cyclops, Thriving Bluff, Deem Worthy"
Cycling 2,Jumpstart,Other,J22,2022-12-02,0.0,"Mad Ratter, Irencrag Pyromancer, Drannith Stinger, Starstorm, Thriving Bluff"
DOOM,Jumpstart,Other,MSH,2026-06-26,102.38,"Doctor Doom, Unrivaled, Dark Ritual, Doomsday, Doombot Harbinger, Doomfall"
Dan Frazier Is Back Again: The Allied Talismans,Secret Lair Drop,Other,SLD,2022-10-25,215.61,"Talisman of Dominance, Talisman of Indulgence, Talisman of Progress, Talisman of Impulse, Talisman of Unity"
Dan Frazier Is Back Again: The Allied Talismans Foil Etched Edition,Secret Lair Drop,Other,SLD,2022-10-25,215.61,"Talisman of Dominance, Talisman of Indulgence, Talisman of Progress, Talisman of Impulse, Talisman of Unity"
Dan Frazier Is Back Again: The Enemy Talismans,Secret Lair Drop,Other,SLD,2022-10-25,123.09,"Talisman of Creativity, Talisman of Hierarchy, Talisman of Conviction, Talisman of Curiosity, Talisman of Resilience"
Dan Frazier Is Back Again: The Enemy Talismans Foil Etched Edition,Secret Lair Drop,Other,SLD,2022-10-25,123.09,"Talisman of Creativity, Talisman of Hierarchy, Talisman of Conviction, Talisman of Curiosity, Talisman of Resilience"
Dan Frazier is Back: The Allied Signets,Secret Lair Drop,Other,SLD,2021-10-29,102.8,"Rakdos Signet, Dimir Signet, Azorius Signet, Gruul Signet, Selesnya Signet"
Dan Frazier is Back: The Allied Signets Foil Edition,Secret Lair Drop,Other,SLD,2021-10-29,102.8,"Rakdos Signet, Dimir Signet, Azorius Signet, Gruul Signet, Selesnya Signet"
Dan Frazier is Back: The Enemy Signets,Secret Lair Drop,Other,SLD,2021-10-29,96.99,"Izzet Signet, Orzhov Signet, Boros Signet, Simic Signet, Golgari Signet"
Dan Frazier is Back: The Enemy Signets Foil Edition,Secret Lair Drop,Other,SLD,2021-10-29,96.99,"Izzet Signet, Orzhov Signet, Boros Signet, Simic Signet, Golgari Signet"
Dan Frazier's Mox Box,Secret Lair Drop,Other,SLD,2023-09-14,474.62,"Mox Opal, Sol Ring, Mox Tantalite"
Dandân Deck,Dandan Deck,Other,SLD,2026-03-17,100.74,"Mystic Sanctuary, Capture of Jingzhou, Mental Note, Island, Dandân"
Dangerous,Clash Pack,Other,ORI,2015-07-17,12.26,"Abzan Falconer, Dromoka, the Eternal, Abzan Battle Priest, Avatar of the Resolute, Sandsteppe Citadel"
Dangerous Knowledge,Intro Pack,Other,EMN,2016-07-22,6.2,"Pore Over the Pages, Turn Aside, Niblis of Frost, Take Inventory, Pieces of the Puzzle"
Daniel Zink - White-Blue-Green Wake,World Championship Deck,Other,WC03,2003-08-06,43.04,"Flooded Strand, Forest, Mirari's Wake, Moment's Peace, Island"
Dark Alliance,Theme Deck,Other,ATH,1998-11-01,62.28,"Strip Mine, Goblin Recruiter, Hypnotic Specter, Goblin King, Pyrokinesis"
Dark Ascension Fat Pack Land Pack,Bundle Land Pack,Other,DKA,2012-02-03,15.32,"Mountain, Swamp, Island, Plains, Island"
Dark Ascension Foil Redemption,MTGO Redemption,Other,DKA,2012-03-04,378.27,"Mikaeus, the Unhallowed, Grafdigger's Cage, Vault of the Archangel, Drogskol Reaver, Moonveil Dragon"
Dark Ascension Redemption,MTGO Redemption,Other,DKA,2012-03-04,378.27,"Mikaeus, the Unhallowed, Grafdigger's Cage, Vault of the Archangel, Drogskol Reaver, Moonveil Dragon"
Dark Devotion,Theme Deck,Other,BOK,2005-02-04,54.38,"Heartless Hidetsugu, Blood Speaker, Yukora, the Prisoner, Overblaze, Mark of the Oni"
Dark Sacrifice,Intro Pack,Other,DKA,2012-02-03,26.02,"Champion of the Parish, Unburial Rites, Swamp, Wakedancer, Plains"
Darksteel Foil Redemption,MTGO Redemption,Other,DST,2004-03-07,1572.96,"Skullclamp, Panoptic Mirror, Arcbound Ravager, Darksteel Forge, Memnarch"
Darksteel Redemption,MTGO Redemption,Other,DST,2004-03-07,1572.96,"Skullclamp, Panoptic Mirror, Arcbound Ravager, Darksteel Forge, Memnarch"
Dave Humpherys - Blue-Green Madness,World Championship Deck,Other,WC03,2003-08-06,59.84,"City of Brass, Aquamoeba, Island, Arrogant Wurm, Careful Study"
Day of the Dragon,Starter Kit,Other,WOE,2023-09-08,6.3,"Shivan Devastator, Sarkhan, Soul Aflame, Ingenious Prodigy, Ragefire Hellkite, Aether Channeler"
Dead Again,Theme Deck,Other,9ED,2005-07-29,40.94,"Demon's Horn, Underworld Dreams, Nightmare, Swamp, Swamp"
Dead Ahead,Intro Pack,Other,ARB,2009-04-30,29.05,"Terramorphic Expanse, Swamp, Mountain, Lightning Reaver, Mountain"
Dead and Alive,MTGO Theme Deck,Other,WTH,2007-12-12,27.85,"Necromancy, Buried Alive, Infernal Tribute, Swamp, Swamp"
Deadly Discovery,Challenger Deck,Other,Q02,2019-04-12,43.78,"Overgrown Tomb, The Eldest Reborn, Vraska, Relic Seeker, Llanowar Elves, Wildgrowth Walker"
Deadly Instinct,Theme Deck,Other,S99,1999-07-12,3.29,"Ancient Craving, Swamp, Swamp, Swamp, Ravenous Rats"
Deadspread,Intro Pack,Other,SOM,2010-10-01,91.42,"Contagion Engine, Leaden Myr, Silver Myr, Throne of Geth, Thrummingbird"
"Death Is Temporary, Metal Is Forever",Secret Lair Drop,Other,SLD,2023-08-29,237.16,"Nekusar, the Mindrazer, Syr Konrad, the Grim, Underworld Dreams, Waste Not, Wheel of Misfortune"
"Death Is Temporary, Metal Is Forever Foil Edition",Secret Lair Drop,Other,SLD,2023-08-29,237.16,"Nekusar, the Mindrazer, Syr Konrad, the Grim, Underworld Dreams, Waste Not, Wheel of Misfortune"
Death March,Theme Deck,Other,EVE,2008-07-25,103.02,"Quillspike, Swamp, Creakwood Liege, Doomgape, Viridescent Wisps"
Death Reaper,Intro Pack,Other,M14,2013-07-19,1.97,"Staff of the Death Magus, Mountain, Swamp, Academy Raider, Liliana's Reaver"
Death's Beginning,Intro Pack,Other,BNG,2014-02-07,27.01,"Archetype of Finality, Satyr Wayfinder, Raised by Wolves, Forest, Nighthowler"
Death's Encroach,Event Deck,Other,AVR,2012-05-25,70.53,"Dismember, Cemetery Reaper, Geralf's Messenger, Gravecrawler, Lashwrithe"
Death's Minions,Intro Pack,Other,M10,2009-07-17,33.72,"Cemetery Reaper, Diabolic Tutor, Tendrils of Corruption, Swamp, Doom Blade"
Deathbreed,MTGO Theme Deck,Other,ME2,2008-09-22,0.0,"Snow-Covered Swamp, Armor Thrull, Ashen Ghoul, Basal Thrull, Cuombajj Witches"
Deathfed,Event Deck,Other,ISD,2011-10-28,141.61,"Green Sun's Zenith, Birds of Paradise, Gnaw to the Bone, Hinterland Harbor, Ratchet Bomb"
Deathly Dominion,Intro Pack,Other,ISD,2011-09-30,19.69,"Rampant Growth, Moldgraf Monstrosity, Reassembling Skeleton, Swamp, Caravan Vigil"
Decay,Theme Deck,Other,7ED,2001-04-11,832.92,"Blood Pet, Charcoal Diamond, Duress, Fallen Angel, Greed"
Deceptive Divination,Secret Lair Drop,Other,SLD,2024-02-23,52.43,"Scheming Symmetry, Price of Progress, Eternal Witness, Circular Logic, Wall of Omens"
Deceptive Divination Foil Edition,Secret Lair Drop,Other,SLD,2024-02-23,74.2,"Scheming Symmetry, Price of Progress, Eternal Witness, Wall of Omens, Circular Logic"
Deck A,Starter Deck,Other,5ED,1997-04-24,25.79,"City of Brass, Mountain, Mountain, Plains, Forest"
Deck B,Starter Deck,Other,6ED,1999-04-21,2.32,"Counterspell, Mountain, Mountain, Island, Mountain"
Deck Builder's Toolkit,Deck Builder's Toolkit,Other,M20,2019-07-12,38.02,"Risen Reef, Angel of Vitality, Skyknight Vanguard, Corpse Knight, Moldervine Reclamation"
Deep Freeze,Theme Deck,Other,TMP,1997-10-14,5.28,"Counterspell, Avenging Angel, Puppet Strings, Island, Island"
Deep Freeze - Advanced Deck,Advanced Deck,Other,TMP,1997-10-14,21.87,"Wrath of God, Adarkar Wastes, Counterspell, Desertion, Impulse"
Deepwood Menace,Theme Deck,Other,MMQ,1999-10-04,249.84,"Thunderclap, Natural Affinity, Vine Trellis, Volcanic Wind, Battle Squadron"
Deepwood Menace - Enhanced Deck,Enhanced Deck,Other,MMQ,1999-10-04,2442.58,"Gaea's Cradle, Deranged Hermit, Treetop Village, Rancor, Collective Unconscious"
Defeat a God,Challenge Deck,Other,TDAG,2014-05-25,4.84,"Xenagos Ascended, Xenagos's Strike, Rip to Pieces, Impulsive Charge, Xenagos's Scorn"
Defenders of the Cause,Theme Deck,Other,ATH,1998-11-01,32.5,"Armageddon, Swords to Plowshares, Pendelhaven, Mirri, Cat Warrior, Brushland"
Demo Booster Player 1,Welcome Booster,Other,9ED,2005-07-29,7.87,"Grizzly Bears, Forest, Forest, Forest, Plains"
Demo Booster Player 2,Welcome Booster,Other,9ED,2005-07-29,8.62,"Mountain, Mountain, Swamp, Swamp, Mountain"
Demo deck A,Demo Deck,Other,P02,1998-06-24,4.12,"Forest, Island, Island, Plains, Plains"
Demo deck B,Demo Deck,Other,POR,1997-05-01,8.41,"Cloud Pirates, Feral Shadow, Storm Crow, Snapping Drake, Island"
Demonic,Duel Deck,Other,DVD,2014-12-05,88.17,"Demonic Tutor, Dark Ritual, Stinkweed Imp, Soot Imp, Abyssal Gatekeeper"
Demonic Deals,Intro Pack,Other,ORI,2015-07-17,14.42,"Chandra's Ignition, Fiery Impulse, Kothophed, Soul Hoarder, Malakir Cullblade, Fleshbag Marauder"
Demons 1,Jumpstart,Other,J22,2022-12-02,0.0,"Demon's Disciple, Kothophed, Soul Hoarder, Inner Demon, Infernal Idol, Disciple of Perdition"
Demons 2,Jumpstart,Other,J22,2022-12-02,1.98,"Seizan, Perverter of Truth, Dreadhound, Demon's Disciple, Demon of Catastrophes, Infernal Idol"
Depths of Power,Intro Pack,Other,M13,2012-07-13,29.08,"Elixir of Immortality, Archaeomancer, Stormtide Leviathan, Mindclaw Shaman, Ring of Evos Isle"
Desert Oasis,Arena Starter Deck,Other,OTJ,2024-07-08,57.55,"Bristly Bill, Spine Sower, Hedge Maze, Case of the Locked Hothouse, Sentinel of the Nameless City, Bonny Pall, Clearcutter"
Desperate Stand,Intro Pack,Other,OGW,2016-01-22,6.89,"Cliffhaven Vampire, Drana's Emissary, Kalastria Healer, Malakir Soothsayer, Expedition Envoy"
Destructive Firepower,Arena Starter Deck,Other,ANB,2020-03-12,2.95,"Dreadhorde Arcanist, Drakuseth, Maw of Flames, Chandra's Outrage, Fire Urchin, Spellgorger Weird"
Detective 1,Jumpstart,Other,J22,2022-12-02,4.52,"Mechanized Production, Jace's Scrutiny, Hold for Questioning, Thriving Isle, Vedalken Engineer"
Detective 2,Jumpstart,Other,J22,2022-12-02,26.88,"Teferi's Puzzle Box, Psychosis Crawler, Jace's Scrutiny, Hold for Questioning, Thriving Isle"
Detective 3,Jumpstart,Other,J22,2022-12-02,0.0,"Shimmer Dragon, Jace's Scrutiny, Hold for Questioning, Thriving Isle, Vedalken Engineer"
Detective 4,Jumpstart,Other,J22,2022-12-02,10.0,"Tamiyo, the Moon Sage, Tamiyo's Journal, Jace's Scrutiny, Hold for Questioning, Thriving Isle"
Devastation,Theme Deck,Other,ONS,2002-10-07,269.53,"Naturalize, Cryptic Gateway, Tranquil Thicket, Explosive Vegetation, Forgotten Cave"
Devilish (1),Jumpstart,Other,JMP,2020-07-17,0.0,"Zurzoth, Chaos Rider, Traitorous Greed, Dance with Devils, Pitchburn Devils, Havoc Jester"
Devilish (2),Jumpstart,Other,JMP,2020-07-17,0.0,"Zurzoth, Chaos Rider, Traitorous Greed, Pitchburn Devils, Havoc Jester, Hobblefiend"
Devilish (3),Jumpstart,Other,JMP,2020-07-17,2.7,"Brash Taunter, Traitorous Greed, Dance with Devils, Pitchburn Devils, Havoc Jester"
Devilish (4),Jumpstart,Other,JMP,2020-07-17,2.83,"Hellrider, Traitorous Greed, Sin Prodder, Pitchburn Devils, Havoc Jester"
Devotion to Darkness,Intro Pack,Other,THS,2013-09-27,22.46,"Whip of Erebos, Gray Merchant of Asphodel, Island, Island, Swamp"
Devouring Skies,Intro Pack,Other,NPH,2011-05-13,86.34,"Argentum Armor, Brass Squire, Silver Myr, Swamp, Swamp"
Diabolical Dioramas,Secret Lair Drop,Other,SLD,2024-04-15,49.53,"Aura Shards, Fiend Artisan, Gravebreaker Lamia, Karador, Ghost Chieftain"
Diabolical Dioramas Foil Edition,Secret Lair Drop,Other,SLD,2024-04-15,58.24,"Aura Shards, Fiend Artisan, Gravebreaker Lamia, Karador, Ghost Chieftain"
Dimir,Guild Kit,Other,GK1,2018-11-02,8.57,"Glimpse the Unthinkable, Dimir Signet, Etrata, the Silencer, Price of Fame, Mission Briefing"
Dimir Control,Pioneer Challenger Deck,Other,Q08,2022-11-04,49.74,"Watery Grave, Narset, Parter of Veils, Drowned Catacomb, Mystical Dispute, Fatal Push"
Dimir Dementia,Intro Pack,Other,GTC,2013-02-01,24.28,"Duskmantle Guildmage, Whispering Madness, Jace's Phantasm, Dimir Keyrune, Wight of Precinct Six"
Dimir Intrigues,Theme Deck,Other,RAV,2005-10-07,52.0,"Dimir Aqueduct, Dimir Signet, Dimir Infiltrator, Szadek, Lord of Secrets, Dimir House Guard"
Dimir Manipulation,Arena Starter Deck,Other,DOM,2018-03-22,38.94,"Nezahal, Primal Tide, Tetzimoc, Primal Death, Ravenous Chupacabra, Overflowing Insight, Censor"
Dimir Rogue,Challenger Deck,Other,Q05,2021-04-02,23.7,"Malakir Rebirth // Malakir Mire, Rankle, Master of Pranks, Swamp, Drown in the Loch, Island"
Dinner,Jumpstart,Other,J25,2024-11-07,3.26,"Tireless Provisioner, Hurska Sweet-Tooth, Trail of Crumbs, Gingerbrute, Giant Opportunity"
Dino Might,Arena Starter Deck,Other,OTJ,2024-07-08,46.61,"Ghalta, Stampede Tyrant, Commercial District, Trumpeting Carnosaur, Hulking Raptor, Pugnacious Hammerskull"
Dinosaurs (1),Jumpstart,Other,J25,2024-11-07,0.0,"Ghalta, Primal Hunger, Rampant Growth, Commune with Dinosaurs, Thrashing Brontodon, Thundering Spineback"
Dinosaurs (2),Jumpstart,Other,J25,2024-11-07,0.0,"Ghalta, Primal Hunger, Topiary Stomper, Rampant Growth, Commune with Dinosaurs, Cherished Hatchling"
Dinosaurs (3),Jumpstart,Other,JMP,2020-07-17,2.43,"Cultivate, Ghalta, Primal Hunger, Forest, Ornery Dilophosaur, Colossal Dreadmaw"
Dinosaurs (4),Jumpstart,Other,JMP,2020-07-17,1.75,"Garruk's Uprising, Forest, Ornery Dilophosaur, Primal Might, Colossal Dreadmaw"
Discarding (1),Jumpstart,Other,JMP,2020-07-17,15.69,"Tinybones, Trinket Thief, Fell Specter, Ravenous Chupacabra, Swamp, Swamp"
Discarding (2),Jumpstart,Other,JMP,2020-07-17,1.1,"Fell Specter, Ravenous Chupacabra, Swamp, Liliana's Reaver, Nyxathid"
Dismissal,Theme Deck,Other,INV,2000-10-02,347.43,"Opt, Disrupt, Prohibit, Ravenous Rats, Island"
Disrupter,Theme Deck,Other,MMQ,1999-10-04,718.27,"Dark Ritual, Snuff Out, Thunderclap, Thrashing Wumpus, Vendetta"
Disrupter - Enhanced Deck,Enhanced Deck,Other,MMQ,1999-10-04,710.1,"Dark Ritual, Snuff Out, Thunderclap, Thrashing Wumpus, Vendetta"
Dissension Foil Redemption,MTGO Redemption,Other,DIS,2006-06-04,2043.78,"Hallowed Fountain, Blood Crypt, Breeding Pool, Psychic Possession, Grand Arbiter Augustin IV"
Dissension Redemption,MTGO Redemption,Other,DIS,2006-06-04,2043.78,"Hallowed Fountain, Blood Crypt, Breeding Pool, Psychic Possession, Grand Arbiter Augustin IV"
Distress,Theme Deck,Other,PCY,2000-06-05,940.48,"Dark Ritual, Avatar of Woe, Snuff Out, Peat Bog, Seal of Cleansing"
Divine,Duel Deck,Other,DVD,2014-12-05,8.77,"Akroma, Angel of Wrath, Reya Dawnbringer, Luminous Angel, Pacifism, Twilight Shepherd"
Doctor (1),Jumpstart,Other,JMP,2020-07-17,4.62,"Light of Promise, Speaker of the Heavens, Plains, Swift Response, Plains"
Doctor (2),Jumpstart,Other,JMP,2020-07-17,4.62,"Light of Promise, Speaker of the Heavens, Secure the Scene, Plains, Swift Response"
Doctor (3),Jumpstart,Other,JMP,2020-07-17,5.59,"Light of Promise, Rhox Faithmender, Plains, Swift Response, Plains"
Doctor (4),Jumpstart,Other,JMP,2020-07-17,0.0,"Cradle of Vitality, Plains, Swift Response, Plains, Brightmare"
Doctor Who: Regeneration,Secret Lair Drop,Other,SLD,2024-04-09,236.31,"The Fourteenth Doctor, The Meep, The Fifteenth Doctor, The Celestial Toymaker, Rose Noble"
Doctor Who: Regeneration Foil Edition,Secret Lair Drop,Other,SLD,2024-04-09,236.31,"The Fourteenth Doctor, The Meep, The Fifteenth Doctor, The Celestial Toymaker, Rose Noble"
Doctor Who: The Dalek Lands,Secret Lair Drop,Other,SLD,2023-12-18,46.2,"Spirebluff Canal, Botanical Sanctum, Blooming Marsh, Concealed Courtyard, Inspiring Vantage"
Doctor Who: The Dalek Lands Foil Edition,Secret Lair Drop,Other,SLD,2023-12-18,46.2,"Spirebluff Canal, Botanical Sanctum, Blooming Marsh, Concealed Courtyard, Inspiring Vantage"
Doctor Who: The Weeping Angels,Secret Lair Drop,Other,SLD,2023-12-18,43.62,"Blinding Angel, Angel of Serenity, Angel of the Ruins, Restoration Angel, Sublime Archangel"
Doctor Who: The Weeping Angels Foil Edition,Secret Lair Drop,Other,SLD,2023-11-30,43.62,"Blinding Angel, Angel of Serenity, Angel of the Ruins, Restoration Angel, Sublime Archangel"
Dogs (1),Jumpstart,Other,JMP,2020-07-17,3.99,"Plains, Selfless Savior, Pack Leader, Secure the Scene, Plains"
Dogs (2),Jumpstart,Other,JMP,2020-07-17,4.75,"Plains, Isamaru, Hound of Konda, Pack Leader, Secure the Scene, Plains"
Dogs Are Better Than Cats,Secret Lair Drop,Other,SLD,2025-03-18,87.68,"Arcane Signet, Basilisk Collar, Titanic Ultimatum, Rip Apart, Escape to the Wilds"
Dogs Are Better Than Cats Foil Edition,Secret Lair Drop,Other,SLD,2025-03-18,87.68,"Arcane Signet, Basilisk Collar, Titanic Ultimatum, Rip Apart, Escape to the Wilds"
Domain,Theme Deck,Other,PLS,2001-02-05,294.94,"Quirion Dryad, Harrow, Island, Island, Magnigoth Treefolk"
Dome Destruction,Arena Starter Deck,Other,ANB,2019-09-26,2.95,"Dreadhorde Arcanist, Drakuseth, Maw of Flames, Chandra's Outrage, Meteor Golem, Spellgorger Weird"
Dominaria Bundle Land Pack,Bundle Land Pack,Other,DOM,2018-04-27,0.0,"Plains, Island, Swamp, Mountain, Mountain"
Dominaria Foil Redemption,MTGO Redemption,Other,DOM,2018-05-27,492.03,"Mox Amber, Cabal Stronghold, Helm of the Host, Teferi, Hero of Dominaria, Unwind"
Dominaria Redemption,MTGO Redemption,Other,DOM,2018-05-27,492.03,"Mox Amber, Cabal Stronghold, Helm of the Host, Teferi, Hero of Dominaria, Unwind"
Dominaria United Bundle Land Pack,Bundle Land Pack,Other,DMU,2022-09-09,0.0,"Swamp, Swamp, Mountain, Mountain, Plains"
Dominaria United Foil Redemption,MTGO Redemption,Other,DMU,2022-09-28,247.33,"Sheoldred, the Apocalypse, Timeless Lotus, Plaza of Heroes, Silverback Elder, Vodalian Hexcatcher"
Dominaria United Redemption,MTGO Redemption,Other,DMU,2022-09-28,247.33,"Sheoldred, the Apocalypse, Timeless Lotus, Plaza of Heroes, Silverback Elder, Vodalian Hexcatcher"
Dominaria United Welcome Booster,Welcome Booster,Other,DMU,2022-09-09,4.71,"Blackblade Reforged, Ajani, the Greathearted, Phylath, World Sculptor, Ertai's Scorn, Commander's Sphere"
Dominator - Advanced Deck,Advanced Deck,Other,EXO,1998-06-15,123.01,"Wasteland, Undiscovered Paradise, Winter Orb, Propaganda, Fellwar Stone"
Dominator - Basic Deck,Theme Deck,Other,EXO,1998-06-15,18.55,"Propaganda, Counterspell, Equilibrium, Erratic Portal, Dominating Licid"
"Domri, City Smasher",Planeswalker Deck,Other,RNA,2019-01-25,2.97,"Mountain, End-Raze Forerunners, Forest, Domri, City Smasher, Gruul Guildgate"
Donatello,Theme Deck,Other,TMT,2026-03-06,9.79,"Utrom Monitor, April O'Neil, Human Element, Sewer-veillance Cam, Donatello, Rad Scientist, Donnie & April, Adorkable Duo"
Doom Inevitable,Intro Pack,Other,MBS,2011-02-04,36.31,"Psychosis Crawler, Myr Sire, Bonehoard, Contagion Clasp, Steady Progress"
"Dovin, Architect of Law",Planeswalker Deck,Other,RNA,2019-01-25,17.38,"Verity Circle, Unbreakable Formation, Dovin, Architect of Law, Arrester's Zeal, Azorius Guildgate"
Draconic Fury,Game Night Deck,Other,GN2,2019-11-15,26.3,"Glint-Horn Buccaneer, Fiendish Duo, Dragon Mage, Lathliss, Dragon Queen, Drakuseth, Maw of Flames"
Dracur,Shandalar Enemy Deck,Other,PAST,1997-04-01,10729.62,"Black Lotus, Mox Emerald, Mountain, Strip Mine, Desert Twister"
Dragon's Endgame,San Diego Comic Con Promos,Other,PS19,2019-07-18,216.86,"Nicol Bolas, Dragon-God, God-Eternal Oketra, God-Eternal Bontu, God-Eternal Kefnet, God-Eternal Rhonas"
Dragon's Fire,Arena Starter Deck,Other,M19,2018-09-27,12.75,"Lathliss, Dragon Queen, Goblin Instigator, Spit Flame, Charging Monstrosaur, Demanding Dragon"
Dragon's Maze Foil Redemption,MTGO Redemption,Other,DGM,2013-06-02,233.32,"Hidden Strings, Render Silent, Voice of Resurgence, Progenitor Mimic, Blood Baron of Vizkopa"
Dragon's Maze Redemption,MTGO Redemption,Other,DGM,2013-06-02,233.32,"Hidden Strings, Render Silent, Voice of Resurgence, Progenitor Mimic, Blood Baron of Vizkopa"
Dragons,Duel Deck,Other,DDG,2011-04-01,21.19,"Seething Song, Dragonspeaker Shaman, Bloodmark Mentor, Bogardan Hellkite, Kilnmouth Dragon"
Dragons (1),Jumpstart,Other,J25,2024-11-07,0.0,"Lathliss, Dragon Queen, Carnelian Orb of Dragonkind, Firespitter Whelp, Dragon's Fire, Seize the Spoils"
Dragons (2),Jumpstart,Other,JMP,2020-07-17,0.0,"Lathliss, Dragon Queen, Gadrak, the Crown-Scourge, Dragonlord's Servant, Dragon Fodder, Mountain"
Dragons 1,Jumpstart,Other,J22,2022-12-02,0.0,"Sarkhan, the Dragonspeaker, Dragon Mage, Thriving Bluff, Dragon Fodder, Sarkhan's Whelp"
Dragons 2,Jumpstart,Other,J22,2022-12-02,4.15,"Dragonspeaker Shaman, Lathliss, Dragon Queen, Dragon's Hoard, Dragon Mage, Dragonlord's Servant"
Dragons of Tarkir Fat Pack Land Pack,Bundle Land Pack,Other,DTK,2015-03-27,7.89,"Plains, Island, Forest, Island, Mountain"
Dragons of Tarkir Foil Redemption,MTGO Redemption,Other,DTK,2015-04-26,401.39,"Shaman of Forgotten Ways, Haven of the Spirit Dragon, Dragonlord Dromoka, Sarkhan Unbroken, Narset Transcendent"
Dragons of Tarkir Redemption,MTGO Redemption,Other,DTK,2015-04-26,401.39,"Shaman of Forgotten Ways, Haven of the Spirit Dragon, Dragonlord Dromoka, Sarkhan Unbroken, Narset Transcendent"
Draw Your Hand,Secret Lair Drop,Other,SLD,2023-04-14,67.97,"Counterbalance, Deafening Silence, Eldrazi Conscription, Bruna, Light of Alabaster"
Draw Your Hand Foil Edition,Secret Lair Drop,Other,SLD,2023-04-14,67.97,"Counterbalance, Deafening Silence, Eldrazi Conscription, Bruna, Light of Alabaster"
Dreaming Darkly,Secret Lair Drop,Other,SLD,2025-10-27,42.05,"Guardian Project, Glen Elendra Archmage, Soulherder, Roon of the Hidden Realm"
Dreaming Darkly Foil Edition,Secret Lair Drop,Other,SLD,2025-10-27,42.05,"Guardian Project, Glen Elendra Archmage, Soulherder, Roon of the Hidden Realm"
Drowned (1),Jumpstart,Other,J25,2024-11-07,1.51,"Neerdiv, Devious Diver, Ipnu Rivulet, Island, Wall of Lost Thoughts, Shipwreck Dowser"
Drowned (2),Jumpstart,Other,J25,2024-11-07,1.51,"Neerdiv, Devious Diver, Cackling Counterpart, Waker of Waves, Island, Wall of Lost Thoughts"
Druid,Shandalar Enemy Deck,Other,PAST,1997-04-01,208.58,"Mishra's Factory, Killer Bees, Oasis, Nafs Asp, Instill Energy"
Dungeon Delving,Arena Starter Deck,Other,AFR,2021-09-24,10.93,"Acererak the Archlich, Brightclimb Pathway // Grimclimb Pathway, Triumphant Adventurer, Vanishing Verse, Nullpriest of Oblivion"
Dungeons & Dragons: An Exhibition of Adventure,Secret Lair Drop,Other,SLD,2024-08-28,102.48,"Goldspan Dragon, Ponder, Monster Manual // Zoological Study, Acererak the Archlich, Faithless Looting"
Dungeons & Dragons: An Exhibition of Adventure Foil Edition,Secret Lair Drop,Other,SLD,2024-08-28,102.48,"Goldspan Dragon, Ponder, Monster Manual // Zoological Study, Acererak the Archlich, Faithless Looting"
Dungeons & Dragons: Astarion's Thirst,Secret Lair Drop,Other,SLD,2024-08-28,153.21,"Exquisite Blood, Astarion, the Decadent, Sanguine Bond, Anguished Unmaking, Mortify"
Dungeons & Dragons: Astarion's Thirst Foil Edition,Secret Lair Drop,Other,SLD,2024-08-28,153.21,"Exquisite Blood, Astarion, the Decadent, Sanguine Bond, Anguished Unmaking, Mortify"
Dungeons & Dragons: Black Lights & Dark Dungeons,Secret Lair Drop,Other,SLD,2026-03-02,100.28,"Displacer Kitten, Tortured Existence, Seasoned Dungeoneer, Sefris of the Hidden Ways"
Dungeons & Dragons: Black Lights & Dark Dungeons Foil Edition,Secret Lair Drop,Other,SLD,2026-03-02,100.28,"Displacer Kitten, Tortured Existence, Seasoned Dungeoneer, Sefris of the Hidden Ways"
Dungeons & Dragons: Death is in the Eyes of the Beholder I,Secret Lair Drop,Other,SLD,2024-08-28,38.94,"Stifle, Bribery, Xanathar, Guild Kingpin, Blood Money, Drown in the Loch"
Dungeons & Dragons: Death is in the Eyes of the Beholder I Foil Edition,Secret Lair Drop,Other,SLD,2024-08-28,38.94,"Stifle, Bribery, Xanathar, Guild Kingpin, Blood Money, Drown in the Loch"
Dungeons & Dragons: Death is in the Eyes of the Beholder II,Secret Lair Drop,Other,SLD,2024-08-28,45.47,"Karazikar, the Eye Tyrant, Snuff Out, Fire Covenant, Oubliette, Defile"
Dungeons & Dragons: Death is in the Eyes of the Beholder II Foil Edition,Secret Lair Drop,Other,SLD,2024-08-28,45.47,"Karazikar, the Eye Tyrant, Snuff Out, Fire Covenant, Oubliette, Defile"
Dungeons & Dragons: Gale's Ambition,Secret Lair Drop,Other,SLD,2026-03-02,31.56,"Arcane Denial, Personal Tutor, Archmage's Charm, Brainstorm, Gale, Waterdeep Prodigy"
Dungeons & Dragons: Gale's Ambition Foil Edition,Secret Lair Drop,Other,SLD,2026-03-02,31.56,"Arcane Denial, Personal Tutor, Archmage's Charm, Brainstorm, Gale, Waterdeep Prodigy"
Dungeons & Dragons: Honor Among Thieves,Secret Lair Drop,Other,SLD,2023-03-31,93.63,"Casal, Lurkwood Pathfinder // Casal, Pathbreaker Owlbear, Bohn, Beguiling Balladeer, Rashel, Fist of Torm, Evin, Waterdeep Opportunist, Mathise, Surge Channeler"
Dungeons & Dragons: Honor Among Thieves Foil Edition,Secret Lair Drop,Other,SLD,2023-03-31,93.63,"Casal, Lurkwood Pathfinder // Casal, Pathbreaker Owlbear, Bohn, Beguiling Balladeer, Rashel, Fist of Torm, Evin, Waterdeep Opportunist, Mathise, Surge Channeler"
Dungeons & Dragons: Karlach's Rage,Secret Lair Drop,Other,SLD,2024-08-28,122.5,"Karlach, Fury of Avernus, Dolmen Gate, City on Fire, Stranglehold, Thrill of Possibility"
Dungeons & Dragons: Karlach's Rage Foil Edition,Secret Lair Drop,Other,SLD,2024-08-28,122.5,"Karlach, Fury of Avernus, Dolmen Gate, City on Fire, Stranglehold, Thrill of Possibility"
Dungeons & Dragons: Lands of the Forgotten Realms,Secret Lair Drop,Other,SLD,2026-03-02,33.17,"Swamp, Island, Forest, Mountain, Plains"
Dungeons & Dragons: Lands of the Forgotten Realms Foil Edition,Secret Lair Drop,Other,SLD,2026-03-02,33.17,"Swamp, Island, Forest, Mountain, Plains"
Dungeons & Dragons: Shadowheart's Devotion,Secret Lair Drop,Other,SLD,2026-03-02,74.09,"Ancient Bronze Dragon, Shadowheart, Dark Justiciar, Beseech the Queen, Victimize, Black Market"
Dungeons & Dragons: Shadowheart's Devotion Foil Edition,Secret Lair Drop,Other,SLD,2026-03-02,74.09,"Ancient Bronze Dragon, Shadowheart, Dark Justiciar, Beseech the Queen, Victimize, Black Market"
Dungeons & Dragons: Shadows Over Baldur's Gate,Secret Lair Drop,Other,SLD,2026-03-02,55.33,"Grim Hireling, Xorn, Prosper, Tome-Bound, Wild-Magic Sorcerer"
Dungeons & Dragons: Shadows Over Baldur's Gate Foil Edition,Secret Lair Drop,Other,SLD,2026-03-02,55.33,"Grim Hireling, Xorn, Prosper, Tome-Bound, Wild-Magic Sorcerer"
Dungeons & Dragons: Strahd's Descent,Secret Lair Drop,Other,SLD,2026-03-02,58.53,"Bloodletter of Aclazotz, Strefan, Maurer Progenitor, End the Festivities, Voldaren Estate"
Dungeons & Dragons: Strahd's Descent Foil Edition,Secret Lair Drop,Other,SLD,2026-03-02,58.53,"Bloodletter of Aclazotz, Strefan, Maurer Progenitor, End the Festivities, Voldaren Estate"
Dungeons & Dragons: Whispers in Candlekeep,Secret Lair Drop,Other,SLD,2026-03-02,78.86,"Miirym, Sentinel Wyrm, Klauth, Unrivaled Ancient, Counterspell, Dragonborn Champion"
Dungeons & Dragons: Whispers in Candlekeep Foil Edition,Secret Lair Drop,Other,SLD,2026-03-02,78.86,"Miirym, Sentinel Wyrm, Klauth, Unrivaled Ancient, Counterspell, Dragonborn Champion"
Duskmourn: House of Horror Bundle Land Pack,Bundle Land Pack,Other,DSK,2024-09-27,2.76,"Swamp, Swamp, Forest, Forest, Island"
Duskmourn: House of Horror Redemption,MTGO Redemption,Other,DSK,2024-10-16,310.89,"Overlord of the Balemurk, Valgavoth, Terror Eater, Enduring Vitality, Abhorrent Oculus, Enduring Tenacity"
Dwarf Fortress: Create New World,Secret Lair Drop,Other,SLD,2026-05-12,31.16,"Terror of the Peaks, Rogue's Passage, Secret Rendezvous, Communal Brewing, Rune-Scarred Demon"
Dwarf Fortress: Create New World Foil Edition,Secret Lair Drop,Other,SLD,2026-05-12,31.16,"Terror of the Peaks, Rogue's Passage, Secret Rendezvous, Communal Brewing, Rune-Scarred Demon"
EVERYTHING IS ON FIRE,Secret Lair Drop,Other,SLD,2025-05-13,49.14,"Dragon's Rage Channeler, Chain Lightning, Lava Spike, Rift Bolt, Skewer the Critics"
EVERYTHING IS ON FIRE Foil Edition,Secret Lair Drop,Other,SLD,2025-05-13,49.14,"Dragon's Rage Channeler, Chain Lightning, Lava Spike, Rift Bolt, Skewer the Critics"
EVERYTHING IS ON FIRE Raised Foil Edition,Secret Lair Drop,Other,SLD,2025-05-13,73.03,"Dragon's Rage Channeler, Chain Lightning, Rift Bolt, Lava Spike, Skewer the Critics"
Ears of the Elves,Duel Of The Planeswalkers Deck,Other,DPA,2010-06-04,58.56,"Coat of Arms, Elvish Champion, Elvish Promenade, Immaculate Magistrate, Gaea's Herald"
Earth Kingdom (1),Jumpstart,Other,TLE,2025-11-20,5.47,"Descendants' Path, Match the Odds, Forest, Toph, the Blind Bandit, Mechanical Glider"
Earth Kingdom (2),Jumpstart,Other,TLE,2025-11-20,6.74,"Descendants' Path, Great Divide Guide, Origin of Metalbending, Forest, Toph, the Blind Bandit"
Earth Rumble (1),Jumpstart,Other,TLE,2025-11-20,1.48,"Master's Guidance, Forest, Toph, the Blind Bandit, The Boulder, Ready to Rumble, Hog-Monkey Rampage"
Earth Rumble (2),Jumpstart,Other,TLE,2025-11-20,11.23,"Frog-Squirrels, Bosco, Just a Bear, The Earth King, Origin of Metalbending, Master's Guidance"
Earth Shakers,Starter Kit,Other,SNC,2022-06-03,2.34,"Glorious Sunrise, Thundering Raiju, Topiary Stomper, Ascendant Packleader, Abrade"
Earthbending (1),Jumpstart,Other,TLE,2025-11-20,6.03,"Earthbender Ascension, Explore, Inspiring Call, Forest, Toph, the Blind Bandit"
Earthbending (2),Jumpstart,Other,TLE,2025-11-20,17.46,"Solid Ground, Tale of Katara and Toph, Frog-Squirrels, Explore, Forest"
Edge of Eternities Bundle Land Pack,Bundle Land Pack,Other,EOE,2025-08-01,17.94,"Mountain, Mountain, Swamp, Swamp, Forest"
Edge of Eternities Redemption,MTGO Redemption,Other,EOE,2025-08-27,315.58,"Quantum Riddler, Ouroboroid, Tezzeret, Cruel Captain, Evendo, Waking Haven, Icetill Explorer"
Eerie,Theme Deck,Other,SOS,2026-04-24,12.17,"Enduring Innocence, Sheltered by Ghosts, Silent Hallcreeper, Valgavoth's Lair, Ethereal Armor"
Eighth Edition Foil Redemption,MTGO Redemption,Other,8ED,2003-08-27,2348.29,"Grave Pact, Birds of Paradise, City of Brass, Intruder Alarm, Mana Clash"
Eighth Edition Redemption,MTGO Redemption,Other,8ED,2003-08-27,2348.29,"Grave Pact, Birds of Paradise, City of Brass, Intruder Alarm, Mana Clash"
Eldraine Wonderland,Secret Lair Drop,Other,SLD,2019-12-04,32.09,"Snow-Covered Forest, Snow-Covered Island, Snow-Covered Plains, Snow-Covered Swamp, Snow-Covered Mountain"
Eldrazi,Deck Builder's Toolkit,Other,ROE,2010-05-21,45.59,"Emrakul's Hatcher, Artisan of Kozilek, Hand of Emrakul, Pathrazer of Ulamog, Brood Birthing"
Eldrazi Arisen,Intro Pack,Other,ROE,2010-04-23,54.81,"Awakening Zone, Hand of Emrakul, Growth Spasm, Ulamog's Crusher, Pathrazer of Ulamog"
Eldrazi Assault,Intro Pack,Other,BFZ,2015-10-02,2.45,"Nettle Drone, Forerunner of Slaughter, Vile Aggregate, Evolving Wilds, Touch of the Void"
Eldritch Moon Foil Redemption,MTGO Redemption,Other,EMN,2016-08-21,282.41,"Gisela, the Broken Blade // Brisela, Voice of Nightmares, Emrakul, the Promised End, Sigarda's Aid, Geier Reach Sanitarium, Tree of Perdition"
Eldritch Moon Redemption,MTGO Redemption,Other,EMN,2016-08-21,282.41,"Gisela, the Broken Blade // Brisela, Voice of Nightmares, Emrakul, the Promised End, Sigarda's Aid, Geier Reach Sanitarium, Tree of Perdition"
Eldritch Onslaught,Intro Pack,Other,ISD,2011-09-30,24.49,"Ghoulcaller's Bell, Mountain, Island, Think Twice, Island"
Elemental Thunder,Planechase Deck,Other,HOP,2009-09-04,26.26,"Flamekin Harbinger, Relentless Assault, Mage Slayer, Taurean Mauler, Forest"
Elementalist,Shandalar Enemy Deck,Other,PAST,1997-04-01,360.74,"Mountain, Mana Vault, Energy Flux, Unstable Mutation, Drain Power"
Elementals' Path,Theme Deck,Other,LRW,2007-10-12,248.17,"Springleaf Drum, Horde of Notions, Flamekin Harbinger, Island, Swamp"
Elspeth,Planeswalker Deck,Other,THB,2020-01-24,0.0,"Elspeth, Undaunted Hero, Archon of Falling Stars, Daxos, Blessed by the Sun, Karametra's Blessing, Taranika, Akroan Veteran"
Elven 1,Jumpstart,Other,LTR,2023-11-03,7.01,"Entish Restoration, Lembas, Mirkwood Channeler, Stew the Coneys, Shower of Arrows"
Elven 2,Jumpstart,Other,LTR,2023-11-03,1.12,"Mirkwood Channeler, Mirkwood Spider, Revive the Shire, Bombadil's Song, Quickbeam, Upstart Ent"
Elves,Deck Builder's Toolkit,Other,MBS,2011-03-11,49.84,"Joraga Treespeaker, Arbor Elf, Lead the Stampede, Copperhorn Scout, Greenweaver Druid"
Elves (1),Jumpstart,Other,JMP,2020-07-17,20.67,"Craterhoof Behemoth, Elvish Archdruid, Llanowar Visionary, Presence of Gond, Forest"
Elves (2),Jumpstart,Other,J25,2024-11-07,19.77,"Dionus, Elvish Archdruid, Llanowar Elves, Elvish Archdruid, Bounty of Skemfar, Elvish Visionary"
Elves (3),Jumpstart,Other,J25,2024-11-07,24.56,"Dionus, Elvish Archdruid, Marwyn, the Nurturer, Llanowar Elves, Thornweald Archer, Bounty of Skemfar"
Elves (4),Jumpstart,Other,J25,2024-11-07,24.54,"Dionus, Elvish Archdruid, Tyvar Kell, Llanowar Elves, Ivy Lane Denizen, Voice of the Woods"
Elves 1,Jumpstart,Other,J22,2022-12-02,5.64,"Elvish Warmaster, Primeval Herald, Reclamation Sage, Elvish Rejuvenator, Ivy Lane Denizen"
Elves 2,Jumpstart,Other,J22,2022-12-02,1.08,"Primeval Herald, Imperious Perfect, Elvish Rejuvenator, Ivy Lane Denizen, Elven Bow"
Elves 3,Jumpstart,Other,J22,2022-12-02,21.34,"Wolverine Riders, Lys Alana Huntmaster, Instruments of War, Woodland Champion, Elvish Rejuvenator"
Elves 4,Jumpstart,Other,J22,2022-12-02,0.0,"Presence of Gond, Wildborn Preserver, Woodland Champion, Elvish Rejuvenator, Ivy Lane Denizen"
Elves!,Deck Builder's Toolkit,Other,ROE,2010-05-21,6.55,"Llanowar Elves, Greenweaver Druid, Overrun, Nissa's Chosen, Ogre's Cleaver"
Elvish Magi,Shandalar Enemy Deck,Other,PAST,1997-04-01,42.1,"Winter Blast, Elven Riders, Untamed Wilds, Jayemdae Tome, Elvish Archers"
Elvish Predation,Theme Deck,Other,LRW,2007-10-12,217.81,"Elvish Promenade, Prowess of the Fair, Elvish Harbinger, Nath of the Gilt-Leaf, Swamp"
Elvish Rage,Theme Deck,Other,LGN,2003-02-03,224.6,"Wellwisher, Timberwatch Elf, Tribal Forcemage, Wirewood Channeler, Birchlore Rangers"
Enchanted (1),Jumpstart,Other,J25,2024-11-07,0.0,"Psemilla, Meletian Poet, Chosen by Heliod, Spirited Companion, Captivating Unicorn, Eidolon of Astral Winds"
Enchanted (2),Jumpstart,Other,JMP,2020-07-17,10.71,"Celestial Mantle, Ajani's Chosen, Plains, Trusty Retriever, Face of Divinity"
Enchanted (3),Jumpstart,Other,J25,2024-11-07,0.0,"Nykthos Paragon, Psemilla, Meletian Poet, Starfield Mystic, Divine Favor, Sunblade Samurai"
Enchanted (4),Jumpstart,Other,J25,2024-11-07,0.0,"Archon of Sun's Grace, Psemilla, Meletian Poet, Spirited Companion, Angelic Gift, Sunblade Samurai"
Enchanter,Theme Deck,Other,UDS,1999-06-07,408.04,"Mother of Runes, Sigil of Sleep, Miscalculation, Rayne, Academy Chancellor, Thran Golem"
Enchanter - Enhanced Deck,Enhanced Deck,Other,UDS,1999-06-07,358.26,"Mother of Runes, Time Spiral, Miscalculation, Rayne, Academy Chancellor, Ertai, Wizard Adept"
Enchantress,Shandalar Enemy Deck,Other,PAST,1997-04-01,95.8,"Desert Twister, Ivory Tower, Library of Leng, Coral Helm, Instill Energy"
Encounter (1),Jumpstart,Other,J25,2024-11-07,0.0,"Forgotten Ancient, Biogenic Upgrade, Jiang Yanggu, Wildcrafter, Servant of the Scale, Spined Tyrranax"
Encounter (2),Jumpstart,Other,J25,2024-11-07,0.0,"Invigorating Surge, Oran-Rief Ooze, Jiang Yanggu, Wildcrafter, Spined Tyrranax, Mowu, Loyal Companion"
Encounter (3),Jumpstart,Other,J25,2024-11-07,0.0,"Rishkar, Peema Renegade, Biogenic Upgrade, Jiang Yanggu, Wildcrafter, Servant of the Scale, Spined Tyrranax"
Encounter (4),Jumpstart,Other,J25,2024-11-07,0.0,"Primeval Bounty, Pridemalkin, Quirion Beastcaller, Jiang Yanggu, Wildcrafter, Mowu, Loyal Companion"
Endless Hordes,Game Night Deck,Other,GN2,2019-11-15,24.86,"Vilis, Broker of Blood, Dread Presence, Blood for Bones, Calculating Lich, Liliana's Mastery"
Endless March,Theme Deck,Other,PLC,2007-02-02,88.02,"Children of Korlis, Dawn Charm, Dust Elemental, Fatal Frenzy, Dead // Gone"
Enemy Deck,Enemy Deck,Other,TMT,2026-03-06,0.0,
Enlightened Mastery,Intro Pack,Other,DTK,2015-03-27,5.18,"Plains, Island, Island, Island, Myth Realized"
Entangling Webs,Intro Pack,Other,M12,2011-07-15,18.35,"Hunter's Insight, Rampant Growth, Fling, Mountain, Llanowar Elves"
Eons of Evil,Theme Deck,Other,PS11,2011-01-01,0.0,"Terramorphic Expanse, Terror, Acolyte of Xathrid, Deathbringer Thoctar, Garza Zol, Plague Queen"
Equipped,Jumpstart,Other,MSH,2026-06-26,11.37,"Captain America, Liberator, Captain America's Shield, Bucky Barnes, Eager Ally, Origin of Captain America, U.S.Agent, John Walker"
"Eric Tam, Quarterfinalist",Pro Tour Deck,Other,PTC,1996-05-01,128.59,"City of Brass, Land Tax, Lightning Bolt, Birds of Paradise, Mountain"
Eruption,Theme Deck,Other,NEM,2000-02-14,286.79,"Thunderclap, Seal of Cleansing, Seal of Fire, Volcanic Wind, Disenchant"
Eruption - Enhanced Deck,Enhanced Deck,Other,NEM,2000-02-14,200.11,"Seal of Cleansing, Seal of Fire, Ring of Gix, Armageddon, Reckless Abandon"
Esper Air Assault,Intro Pack,Other,CON,2009-02-06,32.07,"Terramorphic Expanse, Island, Swamp, Inkwell Leviathan, Arcane Sanctum"
Esper Artifice,Intro Pack,Other,ALA,2008-10-03,48.08,"Sharding Sphinx, Etherium Sculptor, Filigree Sages, Island, Swamp"
Eternal Siege,Intro Pack,Other,ARB,2009-04-30,40.54,"Plains, Terramorphic Expanse, Path to Exile, Knight of New Alara, Forest"
Eternal Thirst,Arena Starter Deck,Other,M19,2018-09-27,49.98,"Resplendent Angel, Ajani's Welcome, Legion Lieutenant, Leonin Warleader, Sanctum Seeker"
Eventide Foil Redemption,MTGO Redemption,Other,EVE,2008-08-24,1758.42,"Bloom Tender, Ward of Bones, Ashling, the Extinguisher, Waves of Aggression, Necroskitter"
Eventide Redemption,MTGO Redemption,Other,EVE,2008-08-24,1758.42,"Bloom Tender, Ward of Bones, Ashling, the Extinguisher, Waves of Aggression, Necroskitter"
Every Dog Has Its Day,Secret Lair Drop,Other,SLD,2020-08-26,62.19,"Lightning Greaves, Ancient Grudge, Rest in Peace, Dig Through Time"
Every Dog Has Its Day Foil Edition,Secret Lair Drop,Other,SLD,2020-08-26,62.19,"Lightning Greaves, Ancient Grudge, Rest in Peace, Dig Through Time"
Evincar's Tyranny,Theme Deck,Other,10E,2007-07-13,32.15,"Ascendant Evincar, Mortivore, Diabolic Tutor, Swamp, Terror"
Exalted,Deck Builder's Toolkit,Other,M13,2012-07-13,6.23,"Knight of Glory, Duty-Bound Dead, Knight of Infamy, Aven Squire, Duskmantle Prowler"
Exiler,MTGO Theme Deck,Other,TD0,2010-11-08,0.0,"Stoneforge Mystic, Jötun Grunt, Mangara of Corondor, Serra Avenger, Ethersworn Canonist"
Expendable 1,Jumpstart,Other,MOM,2023-04-20,1.17,"Terror of Towashi, Swamp, Scorn-Blade Berserker, Seer of Stolen Sight, Injector Crocodile"
Expendable 2,Jumpstart,Other,MOM,2023-04-20,3.18,"Corrupted Conviction, Terror of Towashi, Swamp, Scorn-Blade Berserker, Seer of Stolen Sight"
Experimental 1,Jumpstart,Other,J22,2022-12-02,3.46,"Mizzix, Replica Rider, Ignite the Future, Young Pyromancer, Thermo-Alchemist, Thriving Bluff"
Experimental 2,Jumpstart,Other,J22,2022-12-02,3.46,"Mizzix, Replica Rider, Thermo-Alchemist, Thriving Bluff, Spark of Creativity, Mountain"
Explorers (1),Jumpstart,Other,J25,2024-11-07,1.95,"Tireless Provisioner, Braulios of Pheres Band, Explore, Go Forth, Realm Seekers"
Explorers (2),Jumpstart,Other,J25,2024-11-07,0.0,"Primeval Herald, Braulios of Pheres Band, Explore, Tireless Tracker, Go Forth"
Explorers (3),Jumpstart,Other,J25,2024-11-07,0.0,"Braulios of Pheres Band, Explore, Somberwald Beastmaster, Go Forth, Ulvenwald Mysteries"
Explorers (4),Jumpstart,Other,J25,2024-11-07,0.0,"Primeval Herald, Braulios of Pheres Band, Explore, Jadelight Ranger, Go Forth"
Expulsion,Theme Deck,Other,8ED,2003-07-28,24.48,"Megrim, Larceny, Swamp, Swamp, Swamp"
Extra Life 2020,Secret Lair Drop,Other,SLD,2020-11-06,133.31,"Amulet of Vigor, Teferi's Protection, Consecrated Sphinx, Collected Company"
Extra Life 2021,Secret Lair Drop,Other,SLD,2022-01-28,60.35,"Craterhoof Behemoth, Craterhoof Behemoth, Metalwork Colossus, Metalwork Colossus, Mulldrifter"
Extra Life 2021 Foil Edition,Secret Lair Drop,Other,SLD,2022-01-28,60.35,"Craterhoof Behemoth, Craterhoof Behemoth, Metalwork Colossus, Metalwork Colossus, Mulldrifter"
Extra Life 2022,Secret Lair Drop,Other,SLD,2022-11-04,148.29,"Sliver Legion, Sliver Legion, Birds of Paradise, Birds of Paradise, Lathliss, Dragon Queen"
Extra Life 2022 Foil Edition,Secret Lair Drop,Other,SLD,2022-11-04,148.29,"Sliver Legion, Sliver Legion, Birds of Paradise, Birds of Paradise, Lathliss, Dragon Queen"
Eyes of Shadow,Duel Of The Planeswalkers Deck,Other,DPA,2010-06-04,23.83,"The Rack, Megrim, Ravenous Rats, Underworld Dreams, Ascendant Evincar"
FINAL FANTASY: Game Over,Secret Lair Drop,Other,SLD,2025-06-10,77.2,"Toxic Deluge, Temporal Extortion, Praetor's Grasp, Star of Extinction, Day of Judgment"
FINAL FANTASY: Game Over Foil Edition,Secret Lair Drop,Other,SLD,2025-06-10,77.2,"Toxic Deluge, Temporal Extortion, Praetor's Grasp, Star of Extinction, Day of Judgment"
FINAL FANTASY: Grimoire,Secret Lair Drop,Other,SLD,2025-06-10,66.1,"Cyclonic Rift, Heroic Intervention, Lightning Bolt, Damn, Prismatic Ending"
FINAL FANTASY: Grimoire Foil Edition,Secret Lair Drop,Other,SLD,2025-06-10,66.1,"Cyclonic Rift, Heroic Intervention, Lightning Bolt, Damn, Prismatic Ending"
FINAL FANTASY: Weapons,Secret Lair Drop,Other,SLD,2025-06-10,77.99,"Sword of Truth and Justice, Umezawa's Jitte, Colossus Hammer, Blade of Selves, Staff of the Storyteller"
FINAL FANTASY: Weapons Foil Edition,Secret Lair Drop,Other,SLD,2025-06-10,77.99,"Sword of Truth and Justice, Umezawa's Jitte, Colossus Hammer, Blade of Selves, Staff of the Storyteller"
FORTNITE,Secret Lair Drop,Other,SLD,2022-09-02,128.28,"Triumph of the Hordes, Grim Tutor, Etherium Sculptor, Smuggler's Copter, Planar Bridge"
FORTNITE Foil Edition,Secret Lair Drop,Other,SLD,2022-09-02,128.28,"Triumph of the Hordes, Grim Tutor, Etherium Sculptor, Smuggler's Copter, Planar Bridge"
FORTNITE: Landmarks and Locations,Secret Lair Drop,Other,SLD,2022-09-02,49.19,"Island, Forest, Swamp, Mountain, Plains"
FORTNITE: Landmarks and Locations Foil Edition,Secret Lair Drop,Other,SLD,2022-09-02,49.19,"Island, Forest, Swamp, Mountain, Plains"
Face the Hydra,Challenge Deck,Other,TFTH,2013-10-19,21.74,"Savage Vigor Head, Shrieking Titan Head, Snapping Fang Head, Noxious Hydra Breath, Ravenous Brute Head"
Faerie Pranks,Arena Starter Deck,Other,OTJ,2024-07-08,93.44,"Roaming Throne, Undercity Sewers, Talion, the Kindly Lord, Three Steps Ahead, Faerie Slumber Party"
"Faerie, Faerie, Faerie Rad",Secret Lair Drop,Other,SLD,2021-04-13,123.28,"Glen Elendra Archmage, Spellstutter Sprite, Vendilion Clique, Mistbind Clique"
Faeries 1,Jumpstart,Other,J22,2022-12-02,13.26,"Spellstutter Sprite, Vendilion Clique, Wavebreak Hippocamp, Instruments of War, Glen Elendra Pranksters"
Faeries 2,Jumpstart,Other,J22,2022-12-02,8.8,"Spellstutter Sprite, Faerie Seer, Stolen by the Fae, Instruments of War, Glen Elendra Pranksters"
Fallout: Beyond Vault 33,Secret Lair Drop,Other,SLD,2026-02-16,28.74,"The Ghoul, Gunslinger, Lucy MacLean, Positively Armed, Pre-War Formalwear, Maximus, Knight Apparent, Spirit Mantle"
Fallout: Beyond Vault 33 Foil Edition,Secret Lair Drop,Other,SLD,2026-02-16,28.74,"The Ghoul, Gunslinger, Lucy MacLean, Positively Armed, Pre-War Formalwear, Maximus, Knight Apparent, Spirit Mantle"
Fallout: Greet the Dog,Secret Lair Drop,Other,SLD,2026-02-16,44.24,"Arcane Signet, Sol Ring, Yoshimaru, Ever Faithful, Patchwork Banner, Lightning Greaves"
Fallout: Greet the Dog Foil Edition,Secret Lair Drop,Other,SLD,2026-02-16,44.24,"Arcane Signet, Sol Ring, Yoshimaru, Ever Faithful, Patchwork Banner, Lightning Greaves"
Fallout: Points of Interest,Secret Lair Drop,Other,SLD,2024-04-15,85.76,"Reflecting Pool, Bojuka Bog, Reliquary Tower, Command Beacon, Fabled Passage"
Fallout: Points of Interest Foil Edition,Secret Lair Drop,Other,SLD,2024-04-15,110.17,"Bojuka Bog, Reflecting Pool, Reliquary Tower, Command Beacon, Fabled Passage"
Fallout: Rad,Secret Lair Drop,Other,SLD,2026-02-16,62.32,"Mesmeric Orb, Mindcrank, The Wise Mothman, Ripples of Potential, Mutational Advantage"
Fallout: Rad Foil Edition,Secret Lair Drop,Other,SLD,2026-02-16,62.32,"Mesmeric Orb, Mindcrank, The Wise Mothman, Ripples of Potential, Mutational Advantage"
Fallout: SPECIAL,Secret Lair Drop,Other,SLD,2024-04-15,59.82,"Idyllic Tutor, Steelshaper's Gift, Propaganda, Anger, Elixir of Immortality"
Fallout: SPECIAL Foil Edition,Secret Lair Drop,Other,SLD,2024-04-15,63.04,"Idyllic Tutor, Propaganda, Steelshaper's Gift, Anger, Elixir of Immortality"
Fallout: Vault Boy,Secret Lair Drop,Other,SLD,2024-04-15,74.05,"Trinisphere, Grand Arbiter Augustin IV, Sphere of Resistance, Winter Orb"
Fallout: Vault Boy Foil Edition,Secret Lair Drop,Other,SLD,2024-04-15,71.08,"Trinisphere, Grand Arbiter Augustin IV, Winter Orb, Sphere of Resistance"
Fallout: Welcome to New Vegas,Secret Lair Drop,Other,SLD,2026-02-16,44.48,"Nuka-Cola Vending Machine, Isshin, Two Heavens as One, Caged Sun, Tinybones, Trinket Thief, The Deck of Many Things"
Fallout: Welcome to New Vegas Foil Edition,Secret Lair Drop,Other,SLD,2026-02-16,44.48,"Nuka-Cola Vending Machine, Isshin, Two Heavens as One, Caged Sun, Tinybones, Trinket Thief, The Deck of Many Things"
Fangs 1,Jumpstart,Other,J22,2022-12-02,8.51,"Rodolf Duskbringer, Creeping Bloodsucker, Bloodthirsty Aerialist, Falkenrath Noble, Epicure of Blood"
Fangs 2,Jumpstart,Other,J22,2022-12-02,8.51,"Rodolf Duskbringer, Creeping Bloodsucker, Vampiric Rites, Bloodthirsty Aerialist, Falkenrath Noble"
Fangs 3,Jumpstart,Other,J22,2022-12-02,7.63,"Creeping Bloodsucker, Blood Artist, Ancient Craving, Oathsworn Vampire, Vampire Envoy"
Fangs 4,Jumpstart,Other,J22,2022-12-02,21.42,"Vito, Thorn of the Dusk Rose, Creeping Bloodsucker, Blood Artist, Oathsworn Vampire, Vampire Envoy"
Fangs of the Bloodchief,Intro Pack,Other,WWK,2010-02-05,51.52,"Anowon, the Ruin Sage, Diabolic Tutor, Butcher of Malakir, Urge to Feed, Pulse Tracker"
Fangs of the Predator,Theme Deck,Other,PS11,2011-01-01,0.0,"Forest, Forest, Forest, Forest, Molimo, Maro-Sorcerer"
Fantastic,Jumpstart,Other,MSH,2026-06-26,31.5,"The Fantastic Four, Daily Bugle Newspaper, Farseek, Mister Fantastic, Reed Richards, The Thing, Ben Grimm"
"Far Out, Man",Secret Lair Drop,Other,SLD,2022-05-06,79.34,"Mystical Tutor, Counterspell, Fabricate, Fact or Fiction, Aether Gust"
"Far Out, Man Foil Edition",Secret Lair Drop,Other,SLD,2022-05-06,79.34,"Mystical Tutor, Counterspell, Fabricate, Fact or Fiction, Aether Gust"
Fate,Clash Pack,Other,M15,2014-07-18,37.82,"Aetherspouts, Kiora's Follower, Prophet of Kruphix, Curse of the Swine, Hypnotic Siren"
Fate Blaster,Theme Deck,Other,FUT,2007-05-04,219.49,"Dandân, Vedalken Aethermage, Mystic Speculation, Frozen Aether, Magus of the Future"
Fate Reforged Fat Pack Land Pack,Bundle Land Pack,Other,FRF,2015-01-23,2.79,"Forest, Island, Island, Forest, Plains"
Fate Reforged Foil Redemption,MTGO Redemption,Other,FRF,2015-02-22,201.23,"Merciless Executioner, Ugin, the Spirit Dragon, Temporal Trespass, Ojutai, Soul of Winter, Dark Deal"
Fate Reforged Redemption,MTGO Redemption,Other,FRF,2015-02-22,227.54,"Merciless Executioner, Ugin, the Spirit Dragon, Temporal Trespass, Ojutai, Soul of Winter, Dark Deal"
Fate and Fury,Clash Pack,Other,M15,2014-07-18,200.31,"Nykthos, Shrine to Nyx, Aetherspouts, Kiora's Follower, Prophet of Kruphix, Elvish Mystic"
Fates Foreseen,Intro Pack,Other,JOU,2014-05-02,1.04,"Island, Island, Island, Spite of Mogis, Cyclops of Eternal Fury"
Favors From Nyx,Intro Pack,Other,THS,2013-09-27,15.17,"Gift of Immortality, Plains, Swamp, Doom Blade, Swamp"
"Fblthp: Completely, Utterly, Totally Lost",Secret Lair Drop,Other,SLD,2022-05-06,64.44,"Frantic Search, Path to Exile, Intruder Alarm, Well of Lost Dreams, Shelldock Isle"
"Fblthp: Completely, Utterly, Totally Lost Foil Edition",Secret Lair Drop,Other,SLD,2022-05-06,64.44,"Frantic Search, Path to Exile, Intruder Alarm, Well of Lost Dreams, Shelldock Isle"
Fearless,Jumpstart,Other,MSH,2026-06-26,12.7,"Daredevil, Fearless Fighter, Elektra, Femme Fatale, Daredevil's Billy Club, Stick, Fearless Mentor, Fogwell's Gym"
Feast of Flesh,Intro Pack,Other,NPH,2011-05-13,99.95,"Whipflare, Mountain, Swamp, Swamp, Go for the Throat"
Feathered Friends (1),Jumpstart,Other,JMP,2020-07-17,0.0,"Steel-Plume Marshal, Plains, Plains, Falconer Adept, Warded Battlements"
Feathered Friends (2),Jumpstart,Other,JMP,2020-07-17,0.0,"Angelic Ascension, Steel-Plume Marshal, Plains, Swift Response, Plains"
Feathered Friends (3),Jumpstart,Other,JMP,2020-07-17,2.0,"Angel of the Dire Hour, Plains, Swift Response, Plains, Falconer Adept"
Feathered Friends (4),Jumpstart,Other,JMP,2020-07-17,0.0,"Plains, Aegis of the Heavens, Plains, Falconer Adept, Warded Battlements"
Featuring: Andrew MacLean,Secret Lair Drop,Other,SLD,2024-07-30,46.54,"Arbor Elf, Maelstrom Wanderer, Nirkana Revenant, Terastodon"
Featuring: Andrew MacLean Foil Edition,Secret Lair Drop,Other,SLD,2024-07-30,46.54,"Arbor Elf, Maelstrom Wanderer, Nirkana Revenant, Terastodon"
Featuring: Deathburger,Secret Lair Drop,Other,SLD,2025-07-29,55.85,"Goblin Engineer, Arcbound Ravager, Foundry Inspector, Ethersworn Canonist, Dance of the Manse"
Featuring: Deathburger Galaxy Foil Edition,Secret Lair Drop,Other,SLD,2025-07-29,55.85,"Goblin Engineer, Arcbound Ravager, Foundry Inspector, Ethersworn Canonist, Dance of the Manse"
Featuring: Gary Baseman,Secret Lair Drop,Other,SLD,2023-09-15,64.08,"Forest, Swamp, Mountain, Island, Plains"
Featuring: Gary Baseman Foil Edition,Secret Lair Drop,Other,SLD,2023-09-15,64.08,"Forest, Swamp, Mountain, Island, Plains"
Featuring: Imiri Sakabashira,Secret Lair Drop,Other,SLD,2025-06-10,44.27,"Consecrated Sphinx, Scion of Draco, Mirage Mirror, Resculpt"
Featuring: Imiri Sakabashira Foil Edition,Secret Lair Drop,Other,SLD,2025-06-10,44.27,"Consecrated Sphinx, Scion of Draco, Mirage Mirror, Resculpt"
Featuring: Jay Howell,Secret Lair Drop,Other,SLD,2025-05-13,66.71,"Treasonous Ogre, Uncivil Unrest, Agent of Treachery, Priest of Forgotten Gods, Marchesa, the Black Rose"
Featuring: Jay Howell Foil Edition,Secret Lair Drop,Other,SLD,2025-05-13,66.71,"Treasonous Ogre, Uncivil Unrest, Agent of Treachery, Priest of Forgotten Gods, Marchesa, the Black Rose"
Featuring: Julie Bell,Secret Lair Drop,Other,SLD,2024-07-10,59.47,"Coat of Arms, Elves of Deep Shadow, Soul Warden, Good-Fortune Unicorn, Shivan Dragon"
Featuring: Julie Bell Foil Edition,Secret Lair Drop,Other,SLD,2024-07-10,59.47,"Coat of Arms, Elves of Deep Shadow, Soul Warden, Good-Fortune Unicorn, Shivan Dragon"
Featuring: Kevin Eastman (Colors),Secret Lair Drop,Other,SLD,2026-03-03,43.12,"Sakashima's Student, Guttersnipe, Throat Slitter, Loxodon Gatekeeper"
Featuring: Kevin Eastman (Colors) Foil Edition,Secret Lair Drop,Other,SLD,2026-03-03,43.12,"Sakashima's Student, Guttersnipe, Throat Slitter, Loxodon Gatekeeper"
Featuring: Kevin Eastman (Inks),Secret Lair Drop,Other,SLD,2026-03-03,30.25,"Sakashima's Student, Throat Slitter, Guttersnipe, Loxodon Gatekeeper"
Featuring: Kevin Eastman (Inks) Foil Edition,Secret Lair Drop,Other,SLD,2026-03-03,30.25,"Sakashima's Student, Throat Slitter, Guttersnipe, Loxodon Gatekeeper"
Featuring: Luke Pearson,Secret Lair Drop,Other,SLD,2025-02-11,61.27,"Realmwalker, Bear Umbra, Witch of the Moors, Solemn Simulacrum"
Featuring: Luke Pearson Foil Edition,Secret Lair Drop,Other,SLD,2025-02-11,61.27,"Realmwalker, Bear Umbra, Witch of the Moors, Solemn Simulacrum"
Featuring: Mitsuhiro Arita,Secret Lair Drop,Other,SLD,2025-02-11,44.9,"Murktide Regent, Light-Paws, Emperor's Voice, Shorikai, Genesis Engine, Lightning Bolt"
Featuring: Mitsuhiro Arita Foil Edition,Secret Lair Drop,Other,SLD,2025-02-11,44.9,"Murktide Regent, Light-Paws, Emperor's Voice, Shorikai, Genesis Engine, Lightning Bolt"
Featuring: Not a Wolf,Secret Lair Drop,Other,SLD,2024-07-10,70.11,"Beastmaster Ascension, Tovolar, Dire Overlord // Tovolar, the Midnight Scourge, Second Harvest, Avabruck Caretaker // Hollowhenge Huntmaster, Howl of the Night Pack"
Featuring: Not a Wolf Foil Edition,Secret Lair Drop,Other,SLD,2024-07-10,70.11,"Beastmaster Ascension, Tovolar, Dire Overlord // Tovolar, the Midnight Scourge, Second Harvest, Avabruck Caretaker // Hollowhenge Huntmaster, Howl of the Night Pack"
Featuring: Peach Momoko,Secret Lair Drop,Other,SLD,2024-10-01,96.26,"Aetherize, Psychic Corrosion, Time Sieve, Visions of Beyond, Drown in Dreams"
Featuring: Peach Momoko Foil Edition,Secret Lair Drop,Other,SLD,2024-10-01,96.26,"Aetherize, Psychic Corrosion, Time Sieve, Visions of Beyond, Drown in Dreams"
Featuring: Phoebe Wahl,Secret Lair Drop,Other,SLD,2024-04-15,63.25,"Door of Destinies, Alela, Artful Provocateur, Swords to Plowshares, Dockside Chef, Faerie Artisans"
Featuring: Phoebe Wahl Foil Edition,Secret Lair Drop,Other,SLD,2024-04-15,70.9,"Door of Destinies, Alela, Artful Provocateur, Swords to Plowshares, Dockside Chef, Faerie Artisans"
Featuring: Stan Sakai,Secret Lair Drop,Other,SLD,2026-03-03,63.53,"Baylen, the Haymaker, Master of Ceremonies, Sunforger, Second Harvest, Felidar Retreat"
Featuring: Stan Sakai Foil Edition,Secret Lair Drop,Other,SLD,2026-03-03,63.53,"Baylen, the Haymaker, Master of Ceremonies, Sunforger, Second Harvest, Felidar Retreat"
Featuring: the Mountain Goats,Secret Lair Drop,Other,SLD,2023-08-29,48.18,"Mountain, Mountain, Mountain, Mountain, Mountain"
Featuring: the Mountain Goats Foil Edition,Secret Lair Drop,Other,SLD,2023-08-29,48.18,"Mountain, Mountain, Mountain, Mountain, Mountain"
Felix the Cat: Magic Bag of Tricks,Secret Lair Drop,Other,SLD,2026-06-16,35.65,"Barrowgoyf, Mind's Eye, Time Stretch, Throes of Chaos, Future Sight"
Felix the Cat: Magic Bag of Tricks Foil Edition,Secret Lair Drop,Other,SLD,2026-06-16,35.65,"Barrowgoyf, Mind's Eye, Time Stretch, Throes of Chaos, Future Sight"
Ferocious 1,Jumpstart,Other,J22,2022-12-02,7.36,"Rhonas the Indomitable, Colossal Majesty, Ilysian Caryatid, Spectral Hunt-Caller, Rampaging Growth"
Ferocious 2,Jumpstart,Other,J22,2022-12-02,3.62,"Goreclaw, Terror of Qal Sisma, Colossal Majesty, Ilysian Caryatid, Spectral Hunt-Caller, Roar of Challenge"
Ferocious 3,Jumpstart,Other,J22,2022-12-02,5.95,"Prowling Serpopard, Colossal Majesty, Ilysian Caryatid, Spectral Hunt-Caller, Roar of Challenge"
Ferocious 4,Jumpstart,Other,J22,2022-12-02,1.42,"Colossal Majesty, Bonders' Enclave, Towering Gibbon, Ilysian Caryatid, Spectral Hunt-Caller"
Fiendish Nature,Theme Deck,Other,UDS,1999-06-07,305.08,"Pattern of Rebirth, Phyrexian Reclamation, Rancor, Yavimaya Elder, Splinter"
Fiendish Nature - Enhanced Deck,Enhanced Deck,Other,UDS,1999-06-07,323.42,"Recurring Nightmare, Pattern of Rebirth, Rancor, Engineered Plague, Yavimaya Elder"
Fiery 1,Jumpstart,Other,J22,2022-12-02,0.0,"Chandra, Flame's Fury, Thrill of Possibility, Chandra's Pyrohelix, Chandra's Magmutt, Spiteful Prankster"
Fiery 2,Jumpstart,Other,J22,2022-12-02,2.29,"Banefire, Thrill of Possibility, Magmatic Channeler, Chandra's Spitfire, Thriving Bluff"
Fiery 3,Jumpstart,Other,J22,2022-12-02,0.0,"Thrill of Possibility, Chandra's Spitfire, Thriving Bluff, Thermo-Alchemist, Flame Lash"
Fiery 4,Jumpstart,Other,J22,2022-12-02,0.0,"Thrill of Possibility, Chandra's Spitfire, Searing Spear, Thriving Bluff, Ogre Battlecaster"
Fiery Dawn,Intro Pack,Other,AVR,2012-05-04,32.31,"Cathars' Crusade, Goldnight Commander, Plains, Devout Chaplain, Incinerate"
Fiery Fury,MTGO Theme Deck,Other,WTH,2007-12-12,67.68,"Firestorm, Crystal Vein, Fireblast, Mountain, Mind Stone"
Fifth Dawn Foil Redemption,MTGO Redemption,Other,5DN,2004-07-04,2358.6,"Grinding Station, Mycosynth Golem, Beacon of Immortality, Eternal Witness, Crucible of Worlds"
Fifth Dawn Redemption,MTGO Redemption,Other,5DN,2004-07-04,2358.6,"Grinding Station, Mycosynth Golem, Beacon of Immortality, Eternal Witness, Crucible of Worlds"
Final Adventure,Challenger Deck,Other,Q04,2020-04-03,24.44,"Vraska, Golgari Queen, Knight of the Ebon Legion, Fabled Passage, Castle Locthwain, Midnight Reaper"
Final Fantasy Bundle Land Pack,Bundle Land Pack,Other,FIN,2025-06-13,2.38,"Wastes, Wastes, Forest, Forest, Swamp"
Finally! Left-Handed Magic Cards,Secret Lair Drop,Other,SLD,2022-08-05,82.7,"Rograkh, Son of Rohgahh, Empress Galina, Sisay, Weatherlight Captain, Garruk, Caller of Beasts, Geralf's Messenger"
Finally! Left-Handed Magic Cards Foil Edition,Secret Lair Drop,Other,SLD,2022-08-05,82.7,"Rograkh, Son of Rohgahh, Empress Galina, Sisay, Weatherlight Captain, Garruk, Caller of Beasts, Geralf's Messenger"
Finkel,Theme Deck,Other,DKM,2001-12-01,220.16,"Necropotence, Sulfurous Springs, Incinerate, Underground River, Dark Ritual"
Fire Nation,Jumpstart,Other,TLE,2025-11-20,14.88,"Longshot, Rebel Bowman, Storm of Memories, Fists of Flame, Zuko, Seeking Honor, Firebending Student"
Fire Surge,Intro Pack,Other,M14,2013-07-19,0.0,"Mountain, Island, Goblin Shortcutter, Island, Mountain"
Fire and Lightning,Premium Deck,Other,PD2,2010-11-19,18.92,"Price of Progress, Reverberate, Chain Lightning, Fireblast, Lightning Bolt"
Firebending (1),Jumpstart,Other,TLE,2025-11-20,3.57,"Reckless Blaze, Firebender Ascension, Thriving Bluff, Mountain, Loyal Fire Sage"
Firebending (2),Jumpstart,Other,TLE,2025-11-20,2.31,"Reckless Blaze, Thriving Bluff, Mountain, Loyal Fire Sage, Firebending Lesson"
Firebomber,Intro Pack,Other,M10,2009-07-17,41.59,"Earthquake, Lightning Bolt, Island, Mountain, Island"
Fireworks,Arena Starter Deck,Other,AFR,2021-09-24,12.74,"Riverglide Pathway // Lavaglide Pathway, Archmage Emeritus, Volatile Fjord, Demilich, Prismari Command"
Fixed Content,Deck Builder's Toolkit,Other,AKH,2017-04-28,7.39,"Gifted Aetherborn, Blossoming Defense, Mountain, Supernatural Stamina, Mountain"
Flames Of The Dragon,Intro Pack,Other,M15,2014-07-18,7.76,"Darksteel Citadel, Ensoul Artifact, Rogue's Gloves, Ornithopter, Wall of Frost"
Flames of Rath - Advanced Deck,Advanced Deck,Other,TMP,1997-10-14,123.1,"Reflecting Pool, Undiscovered Paradise, Gemstone Mine, Furnace of Rath, Ball Lightning"
Flash of Ferocity,Challenger Deck,Other,Q04,2020-04-03,16.29,"Fabled Passage, Brazen Borrower // Petty Theft, Spectral Sailor, Nightpack Ambusher, Wavebreak Hippocamp"
Flight of the Witch King,Box Set,Other,LTC,2023-11-03,81.84,"Call Forth the Tempest, Nazgûl Battle-Mace, Minas Morgul, Dark Fortress, Witch-king, Sky Scourge, Fell Beast of Mordor"
Flower Power,Secret Lair Drop,Other,SLD,2025-10-20,52.56,"Forest, Island, Swamp, Mountain, Plains"
Flower Power Foil Edition,Secret Lair Drop,Other,SLD,2025-10-20,52.56,"Forest, Island, Swamp, Mountain, Plains"
Flyover,Intro Pack,Other,WWK,2010-02-05,18.6,"Everflowing Chalice, Lightkeeper of Emeria, Kor Cartographer, Marshal's Anthem, Stormfront Pegasus"
Forest Dragon,Shandalar Enemy Deck,Other,PAST,1997-04-01,62.47,"Desert Twister, Sandstorm, Untamed Wilds, Crumble, Cockatrice"
Forest's Might,Arena Starter Deck,Other,M19,2018-09-27,3.69,"Ghalta, Primal Hunger, Verdant Rebirth, Forest, Druid of the Cowl, Forest"
Forest's Might 2,Arena Starter Deck,Other,ANB,2020-03-12,6.46,"Voracious Hydra, Gargos, Vicious Watcher, Season of Growth, Giant Growth, Aggressive Mammoth"
Forged in Battle,Intro Pack,Other,BNG,2014-02-07,6.4,"Searing Blood, Plains, Akroan Skyguard, Akroan Crusader, Elite Skirmisher"
Foundations Bundle Land Pack,Bundle Land Pack,Other,FDN,2024-11-15,3.54,"Swamp, Swamp, Plains, Plains, Mountain"
Freedom Fighters,Jumpstart,Other,TLE,2025-11-20,3.31,"The Duke, Rebel Sentry, Jet, Rebel Leader, Plains, Valorous Stance, Inspired Insurgent"
From the Vault: Angels,Box Set,Other,V15,2015-08-21,114.01,"Avacyn, Angel of Hope, Iona, Shield of Emeria, Aurelia, the Warleader, Platinum Angel, Akroma, Angel of Wrath"
From the Vault: Annihilation,Box Set,Other,V14,2014-08-22,54.08,"Armageddon, Living Death, Smokestack, Cataclysm, Decree of Annihilation"
From the Vault: Dragons,Box Set,Other,DRB,2008-08-29,136.82,"Kokusho, the Evening Star, Dragonstorm, Bladewing the Risen, Draco, Nicol Bolas"
From the Vault: Exiled,Box Set,Other,V09,2009-08-28,516.02,"Lotus Petal, Sensei's Divining Top, Necropotence, Strip Mine, Trinisphere"
From the Vault: Legends,Box Set,Other,V11,2011-08-26,169.75,"Ulamog, the Infinite Gyre, Kiki-Jiki, Mirror Breaker, Captain Sisay, Doran, the Siege Tower, Sun Quan, Lord of Wu"
From the Vault: Lore,Box Set,Other,V16,2016-08-19,93.31,"Cabal Ritual, Umezawa's Jitte, Beseech the Queen, Glissa, the Traitor, Unmask"
From the Vault: Realms,Box Set,Other,V12,2012-08-31,421.15,"Ancient Tomb, Urborg, Tomb of Yawgmoth, Glacial Chasm, Dryad Arbor, Boseiju, Who Shelters All"
From the Vault: Relics,Box Set,Other,V10,2010-08-27,1677.09,"Mox Diamond, Memory Jar, Isochron Scepter, Sol Ring, Masticore"
From the Vault: Transform,Box Set,Other,V17,2017-11-24,96.16,"Gisela, the Broken Blade // Brisela, Voice of Nightmares, Bloodline Keeper // Lord of Lineage, Liliana, Heretical Healer // Liliana, Defiant Necromancer, Bruna, the Fading Light // Brisela, Voice of Nightmares, Elbrus, the Binding Blade // Withengar Unbound"
From the Vault: Twenty,Box Set,Other,V13,2013-08-23,163.41,"Green Sun's Zenith, Tangle Wire, Dark Ritual, Jace, the Mind Sculptor, Ink-Eyes, Servant of Oni"
Full Sleeves: the Tattoo Pack,Secret Lair Drop,Other,SLD,2020-06-01,42.24,"Inkmoth Nexus, Blood Artist, Eternal Witness, Spell Pierce, Pithing Needle"
Fun Guys (1),Jumpstart,Other,J25,2024-11-07,4.92,"Shroofus Sproutsire, Spore Swarm, Tukatongue Thallid, Fungal Plots, Sporecrown Thallid"
Fun Guys (2),Jumpstart,Other,J25,2024-11-07,4.92,"Shroofus Sproutsire, Spore Swarm, Undercellar Myconid, Fungal Plots, Verdeloth the Ancient"
Fun With Fungus,Theme Deck,Other,TSP,2006-10-06,365.75,"Claws of Gix, Pendelhaven, Fallen Ideal, Verdant Embrace, Savage Thallid"
Fungus Master,Shandalar Enemy Deck,Other,PAST,1997-04-01,47.61,"Oasis, Untamed Wilds, Forest, Fungusaur, Island"
Furby: Doo-ay Noo-lah,Secret Lair Drop,Other,SLD,2025-10-27,50.66,"Sol Ring, Chromatic Lantern, Inspiring Call, Explore, Distant Melody"
Furby: Doo-ay Noo-lah Confetti Foil Edition,Secret Lair Drop,Other,SLD,2025-10-27,98.37,"Sol Ring, Chromatic Lantern, Explore, Inspiring Call, Distant Melody"
Furby: Doo-ay Noo-lah Foil Edition,Secret Lair Drop,Other,SLD,2025-10-27,50.66,"Sol Ring, Chromatic Lantern, Inspiring Call, Explore, Distant Melody"
Furby: Furbys: The Gathering,Secret Lair Drop,Other,SLD,2025-10-27,58.61,"Tamiyo's Safekeeping, Sphere of Safety, Phyrexian Arena, Miscast, Tormenting Voice"
Furby: Furbys: The Gathering Confetti Foil Edition,Secret Lair Drop,Other,SLD,2025-10-27,108.76,"Tamiyo's Safekeeping, Sphere of Safety, Phyrexian Arena, Miscast, Tormenting Voice"
Furby: Furbys: The Gathering Foil Edition,Secret Lair Drop,Other,SLD,2025-10-27,58.61,"Tamiyo's Safekeeping, Sphere of Safety, Phyrexian Arena, Miscast, Tormenting Voice"
Furby: The Oddbodies,Secret Lair Drop,Other,SLD,2025-10-27,89.51,"Umbris, Fear Manifest, Hullbreaker Horror, Maddening Cacophony, Spellskite, Serum Visions"
Furby: The Oddbodies Confetti Foil Edition,Secret Lair Drop,Other,SLD,2025-10-27,132.05,"Hullbreaker Horror, Umbris, Fear Manifest, Spellskite, Maddening Cacophony, Serum Visions"
Furby: The Oddbodies Foil Edition,Secret Lair Drop,Other,SLD,2025-10-27,89.51,"Umbris, Fear Manifest, Hullbreaker Horror, Maddening Cacophony, Spellskite, Serum Visions"
Furious Forces,Intro Pack,Other,DTK,2015-03-27,37.83,"Savage Ventmaw, Berserkers' Onslaught, Dragonlord's Servant, Harbinger of the Hunt, Forest"
Fury,Clash Pack,Other,M15,2014-07-18,165.97,"Nykthos, Shrine to Nyx, Elvish Mystic, Courser of Kruphix, Reclamation Sage, Genesis Hydra"
Future Shock,Theme Deck,Other,FUT,2007-05-04,246.38,"Dryad Arbor, Nacatl War-Pride, Edge of Autumn, Baru, Fist of Krosa, Emblem of the Warmind"
Future Sight Foil Redemption,MTGO Redemption,Other,FUT,2007-06-03,2945.45,"Sliver Legion, Pact of Negation, Tarmogoyf, Dryad Arbor, Summoner's Pact"
Future Sight Redemption,MTGO Redemption,Other,FUT,2007-06-03,2945.45,"Sliver Legion, Pact of Negation, Tarmogoyf, Dryad Arbor, Summoner's Pact"
Gabriel Nassif - Blue-White Anti-Affinity Control,World Championship Deck,Other,WC04,2004-09-01,36.24,"Flooded Strand, Exalted Angel, Island, Plains, Temple of the False God"
Gandalf in the Pelennor Fields,Box Set,Other,LTC,2023-11-03,21.11,"Rammas Echor, Ancient Shield, Olórin's Searing Light, Gandalf of the Secret Fire, Sorcerous Squall, Courageous Resolve"
Garden Buds,Secret Lair Drop,Other,SLD,2025-03-25,81.24,"Ashaya, Soul of the Wild, Horn of Greed, Elvish Reclaimer, World Shaper, Harrow"
Garden Buds Foil Edition,Secret Lair Drop,Other,SLD,2025-03-25,81.24,"Ashaya, Soul of the Wild, Horn of Greed, Elvish Reclaimer, World Shaper, Harrow"
Garfield,Theme Deck,Other,DKM,2001-12-01,39.4,"Incinerate, Incinerate, Jokulhaups, Karplusan Forest, Lhurgoyf"
Garfield: As Intended,Secret Lair Drop,Other,SLD,2026-06-16,41.81,"Counterspell, Dark Ritual, Swords to Plowshares, Fog, Earthquake"
Garfield: As Intended Foil Edition,Secret Lair Drop,Other,SLD,2026-06-16,41.81,"Counterspell, Dark Ritual, Swords to Plowshares, Fog, Earthquake"
Garfield: Motivationally Challenged,Secret Lair Drop,Other,SLD,2026-06-16,40.11,"Rin and Seri, Inseparable, Orim's Chant, Sol Ring, Beast Within, Ponder"
Garfield: Motivationally Challenged Foil Edition,Secret Lair Drop,Other,SLD,2026-06-16,40.11,"Rin and Seri, Inseparable, Orim's Chant, Sol Ring, Beast Within, Ponder"
Garfield: Our Only Thought is to Entertain You,Secret Lair Drop,Other,SLD,2026-06-16,27.41,"It That Betrays, Maddening Cacophony, Maddening Hex, Molten Collapse, Hunter's Insight"
Garfield: Our Only Thought is to Entertain You Foil Edition,Secret Lair Drop,Other,SLD,2026-06-16,27.41,"It That Betrays, Maddening Cacophony, Maddening Hex, Molten Collapse, Hunter's Insight"
Garland at the Chaos Shrine,Box Set,Other,FIN,2025-06-13,49.35,"The Destined Black Mage, The Destined White Mage, Garland, Royal Kidnapper, Chaos Shrine's Black Crystal, The Destined Warrior"
Garruk,Duel Deck,Other,GVL,2014-12-05,13.35,"Nature's Lore, Garruk Wildspeaker, Lignify, Rude Awakening, Treetop Village"
"Garruk, Savage Herald",Planeswalker Deck,Other,M21,2020-07-03,8.69,"Ram Through, Garruk, Savage Herald, Garruk's Uprising, Forest, Ilysian Caryatid"
Gatecrash Foil Redemption,MTGO Redemption,Other,GTC,2013-03-03,537.35,"Aurelia, the Warleader, Sylvan Primordial, Godless Shrine, Legion Loyalist, Watery Grave"
Gatecrash Redemption,MTGO Redemption,Other,GTC,2013-03-03,537.35,"Aurelia, the Warleader, Sylvan Primordial, Godless Shrine, Legion Loyalist, Watery Grave"
Gatecrasher,MTGO Theme Deck,Other,WTH,2007-12-12,6.43,"Mountain, Uktabi Orangutan, Maraxus of Keld, Aboroth, Forest"
Geniuses,Jumpstart,Other,MSH,2026-06-26,5.18,"Reed Richards, Smartest Man, Ant-Man, Reformed Rogue, Super Intelligence, Shuri, Vibranium Technologist, Kid Loki"
"George Baxter, Quarterfinalist",Pro Tour Deck,Other,PTC,1996-05-01,98.88,"Hypnotic Specter, City of Brass, Sulfurous Springs, Lightning Bolt, Mishra's Factory"
Ghastly (1),Jumpstart,Other,J25,2024-11-07,0.0,"Harvester of Souls, Village Rites, Morbid Opportunist, Ozox, the Clattering King, Doomed Dissenter"
Ghastly (2),Jumpstart,Other,J25,2024-11-07,0.0,"Bloodgift Demon, Village Rites, Morbid Opportunist, Ozox, the Clattering King, Typhoid Rats"
Ghastly (3),Jumpstart,Other,J25,2024-11-07,0.0,"Reaper from the Abyss, Wriggling Grub, Deadly Dispute, Morbid Opportunist, Ozox, the Clattering King"
Ghastly (4),Jumpstart,Other,J25,2024-11-07,1.2,"Army of the Damned, Deadly Dispute, Shambling Ghast, Morbid Opportunist, Ozox, the Clattering King"
Ghost of Tsushima,Secret Lair Drop,Other,SLD,2025-11-06,140.31,"Jin Sakai, Ghost of Tsushima, Borne Upon a Wind, Path to Exile, Eiganjo Castle, Ghostly Flicker"
Ghost of Tsushima Foil Edition,Secret Lair Drop,Other,SLD,2025-11-06,140.31,"Jin Sakai, Ghost of Tsushima, Borne Upon a Wind, Path to Exile, Eiganjo Castle, Ghostly Flicker"
Ghostbusters: Slimer,Secret Lair Drop,Other,SLD,2024-10-01,39.34,"Windfall, Trickbind, Incarnation Technique, The Mimeoplasm, Pernicious Deed"
Ghostbusters: Slimer Foil Edition,Secret Lair Drop,Other,SLD,2024-10-01,39.34,"Windfall, Trickbind, Incarnation Technique, The Mimeoplasm, Pernicious Deed"
Ghostbusters: The Real Ghostbusters,Secret Lair Drop,Other,SLD,2024-10-01,39.08,"Eladamri's Call, Boros Charm, Careful Study, Living End, Unlicensed Hearse"
Ghostbusters: The Real Ghostbusters Foil Edition,Secret Lair Drop,Other,SLD,2024-10-01,39.08,"Eladamri's Call, Boros Charm, Careful Study, Living End, Unlicensed Hearse"
Ghostly Tide,Intro Pack,Other,SOI,2016-04-08,7.85,"Essence Flux, Pore Over the Pages, Rattlechains, Drogskol Cavalry, Plains"
Giddyap,Jumpstart,Other,J25,2024-11-07,4.03,"Thurid, Mare of Destiny, Celestial Unicorn, Shield Mare, Steadfast Unicorn, Sungrace Pegasus"
Gideon,Archenemy Deck,Other,E01,2017-06-16,20.59,"Grand Abolisher, Plains, Fiendslayer Paladin, Plains, Aegis Angel"
"Gideon, Martial Paragon",Planeswalker Deck,Other,AKH,2017-04-28,1.19,"Mountain, Gideon, Martial Paragon, Mountain, Plains, Ahn-Crop Crasher"
"Gideon, the Oathsworn",Planeswalker Deck,Other,WAR,2019-05-03,17.31,"Cruel Celebrant, Bond of Discipline, Command the Dreadhorde, Charmed Stray, Gideon, the Oathsworn"
Gift Wrapped,Secret Lair Drop,Other,SLD,2023-12-05,61.53,"Homeward Path, Giver of Runes, Moment's Peace, Distant Melody, Cathartic Reunion"
Gift Wrapped Foil Edition,Secret Lair Drop,Other,SLD,2023-12-05,62.17,"Homeward Path, Giver of Runes, Moment's Peace, Distant Melody, Cathartic Reunion"
Gifts of the Gods,Intro Pack,Other,BNG,2014-02-07,18.99,"Gift of Immortality, Sunbond, Plains, Island, Island"
Gigantic 1,Jumpstart,Other,J22,2022-12-02,16.38,"Runadi, Behemoth Caller, Towering Gibbon, Overgrowth, Thrashing Brontodon, Pounce"
Gigantic 2,Jumpstart,Other,J22,2022-12-02,16.38,"Runadi, Behemoth Caller, Engulfing Slagwurm, Towering Gibbon, Overgrowth, Thrashing Brontodon"
Gleeful Flames,Event Deck,Other,DKA,2012-02-24,71.58,"Inkmoth Nexus, Goblin Grenade, Faithless Looting, Infiltration Lens, Hellrider"
Gliding (1),Jumpstart,Other,TLE,2025-11-20,1.57,"Kindly Customer, Momo, Friendly Flier, Plains, Aang, the Last Airbender, Appa, Loyal Sky Bison"
Gliding (2),Jumpstart,Other,TLE,2025-11-20,1.39,"Tale of Momo, Momo, Friendly Flier, Plains, Aang, the Last Airbender, Appa, Loyal Sky Bison"
Glorious Combat,Game Night Deck,Other,GN3,2022-10-14,16.98,"Zamriel, Seraph of Steel, Argentum Armor, Colossus Hammer, Swords to Plowshares, Path to Exile"
Go to School 1,Jumpstart,Other,J22,2022-12-02,0.0,"Kasmina, Enigmatic Mentor, Biblioplex Kraken, Barrin, Tolarian Archmage, Merfolk Pupil, Thriving Isle"
Go to School 2,Jumpstart,Other,J22,2022-12-02,70.1,"Rhystic Study, Kasmina, Enigmatic Mentor, Biblioplex Kraken, Merfolk Pupil, Thriving Isle"
Goblin & Squabblin',Secret Lair Drop,Other,SLD,2023-08-29,302.12,"Muxus, Goblin Grandee, Goblin Recruiter, Goblin Lackey, Goblin Matron, Shattergang Brothers"
Goblin & Squabblin' Foil Edition,Secret Lair Drop,Other,SLD,2023-08-29,424.05,"Muxus, Goblin Grandee, Goblin Recruiter, Goblin Lackey, Goblin Matron, Shattergang Brothers"
Goblin Assault,Theme Deck,Other,S99,1999-07-12,12.26,"Goblin General, Relentless Assault, Mountain, Mountain, Volcanic Dragon"
Goblin Fire,Theme Deck,Other,P02,1998-06-24,34.92,"Wildfire, Goblin General, Mountain, Goblin Matron, Goblin War Strike"
Goblin Mob,Theme Deck,Other,SCG,2003-05-26,507.49,"Siege-Gang Commander, Goblin Warchief, Gempalm Incinerator, Sulfuric Vortex, Goblin War Strike"
Goblin Warlord,Shandalar Enemy Deck,Other,PAST,1997-04-01,251.38,"Mountain, Goblin King, Manabarbs, Tawnos's Weaponry, Helm of Chatzuk"
Goblingram,Secret Lair Drop,Other,SLD,2024-05-30,49.36,"Goblin Welder, Brash Taunter, Goblin Chieftain, Mogg War Marshal, Goblin Ringleader"
Goblingram Foil Edition,Secret Lair Drop,Other,SLD,2024-05-30,49.36,"Goblin Welder, Brash Taunter, Goblin Chieftain, Mogg War Marshal, Goblin Ringleader"
Goblins,Duel Deck,Other,EVG,2014-12-05,18.92,"Boggart Shenanigans, Skirk Fire Marshal, Reckless One, Goblin Sledder, Skirk Prospector"
Goblins (1),Jumpstart,Other,JMP,2020-07-17,12.67,"Muxus, Goblin Grandee, Mountain, Outnumber, Goblin Instigator, Beetleback Chief"
Goblins (2),Jumpstart,Other,J25,2024-11-07,6.15,"General Kreat, the Boltbringer, Dropkick Bomber, Battle Cry Goblin, Goblin Goliath, Krenko's Command"
Goblins (3),Jumpstart,Other,JMP,2020-07-17,5.8,"Goblin Chieftain, Mountain, Goblin Instigator, Beetleback Chief, Shock"
Goblins (4),Jumpstart,Other,JMP,2020-07-17,2.76,"Krenko, Mob Boss, Goblin Lore, Mountain, Outnumber, Goblin Instigator"
Goblins 1,Jumpstart,Other,J22,2022-12-02,3.21,"Krenko, Mob Boss, Battle Squadron, Goblin Grenade, Hordeling Outburst, Volley Veteran"
Goblins 2,Jumpstart,Other,J22,2022-12-02,2.19,"Goblin Warchief, Ib Halfheart, Goblin Tactician, Goblin Grenade, Goblin Rally, Volley Veteran"
Goblins 3,Jumpstart,Other,J22,2022-12-02,13.48,"Muxus, Goblin Grandee, Goblin Grenade, Instruments of War, Volley Veteran, Destructive Tampering"
Goblins 4,Jumpstart,Other,J22,2022-12-02,7.04,"Ardoz, Cobbler of War, Goblin Rabblemaster, Goblin Grenade, Goblin Rally, Outnumber"
Goblins Everywhere!,Arena Starter Deck,Other,ANB,2020-08-13,0.0,"Tin Street Cadet, Goblin Tunneler, Nest Robber, Molten Ravager, Goblin Gang Leader"
God of War: Greek,Secret Lair Drop,Other,SLD,2025-11-06,101.75,"Kratos, God of War, Pyrohemia, Rite of Flame, World at War, Sulfuric Vortex"
God of War: Greek Foil Edition,Secret Lair Drop,Other,SLD,2025-11-06,101.75,"Kratos, God of War, Pyrohemia, Rite of Flame, World at War, Sulfuric Vortex"
God of War: Norse,Secret Lair Drop,Other,SLD,2025-11-06,37.79,"Iroas, God of Victory, Kratos, Stoic Father, Atreus, Impulsive Son, Teferi's Ageless Insight // Teferi's Ageless Insight"
God of War: Norse Foil Edition,Secret Lair Drop,Other,SLD,2025-11-06,37.79,"Iroas, God of Victory, Kratos, Stoic Father, Atreus, Impulsive Son, Teferi's Ageless Insight // Teferi's Ageless Insight"
Going Rogue,Theme Deck,Other,MOR,2008-02-01,213.41,"Notorious Throng, Island, Swamp, Oona's Blackguard, Mothdust Changeling"
Gold Deck,Starter Deck,Other,8ED,2003-07-28,24.01,"Rampant Growth, Mountain, Mountain, Forest, Mountain"
Gold Pack,Advanced Pack,Other,9ED,2005-08-09,38.21,"Naturalize, Dancing Scimitar, Forest, Mountain, Blanchwood Armor"
Golgari,Guild Kit,Other,GK1,2018-11-02,29.67,"Deathrite Shaman, Savra, Queen of the Golgari, Elves of Deep Shadow, Jarad, Golgari Lich Lord, Plaguecrafter"
Golgari Deathcreep,Theme Deck,Other,RAV,2005-10-07,115.51,"Savra, Queen of the Golgari, Elves of Deep Shadow, Golgari Grave-Troll, Stinkweed Imp, Golgari Rot Farm"
Golgari Exploration,Arena Starter Deck,Other,DOM,2018-03-22,26.06,"Tendershoot Dryad, Vizier of the Menagerie, Wildgrowth Walker, Ravenous Chupacabra, Ifnir Deadlands"
Golgari Growth,Intro Pack,Other,RTR,2012-10-05,3.69,"Treasured Find, Grisly Salvage, Wild Beastmaster, Corpsejack Menace, Korozda Guildmage"
Golgari Swarm,Arena Starter Deck,Other,M20,2019-05-03,43.24,"Overgrown Tomb, Underrealm Lich, Assassin's Trophy, Leyline Prowler, Lotleth Giant"
Golgari Swarm 1,Jumpstart,Other,CLU,2024-02-23,18.71,"Amzu, Swarm's Hunger, Golgari Signet, Tribune of Rot, Deadbridge Chant, Golgari Rot Farm"
Golgari Swarm 2,Jumpstart,Other,CLU,2024-02-23,8.82,"Underrealm Lich, Sludge Titan, Tribune of Rot, Fungal Rebirth, Golgari Rot Farm"
Gondor: Green-White,Starter Kit,Other,LTR,2023-06-23,43.95,"Bilbo's Ring, Aragorn and Arwen, Wed, Galadriel, Gift-Giver, Gandalf, White Rider, Generous Ent"
Grab for Power,Intro Pack,Other,M12,2011-07-15,59.29,"Buried Ruin, Ponder, Diabolic Tutor, Rune-Scarred Demon, Scepter of Empires"
Grave Advantage,Intro Pack,Other,FRF,2015-01-23,66.44,"Merciless Executioner, Archfiend of Depravity, Dark Deal, Hornet Queen, Forest"
Grave Danger,Theme Deck,Other,TOR,2002-02-08,478.82,"Psychatog, Careful Study, Cephalid Illusionist, Tainted Isle, Breakthrough"
Grave Matters,Arena Starter Deck,Other,SNC,2022-09-09,10.05,"Deathcap Glade, Old Rutstein, Infernal Grasp, Undead Butler, Shigeki, Jukai Visionary"
Grave Power,Intro Pack,Other,DKA,2012-02-03,21.5,"Gnaw to the Bone, Island, Island, Forest, Aether Adept"
Grave Robbers (1),Jumpstart,Other,J25,2024-11-07,0.0,"Eye Collector, Gorex, the Tombshell, Murder, Eternal Taskmaster, Grave Strength"
Grave Robbers (2),Jumpstart,Other,J25,2024-11-07,0.0,"Doomed Necromancer, Eye Collector, Dusk Mangler, Undead Butler, Gorex, the Tombshell"
Grave Robbers (3),Jumpstart,Other,J25,2024-11-07,0.0,"Dreadhound, Isareth the Awakener, Murder, Eternal Taskmaster, Grave Strength"
Grave Robbers (4),Jumpstart,Other,J25,2024-11-07,0.0,"Liliana, Death's Majesty, Undead Butler, Isareth the Awakener, Goremand, Murder"
Grave Secrets,Arena Starter Deck,Other,LTR,2023-06-20,14.92,"Breach the Multiverse, Darkslick Shores, Fallaji Archaeologist, Gix's Command, Black Sun's Twilight"
Graveborn,Premium Deck,Other,PD3,2011-11-18,91.44,"Reanimate, Crystal Vein, Entomb, Cabal Therapy, Animate Dead"
Graveyard Bash,Arena Starter Deck,Other,M19,2018-09-27,9.43,"Death Baron, Open the Graves, Yargle, Glutton of Urborg, Skulduggery, Swamp"
Great Druid,Shandalar Enemy Deck,Other,PAST,1997-04-01,135.41,"Killer Bees, Desert Twister, Birds of Paradise, Untamed Wilds, Instill Energy"
Great Lakes Avengers,Jumpstart,Other,MSH,2026-06-26,25.58,"Tippy-Toe, Terrific Partner, The Unbeatable Squirrel Girl, Flatman, Big Bertha, Mister Immortal"
Green,Game Night Deck,Other,GNT,2018-11-16,36.7,"Avatar of Growth, Gigantosaurus, Goreclaw, Terror of Qal Sisma, Rhonas's Monument, Ghalta, Primal Hunger"
Green Deck,Welcome Deck,Other,M19,2018-07-13,0.0,"Forest, Forest, Aggressive Mammoth, Ghastbark Twins, Giant Spider"
Green Deck A,Sample Deck,Other,10E,2008-05-02,27.26,"Rampant Growth, Grizzly Bears, Blanchwood Armor, Forest, Forest"
Green Deck B,Sample Deck,Other,M11,2010-07-16,31.76,"Canopy Cover, Cultivate, Garruk's Packleader, Explore, Llanowar Elves"
Green Red Beatdown,Deck Builder's Toolkit,Other,ORI,2015-07-17,2.88,"Savage Punch, Whisperer of the Wilds, Barrage of Boulders, Circle of Elders, Zendikar Incarnate"
Green Sample Deck,Sample Deck,Other,M15,2014-07-18,6.07,"Elvish Mystic, Paragon of Eternal Wilds, Forest, Forest, Forest"
Green White Convoke,Deck Builder's Toolkit,Other,M15,2014-07-18,2.39,"Triplicate Spirits, Seraph of the Masses, Siege Wurm, Raise the Alarm, Sunblade Elf"
Green and White,Deck Builder's Toolkit,Other,AKH,2017-04-28,6.9,"Manglehorn, Fairgrounds Warden, Compulsory Rest, Thopter Arrest, Shed Weakness"
Green and White Humans,Deck Builder's Toolkit,Other,KLD,2016-09-30,0.0,"Gryff's Boon, Strength of Arms, Choking Restraints, True-Faith Censer, Crossroads Consecrator"
Green-White Auras,Deck Builder's Toolkit,Other,ROE,2010-05-21,59.99,"Hyena Umbra, Snake Umbra, Canopy Cover, Aura Gnarlid, Totem-Guide Hartebeest"
Grixis Shambling Army,Intro Pack,Other,CON,2009-02-06,36.33,"Terramorphic Expanse, Crumbling Necropolis, Island, Swamp, Mountain"
Grixis Undead,Intro Pack,Other,ALA,2008-10-03,55.24,"Cruel Ultimatum, Crumbling Necropolis, Island, Swamp, Fleshbag Marauder"
Gross 1,Jumpstart,Other,J22,2022-12-02,7.28,"Massacre Wurm, Leechridden Swamp, Plaguecrafter, Skullslither Worm, Infernal Idol"
Gross 2,Jumpstart,Other,J22,2022-12-02,5.33,"Phyrexian Reclamation, Plaguecrafter, Phyrexian Plaguelord, Skullslither Worm, Blighted Fen"
Gross 3,Jumpstart,Other,J22,2022-12-02,0.0,"Plaguecrafter, Deathbringer Regent, Death Wind, Skullslither Worm, Infernal Idol"
Gross 4,Jumpstart,Other,J22,2022-12-02,3.26,"Ophiomancer, Plaguecrafter, Swarm of Bloodflies, Witch's Cauldron, Skullslither Worm"
Ground Pounder,Theme Deck,Other,BTD,2000-10-01,27.78,"Dwarven Ruins, Fireball, Ball Lightning, Shivan Dragon, Lightning Bolt"
Groundbreaker - Advanced Deck,Advanced Deck,Other,EXO,1998-06-15,224.41,"Wasteland, Reflecting Pool, Plaguebearer, Undiscovered Paradise, City of Brass"
Groundbreaker - Basic Deck,Theme Deck,Other,EXO,1998-06-15,5.34,"Searing Touch, Thopter Squadron, Necrologia, Mountain, Swamp"
Growing Hope,Arena Starter Deck,Other,LTR,2023-06-20,24.37,"Ozolith, the Shattered Spire, Kami of Whispered Hopes, Ruins Recluse, Dusk Legion Duelist, Serra Redeemer"
Growing Hunger,Arena Starter Deck,Other,AFR,2021-09-24,10.15,"Darkbore Pathway // Slitherbore Pathway, Binding the Old Gods, Drana, the Last Bloodchief, Woodland Chasm, Exponential Growth"
Gruul,Guild Kit,Other,GK2,2019-02-15,30.53,"Birds of Paradise, Rhythm of the Wild, Protean Hulk, Ruric Thar, the Unbowed, Immolation Shaman"
Gruul Clans,Arena Starter Deck,Other,M20,2019-05-03,20.68,"Stomping Ground, Rhythm of the Wild, End-Raze Forerunners, Pelt Collector, Forest"
Gruul Clans 1,Jumpstart,Other,CLU,2024-02-23,3.93,"Herald of Ilharg, Gruul Signet, Firespout, Stormblood Berserker, Pyrewild Shaman"
Gruul Clans 2,Jumpstart,Other,CLU,2024-02-23,1.46,"Colossal Majesty, Stampede Surfer, Giant Adephage, Furious Spinesplitter, Gruul Turf"
Gruul Goliaths,Intro Pack,Other,GTC,2013-02-01,22.28,"Alpha Authority, Arbor Elf, Ranger's Path, Gruul Ragebeast, Gruul Guildgate"
Gruul Siege,Intro Pack,Other,DGM,2013-05-03,2.8,"Zhur-Taa Druid, Gruul War Chant, Pit Fight, Ruric Thar, the Unbowed, Forest"
Gruul Stompy,Pioneer Challenger Deck,Other,Q08,2022-11-04,42.86,"Chandra, Torch of Defiance, Stomping Ground, Questing Beast, Elvish Mystic, Rockfall Vale"
Gruul Wilding,Theme Deck,Other,GPT,2006-02-03,35.16,"Skarrg, the Rage Pits, Wild Cantor, Borborygmos, Dryad Sophisticate, Gatherer of Graces"
Guardian of the Tusk,Shandalar Enemy Deck,Other,PAST,1997-04-01,305.03,"Berserk, Desert Twister, Colossus of Sardia, Birds of Paradise, Divine Transformation"
Guildpact Foil Redemption,MTGO Redemption,Other,GPT,2006-03-05,1015.45,"Steam Vents, Godless Shrine, Stomping Ground, Leyline of the Void, Teysa, Orzhov Scion"
Guildpact Redemption,MTGO Redemption,Other,GPT,2006-03-05,1015.45,"Steam Vents, Godless Shrine, Stomping Ground, Leyline of the Void, Teysa, Orzhov Scion"
Guilds of Ravnica Bundle Land Pack,Bundle Land Pack,Other,GRN,2018-10-05,0.0,"Swamp, Swamp, Forest, Forest, Mountain"
Guilds of Ravnica Foil Redemption,MTGO Redemption,Other,GRN,2018-11-04,338.83,"Mnemonic Betrayal, Chance for Glory, Steam Vents, Doom Whisperer, Watery Grave"
Guilds of Ravnica Redemption,MTGO Redemption,Other,GRN,2018-11-04,338.83,"Mnemonic Betrayal, Chance for Glory, Steam Vents, Doom Whisperer, Watery Grave"
HYDRA,Jumpstart,Other,MSH,2026-06-26,1.05,"Viper, Cruel Conspirator, Bob, Reluctant HYDRA Agent, Crossbones, Malicious Mercenary, HYDRA Disintegrator, Dark Deed"
Hands of Fire,Theme Deck,Other,PS11,2011-01-01,0.0,"Mountain, Mountain, Mountain, Mountain, Kamahl, Pit Fighter"
Hands of Flame,Duel Of The Planeswalkers Deck,Other,DPA,2010-06-04,14.37,"Furnace of Rath, Bloodmark Mentor, Rage Reflection, Banefire, Blaze"
Happy Little Gathering,Secret Lair Drop,Other,SLD,2021-03-15,51.35,"Mountain, Forest, Swamp, Mountain, Island"
Happy Little Gathering Foil Edition,Secret Lair Drop,Other,SLD,2021-03-15,51.35,"Mountain, Forest, Swamp, Mountain, Island"
Happy Yargle Day!,Secret Lair Drop,Other,SLD,2020-09-03,35.29,"Fatal Push, Swords to Plowshares, Explore, Opt, Anger of the Gods"
Happy Yargle Day! Foil Edition,Secret Lair Drop,Other,SLD,2020-09-03,35.29,"Fatal Push, Swords to Plowshares, Explore, Opt, Anger of the Gods"
Hard-Boiled Thrillers,Secret Lair Drop,Other,SLD,2024-02-23,100.06,"Reconnaissance, Jace, Wielder of Mysteries, Black Market, Obeka, Brute Chronologist, Dire Undercurrents"
Hard-Boiled Thrillers Foil Edition,Secret Lair Drop,Other,SLD,2024-02-23,89.99,"Reconnaissance, Jace, Wielder of Mysteries, Black Market, Obeka, Brute Chronologist, Dire Undercurrents"
Hare Raising,Starter Kit,Other,BLB,2024-08-02,7.21,"Byrke, Long Ear of the Law, Fecund Greenshell, Colossification, Hop to It, Clifftop Lookout"
Hascon 2017 Promo Cards,Box Set,Other,H17,2017-09-20,328.35,"Grimlock, Dinobot Leader // Grimlock, Ferocious King, Nerf War, Sword of Dungeons & Dragons"
Hatsune Miku: Digital Sensation,Secret Lair Drop,Other,SLD,2024-07-10,223.56,"Sol Ring, Child of Alara, Chord of Calling, Song of Creation, Diabolic Tutor"
Hatsune Miku: Digital Sensation Foil Edition,Secret Lair Drop,Other,SLD,2024-07-10,223.56,"Sol Ring, Child of Alara, Chord of Calling, Song of Creation, Diabolic Tutor"
Hatsune Miku: Electric Entourage,Secret Lair Drop,Other,SLD,2024-10-01,150.92,"Elspeth Tirel, Freyalise, Llanowar's Fury, Liliana of the Dark Realms, The Royal Scions, Jace, Unraveler of Secrets"
Hatsune Miku: Electric Entourage Foil Edition,Secret Lair Drop,Other,SLD,2024-10-01,150.92,"Elspeth Tirel, Freyalise, Llanowar's Fury, Liliana of the Dark Realms, The Royal Scions, Jace, Unraveler of Secrets"
Hatsune Miku: Sakura Superstar,Secret Lair Drop,Other,SLD,2024-05-30,159.22,"Harmonize, Azusa, Lost but Seeking, Chandra's Ignition, Feather, the Redeemed, Inspiring Vantage"
Hatsune Miku: Sakura Superstar Foil Edition,Secret Lair Drop,Other,SLD,2024-05-30,220.13,"Harmonize, Azusa, Lost but Seeking, Feather, the Redeemed, Chandra's Ignition, Inspiring Vantage"
Hatsune Miku: Winter Diva,Secret Lair Drop,Other,SLD,2025-02-11,135.94,"Swan Song, Giada, Font of Hope, Counterspell, Brago, King Eternal, Youthful Valkyrie"
Hatsune Miku: Winter Diva Foil Edition,Secret Lair Drop,Other,SLD,2025-02-11,135.94,"Swan Song, Giada, Font of Hope, Counterspell, Brago, King Eternal, Youthful Valkyrie"
Haze of Spores,MTGO Theme Deck,Other,ME2,2008-09-22,0.0,"Forest, Forest, Forest, Havenwood Battleground, Mishra's Factory"
Hazoret Aggro,Challenger Deck,Other,Q01,2018-04-06,40.31,"Chandra, Torch of Defiance, Sunscorched Desert, Soul-Scar Mage, Hazoret the Fervent, Mountain"
Healers (1),Jumpstart,Other,J25,2024-11-07,0.0,"Speaker of the Heavens, Kabira Crossroads, Qala, Ajani's Pridemate, Angel of Vitality, Hinterland Sanctifier"
Healers (2),Jumpstart,Other,J25,2024-11-07,1.92,"Valkyrie Harbinger, Qala, Ajani's Pridemate, Angel of Vitality, Hinterland Sanctifier, Take Up the Shield"
Healers (3),Jumpstart,Other,J25,2024-11-07,5.33,"Righteous Valkyrie, Kabira Crossroads, Qala, Ajani's Pridemate, Angel of Vitality, Hinterland Sanctifier"
Healers (4),Jumpstart,Other,J25,2024-11-07,4.33,"Felidar Sovereign, Rhox Faithmender, Qala, Ajani's Pridemate, Angel of Vitality, Hinterland Sanctifier"
Healing,Jumpstart,Other,FDN,2024-11-15,0.0,"Twinblade Paladin, Ancestor Dragon, Dazzling Angel, Ajani's Pridemate, Quick-Draw Katana"
Heavily Armored (1),Jumpstart,Other,JMP,2020-07-17,7.42,"Cathars' Crusade, Secure the Scene, Plains, Trusty Retriever, Plains"
Heavily Armored (2),Jumpstart,Other,JMP,2020-07-17,7.42,"Cathars' Crusade, Secure the Scene, Plains, Trusty Retriever, Plains"
Heavily Armored (3),Jumpstart,Other,JMP,2020-07-17,0.0,"Mikaeus, the Lunarch, Plains, Trusty Retriever, Plains, Supply Runners"
Heavily Armored (4),Jumpstart,Other,JMP,2020-07-17,2.55,"Duelist's Heritage, Plains, Trusty Retriever, Swift Response, Plains"
Heavy Duty,Theme Deck,Other,INV,2000-10-02,123.32,"Armadillo Cloak, Thicket Elemental, Crimson Acolyte, Forest, Elfhame Palace"
Heavy Hitters,Theme Deck,Other,8ED,2003-07-28,33.15,"Elvish Pioneer, Rampant Growth, Forest, Naturalize, Forest"
Hei Bai (1),Jumpstart,Other,TLE,2025-11-20,2.16,"That's Rough Buddy, Aang, A Lot to Learn, Plains, Suki, Courageous Rescuer, Koala-Sheep"
Hei Bai (2),Jumpstart,Other,TLE,2025-11-20,2.16,"That's Rough Buddy, Aang, A Lot to Learn, Plains, Suki, Courageous Rescuer, Sokka's Sword Training"
Here Be Dragons,Secret Lair Drop,Other,SLD,2022-06-14,247.92,"Old Gnawbone, Tiamat, Ebondeath, Dracolich, Iymrith, Desert Doom, Icingdeath, Frost Tyrant"
Heroes,Duel Deck,Other,DDL,2013-09-06,3.81,"Pyrokinesis, Sun Titan, Winds of Rath, Auramancer, Plains"
Heroes (1),Jumpstart,Other,J25,2024-11-07,1.38,"Brigone, Soldier of Meletis, Akroan Skyguard, Chains of Custody, Defiant Strike, Tethmos High Priest"
Heroes (2),Jumpstart,Other,J25,2024-11-07,1.38,"Brigone, Soldier of Meletis, Ojutai Exemplars, Chains of Custody, Defiant Strike, Valorous Stance"
Heroes United,Box Set,Other,MSH,2026-06-26,17.77,"Hawkeye, Trick Shot, Thor, Guardian of Midgard, Captain America, Unbowed, Iron Man, Futurist Paragon, Hulk, Always Angry"
Heroes for Hire,Jumpstart,Other,MSH,2026-06-26,9.02,"Luke Cage, Hero for Hire, Heroes for Hire, Iron Fist, Hero for Hire, Big Score, Bionic Blow"
Hidden Pathways,Secret Lair Drop,Other,SLU,2021-05-07,91.39,"Riverglide Pathway // Lavaglide Pathway, Barkchannel Pathway // Tidechannel Pathway, Clearwater Pathway // Murkwater Pathway, Darkbore Pathway // Slitherbore Pathway, Brightclimb Pathway // Grimclimb Pathway"
High Priest,Shandalar Enemy Deck,Other,PAST,1997-04-01,57.47,"Fellwar Stone, Armageddon, Savannah Lions, Balance, White Mana Battery"
High-Flying Valor,Arena Starter Deck,Other,LTR,2023-06-20,20.53,"Myrel, Shield of Argive, Rescue Retriever, Siege Veteran, Fortified Beachhead, Valiant Veteran"
Hit The Ground Running,Intro Pack,Other,M15,2014-07-18,8.67,"Stormtide Leviathan, Illusory Angel, Reclamation Sage, Satyr Wayfinder, Forest"
Hold The Line,Event Deck,Other,ISD,2011-10-28,23.06,"Champion of the Parish, Honor of the Pure, Fiend Hunter, Mirran Crusader, Plains"
Holy 1,Jumpstart,Other,J22,2022-12-02,3.75,"Blessed Sanctuary, Angelic Page, Angelic Cub, Emancipation Angel, Goldnight Commander"
Holy 2,Jumpstart,Other,J22,2022-12-02,14.16,"Starnheim Aspirant, Lyra Dawnbringer, Defy Death, Angelic Cub, Emancipation Angel"
Holy 3,Jumpstart,Other,J22,2022-12-02,2.78,"Valkyrie Harbinger, Planar Atlas, Dawn of Hope, Emancipation Angel, Chains of Custody"
Holy 4,Jumpstart,Other,J22,2022-12-02,5.75,"Righteous Valkyrie, Emancipation Angel, Chains of Custody, Thriving Heath, Attended Healer"
Hope's Crusaders,Theme Deck,Other,TSP,2006-10-06,19.26,"Pentarch Paladin, Sarpadian Empires, Vol. VII, Cloudchaser Kestrel, Benalish Cavalry, Celestial Crusader"
Horizon: Into the Forbidden West,Secret Lair Drop,Other,SLD,2025-11-06,52.06,"Blightsteel Colossus, Farseek, Aloy, Savior of Meridian, Tarrian's Soulcleaver, Meteor Golem"
Horizon: Into the Forbidden West Foil Edition,Secret Lair Drop,Other,SLD,2025-11-06,52.06,"Blightsteel Colossus, Farseek, Aloy, Savior of Meridian, Tarrian's Soulcleaver, Meteor Golem"
Horrific Visions,Intro Pack,Other,SOI,2016-04-08,3.43,"Liliana's Indignation, Crawling Sensation, Wild-Field Scarecrow, Inexorable Blob, Loam Dryad"
Hour of Devastation Bundle Land Pack,Bundle Land Pack,Other,HOU,2017-07-14,5.6,"Swamp, Mountain, Plains, Island, Forest"
Hour of Devastation Foil Redemption,MTGO Redemption,Other,HOU,2017-08-13,324.84,"Torment of Hailfire, The Locust God, Razaketh, the Foulblooded, Solemnity, Obelisk Spider"
Hour of Devastation Redemption,MTGO Redemption,Other,HOU,2017-08-13,324.84,"Torment of Hailfire, The Locust God, Razaketh, the Foulblooded, Solemnity, Obelisk Spider"
House Dimir,Arena Starter Deck,Other,M20,2019-05-03,36.53,"Doom Whisperer, Watery Grave, Etrata, the Silencer, Thief of Sanity, Mission Briefing"
House Dimir 1,Jumpstart,Other,CLU,2024-02-23,1.19,"Dimir Signet, Duskmantle Seer, Memory Vampire, Dimir Aqueduct, Undercover Butler"
House Dimir 2,Jumpstart,Other,CLU,2024-02-23,0.0,"Dimir Strandcatcher, Thief of Sanity, Murder, Dimir Aqueduct, Swamp"
"Huatli, Dinosaur Knight",Planeswalker Deck,Other,XLN,2017-09-29,13.8,"Huatli, Dinosaur Knight, Goring Ceratops, Kinjalli's Caller, Lightning Strike, Frenzied Raptor"
Humanity's Vengeance,Event Deck,Other,AVR,2012-05-25,282.35,"Mental Misstep, Phyrexian Metamorph, Tandem Lookout, Dismember, Porcelain Legionnaire"
Humans,Deck Builder's Toolkit,Other,M13,2012-07-13,9.29,"Avacyn's Pilgrim, Fiend Hunter, Commander's Authority, Crusader of Odric, Bonds of Faith"
Hunting (1),Jumpstart,Other,TLE,2025-11-20,2.39,"Desperate Plea, Katara, Seeking Revenge, Swamp, Raven Eagle, Diresight"
Hunting (2),Jumpstart,Other,TLE,2025-11-20,2.36,"Ruthless Waterbender, Katara, Seeking Revenge, Swamp, Raven Eagle, Diresight"
Hunting Pack,Intro Pack,Other,ORI,2015-07-17,16.28,"Managorger Hydra, Dwynen, Gilt-Leaf Daen, Shaman of the Pack, Dwynen's Elite, Skysnare Spider"
Icky (1),Jumpstart,Other,J25,2024-11-07,8.65,"Fumulus, the Infestation, Wriggling Grub, Go for the Throat, Village Rites, Nantuko Husk"
Icky (2),Jumpstart,Other,J25,2024-11-07,8.65,"Fumulus, the Infestation, Wriggling Grub, Go for the Throat, Nantuko Husk, Torment of Scarabs"
If Looks Could Kill,Secret Lair Drop,Other,SLD,2022-12-05,53.88,"Liliana of the Dark Realms, Azami, Lady of Scrolls, Reflector Mage, Adaptive Automaton"
If Looks Could Kill Foil Edition,Secret Lair Drop,Other,SLD,2022-12-05,53.88,"Liliana of the Dark Realms, Azami, Lady of Scrolls, Reflector Mage, Adaptive Automaton"
Ignite the Forge,Arena Starter Deck,Other,SNC,2022-09-09,23.84,"Haunted Ridge, Professional Face-Breaker, Atsushi, the Blazing Sky, Blood Fountain, Big Score"
Ikoria: Lair of Behemoths Bundle Land Pack,Bundle Land Pack,Other,IKO,2020-04-24,6.18,"Swamp, Swamp, Plains, Plains, Forest"
Ikoria: Lair of Behemoths Foil Redemption,MTGO Redemption,Other,IKO,2020-05-24,313.63,"The Ozolith, Zagoth Triome, Kinnan, Bonder Prodigy, Indatha Triome, Savai Triome"
Ikoria: Lair of Behemoths Redemption,MTGO Redemption,Other,IKO,2020-05-24,313.63,"The Ozolith, Zagoth Triome, Kinnan, Bonder Prodigy, Indatha Triome, Savai Triome"
Illusionary Might,Event Deck,Other,M12,2011-08-12,98.08,"Preordain, Phantasmal Image, Glimmerpost, Steel Hellkite, Grand Architect"
Illusions,Jumpstart,Other,J25,2024-11-07,0.0,"Pol Jamaar, Illusionist, Lord of the Unreal, Murmuring Mystic, Oneirophage, Krovikan Mist"
Imaginary Friends,Secret Lair Drop,Other,SLD,2022-10-25,73.56,"Toothy, Imaginary Friend, The Gitrog Monster, Pir, Imaginative Rascal, Matter Reshaper"
Imaginary Friends Foil Edition,Secret Lair Drop,Other,SLD,2022-10-25,73.56,"Toothy, Imaginary Friend, The Gitrog Monster, Pir, Imaginative Rascal, Matter Reshaper"
Impaler,Theme Deck,Other,S99,1999-07-12,4.21,"Nature's Lore, Renewing Touch, Whirlwind, Pride of Lions, Forest"
In Memoriam: Jaya Ballard,Secret Lair Drop,Other,SLD,2022-10-25,102.07,"Pyretic Ritual, Repercussion, Jaya's Immolating Inferno, Pyromancer's Goggles, Jaya Ballard"
In Memoriam: Jaya Ballard Foil Edition,Secret Lair Drop,Other,SLD,2022-10-25,102.07,"Pyretic Ritual, Repercussion, Jaya's Immolating Inferno, Pyromancer's Goggles, Jaya Ballard"
Incredible,Jumpstart,Other,MSH,2026-06-26,13.38,"Hulk, Strongest There Is, Hulk's Thunderclap, She-Hulk, Attorney-at-Law, Origin of the Hulk, Doc Samson, Super Psychiatrist"
Infantry 1,Jumpstart,Other,BRO,2022-11-18,1.33,"Rescue Retriever, Recruitment Officer, Lay Down Arms, Recommission, Reconstructed Thopter"
Infantry 2,Jumpstart,Other,BRO,2022-11-18,1.33,"Rescue Retriever, Lay Down Arms, Yotian Frontliner, Scrapwork Cohort, Static Net"
Infect & Defile,Event Deck,Other,MBS,2011-02-25,104.64,"Preordain, Plague Myr, Hand of the Praetors, Corrupted Conscience, Deprive"
Infernal Intervention,Intro Pack,Other,M15,2014-07-18,20.26,"Profane Memento, Typhoid Rats, Indulgent Tormentor, Burning Anger, Mountain"
Inferno,Jumpstart,Other,FDN,2024-11-15,1.28,"Terror of Mount Velus, Carnelian Orb of Dragonkind, Seize the Spoils, Firespitter Whelp, Dragonlord's Servant"
Infestation,Theme Deck,Other,7ED,2001-04-11,843.03,"Goblin King, Goblin Matron, Trained Orgg, Shock, Blaze"
Ingenious Machinists,Duel Deck,Other,DDU,2018-04-06,40.23,"Goblin Welder, Darksteel Plate, Great Furnace, Galvanic Blast, Darksteel Citadel"
Inked,Secret Lair Drop,Other,SLD,2026-05-29,34.89,"Crypt Ghast, Deathrite Shaman, Ice-Fang Coatl, Burnished Hart, Mulldrifter"
Inked Foil Edition,Secret Lair Drop,Other,SLD,2026-05-29,34.89,"Crypt Ghast, Deathrite Shaman, Ice-Fang Coatl, Burnished Hart, Mulldrifter"
Innistrad Fat Pack Land Pack,Bundle Land Pack,Other,ISD,2011-09-30,15.32,"Mountain, Swamp, Island, Plains, Island"
Innistrad Foil Redemption,MTGO Redemption,Other,ISD,2011-10-30,814.83,"Liliana of the Veil, Snapcaster Mage, Parallel Lives, Moonmist, Infernal Plunge"
Innistrad Redemption,MTGO Redemption,Other,ISD,2011-10-30,814.83,"Liliana of the Veil, Snapcaster Mage, Parallel Lives, Moonmist, Infernal Plunge"
Innistrad: Crimson Vow Bundle Land Pack,Bundle Land Pack,Other,VOW,2021-11-19,0.0,"Swamp, Swamp, Forest, Forest, Island"
Innistrad: Crimson Vow Foil Redemption,MTGO Redemption,Other,VOW,2021-12-19,173.28,"Toxrill, the Corrosive, Hallowed Haunting, Deathcap Glade, Necroduality, Olivia, Crimson Bride"
Innistrad: Crimson Vow Redemption,MTGO Redemption,Other,VOW,2021-12-19,173.28,"Toxrill, the Corrosive, Hallowed Haunting, Deathcap Glade, Necroduality, Olivia, Crimson Bride"
Innistrad: Crimson Vow Welcome Booster,Welcome Booster,Other,VOW,2021-11-19,3.71,"Sorin, Vengeful Bloodlord, Niv-Mizzet, the Firemind, Thirst for Discovery, Voldaren Epicure, Commander's Sphere"
Innistrad: Midnight Hunt Bundle Land Pack,Bundle Land Pack,Other,MID,2021-09-24,0.0,"Mountain, Mountain, Island, Island, Swamp"
Innistrad: Midnight Hunt Foil Redemption,MTGO Redemption,Other,MID,2021-10-24,139.5,"The Meathook Massacre, Haunted Ridge, Shipwreck Marsh, Jadar, Ghoulcaller of Nephalia, Deserted Beach"
Innistrad: Midnight Hunt Redemption,MTGO Redemption,Other,MID,2021-10-24,139.5,"The Meathook Massacre, Haunted Ridge, Shipwreck Marsh, Jadar, Ghoulcaller of Nephalia, Deserted Beach"
Innistrad: Midnight Hunt Welcome Booster,Welcome Booster,Other,MID,2021-09-24,0.0,"Rally the Ranks, Triskaidekaphobia, Arlinn, Voice of the Pack, Bladestitched Skaab, Commander's Sphere"
Insanity,Theme Deck,Other,TOR,2002-02-08,315.14,"Arrogant Wurm, Putrid Imp, Basking Rootwalla, Tainted Wood, Wild Mongrel"
Insatiable Hunger,Intro Pack,Other,BNG,2014-02-07,17.03,"Searing Blood, Mistcutter Hydra, Forest, Voyaging Satyr, Opaline Unicorn"
Insects 1,Jumpstart,Other,J22,2022-12-02,0.0,"Iridescent Hornbeetle, Caustic Caterpillar, Duskshell Crawler, Crawling Sensation, Nantuko Cultivator"
Insects 2,Jumpstart,Other,J22,2022-12-02,30.63,"Zask, Skittering Swarmlord, Circuit Mender, Caustic Caterpillar, Crawling Sensation, Kraul Harpooner"
Insects 3,Jumpstart,Other,J22,2022-12-02,0.0,"Iridescent Hornbeetle, Phantom Nantuko, Caustic Caterpillar, Crawling Sensation, Deadbridge Goliath"
Insects 4,Jumpstart,Other,J22,2022-12-02,30.63,"Zask, Skittering Swarmlord, Caustic Caterpillar, Crawling Sensation, Rampaging Growth, Nantuko Cultivator"
Inspiration-Struck,Intro Pack,Other,BNG,2014-02-07,22.65,"Retraction Helix, Springleaf Drum, Curse of the Swine, Siren of the Silent Song, Island"
Inspiring Heroics,Event Deck,Other,THS,2013-10-18,32.75,"Hallowed Fountain, Imposing Sovereign, Dryad Militant, Frontline Medic, Plains"
Insurgent (1),Jumpstart,Other,TLE,2025-11-20,2.47,"Tale of Momo, Momo, Rambunctious Rascal, Airbender's Reversal, Plains, Aang, the Last Airbender"
Insurgent (2),Jumpstart,Other,TLE,2025-11-20,9.34,"Duelist's Heritage, That's Rough Buddy, Momo, Rambunctious Rascal, Hakoda, Selfless Commander, Plains"
International Women's Day 2020,Secret Lair Drop,Other,SLD,2020-03-08,100.47,"Meren of Clan Nel Toth, Oona, Queen of the Fae, Captain Sisay, Saskia the Unyielding, Narset, Enlightened Master"
Intl. Collectors' Edition,Box Set,Other,CEI,1993-12-10,6814.07,"Mox Emerald, Ancestral Recall, Time Walk, Mox Jet, Volcanic Island"
Into the Breach,Event Deck,Other,MBS,2011-02-25,95.89,"Memnite, Galvanic Blast, Goblin Bushwhacker, Kuldotha Rebirth, Signal Pest"
Introducing: Kaito Shizuki,Secret Lair Drop,Other,SLD,2022-07-22,77.61,"Snap, Brain Freeze, Bribery, Unmask, Shadow of Doubt"
Introducing: Kaito Shizuki Foil Edition,Secret Lair Drop,Other,SLD,2022-07-22,77.61,"Snap, Brain Freeze, Bribery, Unmask, Shadow of Doubt"
Inundation,Theme Deck,Other,JUD,2002-05-27,272.13,"Commander Eesha, Unquestioned Authority, Prismatic Strands, Battle Screech, Tireless Tribe"
Invading Spawn,Intro Pack,Other,ROE,2010-04-23,90.94,"Pawn of Ulamog, Lightning Bolt, Emrakul's Hatcher, Hand of Emrakul, Drana, Kalastria Bloodchief"
Invasion Foil Redemption,MTGO Redemption,Other,INV,2000-11-01,6057.58,"Phyrexian Altar, Tsabo's Web, Fact or Fiction, Crosis, the Purger, Reya Dawnbringer"
Invasion Redemption,MTGO Redemption,Other,INV,2000-11-01,6057.58,"Phyrexian Altar, Tsabo's Web, Fact or Fiction, Crosis, the Purger, Reya Dawnbringer"
Inventive (1),Jumpstart,Other,J25,2024-11-07,0.0,"Seat of the Synod, Sai, Master Thopterist, Ornithopter of Paradise, Chief of the Foundry, Island"
Inventive (2),Jumpstart,Other,J25,2024-11-07,0.0,"Seat of the Synod, Sai, Master Thopterist, Ornithopter of Paradise, Fireshrieker, Shimmer Dragon"
Inventive (3),Jumpstart,Other,J25,2024-11-07,2.7,"Thoughtcast, Padeem, Consul of Innovation, Seat of the Synod, Myr Enforcer, Ornithopter of Paradise"
Inventive (4),Jumpstart,Other,J25,2024-11-07,1.0,"Padeem, Consul of Innovation, Seat of the Synod, Ornithopter of Paradise, Guardian Idol, Chief of the Foundry"
Inventive 1,Jumpstart,Other,J22,2022-12-02,6.76,"Tezzeret, Artifice Master, Seat of the Synod, Planar Atlas, Aether Spellbomb, Merfolk Pupil"
Inventive 2,Jumpstart,Other,J22,2022-12-02,3.22,"Seat of the Synod, Hangarback Walker, Launch Mishap, Whirler Rogue, Thriving Isle"
Inventive 3,Jumpstart,Other,J22,2022-12-02,3.17,"Seat of the Synod, Steel Overseer, Thopter Spy Network, Aether Spellbomb, Launch Mishap"
Inventive 4,Jumpstart,Other,J22,2022-12-02,1.93,"Seat of the Synod, Solemn Simulacrum, Aether Spellbomb, Launch Mishap, Whirler Rogue"
Iroh,Jumpstart,Other,TLE,2025-11-20,14.32,"Bolt Bend, Iroh, Dragon of the West, Fiery Confluence, Zuko, Seeking Honor, Thriving Bluff"
Iron Maiden: Album Art,Secret Lair Drop,Other,SLD,2025-10-27,96.14,"Animate Dead, Unearth, Grave Titan, Temporal Trespass, Lethal Scheme"
Iron Maiden: Album Art Foil Edition,Secret Lair Drop,Other,SLD,2025-10-27,96.14,"Animate Dead, Unearth, Grave Titan, Temporal Trespass, Lethal Scheme"
Iron Maiden: Eddie Unchained,Secret Lair Drop,Other,SLD,2025-10-27,173.38,"Bruvac the Grandiloquent, Nekusar, the Mindrazer, Windfall, Mindcrank, Captain N'ghathrod"
Iron Maiden: Eddie Unchained Foil Edition,Secret Lair Drop,Other,SLD,2025-10-27,173.38,"Bruvac the Grandiloquent, Nekusar, the Mindrazer, Windfall, Mindcrank, Captain N'ghathrod"
Iron Man,Jumpstart,Other,MSH,2026-06-26,20.89,"Iron Man, Bleeding Edge, Origin of Iron Man, Iron Suitcase, Rescue, Pepper Potts, Happy Hogan, Bodyguard"
Ivory Doom,Theme Deck,Other,ONS,2002-10-07,244.77,"Smother, Astral Slide, Starlit Sanctum, Barren Moor, Secluded Steppe"
Ixalan Bundle Land Pack,Bundle Land Pack,Other,XLN,2017-09-29,1.9,"Island, Forest, Island, Forest, Forest"
Ixalan Foil Redemption,MTGO Redemption,Other,XLN,2017-10-29,348.61,"Gishath, Sun's Avatar, Revel in Riches, Herald of Secret Streams, Vanquisher's Banner, Primal Amulet // Primal Wellspring"
Ixalan Redemption,MTGO Redemption,Other,XLN,2017-10-29,348.61,"Gishath, Sun's Avatar, Revel in Riches, Herald of Secret Streams, Vanquisher's Banner, Primal Amulet // Primal Wellspring"
Ixidor's Legacy,Theme Deck,Other,PLC,2007-02-02,70.89,"Pongify, Desert, Piracy Charm, Aeon Chronicler, Riptide Pilferer"
Izzet,Duel Deck,Other,DDJ,2012-09-07,18.21,"Isochron Scepter, Brainstorm, Force Spike, Niv-Mizzet, the Firemind, Gelectrode"
Izzet Gizmometry,Theme Deck,Other,GPT,2006-02-03,53.91,"Gelectrode, Telling Time, Izzet Boilerworks, Repeal, Tibor and Lumia"
Izzet Ingenuity,Intro Pack,Other,RTR,2012-10-05,23.64,"Electrickery, Blustersquall, Guttersnipe, Mizzium Mortars, Krenko's Command"
Izzet League,Arena Starter Deck,Other,M20,2019-05-03,47.46,"Steam Vents, Niv-Mizzet, Parun, Electrostatic Field, Runaway Steam-Kin, Thousand-Year Storm"
Izzet League 1,Jumpstart,Other,CLU,2024-02-23,4.6,"Stunt Double, Consider, Turn to Frog, Izzet Boilerworks, Resonance Technician"
Izzet League 2,Jumpstart,Other,CLU,2024-02-23,16.28,"Corporeal Projection, Lightning Bolt, Izzet Signet, Hypersonic Dragon, Izzet Boilerworks"
Izzet Phoenix,Pioneer Challenger Deck,Other,Q08,2022-11-04,34.41,"Steam Vents, Treasure Cruise, Arclight Phoenix, Sulfur Falls, Fiery Impulse"
Izzet Spellweaving,Arena Starter Deck,Other,DOM,2018-03-22,32.8,"Primal Amulet // Primal Wellspring, Spell Swindle, Star of Extinction, Cryptic Serpent, Censor"
Jace,Duel Deck,Other,JVC,2014-12-05,16.31,"Counterspell, Gush, Terrain Generator, Ancestral Vision, Jace Beleren"
Jace Japanese,Duel Deck,Other,DD2,2008-11-07,18.27,"Counterspell, Terrain Generator, Gush, Ancestral Vision, Daze"
"Jace, Arcane Strategist",Planeswalker Deck,Other,WAR,2019-05-03,16.87,"Spark Double, Kiora, Behemoth Beckoner, Merfolk Skydiver, Jace, Arcane Strategist, Guildpact Informant"
"Jace, Ingenious Mind Mage",Planeswalker Deck,Other,XLN,2017-09-29,28.41,"Herald of Secret Streams, Fleet Swallower, Tempest Caller, Island, Jace, Ingenious Mind-Mage"
Jakub Šlemr - Mono-Black Control,World Championship Deck,Other,WC99,1999-08-04,222.19,"Vampiric Tutor, Yawgmoth's Will, Volrath's Stronghold, Powder Keg, Wasteland"
Jakub Šlemr - Prismatic Black Aggro,World Championship Deck,Other,WC97,1997-08-13,38.12,"City of Brass, Undiscovered Paradise, Gemstone Mine, Swamp, Sulfurous Springs"
Jan Tomcani - Dark Fires,World Championship Deck,Other,WC01,2001-08-08,91.3,"Llanowar Wastes, City of Brass, Rishadan Port, Birds of Paradise, Forest"
Janosch Kühn - Angry Non-Hermit,World Championship Deck,Other,WC00,2000-08-02,62.29,"Dust Bowl, Rishadan Port, Birds of Paradise, Masticore, Saproling Burst"
Janosch Kühn - Red-White-Blue Speed Control,World Championship Deck,Other,WC97,1997-08-13,102.2,"Force of Will, City of Brass, Thawing Glaciers, Swords to Plowshares, Undiscovered Paradise"
Jaws: Terror of Amity Island,Secret Lair Drop,Other,SLD,2025-10-27,231.79,"Jaws, Relentless Predator, Descent into Avernus, Sneak Attack, Reckless Endeavor, Abrade"
Jaws: Terror of Amity Island Foil Edition,Secret Lair Drop,Other,SLD,2025-10-27,231.79,"Jaws, Relentless Predator, Descent into Avernus, Sneak Attack, Reckless Endeavor, Abrade"
Jeskai Monks,Intro Pack,Other,KTK,2014-09-26,11.93,"Monastery Swiftspear, Mystic Monastery, Void Snare, Mountain, Plains"
Jiang Yanggu,Planeswalker Deck,Other,GS1,2018-06-22,0.0,"Jiang Yanggu, Mountain, Forest, Screeching Phoenix, Journey for the Elixir"
Jon Finkel - Mono-Blue Tinker,World Championship Deck,Other,WC00,2000-08-02,109.51,"Grim Monolith, Metalworker, Rishadan Port, Tangle Wire, Masticore"
Journey 1,Jumpstart,Other,LTR,2023-06-23,9.58,"Elanor Gardner, Mirkwood Spider, Meriadoc Brandybuck, Revive the Shire, Quickbeam, Upstart Ent"
Journey 2,Jumpstart,Other,LTR,2023-06-23,11.16,"Elanor Gardner, Peregrin Took, Meriadoc Brandybuck, Revive the Shire, Quickbeam, Upstart Ent"
Journey into Nyx Foil Redemption,MTGO Redemption,Other,JOU,2014-06-01,497.98,"Sage of Hours, Mana Confluence, Athreos, God of Passage, Iroas, God of Victory, Worst Fears"
Journey into Nyx Redemption,MTGO Redemption,Other,JOU,2014-06-01,497.98,"Sage of Hours, Mana Confluence, Athreos, God of Passage, Iroas, God of Victory, Worst Fears"
Judgment Foil Redemption,MTGO Redemption,Other,JUD,2002-06-26,3362.32,"Sylvan Safekeeper, Cabal Therapy, Anger, Seedtime, Dwarven Bloodboiler"
Judgment Redemption,MTGO Redemption,Other,JUD,2002-06-26,3362.32,"Sylvan Safekeeper, Cabal Therapy, Anger, Seedtime, Dwarven Bloodboiler"
Julien Nuijten - Green-White Astral Slide,World Championship Deck,Other,WC04,2004-09-01,12.3,"Windswept Heath, Decree of Justice, Wrath of God, Plains, Forest"
Jund Appetite for War,Intro Pack,Other,CON,2009-02-06,34.97,"Terramorphic Expanse, Voracious Dragon, Swamp, Forest, Mountain"
Jungle Jam,MTGO Theme Deck,Other,MIR,2006-12-05,39.99,"Worldly Tutor, Zuberi, Golden Feather, Mountain Valley, Forest, Plains"
Jungle Secrets,Arena Starter Deck,Other,M19,2018-09-27,36.85,"Herald of Secret Streams, Kumena, Tyrant of Orazca, Tempest Caller, Merfolk Mistbinder, Seafloor Oracle"
Jurassic World: Dr. Ian Malcolm,Secret Lair Drop,Other,SLD,2023-12-05,92.71,"Atla Palani, Nest Tender, Tasigur, the Golden Fang, Tasha's Hideous Laughter, Laboratory Maniac"
Jurassic World: Dr. Ian Malcolm Foil Edition,Secret Lair Drop,Other,SLD,2023-12-05,100.15,"Atla Palani, Nest Tender, Tasigur, the Golden Fang, Tasha's Hideous Laughter, Laboratory Maniac"
Jurassic World: Life Breaks Free,Secret Lair Drop,Other,SLD,2023-12-05,201.7,"Etali, Primal Storm, Regisaur Alpha, Polyraptor, Rampaging Ferocidon, Wayward Swordtooth"
Jurassic World: Life Breaks Free Foil Edition,Secret Lair Drop,Other,SLD,2023-12-05,219.52,"Etali, Primal Storm, Polyraptor, Regisaur Alpha, Wayward Swordtooth, Rampaging Ferocidon"
Just Add Milk,Secret Lair Drop,Other,SLD,2022-12-19,65.99,"Ulamog, the Ceaseless Hunger // Ulamog, the Ceaseless Hunger, Ghalta, Primal Hunger // Ghalta, Primal Hunger, Etali, Primal Storm // Etali, Primal Storm"
Just Add Milk Foil Edition,Secret Lair Drop,Other,SLD,2022-12-19,65.99,"Ulamog, the Ceaseless Hunger // Ulamog, the Ceaseless Hunger, Ghalta, Primal Hunger // Ghalta, Primal Hunger, Etali, Primal Storm // Etali, Primal Storm"
Just Add Milk: Second Helpings,Secret Lair Drop,Other,SLD,2024-02-23,65.04,"Sakashima of a Thousand Faces // Sakashima of a Thousand Faces, Adrix and Nev, Twincasters // Adrix and Nev, Twincasters, Krark, the Thumbless // Krark, the Thumbless, Yargle, Glutton of Urborg // Yargle, Glutton of Urborg"
Just Add Milk: Second Helpings Foil Edition,Secret Lair Drop,Other,SLD,2024-02-23,65.04,"Sakashima of a Thousand Faces // Sakashima of a Thousand Faces, Adrix and Nev, Twincasters // Adrix and Nev, Twincasters, Krark, the Thumbless // Krark, the Thumbless, Yargle, Glutton of Urborg // Yargle, Glutton of Urborg"
Just Some Totally Normal Guys,Secret Lair Drop,Other,SLD,2022-08-05,57.0,"Void Winnower, Collector Ouphe, Vengevine, Goblin Settler"
Just Some Totally Normal Guys Foil Edition,Secret Lair Drop,Other,SLD,2022-08-05,57.0,"Void Winnower, Collector Ouphe, Vengevine, Goblin Settler"
KEXP: Where the Music Matters,Secret Lair Drop,Other,SLD,2025-05-13,17.76,"Forest, Swamp, Mountain, Island, Plains"
KEXP: Where the Music Matters Foil Edition,Secret Lair Drop,Other,SLD,2025-05-13,17.76,"Forest, Swamp, Mountain, Island, Plains"
KEXP: You Are Not Alone,Secret Lair Drop,Other,SLD,2025-05-13,65.19,"Concordant Crossroads, Font of Mythos, Rites of Flourishing, Cultural Exchange, Folio of Fancies"
KEXP: You Are Not Alone Foil Edition,Secret Lair Drop,Other,SLD,2025-05-13,65.19,"Concordant Crossroads, Font of Mythos, Rites of Flourishing, Cultural Exchange, Folio of Fancies"
Kai Budde - Red-Artifact Wildfire,World Championship Deck,Other,WC99,1999-08-04,165.63,"Ancient Tomb, City of Traitors, Grim Monolith, Cursed Scroll, Karn, Silver Golem"
Kaladesh Bundle Land Pack,Bundle Land Pack,Other,KLD,2016-09-30,0.0,"Island, Swamp, Forest, Island, Forest"
Kaladesh Foil Redemption,MTGO Redemption,Other,KLD,2016-10-30,282.37,"Aetherflux Reservoir, Inventors' Fair, Noxious Gearhulk, Chandra, Torch of Defiance, Authority of the Consuls"
Kaladesh Gift Box Land Pack,Bundle Land Pack,Other,KLD,2016-11-25,0.0,"Island, Swamp, Forest, Island, Forest"
Kaladesh Redemption,MTGO Redemption,Other,KLD,2016-10-30,282.37,"Aetherflux Reservoir, Inventors' Fair, Noxious Gearhulk, Chandra, Torch of Defiance, Authority of the Consuls"
Kaldheim Bundle Land Pack,Bundle Land Pack,Other,KHM,2021-02-05,7.76,"Swamp, Swamp, Island, Island, Mountain"
Kaldheim Foil Redemption,MTGO Redemption,Other,KHM,2021-03-07,369.7,"Vorinclex, Monstrous Raider, Birgi, God of Storytelling // Harnfel, Horn of Bounty, Halvar, God of Battle // Sword of the Realms, Esika, God of the Tree // The Prismatic Bridge, Tergrid, God of Fright // Tergrid's Lantern"
Kaldheim Redemption,MTGO Redemption,Other,KHM,2021-03-07,369.7,"Vorinclex, Monstrous Raider, Birgi, God of Storytelling // Harnfel, Horn of Bounty, Halvar, God of Battle // Sword of the Realms, Esika, God of the Tree // The Prismatic Bridge, Tergrid, God of Fright // Tergrid's Lantern"
Kaleidoscope Killers,Secret Lair Drop,Other,SLD,2019-12-08,105.87,"The Ur-Dragon, Sliver Overlord, Reaper King"
Kamahl's Temper,Theme Deck,Other,10E,2007-07-13,10.16,"Dragon's Claw, Blaze, Threaten, Incinerate, Raging Goblin"
Kami Reborn,Theme Deck,Other,CHK,2004-10-01,110.18,"Honden of Life's Web, Kodama's Reach, Honden of Night's Reach, Iname, Death Aspect, Long-Forgotten Gohei"
Kamigawa Ink,Secret Lair Drop,Other,SLD,2021-12-13,86.69,"Michiko Konda, Truth Seeker, Kami of the Crescent Moon, Heartless Hidetsugu, Reki, the History of Kamigawa, Toshiro Umezawa"
Kamigawa Ink Foil Edition,Secret Lair Drop,Other,SLD,2021-12-13,86.69,"Michiko Konda, Truth Seeker, Kami of the Crescent Moon, Heartless Hidetsugu, Reki, the History of Kamigawa, Toshiro Umezawa"
Kamigawa: Neon Dynasty Bundle Land Pack,Bundle Land Pack,Other,NEO,2022-02-18,0.0,"Swamp, Swamp, Swamp, Swamp, Mountain"
Kamigawa: Neon Dynasty Foil Redemption,MTGO Redemption,Other,NEO,2022-03-20,301.07,"Boseiju, Who Endures, Otawara, Soaring City, Kodama of the West Tree, Takenuma, Abandoned Mire, Jin-Gitaxias, Progress Tyrant"
Kamigawa: Neon Dynasty Redemption,MTGO Redemption,Other,NEO,2022-03-20,301.07,"Boseiju, Who Endures, Otawara, Soaring City, Kodama of the West Tree, Takenuma, Abandoned Mire, Jin-Gitaxias, Progress Tyrant"
Kamigawa: Neon Dynasty Welcome Booster,Welcome Booster,Other,NEO,2022-02-18,5.13,"Jugan, the Rising Star, Tamiyo, Collector of Tales, Archon of Sun's Grace, Spirited Companion, Dokuchi Shadow-Walker"
Kamigawa: the Manga: the Cards,Secret Lair Drop,Other,SLD,2022-07-22,107.69,"Veil of Summer, Swords to Plowshares, Idyllic Tutor, Praetor's Grasp, Solve the Equation"
Kamigawa: the Manga: the Cards Foil Edition,Secret Lair Drop,Other,SLD,2022-07-22,107.69,"Veil of Summer, Swords to Plowshares, Idyllic Tutor, Praetor's Grasp, Solve the Equation"
Kang Dynasty,Jumpstart,Other,MSH,2026-06-26,34.0,"Immortus, Master of Eternity, Multiversal Recruitment, Time Warp, Pharaoh Rama-Tut, Victor Timely, Wily Tycoon"
Katara,Jumpstart,Other,TLE,2025-11-20,9.8,"Katara, Waterbending Master, Consider, Island, Gran-Gran, It'll Quench Ya!"
Kazz's First Deck,Intro Pack,Other,ITP,1996-12-31,92.19,"Twiddle, Island, Merfolk of the Pearl Trident, Mountain, Swamp"
Kazz's Second Deck,Intro Pack,Other,RQS,1996-06-10,0.0,"Island, Island, Mountain, Mountain, Mountain"
"Keep Partying Hard, Shred Harder Than You Previously Thought Possible",Secret Lair Drop,Other,SLD,2023-09-15,119.43,"Jeska, Thrice Reborn, Tevesh Szat, Doom of Fools, Vial Smasher the Fierce, Godo, Bandit Warlord"
"Keep Partying Hard, Shred Harder Than You Previously Thought Possible Foil Edition",Secret Lair Drop,Other,SLD,2023-09-15,119.43,"Jeska, Thrice Reborn, Tevesh Szat, Doom of Fools, Vial Smasher the Fierce, Godo, Bandit Warlord"
Keep the Peace,Arena Starter Deck,Other,ANB,2020-08-13,0.0,"Charmed Stray, Fencing Ace, Hallowed Priest, Impassioned Orator, Moorland Inquisitor"
Khans of Tarkir Foil Redemption,MTGO Redemption,Other,KTK,2014-10-26,395.93,"Wooded Foothills, Bloodstained Mire, Polluted Delta, Windswept Heath, Flooded Strand"
Khans of Tarkir Holiday Gift Box Land Pack,Bundle Land Pack,Other,KTK,2014-11-14,1.05,"Mountain, Forest, Plains, Plains, Island"
Khans of Tarkir Redemption,MTGO Redemption,Other,KTK,2014-10-26,395.93,"Wooded Foothills, Bloodstained Mire, Polluted Delta, Windswept Heath, Flooded Strand"
Kiora,Duel Deck,Other,DDO,2015-02-27,1.29,"Kiora, the Crashing Wave, Whelming Wave, Scourge of Fleets, Inkwell Leviathan, Aetherize"
Kiska-Ra,Shandalar Enemy Deck,Other,PAST,1997-04-01,17354.65,"Time Walk, Ancestral Recall, Mox Pearl, Mox Emerald, Desert Twister"
Kithkin Militia,Theme Deck,Other,LRW,2007-10-12,113.95,"Brigid, Hero of Kinsbaile, Shields of Velis Vel, Crib Swap, Goldmeadow Harrier, Kithkin Harbinger"
Kjeldoran Cunning,Theme Deck,Other,CSP,2006-07-21,91.38,"Darien, King of Kjeldor, Field Marshal, Boreal Shelf, Jötun Grunt, Swords to Plowshares"
Knights,Jumpstart,Other,J22,2022-12-02,19.98,"Balan, Wandering Knight, The Circle of Loyalty, Danitha Capashen, Paragon, Hero's Blade, Chains of Custody"
Kor Armory,Intro Pack,Other,ZEN,2009-10-02,16.13,"Kor Skyfisher, Kabira Crossroads, Explorer's Scope, Kor Cartographer, Conqueror's Pledge"
Koth,Duel Deck,Other,DDI,2012-03-30,3.16,"Koth of the Hammer, Anger, Searing Blaze, Aether Membrane, Wayfarer's Bauble"
Kyoshi,Jumpstart,Other,TLE,2025-11-20,27.27,"Avatar Kyoshi, Earthbender, Cracked Earth Technique, Elephant-Mandrill, Tectonic Split, Kyoshi Warrior Exemplars"
Kzzy'n - The Dragon Lord,Shandalar Enemy Deck,Other,PAST,1997-04-01,387.99,"Mountain, Ivory Tower, Birds of Paradise, Winds of Change, Shivan Dragon"
Landfall (1),Jumpstart,Other,J25,2024-11-07,5.92,"Lotus Cobra, Undergrowth Champion, Sutina, Speaker of the Tajuru, Harrow, Skyclave Pick-Axe"
Landfall (2),Jumpstart,Other,J25,2024-11-07,12.89,"Ancient Greenwarden, Retreat to Kazandu, Sutina, Speaker of the Tajuru, Kazandu Nectarpot, Bite Down"
Landfall (3),Jumpstart,Other,J25,2024-11-07,25.98,"Scythecat Cub, Retreat to Kazandu, Sutina, Speaker of the Tajuru, Harrow, Cliffhaven Kitesail"
Landfall (4),Jumpstart,Other,J25,2024-11-07,25.98,"Scythecat Cub, Sutina, Speaker of the Tajuru, Grazing Gladehart, Harrow, Groundswell"
Landfall 1,Jumpstart,Other,J22,2022-12-02,4.97,"Courser of Kruphix, Zendikar's Roil, Primeval Herald, Rampaging Baloths, Khalni Heart Expedition"
Landfall 2,Jumpstart,Other,J22,2022-12-02,4.09,"Broken Bond, Avenger of Zendikar, Primeval Herald, Fertilid, Khalni Heart Expedition"
Lands (1),Jumpstart,Other,JMP,2020-07-17,1.41,"Cultivate, Zendikar's Roil, Ulvenwald Hydra, Feral Hydra, Thriving Grove"
Lands (2),Jumpstart,Other,JMP,2020-07-17,5.48,"Oracle of Mul Daya, Cultivate, Feral Hydra, Sporemound, Thriving Grove"
Landslide Charge,Event Deck,Other,DTK,2015-03-27,49.58,"Stubborn Denial, Elvish Mystic, Thunderbreak Regent, Mistcutter Hydra, Frontier Bivouac"
Large and in Charge,Arena Starter Deck,Other,ANB,2020-08-13,0.0,"Jungle Delver, Ilysian Caryatid, Woodland Mystic, Wildwood Patrol, Baloth Packhunter"
Law 1,Jumpstart,Other,J22,2022-12-02,0.0,"Archon of Justice, Thriving Heath, Skyhunter Patrol, Plains, Plains"
Law 2,Jumpstart,Other,J22,2022-12-02,1.82,"Unquestioned Authority, Thriving Heath, Decree of Justice, Skyhunter Patrol, Phalanx Tactics"
Law 3,Jumpstart,Other,J22,2022-12-02,1.82,"Unquestioned Authority, Gideon, Champion of Justice, Thriving Heath, Skyhunter Patrol, Plains"
Law 4,Jumpstart,Other,J22,2022-12-02,10.14,"Michiko Konda, Truth Seeker, Isamaru, Hound of Konda, Thriving Heath, Skyhunter Patrol, Plains"
Learning (1),Jumpstart,Other,TLE,2025-11-20,7.91,"Cracked Earth Technique, Crystalline Armor, Origin of Metalbending, Aang, A Lot to Learn, Shared Roots"
Learning (2),Jumpstart,Other,TLE,2025-11-20,5.54,"Cracked Earth Technique, Master's Guidance, Aang, A Lot to Learn, Forest, True Ancestry"
Legendary Flyers (Not That Kind),Secret Lair Drop,Other,SLD,2023-05-05,109.62,"Phage the Untouchable, Sen Triplets, Alela, Artful Provocateur, Yisan, the Wanderer Bard"
Legion (1),Jumpstart,Other,J25,2024-11-07,1.97,"Adeline, Resplendent Cathar, Mentor of the Meek, Hinterland Sanctifier, Make a Stand, Recruitment Officer"
Legion (2),Jumpstart,Other,JMP,2020-07-17,0.0,"Glorious Anthem, Plains, Release the Dogs, Plains, Plains"
Legion (3),Jumpstart,Other,JMP,2020-07-17,0.0,"Glorious Anthem, Plains, Release the Dogs, Plains, Plains"
Legion (4),Jumpstart,Other,JMP,2020-07-17,1.27,"Selfless Savior, Plains, Lena, Selfless Champion, Mentor of the Meek, Plains"
Legion Aloft,Intro Pack,Other,ARB,2009-04-30,90.04,"Whispersilk Cloak, Plains, Terramorphic Expanse, Etherium Sculptor, Path to Exile"
Legion of Dusk,Theme Deck,Other,E02,2017-11-24,35.76,"Beacon of Immortality, Vanquisher's Banner, Shielded by Faith, Day of Judgment, Bloodcrazed Paladin"
Legion of Glory,MTGO Theme Deck,Other,VIS,2006-04-10,8.94,"Retribution of the Meek, Plains, Zhalfirin Crusader, Plains, Plains"
Legions Foil Redemption,MTGO Redemption,Other,LGN,2003-03-05,2583.07,"Akroma, Angel of Wrath, Seedborn Muse, Graveborn Muse, Phage the Untouchable, Toxin Sliver"
Legions Redemption,MTGO Redemption,Other,LGN,2003-03-05,2583.07,"Akroma, Angel of Wrath, Seedborn Muse, Graveborn Muse, Phage the Untouchable, Toxin Sliver"
Legions of Phyrexia,Arena Starter Deck,Other,LTR,2023-06-20,10.94,"Phyrexian Arena, Gix, Yawgmoth Praetor, Essence of Orthodoxy, Caves of Koilos, Seedpod Caretaker"
"Leon Lindback, Semifinalist",Pro Tour Deck,Other,PTC,1996-05-01,97.37,"Dance of the Dead, Necropotence, Strip Mine, Hypnotic Specter, Zuran Orb"
Leonardo,Theme Deck,Other,TMT,2026-03-06,1.51,"Splinter, Aging Champion, Splinter & Leo, Father & Son, Leonardo, Worldly Warrior, Leo's Guidance, Lita, Little Orphan Amphibian"
Lessons (1),Jumpstart,Other,TLE,2025-11-20,7.2,"Whirlwind Technique, Chakra Meditation, Boomerang Basics, Katara, Seeking Revenge, Accumulate Wisdom"
Lessons (2),Jumpstart,Other,TLE,2025-11-20,5.17,"Whirlwind Technique, Chakra Meditation, Katara, Seeking Revenge, Accumulate Wisdom, Island"
Lethal,Jumpstart,Other,MSH,2026-06-26,10.76,"White Widow, Yelena Belova, Black Widow, Deadly Hunter, Origin of Black Widow, Titanium Man, Venom, Evil Unleashed"
Levelers Scorn,Intro Pack,Other,ROE,2010-04-23,40.07,"Telepathy, Island, Swamp, Island, Island"
Levelers' Glory,Intro Pack,Other,ROE,2010-04-23,29.17,"Island, Island, Island, Plains, Island"
Li'l Giri Saves the Day,Secret Lair Drop,Other,SLD,2022-08-11,70.27,"Curiosity, Last Chance, Vandalblast, Peek, Greed"
Li'l Walkers,Secret Lair Drop,Other,SLD,2022-07-22,50.21,"Ashiok, Dream Render, Tamiyo, the Moon Sage, Sorin, Grim Nemesis, Ajani, Mentor of Heroes, Angrath, the Flame-Chained"
Li'l Walkers Foil Edition,Secret Lair Drop,Other,SLD,2022-07-22,50.21,"Ashiok, Dream Render, Tamiyo, the Moon Sage, Sorin, Grim Nemesis, Ajani, Mentor of Heroes, Angrath, the Flame-Chained"
Li'l'ler Walkers,Secret Lair Drop,Other,SLD,2022-11-14,59.63,"Narset, Parter of Veils, Elspeth, Sun's Champion, Garruk Wildspeaker, Saheeli, Sublime Artificer, Sarkhan Vol"
Li'l'ler Walkers Foil Edition,Secret Lair Drop,Other,SLD,2022-11-14,59.63,"Narset, Parter of Veils, Elspeth, Sun's Champion, Garruk Wildspeaker, Saheeli, Sublime Artificer, Sarkhan Vol"
Librarian,Jumpstart,Other,TLE,2025-11-20,5.34,"Wan Shi Tong, All-Knowing, Brainstorm, Dutiful Knowledge Seeker, Accumulate Wisdom, Island"
Library Depletion,Deck Builder's Toolkit,Other,MBS,2011-03-11,45.81,"Hedron Crab, Jace's Erasure, Call to Mind, Guard Gomazoa, Sea Gate Oracle"
Life Boost,Theme Deck,Other,8ED,2003-07-28,30.02,"Glorious Anthem, Spirit Link, Angel of Mercy, Suntail Hawk, Plains"
Life Drain,Theme Deck,Other,EVE,2008-07-25,176.88,"Batwing Brume, Rite of Consumption, Divinity of Pride, Swamp, Resplendent Mentor"
Life Gain,Deck Builder's Toolkit,Other,M14,2013-07-19,6.17,"Angelic Accord, Unflinching Courage, Soulmender, Congregate, Voracious Wurm"
Life Skills,Arena Starter Deck,Other,M21,2021-07-03,68.17,"Shadowspear, Vito, Thorn of the Dusk Rose, Baneslayer Angel, Silversmote Ghoul, Indulging Patrician"
Life for Death,Intro Pack,Other,NPH,2011-05-13,125.69,"Gut Shot, Mountain, Marrow Shards, Shattered Angel, Phyrexian Rebirth"
Lifegain,Theme Deck,Other,SOS,2026-04-24,7.23,"Haliya, Guided by Light, Starscape Cleric, Amalia Benavides Aguirre, Essence Channeler, Requiting Hex"
Lifeline,Arena Starter Deck,Other,AFR,2021-09-24,16.82,"Righteous Valkyrie, Valkyrie Harbinger, Branchloft Pathway // Boulderloft Pathway, Cleric Class, Icingdeath, Frost Tyrant"
Liftoff,Theme Deck,Other,ODY,2001-10-01,198.99,"Peek, Skycloud Egg, Plains, Mystic Crusader, Millikin"
Lightforce,Intro Pack,Other,M14,2013-07-19,26.85,"Elixir of Immortality, Angelic Accord, Indestructibility, Brave the Elements, Soulmender"
Lightning (1),Jumpstart,Other,JMP,2020-07-17,2.51,"Lightning Bolt, Mountain, Lightning Phoenix, Lightning Axe, Homing Lightning"
Lightning (2),Jumpstart,Other,JMP,2020-07-17,0.0,"Ball Lightning, Mountain, Chain Lightning, Lightning Phoenix, Lightning Axe"
Lightning Aggro,Challenger Deck,Other,Q02,2019-04-12,23.36,"Runaway Steam-Kin, Banefire, Rekindling Phoenix, Goblin Chainwhirler, Fanatical Firebrand"
Lil Legends,Secret Lair Drop,Other,SLD,2024-08-19,23.01,"Omnath, Locus of Creation, Orvar, the All-Form, Drana, the Last Bloodchief, Reya Dawnbringer, Lavinia, Azorius Renegade"
Lilest Walkers,Secret Lair Drop,Other,SLD,2023-09-22,30.21,"Karn, Scion of Urza, Venser, the Sojourner, Chandra, Flame's Catalyst, Aminatou, the Fateshifter, Daretti, Ingenious Iconoclast"
Lilest Walkers Foil Edition,Secret Lair Drop,Other,SLD,2023-09-22,25.48,"Aminatou, the Fateshifter, Chandra, Flame's Catalyst, Venser, the Sojourner, Karn, Scion of Urza, Daretti, Ingenious Iconoclast"
Liliana,Jumpstart,Other,JMP,2020-07-17,4.8,"Liliana, Waker of the Dead, Swamp, Swamp, Liliana's Standard Bearer, Goremand"
"Liliana, Death Mage",Planeswalker Deck,Other,M21,2020-07-03,8.25,"Liliana, Death Mage, Swamp, Swamp, Liliana's Scrounger, Demonic Embrace"
"Liliana, Death Wielder",Planeswalker Deck,Other,AKH,2017-04-28,7.11,"Liliana, Death Wielder, Grasping Dunes, Cartouche of Strength, Channeler Initiate, Cartouche of Ambition"
Line of Fire,Arena Starter Deck,Other,M21,2021-07-03,9.36,"Piper of the Swarm, Kroxa, Titan of Death's Hunger, Serrated Scorpion, Swamp, Woe Strider"
Little Bashers,Theme Deck,Other,MRD,2003-10-02,68.34,"Banshee's Blade, Viridian Longbow, Gold Myr, Loxodon Warhammer, Fireshrieker"
Lofty Heights,Theme Deck,Other,9ED,2005-07-29,38.68,"Sleight of Hand, Mana Leak, Telepathy, Archivist, Boomerang"
Look at the Kitties,Secret Lair Drop,Other,SLD,2022-11-17,273.44,"Lord Windgrace, Violent Outburst, Felidar Sovereign, Descendants' Path"
Lord of Fate,Shandalar Enemy Deck,Other,PAST,1997-04-01,37.24,"Divine Transformation, Ornithopter, Dark Ritual, Serra Angel, Swamp"
Lorwyn Eclipsed Bundle Land Pack,Bundle Land Pack,Other,ECL,2026-01-23,0.0,"Forest, Forest, Plains, Plains, Island"
Lorwyn Eclipsed Redemption,MTGO Redemption,Other,ECL,2026-02-11,219.62,"Chronicle of Victory, Hexing Squelcher, Bitterbloom Bearer, Bloom Tender, Steam Vents"
Lorwyn Fat Pack Land Pack,Bundle Land Pack,Other,LRW,2007-10-12,55.02,"Island, Swamp, Forest, Swamp, Forest"
Lorwyn Foil Redemption,MTGO Redemption,Other,LRW,2007-11-11,3094.19,"Thoughtseize, Wort, Boggart Auntie, Thousand-Year Elixir, Ponder, Shapesharer"
Lorwyn Lightboxes,Secret Lair Drop,Other,SLD,2025-02-11,44.77,"Gilt-Leaf Palace, Secluded Glen, Auntie's Hovel, Wanderwine Hub, Ancient Amphitheater"
Lorwyn Lightboxes Foil Edition,Secret Lair Drop,Other,SLD,2025-02-11,44.77,"Gilt-Leaf Palace, Secluded Glen, Auntie's Hovel, Wanderwine Hub, Ancient Amphitheater"
Lorwyn Redemption,MTGO Redemption,Other,LRW,2007-11-11,3094.19,"Thoughtseize, Wort, Boggart Auntie, Thousand-Year Elixir, Ponder, Shapesharer"
Lotus Field Combo,Pioneer Challenger Deck,Other,Q06,2021-10-15,42.56,"Lotus Field, Thespian's Stage, Mastermind's Acquisition, Peer into the Abyss, Dig Through Time"
MSCHF,Secret Lair Drop,Other,SLD,2022-02-04,130.21,"Swords to Plowshares, Grim Tutor, Teferi's Puzzle Box, Blood Moon, Cut // Ribbons"
Magic 2010 Fat Pack Land Pack,Bundle Land Pack,Other,M10,2009-07-17,16.05,"Plains, Island, Swamp, Forest, Mountain"
Magic 2010 Foil Redemption,MTGO Redemption,Other,M10,2009-08-16,1109.67,"Lurking Predators, Time Warp, Platinum Angel, Silence, Liliana Vess"
Magic 2010 Redemption,MTGO Redemption,Other,M10,2009-08-16,1109.67,"Lurking Predators, Time Warp, Platinum Angel, Silence, Liliana Vess"
Magic 2011 Fat Pack Land Pack,Bundle Land Pack,Other,M11,2010-07-16,31.98,"Plains, Plains, Island, Swamp, Mountain"
Magic 2011 Foil Redemption,MTGO Redemption,Other,M11,2010-08-15,1016.9,"Serra Ascendant, Primeval Titan, Goblin Chieftain, Voltaic Key, Pyretic Ritual"
Magic 2011 Redemption,MTGO Redemption,Other,M11,2010-08-15,1016.9,"Serra Ascendant, Primeval Titan, Goblin Chieftain, Voltaic Key, Pyretic Ritual"
Magic 2012 Fat Pack Land Pack,Bundle Land Pack,Other,M12,2011-07-15,6.55,"Swamp, Swamp, Mountain, Island, Plains"
Magic 2012 Foil Redemption,MTGO Redemption,Other,M12,2011-08-14,832.08,"Garruk, Primal Hunter, Grand Abolisher, Sorin Markov, Angelic Destiny, Jace's Archivist"
Magic 2012 Redemption,MTGO Redemption,Other,M12,2011-08-14,832.08,"Garruk, Primal Hunter, Grand Abolisher, Sorin Markov, Angelic Destiny, Jace's Archivist"
Magic 2013 Fat Pack Land Pack,Bundle Land Pack,Other,M13,2012-07-13,8.74,"Plains, Forest, Plains, Island, Forest"
Magic 2013 Foil Redemption,MTGO Redemption,Other,M13,2012-08-12,712.95,"Worldfire, Akroma's Memorial, Liliana of the Dark Realms, Vampire Nocturnus, Clock of Omens"
Magic 2013 Redemption,MTGO Redemption,Other,M13,2012-08-12,712.95,"Worldfire, Akroma's Memorial, Liliana of the Dark Realms, Vampire Nocturnus, Clock of Omens"
Magic 2014 Fat Pack Land Pack,Bundle Land Pack,Other,M14,2013-07-19,0.0,"Mountain, Island, Swamp, Forest, Plains"
Magic 2014 Foil Redemption,MTGO Redemption,Other,M14,2013-08-18,662.86,"Archangel of Thune, Kalonian Hydra, Darksteel Forge, Silence, Dark Prophecy"
Magic 2014 Redemption,MTGO Redemption,Other,M14,2013-08-18,662.86,"Archangel of Thune, Kalonian Hydra, Darksteel Forge, Silence, Dark Prophecy"
Magic 2015 Fat Pack Land Pack,Bundle Land Pack,Other,M15,2014-07-18,0.0,"Forest, Mountain, Island, Forest, Swamp"
Magic 2015 Foil Redemption,MTGO Redemption,Other,M15,2014-08-17,587.7,"Urborg, Tomb of Yawgmoth, Sliver Hivelord, Sliver Hive, The Chain Veil, Nissa, Worldwaker"
Magic 2015 Redemption,MTGO Redemption,Other,M15,2014-08-17,587.7,"Urborg, Tomb of Yawgmoth, Sliver Hivelord, Sliver Hive, The Chain Veil, Nissa, Worldwaker"
Magic Origins Fat Pack Land Pack,Bundle Land Pack,Other,ORI,2015-07-17,0.0,"Plains, Swamp, Swamp, Mountain, Island"
Magic Origins Foil Redemption,MTGO Redemption,Other,ORI,2015-08-16,518.93,"Starfield of Nyx, Alhammarret's Archive, Liliana, Heretical Healer // Liliana, Defiant Necromancer, Woodland Bellower, Elemental Bond"
Magic Origins Redemption,MTGO Redemption,Other,ORI,2015-08-16,518.93,"Starfield of Nyx, Alhammarret's Archive, Liliana, Heretical Healer // Liliana, Defiant Necromancer, Woodland Bellower, Elemental Bond"
Magic: The Baseballing,Secret Lair Drop,Other,SLD,2023-09-15,49.91,"Liliana Vess // Liliana Vess, Jace Beleren // Jace Beleren, Chandra Nalaar // Chandra Nalaar, Ajani Goldmane // Ajani Goldmane, Garruk Wildspeaker // Garruk Wildspeaker"
Magic: The Baseballing Foil Edition,Secret Lair Drop,Other,SLD,2023-09-15,49.91,"Liliana Vess // Liliana Vess, Jace Beleren // Jace Beleren, Chandra Nalaar // Chandra Nalaar, Ajani Goldmane // Ajani Goldmane, Garruk Wildspeaker // Garruk Wildspeaker"
MagicCon: the Gathering,Secret Lair Drop,Other,SLD,2025-08-18,42.66,"Sliver Legion, Pack Rat, Shared Summons, Sylvan Offering"
Mahō Gakuin Seishun Hakusho — 魔法学院青春白書,Secret Lair Drop,Other,SLD,2026-05-12,55.23,"Stinging Study, Thought Scour, Notion Thief, Rule of Law, Time Stretch"
Mahō Gakuin Seishun Hakusho — 魔法学院青春白書 Foil Edition,Secret Lair Drop,Other,SLD,2026-05-12,55.23,"Stinging Study, Thought Scour, Notion Thief, Rule of Law, Time Stretch"
Making Fetch Happen,Secret Lair Drop,Other,SLU,2020-05-29,218.45,"Scalding Tarn, Verdant Catacombs, Arid Mesa, Marsh Flats, Misty Rainforest"
Mana Ramp,Deck Builder's Toolkit,Other,MBS,2011-03-11,25.1,"Overgrown Battlement, Cultivate, Explore, Pelakka Wurm, Baloth Woodcrasher"
Mandurang,Shandalar Enemy Deck,Other,PAST,1997-04-01,350.48,"Mountain, Dancing Scimitar, Carrion Ants, Braingeyser, Blood Lust"
Manipulative Monstrosities,Intro Pack,Other,THS,2013-09-27,10.25,"Archaeomancer, Curse of the Swine, Island, Dissolve, Coral Merfolk"
Manuel Bevand - Myr Incubator Combo,World Championship Deck,Other,WC04,2004-09-01,93.79,"Chrome Mox, Ancient Den, Darksteel Citadel, Krark-Clan Ironworks, Fabricate"
Marauders 1,Jumpstart,Other,LTR,2023-06-23,2.62,"Assault on Osgiliath, Erebor Flamesmith, Grishnákh, Brash Instigator, Gimli, Counter of Kills, Foray of Orcs"
Marauders 2,Jumpstart,Other,LTR,2023-06-23,2.62,"Assault on Osgiliath, Erebor Flamesmith, Grishnákh, Brash Instigator, Gimli, Counter of Kills, Foray of Orcs"
March of the Machine Bundle Land Pack,Bundle Land Pack,Other,MOM,2023-04-21,0.0,"Plains, Swamp, Plains, Swamp, Forest"
March of the Machine Foil Redemption,MTGO Redemption,Other,MOM,2023-05-17,278.89,"Etali, Primal Conqueror // Etali, Primal Sickness, Urabrask // The Great Work, Sheoldred // The True Scriptures, Invasion of Ikoria // Zilortha, Apex of Ikoria, Tribute to the World Tree"
March of the Machine Redemption,MTGO Redemption,Other,MOM,2023-05-17,278.89,"Etali, Primal Conqueror // Etali, Primal Sickness, Urabrask // The Great Work, Sheoldred // The True Scriptures, Invasion of Ikoria // Zilortha, Apex of Ikoria, Tribute to the World Tree"
March of the Machine Welcome Booster,Welcome Booster,Other,MOM,2023-04-21,1.79,"Siege Rhino, Chandra, Heart of Fire, Defiant Bloodlord, Commander's Sphere, Seraph of Dawn"
March of the Multitudes,Modern Event Deck,Other,MD1,2014-05-30,75.25,"Sword of Feast and Famine, City of Brass, Elspeth, Knight-Errant, Soul Warden, Path to Exile"
Mardu Raiders,Intro Pack,Other,KTK,2014-09-26,6.66,"Gurmag Swiftwing, Nomad Outpost, Crackling Doom, Mountain, Ankle Shanker"
"Mark Justice, Quarterfinalist",Pro Tour Deck,Other,PTC,1996-05-01,121.77,"Black Vise, City of Brass, Winter Orb, Lightning Bolt, Mishra's Factory"
Mark Le Pine - Sped Red,World Championship Deck,Other,WC99,1999-08-04,70.42,"Ancient Tomb, Cursed Scroll, Wasteland, Mountain, Mountain"
Martial Law,Theme Deck,Other,P02,1998-06-24,52.78,"Armageddon, Angel of Fury, Plains, Alaborn Veteran, Plains"
Marvel Super Heroes Bundle Land Pack,Bundle Land Pack,Other,MSH,2025-09-26,2.73,"Swamp, Swamp, Island, Island, Mountain"
Marvel Super Heroes Draft Night Land Pack,Bundle Land Pack,Other,MSH,2025-09-26,0.0,"Forest, Island, Swamp, Mountain, Plains"
Marvel's Black Panther,Secret Lair Drop,Other,SLD,2024-11-05,63.51,"Heroic Intervention, Black Panther, Wakandan King, Primal Vigor, Karn's Bastion, Secure the Wastes"
Marvel's Black Panther Foil Edition,Secret Lair Drop,Other,SLD,2024-11-05,63.51,"Heroic Intervention, Black Panther, Wakandan King, Primal Vigor, Karn's Bastion, Secure the Wastes"
Marvel's Captain America,Secret Lair Drop,Other,SLD,2024-11-05,114.48,"Captain America, First Avenger, Flawless Maneuver, Sigarda's Aid, Sword of War and Peace, In the Trenches"
Marvel's Captain America Foil Edition,Secret Lair Drop,Other,SLD,2024-11-05,114.48,"Captain America, First Avenger, Flawless Maneuver, Sigarda's Aid, Sword of War and Peace, In the Trenches"
Marvel's Deadpool,Secret Lair Drop,Other,SLD,2025-04-02,60.59,"Deadly Rollick, Deadpool, Trading Card, Saw in Half, Blasphemous Act, Vandalblast"
Marvel's Deadpool Foil Edition,Secret Lair Drop,Other,SLD,2025-04-02,60.59,"Deadly Rollick, Deadpool, Trading Card, Saw in Half, Blasphemous Act, Vandalblast"
Marvel's Deadpool: I Fixed It (You're Welcome),Secret Lair Drop,Other,SLD,2026-04-06,17.96,"Sol Ring, Lightning Greaves, Lightning Bolt, Deadly Dispute, Thrill of Possibility"
Marvel's Deadpool: I Fixed It (You're Welcome) Foil Edition,Secret Lair Drop,Other,SLD,2026-04-06,17.96,"Sol Ring, Lightning Greaves, Lightning Bolt, Deadly Dispute, Thrill of Possibility"
Marvel's Deadpool: I Fixed It (You're Welcome) Pool Party Foil Edition,Secret Lair Drop,Other,SLD,2026-04-06,29.93,"Sol Ring, Lightning Greaves, Lightning Bolt, Deadly Dispute, Thrill of Possibility"
Marvel's Iron Man,Secret Lair Drop,Other,SLD,2024-11-05,109.97,"Commander's Plate, Iron Man, Titan of Innovation, Inventors' Fair, Sol Ring, Galvanic Blast"
Marvel's Iron Man Foil Edition,Secret Lair Drop,Other,SLD,2024-11-05,109.97,"Commander's Plate, Iron Man, Titan of Innovation, Inventors' Fair, Sol Ring, Galvanic Blast"
Marvel's Spider-Man Bundle Land Pack,Bundle Land Pack,Other,SPM,2025-09-26,0.0,"Swamp, Island, Forest, Plains, Mountain"
Marvel's Spider-Man Foil Bundle Land Pack,Bundle Land Pack,Other,SPM,2025-09-26,0.0,"Swamp, Island, Forest, Plains, Mountain"
Marvel's Spider-Man: Daily Bugle Breaking News,Secret Lair Drop,Other,SLD,2025-09-30,34.32,"Scheming Symmetry, Frantic Search, Blasphemous Act, Impact Tremors, Fact or Fiction"
Marvel's Spider-Man: Daily Bugle Breaking News Foil Edition,Secret Lair Drop,Other,SLD,2025-09-30,34.32,"Scheming Symmetry, Frantic Search, Blasphemous Act, Impact Tremors, Fact or Fiction"
Marvel's Spider-Man: Heroic Deeds,Secret Lair Drop,Other,SLD,2025-09-30,52.88,"Three Visits, Sol Ring, Ephemerate, Lightning Greaves, Command Tower"
Marvel's Spider-Man: Heroic Deeds Foil Edition,Secret Lair Drop,Other,SLD,2025-09-30,52.88,"Three Visits, Sol Ring, Ephemerate, Lightning Greaves, Command Tower"
Marvel's Spider-Man: Mana Symbiote Raised Foil Edition,Secret Lair Drop,Other,SLD,2025-09-30,64.49,"Swamp, Plains, Mountain, Forest, Island"
Marvel's Spider-Man: Venom Unleashed (Colors),Secret Lair Drop,Other,SLD,2025-09-30,45.59,"Damnation, Dark Ritual, Peer into the Abyss, Surgical Extraction, Tendrils of Agony"
Marvel's Spider-Man: Venom Unleashed (Colors) Foil Edition,Secret Lair Drop,Other,SLD,2025-09-30,45.59,"Damnation, Dark Ritual, Peer into the Abyss, Surgical Extraction, Tendrils of Agony"
Marvel's Spider-Man: Venom Unleashed (Inks),Secret Lair Drop,Other,SLD,2025-09-30,34.46,"Damnation, Dark Ritual, Peer into the Abyss, Surgical Extraction, Tendrils of Agony"
Marvel's Spider-Man: Venom Unleashed (Inks) Foil Edition,Secret Lair Drop,Other,SLD,2025-09-30,34.46,"Damnation, Dark Ritual, Peer into the Abyss, Surgical Extraction, Tendrils of Agony"
Marvel's Spider-Man: Villainous Plots,Secret Lair Drop,Other,SLD,2025-09-30,40.17,"Sol Ring, Lightning Greaves, Go for the Throat, Deadly Dispute, Command Tower"
Marvel's Spider-Man: Villainous Plots Foil Edition,Secret Lair Drop,Other,SLD,2025-09-30,40.17,"Sol Ring, Lightning Greaves, Go for the Throat, Deadly Dispute, Command Tower"
Marvel's Storm,Secret Lair Drop,Other,SLD,2024-11-05,98.82,"Jeska's Will, Storm, Force of Nature, Manamorphose, Ice Storm, Lightning Bolt"
Marvel's Storm Foil Edition,Secret Lair Drop,Other,SLD,2024-11-05,98.82,"Jeska's Will, Storm, Force of Nature, Manamorphose, Ice Storm, Lightning Bolt"
Marvel's Wolverine,Secret Lair Drop,Other,SLD,2024-11-05,137.78,"The Ozolith, Wolverine, Best There Is, Rhythm of the Wild, Berserk, Rite of Passage"
Marvel's Wolverine Foil Edition,Secret Lair Drop,Other,SLD,2024-11-05,137.78,"The Ozolith, Wolverine, Best There Is, Rhythm of the Wild, Berserk, Rite of Passage"
Marvel: Spinner Rack Specials,Secret Lair Drop,Other,SLD,2026-07-21,81.14,"Tippy-Toe, Terrific Partner, Hex Magic, Undead Hand Ninja, Baxter Building, Hammerhead, Maggia Boss"
Marvel: Spinner Rack Specials Foil Edition,Secret Lair Drop,Other,SLD,2026-07-21,81.14,"Tippy-Toe, Terrific Partner, Hex Magic, Undead Hand Ninja, Baxter Building, Hammerhead, Maggia Boss"
Marvelous,Jumpstart,Other,MSH,2026-06-26,27.66,"Captain Marvel, Shooting Star, Quantum Entanglement, Photon, Lady of Light, Ms. Marvel, Elastic Ally, Marvel Boy, Noh-Varr"
Massed Ranks,Intro Pack,Other,DTK,2015-03-27,11.04,"Secure the Wastes, Inspiring Call, Plains, Forest, Enduring Scalelord"
Massive Menagerie,Arena Starter Deck,Other,M21,2021-07-03,24.04,"Serpent of Yawning Depths, Elder Gargaroth, Ram Through, Kogla, the Titan Ape, Cultivate"
Massive Might,Game Night Deck,Other,GN2,2019-11-15,8.58,"Voracious Hydra, Earthshaker Giant, Ripjaw Raptor, Ghalta, Primal Hunger, Leafkin Druid"
Master Blaster,Theme Deck,Other,DST,2004-02-06,109.31,"Great Furnace, Darksteel Citadel, Iron Myr, Pyrite Spellbomb, Molten Rain"
Masters of Evil,Jumpstart,Other,MSH,2026-06-26,4.87,"Crimson Cowl, Master of Evil, Radioactive Man, Villainous Syndication, Tiger Shark, Abyssal Hunter, The Masters of Evil"
Math Is For Blockers,Secret Lair Drop,Other,SLD,2021-12-13,33.94,"Ohran Frostfang, Brazen Borrower // Petty Theft, Vindictive Lich, Thragtusk, Meandering Towershell"
Math Is For Blockers Foil Edition,Secret Lair Drop,Other,SLD,2021-12-13,33.94,"Ohran Frostfang, Brazen Borrower // Petty Theft, Vindictive Lich, Thragtusk, Meandering Towershell"
Matt Linde - Mono-Green Stompy,World Championship Deck,Other,WC99,1999-08-04,336.45,"Gaea's Cradle, Cursed Scroll, Forest, Forest, Rancor"
Max Attax,Theme Deck,Other,SCG,2003-05-26,243.43,"Smother, Temple of the False God, Tranquil Thicket, Barren Moor, Swamp"
Mayhem,Jumpstart,Other,MSH,2026-06-26,6.12,"Green Goblin, Back for More, Daily Bugle Newspaper, Sadistic Slash, Rocket-Powered Goblin Glider, Alien Symbiosis"
Meditations on Nature,Secret Lair Drop,Other,SLD,2023-12-18,103.18,"Plains, Mountain, Island, Forest, Swamp"
Meditations on Nature Foil Edition,Secret Lair Drop,Other,SLD,2023-11-30,103.18,"Plains, Mountain, Island, Forest, Swamp"
Mercenaries,Theme Deck,Other,NEM,2000-02-14,475.09,"Dark Ritual, Massacre, Cateran Summons, Haunted Crossroads, Belbe's Portal"
Mercenaries - Enhanced Deck,Enhanced Deck,Other,NEM,2000-02-14,652.22,"Dark Ritual, Yawgmoth's Will, Cateran Summons, Contamination, Silent Assassin"
Merfolk,Duel Deck,Other,DDT,2017-11-10,12.29,"Misdirection, Master of the Pearl Trident, Harbinger of the Tides, Engulf the Shore, Merrow Reejerey"
Merfolk 1,Jumpstart,Other,J22,2022-12-02,0.0,"Seafloor Oracle, Merrow Reejerey, Triton Shorestalker, Sage of the Falls, Storm Sculptor"
Merfolk 2,Jumpstart,Other,J22,2022-12-02,0.0,"Svyelun of Sea and Sky, Merrow Reejerey, Triton Shorestalker, Merfolk Pupil, Thriving Isle"
Merfolk 3,Jumpstart,Other,J22,2022-12-02,0.0,"Merrow Reejerey, Harbinger of the Tides, Triton Shorestalker, Stonybrook Angler, Fallowsage"
Merfolk 4,Jumpstart,Other,J22,2022-12-02,0.0,"Merfolk Sovereign, Merrow Reejerey, Triton Shorestalker, Thriving Isle, Aquatic Incursion"
Merfolk Shaman,Shandalar Enemy Deck,Other,PAST,1997-04-01,72.12,"Island Fish Jasconius, Lord of Atlantis, Unstable Mutation, Magical Hack, Segovian Leviathan"
Merrow Riverways,Theme Deck,Other,LRW,2007-10-12,414.21,"Ponder, Springleaf Drum, Merrow Commerce, Wanderwine Prophets, Sygg, River Guide"
Metalcraft,Deck Builder's Toolkit,Other,MBS,2011-03-11,77.15,"Voltaic Key, Palladium Myr, Golem Foundry, Darksteel Myr, Myr Sire"
Metallic Dreams,Planechase Deck,Other,HOP,2009-09-04,88.92,"Darksteel Forge, Fabricate, Great Furnace, Vault of Whispers, Arcbound Crusher"
"Michael Loconto, Champion",Pro Tour Deck,Other,PTC,1996-05-01,106.98,"Land Tax, Strip Mine, Island, Adarkar Wastes, Island"
Michealangelo,Theme Deck,Other,TMT,2026-03-06,6.22,"Mona Lisa, Ever Adaptable, Michelangelo, On the Scene, Mikey & Mona, Mutant Sitters, Guac & Marshmallow Pizza, Mona Lisa, Science Geek"
Midrange Green,Deck Builder's Toolkit,Other,M13,2012-07-13,1.53,"Bond Beetle, Mwonvuli Beast Tracker, Elvish Visionary, Borderland Ranger, Yeva's Forcemage"
Might,Duel Deck,Other,DDS,2017-03-31,32.57,"Coat of Arms, Zo-Zu the Punisher, Lovisa Coldeyes, Guttural Response, Rampant Growth"
Migraine,Theme Deck,Other,STH,1998-03-02,30.08,"Ensnaring Bridge, Bottomless Pit, Dark Ritual, Megrim, Portcullis"
Migraine - Advanced Deck,Advanced Deck,Other,STH,1998-03-02,215.07,"Vampiric Tutor, Wasteland, Anvil of Bogardan, Ensnaring Bridge, Bottomless Pit"
Milling,Jumpstart,Other,JMP,2020-07-17,44.47,"Bruvac the Grandiloquent, Capture Sphere, Thought Scour, Island, Teferi's Tutelage"
Mind,Duel Deck,Other,DDS,2017-03-31,16.1,"Desperate Ritual, Snap, Beacon of Tomorrows, Deep-Sea Kraken, Jhoira of the Ghitu"
Mind Stealer,Shandalar Enemy Deck,Other,PAST,1997-04-01,135.33,"Junún Efreet, Sindbad, Fellwar Stone, Mind Twist, Animate Dead"
Mind Swarm,Theme Deck,Other,DST,2004-02-06,127.76,"Vault of Whispers, Geth's Grimoire, Leaden Myr, Skeleton Shard, Chittering Rats"
Mind of the Void,Theme Deck,Other,PS11,2011-01-01,0.0,"Island, Island, Island, Island, Plains"
Minions (1),Jumpstart,Other,JMP,2020-07-17,0.0,"Swamp, Village Rites, Innocent Blood, Goremand, Crypt Lurker"
Minions (2),Jumpstart,Other,JMP,2020-07-17,0.0,"Swamp, Village Rites, Drainpipe Vermin, Goremand, Crypt Lurker"
Minions (3),Jumpstart,Other,JMP,2020-07-17,28.31,"Phyrexian Tower, Swamp, Village Rites, Drainpipe Vermin, Goremand"
Minions (4),Jumpstart,Other,JMP,2020-07-17,3.97,"Ghoulcaller Gisa, Swamp, Village Rites, Innocent Blood, Goremand"
Minotaurs (1),Jumpstart,Other,JMP,2020-07-17,4.78,"Herald's Horn, Sethron, Hurloon General, Minotaur Skullcleaver, Mountain, Soul Sear"
Minotaurs (2),Jumpstart,Other,JMP,2020-07-17,1.58,"Unleash Fury, Traitorous Greed, Sethron, Hurloon General, Rageblood Shaman, Minotaur Skullcleaver"
Mirrodin Besieged Fat Pack Land Pack,Bundle Land Pack,Other,MBS,2011-02-04,11.74,"Swamp, Forest, Swamp, Mountain, Mountain"
Mirrodin Besieged Foil Redemption,MTGO Redemption,Other,MBS,2011-03-06,893.97,"Blightsteel Colossus, Consecrated Sphinx, Green Sun's Zenith, Sword of Feast and Famine, Inkmoth Nexus"
Mirrodin Besieged Redemption,MTGO Redemption,Other,MBS,2011-03-06,893.97,"Blightsteel Colossus, Consecrated Sphinx, Green Sun's Zenith, Sword of Feast and Famine, Inkmoth Nexus"
Mirrodin Foil Redemption,MTGO Redemption,Other,MRD,2003-11-01,3125.91,"Chrome Mox, Sword of Kaldra, Quicksilver Elemental, Chalice of the Void, Seething Song"
Mirrodin Pure,MTGO Duel Deck,Other,TD2,2013-01-11,0.0,"Platinum Angel, Ardent Recruit, Argent Sphinx, Darksteel Gargoyle, Darksteel Sentinel"
Mirrodin Redemption,MTGO Redemption,Other,MRD,2003-11-01,3125.91,"Chrome Mox, Sword of Kaldra, Quicksilver Elemental, Chalice of the Void, Seething Song"
Mirrodinsanity,Secret Lair Drop,Other,SLD,2022-01-28,170.24,"Seat of the Synod, Great Furnace, Vault of Whispers, Ancient Den, Tree of Tales"
Mirrodinsanity Foil Edition,Secret Lair Drop,Other,SLD,2022-01-28,170.24,"Seat of the Synod, Great Furnace, Vault of Whispers, Ancient Den, Tree of Tales"
Mirromancy,Intro Pack,Other,MBS,2011-02-04,71.35,"Preordain, Silver Myr, Iron Myr, Lightning Bolt, Red Sun's Zenith"
Mite-y 1,Jumpstart,Other,ONE,2023-02-10,1.1,"Mite Overseer, Annex Sentry, Planar Disruption, Basilica Shepherd, Infested Fleshcutter"
Mite-y 2,Jumpstart,Other,ONE,2023-02-10,1.1,"Mite Overseer, Ossification, Crawling Chorus, The Fair Basilica, Plains"
Mob Rule,Intro Pack,Other,M13,2012-07-13,22.27,"Fervor, Ring of Valkas, Krenko, Mob Boss, Krenko's Command, Forest"
Modern Horizons 2 Bundle Land Pack,Bundle Land Pack,Other,MH2,2021-06-18,0.0,"Plains, Plains, Island, Plains, Plains"
Modern Horizons 3 Bundle Land Pack,Bundle Land Pack,Other,MH3,2024-06-14,0.0,"Plains, Plains, Forest, Forest, Swamp"
Modified,Jumpstart,Other,J25,2024-11-07,17.65,"Kodama of the West Tree, Audacity, Gnarlid Colony, Wolfrider's Saddle, Cave of Temptation"
Molimo's Might,Theme Deck,Other,10E,2007-07-13,40.83,"Hurricane, Rampant Growth, Molimo, Maro-Sorcerer, Blanchwood Armor, Forest"
Mono Black,Arena Starter Kit,Other,M21,2020-07-03,13.36,"Demon of Loathing, Peer into the Abyss, Serrated Scorpion, Swamp, Demonic Embrace"
Mono Black Amazon,Arena Starter Kit,Other,M21,2020-07-03,13.36,"Demon of Loathing, Peer into the Abyss, Serrated Scorpion, Swamp, Demonic Embrace"
Mono Green,Arena Starter Kit,Other,M21,2020-07-03,9.12,"Ironscale Hydra, Ram Through, Colossification, Llanowar Visionary, Yorvo, Lord of Garenbrig"
Mono Green Amazon,Arena Starter Kit,Other,M21,2020-07-03,9.12,"Ironscale Hydra, Ram Through, Colossification, Llanowar Visionary, Yorvo, Lord of Garenbrig"
Mono White Aggro,Challenger Deck,Other,Q07,2022-04-01,4.09,"Paladin Class, Luminarch Aspirant, Intrepid Adversary, Thalia, Guardian of Thraben, Skyclave Apparition"
Mono-Green Stompy,Challenger Deck,Other,Q05,2021-04-02,15.96,"Turntimber Symbiosis // Turntimber, Serpentine Wood, Gemrazer, Ram Through, Stonecoil Serpent, Garruk, Unleashed"
Mono-Red Aggro,Challenger Deck,Other,Q05,2021-04-02,30.13,"Embercleave, Shatterskull Smashing // Shatterskull, the Hammer Pass, Torbran, Thane of Red Fell, Mountain, Castle Embereth"
Mono-Red Burn,Pioneer Challenger Deck,Other,Q06,2021-10-15,20.04,"Monastery Swiftspear, Soul-Scar Mage, Ramunap Ruins, Wizard's Lightning, Lightning Strike"
Monster Anatomy 101,Secret Lair Drop,Other,SLD,2022-01-28,128.21,"Gishath, Sun's Avatar, Goblin Trashmaster, Ilharg, the Raze-Boar, Protean Hulk, Fleet Swallower"
Monster Anatomy 101 Foil Etched Edition,Secret Lair Drop,Other,SLD,2022-01-28,128.21,"Gishath, Sun's Avatar, Goblin Trashmaster, Ilharg, the Raze-Boar, Protean Hulk, Fleet Swallower"
Monster Movie Marathon,Secret Lair Drop,Other,SLD,2022-01-28,99.13,"Blasphemous Act, Beast Within, Grafdigger's Cage, Dismember"
Monster Movie Marathon Foil Edition,Secret Lair Drop,Other,SLD,2022-01-28,99.13,"Blasphemous Act, Beast Within, Grafdigger's Cage, Dismember"
Monster Territory,Jumpstart,Other,DMU,2022-09-09,1.68,"Forest, Briar Hydra, Haunted Mire, The Weatherseed Treaty, Wooded Ridgeline"
Monsters,Duel Deck,Other,DDL,2013-09-06,2.71,"Skarrg, the Rage Pits, Orcish Lumberjack, Beast Within, Polukranos, World Eater, Regrowth"
Monstrous Magazines,Secret Lair Drop,Other,SLD,2024-10-01,40.79,"Koma, Cosmos Serpent, Doom Whisperer, Mazirek, Kraul Death Priest, Ravenous Chupacabra, Uril, the Miststalker"
Monstrous Magazines Foil Edition,Secret Lair Drop,Other,SLD,2024-10-01,40.79,"Koma, Cosmos Serpent, Doom Whisperer, Mazirek, Kraul Death Priest, Ravenous Chupacabra, Uril, the Miststalker"
Monstrous Surprise,Intro Pack,Other,DKA,2012-02-03,20.62,"Pyreheart Wolf, Rampant Growth, Mountain, Strangleroot Geist, Gutter Grime"
Monty Python and the Holy Grail: Vol. 1,Secret Lair Drop,Other,SLD,2024-07-30,191.7,"Birds of Paradise // Birds of Paradise, Three Visits, Dismember, Buried Alive, Prodigal Sorcerer"
Monty Python and the Holy Grail: Vol. 1 Foil Edition,Secret Lair Drop,Other,SLD,2024-07-30,191.7,"Birds of Paradise // Birds of Paradise, Three Visits, Dismember, Buried Alive, Prodigal Sorcerer"
Monty Python and the Holy Grail: Vol. 2,Secret Lair Drop,Other,SLD,2024-07-30,81.86,"Ashnod's Altar, Door to Nothingness, Dark Depths"
Monty Python and the Holy Grail: Vol. 2 Foil Edition,Secret Lair Drop,Other,SLD,2024-07-30,81.86,"Ashnod's Altar, Door to Nothingness, Dark Depths"
Morbid 1,Jumpstart,Other,J22,2022-12-02,10.53,"Spawning Pit, Tragic Slip, Reaper from the Abyss, Village Rites, Mortuary Mire"
Morbid 2,Jumpstart,Other,J22,2022-12-02,3.28,"Tragic Slip, Reassembling Skeleton, Vampiric Rites, Skirsdag High Priest, Village Rites"
Mordor 1,Jumpstart,Other,LTR,2023-06-23,42.3,"Nazgûl, Ringwraiths, Gothmog, Morgul Lieutenant, Claim the Precious, Swamp"
Mordor 2,Jumpstart,Other,LTR,2023-06-23,5.85,"Ringwraiths, Gothmog, Morgul Lieutenant, Gríma Wormtongue, Swamp, Orcish Medicine"
Mordor: Black-Red,Starter Kit,Other,LTR,2023-06-23,24.18,"Witch-king, Bringer of Ruin, Sauron, the Lidless Eye, Fires of Mount Doom, Gollum, Scheming Guide, Cast into the Fire"
More Adventures in Middle-earth,Secret Lair Drop,Other,SLD,2023-08-29,77.48,"Gandalf, Friend of the Shire, Shire Terrace, Mirror of Galadriel, Slip On the Ring"
More Adventures in Middle-earth Foil Edition,Secret Lair Drop,Other,SLD,2023-08-29,77.48,"Gandalf, Friend of the Shire, Shire Terrace, Mirror of Galadriel, Slip On the Ring"
More Borderless Planeswalkers,Secret Lair Drop,Other,SLD,2023-03-17,31.12,"Ugin, the Ineffable, Sorin, Imperious Bloodlord, Nicol Bolas, Dragon-God, Sarkhan, Dragonsoul"
Morningtide Foil Redemption,MTGO Redemption,Other,MOR,2008-03-02,2077.79,"Scapeshift, Bitterblossom, Idyllic Tutor, Lightning Crafter, Maralen of the Mornsong"
Morningtide Redemption,MTGO Redemption,Other,MOR,2008-03-02,2077.79,"Scapeshift, Bitterblossom, Idyllic Tutor, Lightning Crafter, Maralen of the Mornsong"
Morph Mayhem,Theme Deck,Other,LGN,2003-02-03,162.78,"Lonely Sandbar, Secluded Steppe, Whipcorder, Chromeshell Crab, Island"
Mortal Coil,Theme Deck,Other,SHM,2008-05-02,329.88,"Faerie Macabre, Helm of the Ghastlord, Fate Transfer, Wingrattle Scarecrow, Swamp"
Mortals 1,Jumpstart,Other,LTR,2023-11-03,0.0,"Eagle of Deliverance, Barrow-Blade, Éowyn, Lady of Rohan, Plains, Fog on the Barrow-Downs"
Mortals 2,Jumpstart,Other,LTR,2023-11-03,2.64,"Reprieve, Eagle of Deliverance, Inherited Envelope, Slip On the Ring, Plains"
Mortals of Myth,Intro Pack,Other,JOU,2014-05-02,19.82,"Spear of Heliod, Solidarity of Heroes, Raised by Wolves, Forest, Plains"
Mother's Day 2021,Secret Lair Drop,Other,SLD,2021-10-29,77.03,"Mother of Runes, Mother of Runes, Mother of Runes, Mother of Runes"
Mother's Day 2021 Foil Edition,Secret Lair Drop,Other,SLD,2021-10-29,77.03,"Mother of Runes, Mother of Runes, Mother of Runes, Mother of Runes"
"Mountain, Go",Secret Lair Drop,Other,SLD,2020-06-08,22.31,"Lightning Bolt, Lightning Bolt, Lightning Bolt, Lightning Bolt"
Mu Yanling,Planeswalker Deck,Other,GS1,2018-06-22,12.76,"Mu Yanling, Island, Ancestor Dragon, Plains, Cloak of Mists"
"Mu Yanling, Celestial Wind",Planeswalker Deck,Other,M20,2019-07-29,4.86,"Spectral Sailor, Mu Yanling, Celestial Wind, Winged Words, Island, Cloudkin Seer"
Multi-Headed 1,Jumpstart,Other,J22,2022-12-02,11.67,"Benevolent Hydra, Hydra's Growth, Ilysian Caryatid, Fertilid, Domesticated Hydra"
Multi-Headed 2,Jumpstart,Other,J22,2022-12-02,23.56,"Primordial Hydra, Benevolent Hydra, Hydra's Growth, Ilysian Caryatid, Domesticated Hydra"
Murders at Karlov Manor Bundle Land Pack,Bundle Land Pack,Other,MKM,2024-02-09,0.0,"Swamp, Swamp, Plains, Plains, Mountain"
Murders at Karlov Manor Foil Redemption,MTGO Redemption,Other,MKM,2024-03-06,243.68,"Delney, Streetwise Lookout, Undercity Sewers, Thundering Falls, Underground Mortuary, Meticulous Archive"
Murders at Karlov Manor Redemption,MTGO Redemption,Other,MKM,2024-03-06,243.68,"Delney, Streetwise Lookout, Undercity Sewers, Thundering Falls, Underground Mortuary, Meticulous Archive"
Musicians,Jumpstart,Other,TLE,2025-11-20,3.15,"Secret Tunnel, Freedom Fighter Recruit, Thriving Bluff, Mountain, Chong and Lily, Nomads"
Mutation Station,Arena Starter Deck,Other,M21,2021-07-03,14.5,"Massacre Wurm, Sea-Dasher Octopus, Unexpected Fangs, Swamp, Temple of Deceit"
My Little Pony: Friendship is Magic,Secret Lair Drop,Other,SLD,2026-05-12,65.47,"Defense of the Heart, Sol Ring, Arcane Signet, Radiate, Generous Gift"
My Little Pony: Friendship is Magic Foil Edition,Secret Lair Drop,Other,SLD,2026-05-12,65.47,"Defense of the Heart, Sol Ring, Arcane Signet, Radiate, Generous Gift"
My Little Pony: The Lands of Equestria,Secret Lair Drop,Other,SLD,2026-05-12,25.47,"Plains, Island, Forest, Mountain, Swamp"
My Little Pony: The Lands of Equestria Foil Edition,Secret Lair Drop,Other,SLD,2026-05-12,25.47,"Plains, Island, Forest, Mountain, Swamp"
Mycosynthwave,Secret Lair Drop,Other,SLD,2023-12-05,124.42,"Mycosynth Golem, Mycosynth Lattice, Mycosynth Wellspring"
Mycosynthwave Foil Edition,Secret Lair Drop,Other,SLD,2023-12-05,113.75,"Mycosynth Golem, Mycosynth Lattice, Mycosynth Wellspring"
Myr of Mirrodin,Intro Pack,Other,SOM,2010-10-01,62.06,"Myr Battlesphere, Palladium Myr, Gold Myr, Myr Galvanizer, Darksteel Myr"
Mysterious Realms,Intro Pack,Other,WWK,2010-02-05,76.22,"Walking Atlas, Halimar Depths, Telepathy, Tideforce Elemental, Seer's Sundial"
Mystic Mischief,Jumpstart,Other,DMU,2022-09-09,2.04,"Island, Cosmic Epiphany, Founding the Third Path, Tolarian Terror, Ertai's Scorn"
Mystical Might,Intro Pack,Other,M12,2011-07-15,21.16,"Elixir of Immortality, Lord of the Unreal, Levitation, Phantasmal Dragon, Skywinder Drake"
Nature Is Adorable,Secret Lair Drop,Other,SLD,2023-04-28,53.46,"Ulvenwald Tracker, Joraga Treespeaker, Yeva, Nature's Herald, Nature's Will"
Nature Is Adorable Foil Edition,Secret Lair Drop,Other,SLD,2023-04-28,53.46,"Ulvenwald Tracker, Joraga Treespeaker, Yeva, Nature's Herald, Nature's Will"
Nature's Assault,Theme Deck,Other,P02,1998-06-24,15.04,"River Bear, Alluring Scent, Golden Bear, Forest, Hurricane"
Nature's Fury,Intro Pack,Other,M10,2009-07-17,14.93,"Plains, Llanowar Elves, Harm's Way, Forest, Plains"
Naya Behemoths,Intro Pack,Other,ALA,2008-10-03,60.85,"Rampant Growth, Titanic Ultimatum, Jungle Shrine, Forest, Wild Nacatl"
Naya Domain,Intro Pack,Other,CON,2009-02-06,62.71,"Rampant Growth, Paleoloth, Terramorphic Expanse, Path to Exile, Swamp"
Ne'er-do-wells (1),Jumpstart,Other,J25,2024-11-07,21.15,"Rev, Tithe Extractor, Morbid Opportunist, Pilfering Imp, Serpent Assassin, Thieves' Tools"
Ne'er-do-wells (2),Jumpstart,Other,J25,2024-11-07,21.15,"Rev, Tithe Extractor, Morbid Opportunist, Thieves' Guild Enforcer, Thieves' Tools, Audacious Thief"
Necromancer,Shandalar Enemy Deck,Other,PAST,1997-04-01,39.62,"Cosmic Horror, Bad Moon, Animate Dead, Zombie Master, Dark Ritual"
Nefarious,Jumpstart,Other,J25,2024-11-07,12.69,"Vilis, Broker of Blood, Dark Confidant, Vampire Scrivener, Infernal Grasp, Arrogant Outlaw"
Nether Fiend,Shandalar Enemy Deck,Other,PAST,1997-04-01,191.51,"Mishra's Factory, Junún Efreet, Animate Dead, Xenic Poltergeist, Lord of the Pit"
New Phyrexia,MTGO Duel Deck,Other,TD2,2013-01-11,0.0,"Phyrexian Plaguelord, Desecration Elemental, Drooling Groodion, Flesh-Eater Imp, Fume Spitter"
New Phyrexia Fat Pack Land Pack,Bundle Land Pack,Other,NPH,2011-05-13,60.04,"Mountain, Swamp, Swamp, Forest, Forest"
New Phyrexia Foil Redemption,MTGO Redemption,Other,NPH,2011-06-12,1793.74,"Mental Misstep, Elesh Norn, Grand Cenobite, Noxious Revival, Praetor's Grasp, Unwinding Clock"
New Phyrexia Redemption,MTGO Redemption,Other,NPH,2011-06-12,1793.74,"Mental Misstep, Elesh Norn, Grand Cenobite, Noxious Revival, Praetor's Grasp, Unwinding Clock"
Nicol Bolas,Duel Deck,Other,DDH,2011-09-02,9.4,"Undermine, Nicol Bolas, Planeswalker, Countersquall, Steamcore Weird, Blazing Specter"
"Nicol Bolas, the Deceiver",Planeswalker Deck,Other,HOU,2017-07-14,23.34,"Throne of the God-Pharaoh, Nicol Bolas, the Deceiver, Ammit Eternal, Crypt of the Eternals, Supernatural Stamina"
Nicolas Labarre - Chimera,World Championship Deck,Other,WC00,2000-08-02,186.3,"Yawgmoth's Will, Phyrexian Tower, Academy Rector, Enlightened Tutor, City of Brass"
Night Of The Ninja,Planechase Deck,Other,PC2,2012-06-01,98.85,"Sakashima's Student, Higure, the Still Wind, Ink-Eyes, Servant of Oni, Silent-Blade Oni, Mistblade Shinobi"
Night Terrors,MTGO Theme Deck,Other,MIR,2006-12-05,133.62,"Shallow Grave, Withering Boon, Spirit of the Night, Charcoal Diamond, Swamp"
Nightmares,Jumpstart,Other,TLE,2025-11-20,3.96,"Desperate Plea, Koh, the Face Stealer, Swamp, Zuko's Conviction, Azula, On the Hunt"
Ninjas,Jumpstart,Other,J25,2024-11-07,5.55,"Taeko, the Patient Avalanche, Ninja of the Deep Hours, Smoke Shroud, Moon-Circuit Hacker, Network Disruptor"
Ninjutsu,Theme Deck,Other,BOK,2005-02-04,199.5,"Higure, the Still Wind, Mistblade Shinobi, Ninja of the Deep Hours, Walker of Secret Ways, Tomorrow, Azami's Familiar"
Ninth Edition Fat Pack Land Pack,Bundle Land Pack,Other,9ED,2005-07-29,25.22,"Mountain, Forest, Forest, Mountain, Plains"
Ninth Edition Foil Redemption,MTGO Redemption,Other,9ED,2005-08-28,2487.52,"Fellwar Stone, Grave Pact, Greater Good, Rathi Dragon, Seething Song"
Ninth Edition Redemption,MTGO Redemption,Other,9ED,2005-08-28,2487.52,"Fellwar Stone, Grave Pact, Greater Good, Rathi Dragon, Seething Song"
Nissa,Duel Deck,Other,DDR,2016-09-02,10.3,"Crop Rotation, Nissa, Voice of Zendikar, Khalni Garden, Abundance, Oran-Rief Hydra"
"Nissa, Genesis Mage",Planeswalker Deck,Other,HOU,2017-07-14,1.42,"Nissa, Genesis Mage, Island, Forest, Forest, Spring // Mind"
"Nissa, Nature's Artisan",Planeswalker Deck,Other,KLD,2016-09-30,4.01,"Servant of the Conduit, Nissa, Nature's Artisan, Aethersquall Ancient, Longtusk Cub, Attune with Aether"
Notebook Genius,Secret Lair Drop,Other,SLD,2026-05-12,42.91,"Storm-Kiln Artist, Bloodghast, Lier, Disciple of the Drowned, Anhelo, the Painter"
Notebook Genius Foil Edition,Secret Lair Drop,Other,SLD,2026-05-12,42.91,"Storm-Kiln Artist, Bloodghast, Lier, Disciple of the Drowned, Anhelo, the Painter"
Now on VHS!,Secret Lair Drop,Other,SLD,2023-09-15,135.7,"The First Sliver, Food Chain, Rewind, Rampant Growth"
Now on VHS! Foil Edition,Secret Lair Drop,Other,SLD,2023-09-15,135.7,"The First Sliver, Food Chain, Rewind, Rampant Growth"
Nuestra Magia,Secret Lair Drop,Other,SLD,2025-06-17,87.52,"Sylvan Library, Ancient Greenwarden, Lightning Greaves, Tireless Provisioner, Xenagos, God of Revels"
Nuestra Magia Foil Edition,Secret Lair Drop,Other,SLD,2025-06-17,87.52,"Sylvan Library, Ancient Greenwarden, Lightning Greaves, Tireless Provisioner, Xenagos, God of Revels"
Nuts and Bolts,Theme Deck,Other,5DN,2004-06-04,369.53,"Skullclamp, Seat of the Synod, Steelshaper's Gift, Ancient Den, Auriok Salvagers"
OMG KITTIES!,Secret Lair Drop,Other,SLD,2019-12-09,146.45,"Arahbo, Roar of the World, Leonin Warleader, Mirri, Weatherlight Duelist, Qasali Slingers, Regal Caracal"
Oath of the Gatewatch Fat Pack Land Pack,Bundle Land Pack,Other,OGW,2016-01-22,32.39,"Wastes, Wastes, Mountain, Island, Forest"
Oath of the Gatewatch Foil Redemption,MTGO Redemption,Other,OGW,2016-02-21,220.2,"Mirrorpool, Kozilek, the Great Distortion, General Tazri, Kalitas, Traitor of Ghet, Kozilek's Return"
Oath of the Gatewatch Redemption,MTGO Redemption,Other,OGW,2016-02-21,220.2,"Mirrorpool, Kozilek, the Great Distortion, General Tazri, Kalitas, Traitor of Ghet, Kozilek's Return"
Ob Nixilis,Duel Deck,Other,DDR,2016-09-02,0.0,"Leechridden Swamp, Indulgent Tormentor, Pestilence Demon, Ob Nixilis Reignited, Innocent Blood"
Odyssey Foil Redemption,MTGO Redemption,Other,ODY,2001-10-31,7219.34,"Entomb, Tainted Pact, Tarnished Citadel, Terravore, Deserted Temple"
Odyssey Redemption,MTGO Redemption,Other,ODY,2001-10-31,7219.34,"Entomb, Tainted Pact, Tarnished Citadel, Terravore, Deserted Temple"
Of the Coast (1),Jumpstart,Other,J25,2024-11-07,1.07,"Plagon, Lord of the Beach, Omen of the Sea, Sigiled Starfish, Lonely Sandbar, Island"
Of the Coast (2),Jumpstart,Other,J25,2024-11-07,1.07,"Plagon, Lord of the Beach, Sigiled Starfish, Lonely Sandbar, Island, Gilded Scuttler"
Oishii! Tokens オイシイ！ トークン,Secret Lair Drop,Other,SLD,2025-03-27,0.0,
Oishii! Tokens オイシイ！ トークン Foil Edition,Secret Lair Drop,Other,SLD,2025-03-27,0.0,
"Oko, the Trickster",Planeswalker Deck,Other,ELD,2019-10-04,6.28,"Return of the Wildspeaker, Oko, the Trickster, Maraleaf Pixie, Keeper of Fables, Frogify"
Omens of Chaos,Secret Lair Drop,Other,SLD,2026-05-12,65.9,"Chance for Glory, Batwing Brume, Abrupt Decay, Counterflux, Growth Spiral"
Omens of Chaos Foil Edition,Secret Lair Drop,Other,SLD,2026-05-12,65.9,"Chance for Glory, Batwing Brume, Abrupt Decay, Counterflux, Growth Spiral"
On the Hunt,Arena Starter Deck,Other,SNC,2022-09-09,17.0,"Arlinn, the Pack's Hope // Arlinn, the Moon's Fury, Rockfall Vale, Tovolar, Dire Overlord // Tovolar, the Midnight Scourge, Howling Moon, Howlpack Piper // Wildsong Howler"
One-Two Punch,Theme Deck,Other,ODY,2001-10-01,386.19,"Roar of the Wurm, Seize the Day, Moment's Peace, Forest, Volcanic Spray"
Onslaught Foil Redemption,MTGO Redemption,Other,ONS,2002-11-06,10645.12,"Polluted Delta, Flooded Strand, Wooded Foothills, Bloodstained Mire, Chain of Vapor"
Onslaught Redemption,MTGO Redemption,Other,ONS,2002-11-06,10678.62,"Polluted Delta, Flooded Strand, Wooded Foothills, Bloodstained Mire, Chain of Vapor"
Orc Attack,MTGO Theme Deck,Other,ME2,2008-09-22,0.0,"Mountain, Mountain, Mountain, Mishra's Factory, Gorilla Shaman"
Orcish 1,Jumpstart,Other,LTR,2023-11-03,27.17,"Warg Rider, Mirkwood Bats, Gothmog, Morgul Lieutenant, Swamp, Orcish Medicine"
Orcish 2,Jumpstart,Other,LTR,2023-11-03,27.06,"Warg Rider, March from the Black Gate, Gothmog, Morgul Lieutenant, Swamp, Gorbag of Minas Morgul"
Ornithological Studies,Secret Lair Drop,Other,SLD,2020-06-09,53.56,"Swan Song, Birds of Paradise, Dovescape, Baleful Strix, Gilded Goose"
Orzhov,Guild Kit,Other,GK2,2019-02-15,67.4,"Smothering Tithe, Teysa Karlov, Teysa, Orzhov Scion, Ethereal Absolution, Vindictive Vampire"
Orzhov Auras,Pioneer Challenger Deck,Other,Q06,2021-10-15,17.28,"Sram, Senior Edificer, Cartouche of Solidarity, Concealed Courtyard, Caves of Koilos, Stonecoil Serpent"
Orzhov Humans,Pioneer Challenger Deck,Other,Q08,2022-11-04,32.55,"Godless Shrine, Thalia's Lieutenant, Mutavault, Concealed Courtyard, Bloodsoaked Champion"
Orzhov Oppression,Intro Pack,Other,GTC,2013-02-01,24.68,"Gift of Orzhova, Tormented Soul, Vizkopa Guildmage, Basilica Screecher, Dying Wish"
Orzhov Power,Intro Pack,Other,DGM,2013-05-03,41.04,"Crypt Ghast, Gift of Orzhova, Crypt Incursion, Basilica Screecher, Riot Control"
Orzhov Syndicate,Arena Starter Deck,Other,M20,2019-05-03,46.44,"Godless Shrine, Cruel Celebrant, Teysa Karlov, Priest of Forgotten Gods, Seraph of the Scales"
Orzhov Syndicate 1,Jumpstart,Other,CLU,2024-02-23,6.16,"Afterlife Insurance, Syndicate Heavy, Council's Judgment, Angel of Vitality, Glorifier of Dusk"
Orzhov Syndicate 2,Jumpstart,Other,CLU,2024-02-23,6.16,"Afterlife Insurance, Covetous Elegy, Orzhov Signet, Seraph of the Scales, Murder"
Otter Limits,Starter Kit,Other,BLB,2024-08-02,39.77,"Bria, Riptide Rogue, Mockingbird, Coruscation Mage, Sword of Vengeance, Stormcatch Mentor"
"Our Show Is On Friday, Can You Make It?",Secret Lair Drop,Other,SLD,2021-08-25,99.82,"Gamble, Nature's Lore, Wrath of God, Preordain, Decree of Pain"
Out for Blood,Arena Starter Deck,Other,ANB,2019-09-26,38.31,"Bolas's Citadel, Vampire of the Dire Moon, Knight of the Ebon Legion, Bloodthirsty Aerialist, Vindictive Vampire"
Out for Blood 2,Arena Starter Deck,Other,ANB,2020-03-12,20.59,"Vampire of the Dire Moon, Knight of the Ebon Legion, Piper of the Swarm, Bloodthirsty Aerialist, Vindictive Vampire"
Outlaw Anthology Vol. 1: Rebellious Renegades,Secret Lair Drop,Other,SLD,2024-05-30,58.18,"Tezzeret the Seeker, Griselbrand, Nicol Bolas, Planeswalker, Grenzo, Havoc Raiser"
Outlaw Anthology Vol. 1: Rebellious Renegades Foil Edition,Secret Lair Drop,Other,SLD,2024-05-30,58.18,"Tezzeret the Seeker, Griselbrand, Nicol Bolas, Planeswalker, Grenzo, Havoc Raiser"
Outlaw Anthology Vol. 2: Sinister Scoundrels,Secret Lair Drop,Other,SLD,2024-05-30,58.27,"Vorinclex, Voice of Hunger, Korvold, Fae-Cursed King, Memnarch, Karona, False God"
Outlaw Anthology Vol. 2: Sinister Scoundrels Foil Edition,Secret Lair Drop,Other,SLD,2024-05-30,58.27,"Vorinclex, Voice of Hunger, Korvold, Fae-Cursed King, Memnarch, Karona, False God"
Outlaw Posse,Arena Starter Deck,Other,OTJ,2024-07-08,21.78,"Raucous Theater, Tinybones, the Pickpocket, Magda, the Hoardmaster, Charming Scoundrel, Shoot the Sheriff"
Outlaws of Thunder Junction Bundle Land Pack,Bundle Land Pack,Other,OTJ,2024-04-19,0.0,"Swamp, Swamp, Forest, Forest, Mountain"
Outlaws of Thunder Junction Foil Redemption,MTGO Redemption,Other,OTJ,2024-05-15,213.46,"Bristly Bill, Spine Sower, Terror of the Peaks, Goldvein Hydra, High Noon, The Gitrog, Ravenous Ride"
Outlaws of Thunder Junction Redemption,MTGO Redemption,Other,OTJ,2024-05-15,213.46,"Bristly Bill, Spine Sower, Terror of the Peaks, Goldvein Hydra, High Noon, The Gitrog, Ravenous Ride"
Overachiever 1,Jumpstart,Other,MOM,2023-04-20,0.0,"Interdisciplinary Mascot, Referee Squad, Meeting of Minds, Island, Oracle of Tragedy"
Overachiever 2,Jumpstart,Other,MOM,2023-04-20,0.0,"Interdisciplinary Mascot, Referee Squad, Island, Oracle of Tragedy, Wicked Slumber"
Overkill,Theme Deck,Other,SHM,2008-05-02,117.17,"Prismatic Omen, Mossbridge Troll, Farhaven Elf, Scuttlemutt, Juvenile Gloomwidow"
Ozai,Jumpstart,Other,TLE,2025-11-20,6.2,"Fire Lord Ozai, Scarring Memories, Swamp, Fire Navy Trebuchet, Canyon Crawler"
Painflow,Theme Deck,Other,JUD,2002-05-27,377.7,"Roar of the Wurm, Krosan Wayfarer, Moment's Peace, Brawn, Forest"
Paladin,Shandalar Enemy Deck,Other,PAST,1997-04-01,19.31,"Swords to Plowshares, Magical Hack, Segovian Leviathan, Northern Paladin, Sleight of Mind"
Pandemonium,Theme Deck,Other,APC,2001-06-04,268.33,"Life // Death, Harrow, Fertile Ground, Urborg Elf, Last Stand"
Pantheon's Power,Intro Pack,Other,JOU,2014-05-02,57.36,"Archetype of Finality, Archetype of Courage, Fate Unraveler, Grim Guardian, Doomwake Giant"
Paradise Frost,Secret Lair Drop,Other,SLD,2023-12-05,102.0,"Snow-Covered Forest, Snow-Covered Island, Snow-Covered Plains, Snow-Covered Swamp, Snow-Covered Mountain"
Paradise Frost Foil Edition,Secret Lair Drop,Other,SLD,2023-12-05,137.14,"Snow-Covered Island, Snow-Covered Forest, Snow-Covered Plains, Snow-Covered Swamp, Snow-Covered Mountain"
"Party Hard, Shred Harder",Secret Lair Drop,Other,SLD,2021-03-15,56.56,"Assassin's Trophy, Anguished Unmaking, Thraximundar, Dreadbore, Decimate"
Path of Blight,Intro Pack,Other,MBS,2011-02-04,61.73,"Plague Myr, Viridian Corrupter, Decimator Web, Core Prowler, Phyrexian Juggernaut"
Path to Victory,Intro Pack,Other,M13,2012-07-13,15.77,"Attended Knight, Plains, Captain of the Watch, Ring of Thune, Plains"
Paul McCabe - Red-Blue Aggro Control,World Championship Deck,Other,WC97,1997-08-13,71.62,"Force of Will, City of Brass, Pyrokinesis, Mind Stone, Mountain"
Peer Kröger - Reanimator,World Championship Deck,Other,WC03,2003-08-06,82.87,"Bloodstained Mire, Cabal Therapy, Entomb, Anger, Symbiotic Wurm"
Phyrexia,Duel Deck,Other,DDE,2010-03-19,47.06,"Phyrexian Negator, Lightning Greaves, Phyrexian Arena, Carrion Feeder, Voltaic Key"
Phyrexia: All Will Be One Bundle Land Pack,Bundle Land Pack,Other,ONE,2023-02-10,0.0,"Mountain, Mountain, Plains, Plains, Swamp"
Phyrexia: All Will Be One Foil Redemption,MTGO Redemption,Other,ONE,2023-03-08,305.95,"Mondrak, Glory Dominus, Solphim, Mayhem Dominus, Elesh Norn, Mother of Machines, All Will Be One, Atraxa, Grand Unifier"
Phyrexia: All Will Be One Redemption,MTGO Redemption,Other,ONE,2023-03-08,305.95,"Mondrak, Glory Dominus, Solphim, Mayhem Dominus, Elesh Norn, Mother of Machines, All Will Be One, Atraxa, Grand Unifier"
Phyrexia: All Will Be One Welcome Booster,Welcome Booster,Other,ONE,2023-02-10,13.38,"Atarka, World Render, Linvala, the Preserver, Kaya, Bane of the Dead, Tyrranax Atrocity, Commander's Sphere"
Phyrexian,Jumpstart,Other,JMP,2020-07-17,25.18,"Sheoldred, Whispering One, Phyrexian Reclamation, Swamp, Swamp, Malefic Scythe"
Phyrexian Assault,Theme Deck,Other,ULG,1999-02-15,283.2,"Phyrexian Reclamation, Phyrexian Plaguelord, Engineered Plague, Avalanche Riders, Bone Shredder"
Phyrexian Assault - Enhanced Deck,Enhanced Deck,Other,ULG,1999-02-15,297.21,"Phyrexian Reclamation, Phyrexian Plaguelord, Reflecting Pool, City of Brass, Avalanche Riders"
Phyrexian Faves,Secret Lair Drop,Other,SLD,2023-04-14,30.74,"Inkmoth Nexus, Blighted Agent, K'rrik, Son of Yawgmoth, Glistener Elf, Batterskull"
Phyrexian Faves Foil Edition,Secret Lair Drop,Other,SLD,2023-04-14,30.74,"Inkmoth Nexus, Blighted Agent, K'rrik, Son of Yawgmoth, Glistener Elf, Batterskull"
Phyrexian Poison,Intro Pack,Other,SOM,2010-10-01,68.45,"Ichor Rats, Ichorclaw Myr, Hand of the Praetors, Forest, Necropede"
Phyrexian Praetors: Compleat Edition,Secret Lair Drop,Other,SLD,2021-10-29,50.73,"Sheoldred, Whispering One, Elesh Norn, Grand Cenobite, Jin-Gitaxias, Core Augur, Vorinclex, Voice of Hunger, Urabrask the Hidden"
Phyrexian Praetors: Compleat Edition Foil Edition,Secret Lair Drop,Other,SLD,2021-10-29,50.73,"Sheoldred, Whispering One, Elesh Norn, Grand Cenobite, Jin-Gitaxias, Core Augur, Vorinclex, Voice of Hunger, Urabrask the Hidden"
Pick 'em & Stick 'em,Secret Lair Drop,Other,SLD,2025-03-25,67.63,"Hedron Crab, Pitiless Plunderer, Clever Impersonator, Thalia, Heretic Cathar, Sticker sheet"
Pick 'em & Stick 'em Foil Edition,Secret Lair Drop,Other,SLD,2025-03-25,67.63,"Hedron Crab, Pitiless Plunderer, Clever Impersonator, Thalia, Heretic Cathar, Sticker sheet"
Pictures of the Floating World,Secret Lair Drop,Other,SLD,2022-07-22,42.26,"Mosswort Bridge, Spinerock Knoll, Windbrisk Heights, Shelldock Isle, Howltooth Hollow"
Pictures of the Floating World Foil Edition,Secret Lair Drop,Other,SLD,2022-07-22,42.26,"Mosswort Bridge, Spinerock Knoll, Windbrisk Heights, Shelldock Isle, Howltooth Hollow"
Pirates,Jumpstart,Other,FDN,2024-11-15,0.0,"Tolarian Terror, Eaten by Piranhas, Cancel, Island, Brineborn Cutthroat"
Pirates (1),Jumpstart,Other,JMP,2020-07-17,1.26,"Coastal Piracy, Corsair Captain, Thriving Isle, Island, Chart a Course"
Pirates (2),Jumpstart,Other,JMP,2020-07-17,0.0,"Curious Obsession, Capture Sphere, Corsair Captain, Thriving Isle, Island"
Pixel Perfect,Secret Lair Drop,Other,SLD,2024-10-15,97.87,"Fierce Guardianship, Delayed Blast Fireball, Mana Geyser, Lightning Bolt"
Pixel Perfect Foil Edition,Secret Lair Drop,Other,SLD,2024-10-15,97.87,"Fierce Guardianship, Delayed Blast Fireball, Mana Geyser, Lightning Bolt"
PixelLands_v02.jpg,Secret Lair Drop,Other,SLD,2023-11-30,111.37,"Island, Swamp, Mountain, Forest, Plains"
PixelLands_v02.jpg Foil Edition,Secret Lair Drop,Other,SLD,2023-11-30,111.37,"Island, Swamp, Mountain, Forest, Plains"
PixelSnowLands.jpg,Secret Lair Drop,Other,SLD,2022-05-06,80.61,"Snow-Covered Swamp, Snow-Covered Island, Snow-Covered Forest, Snow-Covered Plains, Snow-Covered Mountain"
PixelSnowLands.jpg Foil Edition,Secret Lair Drop,Other,SLD,2022-05-06,80.61,"Snow-Covered Swamp, Snow-Covered Island, Snow-Covered Forest, Snow-Covered Plains, Snow-Covered Mountain"
PixelSnowLands.jpg Foil Etched Edition,Secret Lair Drop,Other,SLD,2022-05-06,80.61,"Snow-Covered Swamp, Snow-Covered Island, Snow-Covered Forest, Snow-Covered Plains, Snow-Covered Mountain"
Planar Chaos Foil Redemption,MTGO Redemption,Other,PLC,2007-03-04,1607.09,"Urborg, Tomb of Yawgmoth, Simian Spirit Guide, Damnation, Temporal Extortion, Pyrohemia"
Planar Chaos Redemption,MTGO Redemption,Other,PLC,2007-03-04,1607.09,"Urborg, Tomb of Yawgmoth, Simian Spirit Guide, Damnation, Temporal Extortion, Pyrohemia"
Planechase Anthology Planes,Box Set,Other,PCA,2016-11-25,295.88,"Tazeem, Goldmeadow, Izzet Steam Maze, Bant, Stairs to Infinity"
Planeshift Foil Redemption,MTGO Redemption,Other,PLS,2001-03-07,3437.08,"Orim's Chant, Diabolic Intent, Eladamri's Call, Meddling Mage, Forsaken City"
Planeshift Redemption,MTGO Redemption,Other,PLS,2001-03-07,3437.08,"Orim's Chant, Diabolic Intent, Eladamri's Call, Meddling Mage, Forsaken City"
Play-Doh: Squishful Thinking,Secret Lair Drop,Other,SLD,2025-10-06,54.59,"Polyraptor, Academy Manufactor, Greensleeves, Maro-Sorcerer, Wurmcoil Engine"
Play-Doh: Squishful Thinking Foil Edition,Secret Lair Drop,Other,SLD,2025-10-06,54.59,"Polyraptor, Academy Manufactor, Greensleeves, Maro-Sorcerer, Wurmcoil Engine"
Player A's advanced pack,Advanced Pack,Other,S00,2000-04-24,0.0,"Mountain, Swamp, Forest, Swamp, Llanowar Elves"
Player A's deck,Starter Deck,Other,S00,2000-04-24,0.0,"Mountain, Mountain, Swamp, Forest, Monstrous Growth"
Player B's advanced pack,Advanced Pack,Other,S00,2000-04-24,2.32,"Counterspell, Island, Island, Plains, Island"
Player B's deck,Starter Deck,Other,S00,2000-04-24,0.0,"Island, Breath of Life, Island, Island, Plains"
Plus One (1),Jumpstart,Other,JMP,2020-07-17,0.0,"Invigorating Surge, Primeval Bounty, Pridemalkin, Wildwood Scourge, Trufflesnout"
Plus One (2),Jumpstart,Other,JMP,2020-07-17,7.59,"Branching Evolution, Invigorating Surge, Pridemalkin, Wildwood Scourge, Trufflesnout"
Plus One (3),Jumpstart,Other,JMP,2020-07-17,0.0,"Invigorating Surge, Rishkar, Peema Renegade, Pridemalkin, Wildwood Scourge, Inspiring Call"
Plus One (4),Jumpstart,Other,JMP,2020-07-17,10.43,"Branching Evolution, Champion of Lambholt, Invigorating Surge, Pridemalkin, Wildwood Scourge"
Poker Faces,Secret Lair Drop,Other,SLD,2024-05-30,38.38,"Professional Face-Breaker, Goblin King, Rankle, Master of Pranks, Jaxis, the Troublemaker, Coffin Queen"
Poker Faces Foil Edition,Secret Lair Drop,Other,SLD,2024-05-30,38.38,"Professional Face-Breaker, Goblin King, Rankle, Master of Pranks, Jaxis, the Troublemaker, Coffin Queen"
Political Trickery,Game Night Deck,Other,GN3,2022-10-14,18.94,"Maeve, Insidious Singer, Counterspell, Split Decision, Diluvian Primordial, Murmuring Mystic"
Ponies: The Galloping,Box Set,Other,PTG,2019-10-22,392.43,"Princess Twilight Sparkle, Rarity, Nightmare Moon // Princess Luna"
Ponies: The Galloping 2,Secret Lair Drop,Other,SLD,2024-03-14,182.47,"Rainbow Dash, Pinkie Pie, Fluttershy, Applejack"
Ponies: The Galloping 2 Foil Edition,Secret Lair Drop,Other,SLD,2024-03-14,182.47,"Rainbow Dash, Pinkie Pie, Fluttershy, Applejack"
Post Malone: Backstage Pass,Secret Lair Drop,Other,SLD,2022-12-05,64.11,"Bolas's Citadel, K'rrik, Son of Yawgmoth, Jet Medallion, Leshrac's Sigil"
Post Malone: Backstage Pass Foil Edition,Secret Lair Drop,Other,SLD,2022-12-05,64.11,"Bolas's Citadel, K'rrik, Son of Yawgmoth, Jet Medallion, Leshrac's Sigil"
Post Malone: The Lands,Secret Lair Drop,Other,SLD,2022-12-05,63.26,"Swamp, Forest, Island, Mountain, Plains"
Post Malone: The Lands Foil Edition,Secret Lair Drop,Other,SLD,2022-12-05,63.26,"Swamp, Forest, Island, Mountain, Plains"
Power,Clash Pack,Other,FRF,2015-01-23,56.17,"Merciless Executioner, Monastery Siege, Murderous Cut, Opulent Palace, Treasure Cruise"
Power and Profit,Clash Pack,Other,FRF,2015-01-23,92.25,"Merciless Executioner, Whip of Erebos, Nyx Weaver, Monastery Siege, Eidolon of Blossoms"
Power of Prophecy,Intro Pack,Other,M11,2010-07-16,46.32,"Plains, Stormtide Leviathan, Crystal Ball, Plains, Augury Owl"
Power to the People,Arena Starter Deck,Other,OTJ,2024-07-08,50.03,"Delney, Streetwise Lookout, Shadowy Backstreet, Deep-Cavern Bat, Rankle's Prank, Expel the Interlopers"
Powerful (1),Jumpstart,Other,TLE,2025-11-20,2.58,"Fang, Roku's Companion, Thriving Bluff, Mountain, Iroh's Demonstration, Firebending Lesson"
Powerful (2),Jumpstart,Other,TLE,2025-11-20,2.58,"Fang, Roku's Companion, Freedom Fighter Recruit, Thriving Bluff, Mountain, Combustion Man"
Powerstones 1,Jumpstart,Other,BRO,2022-11-18,0.0,"Geology Enthusiast, Spotter Thopter, Urza, Powerstone Prodigy, Combat Courier, Stern Lesson"
Powerstones 2,Jumpstart,Other,BRO,2022-11-18,0.0,"Geology Enthusiast, Hulking Metamorph, Urza, Powerstone Prodigy, Combat Courier, Stern Lesson"
Precise,Jumpstart,Other,MSH,2026-06-26,0.0,"Hawkeye, Bowslinger, Stunning Shot, Colleen Wing, Street Samurai, Sudden Strike, Mockingbird, Ace Agent"
Preconstructed deck 1,Starter Deck,Other,S99,1999-07-12,1.2,"Swamp, Swamp, Swamp, Forest, Mountain"
Preconstructed deck 2,Starter Deck,Other,PTK,1999-05-01,153.3,"Forest Bear, Borrowing 100,000 Arrows, Forest, Island, Forest"
Predatory (1),Jumpstart,Other,JMP,2020-07-17,13.39,"Neyith of the Dire Hunt, Sabertooth Mauler, Fungal Rebirth, Trufflesnout, Irresistible Prey"
Predatory (2),Jumpstart,Other,JMP,2020-07-17,13.39,"Neyith of the Dire Hunt, Sabertooth Mauler, Fungal Rebirth, Gingerbrute, Trufflesnout"
Predatory (3),Jumpstart,Other,JMP,2020-07-17,0.0,"Sabertooth Mauler, Fungal Rebirth, Gingerbrute, Trufflesnout, Irresistible Prey"
Predatory (4),Jumpstart,Other,JMP,2020-07-17,3.11,"Momentous Fall, Sabertooth Mauler, Fungal Rebirth, Trufflesnout, Irresistible Prey"
Presence of Mind,Intro Pack,Other,M10,2009-07-17,24.32,"Telepathy, Island, Wall of Frost, Swamp, Doom Blade"
Pressure Cooker,Theme Deck,Other,ODY,2001-10-01,427.25,"Braids, Cabal Minion, Cabal Pit, Mountain, Swamp, Innocent Blood"
"Preston Poulter, Semifinalist",Pro Tour Deck,Other,PTC,1996-05-01,112.3,"Sylvan Library, Land Tax, Strip Mine, Armageddon, Mishra's Factory"
Price Of Glory,Intro Pack,Other,M15,2014-07-18,12.43,"Mass Calcify, Sign in Blood, Resolute Archangel, Staff of the Death Magus, Ulcerate"
Pride Across the Multiverse,Secret Lair Drop,Other,SLD,2022-08-05,151.22,"Mana Confluence, Bearscape, Sol Ring, Collective Voyage, Savor the Moment"
Pride Across the Multiverse Foil Edition,Secret Lair Drop,Other,SLD,2022-08-05,151.22,"Mana Confluence, Bearscape, Sol Ring, Collective Voyage, Savor the Moment"
Prideful,Jumpstart,Other,J25,2024-11-07,6.81,"Brimaz, King of Oreskos, King of the Pride, Leonin Vanguard, Take Up the Shield, Dawnwing Marshal"
Priestess,Shandalar Enemy Deck,Other,PAST,1997-04-01,56.43,"Spirit Link, Elder Land Wurm, Swords to Plowshares, Fortified Area, Blessing"
Primal,Jumpstart,Other,FDN,2024-11-15,0.0,"Bear Cub, Aggressive Mammoth, Bite Down, Wildwood Scourge, Forest"
Primal Fury,Arena Starter Deck,Other,M19,2018-09-27,48.35,"Silverclad Ferocidons, Rootbound Crag, Knight of the Stampede, Colossal Majesty, Banefire"
Primates,Jumpstart,Other,J22,2022-12-02,24.35,"Kibo, Uktabi Prince, Ram Through, Monkey Cage, Uktabi Orangutan, Cultivate"
Prime Slime,Secret Lair Drop,Other,SLD,2020-08-17,36.75,"Necrotic Ooze, The Mimeoplasm, Scavenging Ooze, Acidic Slime, Voidslime"
Primordial Hunger,Planechase Deck,Other,PCA,2016-11-25,17.02,"Dragonlair Spider, Mycoloth, Thromok the Insatiable, Khalni Garden, Skarrg, the Rage Pits"
Primordial Jund,Intro Pack,Other,ALA,2008-10-03,34.47,"Mycoloth, Swamp, Forest, Mountain, Forest"
Prints Charming,Secret Lair Drop,Other,SLD,2026-02-03,87.1,"Nature's Lore, Dryad Arbor, Skyshroud Claim, Wood Elves"
Prints Charming Foil Edition,Secret Lair Drop,Other,SLD,2026-02-03,87.1,"Nature's Lore, Dryad Arbor, Skyshroud Claim, Wood Elves"
Prints of Darkness,Secret Lair Drop,Other,SLD,2024-07-10,78.43,"Dictate of Erebos, Mayhem Devil, Moldervine Reclamation, Prossh, Skyraider of Kher, Fecundity"
Prints of Darkness Foil Edition,Secret Lair Drop,Other,SLD,2024-07-10,78.43,"Dictate of Erebos, Mayhem Devil, Moldervine Reclamation, Prossh, Skyraider of Kher, Fecundity"
Prismat,Shandalar Enemy Deck,Other,PAST,1997-04-01,14175.38,"Black Lotus, Mox Pearl, Mox Emerald, Mountain, Ivory Tower"
Prismatic Nightmares,Secret Lair Drop,Other,SLD,2024-02-23,104.23,"Simian Spirit Guide, Rain of Filth, Arcane Denial, Nightscape Familiar, Prince of Thralls"
Prismatic Nightmares Foil Edition,Secret Lair Drop,Other,SLD,2024-02-23,177.34,"Simian Spirit Guide, Rain of Filth, Nightscape Familiar, Arcane Denial, Prince of Thralls"
Profit,Clash Pack,Other,FRF,2015-01-23,46.52,"Whip of Erebos, Nyx Weaver, Eidolon of Blossoms, Grim Guardian, Doomwake Giant"
Progress 1,Jumpstart,Other,ONE,2023-02-10,0.0,"Serum Snare, Thrummingbird, Serum Sovereign, The Surgical Bay, Island"
Progress 2,Jumpstart,Other,ONE,2023-02-10,0.0,"Experimental Augury, Thrummingbird, Serum Sovereign, Bring the Ending, The Surgical Bay"
Psychic Labyrinth,Intro Pack,Other,M14,2013-07-19,8.26,"Archaeomancer, Clone, Warden of Evos Isle, Coral Merfolk, Island"
Pulverize,Theme Deck,Other,SCG,2003-05-26,141.62,"Pyrostatic Pillar, Parallel Thoughts, Island, Mischievous Quanar, Dispersal Shield"
Pummel,Theme Deck,Other,PCY,2000-06-05,491.99,"Hickory Woodlot, Spore Frog, Skyshroud Claim, Invigorate, Vine Trellis"
Pumped Up,Intro Pack,Other,ZEN,2009-10-02,27.61,"Rite of Replication, Burst Lightning, Hellkite Charger, Into the Roil, Sleep"
Purr Majesty,Secret Lair Drop,Other,SLD,2026-06-16,111.2,"Queen Marchesa, Court of Grace, Reverent Mantra, Ruinous Ultimatum, Windborn Muse"
Purr Majesty Foil Edition,Secret Lair Drop,Other,SLD,2026-06-16,111.2,"Queen Marchesa, Court of Grace, Reverent Mantra, Ruinous Ultimatum, Windborn Muse"
Purrfection,Secret Lair Drop,Other,SLD,2021-10-22,340.58,"Kodama's Reach, Heirloom Blade, Generous Gift, Chain Lightning"
Purrfection Foil Edition,Secret Lair Drop,Other,SLD,2021-10-22,340.58,"Kodama's Reach, Heirloom Blade, Generous Gift, Chain Lightning"
Pym Particles,Jumpstart,Other,MSH,2026-06-26,0.0,"Wasp, Shrinking Savior, Pym Particles, Ant-Man, Reformed Rogue, Ant-Man's Air Force, Robotics Mastery"
Queltosh,Shandalar Enemy Deck,Other,PAST,1997-04-01,8127.15,"Ancestral Recall, Candelabra of Tawnos, Mountain, Land Tax, Eye for an Eye"
Radiant's Revenge,Theme Deck,Other,ULG,1999-02-15,296.72,"Mother of Runes, Miscalculation, Raven Familiar, Ring of Gix, Urza's Blueprints"
Radiant's Revenge - Enhanced Deck,Enhanced Deck,Other,ULG,1999-02-15,613.7,"Palinchron, Faerie Conclave, Miscalculation, Reflecting Pool, Forbidding Watchtower"
Raid 1,Jumpstart,Other,J22,2022-12-02,0.0,"Raze the Effigy, Daring Piracy, Kari Zev, Skyship Raider, Thriving Bluff, Goblin Oriflamme"
Raid 2,Jumpstart,Other,J22,2022-12-02,10.21,"Glint-Horn Buccaneer, Daring Piracy, Bag of Holding, Thriving Bluff, Mountain"
Raid 3,Jumpstart,Other,J22,2022-12-02,3.34,"Brazen Cannonade, Daring Piracy, Thriving Bluff, Mountain, Plundering Predator"
Raid 4,Jumpstart,Other,J22,2022-12-02,3.34,"Brazen Cannonade, Daring Piracy, Thriving Bluff, Ordeal of Purphoros, Brazen Wolves"
Rainbow,Jumpstart,Other,JMP,2020-07-17,1.12,"Maelstrom Archangel, Swamp, Alloy Myr, Plains, Terramorphic Expanse"
Rakdos,Guild Kit,Other,GK2,2019-02-15,31.98,"Utvara Hellkite, Master of Cruelties, Rakdos, Lord of Riots, Spawn of Mayhem, Rakdos the Defiler"
Rakdos Bloodsport,Theme Deck,Other,DIS,2006-05-05,42.77,"Lyzolda, the Blood Witch, Rakdos Signet, Seal of Fire, Rix Maadi, Dungeon Palace, Ignorant Bliss"
Rakdos Raid,Intro Pack,Other,RTR,2012-10-05,8.22,"Tormented Soul, Shrieking Affliction, Assassin's Strike, Blood Reckoning, Mountain"
Rakdos Revelry,Intro Pack,Other,DGM,2013-05-03,4.77,"Guttersnipe, Havoc Festival, Carnage Gladiator, Mountain, Swamp"
Rakdos Vampires,Challenger Deck,Other,Q07,2022-04-01,16.73,"Blightstep Pathway // Searstep Pathway, Florian, Voldaren Scion, Henrika Domnathi // Henrika, Infernal Seer, Swamp, Den of the Bugbear"
"Ral, Caller of Storms",Planeswalker Deck,Other,GRN,2018-10-05,1.2,"Ral, Caller of Storms, Mountain, Goblin Electromancer, Island, Chemister's Insight"
Rally and Rout,Event Deck,Other,GTC,2013-02-22,47.48,"Boros Charm, Champion of the Parish, Thalia, Guardian of Thraben, Clifftop Retreat, Slayers' Stronghold"
Rallying Cry,Intro Pack,Other,BFZ,2015-10-02,19.24,"Hero of Goma Fada, Angelic Captain, Expedition Envoy, Angel of Renewal, Evolving Wilds"
Rampaging,Jumpstart,Other,MSH,2026-06-26,2.37,"Bushmaster, Coiled Henchman, Rhino, Terrible Trampler, Rhino's Rampage, Claim the Kingdom, Titania, Rugged Rumbler"
"Randy Buehler - Draw, Go",World Championship Deck,Other,WC98,1998-08-12,13.93,"Mana Leak, Island, Counterspell, Memory Lapse, Force Spike"
Raphael,Theme Deck,Other,TMT,2026-03-06,5.56,"Raphael, Tag Team Tough, Skateboard, Casey Jones, Asphalt Hooligan, Casey & Raph, Hotheads, Monster Mashup"
Raphael Levy - Le Wonder Goose,World Championship Deck,Other,WC02,2002-08-14,59.45,"Yavimaya Coast, Mental Note, Island, Careful Study, Island"
Rapid Fire,Intro Pack,Other,WWK,2010-02-05,45.41,"Chain Reaction, Searing Blaze, Kor Skyfisher, Ruin Ghost, Armored Ascension"
Rats,Jumpstart,Other,J22,2022-12-02,44.92,"Ashcoat of the Shadow Swarm, Infiltration Lens, Crypt Rats, Ogre Slumlord, Nezumi Bone-Reader"
Rats' Nest,Theme Deck,Other,BOK,2005-02-04,446.32,"Umezawa's Jitte, Throat Slitter, Shuko, Okiba-Gang Shinobi, Skullsnatcher"
Ravaging Swarm,Intro Pack,Other,NPH,2011-05-13,111.96,"Inexorable Tide, Viral Drake, Blighted Agent, Corrupted Conscience, Forest"
Ravenous Rats,Theme Deck,Other,PSAL,2005-08-01,0.0,"Swamp, Swamp, Swamp, Swamp, Swamp"
Ravnica Allegiance Bundle Land Pack,Bundle Land Pack,Other,RNA,2019-01-25,5.52,"Mountain, Mountain, Swamp, Swamp, Forest"
Ravnica Allegiance Foil Redemption,MTGO Redemption,Other,RNA,2019-02-24,349.11,"Smothering Tithe, Prime Speaker Vannifar, Blood Crypt, Biomancer's Familiar, Hallowed Fountain"
Ravnica Allegiance Redemption,MTGO Redemption,Other,RNA,2019-02-24,349.11,"Smothering Tithe, Prime Speaker Vannifar, Blood Crypt, Biomancer's Familiar, Hallowed Fountain"
Ravnica Fat Pack Land Pack,Bundle Land Pack,Other,RAV,2005-10-07,0.0,"Plains, Plains, Swamp, Island, Forest"
Ravnica: City of Guilds Foil Redemption,MTGO Redemption,Other,RAV,2005-11-06,1993.31,"Watery Grave, Doubling Season, Overgrown Tomb, Life from the Loam, Temple Garden"
Ravnica: City of Guilds Redemption,MTGO Redemption,Other,RAV,2005-11-06,1993.31,"Watery Grave, Doubling Season, Overgrown Tomb, Life from the Loam, Temple Garden"
Read the Fine Print,Secret Lair Drop,Other,SLD,2022-01-28,50.67,"Razaketh, the Foulblooded, Griselbrand, Liliana's Contract, Demonlord Belzenlok, Kothophed, Soul Hoarder"
Read the Fine Print Foil Edition,Secret Lair Drop,Other,SLD,2022-01-28,50.67,"Razaketh, the Foulblooded, Griselbrand, Liliana's Contract, Demonlord Belzenlok, Kothophed, Soul Hoarder"
Read the Fine Print Foil Etched Edition,Secret Lair Drop,Other,SLD,2022-01-28,50.67,"Razaketh, the Foulblooded, Griselbrand, Liliana's Contract, Demonlord Belzenlok, Kothophed, Soul Hoarder"
Ready to Attack,Jumpstart,Other,DMU,2022-09-09,3.05,"Mountain, Twinferno, Ragefire Hellkite, Electrostatic Infantry, Phoenix Chick"
Ready to Charge,Jumpstart,Other,DMU,2022-09-09,3.05,"Mountain, Twinferno, Ragefire Hellkite, Electrostatic Infantry, Yavimaya Steelcrusher"
Reality Fracture,Theme Deck,Other,TSP,2006-10-06,391.5,"Claws of Gix, Grapeshot, Clockspinning, Deep-Sea Kraken, Whispers of the Muse"
Reanimated (1),Jumpstart,Other,JMP,2020-07-17,8.95,"Reanimate, Swamp, Swamp, Archfiend's Vessel, Goremand"
Reanimated (2),Jumpstart,Other,JMP,2020-07-17,8.95,"Reanimate, Swamp, Swamp, Goremand, Miasmic Mummy"
Reanimated (3),Jumpstart,Other,JMP,2020-07-17,5.04,"Exhume, Swamp, Swamp, Scourge of Nel Toth, Goremand"
Reanimated (4),Jumpstart,Other,JMP,2020-07-17,6.13,"Rise of the Dark Realms, Swamp, Swamp, Goremand, Miasmic Mummy"
Rebel Armory,Arena Starter Deck,Other,LTR,2023-06-20,8.37,"Nahiri, Forged in Fury, Danitha, Benalia's Hope, Battlefield Forge, Rhuk, Hexgold Nabber, Astor, Bearer of Blades"
Rebel's Call,Theme Deck,Other,MMQ,1999-10-04,189.69,"Cho-Manno, Revolutionary, Ramosian Sergeant, Disenchant, Fountain of Cho, Ramosian Sky Marshal"
Rebel's Call - Enhanced Deck,Enhanced Deck,Other,MMQ,1999-10-04,790.89,"Dust Bowl, Cave-In, Mother of Runes, Reverent Mantra, City of Brass"
Rebelling (1),Jumpstart,Other,TLE,2025-11-20,13.6,"Longshot, Rebel Bowman, Smellerbee, Rebel Fighter, Zuko, Seeking Honor, Freedom Fighter Recruit, Thriving Bluff"
Rebelling (2),Jumpstart,Other,TLE,2025-11-20,16.84,"Longshot, Rebel Bowman, Overwhelming Victory, Smellerbee, Rebel Fighter, Zuko, Seeking Honor, Freedom Fighter Recruit"
Rebellious 1,Jumpstart,Other,ONE,2023-02-10,0.0,"Rhuk, Hexgold Nabber, Volt Charge, Mountain, Mountain, Free from Flesh"
Rebellious 2,Jumpstart,Other,ONE,2023-02-10,0.0,"Rhuk, Hexgold Nabber, Blazing Crescendo, Prosthetic Injector, Mountain, Mountain"
Rebels Unite,Theme Deck,Other,FUT,2007-05-04,44.01,"Dawn Charm, Big Game Hunter, Angel of Salvation, Return to Dust, Magus of the Abyss"
Red,Halfdeck,Other,UND,2020-02-28,0.0,"Goblin Tutor, Scissors Lizard, Strategy, Schmategy, Mountain, Infinity Elemental"
Red Burn,Deck Builder's Toolkit,Other,ROE,2010-05-21,28.25,"Lightning Bolt, Searing Blaze, Burst Lightning, Kiln Fiend, Fireball"
Red Deck,Welcome Deck,Other,DSK,2024-09-30,0.0,"Demanding Dragon, Kolaghan Warmonger, Voldaren Duelist, Antagonize, Subira, Tulzidi Caravanner"
Red Deck A,Sample Deck,Other,10E,2008-05-02,10.68,"Horde of Boggarts, Mudbrawler Cohort, Raging Goblin, Mountain, Spitting Earth"
Red Deck B,Sample Deck,Other,M11,2010-07-16,19.13,"Quest for the Goblin Lord, Forked Bolt, Mountain, Mountain, Mountain"
Red Green Monstrosity,Deck Builder's Toolkit,Other,M15,2014-07-18,1.63,"Market Festival, Ancient Silverback, Fall of the Hammer, Peregrination, Ill-Tempered Cyclops"
Red Sample Deck,Sample Deck,Other,M13,2012-07-13,0.0,"Mountain, Mountain, Wild Guess, Mountain, Kindled Fury"
Red White Auras,Deck Builder's Toolkit,Other,M15,2014-07-18,3.24,"Heliod's Pilgrim, Vanguard of Brimaz, Akroan Crusader, Brood Keeper, Chosen by Heliod"
Red and Black Pirates,Deck Builder's Toolkit,Other,XLN,2017-09-29,0.0,"March of the Drowned, Lightning-Rig Crew, Fiery Cannonade, Kitesail Freebooter, Dire Fleet Captain"
Red and Colorless Artifacts,Deck Builder's Toolkit,Other,AKH,2017-04-28,3.61,"Implement of Combustion, Servo Schematic, Watchers of the Dead, Enraged Giant, Welder Automaton"
Red and Colorless RampLandfall,Deck Builder's Toolkit,Other,SOI,2016-04-08,13.5,"Bane of Bala Ged, Scour from Existence, Hedron Crawler, Hedron Archive, Embodiment of Fury"
Red and Green Aggro,Deck Builder's Toolkit,Other,AKH,2017-04-28,1.17,"Cartouche of Strength, Ahn-Crop Crasher, Crocodile of the Crossing, Cartouche of Zeal, Fling"
Red and Green Dinosaurs,Deck Builder's Toolkit,Other,XLN,2017-09-29,8.35,"Ranging Raptors, Raging Swordtooth, Raptor Hatchling, Charging Monstrosaur, Atzocan Archer"
Red and Green Landfall,Deck Builder's Toolkit,Other,SOI,2016-04-08,0.0,"Snapping Gnarlid, Brute Strength, Blighted Gorge, Retreat to Valakut, Lightning Axe"
Red and Green Wolves,Deck Builder's Toolkit,Other,KLD,2016-09-30,2.41,"Blossoming Defense, Ulrich's Kindred, Pack Guardian, Uncaged Fury, Wolfkin Bond"
Red and White,Deck Builder's Toolkit,Other,KLD,2016-09-30,0.0,"Cathartic Reunion, Steadfast Cathar, Fairgrounds Warden, Make Mischief, Skywhaler's Shot"
Red and White Aggro,Deck Builder's Toolkit,Other,AKH,2017-04-28,3.75,"Cartouche of Solidarity, Ahn-Crop Crasher, Cartouche of Zeal, Honored Crop-Captain, Rhet-Crop Spearmaster"
Red and White Dinosaurs,Deck Builder's Toolkit,Other,XLN,2017-09-29,5.0,"Kinjalli's Caller, Charging Monstrosaur, Sky Terror, Dinosaur Stampede, Imperial Aerosaur"
Red-Green Aggression,Deck Builder's Toolkit,Other,M14,2013-07-19,2.44,"Kalonian Tusker, Gruul War Chant, Skarrg Guildmage, Ghor-Clan Rampager, Mugging"
Red-Green Aggro,Deck Builder's Toolkit,Other,ROE,2010-05-21,1.19,"Summit Apes, Borderland Ranger, Goblin Shortcutter, Trusty Machete, Centaur Courser"
Red-White,Starter Kit,Other,FIN,2025-06-13,10.45,"Ultima Weapon, Rosa, Resolute White Mage, Cloud, Planet's Champion, Beatrix, Loyal General, Lightning, Security Sergeant"
Red-White Deck,Spellslinger Starter Kit,Other,M19,2018-10-05,4.78,"Lightning Strike, Charging Monstrosaur, Goblin Motivator, Sky Terror, Demanding Dragon"
Red-White Swarm,Deck Builder's Toolkit,Other,M14,2013-07-19,0.0,"Viashino Firstblade, Wojek Halberdiers, Sunhome Guildmage, Righteous Charge, Skyknight Legionnaire"
Reign of Vampirism,Intro Pack,Other,M11,2010-07-16,47.74,"Royal Assassin, Viscera Seer, Captivating Vampire, Cultivate, Diabolic Tutor"
Reinforced (1),Jumpstart,Other,TLE,2025-11-20,1.06,"Zuko, Seeking Honor, Fire Nation Salvagers, Long Feng, Grand Secretariat, Swamp, Feed the Swarm"
Reinforced (2),Jumpstart,Other,TLE,2025-11-20,1.06,"Zuko, Seeking Honor, Fire Nation Salvagers, Long Feng, Grand Secretariat, Swamp, Gilacorn"
Reinforcement 1,Jumpstart,Other,MOM,2023-04-20,12.89,"Orthion, Hero of Lavabrink, Axgard Artisan, Mountain, Volcanic Spite, Ral's Reinforcements"
Reinforcement 2,Jumpstart,Other,MOM,2023-04-20,12.89,"Orthion, Hero of Lavabrink, Axgard Artisan, Mountain, Volcanic Spite, Mirran Banesplitter"
Relentless (1),Jumpstart,Other,TLE,2025-11-20,5.03,"Fire Nation Occupation, Ruthless Waterbender, Swamp, Azula, On the Hunt, Purple Pentapus"
Relentless (2),Jumpstart,Other,TLE,2025-11-20,2.67,"Fire Nation Occupation, Swamp, Azula, On the Hunt, Canyon Crawler, Heartless Act"
Relentless Dead,Intro Pack,Other,DKA,2012-02-03,37.49,"Endless Ranks of the Dead, Diregraf Captain, Swamp, Island, Black Cat"
Relentless Rush,Intro Pack,Other,DTK,2015-03-27,12.01,"Impact Tremors, Foul-Tongue Shriek, Mountain, Duress, Tormenting Voice"
Relic Breaker,Intro Pack,Other,SOM,2010-10-01,81.61,"Asceticism, Viridian Revel, Forest, Iron Myr, Copper Myr"
Relics of Doom,Theme Deck,Other,PS11,2011-01-01,0.0,"Island, Island, Island, Island, Swamp"
Repeat Performance,Event Deck,Other,M13,2012-08-03,128.29,"Green Sun's Zenith, Razorverge Thicket, Avacyn's Pilgrim, Arbor Elf, Stonehorn Dignitary"
Repel the Dark,Intro Pack,Other,ISD,2011-09-30,16.48,"Avacyn's Pilgrim, Fiend Hunter, Bramblecrush, Plains, Forest"
Replicator,Theme Deck,Other,NEM,2000-02-14,256.7,"Saproling Burst, Invigorate, Blastoderm, Bog Witch, Saproling Cluster"
Replicator - Enhanced Deck,Enhanced Deck,Other,NEM,2000-02-14,332.28,"Treetop Village, Rancor, Collective Unconscious, Vine Trellis, Spontaneous Generation"
Restless in Peace,Secret Lair Drop,Other,SLD,2019-12-05,30.67,"Life from the Loam, Bloodghast, Golgari Thug"
Return to Mystical Archive,Secret Lair Drop,Other,SLD,2026-05-12,32.42,"Spell Pierce, Abrade, Shared Roots, Zombify, Duty Beyond Death"
Return to Mystical Archive Foil Edition,Secret Lair Drop,Other,SLD,2026-05-12,32.42,"Spell Pierce, Abrade, Shared Roots, Zombify, Duty Beyond Death"
Return to Ravnica Fat Pack Land Pack,Bundle Land Pack,Other,RTR,2012-10-05,0.0,"Forest, Forest, Mountain, Swamp, Island"
Return to Ravnica Foil Redemption,MTGO Redemption,Other,RTR,2012-11-04,517.68,"Cyclonic Rift, Deathrite Shaman, Blood Crypt, Steam Vents, Rakdos Charm"
Return to Ravnica Holiday Gift Box Land Pack,Bundle Land Pack,Other,RTR,2012-11-16,0.0,"Forest, Forest, Mountain, Swamp, Island"
Return to Ravnica Redemption,MTGO Redemption,Other,RTR,2012-11-04,517.68,"Cyclonic Rift, Deathrite Shaman, Blood Crypt, Steam Vents, Rakdos Charm"
Returned,Jumpstart,Other,MSH,2026-06-26,6.92,"Undead Hand Ninja, Grim Reaper's Scythe, Songbird, Sonic Screamer, Grim Reaper, Lethal Legionnaire, Minion Missile"
Ride Like the Wind,MTGO Theme Deck,Other,MIR,2006-12-05,1.9,"Mountain, Telim'Tor, Plains, Sidar Jabari, Mountain"
Riders 1,Jumpstart,Other,LTR,2023-11-03,9.36,"Riders of the Mark, Rising of the Day, Rally at the Hornburg, Éomer of the Riddermark, Rohirrim Lancer"
Riders 2,Jumpstart,Other,LTR,2023-11-03,8.3,"Riders of the Mark, Rally at the Hornburg, Éomer of the Riddermark, Rohirrim Lancer, Fear, Fire, Foes!"
Rise of the Eldrazi Fat Pack Land Pack,Bundle Land Pack,Other,ROE,2010-04-23,39.64,"Island, Swamp, Forest, Island, Forest"
Rise of the Eldrazi Foil Redemption,MTGO Redemption,Other,ROE,2010-05-23,2074.01,"Emrakul, the Aeons Torn, Kozilek, Butcher of Truth, Ulamog, the Infinite Gyre, Nirkana Revenant, Linvala, Keeper of Silence"
Rise of the Eldrazi Redemption,MTGO Redemption,Other,ROE,2010-05-23,2074.01,"Emrakul, the Aeons Torn, Kozilek, Butcher of Truth, Ulamog, the Infinite Gyre, Nirkana Revenant, Linvala, Keeper of Silence"
Rise of the Vampires,Intro Pack,Other,ZEN,2009-10-02,48.54,"Blood Tribute, Malakir Bloodwitch, Diabolic Tutor, Vampire's Bite, Feast of Blood"
Rituals of Rebirth,Theme Deck,Other,PLC,2007-02-02,251.49,"Essence Warden, Wall of Roots, Rebuff the Wicked, Teneb, the Harvester, Jedit Ojanen of Efrava"
Rivals of Ixalan Bundle Land Pack,Bundle Land Pack,Other,RIX,2018-01-19,12.04,"Mountain, Swamp, Forest, Island, Plains"
Rivals of Ixalan Foil Redemption,MTGO Redemption,Other,RIX,2018-02-18,376.88,"Nezahal, Primal Tide, Polyraptor, The Immortal Sun, Storm the Vault // Vault of Catlacan, Pitiless Plunderer"
Rivals of Ixalan Redemption,MTGO Redemption,Other,RIX,2018-02-18,376.88,"Nezahal, Primal Tide, Polyraptor, The Immortal Sun, Storm the Vault // Vault of Catlacan, Pitiless Plunderer"
River Heralds,Theme Deck,Other,E02,2017-11-24,28.18,"Time Warp, Soul of the Harvest, Tempest Caller, Island, Rancor"
Rogues (1),Jumpstart,Other,JMP,2020-07-17,1.07,"Rogue's Gloves, Swamp, Thieves' Guild Enforcer, Alchemist's Gift, Oona's Blackguard"
Rogues (2),Jumpstart,Other,JMP,2020-07-17,1.07,"Rogue's Gloves, Swamp, Thieves' Guild Enforcer, Alchemist's Gift, Oona's Blackguard"
Roku,Jumpstart,Other,TLE,2025-11-20,16.34,"Avatar Roku, Firebender, Fang, Roku's Companion, Frantic Confrontation, Thriving Bluff, Mountain"
Rot from Within,Event Deck,Other,NPH,2011-06-10,180.74,"Green Sun's Zenith, Inkmoth Nexus, Mutagenic Growth, Ichorclaw Myr, Overgrown Battlement"
Rough and Tumble,Arena Starter Kit,Other,AFR,2021-08-06,1.32,"Evolving Wilds, Asmodeus the Archfiend, Oran-Rief Ooze, Black Dragon, Rabid Bite"
Rough and Tumble Amazon,Arena Starter Kit,Other,AFR,2021-08-06,1.32,"Evolving Wilds, Asmodeus the Archfiend, Oran-Rief Ooze, Black Dragon, Rabid Bite"
"Rowan, Fearless Sparkmage",Planeswalker Deck,Other,ELD,2019-10-04,0.0,"Rowan, Fearless Sparkmage, Plains, Acclaimed Contender, Inspiring Veteran, Giant Killer // Chop Down"
Rule the Room,Secret Lair Drop,Other,SLD,2022-09-13,50.18,"Brimaz, King of Oreskos, Savra, Queen of the Golgari, Queen Marchesa, Arcanis the Omnipotent"
Rule the Room Foil Edition,Secret Lair Drop,Other,SLD,2022-09-13,50.18,"Brimaz, King of Oreskos, Savra, Queen of the Golgari, Queen Marchesa, Arcanis the Omnipotent"
Rumbler,Intro Pack,Other,ARB,2009-04-30,26.18,"Terramorphic Expanse, Forest, Mountain, Forest, Mountain"
Runaways,Jumpstart,Other,MSH,2026-06-26,55.96,"Nico Minoru, Runaway, Karolina Dean, Runaway, Hex Magic, Alex Wilder, Runaway, Chase Stein, Runaway"
Rush of the Wild,Event Deck,Other,M14,2013-08-09,38.1,"Stomping Ground, Elvish Mystic, Rogue's Passage, Mizzium Mortars, Dryad Militant"
SDCC 2013 Black Planeswalkers,Box Set,Other,PSDC,2013-07-18,842.68,"Liliana of the Dark Realms, Ajani, Caller of the Pride, Chandra, Pyromaster, Jace, Memory Adept, Garruk, Caller of Beasts"
SDCC 2013 Planeswalker Set,San Diego Comic Con Promos,Other,PSDC,2013-07-18,842.68,"Liliana of the Dark Realms, Ajani, Caller of the Pride, Chandra, Pyromaster, Jace, Memory Adept, Garruk, Caller of Beasts"
SDCC 2014 Black Planeswalkers,Box Set,Other,PS14,2014-07-08,277.4,"Liliana Vess, Nissa, Worldwaker, Chandra, Pyromaster, Ajani Steadfast, Garruk, Apex Predator"
SDCC 2014 Planeswalker Set,San Diego Comic Con Promos,Other,PS14,2014-07-24,277.4,"Liliana Vess, Nissa, Worldwaker, Chandra, Pyromaster, Ajani Steadfast, Garruk, Apex Predator"
SDCC 2015 Black Planeswalkers,Box Set,Other,PS15,2015-07-09,453.83,"Liliana, Heretical Healer // Liliana, Defiant Necromancer, Chandra, Fire of Kaladesh // Chandra, Roaring Flame, Jace, Vryn's Prodigy // Jace, Telepath Unbound, Nissa, Vastwood Seer // Nissa, Sage Animist, Kytheon, Hero of Akros // Gideon, Battle-Forged"
SDCC 2015 Planeswalker Set,San Diego Comic Con Promos,Other,PS15,2015-07-09,453.83,"Liliana, Heretical Healer // Liliana, Defiant Necromancer, Chandra, Fire of Kaladesh // Chandra, Roaring Flame, Jace, Vryn's Prodigy // Jace, Telepath Unbound, Nissa, Vastwood Seer // Nissa, Sage Animist, Kytheon, Hero of Akros // Gideon, Battle-Forged"
SDCC 2016 Zombie Planeswalker Set,San Diego Comic Con Promos,Other,PS16,2016-07-21,104.04,"Liliana, the Last Hope, Chandra, Flamecaller, Jace, Unraveler of Secrets, Gideon, Ally of Zendikar, Nissa, Voice of Zendikar"
SDCC 2016 Zombie Planeswalkers,Box Set,Other,PS16,2016-10-01,104.04,"Liliana, the Last Hope, Chandra, Flamecaller, Jace, Unraveler of Secrets, Gideon, Ally of Zendikar, Nissa, Voice of Zendikar"
SDCC 2017 Egyptian Planeswalkers,Box Set,Other,PS17,2017-07-20,173.9,"Liliana, Death's Majesty, Nicol Bolas, God-Pharaoh, Chandra, Torch of Defiance, Jace, Unraveler of Secrets, Nissa, Steward of Elements"
SDCC 2017 Planeswalker Set,San Diego Comic Con Promos,Other,PS17,2017-07-20,173.9,"Liliana, Death's Majesty, Nicol Bolas, God-Pharaoh, Chandra, Torch of Defiance, Jace, Unraveler of Secrets, Nissa, Steward of Elements"
SDCC 2018 Planeswalker Set,San Diego Comic Con Promos,Other,PS18,2018-07-19,224.32,"Liliana, Untouched by Death, Chandra, Torch of Defiance, Nissa, Vital Force, Gideon of the Trials, Jace, Cunning Castaway"
SDCC 2018 Stained Glass Planeswalkers,Box Set,Other,PS18,2018-07-19,224.32,"Liliana, Untouched by Death, Chandra, Torch of Defiance, Nissa, Vital Force, Gideon of the Trials, Jace, Cunning Castaway"
SDCC 2019 God-Eternals,Box Set,Other,PS19,2019-07-18,216.86,"Nicol Bolas, Dragon-God, God-Eternal Oketra, God-Eternal Bontu, God-Eternal Kefnet, God-Eternal Rhonas"
Sacred Assault,Intro Pack,Other,M12,2011-07-15,32.3,"Spirit Mantle, Mesa Enchantress, Gladecover Scout, Lifelink, Aegis Angel"
Sacrifice,Deck Builder's Toolkit,Other,M14,2013-07-19,0.0,"Goblin Rally, Festering Newt, Barrage of Expendables, Tenacious Dead, Act of Treason"
Sacrificial Bam,Theme Deck,Other,MRD,2003-10-02,265.64,"Vault of Whispers, Great Furnace, Talisman of Indulgence, Myr Retriever, Iron Myr"
Sacrilege,Theme Deck,Other,TOR,2002-02-08,365.1,"Buried Alive, Ichorid, Tainted Field, Putrid Imp, Angel of Retribution"
Saddle Up,Arena Starter Deck,Other,OTJ,2024-07-08,13.89,"Lush Portico, Railway Brawler, Outcaster Trailblazer, Gruff Triplets, Ornery Tumblewagg"
Sainted One,Shandalar Enemy Deck,Other,PAST,1997-04-01,13976.26,"Black Lotus, Mox Pearl, Mishra's Workshop, Bottle of Suleiman, Sol Ring"
Saltrem Tor,Shandalar Enemy Deck,Other,PAST,1997-04-01,309.91,"Mountain, Birds of Paradise, Whirling Dervish, Crimson Manticore, Unstable Mutation"
Sampler Booster,Welcome Booster,Other,7ED,2001-04-11,64.85,"Forest, Spitting Earth, Island, Swamp, Mountain"
Saproling Swarm,Arena Starter Deck,Other,M19,2018-09-27,23.94,"Tendershoot Dryad, Twilight Prophet, Poison-Tip Archer, Woodland Cemetery, Path of Discovery"
Sarkhan,Planeswalker Deck,Other,M19,2018-07-13,15.03,"Sarkhan, Dragonsoul, Thud, Lightning Strike, Goblin Motivator, Demanding Dragon"
Saturday Morning D&D,Secret Lair Drop,Other,SLD,2021-06-21,48.31,"Primal Vigor, Impact Tremors, Whir of Invention, Commander's Sphere, Hero's Downfall"
Saturday Morning D&D Foil Edition,Secret Lair Drop,Other,SLD,2021-06-21,48.31,"Primal Vigor, Impact Tremors, Whir of Invention, Commander's Sphere, Hero's Downfall"
Savage Auras,Planechase Deck,Other,PC2,2012-06-01,25.94,"Ghostly Prison, Felidar Umbra, Kor Spiritdancer, Spirit Mantle, Three Dreams"
Savage Lands,Jumpstart,Other,MSH,2026-06-26,57.57,"Devil Dinosaur, Sauron, Dino Devotee, Savage Lands, Moon-Boy, Dino Rider, Ka-Zar of the Savage Land"
Savage Salvagers,Arena Starter Deck,Other,LTR,2023-06-20,10.82,"Conduit of Worlds, Glissa Sunslayer, Llanowar Wastes, Shadow of the Enemy, Terror of Towashi"
Savage Stompdown,MTGO Theme Deck,Other,VIS,2006-04-10,42.67,"Natural Order, Mountain, Viashivan Dragon, Forest, Mountain"
Saviors of Kamigawa Foil Redemption,MTGO Redemption,Other,SOK,2005-07-03,2192.44,"Oboro Breezecaller, Oboro, Palace in the Clouds, Erayo, Soratami Ascendant // Erayo's Essence, Sakashima the Impostor, Miren, the Moaning Well"
Saviors of Kamigawa Redemption,MTGO Redemption,Other,SOK,2005-07-03,2192.44,"Oboro Breezecaller, Oboro, Palace in the Clouds, Erayo, Soratami Ascendant // Erayo's Essence, Sakashima the Impostor, Miren, the Moaning Well"
Scales of Fury,Theme Deck,Other,PS11,2011-01-01,0.0,"Forest, Forest, Forest, Forest, Mountain"
Scarlet,Jumpstart,Other,MSH,2026-06-26,85.47,"The Vision and Scarlet Witch, Wanda's Vision, Hex Magic, Lightning Bolt, Grapeshot"
Scars of Mirrodin Fat Pack Land Pack,Bundle Land Pack,Other,SOM,2010-10-01,31.9,"Forest, Forest, Island, Forest, Forest"
Scars of Mirrodin Foil Redemption,MTGO Redemption,Other,SOM,2010-10-31,1619.38,"Mox Opal, Skithiryx, the Blight Dragon, Platinum Emperion, Grafted Exoskeleton, Contagion Engine"
Scars of Mirrodin Redemption,MTGO Redemption,Other,SOM,2010-10-31,1619.38,"Mox Opal, Skithiryx, the Blight Dragon, Platinum Emperion, Grafted Exoskeleton, Contagion Engine"
Scene Box,Box Set,Other,SPE,2025-09-26,23.16,"Green Goblin, Nemesis, Sensational Spider-Man, Venom, Deadly Devourer, Pumpkin Bombs, Grasping Tentacles"
Scorch The World With Dragonfire,Archenemy Deck,Other,ARC,2010-06-18,29.5,"Seething Song, Thran Dynamo, Hellkite Charger, Dragonspeaker Shaman, Taurean Mauler"
Scourge Foil Redemption,MTGO Redemption,Other,SCG,2003-06-25,3329.74,"Stifle, Brain Freeze, Siege-Gang Commander, Sliver Overlord, Decree of Justice"
Scourge Redemption,MTGO Redemption,Other,SCG,2003-06-25,3329.74,"Stifle, Brain Freeze, Siege-Gang Commander, Sliver Overlord, Decree of Justice"
Scout,Theme Deck,Other,PLS,2001-02-05,520.84,"Eladamri's Call, Rith's Grove, Harrow, Fertile Ground, Armadillo Cloak"
Scrapyard Sacrifice,Arena Starter Deck,Other,LTR,2023-06-20,13.99,"Mishra, Claimed by Gix // Mishra, Lost to Phyrexia, Corrupted Conviction, Sulfurous Springs, Phyrexian Dragon Engine // Mishra, Lost to Phyrexia, Urabrask's Forge"
Scrying 1,Jumpstart,Other,J22,2022-12-02,9.72,"Kenessos, Priest of Thassa, Preordain, Cryptic Serpent, Faerie Seer, Biblioplex Kraken"
Scrying 2,Jumpstart,Other,J22,2022-12-02,9.72,"Kenessos, Priest of Thassa, Preordain, Cryptic Serpent, Condescend, Faerie Seer"
Sea Drake,Shandalar Enemy Deck,Other,PAST,1997-04-01,175.47,"Mana Vault, Island Fish Jasconius, Leviathan, Counterspell, Giant Tortoise"
Second Chance,Arena Starter Deck,Other,OTJ,2024-07-08,6.55,"Spirebluff Canal, Seize the Secrets, Demand Answers, Melek, Reforged Researcher, Flick a Coin"
Second Sun Control,Challenger Deck,Other,Q01,2018-04-06,31.58,"Approach of the Second Sun, Kefnet the Mindful, Settle the Wreckage, Ipnu Rivulet, Fumigate"
Secret Lair High: Class of '87,Secret Lair Drop,Other,SLD,2025-03-25,16.48,"Aesi, Tyrant of Gyre Strait // Aesi, Tyrant of Gyre Strait, Chulane, Teller of Tales // Chulane, Teller of Tales, Anje Falkenrath // Anje Falkenrath, Radha, Heart of Keld // Radha, Heart of Keld"
Secret Lair High: Class of '87 Foil Edition,Secret Lair Drop,Other,SLD,2025-03-25,16.48,"Aesi, Tyrant of Gyre Strait // Aesi, Tyrant of Gyre Strait, Chulane, Teller of Tales // Chulane, Teller of Tales, Anje Falkenrath // Anje Falkenrath, Radha, Heart of Keld // Radha, Heart of Keld"
Secrets of Strixhaven Bundle Land Pack,Bundle Land Pack,Other,SOS,2026-04-24,0.0,"Swamp, Swamp, Mountain, Mountain, Swamp"
Secrets of Strixhaven Redemption,MTGO Redemption,Other,SOS,2026-05-20,137.95,"Emeritus of Woe // Demonic Tutor, Improvisation Capstone, Germination Practicum, Decorum Dissertation, Emeritus of Ideation // Ancestral Recall"
Sedge Beast,Shandalar Enemy Deck,Other,PAST,1997-04-01,366.9,"Mountain, Strip Mine, Dancing Scimitar, Blight, Erg Raiders"
Seeing Visions,Secret Lair Drop,Other,SLD,2019-12-06,12.54,"Serum Visions, Serum Visions, Serum Visions, Serum Visions"
Seer,Shandalar Enemy Deck,Other,PAST,1997-04-01,347.22,"Triskelion, Hurkyl's Recall, Tetravus, Time Elemental, Ornithopter"
Seismic,Jumpstart,Other,JMP,2020-07-17,0.0,"Volcanic Geyser, Mountain, Mana Geode, Volcanic Fallout, Grim Lavamancer"
Selesnya,Guild Kit,Other,GK1,2018-11-02,8.39,"Privileged Position, Trostani, Selesnya's Voice, Camaraderie, Tolsimir Wolfblood, Conclave Cavalier"
Selesnya Conclave,Arena Starter Deck,Other,M20,2019-05-03,24.07,"Temple Garden, March of the Multitudes, Tolsimir, Friend to Wolves, Knight of Autumn, Pledge of Unity"
Selesnya Conclave 1,Jumpstart,Other,CLU,2024-02-23,2.65,"Conclave Evangelist, Trostani Discordant, Selesnya Sanctuary, Sumala Rumblers, Plains"
Selesnya Conclave 2,Jumpstart,Other,CLU,2024-02-23,7.87,"Beast Whisperer, Selesnya Signet, Vernal Sovereign, Selesnya Sanctuary, Sumala Rumblers"
Selesnya Pride,Arena Starter Deck,Other,DOM,2018-03-22,112.32,"Anointed Procession, Crested Sunmare, Sacred Cat, Pride Sovereign, Regal Caracal"
Selesnya Surge,Intro Pack,Other,RTR,2012-10-05,6.58,"Arbor Elf, Rootborn Defenses, Healer of the Pride, Druid's Deliverance, Forest"
Selesnya United,Theme Deck,Other,RAV,2005-10-07,26.44,"Nullmage Shepherd, Tolsimir Wolfblood, Selesnya Sanctuary, Vitu-Ghazi, the City-Tree, Scatter the Seeds"
Series 1,Box Set,Other,PVAN,1997-12-01,29.92,"Karn, Squee, Ertai, Mirri, Gerrard"
Series 2,Box Set,Other,PVAN,1997-12-01,105.38,"Orim, Selenia, Barrin, Hanna, Starke"
Series 3,Box Set,Other,PVAN,1997-12-01,195.64,"Sliver Queen, Brood Mother, Lyna, Eladamri, Oracle, Sidar Kondo"
Series 4,Box Set,Other,PVAN,1997-12-01,361.23,"Titania, Gix, Urza, Xantcha, Mishra"
Seventh Edition Foil Redemption,MTGO Redemption,Other,7ED,2001-05-11,23716.82,"Birds of Paradise, City of Brass, Final Fortune, Adarkar Wastes, Underground River"
Seventh Edition Redemption,MTGO Redemption,Other,7ED,2001-05-11,23716.82,"Birds of Paradise, City of Brass, Final Fortune, Adarkar Wastes, Underground River"
Shades Not Included,Secret Lair Drop,Other,SLD,2022-07-22,71.5,"Island, Swamp, Mountain, Plains, Forest"
Shades Not Included Foil Edition,Secret Lair Drop,Other,SLD,2022-07-22,71.5,"Island, Swamp, Mountain, Plains, Forest"
Shadowmoor Fat Pack Land Pack,Bundle Land Pack,Other,SHM,2008-05-02,37.6,"Swamp, Island, Swamp, Forest, Swamp"
Shadowmoor Foil Redemption,MTGO Redemption,Other,SHM,2008-06-01,3796.0,"Sygg, River Cutthroat, Manamorphose, Umbral Mantle, Twilight Shepherd, Everlasting Torment"
Shadowmoor Redemption,MTGO Redemption,Other,SHM,2008-06-01,3796.0,"Sygg, River Cutthroat, Manamorphose, Umbral Mantle, Twilight Shepherd, Everlasting Torment"
Shadows over Innistrad Fat Pack Land Pack,Bundle Land Pack,Other,SOI,2016-04-08,0.0,"Forest, Plains, Forest, Swamp, Island"
Shadows over Innistrad Foil Redemption,MTGO Redemption,Other,SOI,2016-05-08,247.14,"Eerie Interlude, Relentless Dead, Cryptolith Rite, Sorin, Grim Nemesis, Archangel Avacyn // Avacyn, the Purifier"
Shadows over Innistrad Gift Box Land Pack,Bundle Land Pack,Other,SOI,2016-04-08,0.0,"Forest, Plains, Forest, Swamp, Island"
Shadows over Innistrad Redemption,MTGO Redemption,Other,SOI,2016-05-08,247.14,"Eerie Interlude, Relentless Dead, Cryptolith Rite, Sorin, Grim Nemesis, Archangel Avacyn // Avacyn, the Purifier"
Shallow Graves,Intro Pack,Other,EMN,2016-07-22,8.89,"Cryptbreaker, Liliana's Indignation, Graf Harvest, Noosegraf Mob, Cemetery Recruitment"
Shamanism,Theme Deck,Other,MOR,2008-02-01,240.88,"Thornbite Staff, Bosk Banneret, Leaf-Crowned Elder, Swamp, Lignify"
Shapeshifter,Shandalar Enemy Deck,Other,PAST,1997-04-01,559.03,"Triskelion, Mishra's Factory, Mana Vault, Hurkyl's Recall, Ivory Tower"
Shapeshifters,Jumpstart,Other,J22,2022-12-02,30.22,"Pirated Copy, Mirror Image, Bloodline Pretender, Amoeboid Changeling, Universal Automaton"
Shards of Alara Fat Pack Land Pack,Bundle Land Pack,Other,ALA,2008-10-03,31.84,"Plains, Island, Swamp, Forest, Mountain"
Shards of Alara Foil Redemption,MTGO Redemption,Other,ALA,2008-11-02,1011.02,"Ad Nauseam, Tezzeret the Seeker, Mayael the Anima, Ajani Vengeant, Godsire"
Shards of Alara Redemption,MTGO Redemption,Other,ALA,2008-11-02,1011.02,"Ad Nauseam, Tezzeret the Seeker, Mayael the Anima, Ajani Vengeant, Godsire"
"Shawn Hammer Regnier, Quarterfinalist",Pro Tour Deck,Other,PTC,1996-05-01,103.27,"City of Brass, Land Tax, Island, Adarkar Wastes, Mishra's Factory"
Sheldon's Spellbook,Secret Lair Drop,Other,SLD,2024-07-03,87.92,"Teferi's Protection, Sol Ring, Inkshield, Command Tower, Eladamri's Vineyard"
Sheldon's Spellbook Foil Edition,Secret Lair Drop,Other,SLD,2024-07-03,87.92,"Teferi's Protection, Sol Ring, Inkshield, Command Tower, Eladamri's Vineyard"
Showcase: All Will Be One Step-and-Compleat Edition,Secret Lair Drop,Other,SLD,2023-04-14,56.8,"Phyrexian Crusader, Glissa, the Traitor, Phyrexian Unlife, Ertai, the Corrupted, Plague Engineer"
Showcase: Bloomburrow,Secret Lair Drop,Other,SLD,2024-07-30,62.47,"Tezzeret, Master of the Bridge, Sorin Markov, Kiora, Behemoth Beckoner, Vraska, Golgari Queen, Huatli, Radiant Champion"
Showcase: Bloomburrow Foil Edition,Secret Lair Drop,Other,SLD,2024-07-30,62.47,"Tezzeret, Master of the Bridge, Sorin Markov, Kiora, Behemoth Beckoner, Vraska, Golgari Queen, Huatli, Radiant Champion"
Showcase: Dominaria United Textured Foil Edition,Secret Lair Drop,Other,SLD,2022-10-25,37.64,"Nicol Bolas, Vaevictis Asmadi, Chromium, Palladia-Mors, Arcades Sabboth"
Showcase: Duskmourn,Secret Lair Drop,Other,SLD,2024-10-01,39.37,"Dauthi Voidwalker, Phyrexian Metamorph, Magus of the Moon, Witch's Oven, Cauldron Familiar"
Showcase: Duskmourn Foil Edition,Secret Lair Drop,Other,SLD,2024-10-01,39.37,"Dauthi Voidwalker, Phyrexian Metamorph, Magus of the Moon, Witch's Oven, Cauldron Familiar"
Showcase: Kaldheim - Part 1,Secret Lair Drop,Other,SLD,2021-04-13,57.02,"Uro, Titan of Nature's Wrath, Primeval Titan, Frost Titan"
Showcase: Kaldheim - Part 1 Foil Edition,Secret Lair Drop,Other,SLD,2021-04-13,57.02,"Uro, Titan of Nature's Wrath, Primeval Titan, Frost Titan"
Showcase: Kaldheim - Part 2,Secret Lair Drop,Other,SLD,2021-04-13,31.08,"Kroxa, Titan of Death's Hunger, Grave Titan, Inferno Titan"
Showcase: Kaldheim - Part 2 Foil Edition,Secret Lair Drop,Other,SLD,2021-04-13,31.08,"Kroxa, Titan of Death's Hunger, Grave Titan, Inferno Titan"
Showcase: March of the Machine Vol. 1,Secret Lair Drop,Other,SLD,2023-04-28,142.66,"Walking Ballista, The World Tree, Wheel and Deal, Questing Beast, Olivia Voldaren"
Showcase: March of the Machine Vol. 2,Secret Lair Drop,Other,SLD,2023-04-28,104.55,"Higure, the Still Wind, Nezahal, Primal Tide, Xantcha, Sleeper Agent, Mina and Denn, Wildborn, Dragonlord Kolaghan"
Showcase: March of the Machine Vol. 3,Secret Lair Drop,Other,SLD,2023-04-28,174.91,"Misdirection, Nyxbloom Ancient, Utvara Hellkite, Kogla, the Titan Ape, Jhoira, Weatherlight Captain"
Showcase: Midnight Hunt,Secret Lair Drop,Other,SLD,2022-01-28,93.41,"Vault of the Archangel, Gavony Township, Kessig Wolf Run, Alchemist's Refuge, Nephalia Drownyard"
Showcase: Midnight Hunt Foil Edition,Secret Lair Drop,Other,SLD,2022-01-28,93.41,"Vault of the Archangel, Gavony Township, Kessig Wolf Run, Alchemist's Refuge, Nephalia Drownyard"
Showcase: Murders at Karlov Manor,Secret Lair Drop,Other,SLD,2024-02-23,32.36,"Vilis, Broker of Blood, Gonti, Lord of Luxury, Grenzo, Dungeon Warden, Anowon, the Ruin Thief"
Showcase: Murders at Karlov Manor Foil Edition,Secret Lair Drop,Other,SLD,2024-02-23,36.51,"Vilis, Broker of Blood, Gonti, Lord of Luxury, Grenzo, Dungeon Warden, Anowon, the Ruin Thief"
Showcase: Neon Dynasty Neon Ink Foil Edition,Secret Lair Drop,Other,SLD,2022-07-22,87.01,"Ghostly Prison, Freed from the Real, Hall of the Bandit Lord, Boseiju, Who Shelters All"
Showcase: Outlaws of Thunder Junction,Secret Lair Drop,Other,SLD,2024-05-30,35.08,"Magda, Brazen Outlaw, Kalitas, Traitor of Ghet, Dack Fayden, Greasefang, Okiba Boss"
Showcase: Outlaws of Thunder Junction Foil Edition,Secret Lair Drop,Other,SLD,2024-05-30,35.08,"Magda, Brazen Outlaw, Kalitas, Traitor of Ghet, Dack Fayden, Greasefang, Okiba Boss"
Showcase: Streets of New Capenna Gilded Foil Edition,Secret Lair Drop,Other,SLD,2022-08-05,64.32,"Atraxa, Praetors' Voice, Breya, Etherium Shaper, Yidris, Maelstrom Wielder"
Showcase: Strixhaven,Secret Lair Drop,Other,SLD,2021-08-25,59.84,"All Is Dust, Fire Covenant, Drown in the Loch, Artifact Mutation, Fractured Identity"
Showcase: Strixhaven Foil Edition,Secret Lair Drop,Other,SLD,2021-08-25,59.84,"All Is Dust, Fire Covenant, Drown in the Loch, Artifact Mutation, Fractured Identity"
Showcase: The Lost Caverns of Ixalan,Secret Lair Drop,Other,SLD,2023-12-05,57.68,"Elenda, the Dusk Rose, Kumena, Tyrant of Orazca, Captain Lannery Storm, Admiral Beckett Brass, Vona, Butcher of Magan"
Showcase: The Lost Caverns of Ixalan Foil Edition,Secret Lair Drop,Other,SLD,2023-12-05,67.59,"Kumena, Tyrant of Orazca, Elenda, the Dusk Rose, Captain Lannery Storm, Admiral Beckett Brass, Vona, Butcher of Magan"
Showcase: Zendikar Revisited,Secret Lair Drop,Other,SLD,2020-09-25,129.68,"Avenger of Zendikar, Admonition Angel, Roil Elemental, Warren Instigator, Zulaport Cutthroat"
Showcase: Zendikar Revisited Foil Edition,Secret Lair Drop,Other,SLD,2020-09-25,129.68,"Avenger of Zendikar, Admonition Angel, Roil Elemental, Warren Instigator, Zulaport Cutthroat"
Shrines,Jumpstart,Other,TLE,2025-11-20,7.51,"Hei Bai, Forest Guardian, Forest, Northern Air Temple, The Spirit Oasis, Crescent Island Temple"
Shu Kingdom,Theme Deck,Other,PTK,1999-05-01,142.32,"Guan Yu, Sainted Warrior, Liu Bei, Lord of Shu, Kongming, ""Sleeping Dragon"", Shu General, Plains"
Sidestep,Theme Deck,Other,EVE,2008-07-25,70.27,"Clout of the Dominus, Dominus of Fealty, Mindwrack Liege, Island, Inside Out"
Siege Engines,Jumpstart,Other,TLE,2025-11-20,0.0,"Swamp, Fire Navy Trebuchet, The Fire Nation Drill, Canyon Crawler, Heartless Act"
Signature Spellbook: Chandra,Box Set,Other,SS3,2020-06-26,58.81,"Pyroblast, Rite of Flame, Chandra, Torch of Defiance, Past in Flames, Fiery Confluence"
Signature Spellbook: Gideon,Box Set,Other,SS2,2019-06-28,43.67,"Blackblade Reforged, True Conviction, Shielded by Faith, Path to Exile, Worship"
Signature Spellbook: Jace,Box Set,Other,SS1,2018-06-15,50.97,"Mystical Tutor, Blue Elemental Blast, Gifts Ungiven, Brainstorm, Counterspell"
Silver Deck,Starter Deck,Other,8ED,2003-07-28,14.72,"Island, Plains, Plains, Island, Island"
Silver Pack,Advanced Pack,Other,7ED,2001-04-11,83.62,"Disenchant, Island, Holy Strength, Plains, Wind Drake"
Sim Han How - Squirrel Opposition,World Championship Deck,Other,WC02,2002-08-14,53.02,"Yavimaya Coast, Shivan Reef, Birds of Paradise, Island, Island"
Simic,Guild Kit,Other,GK2,2019-02-15,31.09,"Guardian Project, Omnibian, Simic Ascendancy, Gyre Sage, Trollbred Guardian"
Simic Combine,Arena Starter Deck,Other,M20,2019-05-03,42.98,"Biomancer's Familiar, Breeding Pool, Incubation Druid, Hydroid Krasis, Growth Spiral"
Simic Combine 1,Jumpstart,Other,CLU,2024-02-23,4.92,"Slip Out the Back, Rapid Hybridization, Master Biomancer, Simic Signet, Unruly Krasis"
Simic Combine 2,Jumpstart,Other,CLU,2024-02-23,6.22,"Lonis, Genetics Expert, Hydroid Krasis, Duskshell Crawler, Forest, Ivy Lane Denizen"
Simic Domination,Intro Pack,Other,DGM,2013-05-03,15.51,"Gyre Sage, Bred for the Hunt, Vorel of the Hull Clade, Cloudfin Raptor, Forest"
Simic Mutology,Theme Deck,Other,DIS,2006-05-05,98.79,"Protean Hulk, Simic Growth Chamber, Experiment Kraj, Simic Guildmage, Coiling Oracle"
Simic Synthesis,Intro Pack,Other,GTC,2013-02-01,12.13,"Tower Defense, Unexpected Results, Ivy Lane Denizen, Urban Evolution, Bioshift"
Skies,Deck Builder's Toolkit,Other,M14,2013-07-19,1.19,"Warden of Evos Isle, Lyev Skyknight, Hands of Binding, Air Servant, Frost Breath"
Sky Patrol,Arena Starter Deck,Other,AFR,2021-09-24,14.37,"Hengegate Pathway // Mistgate Pathway, Grazilaxx, Illithid Scholar, Starnheim Unleashed, Luminarch Aspirant, Saw It Coming"
Sky Slam,Theme Deck,Other,8ED,2003-07-28,26.18,"Mana Leak, Urza's Armor, Island, Island, Island"
Slaughterhouse,Intro Pack,Other,AVR,2012-05-04,17.31,"Blood Artist, Swamp, Reassembling Skeleton, Swamp, Harvester of Souls"
Slay the Day,Secret Lair Drop,Other,SLD,2025-05-19,58.69,"Marwyn, the Nurturer, Oloro, Ageless Ascetic, Sythis, Harvest's Hand, Liesa, Shroud of Dusk"
Sleeper,Theme Deck,Other,USG,1998-10-12,0.0,"Plains, Plains, Plains, Plains, Opal Titan"
Sleeper - Enhanced Deck,Enhanced Deck,Other,USG,1998-10-12,87.84,"Argothian Enchantress, Oath of Lieges, Pariah, Worship, Endless Wurm"
Slither,Theme Deck,Other,PCY,2000-06-05,305.4,"Seal of Fire, Reverent Silence, Citadel of Pain, Invigorate, Vine Trellis"
Sliver Evolution,Theme Deck,Other,TSP,2006-10-06,190.89,"Gemstone Mine, Avoid Fate, Spirit Loop, Pulmonic Sliver, Gemhide Sliver"
Sliver Shivers,Theme Deck,Other,LGN,2003-02-03,348.87,"Shifting Sliver, Brood Sliver, Lonely Sandbar, Essence Sliver, Root Sliver"
Slivers,Deck Builder's Toolkit,Other,M14,2013-07-19,41.39,"Sentinel Sliver, Manaweft Sliver, Predatory Sliver, Striking Sliver, Blur Sliver"
Smashing (1),Jumpstart,Other,JMP,2020-07-17,1.58,"Unleash Fury, Fling, Shock, Volcanic Salvo, Furious Rise"
Smashing (2),Jumpstart,Other,JMP,2020-07-17,0.0,"Fling, Volcanic Salvo, Furious Rise, Heartfire Immolator, Short Sword"
Smashing (3),Jumpstart,Other,JMP,2020-07-17,2.7,"Unleash Fury, Sarkhan's Unsealing, Hamletback Goliath, Fling, Furious Rise"
Smashing (4),Jumpstart,Other,JMP,2020-07-17,0.0,"Etali, Primal Storm, Fling, Furious Rise, Furor of the Bitten, Heartfire Immolator"
Snack Time,Arena Starter Deck,Other,OTJ,2024-07-08,28.78,"Underground Mortuary, Experimental Confectioner, Lich-Knights' Conquest, Bristlebud Farmer, Assassin's Trophy"
Snake's Path,Theme Deck,Other,CHK,2004-10-01,199.67,"Sensei's Divining Top, Time of Need, Orochi Leafcaller, Sakura-Tribe Elder, Orochi Hatchery"
Snakes,Jumpstart,Other,J25,2024-11-07,18.87,"Aphelia, Viper Whisperer, Hooded Blightfang, Night's Whisper, Gorgon Flail, Pharika's Chosen"
Sneak Attack Amazon,Arena Starter Kit,Other,AFR,2021-08-06,9.46,"Mind Flayer, Archmage Emeritus, Red Dragon, Cyclone Summoner, Calamity Bearer"
Sneak Squad,Arena Promotional Deck,Other,DMU,2022-09-09,8.5,"Mirrorhall Mimic // Ghastly Mimicry, Malevolent Hermit // Benevolent Geist, Blade of the Oni, Undying Malice, Dismal Backwater"
Snow,Jumpstart,Other,J22,2022-12-02,14.32,"Coldsteel Heart, Isu the Abominable, Snow-Covered Island, Marit Lage's Slumber, Phyrexian Ironfoot"
Snowscape,Theme Deck,Other,CSP,2006-07-21,148.93,"Rimewind Cryomancer, Rimefeather Owl, Heidar, Rimewind Master, Frost Marsh, Coldsteel Heart"
So Salty,Secret Lair Drop,Other,SLD,2025-04-22,88.7,"Scrawling Crawler, Expropriate, Winter Orb, Narset, Parter of Veils, Worst Fears"
Soaring,Jumpstart,Other,MSH,2026-06-26,3.0,"Vulture, Feathered Fiend, Namora, the Sea Queen, Rescue, Pepper Potts, Justice, Vance Astrovik, Dismissive Denial"
Soaring (1),Jumpstart,Other,J25,2024-11-07,0.0,"Warden of Evos Isle, Windreader Sphinx, Cynette, Jelly Drover, Island, Winged Words"
Soaring (2),Jumpstart,Other,TLE,2025-11-20,4.4,"Frantic Search, Boomerang Basics, Yue, the Moon Spirit, Island, Flying Dolphin-Fish"
Soaring (3),Jumpstart,Other,J25,2024-11-07,0.0,"Mu Yanling, Sky Dancer, Cloudkin Seer, Cynette, Jelly Drover, Island, Winged Words"
Soaring (4),Jumpstart,Other,J25,2024-11-07,0.0,"Faerie Seer, Sprite Noble, Stolen by the Fae, Cynette, Jelly Drover, Island"
Sole Domination,Intro Pack,Other,M13,2012-07-13,27.35,"Tormented Soul, Ring of Xathrid, Plains, Knight of Glory, Vampire Nighthawk"
Solitary Fiends,Intro Pack,Other,AVR,2012-05-04,23.68,"Swiftfoot Boots, Essence Harvest, Swamp, Island, Swamp"
Song Dance,Challenger Deck,Other,Q03,2019-11-08,20.13,"Sacred Foundry, Feather, the Redeemed, Gideon Blackblade, Dreadhorde Arcanist, Tithe Taker"
Sonic: Chasing Adventure,Secret Lair Drop,Other,SLD,2025-08-08,37.74,"Sol Ring, Fabricate, Unexpected Windfall, Open the Armory, Generous Gift"
Sonic: Chasing Adventure Foil Edition,Secret Lair Drop,Other,SLD,2025-08-08,37.74,"Sol Ring, Fabricate, Unexpected Windfall, Open the Armory, Generous Gift"
Sonic: Friends & Foes,Secret Lair Drop,Other,SLD,2025-08-08,53.8,"Super State, Knuckles the Echidna, Shadow the Hedgehog, Sonic the Hedgehog, Amy Rose"
Sonic: Friends & Foes Foil Edition,Secret Lair Drop,Other,SLD,2025-08-08,53.8,"Super State, Knuckles the Echidna, Shadow the Hedgehog, Sonic the Hedgehog, Amy Rose"
Sonic: Turbo Gear,Secret Lair Drop,Other,SLD,2025-08-08,44.39,"The Reaver Cleaver, Hammer of Nazahn, Swiftfoot Boots, Lightning Greaves, Weatherlight"
Sonic: Turbo Gear Foil Edition,Secret Lair Drop,Other,SLD,2025-08-08,44.39,"The Reaver Cleaver, Hammer of Nazahn, Swiftfoot Boots, Lightning Greaves, Weatherlight"
Soratami's Wisdom,Theme Deck,Other,SOK,2005-06-03,156.99,"Kami of the Crescent Moon, Freed from the Real, Overwhelming Intellect, Soramaro, First to Dream, Graceful Adept"
Sorcerer,Shandalar Enemy Deck,Other,PAST,1997-04-01,344.19,"Mountain, Brass Man, Ali Baba, Winds of Change, Manabarbs"
Sorceress,Shandalar Enemy Deck,Other,PAST,1997-04-01,321.56,"Mountain, Ball Lightning, Blood Lust, Meekstone, Bird Maiden"
Sorin,Duel Deck,Other,DDK,2013-03-15,2.73,"Sorin, Lord of Innistrad, Mesmeric Fiend, Unmake, Butcher of Malakir, Spectral Procession"
"Sorin, Vampire Lord",Planeswalker Deck,Other,M20,2019-07-29,28.15,"Sorin, Vampire Lord, Vampire of the Dire Moon, Dread Presence, Bloodthirsty Aerialist, Swamp"
Sparky Sparky (1),Jumpstart,Other,TLE,2025-11-20,0.0,"Thriving Bluff, Mountain, Iroh's Demonstration, Ran and Shaw, Deer-Dog"
Sparky Sparky (2),Jumpstart,Other,TLE,2025-11-20,3.24,"Overwhelming Victory, Price of Freedom, Thriving Bluff, Mountain, Ran and Shaw"
Special Delivery,Theme Deck,Other,USG,1998-10-12,10.0,"Thran Turbine, Argothian Wurm, Forest, Wildfire, Mountain"
Special Delivery - Enhanced Deck,Enhanced Deck,Other,USG,1998-10-12,236.82,"Cursed Scroll, Wasteland, Reflecting Pool, City of Brass, Lightning Dragon"
Special Forces,Theme Deck,Other,5DN,2004-06-04,207.23,"Plunge into Darkness, Silver Myr, Acquire, Whispersilk Cloak, Leaden Myr"
Special Guest: Fiona Staples,Secret Lair Drop,Other,SLD,2021-10-29,70.66,"Dryad of the Ilysian Grove, Metallic Mimic, Sakura-Tribe Elder, Soul-Scar Mage, Spell Queller"
Special Guest: Fiona Staples Foil Edition,Secret Lair Drop,Other,SLD,2021-10-29,70.66,"Dryad of the Ilysian Grove, Metallic Mimic, Sakura-Tribe Elder, Soul-Scar Mage, Spell Queller"
Special Guest: Jen Bartel,Secret Lair Drop,Other,SLD,2021-10-29,85.6,"Bloom Tender, Archaeomancer, Mesa Enchantress, Meteor Golem"
Special Guest: Jen Bartel Foil Edition,Secret Lair Drop,Other,SLD,2021-10-29,85.6,"Bloom Tender, Archaeomancer, Mesa Enchantress, Meteor Golem"
Special Guest: Junji Ito,Secret Lair Drop,Other,SLD,2022-12-05,171.31,"Carrion Feeder, Thoughtseize, Doomsday, Plaguecrafter"
Special Guest: Junji Ito Foil Etched Edition,Secret Lair Drop,Other,SLD,2022-12-05,171.31,"Carrion Feeder, Thoughtseize, Doomsday, Plaguecrafter"
Special Guest: Kelogsloops,Secret Lair Drop,Other,SLD,2022-09-13,164.9,"Mystic Remora, Burgeoning, Utopia Sprawl, Retreat to Coralhelm"
Special Guest: Kelogsloops Foil Edition,Secret Lair Drop,Other,SLD,2022-09-13,164.9,"Mystic Remora, Burgeoning, Utopia Sprawl, Retreat to Coralhelm"
Special Guest: Kozyndan: Another Story,Secret Lair Drop,Other,SLD,2022-12-19,125.85,"Serra Ascendant, Demonic Consultation, Winds of Change, Rapid Hybridization, Llanowar Elves"
Special Guest: Kozyndan: Another Story Foil Edition,Secret Lair Drop,Other,SLD,2022-12-19,125.85,"Serra Ascendant, Demonic Consultation, Winds of Change, Rapid Hybridization, Llanowar Elves"
Special Guest: Kozyndan: The Lands,Secret Lair Drop,Other,SLD,2022-12-19,87.74,"Island, Swamp, Plains, Forest, Mountain"
Special Guest: Kozyndan: The Lands Foil Edition,Secret Lair Drop,Other,SLD,2022-12-19,87.74,"Island, Swamp, Plains, Forest, Mountain"
Special Guest: Matt Jukes,Secret Lair Drop,Other,SLD,2022-08-05,81.53,"Dragonskull Summit, Glacial Fortress, Drowned Catacomb, Sunpetal Grove, Rootbound Crag"
Special Guest: Matt Jukes Foil Edition,Secret Lair Drop,Other,SLD,2022-08-05,81.53,"Dragonskull Summit, Glacial Fortress, Drowned Catacomb, Sunpetal Grove, Rootbound Crag"
Special Guest: Yoji Shinkawa,Secret Lair Drop,Other,SLD,2022-12-05,222.01,"Skullclamp, Tezzeret the Seeker, Phyrexian Metamorph, Solemn Simulacrum"
Special Guest: Yoji Shinkawa Foil Edition,Secret Lair Drop,Other,SLD,2022-12-05,222.01,"Skullclamp, Tezzeret the Seeker, Phyrexian Metamorph, Solemn Simulacrum"
Special Guest: Yuko Shimizu,Secret Lair Drop,Other,SLD,2022-07-22,83.95,"Elvish Spirit Guide, Kira, Great Glass-Spinner, Eidolon of the Great Revel, Hokori, Dust Drinker"
Special Guest: Yuko Shimizu Foil Edition,Secret Lair Drop,Other,SLD,2022-07-22,83.95,"Elvish Spirit Guide, Kira, Great Glass-Spinner, Eidolon of the Great Revel, Hokori, Dust Drinker"
Spectral Legions,Intro Pack,Other,ISD,2011-09-30,34.76,"Spirit Mantle, Curiosity, Lifelink, Geist-Honored Monk, Island"
Spectral Slam,Theme Deck,Other,JUD,2002-05-27,282.67,"Mirari's Wake, Krosan Verge, Forest, Plains, Benevolent Bodyguard"
Spectrum,Theme Deck,Other,INV,2000-10-02,222.57,"Fires of Yavimaya, Harrow, Fertile Ground, Sabertooth Nishoba, Global Ruin"
Speed,Duel Deck,Other,DDN,2014-09-05,13.25,"Fury of the Horde, Goblin Bombardment, Goblin Warchief, Krenko, Mob Boss, Banefire"
Speed Scorch,Theme Deck,Other,8ED,2003-07-28,47.53,"Goblin King, Mountain, Mountain, Mountain, Mogg Sentry"
Speedy,Jumpstart,Other,J22,2022-12-02,26.15,"Kiki-Jiki, Mirror Breaker, Ardoz, Cobbler of War, Bolt Hound, Thriving Bluff, Mudbutton Torchrunner"
Spellcasting (1),Jumpstart,Other,JMP,2020-07-17,0.0,"Double Vision, Shock, Thermo-Alchemist, Goblin Wizardry, Kinetic Augur"
Spellcasting (2),Jumpstart,Other,JMP,2020-07-17,0.0,"Double Vision, Shock, Young Pyromancer, Thermo-Alchemist, Kinetic Augur"
Spellcasting (3),Jumpstart,Other,JMP,2020-07-17,4.57,"Dualcaster Mage, Dragon Fodder, Shock, Thermo-Alchemist, Charmbreaker Devils"
Spellcasting (4),Jumpstart,Other,JMP,2020-07-17,4.78,"Immolating Gyre, Crash Through, Shock, Thermo-Alchemist, Kinetic Augur"
Spellpower,Arena Starter Deck,Other,M21,2021-07-03,8.26,"Brazen Borrower // Petty Theft, Shark Typhoon, Wavebreak Hippocamp, Double Vision, Experimental Overload"
Spellslinger Starter Kit - Red Deck,Spellslinger Starter Kit,Other,M20,2019-07-12,15.55,"Glint-Horn Buccaneer, Drakuseth, Maw of Flames, Leyline of Combustion, Mountain, Immortal Phoenix"
Spellslinger Starter Kit - White Deck,Spellslinger Starter Kit,Other,M20,2019-07-12,12.45,"Angelic Guardian, Sephara, Sky's Blade, Bond of Discipline, Inspiring Unicorn, Plains"
Spellweaver,Theme Deck,Other,P02,1998-06-24,12.46,"Talas Warrior, Island, Island, Exhaustion, Talas Researcher"
Spicy,Jumpstart,Other,J22,2022-12-02,14.41,"Auntie Blyte, Bad Influence, Loxodon Warhammer, Spear Spewer, Coalhauler Swine, Thriving Bluff"
Spider-Verse,Jumpstart,Other,MSH,2026-06-26,13.8,"Astonishing Spider-Man, Spider-Man, New Champion, Daily Bugle Newspaper, Iceman and Firestar, Fogwell's Gym"
Spiraling Doom,Event Deck,Other,DKA,2012-02-24,135.08,"Birthing Pod, Hex Parasite, Myr Battlesphere, Diabolic Tutor, Viridian Corrupter"
Spirit,Jumpstart,Other,TLE,2025-11-20,1.84,"Dramatic Reversal, Dutiful Knowledge Seeker, Baboon Spirit, Island, The Spirit Oasis"
Spirit Flames,Theme Deck,Other,SOK,2005-06-03,31.11,"Elder Pine of Jukai, Arashi, the Sky Asunder, Shinen of Life's Roar, Jiwari, the Earth Aflame, Mountain"
Spirit Gale,Theme Deck,Other,BRB,1999-11-12,37.89,"Wrath of God, Windfall, Swords to Plowshares, Soul Warden, Island"
Spiritbane,Theme Deck,Other,CHK,2004-10-01,97.93,"Kusari-Gama, Brothers Yamazaki, Kumano, Master Yamabushi, Brothers Yamazaki, No-Dachi"
Spiritcraft,Theme Deck,Other,BOK,2005-02-04,27.37,"Oyobi, Who Split the Heavens, Kodama of the Center Tree, Traproot Kami, Forest, Wear Away"
Spirits,Deck Builder's Toolkit,Other,M13,2012-07-13,1.95,"Drogskol Captain, Midnight Haunting, Feeling of Dread, Battleground Geist, Voiceless Spirit"
Spirits (1),Jumpstart,Other,JMP,2020-07-17,1.24,"Essence Flux, Capture Sphere, Frost Breath, Roaming Ghostlight, Island"
Spirits (2),Jumpstart,Other,JMP,2020-07-17,0.0,"Rewind, Capture Sphere, Frost Breath, Rattlechains, Roaming Ghostlight"
Spirits 1,Jumpstart,Other,J22,2022-12-02,5.12,"Eidolon of Rhetoric, Selfless Spirit, Chains of Custody, Angel of Flight Alabaster, Doomed Traveler"
Spirits 2,Jumpstart,Other,J22,2022-12-02,3.9,"Eidolon of Rhetoric, Hour of Reckoning, Chains of Custody, Doomed Traveler, Thriving Heath"
SpongeBob SquarePants: Internet Sensation,Secret Lair Drop,Other,SLD,2025-03-25,65.12,"Counterspell, Force of Despair, Inevitable Betrayal, Night's Whisper, Daze"
SpongeBob SquarePants: Internet Sensation Foil Edition,Secret Lair Drop,Other,SLD,2025-03-25,65.12,"Counterspell, Force of Despair, Inevitable Betrayal, Night's Whisper, Daze"
SpongeBob SquarePants: Lands Under the Sea,Secret Lair Drop,Other,SLD,2025-03-25,24.69,"Island, Mountain, Forest, Plains, Swamp"
SpongeBob SquarePants: Lands Under the Sea Foil Edition,Secret Lair Drop,Other,SLD,2025-03-25,24.69,"Island, Mountain, Forest, Plains, Swamp"
SpongeBob SquarePants: Legends of Bikini Bottom,Secret Lair Drop,Other,SLD,2025-03-25,69.15,"Jodah, the Unifier, Toxrill, the Corrosive, Toski, Bearer of Secrets, Skrelv, Defector Mite, Grazilaxx, Illithid Scholar"
SpongeBob SquarePants: Legends of Bikini Bottom Foil Edition,Secret Lair Drop,Other,SLD,2025-03-25,69.15,"Jodah, the Unifier, Toxrill, the Corrosive, Toski, Bearer of Secrets, Skrelv, Defector Mite, Grazilaxx, Illithid Scholar"
Spooky (1),Jumpstart,Other,JMP,2020-07-17,0.0,"Swamp, Village Rites, Caged Zombie, Liliana's Standard Bearer, Malefic Scythe"
Spooky (2),Jumpstart,Other,JMP,2020-07-17,2.47,"Harvester of Souls, Swamp, Caged Zombie, Malefic Scythe, Crypt Lurker"
Spooky (3),Jumpstart,Other,JMP,2020-07-17,0.0,"Swamp, Caged Zombie, Languish, Malefic Scythe, Crypt Lurker"
Spooky (4),Jumpstart,Other,JMP,2020-07-17,5.7,"Black Market, Swamp, Caged Zombie, Malefic Scythe, Crypt Lurker"
Squadron,Jumpstart,Other,MSH,2026-06-26,14.87,"Hyperion, Supreme Hero, Zarda, the Power Princess, Doctor Spectrum, Blur of Heroism, Hyperion's Atomic Vision"
Ssssssnakessssss,Secret Lair Drop,Other,SLD,2023-04-14,122.33,"Lotus Cobra, Stonecoil Serpent, Hexdrinker, Ice-Fang Coatl, Seshiro the Anointed"
Ssssssnakessssss Foil Edition,Secret Lair Drop,Other,SLD,2023-04-14,122.33,"Lotus Cobra, Stonecoil Serpent, Hexdrinker, Ice-Fang Coatl, Seshiro the Anointed"
Stalwart (1),Jumpstart,Other,J25,2024-11-07,5.86,"Generous Pup, Ajani, Adversary of Tyrants, Urdnan, Dromoka Warrior, Take Up the Shield, Patron of the Valiant"
Stalwart (2),Jumpstart,Other,J25,2024-11-07,0.0,"Urdnan, Dromoka Warrior, Basri's Lieutenant, Basri's Solidarity, Star Pupil, Patron of the Valiant"
Stalwart (3),Jumpstart,Other,J25,2024-11-07,5.86,"Generous Pup, Urdnan, Dromoka Warrior, Steadfast Unicorn, Take Up the Shield, Banishing Light"
Stalwart (4),Jumpstart,Other,J25,2024-11-07,0.0,"Mikaeus, the Lunarch, Urdnan, Dromoka Warrior, Light of the Legion, Gird for Battle, Banishing Light"
Stampede,Theme Deck,Other,5DN,2004-06-04,164.24,"Eternal Witness, Talisman of Impulse, Rite of Passage, Pyrite Spellbomb, Goblin Cannon"
Stampede of Beasts,Intro Pack,Other,M11,2010-07-16,60.68,"Protean Hydra, Whispersilk Cloak, Lightning Bolt, Back to Nature, Cultivate"
Stampeding Hordes,Intro Pack,Other,FRF,2015-01-23,10.02,"Deflecting Palm, Wind-Scarred Crag, Flamerush Rider, Plains, Plains"
Stardew Valley: A Flicker in the Deep,Secret Lair Drop,Other,SLD,2026-08-03,46.52,"Sword of Forge and Frontier, Mitotic Slime, Arcane Signet, Treasure Vault, Atsushi, the Blazing Sky"
Stardew Valley: A Flicker in the Deep Foil Edition,Secret Lair Drop,Other,SLD,2026-08-03,46.52,"Sword of Forge and Frontier, Mitotic Slime, Arcane Signet, Treasure Vault, Atsushi, the Blazing Sky"
Stardew Valley: Life in Pelican Town,Secret Lair Drop,Other,SLD,2026-08-03,59.73,"Yavimaya, Cradle of Growth, Homeward Path, Command Tower, Crop Rotation, Fountainport"
Stardew Valley: Life in Pelican Town Foil Edition,Secret Lair Drop,Other,SLD,2026-08-03,59.73,"Yavimaya, Cradle of Growth, Homeward Path, Command Tower, Crop Rotation, Fountainport"
Stardew Valley: Welcome to Stardew Valley,Secret Lair Drop,Other,SLD,2026-08-03,92.14,"Stardew Valley, Swords to Plowshares, Kynaios and Tiro of Meletis, Sol Ring, Rites of Flourishing"
Stardew Valley: Welcome to Stardew Valley Foil Edition,Secret Lair Drop,Other,SLD,2026-08-03,92.14,"Stardew Valley, Swords to Plowshares, Kynaios and Tiro of Meletis, Sol Ring, Rites of Flourishing"
Starry-Eyed,Arena Starter Deck,Other,M21,2021-07-03,18.62,"Kiora Bests the Sea God, Luminous Broodmoth, Elspeth Conquers Death, Archon of Sun's Grace, All That Glitters"
Starter 2000 sampler pack,Welcome Booster,Other,S00,2000-04-24,0.0,"Spined Wurm, Mountain, Swamp, Forest, Island"
Starter Collection,Box Set,Other,FDN,2024-11-15,46.94,"Swiftfoot Boots, Basilisk Collar, Aurelia, the Warleader, Boros Charm, Bolt Bend"
Stealthy Subterfuge,Arena Starter Deck,Other,SNC,2022-09-09,18.88,"Shipwreck Marsh, Nashi, Moon Sage's Scion, Thousand-Faced Shadow, Kaito Shizuki, Dismal Backwater"
Stoked (1),Jumpstart,Other,J25,2024-11-07,0.0,"Frontline Heroism, Twinferno, Cleon, Merry Champion, Thriving Bluff, Kiln Fiend"
Stoked (2),Jumpstart,Other,J25,2024-11-07,0.0,"Unleash Fury, Dreadhorde Arcanist, Cleon, Merry Champion, Thriving Bluff, Kiln Fiend"
Stoked (3),Jumpstart,Other,J25,2024-11-07,0.0,"Unleash Fury, Frontline Heroism, Mirrorwing Dragon, Young Pyromancer, Twinferno"
Stoked (4),Jumpstart,Other,J25,2024-11-07,0.0,"Crimson Wisps, Infuriate, Young Pyromancer, Cleon, Merry Champion, Thriving Bluff"
"Stomp, Stomp",Arena Starter Deck,Other,M21,2021-07-03,43.18,"Terror of the Peaks, Return of the Wildspeaker, Ram Through, Unleash Fury, Bonecrusher Giant // Stomp"
Storm Surge,Theme Deck,Other,SCG,2003-05-26,843.48,"Chain of Vapor, Mind's Desire, Lonely Sandbar, Secluded Steppe, Whipcorder"
Storm of Blades,Arena Starter Deck,Other,SNC,2022-09-09,15.13,"The Wandering Emperor, Sundown Pass, Lion Sash, Goro-Goro, Disciple of Ryusei, Thundering Raiju"
Stranger Things,Secret Lair Drop,Other,SLD,2022-01-28,94.36,"Arvinox, the Mind Flail, Cecily, Haunted Mage, Othelm, Sigardian Outcast, Wernog, Rider's Chaplain, Elmar, Ulvenwald Informant"
Stranger Things Foil Edition,Secret Lair Drop,Other,SLD,2022-01-28,94.36,"Arvinox, the Mind Flail, Cecily, Haunted Mage, Othelm, Sigardian Outcast, Wernog, Rider's Chaplain, Elmar, Ulvenwald Informant"
Street Fighter,Secret Lair Drop,Other,SLD,2022-07-22,68.0,"Zethi, Arcane Blademaster, Maarika, Brutal Gladiator, Tadeas, Juniper Ascendant, Vikya, Scorching Stalwart, The Howling Abomination"
Street Fighter Foil Edition,Secret Lair Drop,Other,SLD,2022-07-22,68.0,"Zethi, Arcane Blademaster, Maarika, Brutal Gladiator, Tadeas, Juniper Ascendant, Vikya, Scorching Stalwart, The Howling Abomination"
Street Level Villains,Jumpstart,Other,MSH,2026-06-26,9.44,"Kingpin, Wilson Fisk, Criminal Enterprise, Hammerhead, Maggia Boss, Deadly Dispute, Madame Masque"
Streets of New Capenna Bundle Land Pack,Bundle Land Pack,Other,SNC,2022-04-29,0.0,"Mountain, Mountain, Plains, Swamp, Plains"
Streets of New Capenna Foil Redemption,MTGO Redemption,Other,SNC,2022-05-29,203.09,"Jetmir's Garden, Raffine's Tower, Xander's Lounge, Spara's Headquarters, Jetmir, Nexus of Revels"
Streets of New Capenna Redemption,MTGO Redemption,Other,SNC,2022-05-29,203.09,"Jetmir's Garden, Raffine's Tower, Xander's Lounge, Spara's Headquarters, Jetmir, Nexus of Revels"
Streets of New Capenna Welcome Booster,Welcome Booster,Other,SNC,2022-04-29,3.11,"Kogla, the Titan Ape, Sunblast Angel, Ob Nixilis Reignited, Commander's Sphere, Mr. Orfeo, the Boulder"
Strength Of Selesnya,Event Deck,Other,DGM,2013-05-24,105.91,"Parallel Lives, Godless Shrine, Champion of Lambholt, Increasing Devotion, Growing Ranks"
Strength in Numbers,Arena Starter Deck,Other,M19,2018-09-27,19.5,"Leonin Warleader, Goblin Instigator, Kinjalli's Sunwing, Captivating Crew, Clifftop Retreat"
Strike Force,Planechase Deck,Other,HOP,2009-09-04,38.13,"Insurrection, Furnace of Rath, Relic of Progenitus, Goblin Offensive, Soul Warden"
Strixhaven Bundle Land Pack,Bundle Land Pack,Other,STX,2021-04-23,0.0,"Swamp, Swamp, Plains, Plains, Swamp"
Strixhaven: School of Mages Foil Redemption,MTGO Redemption,Other,STX,2021-05-23,130.29,"Blex, Vexing Pest // Search for Blex, Wandering Archaic // Explore the Vastlands, Beledros Witherbloom, Crackle with Power, Sedgemoor Witch"
Strixhaven: School of Mages Redemption,MTGO Redemption,Other,STX,2021-05-23,130.29,"Blex, Vexing Pest // Search for Blex, Wandering Archaic // Explore the Vastlands, Beledros Witherbloom, Crackle with Power, Sedgemoor Witch"
Sultai Schemers,Intro Pack,Other,KTK,2014-09-26,17.69,"Murderous Cut, Opulent Palace, Treasure Cruise, Typhoid Rats, Wall of Mulch"
Summoner,Shandalar Enemy Deck,Other,PAST,1997-04-01,75.93,"Colossus of Sardia, Birds of Paradise, Force of Nature, Radjan Spirit, Hurricane"
Sun Empire,Theme Deck,Other,E02,2017-11-24,42.59,"Aggravated Assault, Regisaur Alpha, Quicksilver Amulet, Raging Swordtooth, Path to Exile"
Sunburst,Theme Deck,Other,5DN,2004-06-04,122.23,"Joiner Adept, Energy Chamber, Wayfarer's Bauble, Pentad Prism, Chromatic Sphere"
Superabundance,Theme Deck,Other,EVE,2008-07-25,129.59,"Fable of Wolf and Owl, Cerulean Wisps, Favor of the Overbeing, Slippery Bogle, Viridescent Wisps"
Surge of Resistance,Intro Pack,Other,OGW,2016-01-22,9.56,"Expedite, Reckless Bushwhacker, Rolling Thunder, Stormchaser Mage, Anticipate"
Surprise Attack,Intro Pack,Other,FRF,2015-01-23,4.62,"Reality Shift, Forest, Island, Wall of Frost, Secret Plans"
Surprise! (1),Jumpstart,Other,J25,2024-11-07,0.0,"Thryx, the Sudden Storm, Crystacean, Island, Stinging Lionfish, Delightful Discovery"
Surprise! (2),Jumpstart,Other,J25,2024-11-07,0.0,"Thryx, the Sudden Storm, Voracious Greatshark, Starlit Mantle, Island, Pestermite"
Surprise! (3),Jumpstart,Other,J25,2024-11-07,0.0,"Venser, Shaper Savant, Breaching Hippocamp, Starlit Mantle, Supreme Will, Island"
Surprise! (4),Jumpstart,Other,J25,2024-11-07,0.0,"Wavebreak Hippocamp, Venser, Shaper Savant, Fading Hope, Island, Soul Read"
Suspended Sentence,Theme Deck,Other,FUT,2007-05-04,90.25,"Clockspinning, Paradox Haze, Reality Strobe, Zoetic Cavern, Reality Acid"
Svend Geertsen - Green Stompy,World Championship Deck,Other,WC97,1997-08-13,36.96,"Winter Orb, Rogue Elephant, Quirion Ranger, Fyndhorn Elves, Bounty of the Hunt"
Swarm & Slam,Theme Deck,Other,DST,2004-02-06,81.7,"Myr Matrix, Spawning Pit, Gold Myr, Echoing Courage, Tangle Spider"
Swarming Instinct,Intro Pack,Other,BFZ,2015-10-02,23.44,"Bane of Bala Ged, Brood Monitor, Kozilek's Channeler, Scour from Existence, Titan's Presence"
Sweet Revenge,Event Deck,Other,M13,2012-08-03,50.33,"Darkslick Shores, Sulfur Falls, Faithless Looting, Red Sun's Zenith, Think Twice"
Swift Justice,Intro Pack,Other,DKA,2012-02-03,13.18,"Mountain, Stromkirk Noble, Fiend Hunter, Plains, Plains"
Swoop,Theme Deck,Other,APC,2001-06-04,315.12,"Mystic Snake, Chromatic Sphere, Fertile Ground, Urborg Elf, Wash Out"
Swordmaster,Jumpstart,Other,TLE,2025-11-20,10.94,"Duelist's Heritage, Sokka, Swordmaster, Plains, Meteor Sword, Inspired Insurgent"
Sylvan Wisdom,Arena Starter Deck,Other,LTR,2023-06-20,43.72,"Nissa, Resurgent Animist, Tribute to the World Tree, Ezuri, Stalker of Spheres, Yavimaya Coast, Elrond, Master of Healing"
Tactical Assault,Arena Starter Deck,Other,M19,2018-09-27,9.38,"Leonin Warleader, Zetalpa, Primal Dawn, Serra Angel, Herald of Faith, Plains"
Take to the Sky,Intro Pack,Other,ORI,2015-07-17,7.65,"Faerie Miscreant, Murder Investigation, Celestial Flare, Turn to Frog, Plains"
Tales of the Time Stoppers,Secret Lair Drop,Other,SLD,2023-12-05,34.7,"Nexus of Fate, Time Reversal, Beacon of Tomorrows, Time Stop"
Tales of the Time Stoppers Foil Edition,Secret Lair Drop,Other,SLD,2023-12-05,35.02,"Nexus of Fate, Time Reversal, Beacon of Tomorrows, Time Stop"
Tarkir: Dragonstorm Bundle Land Pack,Bundle Land Pack,Other,TDM,2025-04-11,8.54,"Mountain, Mountain, Forest, Forest, Island"
Tarkir: Dragonstorm Redemption,MTGO Redemption,Other,TDM,2025-05-07,356.37,"Ugin, Eye of the Storms, Elspeth, Storm Slayer, Mountain, Craterhoof Behemoth, Voice of Victory"
Tea Time at the Jasmine Dragon,Box Set,Other,TLA,2025-11-14,33.15,"Toph, Greatest Earthbender, Aang and Katara, Mai and Zuko, Sokka and Suki, Momo's Heist"
Teamwork 1,Jumpstart,Other,J22,2022-12-02,1.72,"Agrus Kos, Eternal Soldier, Angelic Cub, Taranika, Akroan Veteran, Valorous Stance, Moment of Triumph"
Teamwork 2,Jumpstart,Other,J22,2022-12-02,1.72,"Agrus Kos, Eternal Soldier, Angelic Cub, Valorous Stance, Thriving Heath, Task Force"
Teenage Mutant Ninja Turtles Bundle Land Pack,Bundle Land Pack,Other,TMT,2026-03-06,0.0,"Forest, Forest, Swamp, Swamp, Mountain"
Teenage Mutant Ninja Turtles Pizza Bundle Land Pack,Bundle Land Pack,Other,TMT,2026-03-06,0.0,"Forest, Forest, Swamp, Swamp, Mountain"
Teenage Mutant Ninja Turtles: The Last Ronin,Secret Lair Drop,Other,SLD,2026-03-03,57.27,"Mental Misstep, Ink-Eyes, Servant of Oni, Chord of Calling, Anger, Settle the Wreckage"
Teenage Mutant Ninja Turtles: The Last Ronin Foil Edition,Secret Lair Drop,Other,SLD,2026-03-03,57.27,"Mental Misstep, Ink-Eyes, Servant of Oni, Chord of Calling, Anger, Settle the Wreckage"
Teenage Mutant Ninja Turtles: The Mighty Mutanimals,Secret Lair Drop,Other,SLD,2026-03-03,56.89,"Hardened Scales, Triumph of the Hordes, Kediss, Emberclaw Familiar, Pirated Copy, Deepglow Skate"
Teenage Mutant Ninja Turtles: The Mighty Mutanimals Foil Edition,Secret Lair Drop,Other,SLD,2026-03-03,56.89,"Hardened Scales, Triumph of the Hordes, Kediss, Emberclaw Familiar, Pirated Copy, Deepglow Skate"
Teenage Mutant Ninja Turtles: VHS Villains,Secret Lair Drop,Other,SLD,2026-03-03,42.93,"Higure, the Still Wind, Species Specialist, Delver of Secrets // Insectile Aberration, Rampaging Baloths, Triskelion"
Teenage Mutant Ninja Turtles: VHS Villains Foil Edition,Secret Lair Drop,Other,SLD,2026-03-03,42.93,"Higure, the Still Wind, Species Specialist, Delver of Secrets // Insectile Aberration, Rampaging Baloths, Triskelion"
Teeth of the Predator,Duel Of The Planeswalkers Deck,Other,DPA,2010-06-04,17.65,"Vigor, Loxodon Warhammer, Howl of the Night Pack, Blanchwood Armor, Rampant Growth"
Teferi,Jumpstart,Other,JMP,2020-07-17,16.6,"Teferi, Master of Time, Teferi's Ageless Insight, Island, Opt, Teferi's Tutelage"
Teferi's Time Trouble,Secret Lair Drop,Other,SLD,2021-12-13,27.54,"Karn, the Great Creator, Teferi, Time Raveler, Dack Fayden"
"Teferi, Timebender",Planeswalker Deck,Other,DOM,2018-04-27,4.97,"Jhoira's Familiar, Teferi, Timebender, Plains, Island, Serra Angel"
"Teferi, Timeless Voyager",Planeswalker Deck,Other,M21,2020-07-03,7.36,"Teferi's Ageless Insight, Teferi, Timeless Voyager, Island, Stormwing Entity, Opt"
Temur Avalanche,Intro Pack,Other,KTK,2014-09-26,40.2,"Stubborn Denial, Elvish Mystic, Frontier Bivouac, Savage Punch, Roar of Challenge"
Tenacious,Jumpstart,Other,MSH,2026-06-26,13.86,"Return of the Mole Man, Voracious Brood, White Tiger, Amulet Keeper, Savage Land Dinosaur, Terramorphic Expanse"
Tenth Edition Fat Pack Land Pack,Bundle Land Pack,Other,10E,2007-07-13,6.22,"Swamp, Forest, Mountain, Forest, Plains"
Tenth Edition Foil Redemption,MTGO Redemption,Other,10E,2007-08-12,2667.3,"Crucible of Worlds, Root Maze, Grave Pact, Seedborn Muse, Abundance"
Tenth Edition Redemption,MTGO Redemption,Other,10E,2007-08-12,2667.3,"Crucible of Worlds, Root Maze, Grave Pact, Seedborn Muse, Abundance"
Tezzeret,Planeswalker Deck,Other,M19,2018-07-13,1.1,"Tezzeret, Cruel Machinist, One with the Machine, Exclusion Mage, Manalith, Skyscanner"
"Tezzeret, Master of Metal",Planeswalker Deck,Other,AER,2017-01-20,2.82,"Tezzeret, Master of Metal, Ornithopter, Barricade Breaker, Reverse Engineer, Island"
Thalia: Beyond the Helvault,Secret Lair Drop,Other,SLD,2020-03-12,15.99,"Thalia, Guardian of Thraben, Thalia, Guardian of Thraben, Thalia, Guardian of Thraben, Thalia, Guardian of Thraben"
Thallids,Theme Deck,Other,PSAL,2005-08-01,0.0,"Forest, Forest, Forest, Forest, Forest"
The '90s Binder Experience,Secret Lair Drop,Other,SLD,2023-04-14,162.84,"Exotic Orchard, Rin and Seri, Inseparable, Goreclaw, Terror of Qal Sisma, Alms Collector, Crested Sunmare"
The '90s Binder Experience Foil Edition,Secret Lair Drop,Other,SLD,2023-04-14,162.84,"Exotic Orchard, Rin and Seri, Inseparable, Goreclaw, Terror of Qal Sisma, Alms Collector, Crested Sunmare"
The Adventurers,Intro Pack,Other,ZEN,2009-10-02,21.84,"Lightning Bolt, Turntimber Ranger, Kazuul Warlord, Greenweaver Druid, Oran-Rief Survivalist"
The Art of Frank Frazetta,Secret Lair Drop,Other,SLD,2022-12-19,283.41,"Dark Ritual, Seize the Day, Midnight Reaper, Temporal Manipulation, Field Marshal"
The Art of Frank Frazetta Foil Edition,Secret Lair Drop,Other,SLD,2022-12-19,283.41,"Dark Ritual, Seize the Day, Midnight Reaper, Temporal Manipulation, Field Marshal"
The Art of Frank Frazetta: The Second Exhibition,Secret Lair Drop,Other,SLD,2025-06-10,79.71,"Aggravated Assault, Desperate Ritual, Zulaport Cutthroat, Deadly Dispute, Murderous Rider // Swift End"
The Art of Frank Frazetta: The Second Exhibition Foil Edition,Secret Lair Drop,Other,SLD,2025-06-10,79.71,"Aggravated Assault, Desperate Ritual, Zulaport Cutthroat, Deadly Dispute, Murderous Rider // Swift End"
The Astrology Lands: Aquarius,Secret Lair Drop,Other,SLD,2022-05-15,5.09,Island
The Astrology Lands: Aquarius Foil Edition,Secret Lair Drop,Other,SLD,2022-05-15,5.09,Island
The Astrology Lands: Aries,Secret Lair Drop,Other,SLD,2022-07-29,6.89,Mountain
The Astrology Lands: Aries Foil Edition,Secret Lair Drop,Other,SLD,2022-07-29,6.89,Mountain
The Astrology Lands: Cancer,Secret Lair Drop,Other,SLD,2022-10-21,7.22,Plains
The Astrology Lands: Cancer Foil Edition,Secret Lair Drop,Other,SLD,2022-10-21,7.22,Plains
The Astrology Lands: Capricorn,Secret Lair Drop,Other,SLD,2022-04-29,6.23,Swamp
The Astrology Lands: Capricorn Foil Edition,Secret Lair Drop,Other,SLD,2022-04-29,6.23,Swamp
The Astrology Lands: Gemini,Secret Lair Drop,Other,SLD,2022-09-23,7.91,Mountain
The Astrology Lands: Gemini Foil Edition,Secret Lair Drop,Other,SLD,2022-09-23,7.91,Mountain
The Astrology Lands: Leo,Secret Lair Drop,Other,SLD,2022-10-04,7.0,Plains
The Astrology Lands: Leo Foil Edition,Secret Lair Drop,Other,SLD,2022-10-04,7.0,Plains
The Astrology Lands: Libra,Secret Lair Drop,Other,SLD,2022-10-25,5.69,Plains
The Astrology Lands: Libra Foil Edition,Secret Lair Drop,Other,SLD,2022-10-25,5.69,Plains
The Astrology Lands: Pisces,Secret Lair Drop,Other,SLD,2022-07-29,5.49,Island
The Astrology Lands: Pisces Foil Edition,Secret Lair Drop,Other,SLD,2022-07-29,5.49,Island
The Astrology Lands: Sagittarius,Secret Lair Drop,Other,SLD,2022-12-27,23.77,Forest
The Astrology Lands: Sagittarius Foil Edition,Secret Lair Drop,Other,SLD,2022-12-27,23.77,Forest
The Astrology Lands: Scorpio,Secret Lair Drop,Other,SLD,2022-12-27,18.79,Swamp
The Astrology Lands: Scorpio Foil Edition,Secret Lair Drop,Other,SLD,2022-12-27,18.79,Swamp
The Astrology Lands: Taurus,Secret Lair Drop,Other,SLD,2022-09-02,5.6,Forest
The Astrology Lands: Taurus Foil Edition,Secret Lair Drop,Other,SLD,2022-09-02,5.6,Forest
The Astrology Lands: Virgo,Secret Lair Drop,Other,SLD,2022-10-25,5.53,Island
The Astrology Lands: Virgo Foil Edition,Secret Lair Drop,Other,SLD,2022-10-25,5.53,Island
The Beauty of the Beasts,Secret Lair Drop,Other,SLD,2024-02-23,120.33,"Scourge of Valkas, Felidar Guardian, Voracious Hydra, Serpent of Yawning Depths, Peregrine Drake"
The Beauty of the Beasts Foil Edition,Secret Lair Drop,Other,SLD,2024-02-23,172.92,"Scourge of Valkas, Felidar Guardian, Peregrine Drake, Voracious Hydra, Serpent of Yawning Depths"
The Black Sun Invasion,Box Set,Other,TLA,2025-11-14,34.37,"Sokka's Charge, Fire Nation Turret, Earthshape, Appa, the Vigilant, Katara's Reversal"
The Brazen Coalition,Arena Starter Deck,Other,DOM,2018-03-22,15.34,"Forerunner of the Coalition, Dire Fleet Ravager, Fanatical Firebrand, Captivating Crew, Fell Flagship"
The Brothers' War Bundle Land Pack,Bundle Land Pack,Other,BRO,2022-11-18,0.0,"Island, Island, Swamp, Swamp, Mountain"
The Brothers' War Foil Redemption,MTGO Redemption,Other,BRO,2023-01-04,249.93,"Portal to Phyrexia, Awaken the Woods, Myrel, Shield of Argive, Diabolic Intent, Cityscape Leveler"
The Brothers' War Redemption,MTGO Redemption,Other,BRO,2023-01-04,249.93,"Portal to Phyrexia, Awaken the Woods, Myrel, Shield of Argive, Diabolic Intent, Cityscape Leveler"
The Coalition,Duel Deck,Other,DDE,2010-03-19,3.28,"Armadillo Cloak, Island, Treva, the Renewer, Harrow, Darigaaz, the Igniter"
The Deluge,Theme Deck,Other,BRB,1999-11-12,49.09,"Land Tax, Catastrophe, Dirtcowl Wurm, Plains, Plains"
The Dracula Lands,Secret Lair Drop,Other,SLD,2022-05-06,64.41,"Swamp, Plains, Mountain, Forest, Island"
The Dracula Lands Foil Edition,Secret Lair Drop,Other,SLD,2022-05-06,64.41,"Swamp, Plains, Mountain, Forest, Island"
The Evil Dead,Secret Lair Drop,Other,SLD,2023-12-18,182.79,"Field of the Dead, Puresteel Paladin, Varina, Lich Queen, Vanquish the Horde, Zombie Apocalypse"
The Evil Dead Foil Edition,Secret Lair Drop,Other,SLD,2023-12-18,182.79,"Field of the Dead, Puresteel Paladin, Varina, Lich Queen, Vanquish the Horde, Zombie Apocalypse"
The Eyes Have It,Secret Lair Drop,Other,SLD,2026-05-12,40.52,"Gitaxian Probe, Otherworldly Gaze, Opt, Counterbalance, Baleful Strix"
The Eyes Have It Foil Edition,Secret Lair Drop,Other,SLD,2026-05-12,40.52,"Gitaxian Probe, Otherworldly Gaze, Opt, Counterbalance, Baleful Strix"
The Fairest Drop of All Foil Edition,Secret Lair Drop,Other,SLD,2024-12-10,40.38,"Tuvasa the Sunlit // Tuvasa the Sunlit, Steely Resolve // Steely Resolve, Estrid's Invocation // Estrid's Invocation, Estrid, the Masked // Estrid, the Masked"
The Flames of Rath,Theme Deck,Other,TMP,1997-10-14,16.59,"Furnace of Rath, Goblin Bombardment, Searing Touch, Soltari Guerrillas, Mogg Fanatic"
The Full-Text Lands,Secret Lair Drop,Other,SLD,2021-08-25,50.8,"Island, Mountain, Swamp, Forest, Plains"
The Full-Text Lands Foil Edition,Secret Lair Drop,Other,SLD,2021-08-25,50.8,"Island, Mountain, Swamp, Forest, Plains"
The Godzilla Lands,Secret Lair Drop,Other,SLD,2020-05-07,0.0,"Plains, Island, Swamp, Mountain, Forest"
The Hobbit Bundle Land Pack,Bundle Land Pack,Other,HOB,2026-01-23,42.52,"Plains, Plains, Plains, Plains, Plains"
The Last of Us Part I,Secret Lair Drop,Other,SLD,2025-11-06,30.33,"Cabal Ritual, Ellie, Brick Master, Haunted One, Joel, Resolute Survivor"
The Last of Us Part I Foil Edition,Secret Lair Drop,Other,SLD,2025-11-06,30.33,"Cabal Ritual, Ellie, Brick Master, Haunted One, Joel, Resolute Survivor"
The Last of Us Part II,Secret Lair Drop,Other,SLD,2025-11-06,21.89,"Dictate of Erebos, Ellie, Vengeful Hunter, Mycoloth, Abby, Merciless Soldier"
The Last of Us Part II Foil Edition,Secret Lair Drop,Other,SLD,2025-11-06,21.89,"Dictate of Erebos, Ellie, Vengeful Hunter, Mycoloth, Abby, Merciless Soldier"
The Legion of Dusk,Arena Starter Deck,Other,DOM,2018-03-22,58.3,"Vanquisher's Banner, Forerunner of the Legion, Vona, Butcher of Magan, Legion Lieutenant, Sanctum Seeker"
The Lord of the Rings: Tales of Middle-earth Bundle Land Pack,Bundle Land Pack,Other,LTR,2023-06-23,0.0,"Plains, Swamp, Plains, Swamp, Mountain"
The Lost Caverns of Ixalan Bundle Land Pack,Bundle Land Pack,Other,LCI,2023-11-17,0.0,"Island, Island, Plains, Plains, Island"
The Lost Caverns of Ixalan Foil Redemption,MTGO Redemption,Other,LCI,2023-12-06,444.85,"Roaming Throne, Cavern of Souls, Bloodletter of Aclazotz, Ojer Taq, Deepest Foundation // Temple of Civilization, Ghalta, Stampede Tyrant"
The Lost Caverns of Ixalan Redemption,MTGO Redemption,Other,LCI,2023-12-06,444.85,"Roaming Throne, Cavern of Souls, Bloodletter of Aclazotz, Ojer Taq, Deepest Foundation // Temple of Civilization, Ghalta, Stampede Tyrant"
"The Meaning of Life, Maybe",Secret Lair Drop,Other,SLD,2022-12-19,219.22,"Mental Misstep, Forced Fruition, Mind's Dilation, Well of Lost Dreams, Future Sight"
"The Meaning of Life, Maybe Foil Edition",Secret Lair Drop,Other,SLD,2022-12-19,219.22,"Mental Misstep, Forced Fruition, Mind's Dilation, Well of Lost Dreams, Future Sight"
The Might of Galadriel,Box Set,Other,LTC,2023-11-03,66.17,"Galadriel's Dismissal, Galadriel, Light of Valinor, Galadhrim Brigade, Mists of Lórien, Rally the Galadhrim"
The Nightstalkers,Theme Deck,Other,P02,1998-06-24,10.81,"Ancient Craving, Swamp, Swamp, Swamp, Predatory Nightstalker"
The Office: Dwight's Destiny,Secret Lair Drop,Other,SLD,2025-10-27,92.79,"Heliod, Sun-Crowned, Swords to Plowshares, Steelshaper's Gift, Reaper King, Baral, Chief of Compliance"
The Office: Dwight's Destiny Foil Edition,Secret Lair Drop,Other,SLD,2025-10-27,92.79,"Heliod, Sun-Crowned, Swords to Plowshares, Steelshaper's Gift, Reaper King, Baral, Chief of Compliance"
The Path Not Traveled,Secret Lair Drop,Other,SLD,2020-06-03,15.0,"Ajani Steadfast, Vraska, Golgari Queen, Tamiyo, Field Researcher, Domri Rade"
The Plague,Theme Deck,Other,USG,1998-10-12,6.52,"Pariah, Worship, Plains, Swamp, Swamp"
The Plague - Enhanced Deck,Enhanced Deck,Other,USG,1998-10-12,66.55,"Reflecting Pool, Wall of Nets, Dark Ritual, Pariah, Worship"
The Princess Bride,Secret Lair Drop,Other,SLD,2023-11-30,315.48,"Sisay, Weatherlight Captain, Fynn, the Fangbearer, Samut, Voice of Dissent, Battle of Wits, Silence"
The Princess Bride Foil Edition,Secret Lair Drop,Other,SLD,2023-11-30,315.48,"Sisay, Weatherlight Captain, Fynn, the Fangbearer, Samut, Voice of Dissent, Battle of Wits, Silence"
The River Heralds,Arena Starter Deck,Other,DOM,2018-03-22,53.64,"Herald of Secret Streams, Tishana, Voice of Thunder, Hadana's Climb // Winged Temple of Orazca, Mist-Cloaked Herald, Forerunner of the Heralds"
The Siege of Alexandria,Box Set,Other,FIN,2025-06-13,103.87,"Vivi's Persistence, Brilliant Wings, Judgment of Alexander, Search for Dagger, Amarant Coral"
The Slivers,Theme Deck,Other,TMP,1997-10-14,4.95,"Counterspell, Ertai's Meddling, Extinction, Winged Sliver, Fevered Convulsions"
The Slivers - Advanced Deck,Advanced Deck,Other,TMP,1997-10-14,17.36,"Underground River, Counterspell, Nevinyrral's Disk, Impulse, Winged Sliver"
The Space Beyond the Stars,Secret Lair Drop,Other,SLD,2022-12-05,52.1,"Stasis, Prismatic Omen, Imprisoned in the Moon, Wheel of Sun and Moon"
The Space Beyond the Stars Foil Edition,Secret Lair Drop,Other,SLD,2022-12-05,52.1,"Stasis, Prismatic Omen, Imprisoned in the Moon, Wheel of Sun and Moon"
The Sparkler,Theme Deck,Other,STH,1998-03-02,23.46,"Propaganda, Intruder Alarm, Counterspell, Searing Touch, Reins of Power"
The Sparkler - Advanced Deck,Advanced Deck,Other,STH,1998-03-02,22.73,"Propaganda, Jokulhaups, Counterspell, Searing Touch, Impulse"
The Spikes,Theme Deck,Other,STH,1998-03-02,21.01,"Hermit Druid, Heartstone, Spike Feeder, Forest, Forest"
The Spikes - Advanced Deck,Advanced Deck,Other,STH,1998-03-02,149.36,"Reflecting Pool, Undiscovered Paradise, City of Brass, Armageddon, Gemstone Mine"
The Stars Gaze Back,Secret Lair Drop,Other,SLD,2023-08-29,89.51,"Omnath, Locus of Rage, Flamekin Harbinger, Risen Reef, Voice of Resurgence"
The Stars Gaze Back Foil Edition,Secret Lair Drop,Other,SLD,2023-08-29,89.51,"Omnath, Locus of Rage, Flamekin Harbinger, Risen Reef, Voice of Resurgence"
The Strange Sands: Forest,Secret Lair Drop,Other,SLD,2025-01-15,3.81,Forest
The Strange Sands: Forest Foil Edition,Secret Lair Drop,Other,SLD,2025-01-15,3.81,Forest
The Strange Sands: Island,Secret Lair Drop,Other,SLD,2025-01-15,11.5,Island
The Strange Sands: Island Foil Edition,Secret Lair Drop,Other,SLD,2025-01-15,11.5,Island
The Strange Sands: Mountain,Secret Lair Drop,Other,SLD,2025-01-15,4.97,Mountain
The Strange Sands: Mountain Foil Edition,Secret Lair Drop,Other,SLD,2025-01-15,4.97,Mountain
The Strange Sands: Plains,Secret Lair Drop,Other,SLD,2025-01-15,3.01,Plains
The Strange Sands: Plains Foil Edition,Secret Lair Drop,Other,SLD,2025-01-15,3.01,Plains
The Strange Sands: Swamp,Secret Lair Drop,Other,SLD,2025-01-15,4.58,Swamp
The Strange Sands: Swamp Foil Edition,Secret Lair Drop,Other,SLD,2025-01-15,4.58,Swamp
The Sun Empire,Arena Starter Deck,Other,DOM,2018-03-22,37.75,"Forerunner of the Empire, Samut, Voice of Dissent, Verdant Sun's Avatar, Ranging Raptors, Needletooth Raptor"
The Swarm,Theme Deck,Other,TMP,1997-10-14,106.54,"Aluren, Recycle, Forest, Muscle Sliver, Forest"
The Swarm - Advanced Deck,Advanced Deck,Other,TMP,1997-10-14,137.78,"Aluren, Birds of Paradise, Armageddon, Brushland, Uktabi Orangutan"
The Tokyo Lands,Secret Lair Drop,Other,SLD,2022-09-13,90.69,"Plains, Swamp, Forest, Island, Mountain"
The Tokyo Lands Foil Etched Edition,Secret Lair Drop,Other,SLD,2022-09-13,90.69,"Plains, Swamp, Forest, Island, Mountain"
The Unfathomable Crushing Brutality of Basic Lands,Secret Lair Drop,Other,SLD,2021-04-13,72.8,"Swamp, Mountain, Island, Forest, Plains"
The Unfathomable Crushing Brutality of Basic Lands Foil Edition,Secret Lair Drop,Other,SLD,2021-04-13,72.8,"Swamp, Mountain, Island, Forest, Plains"
The Walking Dead,Secret Lair Drop,Other,SLD,2020-10-13,81.82,"Greymond, Avacyn's Stalwart, Hansk, Slayer Zealot, Malik, Grim Manipulator, Gregor, Shrewd Magistrate, Enkira, Hostile Scavenger"
The Weirdest Pets in the Multiverse,Secret Lair Drop,Other,SLD,2022-12-05,73.26,"Beast Whisperer, Stitcher's Supplier, Laboratory Maniac, Wood Elves, Vizier of the Menagerie"
The Weirdest Pets in the Multiverse Foil Edition,Secret Lair Drop,Other,SLD,2022-12-05,73.26,"Beast Whisperer, Stitcher's Supplier, Laboratory Maniac, Wood Elves, Vizier of the Menagerie"
The Wilds and the Deep,Intro Pack,Other,JOU,2014-05-02,33.57,"Archetype of Imagination, Kiora's Follower, Triton Shorestalker, Forest, Bassara Tower Archer"
Their Magic is Limitless,Secret Lair Drop,Other,SLD,2026-07-22,75.94,"Finale of Devastation, Dark Ritual, Sol Ring, Coat of Arms, Lathril, Blade of the Elves"
Their Magic is Limitless Foil Edition,Secret Lair Drop,Other,SLD,2026-07-22,75.94,"Finale of Devastation, Dark Ritual, Sol Ring, Coat of Arms, Lathril, Blade of the Elves"
Theros Beyond Death Bundle Land Pack,Bundle Land Pack,Other,THB,2020-01-24,0.0,"Mountain, Mountain, Plains, Plains, Plains"
Theros Beyond Death Foil Redemption,MTGO Redemption,Other,THB,2020-02-23,298.22,"Shadowspear, Thassa, Deep-Dwelling, Nyxbloom Ancient, Thassa's Oracle, Heliod, Sun-Crowned"
Theros Beyond Death Redemption,MTGO Redemption,Other,THB,2020-02-23,298.22,"Shadowspear, Thassa, Deep-Dwelling, Nyxbloom Ancient, Thassa's Oracle, Heliod, Sun-Crowned"
Theros Fat Pack Land Pack,Bundle Land Pack,Other,THS,2013-09-27,5.18,"Forest, Plains, Island, Forest, Island"
Theros Foil Redemption,MTGO Redemption,Other,THS,2013-10-27,526.14,"Nykthos, Shrine to Nyx, Swan Song, Purphoros, God of the Forge, Erebos, God of the Dead, Xenagos, the Reveler"
Theros Holiday Gift Box Land Pack,Bundle Land Pack,Other,THS,2013-11-15,5.18,"Forest, Plains, Island, Forest, Island"
Theros Redemption,MTGO Redemption,Other,THS,2013-10-27,526.14,"Nykthos, Shrine to Nyx, Swan Song, Purphoros, God of the Forge, Erebos, God of the Dead, Xenagos, the Reveler"
Theros Stargazing: Vol. I (Heliod),Secret Lair Drop,Other,SLD,2020-02-14,66.33,"Iroas, God of Victory, Heliod, God of the Sun, Karametra, God of Harvests"
Theros Stargazing: Vol. II (Thassa),Secret Lair Drop,Other,SLD,2020-02-14,54.07,"Thassa, God of the Sea, Ephara, God of the Polis, Kruphix, God of Horizons"
Theros Stargazing: Vol. III (Erebos),Secret Lair Drop,Other,SLD,2020-02-14,103.74,"Athreos, God of Passage, Phenax, God of Deception, Erebos, God of the Dead"
Theros Stargazing: Vol. IV (Purphoros),Secret Lair Drop,Other,SLD,2020-02-14,89.91,"Purphoros, God of the Forge, Keranos, God of Storms, Mogis, God of Slaughter"
Theros Stargazing: Vol. V (Nylea),Secret Lair Drop,Other,SLD,2020-02-14,57.2,"Nylea, God of the Hunt, Xenagos, God of Revels, Pharika, God of Affliction"
They Grow Up So Fast,Secret Lair Drop,Other,SLD,2025-03-25,50.85,"Dragonlord Dromoka // Dragonlord Dromoka, Dragonlord Kolaghan // Dragonlord Kolaghan, Dragonlord Silumgar // Dragonlord Silumgar, Dragonlord Atarka // Dragonlord Atarka, Dragonlord Ojutai // Dragonlord Ojutai"
They Grow Up So Fast Foil Edition,Secret Lair Drop,Other,SLD,2025-03-25,50.85,"Dragonlord Dromoka // Dragonlord Dromoka, Dragonlord Kolaghan // Dragonlord Kolaghan, Dragonlord Silumgar // Dragonlord Silumgar, Dragonlord Atarka // Dragonlord Atarka, Dragonlord Ojutai // Dragonlord Ojutai"
Think Again 1,Jumpstart,Other,J22,2022-12-02,3.47,"Jace, Arcane Strategist, Serum Visions, Spectral Sailor, Merfolk Pupil, Faerie Vandal"
Think Again 2,Jumpstart,Other,J22,2022-12-02,10.41,"Alandra, Sky Dreamer, Spectral Sailor, Hedron Archive, Merfolk Pupil, Faerie Vandal"
Think Again 3,Jumpstart,Other,J22,2022-12-02,10.41,"Alandra, Sky Dreamer, Spectral Sailor, Merfolk Pupil, Faerie Vandal, Lay Claim"
Think Again 4,Jumpstart,Other,J22,2022-12-02,1.02,"Spectral Sailor, Faerie Formation, Military Intelligence, Merfolk Pupil, Faerie Vandal"
Thor,Jumpstart,Other,MSH,2026-06-26,10.05,"Origin of Thor, Lightning Bolt, Asgardian Inspiration, Thor, Asgard's Avenger, Loki Laufeyson"
Thought Invoker,Shandalar Enemy Deck,Other,PAST,1997-04-01,60.79,"Time Elemental, Energy Flux, Giant Tortoise, Mahamoti Djinn, Drain Power"
Thoughts of the Wind,Duel Of The Planeswalkers Deck,Other,DPA,2010-06-04,0.0,"Evacuation, Mind Spring, Mind Control, Negate, Counterbore"
Thrilling Tales of the Undead,Secret Lair Drop,Other,SLD,2022-01-28,103.66,"Gravecrawler, Rise of the Dark Realms, Liliana, Death's Majesty"
Thrilling Tales of the Undead Foil Edition,Secret Lair Drop,Other,SLD,2022-01-28,103.66,"Gravecrawler, Rise of the Dark Realms, Liliana, Death's Majesty"
Thrive and Thrash,Event Deck,Other,GTC,2013-02-22,29.11,"Deadeye Navigator, Arbor Elf, Strangleroot Geist, Farseek, Gruul Ragebeast"
Throne of Eldraine Bundle Land Pack,Bundle Land Pack,Other,ELD,2019-10-04,0.0,"Plains, Plains, Island, Swamp, Island"
Throne of Eldraine Foil Redemption,MTGO Redemption,Other,ELD,2019-11-03,244.39,"The Great Henge, Embercleave, Oko, Thief of Crowns, Wishclaw Talisman, Ayara, First of Locthwain"
Throne of Eldraine Redemption,MTGO Redemption,Other,ELD,2019-11-03,244.39,"The Great Henge, Embercleave, Oko, Thief of Crowns, Wishclaw Talisman, Ayara, First of Locthwain"
Through the Wormhole,Secret Lair Drop,Other,SLD,2023-12-05,218.81,"Sol Ring, Arcane Signet, Command Tower, Thought Vessel, Lightning Greaves"
Through the Wormhole Galaxy Foil Edition,Secret Lair Drop,Other,SLD,2023-12-05,412.04,"Sol Ring, Arcane Signet, Command Tower, Thought Vessel, Lightning Greaves"
Thunderbolts,Jumpstart,Other,MSH,2026-06-26,6.94,"Citizen V, Helmut Zemo, Valentina Allegra de Fontaine, Songbird, Sonic Screamer, Fixer, Techno Terror, Moonstone, Harsh Mistress"
Tibalt,Duel Deck,Other,DDK,2013-03-15,0.0,"Sulfuric Vortex, Tibalt, the Fiend-Blooded, Faithless Looting, Hellrider, Terminate"
Tidal Mastery,Theme Deck,Other,MMQ,1999-10-04,508.11,"Counterspell, Thwart, War Tax, Coastal Piracy, Saprazzan Legate"
Tidal Mastery - Enhanced Deck,Enhanced Deck,Other,MMQ,1999-10-04,923.02,"Palinchron, Counterspell, Thwart, Mother of Runes, War Tax"
Time Curse,Theme Deck,Other,S99,1999-07-12,30.56,"Time Warp, Counterspell, Island, Island, Island"
Time Drain,Theme Deck,Other,ULG,1999-02-15,769.7,"Snap, Cloud of Faeries, Frantic Search, Treetop Village, Faerie Conclave"
Time Drain - Enhanced Deck,Enhanced Deck,Other,ULG,1999-02-15,955.21,"Palinchron, Snap, Cloud of Faeries, Miscalculation, Reflecting Pool"
Time Spiral Fat Pack Land Pack,Bundle Land Pack,Other,TSP,2006-10-06,0.0,"Swamp, Island, Forest, Swamp, Mountain"
Time Spiral Foil Redemption,MTGO Redemption,Other,TSP,2006-11-05,2570.51,"Gemstone Caverns, Scion of the Ur-Dragon, Ophidian Eye, Snapback, Angel's Grace"
Time Spiral Redemption,MTGO Redemption,Other,TSP,2006-11-05,2570.51,"Gemstone Caverns, Scion of the Ur-Dragon, Ophidian Eye, Snapback, Angel's Grace"
Time Spiral Timeshifted Foil Redemption,MTGO Redemption,Other,TSB,2006-11-05,1865.49,"Claws of Gix, Tormod's Crypt, Darkness, Dandân, Akroma, Angel of Wrath"
Time Spiral Timeshifted Redemption,MTGO Redemption,Other,TSB,2006-11-05,1865.49,"Claws of Gix, Tormod's Crypt, Darkness, Dandân, Akroma, Angel of Wrath"
Time Trouble Two,Secret Lair Drop,Other,SLD,2022-12-19,40.31,"Narset, Parter of Veils, Nissa, Who Shakes the World, Tezzeret, Agent of Bolas"
Time Trouble Two Foil Edition,Secret Lair Drop,Other,SLD,2022-12-19,40.31,"Narset, Parter of Veils, Nissa, Who Shakes the World, Tezzeret, Agent of Bolas"
Titanic 1,Jumpstart,Other,BRO,2022-11-18,3.66,"Sarinth Steelseeker, Gaea's Gift, Bushwhack, Woodcaller Automaton, Cradle Clearcutter"
Titanic 2,Jumpstart,Other,BRO,2022-11-18,2.35,"Sarinth Steelseeker, Bushwhack, Woodcaller Automaton, Cradle Clearcutter, Iron-Craw Crusher"
To Adventure!,Arena Starter Deck,Other,M21,2021-07-03,4.4,"Ironscale Hydra, Realm-Cloaked Giant // Cast Off, Plains, Giant Killer // Chop Down, Primal Might"
Toby's Journey by Gary Baseman,Secret Lair Drop,Other,SLD,2026-06-16,35.39,"Prismatic Vista, Farseek, Sovereign Okinec Ahau, Trailblazer's Boots, Long Goodbye"
Toby's Journey by Gary Baseman Foil Edition,Secret Lair Drop,Other,SLD,2026-06-16,35.39,"Prismatic Vista, Farseek, Sovereign Okinec Ahau, Trailblazer's Boots, Long Goodbye"
Tokens,Deck Builder's Toolkit,Other,M13,2012-07-13,5.54,"Attended Knight, Lingering Souls, Intangible Virtue, Goldnight Redeemer, Glorious Charge"
Tom van de Logt - Machine Head,World Championship Deck,Other,WC01,2001-08-08,41.59,"Rishadan Port, Dark Ritual, Mountain, Swamp, Swamp"
Tom van de Logt - Replenish,World Championship Deck,Other,WC00,2000-08-02,197.65,"Replenish, Enlightened Tutor, Attunement, Parallax Tide, Opalescence"
Tomb Raider,Secret Lair Drop,Other,SLD,2023-12-05,168.85,"Shadowspear, Lara Croft, Tomb Raider, Academy Ruins, Bow of Nylea, Search for Azcanta // Azcanta, the Sunken Ruin"
Tomb Raider Foil Edition,Secret Lair Drop,Other,SLD,2023-12-05,168.85,"Shadowspear, Lara Croft, Tomb Raider, Academy Ruins, Bow of Nylea, Search for Azcanta // Azcanta, the Sunken Ruin"
Tombstone,Theme Deck,Other,USG,1998-10-12,16.91,"Victimize, Exhume, Island, Turnabout, Island"
Tombstone - Enhanced Deck,Enhanced Deck,Other,USG,1998-10-12,131.05,"Reflecting Pool, Reanimate, Living Death, Armageddon, Animate Dead"
Tome of the Astral Sorceress,Secret Lair Drop,Other,SLD,2024-10-01,37.35,"Preordain, Teferi's Ageless Insight, Back to Basics, Sphinx of the Second Sun"
Tome of the Astral Sorceress Foil Edition,Secret Lair Drop,Other,SLD,2024-10-01,37.35,"Preordain, Teferi's Ageless Insight, Back to Basics, Sphinx of the Second Sun"
Too Many,Jumpstart,Other,J25,2024-11-07,1.6,"Fiendish Duo, Reckless Impulse, Brothers Yamazaki, Brothers Yamazaki, Krenko's Command"
Toph,Jumpstart,Other,TLE,2025-11-20,57.0,"Toph, Earthbending Master, Solid Ground, Tale of Katara and Toph, Frog-Squirrels, Origin of Metalbending"
Torment Foil Redemption,MTGO Redemption,Other,TOR,2002-03-06,2645.94,"Grim Lavamancer, Cabal Coffers, Cabal Ritual, Insidious Dreams, Cleansing Meditation"
Torment Redemption,MTGO Redemption,Other,TOR,2002-03-06,2645.94,"Grim Lavamancer, Cabal Coffers, Cabal Ritual, Insidious Dreams, Cleansing Meditation"
Totally Merciless,Jumpstart,Other,DMU,2022-09-09,2.75,"Swamp, Knight of Dusk's Shadow, Swamp, Swamp, Writhing Necromass"
Totally Ruthless,Jumpstart,Other,DMU,2022-09-09,2.75,"Swamp, Cut Down, Cult Conscript, Swamp, Swamp"
Totally Spaced Out Galaxy Foil Edition,Secret Lair Drop,Other,SLD,2022-12-05,144.22,"Strip Mine, Command Beacon, Fabled Passage, Ash Barrens"
Totem Power,Intro Pack,Other,ROE,2010-04-23,77.92,"Soul's Attendant, Kor Spiritdancer, Ornithopter, Forest, Forest"
Towering,Jumpstart,Other,MSH,2026-06-26,0.0,"Giant-Man, Gargantuan Genius, Ms. Marvel, Elastic Ally, Ant-Man, Reformed Rogue, Goliath, Mass Manipulator, Spider-Rex, Daring Dino"
Toxic 1,Jumpstart,Other,ONE,2023-02-10,1.92,"Infectious Bite, Goliath Hatchery, Cankerbloom, Venomous Brutalizer, Phyrexian Atlas"
Toxic 2,Jumpstart,Other,ONE,2023-02-10,1.82,"Tyvar's Stand, Goliath Hatchery, Cankerbloom, The Hunter Maze, Paladin of Predation"
Tragic Romance,Secret Lair Drop,Other,SLD,2025-03-25,150.84,"Kaalia of the Vast, Skithiryx, the Blight Dragon, Master of Cruelties, Angel of Despair"
Tragic Romance Foil Edition,Secret Lair Drop,Other,SLD,2025-03-25,150.84,"Kaalia of the Vast, Skithiryx, the Blight Dragon, Master of Cruelties, Angel of Despair"
Trained,Jumpstart,Other,MSH,2026-06-26,8.96,"Shang-Chi, Martial Mentor, Advancing the Spirit, She-Hulk, Attorney-at-Law, Restorative Technique, White Tiger, Ava Ayala"
Trample Civilization Underfoot,Archenemy Deck,Other,ARC,2010-06-18,8.63,"Rancor, Armadillo Cloak, Path to Exile, Khalni Garden, Fog"
Transference,Theme Deck,Other,DST,2004-02-06,278.96,"Skullclamp, Seat of the Synod, Arcbound Reclaimer, Reshape, Voltaic Construct"
"Transformers: One Shall Stand, One Shall Fall",Secret Lair Drop,Other,SLD,2022-12-19,54.57,"Plains, Mountain, Swamp, Island, Forest"
"Transformers: One Shall Stand, One Shall Fall Foil Edition",Secret Lair Drop,Other,SLD,2022-12-19,54.57,"Plains, Mountain, Swamp, Island, Forest"
Transformers: Optimus Prime vs. Megatron,Secret Lair Drop,Other,SLD,2022-12-19,106.9,"Blightsteel Colossus // Blightsteel Colossus, Doubling Cube // Doubling Cube, Darksteel Colossus // Darksteel Colossus"
Transformers: Optimus Prime vs. Megatron Foil Edition,Secret Lair Drop,Other,SLD,2022-12-19,106.9,"Blightsteel Colossus // Blightsteel Colossus, Doubling Cube // Doubling Cube, Darksteel Colossus // Darksteel Colossus"
Transformers: Roll Out or Rise Up,Secret Lair Drop,Other,SLD,2022-12-19,109.29,"Dramatic Reversal, Fabricate, True Conviction, Greater Good, By Force"
Transformers: Roll Out or Rise Up Foil Edition,Secret Lair Drop,Other,SLD,2022-12-19,109.29,"Dramatic Reversal, Fabricate, True Conviction, Greater Good, By Force"
Treasure 1,Jumpstart,Other,J22,2022-12-02,0.0,"Captain Lannery Storm, Sudden Breakthrough, Thriving Bluff, Goldvein Pick, Rapacious Dragon"
Treasure 2,Jumpstart,Other,J22,2022-12-02,6.59,"Professional Face-Breaker, Reckless Fireweaver, Thriving Bluff, Goldvein Pick, Rapacious Dragon"
Treasure 3,Jumpstart,Other,J22,2022-12-02,9.27,"Goldspan Dragon, Big Score, Thriving Bluff, Goldvein Pick, Rapacious Dragon"
Treasure 4,Jumpstart,Other,J22,2022-12-02,0.0,"Gadrak, the Crown-Scourge, Gleaming Barrier, Thriving Bluff, Goldvein Pick, Rapacious Dragon"
Treasure Hunt,Arena Starter Deck,Other,AFR,2021-09-24,37.45,"Goldspan Dragon, Xorn, Blightstep Pathway // Searstep Pathway, Soul Shatter, Shambling Ghast"
Treasures (1),Jumpstart,Other,J25,2024-11-07,9.94,"Pitiless Plunderer, Evereth, Viceroy of Plunder, Ruthless Technomancer, Deadly Dispute, Shambling Ghast"
Treasures (2),Jumpstart,Other,J25,2024-11-07,12.4,"Pitiless Plunderer, Vault of Whispers, Evereth, Viceroy of Plunder, Deadly Dispute, Shambling Ghast"
Tree-Hugging (1),Jumpstart,Other,JMP,2020-07-17,1.0,"Primordial Sage, Llanowar Visionary, Wall of Blossoms, Warden of the Woods, Explore"
Tree-Hugging (2),Jumpstart,Other,JMP,2020-07-17,1.0,"Primordial Sage, Llanowar Visionary, Wall of Blossoms, Warden of the Woods, Explore"
Tree-Hugging (3),Jumpstart,Other,JMP,2020-07-17,0.0,"Llanowar Visionary, Wall of Blossoms, Warden of the Woods, Explore, Jolrael, Mwonvuli Recluse"
Tree-Hugging (4),Jumpstart,Other,JMP,2020-07-17,1.13,"Soul of the Harvest, Llanowar Visionary, Wall of Blossoms, Warden of the Woods, Explore"
Trick or Treat,Secret Lair Drop,Other,SLD,2025-10-27,61.91,"Vito, Thorn of the Dusk Rose, Wilhelt, the Rotcleaver, Voja, Jaws of the Conclave, Liberator, Urza's Battlethopter, Satoru Umezawa"
Trick or Treat Foil Edition,Secret Lair Drop,Other,SLD,2025-10-27,61.91,"Vito, Thorn of the Dusk Rose, Wilhelt, the Rotcleaver, Voja, Jaws of the Conclave, Liberator, Urza's Battlethopter, Satoru Umezawa"
Tricksters,Jumpstart,Other,MSH,2026-06-26,100.89,"Loki, Lord of Misrule, Multiversal Recruitment, Impossible Man, Living Lies of Loki, Kid Loki"
Tricksy 1,Jumpstart,Other,LTR,2023-06-23,3.45,"Elvish Mariner, Elrond, Lord of Rivendell, Glorious Gale, Arwen's Gift, Council's Deliberation"
Tricksy 2,Jumpstart,Other,LTR,2023-06-23,3.45,"Elvish Mariner, Elrond, Lord of Rivendell, Saruman the White, Glorious Gale, Arwen's Gift"
Troll Shaman,Shandalar Enemy Deck,Other,PAST,1997-04-01,422.29,"Mountain, Strip Mine, Dancing Scimitar, Oasis, Shivan Dragon"
Trounce-O-Matic,Theme Deck,Other,ODY,2001-10-01,520.72,"Roar of the Wurm, Careful Study, Predict, Peek, Nimble Mongoose"
Truth Seekers,Theme Deck,Other,SOK,2005-06-03,143.87,"Rune-Tail, Kitsune Ascendant // Rune-Tail's Essence, Honden of Life's Web, Honden of Cleansing Fire, Nikko-Onna, Bounteous Kirin"
Turnabout,Theme Deck,Other,SHM,2008-05-02,494.69,"Umbral Mantle, Devoted Druid, Pili-Pala, Rhys the Redeemed, Seedcradle Witch"
Turnaround,Theme Deck,Other,PCY,2000-06-05,1243.82,"Daze, Rhystic Study, Foil, Seal of Cleansing, Mageta the Lion"
Twisted Reality,Intro Pack,Other,OGW,2016-01-22,21.84,"Bane of Bala Ged, Kozilek's Channeler, Scour from Existence, Endless One, Titan's Presence"
Twisted Toons,Secret Lair Drop,Other,SLD,2025-03-25,61.3,"Culling the Weak, Silence, Winds of Abandon, Fatal Push, Young Wolf"
Twisted Toons Foil Edition,Secret Lair Drop,Other,SLD,2025-03-25,61.3,"Culling the Weak, Silence, Winds of Abandon, Fatal Push, Young Wolf"
Ultimate Sacrifice,Event Deck,Other,BFZ,2015-10-02,42.77,"Zulaport Cutthroat, Grim Haruspex, Hangarback Walker, Murderous Cut, Llanowar Wastes"
Ultron,Jumpstart,Other,MSH,2026-06-26,67.87,"Ultron the Annihilator, Ultron's Auxiliary, Doombot Harbinger, Robot Domination, Dark Deed"
Uncanny,Jumpstart,Other,MSH,2026-06-26,22.63,"Wolverine, Claws Out, X-23, Deadly Weapon, Colossus, Steel Stalwart, Storm, Shaker of Skies, Darwin, Adaptive Mutant"
Uncharted,Secret Lair Drop,Other,SLD,2025-11-06,31.21,"Passionate Archaeologist, Whip of Erebos, Nathan Drake, Treasure Hunter, Midnight Clock, Chain Reaction"
Uncharted Foil Edition,Secret Lair Drop,Other,SLD,2025-11-06,31.21,"Passionate Archaeologist, Whip of Erebos, Nathan Drake, Treasure Hunter, Midnight Clock, Chain Reaction"
Undead,Jumpstart,Other,FDN,2024-11-15,5.41,"Death Baron, Deadly Plot, Swamp, Eaten Alive, Reassembling Skeleton"
Undead Knight,Shandalar Enemy Deck,Other,PAST,1997-04-01,86.81,"El-Hajjâj, Flying Carpet, Bad Moon, Nightmare, Black Knight"
Under the Sea (1),Jumpstart,Other,JMP,2020-07-17,0.0,"Waker of Waves, Rousing Read, Aegis Turtle, Tolarian Kraken, Thriving Isle"
Under the Sea (2),Jumpstart,Other,JMP,2020-07-17,0.0,"Waker of Waves, Whelming Wave, Cryptic Serpent, Aegis Turtle, Thriving Isle"
Underwater,Jumpstart,Other,TLE,2025-11-20,4.18,"Tui and La, Moon and Ocean, Coastal Piracy, Island, Flying Dolphin-Fish, White Lotus Hideout"
Underworld Herald,Event Deck,Other,BNG,2014-02-28,29.06,"Crypt Ghast, Gift of Orzhova, Pack Rat, Desecration Demon, Agent of the Fates"
Unearthed 1,Jumpstart,Other,BRO,2022-11-18,0.0,"Go for the Throat, Ashnod's Intervention, No One Left Behind, Gruesome Realization, Terror Ballista"
Unearthed 2,Jumpstart,Other,BRO,2022-11-18,0.0,"Overwhelming Remorse, Transmogrant Altar, Gnawing Vermin, Gruesome Realization, Terror Ballista"
Unearthed Secrets,Intro Pack,Other,SOI,2016-04-08,6.01,"Tireless Tracker, Erdwal Illuminator, Watcher in the Web, Gone Missing, Forest"
Unflinching Assault,Intro Pack,Other,FRF,2015-01-23,33.5,"Merciless Executioner, Elite Scaleguard, Cruel Sadist, Harsh Sustenance, Battle Brawler"
Unicorns,Jumpstart,Other,JMP,2020-07-17,20.96,"Emiel the Blessed, Blessed Sanctuary, Cloudshift, Plains, Plains"
United Assault,Challenger Deck,Other,Q02,2019-04-12,12.8,"Legion's Landing // Adanto, the First Fort, History of Benalia, Dauntless Bodyguard, Benalish Marshal, Adanto Vanguard"
Unlikely Alliances,Intro Pack,Other,EMN,2016-07-22,4.6,"Campaign of Vengeance, Repel the Abominable, Blessed Alliance, Plains, Lunarch Mantle"
Unlucky Thirteen,Jumpstart,Other,J22,2022-12-02,7.29,"Tree of Perdition, Exsanguinate, Sling-Gang Lieutenant, Triskaidekaphobia, Piranha Marsh"
Unnatural Forces,MTGO Theme Deck,Other,VIS,2006-04-10,30.58,"Necromancy, Impulse, Flooded Shoreline, Swamp, Vision Charm"
Unnatural Schemes,Intro Pack,Other,ARB,2009-04-30,44.26,"Terramorphic Expanse, Nemesis of Reason, Lich Lord of Unx, Island, Fatestitcher"
Unraveling Mind,Theme Deck,Other,PLC,2007-02-02,120.5,"Mirri the Cursed, Phantasmagorian, Mindlash Sliver, Dauthi Slayer, Fiery Temper"
Unstable Terrain,Intro Pack,Other,ZEN,2009-10-02,36.44,"Roil Elemental, Harrow, Baloth Woodcrasher, Sage Owl, Turntimber Basilisk"
Untamed Wild,Intro Pack,Other,EMN,2016-07-22,2.92,"Silverfur Partisan, Blood Mist, Primal Druid, Assembled Alphas, Furyblade Vampire"
Up and Away,Starter Kit,Other,SNC,2022-06-03,11.36,"Hullbreaker Horror, Welcoming Vampire, Inspiring Overseer, Consuming Tide, Fading Hope"
Urza's,Jumpstart,Other,J22,2022-12-02,15.62,"Walking Ballista, Karn Liberated, Expedition Map, Urza's Power Plant, Urza's Mine"
Valentine's Day 2021,Secret Lair Drop,Other,SLD,2021-04-13,56.92,"Boros Charm, Goblin Rabblemaster, Gisela, Blade of Goldnight, Monastery Swiftspear"
Valentine's Day 2021 Foil Edition,Secret Lair Drop,Other,SLD,2021-04-13,56.92,"Boros Charm, Goblin Rabblemaster, Gisela, Blade of Goldnight, Monastery Swiftspear"
Vampire Lord,Shandalar Enemy Deck,Other,PAST,1997-04-01,271.75,"Sorceress Queen, Mana Vault, Carrion Ants, Howling Mine, Animate Dead"
Vampire Onslaught,Event Deck,Other,M12,2011-08-12,267.21,"Verdant Catacombs, Blade of the Bloodchief, Bloodghast, Pawn of Ulamog, Dismember"
Vampires,Deck Builder's Toolkit,Other,M13,2012-07-13,41.53,"Stromkirk Captain, Rakish Heir, Falkenrath Noble, Victim of Night, Vampire Nighthawk"
Vampires (1),Jumpstart,Other,J25,2024-11-07,0.0,"Sangromancer, Vampire of the Dire Moon, Blood Fountain, Urge to Feed, Bleed Dry"
Vampires (2),Jumpstart,Other,J25,2024-11-07,4.79,"Creeping Bloodsucker, Vampire of the Dire Moon, Blood Fountain, Sanctum Seeker, Bloodthirsty Aerialist"
Vampires (3),Jumpstart,Other,J25,2024-11-07,4.79,"Creeping Bloodsucker, Blood Fountain, Necropolis Regent, Go for the Throat, Thirsting Bloodlord"
Vampires (4),Jumpstart,Other,JMP,2020-07-17,4.73,"Drana, Liberator of Malakir, Silversmote Ghoul, Swamp, Gifted Aetherborn, Gloom Sower"
Vampiric Thirst,Intro Pack,Other,SOI,2016-04-08,9.46,"Alms of the Vein, Indulgent Aristocrat, Olivia's Bloodsworn, Burn from Within, Tormenting Voice"
Vehicle Rush,Challenger Deck,Other,Q01,2018-04-06,32.55,"Skysovereign, Consul Flagship, Spire of Industry, Inspiring Vantage, Mountain, Dragonskull Summit"
Vehicles,Jumpstart,Other,MSH,2026-06-26,4.62,"The Thanos-Copter, Intrepid Ace, Sky Cycle, Captain America's Motorcycle, HYDRA Assault Robot"
Venser,Duel Deck,Other,DDI,2012-03-30,20.35,"Sigil of Sleep, Venser, the Sojourner, Steel of the Godhead, Path to Exile, Preordain"
Vicious Cycle,Intro Pack,Other,OGW,2016-01-22,12.35,"Brood Monitor, Blighted Woodland, Smothering Abomination, Wastes, Wastes"
Villains Unleashed,Box Set,Other,MSH,2026-06-26,20.11,"Ultron, Machine Overlord, Absorbing Man and Titania, M.O.D.O.K., Evil Intellect, Thanos, Death's Consort, Abomination, Irradiated Brute"
Viva Las Rakdos,Secret Lair Drop,Other,SLD,2025-05-13,50.44,"Beseech the Mirror, Lightning Greaves, Talisman of Indulgence, Dark Petition, Light Up the Stage"
Vivien,Planeswalker Deck,Other,M19,2018-07-13,6.6,"Colossal Majesty, Vivien of the Arkbow, Forest, Druid of the Cowl, Reclamation Sage"
Vivien's Hunt,Arena Promotional Deck,Other,ONE,2023-02-10,8.33,"Titan of Industry, Gala Greeters, Howlpack Piper // Wildsong Howler, Augur of Autumn, Vivien on the Hunt"
"Vivien, Nature's Avenger",Planeswalker Deck,Other,M20,2019-07-29,3.18,"Vivien, Nature's Avenger, Season of Growth, Forest, Aggressive Mammoth, Rabid Bite"
Voracious Rage,Intro Pack,Other,JOU,2014-05-02,8.52,"Searing Blood, Fanatic of Mogis, Swamp, Swamp, Swamp"
Vraska,Duel Deck,Other,DDM,2014-03-14,3.24,"Ohran Viper, Vraska the Unseen, Night's Whisper, Swamp, Rogue's Passage"
"Vraska, Regal Gorgon",Planeswalker Deck,Other,GRN,2018-10-05,14.53,"Beast Whisperer, Vraska, Regal Gorgon, Lotleth Giant, Swamp, Forest"
"Vraska, Scheming Gorgon",Planeswalker Deck,Other,RIX,2018-01-19,20.95,"Legion Lieutenant, Champion of Dusk, Swamp, Vraska, Scheming Gorgon, Famished Paladin"
Wakanda,Jumpstart,Other,MSH,2026-06-26,2.95,"Black Panther, Most Dangerous, Shuri, Vibranium Technologist, Okoye, Dora Milaje Leader, Ultimate Alliance, Wakandan Tusker"
Waking Nightmares,Theme Deck,Other,TOR,2002-02-08,280.08,"Chainer, Dementia Master, Mesmeric Fiend, Enslaved Dwarf, Tainted Peak, Mountain"
Walk the Plank,Arena Starter Deck,Other,M19,2018-09-27,15.52,"Drowned Catacomb, Siren Stormtamer, Ravenous Chupacabra, Demonlord Belzenlok, Chart a Course"
Walls,Jumpstart,Other,JMP,2020-07-17,0.0,"Assault Formation, Towering Titan, Portcullis Vine, Wall of Blossoms, Thriving Grove"
War Mage,Shandalar Enemy Deck,Other,PAST,1997-04-01,499.45,"Mountain, Mana Vault, Aladdin's Ring, Ball Lightning, Fellwar Stone"
War of Attrition,Event Deck,Other,NPH,2011-06-10,141.45,"Stoneforge Mystic, Puresteel Paladin, Sword of Vengeance, Journey to Nowhere, Leonin Relic-Warder"
War of the Spark Bundle Land Pack,Bundle Land Pack,Other,WAR,2019-05-03,0.0,"Island, Plains, Swamp, Plains, Mountain"
War of the Spark Foil Redemption,MTGO Redemption,Other,WAR,2019-06-02,575.33,"Emergence Zone, Finale of Devastation, Neoform, Bolas's Citadel, God-Eternal Oketra"
War of the Spark Redemption,MTGO Redemption,Other,WAR,2019-06-02,575.33,"Emergence Zone, Finale of Devastation, Neoform, Bolas's Citadel, God-Eternal Oketra"
"Warhammer 40,000: Orks",Secret Lair Drop,Other,SLD,2022-12-05,170.93,"Zurgo Helmsmasher, Krenko, Tin Street Kingpin, Aggravated Assault, Merciless Executioner, Skysovereign, Consul Flagship"
"Warhammer 40,000: Orks Foil Edition",Secret Lair Drop,Other,SLD,2022-12-05,170.93,"Zurgo Helmsmasher, Krenko, Tin Street Kingpin, Aggravated Assault, Merciless Executioner, Skysovereign, Consul Flagship"
Warhammer Age of Sigmar,Secret Lair Drop,Other,SLD,2022-12-05,150.64,"Najeela, the Blade-Blossom, Blind Obedience, Scourge of the Throne, Loxodon Warhammer, Danitha Capashen, Paragon"
Warhammer Age of Sigmar Foil Edition,Secret Lair Drop,Other,SLD,2022-12-05,150.64,"Najeela, the Blade-Blossom, Blind Obedience, Scourge of the Throne, Loxodon Warhammer, Danitha Capashen, Paragon"
Warlock,Shandalar Enemy Deck,Other,PAST,1997-04-01,55.53,"El-Hajjâj, Hypnotic Specter, Dark Ritual, Tawnos's Wand, Swamp"
Warrior's Code,Theme Deck,Other,MOR,2008-02-01,99.12,"Boldwyr Heavyweights, Brighthearth Banneret, Unstoppable Ash, Bramblewood Paragon, Obsidian Battle-Axe"
Warriors,Jumpstart,Other,TLE,2025-11-20,1.1,"Suki, Kyoshi Captain, Plains, Valorous Stance, Sokka's Sword Training, Team Avatar"
Warriors (1),Jumpstart,Other,J25,2024-11-07,3.62,"Gornog, the Red Reaper, Thriving Bluff, Boldwyr Intimidator, Ghitu Encampment, Goma Fada Vanguard"
Warriors (2),Jumpstart,Other,J25,2024-11-07,3.62,"Gornog, the Red Reaper, Infuriate, Thriving Bluff, Kargan Intimidator, Boldwyr Intimidator"
Way Wild,Theme Deck,Other,7ED,2001-04-11,600.96,"Llanowar Elves, Wild Growth, Ancient Silverback, Wood Elves, Blanchwood Armor"
Way of the Warrior,Theme Deck,Other,CHK,2004-10-01,86.5,"Takeno, Samurai General, Bushi Tenderfoot // Kenzo the Hardhearted, Call to Glory, Devoted Retainer, Nagao, Bound by Honor"
We Are Legion,Intro Pack,Other,M10,2009-07-17,42.76,"Lightning Bolt, Soul Warden, Plains, Armored Ascension, Honor of the Pure"
We Hope You Like Squirrels,Secret Lair Drop,Other,SLD,2021-03-15,82.77,"Krosan Beast, Swarmyard, Chatter of the Squirrel, Squirrel Mob, Squirrel Wrangler"
Weapons and Wards,Intro Pack,Other,EMN,2016-07-22,9.88,"Open the Armory, Ulvenwald Observer, Subjugator Angel, Emrakul's Evangel, Gryff's Boon"
Web-Slinging,Jumpstart,Other,MSH,2026-06-26,0.0,"Amazing Spider-Girl, Aunt May, Spider-UK, Flash Thompson, Spider-Fan, Vault Guardsman"
Wei Kingdom,Theme Deck,Other,PTK,1999-05-01,161.21,"Cao Cao, Lord of Wei, Sima Yi, Wei Field Marshal, Ambition's Cost, Wei Assassins, Swamp"
Welcome to Castle Dracula,Secret Lair Drop,Other,SLD,2022-05-06,122.29,"Exquisite Blood, Phyrexian Tower, Night's Whisper"
Welcome to Castle Dracula Foil Edition,Secret Lair Drop,Other,SLD,2022-05-06,122.29,"Exquisite Blood, Phyrexian Tower, Night's Whisper"
Welcome to the Fungal,Secret Lair Drop,Other,SLD,2022-12-19,80.36,"Ghave, Guru of Spores, Mycoloth, Slimefoot, the Stowaway, Abundant Growth"
Welcome to the Fungal Foil Edition,Secret Lair Drop,Other,SLD,2022-12-19,80.36,"Ghave, Guru of Spores, Mycoloth, Slimefoot, the Stowaway, Abundant Growth"
Welded 1,Jumpstart,Other,BRO,2022-11-18,0.0,"Bitter Reunion, Artificer's Dragon, Obliterating Bolt, Mishra, Excavation Prodigy, Scrapwork Mutt"
Welded 2,Jumpstart,Other,BRO,2022-11-18,0.0,"Artificer's Dragon, Mishra, Excavation Prodigy, Scrapwork Mutt, Fallaji Dragon Engine, Mishra's Research Desk"
Well-Read (1),Jumpstart,Other,JMP,2020-07-17,0.0,"Curiosity, Opt, Rousing Read, Ormos, Archive Keeper, Tolarian Kraken"
Well-Read (2),Jumpstart,Other,JMP,2020-07-17,0.0,"Curiosity, Capture Sphere, Opt, Rousing Read, Ormos, Archive Keeper"
Well-Read (3),Jumpstart,Other,JMP,2020-07-17,62.66,"Rhystic Study, Curiosity, Opt, Tolarian Kraken, Island"
Well-Read (4),Jumpstart,Other,JMP,2020-07-17,0.0,"Curiosity, Read the Runes, Capture Sphere, Opt, Tolarian Kraken"
Whim,Shandalar Enemy Deck,Other,PAST,1997-04-01,10942.07,"Black Lotus, Mox Pearl, Colossus of Sardia, Carrion Ants, Royal Assassin"
Whirlpool,Theme Deck,Other,APC,2001-06-04,400.33,"Opt, Chromatic Sphere, Fire // Ice, Flametongue Kavu, Whirlpool Warrior"
White,Game Night Deck,Other,GNT,2018-11-16,4.96,"Cleansing Nova, Militant Angel, Always Watching, Valiant Knight, Benalish Marshal"
White Black Auras,Deck Builder's Toolkit,Other,ORI,2015-07-17,5.38,"Sage's Reverie, Blightcaster, Fetid Imp, Pacifism, Blood-Cursed Knight"
White Black Life Gain,Deck Builder's Toolkit,Other,M15,2014-07-18,5.47,"Sunbond, Nyx-Fleece Ram, Sungrace Pegasus, Wall of Limbs, Covenant of Blood"
White Black Warriors,Deck Builder's Toolkit,Other,ORI,2015-07-17,1.5,"Blood-Chin Rager, Mardu Woe-Reaper, Herald of Dromoka, Harsh Sustenance, Chief of the Edge"
White Blue Bestow,Deck Builder's Toolkit,Other,M15,2014-07-18,1.0,"Glimpse the Sun God, Akroan Skyguard, Skyspear Cavalry, Wavecrash Triton, Wingsteed Rider"
White Blue Prowess,Deck Builder's Toolkit,Other,ORI,2015-07-17,0.0,"Mistfire Adept, Strongarm Monk, Ojutai's Breath, Student of Ojutai, Ringwarden Owl"
White Deck,Welcome Deck,Other,M20,2019-07-12,0.0,"Plains, Loyal Pegasus, Serra's Guardian, Pacifism, Ironclad Krovod"
White Deck A,Sample Deck,Other,M11,2010-07-16,31.86,"Plains, Journey to Nowhere, Plains, Armored Ascension, Plains"
White Deck B,Sample Deck,Other,10E,2008-05-02,5.19,"Serra's Embrace, Armored Ascension, Skyhunter Prowler, Plains, Holy Strength"
White Equipment,Deck Builder's Toolkit,Other,MBS,2011-03-11,13.55,"Journey to Nowhere, Sylvok Lifestaff, Kemba's Legion, Trusty Machete, Fledgling Griffin"
White Green Aggro,Deck Builder's Toolkit,Other,ORI,2015-07-17,2.23,"Abzan Falconer, Valeron Wardens, Topan Freeblade, Rhox Maulers, Citadel Castellan"
White Heat - Advanced Deck,Advanced Deck,Other,EXO,1998-06-15,122.19,"Undiscovered Paradise, Tithe, City of Brass, Armageddon, Gemstone Mine"
White Heat - Basic Deck,Theme Deck,Other,EXO,1998-06-15,23.42,"Reconnaissance, Wall of Nets, Goblin Bombardment, Searing Touch, Limited Resources"
White Sample Deck,Sample Deck,Other,M15,2014-07-18,0.0,"Plains, Staff of the Sun Magus, Plains, Plains, Midnight Guard"
White Weenie,Deck Builder's Toolkit,Other,ROE,2010-05-21,33.52,"Soul Warden, Journey to Nowhere, Veteran Swordsmith, Brave the Elements, Armored Ascension"
White and Black Life gain,Deck Builder's Toolkit,Other,SOI,2016-04-08,6.93,"Zulaport Cutthroat, Serene Steward, Malakir Familiar, Vampire Envoy, Allied Reinforcements"
White and Black Spirits,Deck Builder's Toolkit,Other,KLD,2016-09-30,0.0,"Haunted Dead, Inspired Charge, Servo Exhibition, Lawless Broker, Certain Death"
White and Black Zombies,Deck Builder's Toolkit,Other,AKH,2017-04-28,4.15,"Wayward Servant, Lord of the Accursed, Festering Mummy, Miasmic Mummy, Stir the Sands"
White and Blue Fliers Control,Deck Builder's Toolkit,Other,SOI,2016-04-08,9.66,"Dispel, Reflector Mage, Blighted Steppe, Angel of Renewal, Felidar Cub"
White and Colorless Equipment,Deck Builder's Toolkit,Other,SOI,2016-04-08,10.03,"Open the Armory, Kozilek's Channeler, Kor Scythemaster, True-Faith Censer, Stern Constable"
White and Green counters,Deck Builder's Toolkit,Other,SOI,2016-04-08,7.72,"Retreat to Kazandu, Blighted Woodland, Natural State, Expedition Envoy, Stasis Snare"
White-Green Aura,Deck Builder's Toolkit,Other,MBS,2011-03-11,33.08,"Hyena Umbra, Spider Umbra, Aura Gnarlid, Totem-Guide Hartebeest, Boar Umbra"
Wicked Big,Theme Deck,Other,MRD,2003-10-02,24.36,"Copper Myr, Journey of Discovery, Living Hive, Plated Slagwurm, Deconstruct"
Widowmaker - Advanced Deck,Advanced Deck,Other,EXO,1998-06-15,89.6,"Undiscovered Paradise, Living Death, Phyrexian Furnace, Underground River, Spirit of the Night"
Widowmaker - Basic Deck,Theme Deck,Other,EXO,1998-06-15,16.0,"Null Brooch, Dark Ritual, Counterspell, Forbid, Mana Leak"
Wild,Jumpstart,Other,MSH,2026-06-26,10.93,"Hit-Monkey, Mole Man, Moloid Master, Ka-Zar of the Savage Land, White Tiger, Amulet Keeper, Claim the Kingdom"
Wild Rush,Intro Pack,Other,M13,2012-07-13,29.21,"Fungal Sprouting, Arbor Elf, Rancor, Ranger's Path, Ring of Kalonia"
Wild Wizardry,Arena Promotional Deck,Other,MID,2021-09-24,9.98,"Alrund's Epiphany, Wizard Class, Prismari Command, Silundi Vision // Silundi Isle, Wizard's Spellbook"
Wild in Bloom,Secret Lair Drop,Other,SLD,2026-07-13,52.61,"Nissa, Resurgent Animist, Six, Tireless Provisioner, Ramunap Excavator, Titania, Protector of Argoth"
Wild-Eyed Frenzy,MTGO Theme Deck,Other,VIS,2006-04-10,13.44,"Goblin Recruiter, Fireblast, Mountain, Goblin Soothsayer, Mountain"
Wilds of Eldraine Bundle Land Pack,Bundle Land Pack,Other,WOE,2023-09-08,0.0,"Plains, Plains, Forest, Forest, Swamp"
Wilds of Eldraine Foil Redemption,MTGO Redemption,Other,WOE,2023-10-04,206.34,"Agatha's Soul Cauldron, Beseech the Mirror, Moonshaker Cavalry, Talion, the Kindly Lord, Eriette of the Charmed Apple"
Wilds of Eldraine Redemption,MTGO Redemption,Other,WOE,2023-10-04,206.34,"Agatha's Soul Cauldron, Beseech the Mirror, Moonshaker Cavalry, Talion, the Kindly Lord, Eriette of the Charmed Apple"
Will Of The Masses,Intro Pack,Other,M15,2014-07-18,8.85,"Hornet Queen, Triplicate Spirits, Wall of Mulch, Forest, Phytotitan"
Wing and Claw,Arena Starter Deck,Other,GRN,2018-11-17,42.55,"Nezahal, Primal Tide, Settle the Wreckage, Goring Ceratops, Glacial Fortress, Azor, the Lawbringer"
Winged Stallion,Shandalar Enemy Deck,Other,PAST,1997-04-01,84.01,"Dancing Scimitar, Howling Mine, Psionic Entity, Counterspell, Serra Angel"
Wings of Light,Theme Deck,Other,PS11,2011-01-01,0.0,"Plains, Plains, Plains, Plains, Angel of Mercy"
Wise (1),Jumpstart,Other,TLE,2025-11-20,9.58,"Waterbender's Restoration, Whirlwind Technique, Coastal Piracy, Consider, Island"
Wise (2),Jumpstart,Other,TLE,2025-11-20,8.96,"The Blue Spirit, Whirlwind Technique, Consider, Island, It'll Quench Ya!"
Witch,Shandalar Enemy Deck,Other,PAST,1997-04-01,76.85,"Greed, Nevinyrral's Disk, Will-o'-the-Wisp, Dark Ritual, Diabolic Machine"
Witch's Familiar,Secret Lair Drop,Other,SLD,2026-06-16,109.6,"Witch Enchanter // Witch-Blessed Meadow, Sheltered by Ghosts, Boseiju, Who Shelters All, Spirit of the Hearth, Wayfarer's Bauble"
Witch's Familiar Foil Edition,Secret Lair Drop,Other,SLD,2026-06-16,109.6,"Witch Enchanter // Witch-Blessed Meadow, Sheltered by Ghosts, Boseiju, Who Shelters All, Spirit of the Hearth, Wayfarer's Bauble"
Witchcraft (1),Jumpstart,Other,JMP,2020-07-17,4.82,"Cauldron Familiar, Witch of the Moors, Swamp, Swamp, Bloodhunter Bat"
Witchcraft (2),Jumpstart,Other,JMP,2020-07-17,1.72,"Witch of the Moors, Swamp, Swamp, Bloodhunter Bat, Tempting Witch"
Wizards,Jumpstart,Other,FDN,2024-11-15,0.0,"Clinquant Skymage, Mischievous Mystic, Arcane Epiphany, Quick Study, Island"
Wizards (1),Jumpstart,Other,JMP,2020-07-17,0.0,"Talrand, Sky Summoner, Opt, Shipwreck Dowser, Frost Breath, Thriving Isle"
Wizards (2),Jumpstart,Other,J25,2024-11-07,0.0,"Faerie Seer, Naban, Dean of Iteration, Aether Channeler, Remand, Island"
Wizards (3),Jumpstart,Other,JMP,2020-07-17,0.0,"Talrand, Sky Summoner, Unsubstantiate, Capture Sphere, Opt, Shipwreck Dowser"
Wizards (4),Jumpstart,Other,JMP,2020-07-17,0.0,"Shipwreck Dowser, Barrin, Tolarian Archmage, Frost Breath, Rain of Revelation, Thriving Isle"
Wizards of the Street,Secret Lair Drop,Other,SLD,2022-12-19,72.46,"Spellseeker, Kess, Dissident Mage, Magus of the Wheel, Baral, Chief of Compliance"
Wizards of the Street Foil Edition,Secret Lair Drop,Other,SLD,2022-12-19,72.46,"Spellseeker, Kess, Dissident Mage, Magus of the Wheel, Baral, Chief of Compliance"
Wolfgang Eder - Goblin Bidding,World Championship Deck,Other,WC03,2003-08-06,83.38,"Goblin Sharpshooter, Bloodstained Mire, City of Brass, Smother, Goblin Piledriver"
Wolves 1,Jumpstart,Other,J22,2022-12-02,0.0,"Arlinn, Voice of the Pack, Wicked Wolf, Mild-Mannered Librarian, Spectral Hunt-Caller, Packsong Pup"
Wolves 2,Jumpstart,Other,J22,2022-12-02,2.52,"Master of the Wild Hunt, Arlinn, Voice of the Pack, Moonlight Hunt, Mild-Mannered Librarian, Spectral Hunt-Caller"
Wolves 3,Jumpstart,Other,J22,2022-12-02,0.0,"Feed the Pack, Arlinn, Voice of the Pack, Kessig Cagebreakers, Mild-Mannered Librarian, Spectral Hunt-Caller"
Wolves 4,Jumpstart,Other,J22,2022-12-02,0.0,"Nightpack Ambusher, Arlinn, Voice of the Pack, Mild-Mannered Librarian, Spectral Hunt-Caller, Wolfwillow Haven"
Woodland Warriors,Duel Deck,Other,DDU,2018-04-06,25.91,"Ezuri, Renegade Leader, Regal Force, Yeva, Nature's Herald, Elvish Mystic, Oran-Rief, the Vastwood"
World Aflame,Theme Deck,Other,9ED,2005-07-29,27.91,"Magnivore, Dancing Scimitar, Mountain, Stone Rain, Mountain"
Worldwake Foil Redemption,MTGO Redemption,Other,WWK,2010-03-07,1262.9,"Jace, the Mind Sculptor, Eye of Ugin, Amulet of Vigor, Stoneforge Mystic, Bojuka Bog"
Worldwake Redemption,MTGO Redemption,Other,WWK,2010-03-07,1262.9,"Jace, the Mind Sculptor, Eye of Ugin, Amulet of Vigor, Stoneforge Mystic, Bojuka Bog"
Wrack and Rage,Event Deck,Other,RTR,2012-10-26,36.2,"Rakdos Charm, Dragonskull Summit, Stromkirk Noble, Mizzium Mortars, Devil's Play"
Wrath of Mages,Arena Starter Deck,Other,M19,2018-09-27,13.02,"Banefire, River's Rebuke, Sulfur Falls, Lightning Strike, Guttersnipe"
Wrath of the Mortals,Event Deck,Other,JOU,2014-05-23,15.52,"Searing Blood, Guttersnipe, Mizzium Mortars, Young Pyromancer, Ogre Battledriver"
Wu Kingdom,Theme Deck,Other,PTK,1999-05-01,169.44,"Sun Quan, Lord of Wu, Lu Xun, Scholar General, Exhaustion, Island, Wu Longbowman"
Year of the Rat,Secret Lair Drop,Other,SLD,2020-01-07,80.85,"Marrow-Gnawer, Rat Colony, Ink-Eyes, Servant of Oni, Pack Rat"
Young Avengers,Jumpstart,Other,MSH,2026-06-26,2.02,"Hulkling, Young Avenger, Hawkeye, Young Avenger, Hawkeye's Bow, Iron Lad, Young Avenger, Crossover Collaboration"
Zakk's First Deck,Intro Pack,Other,RQS,1996-06-10,0.0,"Forest, Forest, Forest, Plains, Plains"
Zakk's Second Deck,Intro Pack,Other,ITP,1996-12-31,101.72,"War Mammoth, Elvish Archers, Wall of Bone, Dark Ritual, Swamp"
Zealots (1),Jumpstart,Other,J25,2024-11-07,0.0,"Zealous Conscripts, Fling, Thriving Bluff, Brute Strength, Bloodlust Inciter"
Zealots (2),Jumpstart,Other,J25,2024-11-07,0.0,"Sandstorm Crasher, Fling, Thriving Bluff, Bloodlust Inciter, Pathmaker Initiate"
Zealots (3),Jumpstart,Other,J25,2024-11-07,0.0,"Combat Celebrant, Fling, Thriving Bluff, Bloodlust Inciter, Shock"
Zealots (4),Jumpstart,Other,J25,2024-11-07,0.0,"Sandstorm Crasher, Minotaur Sureshot, Zealous Conscripts, Fling, Thriving Bluff"
Zendikar,Duel Deck,Other,DDP,2015-08-28,3.45,"Avenger of Zendikar, Scute Mob, Territorial Baloth, Groundswell, Plains"
Zendikar Fat Pack Land Pack,Bundle Land Pack,Other,ZEN,2009-10-02,171.2,"Island, Forest, Mountain, Forest, Plains"
Zendikar Foil Redemption,MTGO Redemption,Other,ZEN,2009-11-01,2128.2,"Mindbreak Trap, Scalding Tarn, Iona, Shield of Emeria, Misty Rainforest, Verdant Catacombs"
Zendikar Redemption,MTGO Redemption,Other,ZEN,2009-11-01,2128.2,"Mindbreak Trap, Scalding Tarn, Iona, Shield of Emeria, Misty Rainforest, Verdant Catacombs"
Zendikar Rising Bundle Land Pack,Bundle Land Pack,Other,ZNR,2020-09-25,2.6,"Swamp, Swamp, Mountain, Mountain, Plains"
Zendikar Rising Foil Redemption,MTGO Redemption,Other,ZNR,2020-10-25,303.25,"Sea Gate Restoration // Sea Gate, Reborn, Agadeem's Awakening // Agadeem, the Undercrypt, Ashaya, Soul of the Wild, Valakut Awakening // Valakut Stoneforge, Malakir Rebirth // Malakir Mire"
Zendikar Rising Redemption,MTGO Redemption,Other,ZNR,2020-10-25,303.25,"Sea Gate Restoration // Sea Gate, Reborn, Agadeem's Awakening // Agadeem, the Undercrypt, Ashaya, Soul of the Wild, Valakut Awakening // Valakut Stoneforge, Malakir Rebirth // Malakir Mire"
Zendikar Rising Welcome Booster,Welcome Booster,Other,ZNR,2020-09-25,6.14,"Demon of Loathing, Forest, Vraska the Unseen, Bruna, Light of Alabaster, Commander's Sphere"
Zendikar's Rage,Intro Pack,Other,BFZ,2015-10-02,18.65,"Tunneling Geopede, Retreat to Kazandu, Blighted Woodland, Sylvan Scrying, Oran-Rief Hydra"
Zombie Empire,Planechase Deck,Other,HOP,2009-09-04,118.94,"Cabal Coffers, Grave Pact, Undead Warchief, Beseech the Queen, Noxious Ghoul"
Zombies,Deck Builder's Toolkit,Other,M13,2012-07-13,7.11,"Diregraf Captain, Black Cat, Veilborn Ghoul, Armored Skaab, Skaab Goliath"
Zombies 1,Jumpstart,Other,J22,2022-12-02,3.03,"Gravecrawler, Mire Triton, Necromancer's Stockpile, Lord of the Accursed, Cemetery Recruitment"
Zombies 2,Jumpstart,Other,J22,2022-12-02,0.0,"Liliana, Death's Majesty, Stitcher's Supplier, Lord of the Accursed, Cemetery Recruitment, Deadly Plot"
Zombies 3,Jumpstart,Other,J22,2022-12-02,5.58,"Endless Ranks of the Dead, Graf Harvest, Mire Triton, Lord of the Accursed, Cemetery Recruitment"
Zombies 4,Jumpstart,Other,J22,2022-12-02,0.0,"Liliana's Mastery, Undead Augur, Lord of the Accursed, Cemetery Recruitment, Deadly Plot"
Zombies Unleashed,Theme Deck,Other,LGN,2003-02-03,536.32,"Graveborn Muse, Withered Wretch, Soulless One, Noxious Ghoul, Shepherd of Rot"
Zuko,Jumpstart,Other,TLE,2025-11-20,18.8,"Zuko, Firebending Master, Lost in Memories, Frantic Confrontation, Fists of Flame, Thriving Bluff"
explosion sounds,Secret Lair Drop,Other,SLD,2019-12-07,74.0,"Goblin Sharpshooter, Goblin Lackey, Goblin King, Goblin Piledriver, Goblin Bushwhacker"
sAnS mERcY,Secret Lair Drop,Other,SLD,2024-05-30,86.96,"Torment of Hailfire, Mogis, God of Slaughter, Ruination, Massacre, Doom Blade"
sAnS mERcY Foil Edition,Secret Lair Drop,Other,SLD,2024-05-30,86.96,"Torment of Hailfire, Mogis, God of Slaughter, Ruination, Massacre, Doom Blade"
vroooOOOMMMMMM!,Secret Lair Drop,Other,SLD,2025-05-13,68.71,"Underworld Breach, Mishra's Bauble, Lava Dart, Monastery Swiftspear, Soul-Scar Mage"
vroooOOOMMMMMM! Foil Edition,Secret Lair Drop,Other,SLD,2025-05-13,68.71,"Underworld Breach, Mishra's Bauble, Lava Dart, Monastery Swiftspear, Soul-Scar Mage"
vroooOOOMMMMMM! Raised Foil Edition,Secret Lair Drop,Other,SLD,2025-05-13,148.62,"Underworld Breach, Mishra's Bauble, Lava Dart, Monastery Swiftspear, Soul-Scar Mage"
