Deck Name,Deck Type,Category,Set Code,Release Date,Total Value,Top 5 Cards
20 Ways to Win,Commander Deck,Commander,SLD,2024-12-04,414.14,"Revel in Riches, Sol Ring, Heliod, Sun-Crowned, Seedborn Muse, Reflecting Pool"
Abzan Armor,Commander Deck,Commander,TDC,2025-04-11,63.81,"Seedborn Muse, Canopy Gargantuan, Will of the Abzan, Overgrown Farmland, Staff of Compleation"
Adaptive Enchantment,Commander Deck,Commander,C18,2018-08-10,46.47,"Bear Umbra, Nylea's Colossus, Myth Unbound, Tuvasa the Sunlit, Herald of the Pantheon"
Ahoy Mateys,Commander Deck,Commander,LCC,2023-11-17,60.69,"Black Market Connections, Herald's Horn, Vanquisher's Banner, Shared Animosity, Windfall"
Angels: They're Just Like Us but Cooler and with Wings,Commander Deck,Commander,SLD,2023-08-14,569.64,"Archangel of Thune, Bruna, the Fading Light // Brisela, Voice of Nightmares, Commander's Plate, Nykthos, Shrine to Nyx, Serra Ascendant"
Animated Army,Commander Deck,Commander,BLC,2024-08-02,72.7,"Alchemist's Talent, Rain of Riches, Lotus Cobra, Reliquary Tower, Kodama of the East Tree"
Arcane Maelstrom,Commander Deck,Commander,C20,2020-04-17,117.48,"Deflecting Swat, Twinning Staff, Lightning Greaves, Wilderness Reclamation, Crop Rotation"
Arcane Wizardry,Commander Deck,Commander,C17,2017-08-25,51.04,"Kindred Dominance, Polymorphist's Jest, Kess, Dissident Mage, Curse of Opulence, Comet Storm"
Arm for Battle,Commander Deck,Commander,CMR,2020-11-20,90.25,"Sigarda's Aid, Blazing Sunsteel, Boros Charm, Swiftfoot Boots, Relentless Assault"
Aura of Courage,Commander Deck,Commander,AFC,2021-07-23,103.62,"Heroic Intervention, Robe of Stars, Mantle of the Ancients, Winged Boots, Sword of the Animist"
Avengers Assemble,Commander Deck,Commander,MSC,2026-06-26,166.21,"Black Widow, Agile Avenger, Plaza of Heroes, Raise the Palisade, Hulkbuster Armor, Kindred Discovery"
Avengers Assemble Collector's Edition,Commander Deck,Commander,MSC,2026-06-26,177.06,"Black Widow, Agile Avenger, Captain America, Living Legend, Plaza of Heroes, Raise the Palisade, Hulkbuster Armor"
Bedecked Brokers,Commander Deck,Commander,NCC,2022-04-29,76.02,"Power Conduit, Damning Verdict, Agent's Toolkit, Gavony Township, Rishkar's Expertise"
Blame Game,Commander Deck,Commander,MKC,2024-02-09,129.13,"Trouble in Pairs, Smuggler's Share, Loran of the Third Path, Ghostly Prison, Gisela, Blade of Goldnight"
Blast from the Past,Commander Deck,Commander,WHO,2023-10-13,158.76,"Heroic Intervention, Displaced Dinosaurs, Talisman of Unity, Three Visits, Sonic Screwdriver"
Blight Curse,Commander Deck,Commander,ECC,2026-01-23,19.31,"Chimil, the Inner Sun, Evolution Sage, Tree of Perdition, Vraska, Betrayal's Sting, Sol Ring"
Blood Rites,Commander Deck,Commander,LCC,2023-11-17,121.22,"Exquisite Blood, Charismatic Conqueror, Blade of the Bloodchief, Carmen, Cruel Skymarcher, Elenda, the Dusk Rose"
Braaains,Historic Brawl Precon Deck,Commander,MOM,2024-07-08,168.65,"Bojuka Bog, Coldsteel Heart, Vanquisher's Banner, Gempalm Polluter, Death Baron"
Breed Lethality,Commander Deck,Commander,CM2,2018-06-08,90.63,"Reyhan, Last of the Abzan, Cauldron of Souls, Cathars' Crusade, Ishai, Ojutai Dragonspeaker, Brave the Sands"
Buckle Up,Commander Deck,Commander,NEC,2022-02-18,55.72,"Imposter Mech, Shorikai, Genesis Engine, Cyberdrive Awakener, Swift Reconfiguration, Drumbellower"
Built From Scratch,Commander Deck,Commander,CM2,2018-06-08,95.87,"Goblin Welder, Ruby Medallion, Wurmcoil Engine, Reliquary Tower, Arcane Lighthouse"
Cabaretti Cacophony,Commander Deck,Commander,NCC,2022-04-29,125.96,"Seize the Spotlight, Master of Ceremonies, Life of the Party, Scute Swarm, Call the Coppercoats"
Call for Backup,Commander Deck,Commander,MOC,2023-04-21,86.96,"Uncivil Unrest, Strionic Resonator, Kalonian Hydra, Shalai and Hallar, Gavony Township"
Call the Spirits,Commander Deck,Commander,C15,2015-11-13,72.72,"Karlov of the Ghost Council, Aura of Silence, Thief of Blood, Necromancer's Covenant, Black Market"
Calling All Angels,Commander Deck,Commander,FDC,2026-10-02,33.95,"Norn's Choirmaster, Archangel of Tithes, Starnheim Aspirant, Exemplar of Light, Vanquisher's Banner"
Cavalry Charge,Commander Deck,Commander,MOC,2023-04-21,71.54,"Chivalric Alliance, Vanquisher's Banner, Herald's Horn, Herald of Hoofbeats, Knight Exemplar"
Chaos Incarnate,Commander Deck,Commander,SCD,2022-12-02,24.43,"Lightning Greaves, Nihil Spellbomb, Soul Shatter, Talisman of Indulgence, Sol Ring"
Collateral Damage,Historic Brawl Precon Deck,Commander,MOM,2024-07-08,63.67,"Coldsteel Heart, Bloodghast, Zulaport Cutthroat, Hangarback Walker, Blood Artist"
Corrupting Influence,Commander Deck,Commander,ONC,2023-02-10,125.29,"Glistening Sphere, Phyresis Outbreak, Norn's Choirmaster, Contaminant Grafter, Norn's Decree"
Counter Blitz (FINAL FANTASY X),Commander Deck,Commander,FIC,2025-06-13,225.76,"Sphere Grid, Walking Ballista, Three Visits, Damning Verdict, Farewell"
Counter Blitz Collector's Edition (FINAL FANTASY X),Commander Deck,Commander,FIC,2025-06-13,229.44,"Sphere Grid, Walking Ballista, Three Visits, Damning Verdict, Farewell"
Counter Intelligence,Commander Deck,Commander,EOC,2025-08-01,34.31,"Swan Song, Ripples of Potential, Great Furnace, Karn's Bastion, Phyrexian Metamorph"
Counterpunch,Commander Deck,Commander,CMD,2011-06-17,94.09,"Aura Shards, Attrition, Alliance of Arms, Skullclamp, Acorn Catapult"
Coven Counters,Commander Deck,Commander,MIC,2021-09-24,30.2,"Moonsilver Key, Champion of Lambholt, Herald of War, Gyre Sage, Swiftfoot Boots"
Creative Energy,Commander Deck,Commander,M3C,2024-06-14,112.56,"Akroma's Will, Goldspan Dragon, Professional Face-Breaker, Farewell, Mystic Gate"
Creative Energy Collector's Edition,Commander Deck,Commander,M3C,2024-06-14,137.4,"Akroma's Will, Goldspan Dragon, Professional Face-Breaker, Farewell, Mystic Gate"
Dance of the Elements,Commander Deck,Commander,ECC,2026-01-23,33.05,"Springleaf Parade, Selvala, Heart of the Wilds, Abundant Countryside, Endurance, Return of the Wildspeaker"
Deadly Disguise,Commander Deck,Commander,MKC,2024-02-09,127.71,"Jeska's Will, Seedborn Muse, Beast Whisperer, Neheb, the Eternal, Toski, Bearer of Secrets"
Death Toll,Commander Deck,Commander,DSC,2024-09-27,60.71,"Reanimate, Whip of Erebos, Arachnogenesis, Vault of Whispers, Professor Onyx"
Deathdancer Xira,MTGO Commander Deck,Commander,TD0,2009-08-26,0.0,"Barren Moor, Darigaaz's Caldera, Forest, Forest, Forest"
Deep Clue Sea,Commander Deck,Commander,MKC,2024-02-09,108.0,"Bennie Bracks, Zoologist, Alandra, Sky Dreamer, Academy Manufactor, Adrix and Nev, Twincasters, Chulane, Teller of Tales"
Desert Bloom,Commander Deck,Commander,OTC,2024-04-19,78.88,"Ancient Greenwarden, Scute Swarm, Winding Way, World Shaper, Sand Scout"
Devour for Power,Commander Deck,Commander,CM2,2018-06-08,114.66,"Grave Pact, Riddlekeeper, Memory Erosion, Avatar of Woe, Damia, Sage of Stone"
Divine Convocation,Commander Deck,Commander,MOC,2023-04-21,73.58,"Nesting Dovehawk, The Locust God, Skullclamp, Suture Priest, Wand of the Worldsoul"
Doom Prevails,Commander Deck,Commander,MSC,2026-06-26,178.25,"Molecule Man, Loki's Scepter, Black Market Connections, Luxury Suite, Spark Double"
Doom Prevails Collector's Edition,Commander Deck,Commander,MSC,2026-06-26,185.1,"Molecule Man, Loki's Scepter, Black Market Connections, Luxury Suite, Spark Double"
Draconic Destruction,Commander Deck,Commander,SCD,2022-12-02,22.37,"Elemental Bond, Scourge of Valkas, Dragon Tempest, Vandalblast, Swiftfoot Boots"
Draconic Dissent,Commander Deck,Commander,CLB,2022-06-10,146.32,"Astral Dragon, Artificer Class, Bothersome Quasit, Baeloth Barrityl, Entertainer, Propaganda"
Draconic Domination,Commander Deck,Commander,C17,2017-08-25,110.73,"Utvara Hellkite, Kindred Discovery, Boneyard Scourge, Scion of the Ur-Dragon, Fist of Suns"
Draconic Rage,Commander Deck,Commander,AFC,2021-07-23,95.73,"Klauth, Unrivaled Ancient, Neverwinter Hydra, Wulfgar of Icewind Dale, Dragonborn Champion, Rishkar's Expertise"
Dungeons of Death,Commander Deck,Commander,AFC,2021-07-23,76.44,"Wand of Orcus, Minn, Wily Illusionist, Nimbus Maze, Baleful Strix, Lightning Greaves"
Eldrazi Incursion,Commander Deck,Commander,M3C,2024-06-14,353.22,"Eldrazi Confluence, Eldritch Immunity, Eldrazi Monument, Spawnbed Protector, Herald's Horn"
Eldrazi Incursion Collector's Edition,Commander Deck,Commander,M3C,2024-06-14,393.99,"Eldrazi Confluence, Glaring Fleshraker, Eldritch Immunity, Azlask, the Swelling Scourge, Eldrazi Monument"
Eldrazi Unbound,Commander Deck,Commander,CMM,2023-08-04,237.12,"Rise of the Eldrazi, Darksteel Monolith, It That Betrays, Flayer of Loyalties, Skittering Cicada"
Elven Council,Commander Deck,Commander,LTC,2023-06-23,90.32,"Heroic Intervention, Raise the Palisade, Swan Song, Asceticism, Galadhrim Ambush"
Elven Empire,Commander Deck,Commander,KHC,2021-02-05,86.2,"Wolverine Riders, Beast Whisperer, Elvish Promenade, Elderfang Venom, Elven Ambush"
Enchantress Rubinia,MTGO Commander Deck,Commander,TD0,2009-08-26,0.0,"Azorius Chancery, Bant Panorama, Coastal Tower, Elfhame Palace, Forest"
Endless Punishment,Commander Deck,Commander,DSC,2024-09-27,167.33,"Witch's Clinic, Persistent Constrictor, The Lord of Pain, Kederekt Parasite, Gleeful Arsonist"
Enduring Enchantments,Commander Deck,Commander,CMM,2023-08-04,147.12,"Starfield of Nyx, Narci, Fable Singer, Ondu Spiritdancer, Dryad of the Ilysian Grove, Mirari's Wake"
Enhanced Evolution,Commander Deck,Commander,C20,2020-04-17,90.94,"Deadly Rollick, Silent Arbiter, Beast Whisperer, Tidal Barracuda, Propaganda"
Entropic Uprising,Commander Deck,Commander,C16,2016-11-11,155.61,"Burgeoning, Thrasios, Triton Hero, Chain of Vapor, Waste Not, Cruel Entertainment"
Eternal Bargain,Commander Deck,Commander,C13,2013-11-01,51.72,"Crawlspace, Toxic Deluge, Lim-Dûl's Vault, Sanguine Bond, Swiftfoot Boots"
Eternal Might,Commander Deck,Commander,DRC,2025-02-14,24.44,"Renewed Solidarity, Bontu's Monument, The Scarab God, Damn, Maskwood Nexus"
Evasive Maneuvers,Commander Deck,Commander,CMA,2017-06-09,66.19,"Thousand-Year Elixir, Basalt Monolith, Borrowing 100,000 Arrows, Surveyor's Scope, Conjurer's Closet"
Everyone's Invited!,Commander Deck,Commander,SLD,2025-05-12,397.85,"Maskwood Nexus, Bitterblossom, Sol Ring, Raise the Palisade, Rin and Seri, Inseparable"
Exit from Exile,Commander Deck,Commander,CLB,2022-06-10,133.24,"Jeska's Will, Passionate Archaeologist, Delayed Blast Fireball, Nalfeshnee, Wild-Magic Sorcerer"
Explorers of the Deep,Commander Deck,Commander,LCC,2023-11-17,62.59,"Branching Evolution, Herald of Secret Streams, Kindred Discovery, Ripples of Potential, Reliquary Tower"
Exquisite Invention,Commander Deck,Commander,C18,2018-08-10,51.39,"Unwinding Clock, Varchild, Betrayer of Kjeldor, Great Furnace, Mirrorworks, Swiftfoot Boots"
Faceless Menace,Commander Deck,Commander,C19,2019-08-23,76.76,"Seedborn Muse, Apex Altisaur, Sudden Substitution, Strionic Resonator, Gift of Doom"
Fae Dominion,Commander Deck,Commander,WOC,2023-09-08,143.11,"Alela, Cunning Conqueror, Archmage of Echoes, Misleading Signpost, Glen Elendra Archmage, Scion of Oona"
Faerie Schemes,Brawl Deck,Commander,ELD,2019-10-04,171.41,"Emergence Zone, Smothering Tithe, Watery Grave, Sephara, Sky's Blade, Massacre Girl"
Family Matters,Commander Deck,Commander,BLC,2024-08-02,38.09,"Agate Instigator, Helm of the Host, Pollywog Prodigy, Jacked Rabbit, Sol Ring"
Feline Ferocity,Commander Deck,Commander,C17,2017-08-25,111.58,"Hammer of Nazahn, Qasali Slingers, Traverse the Outlands, Skullclamp, Hungry Lynx"
First Flight,Commander Deck,Commander,SCD,2022-12-02,20.29,"True Conviction, Sephara, Sky's Blade, Counterspell, Thought Vessel, Sol Ring"
Flashy Fliers,Historic Brawl Precon Deck,Commander,MOM,2024-07-08,62.44,"Coldsteel Heart, Cavalier of Gales, Lyra Dawnbringer, Watcher of the Spheres, Faerie Seer"
Food and Fellowship,Commander Deck,Commander,LTC,2023-06-23,76.88,"Birds of Paradise, Essence Warden, The Gaffer, Toxic Deluge, Sanguine Bond"
Forces of the Imperium,Commander Deck,Commander,40K,2022-10-07,206.37,"Celestine, the Living Saint, Reaver Titan, Commissar Severina Raine, Thunderhawk Gunship, Vexilus Praetor"
Forces of the Imperium Collector's Edition,Commander Deck,Commander,40K,2022-10-07,599.84,"Marneus Calgar, Celestine, the Living Saint, Vexilus Praetor, Commissar Severina Raine, Reaver Titan"
Forged In Stone,Commander Deck,Commander,C14,2014-11-07,87.55,"Grand Abolisher, Cathars' Crusade, Skullclamp, Pearl Medallion, Emeria, the Sky Ruin"
From Cute to Brute,Commander Deck,Commander,SLD,2023-05-08,334.2,"Nicol Bolas, the Ravager // Nicol Bolas, the Arisen, Westvale Abbey // Ormendahl, Profane Prince, Archangel Avacyn // Avacyn, the Purifier, Bloodline Keeper // Lord of Lineage, Valakut Awakening // Valakut Stoneforge"
Goblin Storm,Commander Deck,Commander,SLD,2026-05-18,494.42,"Roaming Throne, Sol Ring, Krenko, Mob Boss, Skullclamp, Throne of Eldraine"
Grand Larceny,Commander Deck,Commander,OTC,2024-04-19,144.37,"Brainstealer Dragon, Orochi Soul-Reaver, Three Visits, Tower Winder, Ohran Frostfang"
Grave Danger,Commander Deck,Commander,SCD,2022-12-02,10.68,"Gray Merchant of Asphodel, Sol Ring, Talisman of Dominance, Army of the Damned, Undermine"
Graveyard Overdrive,Commander Deck,Commander,M3C,2024-06-14,166.4,"The Reaver Cleaver, Selvala, Heart of the Wilds, Barrowgoyf, Archon of Cruelty, Chandra's Ignition"
Graveyard Overdrive Collector's Edition,Commander Deck,Commander,M3C,2024-06-14,252.65,"Barrowgoyf, The Reaver Cleaver, Selvala, Heart of the Wilds, Archon of Cruelty, Pyrogoyf"
Growing Threat,Commander Deck,Commander,MOC,2023-04-21,60.47,"Filigree Vector, Bitterthorn, Nissa's Animus, Massacre Wurm, Karn's Bastion, Vault of the Archangel"
Guided By Nature,Commander Deck,Commander,C14,2014-11-07,125.15,"Ezuri, Renegade Leader, Joraga Warcaller, Grave Sifter, Essence Warden, Sylvan Safekeeper"
Guided by Nature,Commander Deck,Commander,CMA,2017-06-09,132.12,"Ezuri, Renegade Leader, Joraga Warcaller, Grave Sifter, Sylvan Safekeeper, Crystal Vein"
"Hail, Caesar",Commander Deck,Commander,PIP,2024-03-08,242.27,"Pitiless Plunderer, Skullclamp, Talisman of Indulgence, Tainted Peak, Wear // Tear"
Hatsune Miku,Commander Deck,Commander,SLD,2026-08-10,299.61,"Finale of Devastation, Archangel of Thune, Vorinclex, Voice of Hunger, Soul Warden, Aetherflux Reservoir"
"Heads I Win, Tails You Lose",Commander Deck,Commander,SLD,2022-04-22,470.74,"Commander's Plate, Propaganda // Propaganda, Shadowspear, Krark's Thumb // Krark's Thumb, Inventors' Fair"
Heavenly Inferno,Commander Deck,Commander,CMA,2017-06-09,79.02,"Pyrohemia, Mother of Runes, Stranglehold, Angelic Arbiter, Lightning Greaves"
Invent Superiority,Commander Deck,Commander,C16,2016-11-11,73.21,"Silas Renn, Seeker Adept, Curse of Vengeance, Skullclamp, Bruse Tarl, Boorish Herder, Akiri, Line-Slinger"
Jeskai Striker,Commander Deck,Commander,TDC,2025-04-11,52.17,"Ghostly Prison, Reliquary Tower, Will of the Jeskai, Curse of Opulence, Ponder"
Jump Scare!,Commander Deck,Commander,DSC,2024-09-27,76.15,"Ashaya, Soul of the Wild, Giggling Skitterspike, Aesi, Tyrant of Gyre Strait, Scute Swarm, Reliquary Tower"
Keen Engineering,Commander Deck,Commander,FDC,2026-10-02,33.95,"Misleading Signpost, Scrawling Crawler, Forsaken Monument, Vedalken Archmage, All Is Dust"
Knights' Charge,Brawl Deck,Commander,ELD,2019-10-04,48.5,"Godless Shrine, Colossus Hammer, Knight of the Ebon Legion, Skyknight Vanguard, Corpse Knight"
Land's Wrath,Commander Deck,Commander,ZNC,2020-09-25,17.65,"Emeria Shepherd, Evolution Sage, Return of the Wildspeaker, Sol Ring, Kodama's Reach"
Legends' Legacy,Commander Deck,Commander,DMC,2022-09-09,149.98,"The Reaver Cleaver, Shizo, Death's Storehouse, Cadric, Soul Kindler, Oketra's Monument, Mikokoro, Center of the Sea"
Lightly Armored,Historic Brawl Precon Deck,Commander,MOM,2024-07-08,214.81,"Mirari's Wake, Ancestral Mask, Coldsteel Heart, Celestial Mantle, Thran Power Suit"
Limit Break (FINAL FANTASY VII),Commander Deck,Commander,FIC,2025-06-13,295.31,"Clever Concealment, Skullclamp, Secret Rendezvous, Lightning Greaves, Arcane Signet"
Limit Break Collector's Edition (FINAL FANTASY VII),Commander Deck,Commander,FIC,2025-06-13,317.47,"Clever Concealment, Skullclamp, Secret Rendezvous, Lightning Greaves, Arcane Signet"
Living Energy,Commander Deck,Commander,DRC,2025-02-14,26.75,"Panharmonicon, Academy Ruins, Lightning Greaves, Conjurer's Closet, Stridehangar Automaton"
Lorehold Legacies,Commander Deck,Commander,C21,2021-04-23,65.18,"Thousand-Year Elixir, Boros Charm, Hellkite Tyrant, Great Furnace, Monologue Tax"
Lorehold Spirit,Commander Deck,Commander,SOC,2026-04-24,50.25,"Moonshaker Cavalry, Emeria, the Sky Ruin, Turbulent Steppe, Bitterthorn, Nissa's Animus, Patchwork Banner"
Maestros Massacre,Commander Deck,Commander,NCC,2022-04-29,70.21,"Twinning Staff, Make an Example, Lightning Greaves, Kess, Dissident Mage, Rakdos Signet"
Mardu Surge,Commander Deck,Commander,TDC,2025-04-11,54.14,"Goldlust Triad, Will of the Mardu, Skullclamp, Lightning Greaves, Grand Crescendo"
Merciless Rage,Commander Deck,Commander,C19,2019-08-23,54.58,"Bone Miser, Sanctum of Eternity, Curse of Fool's Wisdom, In Garruk's Wake, Magus of the Wheel"
Mind Flayarrrs,Commander Deck,Commander,CLB,2022-06-10,148.6,"Zellix, Sanity Flayer, Mindcrank, Brainstealer Dragon, Spellskite, Aboleth Spawn"
Mind Seize,Commander Deck,Commander,C13,2013-11-01,62.43,"Prosperity, Jace's Archivist, Sudden Spoiling, Temple Bell, Baleful Strix"
Miracle Worker,Commander Deck,Commander,DSC,2024-09-27,81.68,"Hall of Heliod's Generosity, Ondu Spiritdancer, Ancient Cellarspawn, Metamorphosis Fanatic, Inkshield"
Mirror Mastery,Commander Deck,Commander,CMD,2011-06-17,93.45,"Animar, Soul of Elements, Homeward Path, Collective Voyage, Magus of the Vineyard, Ruination"
Mishra's Burnished Banner,Commander Deck,Commander,BRC,2022-11-18,123.52,"Great Furnace, Nihil Spellbomb, Machine God's Effigy, Strionic Resonator, Lithoform Engine"
Most Wanted,Commander Deck,Commander,OTC,2024-04-19,124.0,"Seize the Spotlight, Command Beacon, Academy Manufactor, Rain of Riches, Mari, the Killing Quill"
Multiverse Reforged,Commander Deck,Commander,FRC,2026-10-02,60.56,"Avacyn, Angel of Horror, Niv-Mizzet, Ghost Counsel, Flawless Maneuver, Reflecting Pool, Darksteel Angel"
Mutant Menace,Commander Deck,Commander,PIP,2024-03-08,342.86,"Infesting Radroach, Power Fist, Guardian Project, Rampaging Yao Guai, Atomize"
Mystic Intellect,Commander Deck,Commander,C19,2019-08-23,44.58,"Dockside Extortionist, Prismatic Strands, Ghostly Prison, Wall of Stolen Identity, Clever Impersonator"
Nature of the Beast,Commander Deck,Commander,C13,2013-11-01,46.85,"Homeward Path, Boros Charm, Tempt with Discovery, Wrath of God, Swiftfoot Boots"
Nature's Vengeance,Commander Deck,Commander,C18,2018-08-10,20.57,"Fury Storm, Thantis, the Warweaver, Sol Ring, Retreat to Hagra, Xantcha, Sleeper Agent"
Necron Dynasties,Commander Deck,Commander,40K,2022-10-07,247.03,"Cryptothrall, Sceptre of Eternal Glory, Resurrection Orb, Darkness, Canoptek Spyder"
Necron Dynasties Collector's Edition,Commander Deck,Commander,40K,2022-10-07,635.12,"Sceptre of Eternal Glory, Cryptothrall, Imotekh the Stormlord, Canoptek Spyder, Resurrection Orb"
Obscura Operation,Commander Deck,Commander,NCC,2022-04-29,90.44,"Change of Plans, Smuggler's Share, Tivit, Seller of Secrets, Strionic Resonator, Fallen Shinobi"
Open Hostility,Commander Deck,Commander,C16,2016-11-11,148.98,"Tymna the Weaver, Iroas, God of Victory, Breath of Fury, Ravos, Soultender, Boros Charm"
Painbow,Commander Deck,Commander,DMC,2022-09-09,66.98,"Tiller Engine, Two-Headed Hellkite, Baleful Strix, Fallaji Wayfarer, Surrak Dragonclaw"
Paradox Power,Commander Deck,Commander,WHO,2023-10-13,224.41,"Danny Pink, Quantum Misalignment, Talisman of Curiosity, Beast Within, Flaming Tyrannosaurus"
Party Time,Commander Deck,Commander,CLB,2022-06-10,112.16,"Black Market Connections, Mother of Runes, Grim Hireling, Deep Gnome Terramancer, Skullclamp"
Peace Offering,Commander Deck,Commander,BLC,2024-08-02,72.21,"Twenty-Toed Toad, Tempt with Bunnies, Kalonian Hydra, Loran of the Third Path, Reliquary Tower"
Peer Through Time,Commander Deck,Commander,C14,2014-11-07,72.42,"Cyclonic Rift, Sapphire Medallion, Breaching Leviathan, Thran Dynamo, Pongify"
Phantom Premonition,Commander Deck,Commander,KHC,2021-02-05,48.43,"Eerie Interlude, Ghostly Prison, Windfall, Cosmic Intervention, Spectral Deluge"
Planar Portal,Commander Deck,Commander,AFC,2021-07-23,85.95,"Grim Hireling, Reckless Endeavor, Karazikar, the Eye Tyrant, Wild-Magic Sorcerer, Disrupt Decorum"
Planeswalker Party,Commander Deck,Commander,CMM,2023-08-04,145.71,"Silent Arbiter, Teyo, Geometric Tactician, Onakke Oathkeeper, Chandra, Awakened Inferno, The Chain Veil"
Plunder the Graves,Commander Deck,Commander,C15,2015-11-13,70.44,"Pathbreaker Ibex, Eldrazi Monument, Skullclamp, Thief of Blood, Lightning Greaves"
Political Puppets,Commander Deck,Commander,CMD,2011-06-17,71.18,"Insurrection, Flusterstorm, Ghostly Prison, Propaganda, Howling Mine"
Power Hungry,Commander Deck,Commander,C13,2013-11-01,62.42,"Goblin Sharpshooter, Primal Vigor, Goblin Bombardment, Swiftfoot Boots, Khalni Garden"
Primal Genesis,Commander Deck,Commander,C19,2019-08-23,63.18,"Ohran Frostfang, Marisi, Breaker of the Coil, Elemental Bond, Lightning Greaves, Song of the Worldsoul"
Prismari Artistry,Commander Deck,Commander,SOC,2026-04-24,54.28,"Faerie Mastermind, Goldspan Dragon, Turbulent Springs, Lightning Greaves, Harmonic Prodigy"
Prismari Performance,Commander Deck,Commander,C21,2021-04-23,63.48,"Seething Song, Veyran, Voice of Duality, Reliquary Tower, Dualcaster Mage, Storm-Kiln Artist"
Quandrix Unlimited,Commander Deck,Commander,SOC,2026-04-24,47.47,"Ozolith, the Shattered Spire, Turbulent Wilderness, Three Visits, Reliquary Tower, Kami of Whispered Hopes"
Quantum Quandrix,Commander Deck,Commander,C21,2021-04-23,55.44,"Spawning Kraken, Ruxa, Patient Professor, Rapid Hybridization, Idol of Oblivion, Guardian Augmenter"
Quick Draw,Commander Deck,Commander,OTC,2024-04-19,105.53,"Mizzix's Mastery, Winged Boots, Windfall, Arcane Bombardment, Niv-Mizzet, Parun"
Raining Cats and Dogs,Commander Deck,Commander,SLD,2024-01-22,419.69,"Anointed Procession // Anointed Procession, Sol Ring // Sol Ring, Jetmir, Nexus of Revels // Jetmir, Nexus of Revels, Lurking Predators, Jinnie Fay, Jetmir's Second // Jinnie Fay, Jetmir's Second"
Reap the Tides,Commander Deck,Commander,CMR,2020-11-20,48.02,"Nezahal, Primal Tide, Ramunap Excavator, Reliquary Tower, Swiftfoot Boots, Simic Charm"
Rebellion Rising,Commander Deck,Commander,ONC,2023-02-10,103.6,"Flawless Maneuver, Clever Concealment, Hexplate Wallbreaker, Otharri, Suns' Glory, Call the Coppercoats"
Reign of Dragons,Commander Deck,Commander,FDC,2026-10-02,38.09,"Utvara Hellkite, Chandra's Ignition, Goldlust Triad, Basilisk Collar, Breath Weapon"
Revenant Recon,Commander Deck,Commander,MKC,2024-02-09,119.97,"Necromancy, Reanimate, Animate Dead, Rise of the Dark Realms, Baleful Strix"
Revival Trance (FINAL FANTASY VI),Commander Deck,Commander,FIC,2025-06-13,162.24,"Reanimate, Swiftfoot Boots, Arcane Signet, Rise of the Dark Realms, Gogo, Mysterious Mime"
Revival Trance Collector's Edition (FINAL FANTASY VI),Commander Deck,Commander,FIC,2025-06-13,173.99,"Reanimate, Swiftfoot Boots, Arcane Signet, Rise of the Dark Realms, Gogo, Mysterious Mime"
Riders of Rohan,Commander Deck,Commander,LTC,2023-06-23,63.48,"Gimli of the Glittering Caves, Vanquisher's Banner, Herald's Horn, Door of Destinies, Shared Animosity"
Riveteers Rampage,Commander Deck,Commander,NCC,2022-04-29,75.01,"Jolene, the Plunder Queen, Rain of Riches, World Shaper, Industrial Advancement, Life's Legacy"
Ruthless Regiment,Commander Deck,Commander,C20,2020-04-17,86.92,"Flawless Maneuver, Species Specialist, Molten Echoes, Call the Coppercoats, Skullclamp"
Savage Hunger,Brawl Deck,Commander,ELD,2019-10-04,68.51,"Evolution Sage, Stomping Ground, Rhythm of the Wild, Krenko, Tin Street Kingpin, Dreadhorde Invasion"
Science!,Commander Deck,Commander,PIP,2024-03-08,293.0,"Nuka-Cola Vending Machine, Lightning Greaves, Bottle-Cap Blast, Thought Vessel, Panharmonicon"
Scions & Spellcraft (FINAL FANTASY XIV),Commander Deck,Commander,FIC,2025-06-13,286.86,"Tataru Taru, Snuff Out, Relic of Legends, Authority of the Consuls, Champions from Beyond"
Scions & Spellcraft Collector's Edition (FINAL FANTASY XIV),Commander Deck,Commander,FIC,2025-06-13,306.24,"Tataru Taru, Snuff Out, Relic of Legends, Authority of the Consuls, Champions from Beyond"
Scrappy Survivors,Commander Deck,Commander,PIP,2024-03-08,293.72,"Codsworth, Handy Helper, Silver Shroud Costume, Heroic Intervention, Perception Bobblehead, Mantle of the Ancients"
Seize Control,Commander Deck,Commander,C15,2015-11-13,51.77,"Jace's Archivist, Mizzix's Mastery, Blatant Thievery, Windfall, Reliquary Tower"
Silverquill Influence,Commander Deck,Commander,SOC,2026-04-24,65.57,"Land Tax, Animate Dead, Turbulent Moor, Ghostly Prison, War Room"
Silverquill Statement,Commander Deck,Commander,C21,2021-04-23,87.31,"Stinging Study, Tempting Contract, Incarnation Technique, Ghostly Prison, Inkshield"
Sliver Swarm,Commander Deck,Commander,CMM,2023-08-04,175.65,"Sliver Hivelord, Hatchery Sliver, Lazotep Sliver, Fellwar Stone, Three Visits"
Smashing Stampede,Historic Brawl Precon Deck,Commander,MOM,2024-07-08,158.18,"The Great Henge, Surrak and Goreclaw, Coldsteel Heart, Elvish Mystic, Shivan Devastator"
Spirit Squadron,Commander Deck,Commander,VOC,2021-11-19,35.74,"Kami of the Crescent Moon, Ghostly Prison, Arcane Denial, Knight of the White Orchid, Sol Ring"
Squirreled Away,Commander Deck,Commander,BLC,2024-08-02,91.75,"Chatterfang, Squirrel General, Academy Manufactor, Toski, Bearer of Secrets, Beastmaster Ascension, Skullclamp"
Stalwart Unity,Commander Deck,Commander,C16,2016-11-11,181.09,"Lurking Predators, Homeward Path, Benefactor's Draught, Swan Song, Wave of Reckoning"
Subjective Reality,Commander Deck,Commander,C18,2018-08-10,31.8,"Silent-Blade Oni, Sower of Discord, Varina, Lich Queen, Yuriko, the Tiger's Shadow, Ponder"
Sultai Arisen,Commander Deck,Commander,TDC,2025-04-11,90.9,"Colossal Grave-Reaver, Command Beacon, Teval's Judgment, Jarad, Golgari Lich Lord, Living Death"
Swell the Host,Commander Deck,Commander,C15,2015-11-13,73.37,"Caller of the Claw, Command Beacon, Arachnogenesis, Beastmaster Ascension, Reliquary Tower"
Sworn To Darkness,Commander Deck,Commander,C14,2014-11-07,76.33,"Jet Medallion, Crypt Ghast, Sudden Spoiling, Arcane Lighthouse, Magus of the Coffers"
Symbiotic Swarm,Commander Deck,Commander,C20,2020-04-17,38.85,"Gavony Township, Karametra, God of Harvests, Slippery Bogbonder, Obscuring Haze, Titanoth Rex"
Temur Roar,Commander Deck,Commander,TDC,2025-04-11,67.58,"Ureni of the Unwritten, Elemental Bond, Hellkite Courser, Temur Ascendancy, Parapet Thrasher"
The Fantastic Four,Commander Deck,Commander,MSC,2026-06-26,143.33,"Crystal, Inhuman Princess, The Fantasticar, Galactus, Devourer of Worlds, Three Visits, Clever Concealment"
The Fantastic Four Collector's Edition,Commander Deck,Commander,MSC,2026-06-26,153.83,"Crystal, Inhuman Princess, The Fantasticar, Galactus, Devourer of Worlds, Three Visits, Clever Concealment"
The Hosts of Mordor,Commander Deck,Commander,LTC,2023-06-23,96.37,"Cavern-Hoard Dragon, Reanimate, Relic of Sauron, The Black Gate, Living Death"
The Ruinous Powers,Commander Deck,Commander,40K,2022-10-07,173.41,"Bloodthirster, Exalted Flamer of Tzeentch, Magnus the Red, Keeper of Secrets, Blood for the Blood God!"
The Ruinous Powers Collector's Edition,Commander Deck,Commander,40K,2022-10-07,527.74,"Bloodthirster, Exalted Flamer of Tzeentch, Magnus the Red, Be'lakor, the Dark Master, Nurgle's Rot"
Timeless Wisdom,Commander Deck,Commander,C20,2020-04-17,125.59,"Fierce Guardianship, Surly Badgersaur, Brallin, Skyshark Rider, The Locust God, Windfall"
Timey-Wimey,Commander Deck,Commander,WHO,2023-10-13,209.0,"Everybody Lives!, Dinosaurs on a Spaceship, Flesh Duplicate, Nanogene Conversion, Wedding Ring"
Tinker Time,Commander Deck,Commander,MOC,2023-04-21,51.13,"Academy Manufactor, Hedron Detonator, Pain Distributor, Curse of Opulence, Tireless Provisioner"
Token Triumph,Commander Deck,Commander,SCD,2022-12-02,13.98,"Champion of Lambholt, Idol of Oblivion, Sol Ring, Felidar Retreat, Eternal Witness"
Tramplesaurus Rex,Commander Deck,Commander,FDC,2026-10-02,58.21,"Birds of Paradise, Surrak and Goreclaw, Witch's Clinic, Arachnogenesis, Beast Whisperer"
Tricky Terrain,Commander Deck,Commander,M3C,2024-06-14,204.78,"Talon Gates of Madara, Yavimaya, Cradle of Growth, Dryad of the Ilysian Grove, Apex Devastator, Scute Swarm"
Tricky Terrain Collector's Edition,Commander Deck,Commander,M3C,2024-06-14,388.89,"Talon Gates of Madara, Planar Nexus, Lazotep Quarry, Yavimaya, Cradle of Growth, Horizon of Progress"
Turtle Power!,Commander Deck,Commander,TMC,2026-03-06,566.69,"Irma, Part-Time Mutant, City of Brass, Continue?, Endless Foot Assault, Coin of Mastery"
Tyranid Swarm,Commander Deck,Commander,40K,2022-10-07,165.13,"Ghyrson Starn, Kelermorph, Biophagus, Shadow in the Warp, Sporocyst, Nexos"
Tyranid Swarm Collector's Edition,Commander Deck,Commander,40K,2022-10-07,527.39,"Ghyrson Starn, Kelermorph, Biophagus, Shadow in the Warp, Magus Lucea Kane, Sporocyst"
Undead Unleashed,Commander Deck,Commander,MIC,2021-09-24,43.42,"Hordewing Skaab, Endless Ranks of the Dead, Diregraf Colossus, Death Baron, Cleaver Skaab"
Upgrades Unleashed,Commander Deck,Commander,NEC,2022-02-18,68.28,"Bear Umbra, Akki Battle Squad, Rhythm of the Wild, Rishkar's Expertise, Komainu Battle Armor"
Urza's Iron Alliance,Commander Deck,Commander,BRC,2022-11-18,92.46,"Baleful Strix, Relic of Progenitus, Skullclamp, Vault of Whispers, Preordain"
Vampiric Bloodline,Commander Deck,Commander,VOC,2021-11-19,56.1,"Molten Echoes, Shadowgrange Archfiend, Nirkana Revenant, Malakir Bloodwitch, Blood Artist"
Vampiric Bloodlust,Commander Deck,Commander,C17,2017-08-25,145.32,"Teferi's Protection, Kindred Charge, Blade of the Bloodchief, Sanguine Bond, Door of Destinies"
Veloci-Ramp-Tor,Commander Deck,Commander,LCC,2023-11-17,102.06,"Akroma's Will, Xenagos, God of Revels, Chandra's Ignition, Apex Altisaur, Wrathful Raptors"
Virtue and Valor,Commander Deck,Commander,WOC,2023-09-08,106.02,"Bear Umbra, Retether, Hall of Heliod's Generosity, Mantle of the Ancients, Rishkar's Expertise"
Wade into Battle,Commander Deck,Commander,CM2,2018-06-08,59.88,"Urza's Incubator, Gisela, Blade of Goldnight, Lightning Greaves, Basalt Monolith, Blade of Selves"
Wakanda Forever,Commander Deck,Commander,MSC,2026-06-26,118.89,"Birds of Paradise, Panther Robot, Helm of the Host, Hammer of Nazahn, Bast, Panther Goddess"
Wakanda Forever Collector's Edition,Commander Deck,Commander,MSC,2026-06-26,118.89,"Birds of Paradise, Panther Robot, Helm of the Host, Hammer of Nazahn, Bast, Panther Goddess"
Wild Bounty,Brawl Deck,Commander,ELD,2019-10-04,72.11,"Biomancer's Familiar, Hallowed Fountain, Circuitous Route, Risen Reef, Incubation Druid"
Witherbloom Pestilence,Commander Deck,Commander,SOC,2026-04-24,45.46,"Turbulent Fen, Ohran Frostfang, Stensian Sanguinist // Exsanguinate, Toxic Deluge, Blood Artist"
Witherbloom Witchcraft,Commander Deck,Commander,C21,2021-04-23,82.61,"Witch's Clinic, Alhammarret's Archive, Venser's Journal, Sanguine Bond, Well of Lost Dreams"
World Shaper,Commander Deck,Commander,EOC,2025-08-01,21.32,"Braids, Arisen Nightmare, Exploration Broodship, Nature's Lore, Horizon Explorer, Oracle of Mul Daya"
Wretched Ranks,Commander Deck,Commander,FDC,2026-10-02,38.77,"Graveborn Muse, Ayara, First of Locthwain, Undead Warchief, Noxious Ghoul, Lord of the Undead"
2014 Full Art Land Set,Box Set,Other,J14,2014-01-01,448.05,"Island, Forest, Swamp, Plains, Mountain"
30th Anniversary Countdown Kit,Secret Lair Drop,Other,SLC,2022-11-01,649.83,"Chrome Mox, Necropotence, Deathrite Shaman, Birthing Pod, Lim-Dûl's Vault"
A Box of Rocks,Secret Lair Drop,Other,SLD,2021-03-15,35.19,"Arcane Signet, Commander's Sphere, Chromatic Lantern, Gilded Lotus, Darksteel Ingot"
A Box of Rocks Foil Edition,Secret Lair Drop,Other,SLD,2021-03-15,35.19,"Arcane Signet, Commander's Sphere, Chromatic Lantern, Gilded Lotus, Darksteel Ingot"
A Devastation of Dragons,Secret Lair Drop,Other,SLD,2025-02-20,74.08,"Kokusho, the Evening Star, Scion of the Ur-Dragon, Niv-Mizzet, Parun, Skyline Despot"
Aang,Jumpstart,Other,TLE,2025-11-20,16.82,"Aang, Airbending Master, Cloudshift, Kindly Customer, Momo, Rambunctious Rascal, Plains"
Above the Clouds (1),Jumpstart,Other,JMP,2020-07-17,0.0,"Tide Skimmer, Unsubstantiate, Lofty Denial, Capture Sphere, Mistral Singer"
Above the Clouds (2),Jumpstart,Other,JMP,2020-07-17,0.0,"Tide Skimmer, Unsubstantiate, Lofty Denial, Capture Sphere, Mistral Singer"
Above the Clouds (3),Jumpstart,Other,JMP,2020-07-17,0.0,"Tide Skimmer, Unsubstantiate, Lofty Denial, Capture Sphere, Warden of Evos Isle"
Above the Clouds (4),Jumpstart,Other,JMP,2020-07-17,6.72,"Kira, Great Glass-Spinner, Tide Skimmer, Unsubstantiate, Lofty Denial, Capture Sphere"
Absolute Annihilation,Secret Lair Drop,Other,SLD,2023-09-15,61.4,"Mass Hysteria, Terminate, Oppression, Abrade"
Absolute Annihilation Foil Edition,Secret Lair Drop,Other,SLD,2023-09-15,61.4,"Mass Hysteria, Terminate, Oppression, Abrade"
Abzan Siege,Intro Pack,Other,KTK,2014-09-26,9.88,"Abzan Falconer, Eternal Thirst, Abzan Battle Priest, Sandsteppe Citadel, Abzan Charm"
Adaptive,Jumpstart,Other,TLE,2025-11-20,11.63,"Princess Yue, The Blue Spirit, Frantic Search, Boomerang Basics, Thriving Isle"
Adept (1),Jumpstart,Other,TLE,2025-11-20,3.12,"Dramatic Reversal, Nightmares and Daydreams, Thriving Isle, Island, Unagi's Spray"
Adept (2),Jumpstart,Other,TLE,2025-11-20,3.26,"Consider, Nightmares and Daydreams, Thriving Isle, Island, Professor Zei, Anthropologist"
Adventures in the Forgotten Realms Bundle Land Pack,Bundle Land Pack,Other,AFR,2021-07-23,0.0,"Swamp, Swamp, Forest, Forest, Forest"
Adventures in the Forgotten Realms Foil Redemption,MTGO Redemption,Other,AFR,2021-08-22,280.95,"Old Gnawbone, Tiamat, Circle of Dreams Druid, Xorn, Teleportation Circle"
Adventures in the Forgotten Realms Redemption,MTGO Redemption,Other,AFR,2021-08-22,280.95,"Old Gnawbone, Tiamat, Circle of Dreams Druid, Xorn, Teleportation Circle"
Adventures in the Forgotten Realms Welcome Booster,Welcome Booster,Other,AFR,2021-07-23,3.49,"Cleric Class, Sunblast Angel, Atarka, World Render, Tyrant's Familiar, Jiang Yanggu, Wildcrafter"
Adventures of the Little Witch,Secret Lair Drop,Other,SLD,2025-04-23,78.86,"Realms Uncharted, Esika's Chariot, Secret Rendezvous, Serenity"
Adventures of the Little Witch Foil Edition,Secret Lair Drop,Other,SLD,2025-04-23,78.86,"Realms Uncharted, Esika's Chariot, Secret Rendezvous, Serenity"
Aeo Paquette - Affinity,World Championship Deck,Other,WC04,2004-09-01,78.31,"Chrome Mox, Arcbound Ravager, Great Furnace, Welding Jar, Thoughtcast"
Aerial Acrobatics,Game Night Deck,Other,GN2,2019-11-15,20.45,"Agent of Treachery, Dramatic Reversal, Engulf the Shore, River's Rebuke, Cryptic Serpent"
Aerial Domination,Arena Starter Deck,Other,ANB,2020-08-13,0.0,"Wall of Runes, Sworn Guardian, Waterkin Shaman, Cloudkin Seer, Warden of Evos Isle"
Aerodoom,Theme Deck,Other,BTD,2000-10-01,34.49,"Dark Ritual, Power Sink, Counterspell, Tolarian Winds, Sengir Vampire"
Aether Drifters,Secret Lair Drop,Other,SLD,2025-02-11,20.92,"Smuggler's Copter // Smuggler's Copter, Parhelion II // Parhelion II, Mechtitan Core // Mechtitan Core, Reckoner Bankbuster // Reckoner Bankbuster, Peacewalker Colossus // Peacewalker Colossus"
Aether Drifters Foil Edition,Secret Lair Drop,Other,SLD,2025-02-11,20.92,"Smuggler's Copter // Smuggler's Copter, Parhelion II // Parhelion II, Mechtitan Core // Mechtitan Core, Reckoner Bankbuster // Reckoner Bankbuster, Peacewalker Colossus // Peacewalker Colossus"
Aether Revolt Foil Redemption,MTGO Redemption,Other,AER,2017-02-19,235.81,"Paradox Engine, Heroic Intervention, Walking Ballista, Exquisite Archangel, Whir of Invention"
Aether Revolt Redemption,MTGO Redemption,Other,AER,2017-02-19,235.81,"Paradox Engine, Heroic Intervention, Walking Ballista, Exquisite Archangel, Whir of Invention"
Aetherdrift Bundle Land Pack,Bundle Land Pack,Other,DFT,2025-02-14,0.0,"Mountain, Mountain, Mountain, Mountain, Forest"
Aetherdrift Finish Line Bundle Land Pack,Bundle Land Pack,Other,DFT,2025-02-14,6.04,"Island, Swamp, Mountain, Plains, Forest"
Aetherdrift Redemption,MTGO Redemption,Other,DFT,2025-03-13,167.94,"The Aetherspark, Monument to Endurance, Riverpyre Verge, Sunbillow Verge, Bleachbone Verge"
Aga Galneer,Shandalar Enemy Deck,Other,PAST,1997-04-01,188.97,"Greed, El-Hajjâj, Sol Ring, Spirit Link, Savannah Lions"
Agents of S.H.I.E.L.D.,Jumpstart,Other,MSH,2026-06-26,0.0,"Nick Fury, Spymaster, Agent Phil Coulson, Strategic Intervention, Peggy Carter, Secret Agent, Plains"
Air Forces,MTGO Theme Deck,Other,WTH,2007-12-12,17.35,"Debt of Loyalty, Island, Impulse, Island, Plains"
Air Razers,Theme Deck,Other,JUD,2002-05-27,413.96,"Worldgorger Dragon, Flash of Insight, Wonder, Lava Dart, Dwarven Scorcher"
Airbending,Jumpstart,Other,TLE,2025-11-20,9.72,"Monk Gyatso, Airbender Ascension, Plains, Airbender's Reversal, Invasion Reinforcements"
Ajani,Planeswalker Deck,Other,M19,2018-07-13,9.35,"Ajani, Wise Counselor, Plains, Herald of Faith, Rustwing Falcon, Plains"
Ajani Goldmane,Duel Deck,Other,DDH,2011-09-02,16.99,"Essence Warden, Ajani Vengeant, Titanic Ultimatum, Spitemare, Loxodon Hierarch"
"Ajani, Inspiring Leader",Planeswalker Deck,Other,M20,2019-07-29,11.93,"Ajani, Inspiring Leader, Angel of Vitality, Plains, Twinblade Paladin, Serra's Guardian"
"Ajani, Valiant Protector",Planeswalker Deck,Other,AER,2017-01-20,4.75,"Ajani, Valiant Protector, Narnam Renegade, Aid from the Cowl, Forest, Unbridled Growth"
Alara Reborn Foil Redemption,MTGO Redemption,Other,ARB,2009-05-30,536.23,"Wargate, Sen Triplets, Lord of Extinction, Time Sieve, Thraximundar"
Alara Reborn Redemption,MTGO Redemption,Other,ARB,2009-05-30,536.23,"Wargate, Sen Triplets, Lord of Extinction, Time Sieve, Thraximundar"
Alex Borteh - Merfolk Opposition,World Championship Deck,Other,WC01,2001-08-08,41.97,"Gush, Static Orb, Lord of Atlantis, Thwart, Island"
Alien Auroras,Secret Lair Drop,Other,SLD,2025-07-29,88.18,"Crucible of Worlds, Sylvan Safekeeper, Zuran Orb, Reprocess, Aggressive Mining"
Alien Auroras Galaxy Foil Edition,Secret Lair Drop,Other,SLD,2025-07-29,88.18,"Crucible of Worlds, Sylvan Safekeeper, Zuran Orb, Reprocess, Aggressive Mining"
Alliance (1),Jumpstart,Other,TLE,2025-11-20,2.58,"The Duke, Rebel Sentry, Suki, Kyoshi Warrior, Plains, South Pole Voyager, Mechanical Glider"
Alliance (2),Jumpstart,Other,TLE,2025-11-20,4.9,"The Duke, Rebel Sentry, Jet, Rebel Leader, Suki, Kyoshi Warrior, Plains, South Pole Voyager"
Allied Fires,Challenger Deck,Other,Q04,2020-03-27,33.28,"Steam Vents, Narset, Parter of Veils, Ugin, the Ineffable, Kenrith, the Returned King, Interplanar Beacon"
Alt-A-Kesh,Shandalar Enemy Deck,Other,PAST,1997-04-01,17226.11,"Timetwister, Time Walk, Ancestral Recall, Junún Efreet, Birds of Paradise"
Amonkhet Bundle Land Pack,Bundle Land Pack,Other,AKH,2017-04-28,10.58,"Island, Swamp, Mountain, Mountain, Plains"
Amonkhet Foil Redemption,MTGO Redemption,Other,AKH,2017-05-28,419.62,"Anointed Procession, Bontu's Monument, Combat Celebrant, Oketra's Monument, Liliana, Death's Majesty"
Amonkhet Redemption,MTGO Redemption,Other,AKH,2017-05-28,419.62,"Anointed Procession, Bontu's Monument, Combat Celebrant, Oketra's Monument, Liliana, Death's Majesty"
Amonkhet Welcome Deck - Black,Welcome Deck,Other,W17,2017-04-15,0.0,"Swamp, Swamp, Swamp, Gravedigger, Dune Beetle"
Amonkhet Welcome Deck - Blue,Welcome Deck,Other,W17,2017-04-15,0.0,"Island, Island, Ancient Crab, Nimble Innovator, Island"
Amonkhet Welcome Deck - Green,Welcome Deck,Other,W17,2017-04-15,1.26,"Sixth Sense, Forest, Forest, Forest, Druid of the Cowl"
Amonkhet Welcome Deck - Red,Welcome Deck,Other,W17,2017-04-15,1.59,"Mountain, Mountain, Renegade Tactics, Mountain, Hyena Pack"
Amonkhet Welcome Deck - White,Welcome Deck,Other,W17,2017-04-15,0.0,"Plains, Plains, Bastion Enforcer, Impeccable Timing, Inspired Charge"
An Encyclopedia of Magic,Secret Lair Drop,Other,SLC,2025-11-03,428.16,"Urza's Saga, Phyrexian Altar, Field of the Dead, Myrel, Shield of Argive, Sol Ring"
Analyzed,Jumpstart,Other,MSH,2026-06-26,3.17,"Vision, Spectral Synthezoid, Island, Machine Man, Model X-51, We Say Thee Nay!, Timeline Inquiry"
Ancient Arsenal,Starter Kit,Other,ACR,2024-07-05,28.55,"Surtr, Fiery Jötun, Battlefield Improvisation, Bureau Headmaster, Eivor, Battle-Ready, Escarpment Fortress"
Ancient Discovery,Arena Starter Deck,Other,OTJ,2024-07-08,36.1,"Bonehoard Dracosaur, Warleader's Call, Anim Pakal, Thousandth Moon, Inspiring Vantage, Aurelia, the Law Above"
Angelic Accountants,Arena Starter Deck,Other,SNC,2022-09-09,18.8,"Elspeth Resplendent, Deserted Beach, Lion Sash, Planar Incision, Giada, Font of Hope"
Angelic Army,Arena Starter Deck,Other,ANB,2019-09-26,0.0,"Ajani's Pridemate, Dawn of Hope, Serra's Guardian, Loxodon Lifechanter, Meteor Golem"
Angelic Army 2,Arena Starter Deck,Other,ANB,2020-03-12,0.0,"Ajani's Pridemate, Dawn of Hope, Serra's Guardian, Loxodon Lifechanter, Moment of Heroism"
Angelic Fury,Intro Pack,Other,SOI,2016-04-08,0.0,"Gryff's Boon, Dance with Devils, Nahiri's Machinations, Flameblade Angel, Pyre Hound"
Angelic Might,Intro Pack,Other,AVR,2012-05-04,60.75,"Seraph Sanctuary, Herald of War, Forest, Forest, Rampant Growth"
Angels,Deck Builder's Toolkit,Other,M13,2012-07-13,25.03,"Seraph Sanctuary, Defy Death, Scroll of Avacyn, Emancipation Angel, Angelic Wall"
Angels (1),Jumpstart,Other,J25,2024-11-07,0.0,"Giada, Font of Hope, Destroy Evil, Youthful Valkyrie, Thriving Heath, Serra Angel"
Angels (2),Jumpstart,Other,J25,2024-11-07,2.37,"Herald of War, Giada, Font of Hope, Rally of Wings, Youthful Valkyrie, Thriving Heath"
"Angrath, Minotaur Pirate",Planeswalker Deck,Other,RIX,2018-01-19,27.88,"Vanquisher's Banner, Angrath, Minotaur Pirate, Swamp, Mountain, Lightning Strike"
Animal,Jumpstart,Other,MSH,2026-06-26,18.26,"Tippy-Toe, Terrific Partner, Lucky the Pizza Dog, Heroic Feast, Wakandan Tusker, Forest"
Animar & Friends,Secret Lair Drop,Other,SLD,2025-02-03,80.24,"Animar, Soul of Elements, All Will Be One, Forgotten Ancient, Benevolent Hydra, Mulldrifter"
Anthousa's Army,Intro Pack,Other,THS,2013-09-27,19.22,"Bow of Nylea, Elvish Mystic, Forest, Plains, Forest"
Antoine Ruel - Blue-Black-Red Nether-Go,World Championship Deck,Other,WC01,2001-08-08,102.06,"Tsabo's Web, Shivan Reef, Sulfurous Springs, Counterspell, Accumulated Knowledge"
Ape Lord,Shandalar Enemy Deck,Other,PAST,1997-04-01,466.43,"Mountain, Mana Vault, Killer Bees, Birds of Paradise, Winter Blast"
Apocalypse Foil Redemption,MTGO Redemption,Other,APC,2001-07-04,3442.59,"Yavimaya Coast, Pernicious Deed, Llanowar Wastes, Shivan Reef, Battlefield Forge"
Apocalypse Redemption,MTGO Redemption,Other,APC,2001-07-04,3442.59,"Yavimaya Coast, Pernicious Deed, Llanowar Wastes, Shivan Reef, Battlefield Forge"
April Fools,Secret Lair Drop,Other,SLD,2020-09-30,23.13,"Storm Crow, Goblin Snowman, Mudhole"
Aragorn at Helm's Deep,Box Set,Other,LTC,2023-11-03,83.41,"Legolas's Quick Reflexes, Andúril, Narsil Reforged, Gimli's Reckless Might, Aragorn, Hornburg Hero, Isengard Unleashed"
Arcade Racers,Secret Lair Drop,Other,SLD,2025-02-11,65.09,"Final Fortune, Big Score, Wheel of Misfortune, Heat Shimmer, Roiling Vortex"
Arcade Racers Foil Edition,Secret Lair Drop,Other,SLD,2025-02-11,65.09,"Final Fortune, Big Score, Wheel of Misfortune, Heat Shimmer, Roiling Vortex"
Arcane,Secret Lair Drop,Other,SLD,2022-05-06,112.72,"Rhystic Study, Seize the Day, Thran Dynamo, Duress, Path to Exile"
Arcane Aggression,Arena Starter Deck,Other,LTR,2023-06-20,29.91,"Urabrask // The Great Work, Flame of Anor, Gandalf the Grey, Third Path Iconoclast, Shivan Reef"
Arcane Foil Edition,Secret Lair Drop,Other,SLD,2022-05-06,112.72,"Rhystic Study, Seize the Day, Thran Dynamo, Duress, Path to Exile"
Arcane Inventions,Arena Starter Deck,Other,M19,2018-09-27,5.36,"Sai, Master Thopterist, Diamond Mare, Island, Arcane Encyclopedia, Disperse"
Arcane Mischief,Jumpstart,Other,DMU,2022-09-09,2.48,"Island, Combat Research, Cosmic Epiphany, Shore Up, Impulse"
Arcane Tempo,Challenger Deck,Other,Q02,2019-04-12,22.87,"Niv-Mizzet, Parun, Arclight Phoenix, Mountain, Murmuring Mystic, Sulfur Falls"
Arcane: Lands,Secret Lair Drop,Other,SLD,2022-05-06,12.88,"Island, Swamp, Plains, Forest, Mountain"
Arcane: Lands Foil Edition,Secret Lair Drop,Other,SLD,2022-05-06,12.88,"Island, Swamp, Plains, Forest, Mountain"
Arcanis's Guile,Theme Deck,Other,10E,2007-07-13,31.91,"Arcanis the Omnipotent, Telling Time, Boomerang, Unsummon, Island"
Arch Angel,Shandalar Enemy Deck,Other,PAST,1997-04-01,280.77,"Mishra's Factory, Mana Vault, Tetravus, Wrath of God, Swords to Plowshares"
Archaeology (1),Jumpstart,Other,JMP,2020-07-17,0.0,"Buried Ruin, Aether Spellbomb, Chromatic Sphere, Scholar of the Lost Trove, Hedron Archive"
Archaeology (2),Jumpstart,Other,JMP,2020-07-17,0.0,"Buried Ruin, Aether Spellbomb, Scholar of the Lost Trove, Thriving Isle, Ancestral Statue"
Archaeology (3),Jumpstart,Other,JMP,2020-07-17,12.51,"Vedalken Archmage, Buried Ruin, Aether Spellbomb, Sharding Sphinx, Hedron Archive"
Archaeology (4),Jumpstart,Other,JMP,2020-07-17,4.6,"Scarecrone, Buried Ruin, Aether Spellbomb, Short Sword, Thriving Isle"
Archenemy Nicol Bolas,Archenemy Deck,Other,E01,2017-06-16,26.2,"Baleful Strix, Nicol Bolas, Planeswalker, Talisman of Indulgence, Talisman of Dominance, Archfiend of Depravity"
Armada,Theme Deck,Other,7ED,2001-04-11,292.65,"Disenchant, Glorious Anthem, Serra Advocate, Spirit Link, Pacifism"
Armed,Jumpstart,Other,MSH,2026-06-26,19.71,"Swordsman's Steel, Swamp, HYDRA Disintegrator, Whiplash, Vengeful Engineer, Voltaic Whip"
Armed (1),Jumpstart,Other,J25,2024-11-07,0.0,"Danitha Capashen, Paragon, Starnheim Courser, Thriving Heath, Sunspear Shikari, Valkyrie's Sword"
Armed (2),Jumpstart,Other,J25,2024-11-07,0.0,"Danitha Capashen, Paragon, Plate Armor, Thriving Heath, Stone Haven Outfitter, Plains"
Armed (3),Jumpstart,Other,J25,2024-11-07,0.0,"Danitha Capashen, Paragon, Trusty Retriever, Maul of the Skyclaves, Thriving Heath, Valkyrie's Sword"
Armed (4),Jumpstart,Other,J25,2024-11-07,2.59,"Godsend, Danitha Capashen, Paragon, Plate Armor, Thriving Heath, Sunspear Shikari"
Armed and Dangerous,Arena Starter Deck,Other,AFR,2021-09-24,33.07,"Halvar, God of Battle // Sword of the Realms, Needleverge Pathway // Pillarverge Pathway, Bruenor Battlehammer, Axgard Armory, Showdown of the Skalds"
Army of Entropy,Theme Deck,Other,SHM,2008-05-02,144.08,"Blowfly Infestation, Kulrath Knight, Murderous Redcap, Swamp, Ashenmoor Liege"
Army of Justice,Theme Deck,Other,9ED,2005-07-29,15.19,"Righteousness, Plains, Veteran Cavalier, Plains, Angel of Mercy"
Artful Destruction,Intro Pack,Other,NPH,2011-05-13,101.18,"Suture Priest, Palladium Myr, Gold Myr, Forest, Forest"
Artifacts Attack,Arena Starter Deck,Other,M19,2018-09-27,44.39,"Nezahal, Primal Tide, Azor, the Lawbringer, Settle the Wreckage, Goring Ceratops, Glacial Fortress"
Artist Series: Alayna Danner,Secret Lair Drop,Other,SLD,2023-04-28,96.87,"Emeria, the Sky Ruin, Linvala, Keeper of Silence, Seraph Sanctuary, Sunblast Angel"
Artist Series: Alayna Danner Foil Edition,Secret Lair Drop,Other,SLD,2023-04-28,96.87,"Emeria, the Sky Ruin, Linvala, Keeper of Silence, Seraph Sanctuary, Sunblast Angel"
Artist Series: Aleksi Briclot,Secret Lair Drop,Other,SLD,2022-12-19,79.5,"Eldrazi Temple, Thought-Knot Seer, Reality Smasher, Inquisition of Kozilek"
Artist Series: Aleksi Briclot Foil Edition,Secret Lair Drop,Other,SLD,2022-12-19,79.5,"Eldrazi Temple, Thought-Knot Seer, Reality Smasher, Inquisition of Kozilek"
Artist Series: Chris Rahn,Secret Lair Drop,Other,SLD,2022-09-13,41.41,"Kozilek, the Great Distortion, Platinum Angel, Primeval Titan, Huntmaster of the Fells // Ravager of the Fells"
Artist Series: Chris Rahn Foil Edition,Secret Lair Drop,Other,SLD,2022-09-13,41.41,"Kozilek, the Great Distortion, Platinum Angel, Primeval Titan, Huntmaster of the Fells // Ravager of the Fells"
Artist Series: Ian Miller,Secret Lair Drop,Other,SLD,2026-09-01,69.0,"Korvold, Fae-Cursed King, Animar, Soul of Elements, Tsabo Tavoc, Shivan Dragon"
Artist Series: Ian Miller Foil Edition,Secret Lair Drop,Other,SLD,2026-09-01,69.0,"Korvold, Fae-Cursed King, Animar, Soul of Elements, Tsabo Tavoc, Shivan Dragon"
Artist Series: Jesper Ejsing,Secret Lair Drop,Other,SLD,2025-02-11,106.55,"Deflecting Swat, Sun Titan, Llanowar Elves, Breeches, Eager Pillager"
Artist Series: Jesper Ejsing Foil Edition,Secret Lair Drop,Other,SLD,2025-02-11,106.55,"Deflecting Swat, Sun Titan, Llanowar Elves, Breeches, Eager Pillager"
Artist Series: Johannes Voss,Secret Lair Drop,Other,SLD,2021-12-13,47.03,"Carpet of Flowers, Sphere of Safety, Karmic Guide, Sanctum Prelate"
Artist Series: Johannes Voss Foil Edition,Secret Lair Drop,Other,SLD,2021-12-13,47.03,"Carpet of Flowers, Sphere of Safety, Karmic Guide, Sanctum Prelate"
Artist Series: John Avon,Secret Lair Drop,Other,SLD,2023-11-30,39.72,"Emrakul, the Promised End, Progenitus, Brainstorm, Serra Angel"
Artist Series: John Avon Foil Edition,Secret Lair Drop,Other,SLD,2023-11-30,39.72,"Emrakul, the Promised End, Progenitus, Brainstorm, Serra Angel"
Artist Series: Kev Walker,Secret Lair Drop,Other,SLD,2023-09-15,69.53,"It That Betrays, Faeburrow Elder, Fleshbag Marauder, Carnage Tyrant"
Artist Series: Kev Walker Foil Edition,Secret Lair Drop,Other,SLD,2023-09-15,69.53,"It That Betrays, Faeburrow Elder, Fleshbag Marauder, Carnage Tyrant"
Artist Series: Kieran Yanner,Secret Lair Drop,Other,SLD,2025-10-27,153.72,"Demonic Tutor, Armageddon, Lord of the Pit, Northern Paladin"
Artist Series: Kieran Yanner Foil Edition,Secret Lair Drop,Other,SLD,2025-10-27,153.72,"Demonic Tutor, Armageddon, Lord of the Pit, Northern Paladin"
Artist Series: Livia Prima,Secret Lair Drop,Other,SLD,2022-09-13,60.61,"Mikaeus, the Unhallowed, Akroma, Angel of Wrath, Olivia, Mobilized for War, Glissa Sunseeker"
Artist Series: Livia Prima Foil Edition,Secret Lair Drop,Other,SLD,2022-09-13,60.61,"Mikaeus, the Unhallowed, Akroma, Angel of Wrath, Olivia, Mobilized for War, Glissa Sunseeker"
Artist Series: Magali Villeneuve,Secret Lair Drop,Other,SLD,2022-08-05,50.93,"Mother of Runes, Forest, Elvish Mystic, Death's Shadow"
Artist Series: Magali Villeneuve Foil Edition,Secret Lair Drop,Other,SLD,2022-08-05,50.93,"Mother of Runes, Forest, Elvish Mystic, Death's Shadow"
Artist Series: Mark Poole,Secret Lair Drop,Other,SLD,2021-10-29,61.45,"Wasteland, Birds of Paradise, Howling Mine, Counterspell, Balance"
Artist Series: Mark Poole Foil Edition,Secret Lair Drop,Other,SLD,2021-10-29,61.45,"Wasteland, Birds of Paradise, Howling Mine, Counterspell, Balance"
Artist Series: Nils Hamm,Secret Lair Drop,Other,SLD,2022-10-25,62.96,"Sword of Truth and Justice, Contagion Engine, Deepglow Skate, Tireless Tracker"
Artist Series: Nils Hamm Foil Edition,Secret Lair Drop,Other,SLD,2022-10-25,62.96,"Sword of Truth and Justice, Contagion Engine, Deepglow Skate, Tireless Tracker"
Artist Series: Phil Foglio,Secret Lair Drop,Other,SLD,2025-06-10,63.13,"Constant Mists, Orcish Lumberjack, Goblin Bombardment, Song of the Dryads"
Artist Series: Phil Foglio Foil Edition,Secret Lair Drop,Other,SLD,2025-06-10,63.13,"Constant Mists, Orcish Lumberjack, Goblin Bombardment, Song of the Dryads"
Artist Series: Randy Vargas,Secret Lair Drop,Other,SLD,2023-04-28,63.8,"Grand Abolisher, Umezawa's Jitte, Selfless Savior, Akroma, Angel of Fury"
Artist Series: Randy Vargas Foil Edition,Secret Lair Drop,Other,SLD,2023-04-28,63.8,"Grand Abolisher, Umezawa's Jitte, Selfless Savior, Akroma, Angel of Fury"
Artist Series: Rebecca Guay,Secret Lair Drop,Other,SLD,2023-04-28,58.05,"Stoneforge Mystic, Serra the Benevolent, Muddle the Mixture, Cleansing Nova"
Artist Series: Rebecca Guay Foil Edition,Secret Lair Drop,Other,SLD,2023-04-28,58.05,"Stoneforge Mystic, Serra the Benevolent, Muddle the Mixture, Cleansing Nova"
Artist Series: Rovina Cai,Secret Lair Drop,Other,SLD,2024-04-15,83.03,"Arcane Signet, Sword of the Animist, Inalla, Archmage Ritualist, Aether Vial"
Artist Series: Rovina Cai Foil Edition,Secret Lair Drop,Other,SLD,2024-04-15,120.18,"Arcane Signet, Sword of the Animist, Inalla, Archmage Ritualist, Aether Vial"
Artist Series: Ryan Alexander Lee,Secret Lair Drop,Other,SLD,2023-08-29,38.49,"Worldspine Wurm, Nemesis of Reason, Twilight Prophet, Gaea's Blessing"
Artist Series: Ryan Alexander Lee Foil Edition,Secret Lair Drop,Other,SLD,2023-08-29,38.49,"Worldspine Wurm, Nemesis of Reason, Twilight Prophet, Gaea's Blessing"
Artist Series: Sam Burley,Secret Lair Drop,Other,SLD,2023-04-14,66.79,"Braid of Fire, Karrthus, Tyrant of Jund, Master of the Wild Hunt, Koth of the Hammer"
Artist Series: Sam Burley Foil Edition,Secret Lair Drop,Other,SLD,2023-04-14,66.79,"Braid of Fire, Karrthus, Tyrant of Jund, Master of the Wild Hunt, Koth of the Hammer"
Artist Series: Seb McKinnon,Secret Lair Drop,Other,SLD,2021-03-15,52.25,"Damnation, Swamp, Enchanted Evening, Sower of Temptation"
Artist Series: Seb McKinnon Foil Edition,Secret Lair Drop,Other,SLD,2021-03-15,52.25,"Damnation, Swamp, Enchanted Evening, Sower of Temptation"
Artist Series: Sidharth Chaturvedi,Secret Lair Drop,Other,SLD,2022-08-05,56.71,"Concordant Crossroads, Ghost Quarter, Island, Nomad Outpost"
Artist Series: Sidharth Chaturvedi Foil Edition,Secret Lair Drop,Other,SLD,2022-08-05,56.71,"Concordant Crossroads, Ghost Quarter, Island, Nomad Outpost"
Artist Series: Thomas Baxa,Secret Lair Drop,Other,SLD,2021-12-13,53.83,"Sliver Hivelord, Spellskite, Sire of Insanity, Ob Nixilis Reignited"
Artist Series: Thomas Baxa Foil Edition,Secret Lair Drop,Other,SLD,2021-12-13,53.83,"Sliver Hivelord, Spellskite, Sire of Insanity, Ob Nixilis Reignited"
Artist Series: Victor Adame Minguez,Secret Lair Drop,Other,SLD,2022-10-25,47.03,"Lord of the Undead, Knight of the White Orchid, Knight Exemplar, Compost"
Artist Series: Victor Adame Minguez Foil Edition,Secret Lair Drop,Other,SLD,2022-10-25,47.03,"Lord of the Undead, Knight of the White Orchid, Knight Exemplar, Compost"
Artist Series: Volkan Baga,Secret Lair Drop,Other,SLD,2022-09-13,40.4,"Berserk, Elspeth, Knight-Errant, Verduran Enchantress, Patron Wizard"
Artist Series: Volkan Baga Foil Edition,Secret Lair Drop,Other,SLD,2022-09-13,40.4,"Berserk, Elspeth, Knight-Errant, Verduran Enchantress, Patron Wizard"
Artist Series: Wayne Reynolds,Secret Lair Drop,Other,SLD,2022-08-05,50.49,"Torbran, Thane of Red Fell, Balthor the Defiled, Sram, Senior Edificer, Depala, Pilot Exemplar"
Artist Series: Wayne Reynolds Foil Edition,Secret Lair Drop,Other,SLD,2022-08-05,50.49,"Torbran, Thane of Red Fell, Balthor the Defiled, Sram, Senior Edificer, Depala, Pilot Exemplar"
Arzakon,Shandalar Enemy Deck,Other,PAST,1997-04-01,31395.85,"Timetwister, Time Walk, Ancestral Recall, Mishra's Workshop, Mox Pearl"
Ashiok,Planeswalker Deck,Other,THB,2020-01-24,6.76,"Gravebreaker Lamia, Ashiok, Sculptor of Fears, Sleep of the Dead, Mindwrack Harpy, Pharika's Spawn"
Assassin,Theme Deck,Other,UDS,1999-06-07,296.1,"Attrition, Engineered Plague, Body Snatcher, Ravenous Rats, Eradicate"
Assassin - Enhanced Deck,Enhanced Deck,Other,UDS,1999-06-07,841.19,"Yawgmoth's Bargain, Powder Keg, Volrath's Stronghold, Vampiric Tutor, Wheel of Torture"
Assassin's Creed Bundle Land Pack,Bundle Land Pack,Other,ACR,2024-07-05,5.68,"Island, Island, Mountain, Mountain, Forest"
Assassin's Creed: Da Vinci's Designs,Secret Lair Drop,Other,SLD,2024-07-10,90.72,"Whispersilk Cloak, Darksteel Plate, Blade of Selves, Conqueror's Flail, Deathrender"
Assassin's Creed: Da Vinci's Designs Foil Edition,Secret Lair Drop,Other,SLD,2024-07-10,90.72,"Whispersilk Cloak, Darksteel Plate, Blade of Selves, Conqueror's Flail, Deathrender"
Assassin's Creed: Lethal Legends,Secret Lair Drop,Other,SLD,2024-07-10,82.41,"Ramses, Assassin Lord, Queen Marchesa, Admiral Beckett Brass, Kelsien, the Plague, Najeela, the Blade-Blossom"
Assassin's Creed: Lethal Legends Foil Edition,Secret Lair Drop,Other,SLD,2024-07-10,82.41,"Ramses, Assassin Lord, Queen Marchesa, Admiral Beckett Brass, Kelsien, the Plague, Najeela, the Blade-Blossom"
Assemble The Doomsday Machine,Archenemy Deck,Other,ARC,2010-06-18,30.08,"Batwing Brume, Lightning Greaves, Master Transmuter, Memnarch, Leonin Abunas"
Assemble Victory,Intro Pack,Other,ORI,2015-07-17,6.7,"Ghirapur Aether Grid, Prism Ring, Whirler Rogue, Island, Mountain"
Astral Visionary,Shandalar Enemy Deck,Other,PAST,1997-04-01,17233.42,"Timetwister, Time Walk, Ancestral Recall, Copy Artifact, Howling Mine"
At the Zoo,Jumpstart,Other,TLE,2025-11-20,9.81,"Animal Attendant, Elephant-Mandrill, Frog-Squirrels, Origin of Metalbending, Forest"
Atlantis,Jumpstart,Other,MSH,2026-06-26,12.22,"Daughter of the Deep, Namor, Scourge of the Seas, Namora, the Sea Queen, Attuma, Atlantean Warlord, Mist-Cloaked Herald"
Aura Mastery,Theme Deck,Other,SHM,2008-05-02,242.57,"Twilight Shepherd, Steel of the Godhead, Puresight Merrow, Thistledown Liege, Prison Term"
Auras of Majesty,Arena Starter Deck,Other,M19,2018-09-27,25.43,"Satyr Enchanter, Shalai, Voice of Plenty, Sunpetal Grove, History of Benalia, Danitha Capashen, Paragon"
Aurochs Stampede,Theme Deck,Other,CSP,2006-07-21,87.15,"Boreal Druid, Hibernation's End, Highland Weald, Snow-Covered Mountain, Snow-Covered Forest"
Avacyn Restored Fat Pack Land Pack,Bundle Land Pack,Other,AVR,2012-05-04,26.56,"Forest, Forest, Swamp, Island, Plains"
Avacyn Restored Foil Redemption,MTGO Redemption,Other,AVR,2012-06-03,1039.37,"Cavern of Souls, Avacyn, Angel of Hope, Exquisite Blood, Craterhoof Behemoth, Griselbrand"
Avacyn Restored Redemption,MTGO Redemption,Other,AVR,2012-06-03,1039.37,"Cavern of Souls, Avacyn, Angel of Hope, Exquisite Blood, Craterhoof Behemoth, Griselbrand"
Avalanche!,Arena Starter Deck,Other,AFR,2021-09-24,30.31,"Ashaya, Soul of the Wild, Lotus Cobra, Barkchannel Pathway // Tidechannel Pathway, Snow-Covered Island, Snow-Covered Forest"
Avatar: The Last Airbender Bundle Land Pack,Bundle Land Pack,Other,TLA,2025-11-21,0.0,"Forest, Forest, Mountain, Mountain, Swamp"
Avatar: The Last Airbender: A Lot to Learn,Secret Lair Drop,Other,SLD,2025-11-18,65.58,"Serra Ascendant, Cryptolith Rite, Kodama's Reach, Ponder"
Avatar: The Last Airbender: A Lot to Learn Foil Edition,Secret Lair Drop,Other,SLD,2025-11-18,65.58,"Serra Ascendant, Cryptolith Rite, Kodama's Reach, Ponder"
Avatar: The Last Airbender: Everything Changed,Secret Lair Drop,Other,SLD,2025-11-18,58.44,"Torment of Hailfire, Blood Moon, Lightning Bolt, Dramatic Entrance"
Avatar: The Last Airbender: Everything Changed Foil Edition,Secret Lair Drop,Other,SLD,2025-11-18,58.44,"Torment of Hailfire, Blood Moon, Lightning Bolt, Dramatic Entrance"
Avatar: The Last Airbender: My Cabbages!,Secret Lair Drop,Other,SLD,2025-11-18,57.82,"Chain of Vapor, Nature's Claim, Anguished Unmaking, Meltdown, Putrefy"
Avatar: The Last Airbender: My Cabbages! Foil Edition,Secret Lair Drop,Other,SLD,2025-11-18,57.82,"Chain of Vapor, Nature's Claim, Anguished Unmaking, Meltdown, Putrefy"
Avatar: The Last Airbender: One with the Elements,Secret Lair Drop,Other,SLD,2025-11-18,54.06,"Silence, Force of Vigor, Past in Flames, Expressive Iteration, Preordain"
Avatar: The Last Airbender: One with the Elements Foil Edition,Secret Lair Drop,Other,SLD,2025-11-18,54.06,"Silence, Force of Vigor, Past in Flames, Expressive Iteration, Preordain"
Avatar: The Last Airbender: The Ember Island Players,Secret Lair Drop,Other,SLD,2025-11-18,48.52,"Braid of Fire, Cursed Mirror, Phantasmal Image, Thespian's Stage, Mask of Memory"
Avatar: The Last Airbender: The Ember Island Players Foil Edition,Secret Lair Drop,Other,SLD,2025-11-18,48.52,"Braid of Fire, Cursed Mirror, Phantasmal Image, Thespian's Stage, Mask of Memory"
Awakening Earth,Challenger Deck,Other,Q03,2019-11-08,38.95,"Breeding Pool, Nissa, Who Shakes the World, Incubation Druid, Voracious Hydra, Hydroid Krasis"
Azaar - Lichlord,Shandalar Enemy Deck,Other,PAST,1997-04-01,174.13,"Greed, Sol Ring, Tetravus, Mind Twist, Hypnotic Specter"
Azorius,Guild Kit,Other,GK2,2019-02-15,12.05,"Dovescape, Render Silent, Unbreakable Formation, Pride of the Clouds, Sphinx's Revelation"
Azorius Advance,Intro Pack,Other,RTR,2012-10-05,11.48,"Tablet of the Guilds, Azorius Guildgate, Righteous Authority, Island, Island"
Azorius Ascendant,Theme Deck,Other,DIS,2006-05-05,48.58,"Isperia the Inscrutable, Azorius Chancery, Prahv, Spires of Order, Sky Hussar, Wakestone Gargoyle"
Azorius Ascension,Arena Starter Deck,Other,DOM,2018-03-22,16.02,"Spell Swindle, River's Rebuke, Field of Ruin, Expel from Orazca, Angel of Sanctions"
Azorius Authority,Intro Pack,Other,DGM,2013-05-03,0.0,"Island, Island, Plains, Island, Azorius Guildgate"
Azorius Control,Challenger Deck,Other,Q05,2021-04-02,15.03,"Emeria's Call // Emeria, Shattered Skyclave, Shark Typhoon, Elspeth Conquers Death, Saw It Coming, Archon of Sun's Grace"
Azorius Senate,Arena Starter Deck,Other,M20,2019-05-03,23.55,"Hallowed Fountain, Angel of Grace, Unbreakable Formation, Empyrean Eagle, Elite Guardmage"
Azorius Senate 1,Jumpstart,Other,CLU,2024-02-23,5.17,"Supreme Verdict, Lavinia, Foil to Conspiracy, Portal Manipulator, Oust, Curse of Chains"
Azorius Senate 2,Jumpstart,Other,CLU,2024-02-23,12.72,"Suppressor Skyguard, Portal Manipulator, Lavinia of the Tenth, Azorius Signet, Island"
Azorius Spirits,Pioneer Challenger Deck,Other,Q06,2021-10-15,31.79,"Selfless Spirit, Watcher of the Spheres, Brazen Borrower // Petty Theft, Glacial Fortress, Spell Pierce"
Azula,Jumpstart,Other,TLE,2025-11-20,14.83,"Azula, Ruthless Firebender, Dark Deal, Swamp, Thriving Moor, Canyon Crawler"
Azure Skies,Arena Starter Deck,Other,ANB,2019-09-26,19.85,"Verity Circle, Spectral Sailor, Mass Manipulation, Negate, Brineborn Cutthroat"
Azure Skies 2,Arena Starter Deck,Other,ANB,2020-03-12,5.03,"Spectral Sailor, Mass Manipulation, Negate, Stolen by the Fae, Brineborn Cutthroat"
Back for More,Arena Starter Deck,Other,M21,2021-07-03,3.14,"Skull Prophet, Polukranos, Unchained, Swamp, Arasta of the Endless Web, Murderous Rider // Swift End"
Back in My Day!,Secret Lair Drop,Other,SLD,2026-05-29,45.28,"Veil of Summer, Birthing Pod, Breath of Fury, Battle Hymn"
Back in My Day! Foil Edition,Secret Lair Drop,Other,SLD,2026-05-29,45.28,"Veil of Summer, Birthing Pod, Breath of Fury, Battle Hymn"
Backup Beatdown,Starter Kit,Other,WOE,2023-09-08,12.61,"Silverback Elder, Dusk Legion Duelist, In the Trenches, Boon-Bringer Valkyrie, Siege Veteran"
Bad Advice,Jumpstart,Other,TLE,2025-11-20,0.0,"Swamp, Lo and Li, Royal Advisors, Thriving Moor, Gilacorn, Joo Dee, One of Many"
Bad to the Bones,Secret Lair Drop,Other,SLD,2023-08-29,125.87,"Tinybones, Trinket Thief, Reassembling Skeleton, Geier Reach Sanitarium, Bottomless Pit, Necrogen Mists"
Bad to the Bones Foil Edition,Secret Lair Drop,Other,SLD,2023-08-29,125.87,"Tinybones, Trinket Thief, Reassembling Skeleton, Geier Reach Sanitarium, Bottomless Pit, Necrogen Mists"
Bait & Switch,Theme Deck,Other,ONS,2002-10-07,244.93,"Smother, Lonely Sandbar, Barren Moor, Peer Pressure, Swamp"
Bait and Bludgeon,Theme Deck,Other,MRD,2003-10-02,346.77,"Vault of Whispers, Thoughtcast, Seat of the Synod, Talisman of Dominance, Aether Spellbomb"
Balance in All Things,Arena Starter Deck,Other,SNC,2022-09-09,11.11,"Shattered Sanctum, Lion Sash, Liesa, Forgotten Archangel, Touch the Spirit Realm, The Restoration of Eiganjo // Architect of Restoration"
Band Together,MTGO Theme Deck,Other,ME2,2008-09-22,0.0,"Plains, Plains, Plains, Kjeldoran Outpost, Mishra's Factory"
Bant Exalted,Intro Pack,Other,ALA,2008-10-03,54.69,"Plains, Knight-Captain of Eos, Island, Seaside Citadel, Forest"
Bant on the March,Intro Pack,Other,CON,2009-02-06,48.79,"Plains, Terramorphic Expanse, Island, Seaside Citadel, Forest"
Barrage,Theme Deck,Other,PLS,2001-02-05,236.79,"Flametongue Kavu, Fires of Yavimaya, Fertile Ground, Mogg Sentry, Thunderscape Familiar"
Basri,Jumpstart,Other,JMP,2020-07-17,2.07,"Basri Ket, Plains, Basri's Lieutenant, Plains, Faith's Fetters"
"Basri, Devoted Paladin",Planeswalker Deck,Other,M21,2020-07-03,1.19,"Speaker of the Heavens, Basri, Devoted Paladin, Plains, Anointed Chorister, Basri's Lieutenant"
Battalion,Jumpstart,Other,MSH,2026-06-26,3.52,"Captain America, Skybound, Falcon, Joaquin Torres, General Thunderbolt Ross, Ultimate Alliance, Plains"
Battle Blitz,Theme Deck,Other,EVE,2008-07-25,66.32,"Patrol Signaler, Hateflayer, Balefire Liege, Niveous Wisps, Duergar Mine-Captain"
Battle Cries,Intro Pack,Other,MBS,2011-02-04,93.78,"Memnite, Galvanic Blast, Gold Myr, Whispersilk Cloak, Signal Pest"
Battle Cry,Deck Builder's Toolkit,Other,MBS,2011-03-11,42.14,"Memnite, Emrakul's Hatcher, Signal Pest, Goblin Wardriver, Goblin Balloon Brigade"
Battle Surge,Theme Deck,Other,UDS,1999-06-07,350.33,"Urza's Incubator, Goblin Marshal, Raven Familiar, Aether Sting, Mark of Fury"
Battle Surge - Enhanced Deck,Enhanced Deck,Other,UDS,1999-06-07,24.88,"Thieving Magpie, Wild Colos, Island, Keldon Vandals, Keldon Champion"
Battle for Zendikar Fat Pack Land Pack,Bundle Land Pack,Other,BFZ,2015-10-02,21.4,"Mountain, Mountain, Forest, Plains, Forest"
Battle for Zendikar Foil Redemption,MTGO Redemption,Other,BFZ,2015-11-01,339.87,"Void Winnower, Ulamog, the Ceaseless Hunger, Drana, Liberator of Malakir, Retreat to Hagra, Conduit of Ruin"
Battle for Zendikar Gift Box Land Pack,Bundle Land Pack,Other,BFZ,2015-11-13,0.0,"Swamp, Swamp, Island, Island, Plains"
Battle for Zendikar Redemption,MTGO Redemption,Other,BFZ,2015-11-01,339.87,"Void Winnower, Ulamog, the Ceaseless Hunger, Drana, Liberator of Malakir, Retreat to Hagra, Conduit of Ruin"
Battle the Horde,Challenge Deck,Other,TBTH,2014-03-01,6.47,"Altar of Mogis, Vitality Salve, Massacre Totem, Touch of the Horned God, Refreshing Elixir"
Beast Master,Shandalar Enemy Deck,Other,PAST,1997-04-01,88.25,"Desert Twister, Birds of Paradise, Untamed Wilds, Nafs Asp, Aspect of Wolf"
Beast Territory,Jumpstart,Other,DMU,2022-09-09,2.17,"Forest, Briar Hydra, Haunted Mire, Wooded Ridgeline, Tangled Islet"
Beasts,Theme Deck,Other,PSAL,2005-08-01,0.0,"Forest, Forest, Forest, Forest, Forest"
Beasts (1),Jumpstart,Other,J25,2024-11-07,0.0,"Slinza, the Spiked Stampede, Explore, Woodland Liege, Gnarlid Colony, Spined Tyrranax"
Beasts (2),Jumpstart,Other,J25,2024-11-07,0.0,"Garruk, Caller of Beasts, Slinza, the Spiked Stampede, Woodland Liege, Bushwhack, Gnarlid Colony"
Beginner Box - Aang Tutorial,Box Set,Other,TLA,2025-11-14,0.0,"Katara, Heroic Healer, Appa, Aang's Companion, Sledding Otter-Penguin, Aang, Air Nomad, Plains"
Beginner Box - Allies,Box Set,Other,TLA,2025-11-14,2.28,"Allied Teamwork, Suki, Kyoshi Warrior, Mechanical Glider, Thriving Heath, Aang, the Last Airbender"
Beginner Box - Artifacts,Box Set,Other,MSH,2026-06-26,0.0,"Island, Frozen in Ice, Futurist Forge, Thirst for Knowledge, Aerial Doombot"
Beginner Box - Attacking,Box Set,Other,TLA,2025-11-14,1.05,"Lion Vulture, Thriving Moor, Purple Pentapus, Cat-Gator, Hei Bai, Spirit of Balance"
Beginner Box - Big Creatures,Box Set,Other,TLA,2025-11-14,7.19,"Seismic Tutelage, Frog-Squirrels, Match the Odds, Thriving Grove, Eel-Hounds"
Beginner Box - Captain America Tutorial,Box Set,Other,MSH,2026-06-26,1.36,"Captain America, Steve Rogers, The Falcon, Sam Wilson, Winter Soldier, Bucky Barnes, The Wasp, Janet Van Dyne, Captain's Defense"
Beginner Box - Card Draw,Box Set,Other,MSH,2026-06-26,1.64,"Stark's Ingenuity, Island, H.E.R.B.I.E. Scout Unit, Super Intelligence, Brawn, Amadeus Cho"
Beginner Box - Counters,Box Set,Other,MSH,2026-06-26,0.0,"Beast, Erudite Aerialist, Training Regimen, Forest, Gamma Grotesque, Mister Hyde, Monster Within"
Beginner Box - Earthbending,Box Set,Other,TLA,2025-11-14,11.57,"Bumi, Eclectic Earthbender, Explore, Thriving Grove, Toph, the Blind Bandit, Haru, Hidden Talent"
Beginner Box - Firebending,Box Set,Other,TLA,2025-11-14,0.0,"Fire Nation Archers, Thriving Bluff, Loyal Fire Sage, Roku's Mastery, Zuko, Exiled Prince"
Beginner Box - HYDRA,Box Set,Other,MSH,2026-06-26,0.0,"Swamp, Madame Hydra, Reanimated, Doom Blade, Arnim Zola, Bio-Fanatic, Ultimo, Civilization's End"
Beginner Box - Heroes,Box Set,Other,MSH,2026-06-26,0.0,"Wondrous Revival, Peggy Carter, Secret Agent, Plains, Iconic Shield, Hawkeye, Clint Barton"
Beginner Box - Iron Man Tutorial,Box Set,Other,MSH,2026-06-26,3.5,"Iron Man, Tony Stark, Hulk, Bruce Banner, Scarlet Witch, Wanda Maximoff, Spider-Man, Hometown Hero, Happy Hogan, Dauntless Driver"
Beginner Box - Ramp,Box Set,Other,MSH,2026-06-26,0.0,"Team Transmitter, Flora Colossus, Forest, Moon-Boy, Dino Rider, Undercover Skrull"
Beginner Box - Spells,Box Set,Other,TLA,2025-11-14,2.89,"Water Whip, Abandon Attachments, Thriving Isle, Barrels of Blasting Jelly, It'll Quench Ya!"
Beginner Box - Villains,Box Set,Other,MSH,2026-06-26,0.0,"Minotaur, Roxxon CEO, Swamp, Crossbones, Malicious Mercenary, Dark Deed, Baron Strucker, HYDRA Overlord"
Beginner Box - Waterbending,Box Set,Other,TLA,2025-11-14,5.93,"Bender's Waterskin, The Terror of Serpent's Pass, Thriving Isle, Sokka, Lateral Strategist, Deny Entry"
Beginner Box - Young Avengers,Box Set,Other,MSH,2026-06-26,0.0,"She-Hulk, Jennifer Walters, Mountain, Experimental Armor, Wiccan, Young Avenger, Lightning Strike"
Beginner Box - Zuko Tutorial,Box Set,Other,TLA,2025-11-14,0.0,"Zuko, Avatar Hunter, Mountain, Iroh, Firebending Instructor, Fire Nation's Conquest, Mountain"
Ben Rubin - Sligh,World Championship Deck,Other,WC98,1998-08-12,29.26,"Cursed Scroll, Wasteland, Ball Lightning, Fireblast, Mountain"
Berserk,Theme Deck,Other,PSAL,2005-08-01,0.0,"Forest, Forest, Forest, Forest, Forest"
"Bertrand Lestree, Finalist",Pro Tour Deck,Other,PTC,1996-05-01,124.25,"Sylvan Library, Land Tax, Strip Mine, Fyndhorn Elves, Armageddon"
Bestial Strength,Intro Pack,Other,M14,2013-07-19,10.7,"Elvish Mystic, Into the Wilds, Fog, Kalonian Tusker, Swamp"
Betrayers of Kamigawa Foil Redemption,MTGO Redemption,Other,BOK,2005-03-06,2266.86,"Umezawa's Jitte, Disrupting Shoal, Goryo's Vengeance, Toshiro Umezawa, Sickening Shoal"
Betrayers of Kamigawa Redemption,MTGO Redemption,Other,BOK,2005-03-06,2266.86,"Umezawa's Jitte, Disrupting Shoal, Goryo's Vengeance, Toshiro Umezawa, Sickening Shoal"
Beyond The Grave,Theme Deck,Other,CSP,2006-07-21,63.77,"Sek'Kuar, Deathkeeper, Coldsteel Heart, Void Maw, Dark Ritual, Forest"
Bitterblossom Dreams,Secret Lair Drop,Other,SLD,2019-12-03,38.11,Bitterblossom
Black,Game Night Deck,Other,GNT,2018-11-16,22.49,"Death Baron, Stitcher's Supplier, Rot Hulk, Zulaport Cutthroat, Open the Graves"
Black Control,Deck Builder's Toolkit,Other,M14,2013-07-19,6.04,"Diabolic Tutor, Doom Blade, Corrupt, Quag Sickness, Sengir Vampire"
Black Deck,Welcome Deck,Other,M19,2018-07-13,1.36,"Sovereign's Bite, Swamp, Vampire Sovereign, Swamp, Skymarch Bloodletter"
Black Deck A,Sample Deck,Other,M12,2011-07-15,4.9,"Reassembling Skeleton, Swamp, Swamp, Swamp, Zombie Infestation"
Black Deck B,Sample Deck,Other,M11,2010-07-16,26.07,"Blood Seeker, Vampire Nighthawk, Pulse Tracker, Blood Tithe, Urge to Feed"
Black Devotion,Deck Builder's Toolkit,Other,M15,2014-07-18,11.41,"Gray Merchant of Asphodel, Sign in Blood, Drown in Sorrow, Mogis's Marauder, Cast into Darkness"
Black Discard,Deck Builder's Toolkit,Other,MBS,2011-03-11,34.14,"Liliana's Caress, Bloodhusk Ritualist, Last Kiss, Mind Sludge, Phyrexian Rager"
Black Green Graveyard,Deck Builder's Toolkit,Other,M15,2014-07-18,10.36,"Nyx Weaver, Satyr Wayfinder, Graverobber Spider, Commune with the Gods, Undergrowth Scavenger"
Black Green Toughness,Deck Builder's Toolkit,Other,ORI,2015-07-17,6.57,"Sight of the Scalelords, Coat with Venom, Kin-Tree Invocation, Colossodon Yearling, Sultai Flayer"
Black Is Magic,Secret Lair Drop,Other,SLD,2021-05-13,64.6,"Shalai, Voice of Plenty, Sol Ring, Teferi, Hero of Dominaria, Cultivate, Ponder"
Black Is Magic Foil Edition,Secret Lair Drop,Other,SLD,2021-05-13,64.6,"Shalai, Voice of Plenty, Sol Ring, Teferi, Hero of Dominaria, Cultivate, Ponder"
Black Red Minotaurs,Deck Builder's Toolkit,Other,M15,2014-07-18,0.0,"Ragemonger, Kragma Warcaller, Crippling Blight, Felhide Petrifier, Rollick of Abandon"
Black Sample Deck,Sample Deck,Other,M13,2012-07-13,15.01,"Tormented Soul, Liliana's Shade, Vampire Nighthawk, Swamp, Swamp"
Black and Green Counters,Deck Builder's Toolkit,Other,AKH,2017-04-28,1.17,"Cartouche of Strength, Baleful Ammit, Cartouche of Ambition, Festering Mummy, Crocodile of the Crossing"
Black and Green Delirium,Deck Builder's Toolkit,Other,KLD,2016-09-30,2.77,"Grapple with the Past, Gnarlwood Dryad, Crop Sigil, Sanitarium Skeleton, Boon of Emrakul"
Black and Green Graveyard,Deck Builder's Toolkit,Other,SOI,2016-04-08,1.04,"Pulse of Murasa, Vampiric Rites, Seed Guardian, Carrier Thrall, Voracious Null"
Black and Red Artifacts,Deck Builder's Toolkit,Other,AKH,2017-04-28,0.0,"Inventor's Apprentice, Welder Automaton, Welding Sparks, Implement of Malice, Dhund Operative"
Black and Red Attrition,Deck Builder's Toolkit,Other,SOI,2016-04-08,2.26,"Rancid Rats, Rolling Thunder, Tar Snare, Demon's Grasp, Grasp of Darkness"
Black and Red Madness,Deck Builder's Toolkit,Other,KLD,2016-09-30,3.18,"Insolent Neonate, Olivia's Bloodsworn, Furyblade Vampire, Fiery Temper, Murderous Compulsion"
Black and White Vampires,Deck Builder's Toolkit,Other,XLN,2017-09-29,1.28,"Vicious Conquistador, Duskborne Skymarcher, Call to the Feast, Bishop's Soldier, Skymarch Bloodletter"
Black-Green Deck,Spellslinger Starter Kit,Other,M19,2018-10-05,11.88,"Verdant Sun's Avatar, Ghalta, Primal Hunger, Ravenous Chupacabra, Swamp, Forest"
Black-Red Destruction,Deck Builder's Toolkit,Other,ROE,2010-05-21,1.54,"Doom Blade, Goblin Artillery, Quest for the Gravelord, Rise from the Grave, Hideous End"
Blades of Victory,Intro Pack,Other,M11,2010-07-16,37.06,"Plains, Angelic Arbiter, Ajani's Mantra, Armored Ascension, Condemn"
Blazing Beasts of Myth,Intro Pack,Other,THS,2013-09-27,5.28,"Forest, Voyaging Satyr, Destructive Revelry, Forest, Lightning Strike"
Blessed,Duel Deck,Other,DDQ,2016-02-26,11.13,"Eerie Interlude, Seraph Sanctuary, Tandem Lookout, Champion of the Parish, Geist of Saint Traft"
Blinding Fury,Theme Deck,Other,S99,1999-07-12,22.27,"Armageddon, Angel of Light, Plains, Plains, Archangel"
Blink,Jumpstart,Other,MSH,2026-06-26,8.32,"Silver Surfer, Cosmic Voyager, Spaceshift, Victor Timely, Wily Tycoon, Imperial Cosmographer, Shi'ar Soldier"
Blink 1,Jumpstart,Other,J22,2022-12-02,36.58,"Preston, the Vanisher, Wispweaver Angel, Flicker of Fate, Rambunctious Mutt, Distinguished Conjurer"
Blink 2,Jumpstart,Other,J22,2022-12-02,13.77,"Emiel the Blessed, Flicker of Fate, Rambunctious Mutt, Distinguished Conjurer, Inspiring Overseer"
Blink 3,Jumpstart,Other,J22,2022-12-02,36.58,"Preston, the Vanisher, Flicker of Fate, Rambunctious Mutt, Restoration Angel, Distinguished Conjurer"
Blink 4,Jumpstart,Other,J22,2022-12-02,6.08,"Panharmonicon, Wispweaver Angel, Flicker of Fate, Rambunctious Mutt, Distinguished Conjurer"
Blood Bowl,Secret Lair Drop,Other,SLD,2022-12-05,85.24,"Fellwar Stone, Defense of the Heart, Approach of the Second Sun, Rewind, Fling"
Blood Bowl Foil Edition,Secret Lair Drop,Other,SLD,2022-12-05,85.24,"Fellwar Stone, Defense of the Heart, Approach of the Second Sun, Rewind, Fling"
Blood and Fire,Intro Pack,Other,M12,2011-07-15,28.98,"Warstorm Surge, Swiftfoot Boots, Tormented Soul, Incinerate, Goblin Fireslinger"
Bloody (1),Jumpstart,Other,J25,2024-11-07,0.0,"Ivora, Insatiable Heir, Anje's Ravager, Stolen Vitality, Belligerent Guest, Thriving Bluff"
Bloody (2),Jumpstart,Other,J25,2024-11-07,0.0,"Ivora, Insatiable Heir, Markov Enforcer, Insolent Neonate, Stolen Vitality, Markov Blademaster"
Bloody (3),Jumpstart,Other,J25,2024-11-07,0.0,"Ivora, Insatiable Heir, Insolent Neonate, Belligerent Guest, Thriving Bluff, Vampiric Fury"
Bloody (4),Jumpstart,Other,J25,2024-11-07,0.0,"Ivora, Insatiable Heir, Stolen Vitality, Belligerent Guest, Thriving Bluff, Voldaren Epicure"
Bloomburrow Bundle Land Pack,Bundle Land Pack,Other,BLB,2024-09-04,8.85,"Forest, Swamp, Plains, Island, Mountain"
Bloomburrow Redemption,MTGO Redemption,Other,BLB,2024-09-04,322.16,"Three Tree City, Lumra, Bellow of the Woods, Maha, Its Feathers Night, Ral, Crackling Wit, Ygra, Eater of All"
Blossoming Growth,Arena Starter Deck,Other,SNC,2022-09-09,18.65,"Hullbreaker Horror, Colossal Skyturtle, Titan of Industry, Glorious Sunrise, Dreamroot Cascade"
Blowout,Theme Deck,Other,INV,2000-10-02,205.5,"Phyrexian Delver, Ravenous Rats, Ghitu Fire, Breath of Darigaaz, Swamp"
Blue,Halfdeck,Other,UND,2020-02-28,1.35,"Cheatyface, Rock Lobster, Island, Alexander Clamilton, Richard Garfield, Ph.D."
Blue Black Evasion,Deck Builder's Toolkit,Other,M13,2012-07-13,14.6,"Invisible Stalker, Curiosity, Gryff Vanguard, Harbor Bandit, Talrand's Invocation"
Blue Black Exploit,Deck Builder's Toolkit,Other,ORI,2015-07-17,9.86,"Merciless Executioner, Sidisi's Faithful, Silumgar Sorcerer, Rakshasa Gravecaller, Dutiful Attendant"
Blue Control,Deck Builder's Toolkit,Other,ROE,2010-05-21,5.04,"Wall of Frost, Into the Roil, Essence Scatter, Frostwind Invoker, Summoner's Bane"
Blue Deck,Welcome Deck,Other,HOB,2026-08-14,33.33,"Lórien Revealed, Stern Scolding, Captain of Umbar, Hithlain Knots, Willow-Wind"
Blue Deck A,Sample Deck,Other,M11,2010-07-16,77.71,"Preordain, Hedron Crab, Jace's Erasure, Island, Guard Gomazoa"
Blue Deck B,Sample Deck,Other,M11,2010-07-16,24.66,"Spell Pierce, Augury Owl, Island, Aether Adept, Island"
Blue Green Enters the Battlefield,Deck Builder's Toolkit,Other,M15,2014-07-18,3.19,"Quickling, Shaman of Spring, Coral Barrier, Kapsho Kitefins, Frost Lynx"
Blue Green Secret Plans Morph,Deck Builder's Toolkit,Other,ORI,2015-07-17,1.06,"Secret Plans, Guardian Shield-Bearer, Icefeather Aven, Ojutai Interceptor, Pine Walker"
Blue Red Artifacts,Deck Builder's Toolkit,Other,M15,2014-07-18,9.24,"Chariot of Victory, Ensoul Artifact, Opaline Unicorn, Ornithopter, Scrapyard Mongrel"
Blue Red Counterburn,Deck Builder's Toolkit,Other,M15,2014-07-18,0.0,"Magma Jet, Spite of Mogis, Mnemonic Wall, Stormcaller of Keranos, Voyage's End"
Blue Sample Deck,Sample Deck,Other,M15,2014-07-18,0.0,"Negate, Island, Research Assistant, Island, Jace's Ingenuity"
Blue and Black Control,Deck Builder's Toolkit,Other,SOI,2016-04-08,0.0,"Sinister Concoction, Negate, Sanitarium Skeleton, Dead Weight, Pale Rider of Trostad"
Blue and Black Noncreatures,Deck Builder's Toolkit,Other,AKH,2017-04-28,2.41,"Cartouche of Knowledge, Hieroglyphic Illumination, Cartouche of Ambition, Stir the Sands, Vedalken Blademaster"
Blue and Black Pirates,Deck Builder's Toolkit,Other,XLN,2017-09-29,7.88,"Siren Stormtamer, Ruthless Knave, Chart a Course, Pirate's Prize, Deadeye Plunderers"
Blue and Black Zombies,Deck Builder's Toolkit,Other,KLD,2016-09-30,1.26,"Graf Harvest, Cemetery Recruitment, Ingenious Skaab, Compelling Deterrence, Reckless Scholar"
Blue and Colorless Artifacts,Deck Builder's Toolkit,Other,AKH,2017-04-28,13.37,"Trophy Mage, Metallic Rebuke, Reverse Engineer, Filigree Familiar, Watchers of the Dead"
Blue and Green,Deck Builder's Toolkit,Other,KLD,2016-09-30,6.32,"Turn Aside, Pore Over the Pages, Watcher in the Web, Geist of the Archives, Noose Constrictor"
Blue and Green Creature control,Deck Builder's Toolkit,Other,SOI,2016-04-08,0.0,"Giant Mantis, Roiling Waters, Pack Guardian, Reckless Scholar, Lifespring Druid"
Blue and Green Merfolk,Deck Builder's Toolkit,Other,XLN,2017-09-29,3.14,"Deeproot Waters, River Sneak, Kumena's Speaker, Shapers of Nature, River Heralds' Boon"
Blue and Green Ramp,Deck Builder's Toolkit,Other,AKH,2017-04-28,1.14,"Hieroglyphic Illumination, Shefet Monitor, Lay Claim, Spring // Mind, Greater Sandwurm"
Blue and Red Instants and Sorceries,Deck Builder's Toolkit,Other,SOI,2016-04-08,16.35,"Expedite, Slip Through Space, Pore Over the Pages, Reckless Bushwhacker, Pyre Hound"
Blue and White Flying,Deck Builder's Toolkit,Other,AKH,2017-04-28,5.89,"Cartouche of Solidarity, Cartouche of Knowledge, Aerial Responder, Vedalken Blademaster, Trial of Solidarity"
Blue-Black,Starter Kit,Other,FIN,2025-06-13,0.0,"Overkill, Sephiroth, Planet's Heir, Ultimecia, Temporal Threat, Island, Swamp"
Blue-White Fliers,Deck Builder's Toolkit,Other,ROE,2010-05-21,0.0,"Serra Angel, Sejiri Merfolk, Divine Verdict, Phantom Warrior, Fledgling Griffin"
Blue-White Flyers,Deck Builder's Toolkit,Other,MBS,2011-03-11,25.98,"Oust, Aether Adept, Serra Angel, Arrest, Sleep"
Boggart Feast,Theme Deck,Other,LRW,2007-10-12,114.16,"Tarfire, Boggart Shenanigans, Boggart Mob, Swamp, Boggart Harbinger"
Boltslinger,MTGO Theme Deck,Other,TD0,2010-11-08,0.0,"Hellspark Elemental, Goblin Guide, Keldon Marauders, Rift Bolt, Lava Spike"
Bomber,Theme Deck,Other,7ED,2001-04-11,754.82,"Counterspell, Boomerang, Force Spike, Merfolk Looter, Ancestral Memories"
Boneyard 1,Jumpstart,Other,J22,2022-12-02,6.01,"Oversold Cemetery, Stitcher's Supplier, Gorging Vulture, Thriving Moor, Ossuary Rats"
Boneyard 2,Jumpstart,Other,J22,2022-12-02,2.78,"Stitcher's Supplier, Shadowborn Demon, Liliana's Elite, Gorging Vulture, Thriving Moor"
Bookworms (1),Jumpstart,Other,J25,2024-11-07,0.0,"Overflowing Insight, Shore Keeper, Cartouche of Knowledge, Thriving Isle, Island"
Bookworms (2),Jumpstart,Other,J25,2024-11-07,4.56,"Teferi's Ageless Insight, Phantasmal Shieldback, Witching Well, Thriving Isle, Island"
Bookworms (3),Jumpstart,Other,J25,2024-11-07,0.0,"Thopter Mechanic, Shore Keeper, Omen of the Sea, Sphinx of Enlightenment, Cartouche of Knowledge"
Bookworms (4),Jumpstart,Other,J25,2024-11-07,0.0,"Opt, Nadir Kraken, Phantasmal Shieldback, Soul Read, Tolarian Kraken"
Boosted,Jumpstart,Other,MSH,2026-06-26,0.0,"Vision of Love, Marvel Boy, Noh-Varr, Jack of Hearts, Volatile Hero, Mountain, Quinjet Technician"
Booster Battle Pack: Boros,Welcome Deck,Other,GTC,2013-02-01,2.11,"Massive Raid, Mountain, Boros Elite, Boros Guildgate, Plains"
Booster Battle Pack: Dimir,Welcome Deck,Other,GTC,2013-02-01,1.23,"Gridlock, Shadow Alley Denizen, Dimir Guildgate, Swamp, Island"
Booster Battle Pack: Gruul,Welcome Deck,Other,GTC,2013-02-01,2.34,"Gruul Guildgate, Skarrg Guildmage, Pit Fight, Mountain, Forest"
Booster Battle Pack: Orzhov,Welcome Deck,Other,GTC,2013-02-01,8.97,"Gift of Orzhova, Orzhov Guildgate, Syndic of Tithes, Kingpin's Pet, Contaminated Ground"
Booster Battle Pack: Simic,Welcome Deck,Other,GTC,2013-02-01,5.8,"Ivy Lane Denizen, Bioshift, Hydroform, Simic Guildgate, Forest"
Born of the Gods Foil Redemption,MTGO Redemption,Other,BNG,2014-03-09,373.28,"Xenagos, God of Revels, Phenax, God of Deception, Mogis, God of Slaughter, Brimaz, King of Oreskos, Ephara, God of the Polis"
Born of the Gods Redemption,MTGO Redemption,Other,BNG,2014-03-09,373.28,"Xenagos, God of Revels, Phenax, God of Deception, Mogis, God of Slaughter, Brimaz, King of Oreskos, Ephara, God of the Polis"
Boros,Guild Kit,Other,GK1,2018-11-02,34.98,"Aurelia, the Warleader, Legion Loyalist, Boros Charm, Legion Warboss, Swiftblade Vindicator"
Boros Assault,Arena Starter Deck,Other,DOM,2018-03-22,48.14,"Combat Celebrant, Oketra's Monument, Cartouche of Solidarity, Harsh Mentor, Fanatical Firebrand"
Boros Battalion,Intro Pack,Other,GTC,2013-02-01,2.0,"Firemane Avenger, Mountain, Boros Elite, Boros Guildgate, Court Street Denizen"
Boros Legion,Arena Starter Deck,Other,M20,2019-05-03,15.16,"Sacred Foundry, Aurelia, Exemplar of Justice, Legion Warboss, Swiftblade Vindicator, Mountain"
Boros Legion 1,Jumpstart,Other,CLU,2024-02-23,4.31,"Finale of Glory, Aegis of the Legion, Boros Signet, Novice Inspector, Boros Garrison"
Boros Legion 2,Jumpstart,Other,CLU,2024-02-23,0.0,"Firemane Avenger, Boros Strike-Captain, Krenko's Command, Boros Garrison, Frenzied Goblin"
Bound by Strength,Intro Pack,Other,AVR,2012-05-04,59.57,"Tandem Lookout, Forest, Deadeye Navigator, Forest, Wingcrafter"
Boundless Elves,Game Night Deck,Other,GN3,2022-10-14,47.64,"Imaryll, Elfhame Elite, Elven Ambush, Beast Whisperer, Immaculate Magistrate, Llanowar Tribe"
Bounty Hunter (1),Jumpstart,Other,TLE,2025-11-20,5.16,"Bastion of Remembrance, Swamp, Nyla, Shirshu Sleuth, Thriving Moor, Purple Pentapus"
Bounty Hunter (2),Jumpstart,Other,TLE,2025-11-20,6.16,"Bastion of Remembrance, Obsessive Pursuit, Swamp, Nyla, Shirshu Sleuth, Thriving Moor"
Brain Dead: Creatures,Secret Lair Drop,Other,SLD,2024-07-30,70.21,"Kiki-Jiki, Mirror Breaker, Consecrated Sphinx, Wurmcoil Engine, Chaotic Goo, Meteor Golem"
Brain Dead: Creatures Foil Edition,Secret Lair Drop,Other,SLD,2024-07-30,70.21,"Kiki-Jiki, Mirror Breaker, Consecrated Sphinx, Wurmcoil Engine, Chaotic Goo, Meteor Golem"
Brain Dead: Lands,Secret Lair Drop,Other,SLD,2024-07-30,142.42,"Swamp, Swamp, Mountain, Mountain, Forest"
Brain Dead: Lands Foil Edition,Secret Lair Drop,Other,SLD,2024-07-30,142.42,"Swamp, Swamp, Mountain, Mountain, Forest"
Brain Dead: New Earth Mentality,Secret Lair Drop,Other,SLD,2026-02-24,48.42,"Jace's Archivist, Stinkweed Imp, Mirror Entity, Sakura-Tribe Elder, Mogg Assassin"
Brain Dead: New Earth Mentality Foil Edition,Secret Lair Drop,Other,SLD,2026-02-24,48.42,"Jace's Archivist, Stinkweed Imp, Mirror Entity, Sakura-Tribe Elder, Mogg Assassin"
Brain Dead: Staples,Secret Lair Drop,Other,SLD,2024-07-30,60.23,"Sol Ring, Thought Vessel, Skullclamp, Command Tower, Lightning Greaves"
Brain Dead: Staples Foil Edition,Secret Lair Drop,Other,SLD,2024-07-30,60.23,"Sol Ring, Thought Vessel, Skullclamp, Command Tower, Lightning Greaves"
Brave the Battle,Intro Pack,Other,ORI,2015-07-17,0.0,"Valeron Wardens, Sentinel of the Eternal Watch, Valor in Akros, Plains, Plains"
Brazen Coalition,Theme Deck,Other,E02,2017-11-24,19.77,"Blatant Thievery, Shared Animosity, Angrath's Marauders, Island, Adaptive Automaton"
Breakdown,Theme Deck,Other,NEM,2000-02-14,558.07,"Hickory Woodlot, Accumulated Knowledge, Saprazzan Skerry, Waterfront Bouncer, Ensnare"
Breakdown - Enhanced Deck,Enhanced Deck,Other,NEM,2000-02-14,873.47,"Palinchron, Hickory Woodlot, Saprazzan Skerry, Waterfront Bouncer, Ensnare"
Breath of Fire,Intro Pack,Other,M11,2010-07-16,60.63,"Preordain, Lightning Bolt, Call to Mind, Augury Owl, Fire Servant"
Brian Hacker - White Weenie,World Championship Deck,Other,WC98,1998-08-12,25.94,"Tithe, Soul Warden, Cataclysm, Aura of Silence, Plains"
Brian Kibler - Red Zone 2K2,World Championship Deck,Other,WC02,2002-08-14,106.37,"Call of the Herd, City of Brass, Birds of Paradise, Mountain, Mountain"
Brian Selden - Cali Nightmare,World Championship Deck,Other,WC98,1998-08-12,197.85,"Survival of the Fittest, Volrath's Stronghold, City of Brass, Scroll Rack, Recurring Nightmare"
Bring About The Undead Apocalypse,Archenemy Deck,Other,ARC,2010-06-18,28.71,"Reanimate, Bog Witch, Avatar of Woe, Swamp, Rakdos Signet"
Brood 1,Jumpstart,Other,MOM,2023-04-20,1.35,"Essence of Orthodoxy, Plains, Phyrexian Pegasus, Seedpod Caretaker, Alabaster Host Intercessor"
Brood 2,Jumpstart,Other,MOM,2023-04-20,1.35,"Essence of Orthodoxy, Plains, Seal from Existence, Phyrexian Pegasus, Seedpod Caretaker"
Brotherhood Agents,Starter Kit,Other,ACR,2024-07-05,22.36,"Ezio, Blade of Vengeance, Achilles Davenport, Rooftop Bypass, Restart Sequence, Assassin Initiate"
Brute Force,Intro Pack,Other,WWK,2010-02-05,30.62,"Lightning Bolt, Canopy Cover, Terastodon, Greenweaver Druid, Overrun"
Buff 1,Jumpstart,Other,MOM,2023-04-20,38.64,"Surrak and Goreclaw, Kami of Whispered Hopes, Ruins Recluse, Forest, Placid Rottentail"
Buff 2,Jumpstart,Other,MOM,2023-04-20,38.64,"Surrak and Goreclaw, Kami of Whispered Hopes, Ruins Recluse, Forest, Placid Rottentail"
Buggin' Out,Secret Lair Drop,Other,SLD,2023-09-15,96.01,"Noxious Revival, Eldritch Evolution, Grist, the Hunger Tide, Giant Adephage, Mazirek, Kraul Death Priest"
Buggin' Out Foil Edition,Secret Lair Drop,Other,SLD,2023-09-15,96.01,"Noxious Revival, Eldritch Evolution, Grist, the Hunger Tide, Giant Adephage, Mazirek, Kraul Death Priest"
Bumi,Jumpstart,Other,TLE,2025-11-20,6.66,"Bumi's Feast Lecture, Crystalline Armor, Origin of Metalbending, Forest, Creeping Crystal Coating"
Burial,Theme Deck,Other,APC,2001-06-04,370.24,"Phyrexian Arena, Chromatic Sphere, Death Grasp, Forest, Elfhame Palace"
Burning,Jumpstart,Other,J25,2024-11-07,3.22,"Rionya, Fire Dancer, Firespitter Whelp, Goblin Fireslinger, Play with Fire, Wildfire Elemental"
Burning Revelations,Secret Lair Drop,Other,SLD,2024-01-26,255.85,"Akroma's Memorial, Reckless Fireweaver, Consider, Inspiring Overseer, Price of Glory"
Burning Sky,MTGO Theme Deck,Other,MIR,2006-12-05,29.89,"Mystical Tutor, Mist Dragon, Mountain, Island, Subterranean Spirit"
Cabbages,Jumpstart,Other,TLE,2025-11-20,38.32,"The Cabbage Merchant, Bosco, Just a Bear, Bumi's Feast Lecture, Elephant-Mandrill, Many Partings"
Call of Blood,Intro Pack,Other,BFZ,2015-10-02,16.66,"Zulaport Cutthroat, Felidar Sovereign, Mortuary Mire, Drana's Emissary, Defiant Bloodlord"
Call of the Kor,Theme Deck,Other,STH,1998-03-02,12.05,"Shaman en-Kor, Flickering Ward, Soltari Champion, Nomads en-Kor, Swamp"
Call of the Kor - Advanced Deck,Advanced Deck,Other,STH,1998-03-02,58.26,"Tithe, Armageddon, Shaman en-Kor, Soltari Champion, Plains"
Calling All Hydra Heads,Secret Lair Drop,Other,SLD,2023-12-08,75.67,"Zaxara, the Exemplary, Unbound Flourishing, Primordial Hydra, Gargos, Vicious Watcher, Hydroid Krasis"
Camp Comrades,Box Set,Other,FIN,2025-06-13,98.18,"Flash Photography, Campsite Cuisine, Fishing Gear, Chocobo Camp, Noctis, Heir Apparent"
Can You Feel With A Heart of Steel?,Secret Lair Drop,Other,SLD,2020-06-02,55.82,"Walking Ballista, Arcbound Ravager, Darksteel Colossus"
Caretakers,Jumpstart,Other,MSH,2026-06-26,4.37,"Doctor Strange, Surgeon, Doctor Jane Foster, Donald Blake, Guise of Thor, MJ, Rising Star, Infinity Formula"
Carlos Romão - Psychatog,World Championship Deck,Other,WC02,2002-08-14,52.46,"Psychatog, Island, Cephalid Coliseum, Island, Island"
Carnival of Blood,Intro Pack,Other,ISD,2011-09-30,59.32,"Rakish Heir, Diabolic Tutor, Mask of Avacyn, Mountain, Blood Seeker"
Cats,Jumpstart,Other,FDN,2024-11-15,0.0,"Leonin Vanguard, Helpful Hunter, Elspeth's Smite, Plains, Leonin Skyhunter"
Cats (1),Jumpstart,Other,JMP,2020-07-17,1.81,"Feline Sovereign, Pridemalkin, Canopy Stalker, Sabertooth Mauler, Keeper of Fables"
Cats (2),Jumpstart,Other,JMP,2020-07-17,21.12,"Lurking Predators, Feline Sovereign, Pridemalkin, Canopy Stalker, Keeper of Fables"
Cats 1,Jumpstart,Other,J22,2022-12-02,1.1,"Regal Caracal, King of the Pride, Felidar Cub, Make a Stand, Thriving Heath"
Cats 2,Jumpstart,Other,J22,2022-12-02,2.45,"Felidar Retreat, Trove Warden, King of the Pride, Make a Stand, Thriving Heath"
Cats 3,Jumpstart,Other,J22,2022-12-02,10.18,"Ajani, Strength of the Pride, King of the Pride, Make a Stand, Thriving Heath, Ajani's Pridemate"
Cats 4,Jumpstart,Other,J22,2022-12-02,6.59,"Leonin Warleader, King of the Pride, Make a Stand, Thriving Heath, Pouncing Lynx"
Cats Are Better Than Dogs,Secret Lair Drop,Other,SLD,2025-03-18,168.56,"Arcane Signet, Basilisk Collar, Titanic Ultimatum, Escape to the Wilds, Rip Apart"
Cats Are Better Than Dogs Foil Edition,Secret Lair Drop,Other,SLD,2025-03-18,168.56,"Arcane Signet, Basilisk Collar, Titanic Ultimatum, Escape to the Wilds, Rip Apart"
Cats of Chaos,Secret Lair Drop,Other,SLD,2026-06-16,87.97,"Aura Shards, Aggravated Assault, Chaos Warp, Utopia Sprawl, Fell the Mighty"
Cats of Chaos Foil Edition,Secret Lair Drop,Other,SLD,2026-06-16,87.97,"Aura Shards, Aggravated Assault, Chaos Warp, Utopia Sprawl, Fell the Mighty"
Cavalcade Charge,Challenger Deck,Other,Q04,2020-03-27,31.84,"Embercleave, Runaway Steam-Kin, Torbran, Thane of Red Fell, Chandra, Acolyte of Flame, Cavalcade of Calamity"
Celestial Assault,Theme Deck,Other,ONS,2002-10-07,109.88,"Oblation, Seaside Haven, Island, Airborne Aid, Island"
Centaur Shaman,Shandalar Enemy Deck,Other,PAST,1997-04-01,75.44,"Birds of Paradise, Carrion Ants, Whirling Dervish, Dark Ritual, Cockatrice"
Centaur Warchief,Shandalar Enemy Deck,Other,PAST,1997-04-01,421.57,"Mountain, Land Tax, Colossus of Sardia, Ali Baba, Kismet"
Champions of Kamigawa Foil Redemption,MTGO Redemption,Other,CHK,2004-10-31,3951.31,"Minamo, School at Water's Edge, Shizo, Death's Storehouse, Gifts Ungiven, Dosan the Falling Leaf, Kiki-Jiki, Mirror Breaker"
Champions of Kamigawa Redemption,MTGO Redemption,Other,CHK,2004-10-31,3951.31,"Minamo, School at Water's Edge, Shizo, Death's Storehouse, Gifts Ungiven, Dosan the Falling Leaf, Kiki-Jiki, Mirror Breaker"
Chandra,Jumpstart,Other,JMP,2020-07-17,3.8,"Chandra's Incinerator, Mountain, Chandra, Heart of Fire, Young Pyromancer, Thriving Bluff"
Chandra Japanese,Duel Deck,Other,DD2,2008-11-07,0.0,"Fireblast, Incinerate, Seal of Fire, Rakdos Pit Dragon, Keldon Megaliths"
"Chandra, Bold Pyromancer",Planeswalker Deck,Other,DOM,2018-04-27,20.98,"Marwyn, the Nurturer, Llanowar Elves, Chandra, Bold Pyromancer, Grunn, the Lonely King, Gilded Lotus"
"Chandra, Flame's Catalyst",Planeswalker Deck,Other,M21,2020-07-03,10.21,"Chandra, Flame's Catalyst, Chandra's Incinerator, Unleash Fury, Mountain, Double Vision"
"Chandra, Flame's Fury",Planeswalker Deck,Other,M20,2019-07-29,2.79,"Chandra, Flame's Fury, Drakuseth, Maw of Flames, Mountain, Chandra's Outrage, Ember Hauler"
"Chandra, Pyrogenius",Planeswalker Deck,Other,KLD,2016-09-30,2.09,"Aerial Responder, Fateful Showdown, Chandra, Pyrogenius, Fleetwheel Cruiser, Cathartic Reunion"
Chaos,Jumpstart,Other,J25,2024-11-07,3.12,"Violent Outburst, Chromatic Lantern, Maelstrom Colossus, Averna, the Chaos Bloom, Druid of the Anima"
Chaos Reigns,Planechase Deck,Other,PC2,2012-06-01,9.18,"Maelstrom Wanderer, Beast Within, Whirlpool Warrior, Exotic Orchard, Shardless Agent"
Chaos and Mayhem,Arena Starter Deck,Other,M19,2018-09-27,24.86,"Goblin Trashmaster, Goblin Instigator, Dragonskull Summit, Rekindling Phoenix, Open the Graves"
Charge of the Boros,Theme Deck,Other,RAV,2005-10-07,81.26,"Sunforger, Sunhome, Fortress of the Legion, Lightning Helix, Boros Garrison, Agrus Kos, Wojek Veteran"
Charging Ahead,Arena Starter Deck,Other,LTR,2023-06-20,31.38,"Surrak and Goreclaw, Samut, Vizier of Naktamun, Copperline Gorge, Wooded Ridgeline, Feldon, Ronom Excavator"
Chargoyf,Theme Deck,Other,BRB,1999-11-12,33.22,"Gorilla Warrior, Spike Weaver, Lhurgoyf, Seeker of Skybreak, Forest"
Children of Fate,Box Set,Other,FIN,2025-06-13,38.56,"Edea, Possessed Sorceress, Rinoa, Angel Wing, Fated Clash, Duelist's Flame, Squall, Gunblade Duelist"
Cho-Manno's Resolve,Theme Deck,Other,10E,2007-07-13,40.9,"Pariah, Cho-Manno, Revolutionary, Angel of Mercy, Angel's Feather, Youthful Knight"
Chucky,Secret Lair Drop,Other,SLD,2024-10-01,54.58,"Kardur, Doomscourge // Kardur, Doomscourge, Twinflame, Varragoth, Bloodsky Sire, Phyrexian Reclamation, Genesis Chamber"
Chucky Foil Edition,Secret Lair Drop,Other,SLD,2024-10-01,54.58,"Kardur, Doomscourge // Kardur, Doomscourge, Twinflame, Varragoth, Bloodsky Sire, Phyrexian Reclamation, Genesis Chamber"
Cinder Heart,Theme Deck,Other,BRB,1999-11-12,60.49,"Reanimate, Sadistic Glee, Living Death, Sewer Rats, Dark Ritual"
City Styles,Secret Lair Drop,Other,SLD,2023-04-14,292.54,"Teysa Karlov, Azusa, Lost but Seeking, Paradise Mantle, Sakashima the Impostor, Massacre Girl"
City Styles 2: Dressed to Kill,Secret Lair Drop,Other,SLD,2025-02-11,164.19,"Veyran, Voice of Duality, Karmic Guide, Selvala, Explorer Returned, Ninja of the Deep Hours, Captain Sisay"
City Styles 2: Dressed to Kill Foil Edition,Secret Lair Drop,Other,SLD,2025-02-11,164.19,"Veyran, Voice of Duality, Karmic Guide, Selvala, Explorer Returned, Ninja of the Deep Hours, Captain Sisay"
City Styles Foil Edition,Secret Lair Drop,Other,SLD,2023-04-14,292.54,"Teysa Karlov, Azusa, Lost but Seeking, Paradise Mantle, Sakashima the Impostor, Massacre Girl"
Claws of Vengeance,Theme Deck,Other,PS11,2011-01-01,0.0,"Forest, Forest, Forest, Forest, Plains"
Cleric,Shandalar Enemy Deck,Other,PAST,1997-04-01,27.88,"Meekstone, Swords to Plowshares, Savannah Lions, Tawnos's Weaponry, Plains"
Clerics (1),Jumpstart,Other,J25,2024-11-07,0.0,"Nullpriest of Oblivion, Skemfar Shadowsage, Taborax, Hope's Demise, Thriving Moor, Archfiend's Vessel"
Clerics (2),Jumpstart,Other,J25,2024-11-07,0.0,"Priest of Gix, Taborax, Hope's Demise, Severed Strands, Thriving Moor, Archfiend's Vessel"
Clerics (3),Jumpstart,Other,J25,2024-11-07,9.04,"Vito, Thorn of the Dusk Rose, Skemfar Shadowsage, Scion of Darkness, Moment of Craving, Thriving Moor"
Clerics (4),Jumpstart,Other,J25,2024-11-07,10.16,"Vito, Thorn of the Dusk Rose, Priest of Forgotten Gods, Priest of Gix, Skemfar Shadowsage, Thriving Moor"
Clue Edition Core Contents,Box Set,Other,CLU,2024-02-23,16.02,"Mastermind Plum, Apothecary White, Headliner Scarlett, Emissary Green, Commander Mustard"
Coalition Corps,Jumpstart,Other,DMU,2022-09-09,6.27,"Plains, Serra Redeemer, Love Song of Night and Day, Resolute Reinforcements, Plains"
Coalition Legion,Jumpstart,Other,DMU,2022-09-09,6.27,"Plains, Serra Redeemer, Love Song of Night and Day, Knight of Dawn's Light, Plains"
Code of the Orzhov,Theme Deck,Other,GPT,2006-02-03,73.05,"Teysa, Orzhov Scion, Hissing Miasma, Orzhova, the Church of Deals, Orzhov Basilica, Thoughtpicker Witch"
Cold-Blooded Killers,Arena Starter Deck,Other,ANB,2020-08-13,0.0,"Sanitarium Skeleton, Typhoid Rats, Malakir Cullblade, Vampire Opportunist, Mardu Outrider"
Coldsnap Fat Pack Land Pack,Bundle Land Pack,Other,CSP,2006-07-21,37.78,"Snow-Covered Island, Snow-Covered Mountain, Snow-Covered Plains, Snow-Covered Forest, Snow-Covered Swamp"
Coldsnap Foil Redemption,MTGO Redemption,Other,CSP,2006-08-20,2193.01,"Commandeer, Rite of Flame, Dark Depths, Arcum Dagsson, Counterbalance"
Coldsnap Redemption,MTGO Redemption,Other,CSP,2006-08-20,2193.01,"Commandeer, Rite of Flame, Dark Depths, Arcum Dagsson, Counterbalance"
Collectors' Edition,Box Set,Other,CED,1993-12-10,16100.19,"Black Lotus, Mox Jet, Mox Sapphire, Timetwister, Mox Emerald"
Comeback,Theme Deck,Other,PLS,2001-02-05,325.95,"Cavern Harpy, Nightscape Familiar, Ravenous Rats, Dromar's Cavern, Coastal Tower"
Commander Collection Black,Box Set,Other,CC2,2022-01-28,93.28,"Sol Ring, Reanimate, Toxic Deluge, Ophiomancer, Liliana, Heretical Healer // Liliana, Defiant Necromancer"
Commander Collection Black Premium,Box Set,Other,CC2,2022-01-28,93.28,"Sol Ring, Reanimate, Toxic Deluge, Ophiomancer, Liliana, Heretical Healer // Liliana, Defiant Necromancer"
Commander Collection: Green,Box Set,Other,CC1,2020-12-04,146.73,"Seedborn Muse, Worldly Tutor, Sylvan Library, Sol Ring, Command Tower"
Commander Collection: Green - Premium,Box Set,Other,CC1,2020-12-04,146.73,"Seedborn Muse, Worldly Tutor, Sylvan Library, Sol Ring, Command Tower"
Commander Legends: Battle for Baldur's Gate Bundle Land Pack,Bundle Land Pack,Other,CLB,2022-06-10,0.0,"Island, Island, Plains, Plains, Mountain"
Commander's Arsenal,Box Set,Other,CM1,2012-10-23,323.36,"Rhystic Study, Scroll Rack, Sylvan Library, Command Tower, Diaochan, Artful Beauty"
Commander's Arsenal Oversized,Box Set,Other,OCM1,2012-10-23,215.36,"Sliver Queen, Azusa, Lost but Seeking, Karn, Silver Golem, Karrthus, Tyrant of Jund, Grimgrin, Corpse-Born"
Company of Knights,Arena Starter Deck,Other,M21,2021-07-03,12.89,"Embercleave, Grasping Giant, Basri's Lieutenant, Plains, Worthy Knight"
Concerted Effort,Intro Pack,Other,OGW,2016-01-22,0.0,"Evolving Wilds, Angel of Renewal, Expedition Envoy, Veteran Warleader, Tranquil Expanse"
Conflux Foil Redemption,MTGO Redemption,Other,CON,2009-03-08,560.23,"Maelstrom Archangel, Exotic Orchard, Master Transmuter, Kederekt Parasite, Noble Hierarch"
Conflux Redemption,MTGO Redemption,Other,CON,2009-03-08,560.23,"Maelstrom Archangel, Exotic Orchard, Master Transmuter, Kederekt Parasite, Noble Hierarch"
Conjurer,Shandalar Enemy Deck,Other,PAST,1997-04-01,106.56,"Aladdin's Ring, Fellwar Stone, Apprentice Wizard, Counterspell, Giant Tortoise"
Conniving,Jumpstart,Other,MSH,2026-06-26,2.61,"Mysterio's Mirage, Tiger Shark, Abyssal Hunter, Leader, Super-Genius, Kid Loki, Dismissive Denial"
Conquering Hordes,Event Deck,Other,KTK,2014-09-26,45.98,"Dictate of Erebos, Spear of Heliod, Dictate of Heliod, Spirit Bonds, Bloodsoaked Champion"
Constellation 1,Jumpstart,Other,J22,2022-12-02,1.56,"Sage's Reverie, Archon of Sun's Grace, Spirited Companion, Chains of Custody, Thriving Heath"
Constellation 2,Jumpstart,Other,J22,2022-12-02,1.56,"Sage's Reverie, Sigil of the Empty Throne, Alseid of Life's Bounty, Spirited Companion, Chains of Custody"
Control Center,Arena Starter Deck,Other,AFR,2021-09-24,15.69,"Clearwater Pathway // Murkwater Pathway, Mind Flayer, Baleful Mastery, Ice Tunnel, Iymrith, Desert Doom"
Cool Ocean Breeze,Secret Lair Drop,Other,SLD,2023-04-28,247.01,"Thassa's Oracle, Thassa, Deep-Dwelling, Master of Waves, Llawan, Cephalid Empress"
Cool Ocean Breeze Foil Edition,Secret Lair Drop,Other,SLD,2023-04-28,247.01,"Thassa's Oracle, Thassa, Deep-Dwelling, Master of Waves, Llawan, Cephalid Empress"
Copied (1),Jumpstart,Other,J25,2024-11-07,0.0,"Crimson Wisps, Zada, Hedron Grinder, Fists of Flame, Young Pyromancer, Thriving Bluff"
Copied (2),Jumpstart,Other,J25,2024-11-07,0.0,"Zada, Hedron Grinder, Firespitter Whelp, Young Pyromancer, Thriving Bluff, Fire Prophecy"
Core Set 2019 Bundle Land Pack,Bundle Land Pack,Other,M19,2018-07-13,0.0,"Swamp, Forest, Plains, Mountain, Forest"
Core Set 2019 Foil Redemption,MTGO Redemption,Other,M19,2018-08-12,473.54,"Scapeshift, Nicol Bolas, the Ravager // Nicol Bolas, the Arisen, Crucible of Worlds, Arcades, the Strategist, Resplendent Angel"
Core Set 2019 Gift Pack Land Pack,Bundle Land Pack,Other,M19,2018-11-16,0.0,"Plains, Forest, Island, Swamp, Mountain"
Core Set 2019 Redemption,MTGO Redemption,Other,M19,2018-08-12,473.54,"Scapeshift, Nicol Bolas, the Ravager // Nicol Bolas, the Arisen, Crucible of Worlds, Arcades, the Strategist, Resplendent Angel"
Core Set 2020 Bundle Land Pack,Bundle Land Pack,Other,M20,2019-07-12,0.0,"Forest, Forest, Swamp, Swamp, Mountain"
Core Set 2020 Foil Redemption,MTGO Redemption,Other,M20,2019-08-11,495.6,"Field of the Dead, Veil of Summer, Kaalia, Zenith Seeker, Ajani, Strength of the Pride, Chandra, Awakened Inferno"
Core Set 2020 Redemption,MTGO Redemption,Other,M20,2019-08-11,495.6,"Field of the Dead, Veil of Summer, Kaalia, Zenith Seeker, Ajani, Strength of the Pride, Chandra, Awakened Inferno"
Core Set 2021 Bundle Land Pack,Bundle Land Pack,Other,M21,2020-07-03,0.0,"Swamp, Swamp, Plains, Plains, Island"
Core Set 2021 Foil Redemption,MTGO Redemption,Other,M21,2020-08-02,293.95,"Chromatic Orrery, Terror of the Peaks, Grim Tutor, Fiery Emancipation, Heroic Intervention"
Core Set 2021 Redemption,MTGO Redemption,Other,M21,2020-08-02,293.95,"Chromatic Orrery, Terror of the Peaks, Grim Tutor, Fiery Emancipation, Heroic Intervention"
Core Set 2021 Welcome Booster,Welcome Booster,Other,M21,2020-07-03,19.18,"Niv-Mizzet, Parun, Demon of Loathing, Underworld Dreams, Garruk, Primal Hunter, Archetype of Imagination"
Corruption 1,Jumpstart,Other,ONE,2023-02-10,2.12,"Drown in Ichor, Kinzu of the Bleak Coven, Pestilent Syphoner, Anoint with Affliction, Annihilating Glare"
Corruption 2,Jumpstart,Other,ONE,2023-02-10,0.0,"Kinzu of the Bleak Coven, Vraska's Fall, Infectious Inquiry, Bilious Skulldweller, Necrogen Communion"
Cosmic Chill by Robin Eisenberg,Secret Lair Drop,Other,SLD,2026-09-01,44.78,"Sage of Hours, Slip Through Space, Orvar, the All-Form, See Double, Sway of the Stars"
Cosmic Chill by Robin Eisenberg Foil Edition,Secret Lair Drop,Other,SLD,2026-09-01,44.78,"Sage of Hours, Slip Through Space, Orvar, the All-Form, See Double, Sway of the Stars"
Counter Surge,Challenger Deck,Other,Q01,2018-04-06,42.14,"Walking Ballista, Verdurous Gearhulk, Fatal Push, Swamp, Forest"
Counterargument,Jumpstart,Other,MSH,2026-06-26,7.9,"Matt Murdock, Justice Seeker, She-Hulk, Attorney-at-Law, Foggy Nelson, On Retainer, Political Triumph, Costume Closet"
Counterburn,Deck Builder's Toolkit,Other,M14,2013-07-19,4.46,"Guttersnipe, Goblin Electromancer, Syncopate, Izzet Charm, Nivix Cyclops"
Courageous 1,Jumpstart,Other,LTR,2023-06-23,2.54,"Saradoc, Master of Buckland, Rosie Cotton of South Lane, Bill the Pony, Slip On the Ring, Samwise the Stouthearted"
Courageous 2,Jumpstart,Other,LTR,2023-06-23,4.56,"Saradoc, Master of Buckland, Reprieve, Rosie Cotton of South Lane, Bill the Pony, Slip On the Ring"
Crack the Case,Arena Starter Deck,Other,OTJ,2024-07-08,21.36,"Meticulous Archive, Proft's Eidetic Memory, Forensic Gadgeteer, Alquist Proft, Master Sleuth, Novice Inspector"
Crack the Plates,Box Set,Other,HOB,2026-08-14,33.61,"Bilbo, Fellow Conspirator, Bag End Banquet, Thorin, King of Durin's Folk, Ori, Plate Stacker, Fíli and Kíli, Joyous"
Crag Hydra,Shandalar Enemy Deck,Other,PAST,1997-04-01,277.41,"Mountain, Shivan Dragon, Inferno, Detonate, Mana Flare"
Creep and Conquer,Event Deck,Other,RTR,2012-10-26,37.7,"Ulvenwald Tracker, Disciple of Bolas, Woodland Cemetery, Golgari Charm, Victim of Night"
Creepshow,Secret Lair Drop,Other,SLD,2023-11-30,73.3,"Death Baron // Death Baron, Grimgrin, Corpse-Born // Grimgrin, Corpse-Born, Noxious Ghoul // Noxious Ghoul, Unholy Grotto // Unholy Grotto, Zombie Master // Zombie Master"
Creepshow Foil Edition,Secret Lair Drop,Other,SLD,2023-11-30,73.3,"Death Baron // Death Baron, Grimgrin, Corpse-Born // Grimgrin, Corpse-Born, Noxious Ghoul // Noxious Ghoul, Unholy Grotto // Unholy Grotto, Zombie Master // Zombie Master"
Cries of Rage,Theme Deck,Other,PS11,2011-01-01,0.0,"Mountain, Mountain, Mountain, Mountain, Forest"
Critical Mass,Theme Deck,Other,SOK,2005-06-03,199.85,"Shuko, Thoughts of Ruin, Honden of Infinite Rage, Okiba-Gang Shinobi, Honden of Night's Reach"
Critter Corps,Arena Promotional Deck,Other,M21,2021-07-03,147.29,"The Great Henge, The Ozolith, Ram Through, Fabled Passage, Selfless Savior"
Crocodile Jackson's Monstrous Menagerie,Secret Lair Drop,Other,SLD,2022-05-06,78.88,"Managorger Hydra, Pathbreaker Ibex, Temur Sabertooth, Winding Constrictor, Ravenous Chupacabra"
Crocodile Jackson's Monstrous Menagerie Foil Etched Edition,Secret Lair Drop,Other,SLD,2022-05-06,78.88,"Managorger Hydra, Pathbreaker Ibex, Temur Sabertooth, Winding Constrictor, Ravenous Chupacabra"
Cruel 1,Jumpstart,Other,J22,2022-12-02,9.55,"Creeping Bloodsucker, Termination Facilitator, Syr Konrad, the Grim, Ob Nixilis, the Hate-Twisted, Tormented Soul"
Cruel 2,Jumpstart,Other,J22,2022-12-02,8.14,"Creeping Bloodsucker, Termination Facilitator, Plague Spitter, Feast on the Fallen, Thriving Moor"
Cruel 3,Jumpstart,Other,J22,2022-12-02,5.29,"Creeping Bloodsucker, Dread Slaver, Cruel Sadist, Feast on the Fallen, Festering Evil"
Cruel 4,Jumpstart,Other,J22,2022-12-02,9.94,"Creeping Bloodsucker, Dread Presence, Tormented Soul, Feast on the Fallen, Thriving Moor"
Cruel Plots,Intro Pack,Other,DTK,2015-03-27,9.81,"Island, Coat with Venom, Silumgar's Scorn, Sidisi's Faithful, Gravepurge"
Crusader,Shandalar Enemy Deck,Other,PAST,1997-04-01,96.67,"Dancing Scimitar, Eye for an Eye, Swords to Plowshares, White Knight, Battering Ram"
Crusher,Theme Deck,Other,ULG,1999-02-15,555.47,"Defense of the Heart, Mother of Runes, Treetop Village, Rancor, Weatherseed Treefolk"
Crusher - Enhanced Deck,Enhanced Deck,Other,ULG,1999-02-15,1896.76,"Gaea's Cradle, Might of Oaks, Eladamri, Lord of Leaves, Weatherseed Treefolk, City of Brass"
Cult of Rakdos,Arena Starter Deck,Other,M20,2019-05-03,31.52,"Blood Crypt, Bedevil, Spawn of Mayhem, Spear Spewer, Mayhem Devil"
Cult of Rakdos 1,Jumpstart,Other,CLU,2024-02-23,3.71,"Frenzied Gorespawn, Rakdos Signet, Spawn of Mayhem, Incriminating Impetus, Deadly Dispute"
Cult of Rakdos 2,Jumpstart,Other,CLU,2024-02-23,5.22,"Rakdos, the Showstopper, Carnage Interpreter, Incriminating Impetus, Rakdos Carnarium, Light Up the Stage"
Culture Shocks: Bant,Secret Lair Drop,Other,SLD,2021-08-25,27.91,"Breeding Pool, Hallowed Fountain, Temple Garden"
Culture Shocks: Esper,Secret Lair Drop,Other,SLD,2021-08-25,31.55,"Godless Shrine, Watery Grave, Hallowed Fountain"
Culture Shocks: Grixis,Secret Lair Drop,Other,SLD,2021-08-25,42.62,"Steam Vents, Watery Grave, Blood Crypt"
Culture Shocks: Jund,Secret Lair Drop,Other,SLD,2021-08-25,32.82,"Overgrown Tomb, Blood Crypt, Stomping Ground"
Culture Shocks: Naya,Secret Lair Drop,Other,SLD,2021-08-25,32.16,"Sacred Foundry, Stomping Ground, Temple Garden"
Cunning,Duel Deck,Other,DDN,2014-09-05,0.0,"Mana Leak, Arcanis the Omnipotent, Willbender, Faerie Impostor, Lightning Angel"
Cunning 1,Jumpstart,Other,LTR,2023-11-03,0.0,"Minas Tirith Garrison, Ioreth of the Healing House, Meneldor, Swift Savior, The Bath Song, Arwen's Gift"
Cunning 2,Jumpstart,Other,LTR,2023-11-03,4.7,"Lórien Revealed, Minas Tirith Garrison, Mirror of Galadriel, Elrond, Lord of Rivendell, Island"
Cunning Plan,Intro Pack,Other,FRF,2015-01-23,10.72,"Monastery Swiftspear, Refocus, Void Snare, Dragon-Style Twins, Island"
Cursed,Duel Deck,Other,DDQ,2016-02-26,1.99,"Gravecrawler, Harvester of Souls, Dread Return, Stitched Drake, Unbreathing Horde"
Custom Creatures,Theme Deck,Other,9ED,2005-07-29,55.01,"Verduran Enchantress, Overgrowth, Llanowar Elves, Forest, Forest"
Cycling 1,Jumpstart,Other,J22,2022-12-02,0.0,"Yidaro, Wandering Monster, Drannith Stinger, Quakefoot Cyclops, Thriving Bluff, Lava Serpent"
Cycling 2,Jumpstart,Other,J22,2022-12-02,0.0,"Mad Ratter, Starstorm, Irencrag Pyromancer, Drannith Stinger, Thriving Bluff"
DOOM,Jumpstart,Other,MSH,2026-06-26,85.15,"Doctor Doom, Unrivaled, Dark Ritual, Doomsday, Doombot Harbinger, Deadly Dispute"
Dan Frazier Is Back Again: The Allied Talismans,Secret Lair Drop,Other,SLD,2022-10-25,200.11,"Talisman of Dominance, Talisman of Indulgence, Talisman of Progress, Talisman of Impulse, Talisman of Unity"
Dan Frazier Is Back Again: The Allied Talismans Foil Etched Edition,Secret Lair Drop,Other,SLD,2022-10-25,200.11,"Talisman of Dominance, Talisman of Indulgence, Talisman of Progress, Talisman of Impulse, Talisman of Unity"
Dan Frazier Is Back Again: The Enemy Talismans,Secret Lair Drop,Other,SLD,2022-10-25,116.0,"Talisman of Creativity, Talisman of Hierarchy, Talisman of Conviction, Talisman of Curiosity, Talisman of Resilience"
Dan Frazier Is Back Again: The Enemy Talismans Foil Etched Edition,Secret Lair Drop,Other,SLD,2022-10-25,116.0,"Talisman of Creativity, Talisman of Hierarchy, Talisman of Conviction, Talisman of Curiosity, Talisman of Resilience"
Dan Frazier is Back: The Allied Signets,Secret Lair Drop,Other,SLD,2021-10-29,103.7,"Rakdos Signet, Dimir Signet, Azorius Signet, Gruul Signet, Selesnya Signet"
Dan Frazier is Back: The Allied Signets Foil Edition,Secret Lair Drop,Other,SLD,2021-10-29,103.7,"Rakdos Signet, Dimir Signet, Azorius Signet, Gruul Signet, Selesnya Signet"
Dan Frazier is Back: The Enemy Signets,Secret Lair Drop,Other,SLD,2021-10-29,94.22,"Izzet Signet, Orzhov Signet, Boros Signet, Simic Signet, Golgari Signet"
Dan Frazier is Back: The Enemy Signets Foil Edition,Secret Lair Drop,Other,SLD,2021-10-29,94.22,"Izzet Signet, Orzhov Signet, Boros Signet, Simic Signet, Golgari Signet"
Dan Frazier's Mox Box,Secret Lair Drop,Other,SLD,2023-09-14,467.67,"Mox Opal, Sol Ring, Mox Tantalite"
Dandân Deck,Dandan Deck,Other,SLD,2026-03-17,88.37,"Mystic Sanctuary, Capture of Jingzhou, Mental Note, Island, Dandân"
Dangerous,Clash Pack,Other,ORI,2015-07-17,12.39,"Swamp, Abzan Falconer, Dromoka, the Eternal, Abzan Battle Priest, Citadel Siege"
Dangerous Knowledge,Intro Pack,Other,EMN,2016-07-22,5.94,"Turn Aside, Pore Over the Pages, Niblis of Frost, Take Inventory, Pieces of the Puzzle"
Daniel Zink - White-Blue-Green Wake,World Championship Deck,Other,WC03,2003-08-06,41.78,"Flooded Strand, Forest, Mirari's Wake, Moment's Peace, Island"
Dark Alliance,Theme Deck,Other,ATH,1998-11-01,65.97,"Strip Mine, Goblin Recruiter, Hypnotic Specter, Goblin King, Pyrokinesis"
Dark Ascension Fat Pack Land Pack,Bundle Land Pack,Other,DKA,2012-02-03,16.56,"Mountain, Swamp, Island, Swamp, Forest"
Dark Ascension Foil Redemption,MTGO Redemption,Other,DKA,2012-03-04,422.57,"Mikaeus, the Unhallowed, Moonveil Dragon, Grafdigger's Cage, Vault of the Archangel, Drogskol Reaver"
Dark Ascension Redemption,MTGO Redemption,Other,DKA,2012-03-04,422.57,"Mikaeus, the Unhallowed, Moonveil Dragon, Grafdigger's Cage, Vault of the Archangel, Drogskol Reaver"
Dark Devotion,Theme Deck,Other,BOK,2005-02-04,56.77,"Heartless Hidetsugu, Blood Speaker, Yukora, the Prisoner, Overblaze, Mark of the Oni"
Dark Sacrifice,Intro Pack,Other,DKA,2012-02-03,27.5,"Champion of the Parish, Unburial Rites, Swamp, Swamp, Wakedancer"
Darksteel Foil Redemption,MTGO Redemption,Other,DST,2004-03-07,1656.08,"Panoptic Mirror, Darksteel Forge, Skullclamp, Arcbound Ravager, Trinisphere"
Darksteel Redemption,MTGO Redemption,Other,DST,2004-03-07,1656.08,"Panoptic Mirror, Darksteel Forge, Skullclamp, Arcbound Ravager, Trinisphere"
Dave Humpherys - Blue-Green Madness,World Championship Deck,Other,WC03,2003-08-06,59.59,"City of Brass, Aquamoeba, Wonder, Island, Careful Study"
Day of the Dragon,Starter Kit,Other,WOE,2023-09-08,5.9,"Shivan Devastator, Sarkhan, Soul Aflame, Ingenious Prodigy, Ragefire Hellkite, Aether Channeler"
Dead Again,Theme Deck,Other,9ED,2005-07-29,39.43,"Underworld Dreams, Swamp, Nightmare, Swamp, Swamp"
Dead Ahead,Intro Pack,Other,ARB,2009-04-30,29.68,"Terramorphic Expanse, Swamp, Mountain, Lightning Reaver, Mountain"
Dead and Alive,MTGO Theme Deck,Other,WTH,2007-12-12,30.35,"Necromancy, Buried Alive, Infernal Tribute, Swamp, Swamp"
Deadly Discovery,Challenger Deck,Other,Q02,2019-04-12,43.62,"Overgrown Tomb, The Eldest Reborn, Vraska, Relic Seeker, Llanowar Elves, Wildgrowth Walker"
Deadly Instinct,Theme Deck,Other,S99,1999-07-12,1.94,"Ancient Craving, Swamp, Swamp, Swamp, Ravenous Rats"
Deadspread,Intro Pack,Other,SOM,2010-10-01,98.45,"Contagion Engine, Leaden Myr, Silver Myr, Throne of Geth, Swamp"
"Death Is Temporary, Metal Is Forever",Secret Lair Drop,Other,SLD,2023-08-29,238.64,"Nekusar, the Mindrazer, Syr Konrad, the Grim, Underworld Dreams, Wheel of Misfortune, Waste Not"
"Death Is Temporary, Metal Is Forever Foil Edition",Secret Lair Drop,Other,SLD,2023-08-29,238.64,"Nekusar, the Mindrazer, Syr Konrad, the Grim, Underworld Dreams, Wheel of Misfortune, Waste Not"
Death March,Theme Deck,Other,EVE,2008-07-25,105.07,"Quillspike, Swamp, Creakwood Liege, Doomgape, Viridescent Wisps"
Death Reaper,Intro Pack,Other,M14,2013-07-19,2.0,"Staff of the Death Magus, Swamp, Mountain, Liliana's Reaver, Swamp"
Death's Beginning,Intro Pack,Other,BNG,2014-02-07,26.46,"Archetype of Finality, Satyr Wayfinder, Raised by Wolves, Forest, Nighthowler"
Death's Encroach,Event Deck,Other,AVR,2012-05-25,74.41,"Dismember, Geralf's Messenger, Cemetery Reaper, Gravecrawler, Lashwrithe"
Death's Minions,Intro Pack,Other,M10,2009-07-17,32.0,"Cemetery Reaper, Diabolic Tutor, Tendrils of Corruption, Doom Blade, Swamp"
Deathbreed,MTGO Theme Deck,Other,ME2,2008-09-22,0.0,"Snow-Covered Swamp, Armor Thrull, Ashen Ghoul, Basal Thrull, Cuombajj Witches"
Deathfed,Event Deck,Other,ISD,2011-10-28,140.31,"Green Sun's Zenith, Birds of Paradise, Gnaw to the Bone, Hinterland Harbor, Bonehoard"
Deathly Dominion,Intro Pack,Other,ISD,2011-09-30,19.72,"Rampant Growth, Reassembling Skeleton, Swamp, Caravan Vigil, Swamp"
Decay,Theme Deck,Other,7ED,2001-04-11,980.57,"Charcoal Diamond, Blood Pet, Duress, Greed, Fallen Angel"
Deceptive Divination,Secret Lair Drop,Other,SLD,2024-02-23,52.54,"Scheming Symmetry, Price of Progress, Eternal Witness, Wall of Omens, Circular Logic"
Deceptive Divination Foil Edition,Secret Lair Drop,Other,SLD,2024-02-23,73.18,"Scheming Symmetry, Price of Progress, Eternal Witness, Wall of Omens, Circular Logic"
Deck A,Starter Deck,Other,5ED,1997-04-24,24.4,"City of Brass, Forest, Mountain, Mountain, Plains"
Deck B,Starter Deck,Other,6ED,1999-04-21,2.58,"Counterspell, Mountain, Island, Mountain, Island"
Deck Builder's Toolkit,Deck Builder's Toolkit,Other,THB,2020-01-24,19.53,"Serpent of Yawning Depths, Demon of Loathing, Gray Merchant of Asphodel, Terror of Mount Velus, Heraldic Banner"
Deep Freeze,Theme Deck,Other,TMP,1997-10-14,6.44,"Counterspell, Avenging Angel, Puppet Strings, Island, Island"
Deep Freeze - Advanced Deck,Advanced Deck,Other,TMP,1997-10-14,21.51,"Wrath of God, Adarkar Wastes, Counterspell, Desertion, Avenging Angel"
Deepwood Menace,Theme Deck,Other,MMQ,1999-10-04,265.66,"Thunderclap, Natural Affinity, Vine Trellis, Volcanic Wind, Battle Squadron"
Deepwood Menace - Enhanced Deck,Enhanced Deck,Other,MMQ,1999-10-04,2462.82,"Gaea's Cradle, Deranged Hermit, Treetop Village, Rancor, Collective Unconscious"
Defeat a God,Challenge Deck,Other,TDAG,2014-05-25,5.0,"Xenagos Ascended, Xenagos's Strike, Xenagos's Scorn, Impulsive Return, Impulsive Destruction"
Defenders of the Cause,Theme Deck,Other,ATH,1998-11-01,33.32,"Armageddon, Swords to Plowshares, Mirri, Cat Warrior, Pendelhaven, Brushland"
Demo Booster Player 1,Welcome Booster,Other,9ED,2005-07-29,7.74,"Grizzly Bears, Forest, Forest, Forest, Plains"
Demo Booster Player 2,Welcome Booster,Other,9ED,2005-07-29,17.43,"Swamp, Mountain, Mountain, Swamp, Mountain"
Demo deck A,Demo Deck,Other,S99,1999-07-12,0.0,"Plains, Island, Giant Octopus, Wind Drake, Eager Cadet"
Demo deck B,Demo Deck,Other,P02,1998-06-24,5.92,"Swamp, Forest, Swamp, Mountain, Mountain"
Demonic,Duel Deck,Other,DVD,2014-12-05,86.17,"Demonic Tutor, Dark Ritual, Stinkweed Imp, Abyssal Gatekeeper, Soot Imp"
Demonic Deals,Intro Pack,Other,ORI,2015-07-17,18.12,"Chandra's Ignition, Swamp, Fiery Impulse, Kothophed, Soul Hoarder, Malakir Cullblade"
Demons 1,Jumpstart,Other,J22,2022-12-02,0.0,"Demon's Disciple, Kothophed, Soul Hoarder, Disciple of Perdition, Inner Demon, Thriving Moor"
Demons 2,Jumpstart,Other,J22,2022-12-02,1.89,"Seizan, Perverter of Truth, Demon's Disciple, Dreadhound, Demon of Catastrophes, Disciple of Perdition"
Depths of Power,Intro Pack,Other,M13,2012-07-13,31.73,"Elixir of Immortality, Archaeomancer, Stormtide Leviathan, Mindclaw Shaman, Ring of Evos Isle"
Desert Oasis,Arena Starter Deck,Other,OTJ,2024-07-08,59.61,"Bristly Bill, Spine Sower, Hedge Maze, Case of the Locked Hothouse, Sentinel of the Nameless City, Bonny Pall, Clearcutter"
Desperate Stand,Intro Pack,Other,OGW,2016-01-22,6.83,"Cliffhaven Vampire, Drana's Emissary, Kalastria Healer, Evolving Wilds, Expedition Envoy"
Destructive Firepower,Arena Starter Deck,Other,ANB,2020-03-12,3.01,"Dreadhorde Arcanist, Drakuseth, Maw of Flames, Chandra's Outrage, Ember Hauler, Spellgorger Weird"
Detective 1,Jumpstart,Other,J22,2022-12-02,4.04,"Mechanized Production, Thriving Isle, Vedalken Engineer, Jace's Scrutiny, Gearseeker Serpent"
Detective 2,Jumpstart,Other,J22,2022-12-02,23.58,"Teferi's Puzzle Box, Psychosis Crawler, Thriving Isle, Vedalken Engineer, Jace's Scrutiny"
Detective 3,Jumpstart,Other,J22,2022-12-02,0.0,"Shimmer Dragon, Thriving Isle, Vedalken Engineer, Jace's Scrutiny, Hold for Questioning"
Detective 4,Jumpstart,Other,J22,2022-12-02,10.88,"Tamiyo, the Moon Sage, Tamiyo's Journal, Thriving Isle, Vedalken Engineer, Jace's Scrutiny"
Devastation,Theme Deck,Other,ONS,2002-10-07,275.94,"Naturalize, Cryptic Gateway, Tranquil Thicket, Explosive Vegetation, Forgotten Cave"
Devilish (1),Jumpstart,Other,JMP,2020-07-17,0.0,"Zurzoth, Chaos Rider, Traitorous Greed, Pitchburn Devils, Hobblefiend, Thriving Bluff"
Devilish (2),Jumpstart,Other,JMP,2020-07-17,0.0,"Zurzoth, Chaos Rider, Traitorous Greed, Pitchburn Devils, Hobblefiend, Thriving Bluff"
Devilish (3),Jumpstart,Other,JMP,2020-07-17,3.01,"Brash Taunter, Traitorous Greed, Pitchburn Devils, Hobblefiend, Thriving Bluff"
Devilish (4),Jumpstart,Other,JMP,2020-07-17,2.94,"Hellrider, Traitorous Greed, Sin Prodder, Pitchburn Devils, Hobblefiend"
Devotion to Darkness,Intro Pack,Other,THS,2013-09-27,23.41,"Whip of Erebos, Gray Merchant of Asphodel, Island, Island, Swamp"
Devouring Skies,Intro Pack,Other,NPH,2011-05-13,84.63,"Argentum Armor, Brass Squire, Silver Myr, Swamp, Swamp"
Diabolical Dioramas,Secret Lair Drop,Other,SLD,2024-04-15,48.14,"Aura Shards, Fiend Artisan, Gravebreaker Lamia, Karador, Ghost Chieftain"
Diabolical Dioramas Foil Edition,Secret Lair Drop,Other,SLD,2024-04-15,48.58,"Aura Shards, Fiend Artisan, Karador, Ghost Chieftain, Gravebreaker Lamia"
Dimir,Guild Kit,Other,GK1,2018-11-02,8.74,"Glimpse the Unthinkable, Etrata, the Silencer, Dimir Signet, Price of Fame, Mission Briefing"
Dimir Control,Pioneer Challenger Deck,Other,Q08,2022-11-04,49.46,"Watery Grave, Narset, Parter of Veils, Drowned Catacomb, Mystical Dispute, Fatal Push"
Dimir Dementia,Intro Pack,Other,GTC,2013-02-01,26.64,"Whispering Madness, Duskmantle Guildmage, Jace's Phantasm, Dimir Keyrune, Wight of Precinct Six"
Dimir Intrigues,Theme Deck,Other,RAV,2005-10-07,51.86,"Dimir Aqueduct, Dimir Signet, Dimir Infiltrator, Szadek, Lord of Secrets, Dimir House Guard"
Dimir Manipulation,Arena Starter Deck,Other,DOM,2018-03-22,41.28,"Nezahal, Primal Tide, Tetzimoc, Primal Death, Ravenous Chupacabra, Overflowing Insight, Treasure Map // Treasure Cove"
Dimir Rogue,Challenger Deck,Other,Q05,2021-04-02,24.51,"Malakir Rebirth // Malakir Mire, Rankle, Master of Pranks, Swamp, Drown in the Loch, Island"
Dinner,Jumpstart,Other,J25,2024-11-07,4.06,"Tireless Provisioner, Hurska Sweet-Tooth, Trail of Crumbs, Gingerbrute, Giant Opportunity"
Dino Might,Arena Starter Deck,Other,OTJ,2024-07-08,52.06,"Ghalta, Stampede Tyrant, Commercial District, Hulking Raptor, Trumpeting Carnosaur, Pugnacious Hammerskull"
Dinosaurs (1),Jumpstart,Other,J25,2024-11-07,0.0,"Ghalta, Primal Hunger, Rampant Growth, Commune with Dinosaurs, Drowsing Tyrannodon, Thundering Spineback"
Dinosaurs (2),Jumpstart,Other,JMP,2020-07-17,8.72,"Selvala, Heart of the Wilds, Garruk's Uprising, Ornery Dilophosaur, Forest, Commune with Dinosaurs"
Dinosaurs (3),Jumpstart,Other,JMP,2020-07-17,2.56,"Cultivate, Ghalta, Primal Hunger, Ornery Dilophosaur, Forest, Commune with Dinosaurs"
Dinosaurs (4),Jumpstart,Other,JMP,2020-07-17,1.82,"Garruk's Uprising, Ornery Dilophosaur, Forest, Rampaging Brontodon, Commune with Dinosaurs"
Discarding (1),Jumpstart,Other,JMP,2020-07-17,16.92,"Tinybones, Trinket Thief, Fell Specter, Ravenous Chupacabra, Swamp, Burglar Rat"
Discarding (2),Jumpstart,Other,JMP,2020-07-17,1.55,"Fell Specter, Ravenous Chupacabra, Swamp, Liliana's Reaver, Nyxathid"
Dismissal,Theme Deck,Other,INV,2000-10-02,371.6,"Opt, Disrupt, Prohibit, Ravenous Rats, Island"
Disrupter,Theme Deck,Other,MMQ,1999-10-04,1564.59,"Dark Ritual, Snuff Out, Thunderclap, Thrashing Wumpus, Vendetta"
Disrupter - Enhanced Deck,Enhanced Deck,Other,MMQ,1999-10-04,1566.74,"Dark Ritual, Snuff Out, Thunderclap, Thrashing Wumpus, Avalanche Riders"
Dissension Foil Redemption,MTGO Redemption,Other,DIS,2006-06-04,2024.04,"Hallowed Fountain, Breeding Pool, Blood Crypt, Psychic Possession, Grand Arbiter Augustin IV"
Dissension Redemption,MTGO Redemption,Other,DIS,2006-06-04,2024.04,"Hallowed Fountain, Breeding Pool, Blood Crypt, Psychic Possession, Grand Arbiter Augustin IV"
Distress,Theme Deck,Other,PCY,2000-06-05,1784.9,"Dark Ritual, Avatar of Woe, Snuff Out, Peat Bog, Seal of Cleansing"
Divine,Duel Deck,Other,DVD,2014-12-05,8.83,"Akroma, Angel of Wrath, Reya Dawnbringer, Luminous Angel, Pacifism, Angelsong"
Doctor (1),Jumpstart,Other,JMP,2020-07-17,4.43,"Light of Promise, Speaker of the Heavens, Anointed Chorister, Plains, Brightmare"
Doctor (2),Jumpstart,Other,JMP,2020-07-17,4.43,"Light of Promise, Speaker of the Heavens, Anointed Chorister, Plains, Secure the Scene"
Doctor (3),Jumpstart,Other,JMP,2020-07-17,5.29,"Light of Promise, Rhox Faithmender, Anointed Chorister, Plains, Brightmare"
Doctor (4),Jumpstart,Other,JMP,2020-07-17,0.0,"Cradle of Vitality, Anointed Chorister, Plains, Brightmare, Path of Bravery"
Doctor Who: Regeneration,Secret Lair Drop,Other,SLD,2024-04-09,230.29,"The Fourteenth Doctor, The Meep, The Fifteenth Doctor, The Celestial Toymaker, Rose Noble"
Doctor Who: Regeneration Foil Edition,Secret Lair Drop,Other,SLD,2024-04-09,230.29,"The Fourteenth Doctor, The Meep, The Fifteenth Doctor, The Celestial Toymaker, Rose Noble"
Doctor Who: The Dalek Lands,Secret Lair Drop,Other,SLD,2023-12-18,47.24,"Spirebluff Canal, Botanical Sanctum, Blooming Marsh, Concealed Courtyard, Inspiring Vantage"
Doctor Who: The Dalek Lands Foil Edition,Secret Lair Drop,Other,SLD,2023-12-18,47.24,"Spirebluff Canal, Botanical Sanctum, Blooming Marsh, Concealed Courtyard, Inspiring Vantage"
Doctor Who: The Weeping Angels,Secret Lair Drop,Other,SLD,2023-12-18,45.01,"Blinding Angel, Angel of the Ruins, Angel of Serenity, Sublime Archangel, Restoration Angel"
Doctor Who: The Weeping Angels Foil Edition,Secret Lair Drop,Other,SLD,2023-11-30,45.01,"Blinding Angel, Angel of the Ruins, Angel of Serenity, Sublime Archangel, Restoration Angel"
Dogs (1),Jumpstart,Other,JMP,2020-07-17,3.73,"Plains, Selfless Savior, Pack Leader, Plains, Secure the Scene"
Dogs (2),Jumpstart,Other,JMP,2020-07-17,4.65,"Plains, Isamaru, Hound of Konda, Pack Leader, Plains, Secure the Scene"
Dogs Are Better Than Cats,Secret Lair Drop,Other,SLD,2025-03-18,126.59,"Arcane Signet, Basilisk Collar, Titanic Ultimatum, Rip Apart, Escape to the Wilds"
Dogs Are Better Than Cats Foil Edition,Secret Lair Drop,Other,SLD,2025-03-18,126.59,"Arcane Signet, Basilisk Collar, Titanic Ultimatum, Rip Apart, Escape to the Wilds"
Domain,Theme Deck,Other,PLS,2001-02-05,316.34,"Quirion Dryad, Harrow, Rith's Charm, Island, Island"
Dome Destruction,Arena Starter Deck,Other,ANB,2019-09-26,3.01,"Dreadhorde Arcanist, Drakuseth, Maw of Flames, Chandra's Outrage, Ember Hauler, Spellgorger Weird"
Dominaria Bundle Land Pack,Bundle Land Pack,Other,DOM,2018-04-27,0.0,"Island, Swamp, Mountain, Mountain, Plains"
Dominaria Foil Redemption,MTGO Redemption,Other,DOM,2018-05-27,505.49,"Mox Amber, Cabal Stronghold, Helm of the Host, Unwind, Teferi, Hero of Dominaria"
Dominaria Redemption,MTGO Redemption,Other,DOM,2018-05-27,505.49,"Mox Amber, Cabal Stronghold, Helm of the Host, Unwind, Teferi, Hero of Dominaria"
Dominaria United Bundle Land Pack,Bundle Land Pack,Other,DMU,2022-09-09,0.0,"Mountain, Mountain, Swamp, Swamp, Plains"
Dominaria United Foil Redemption,MTGO Redemption,Other,DMU,2022-09-28,251.36,"Sheoldred, the Apocalypse, Timeless Lotus, Silverback Elder, Plaza of Heroes, Vesuvan Duplimancy"
Dominaria United Redemption,MTGO Redemption,Other,DMU,2022-09-28,251.36,"Sheoldred, the Apocalypse, Timeless Lotus, Silverback Elder, Plaza of Heroes, Vesuvan Duplimancy"
Dominaria United Welcome Booster,Welcome Booster,Other,DMU,2022-09-09,5.38,"Blackblade Reforged, Ajani, the Greathearted, Phylath, World Sculptor, Ertai's Scorn, Commander's Sphere"
Dominator - Advanced Deck,Advanced Deck,Other,EXO,1998-06-15,116.69,"Wasteland, Undiscovered Paradise, Winter Orb, Propaganda, Fellwar Stone"
Dominator - Basic Deck,Theme Deck,Other,EXO,1998-06-15,18.6,"Propaganda, Counterspell, Equilibrium, Erratic Portal, Dominating Licid"
"Domri, City Smasher",Planeswalker Deck,Other,RNA,2019-01-25,3.87,"Mountain, End-Raze Forerunners, Forest, Domri, City Smasher, Gruul Guildgate"
Donatello,Theme Deck,Other,TMT,2026-03-06,13.03,"Utrom Monitor, April O'Neil, Human Element, Sewer-veillance Cam, Donatello, Rad Scientist, Manhole Cover"
Doom Inevitable,Intro Pack,Other,MBS,2011-02-04,34.59,"Psychosis Crawler, Bonehoard, Contagion Clasp, Steady Progress, Swamp"
"Dovin, Architect of Law",Planeswalker Deck,Other,RNA,2019-01-25,18.35,"Verity Circle, Unbreakable Formation, Dovin, Architect of Law, Island, Azorius Guildgate"
Draconic Fury,Game Night Deck,Other,GN2,2019-11-15,27.12,"Glint-Horn Buccaneer, Fiendish Duo, Dragon Mage, Lathliss, Dragon Queen, Drakuseth, Maw of Flames"
Dracur,Shandalar Enemy Deck,Other,PAST,1997-04-01,5921.53,"Mox Emerald, Mox Ruby, Mountain, Strip Mine, Desert Twister"
Dragon's Endgame,San Diego Comic Con Promos,Other,PS19,2019-07-18,225.29,"Nicol Bolas, Dragon-God, God-Eternal Oketra, God-Eternal Bontu, God-Eternal Kefnet, God-Eternal Rhonas"
Dragon's Fire,Arena Starter Deck,Other,M19,2018-09-27,14.28,"Lathliss, Dragon Queen, Goblin Instigator, Charging Monstrosaur, Spit Flame, Demanding Dragon"
Dragon's Maze Foil Redemption,MTGO Redemption,Other,DGM,2013-06-02,240.99,"Hidden Strings, Render Silent, Voice of Resurgence, Progenitor Mimic, Blood Baron of Vizkopa"
Dragon's Maze Redemption,MTGO Redemption,Other,DGM,2013-06-02,240.99,"Hidden Strings, Render Silent, Voice of Resurgence, Progenitor Mimic, Blood Baron of Vizkopa"
Dragons,Duel Deck,Other,DDG,2011-04-01,21.61,"Seething Song, Dragonspeaker Shaman, Bloodmark Mentor, Skirk Prospector, Kilnmouth Dragon"
Dragons (1),Jumpstart,Other,JMP,2020-07-17,37.54,"Terror of the Peaks, Dragonspeaker Shaman, Mountain, Dragon Fodder, Thriving Bluff"
Dragons (2),Jumpstart,Other,JMP,2020-07-17,0.0,"Lathliss, Dragon Queen, Gadrak, the Crown-Scourge, Mountain, Dragonlord's Servant, Dragon Fodder"
Dragons 1,Jumpstart,Other,J22,2022-12-02,0.0,"Dragon Mage, Sarkhan, the Dragonspeaker, Thriving Bluff, Sarkhan's Whelp, Plundering Predator"
Dragons 2,Jumpstart,Other,J22,2022-12-02,4.96,"Dragonspeaker Shaman, Lathliss, Dragon Queen, Dragon's Hoard, Dragon Mage, Dragonlord's Servant"
Dragons of Tarkir Fat Pack Land Pack,Bundle Land Pack,Other,DTK,2015-03-27,7.82,"Plains, Island, Forest, Island, Mountain"
Dragons of Tarkir Foil Redemption,MTGO Redemption,Other,DTK,2015-04-26,402.17,"Shaman of Forgotten Ways, Haven of the Spirit Dragon, Sarkhan Unbroken, Dragonlord Dromoka, Narset Transcendent"
Dragons of Tarkir Redemption,MTGO Redemption,Other,DTK,2015-04-26,402.17,"Shaman of Forgotten Ways, Haven of the Spirit Dragon, Sarkhan Unbroken, Dragonlord Dromoka, Narset Transcendent"
Draw Your Hand,Secret Lair Drop,Other,SLD,2023-04-14,69.27,"Counterbalance, Deafening Silence, Eldrazi Conscription, Bruna, Light of Alabaster"
Draw Your Hand Foil Edition,Secret Lair Drop,Other,SLD,2023-04-14,69.27,"Counterbalance, Deafening Silence, Eldrazi Conscription, Bruna, Light of Alabaster"
Dreaming Darkly,Secret Lair Drop,Other,SLD,2025-10-27,49.36,"Guardian Project, Glen Elendra Archmage, Soulherder, Roon of the Hidden Realm"
Dreaming Darkly Foil Edition,Secret Lair Drop,Other,SLD,2025-10-27,49.36,"Guardian Project, Glen Elendra Archmage, Soulherder, Roon of the Hidden Realm"
Drowned (1),Jumpstart,Other,J25,2024-11-07,1.44,"Neerdiv, Devious Diver, Shipwreck Dowser, Wall of Lost Thoughts, Ipnu Rivulet, Thriving Isle"
Drowned (2),Jumpstart,Other,J25,2024-11-07,1.44,"Neerdiv, Devious Diver, Cackling Counterpart, Wall of Lost Thoughts, Towering-Wave Mystic, Waker of Waves"
Druid,Shandalar Enemy Deck,Other,PAST,1997-04-01,214.14,"Mishra's Factory, Killer Bees, Oasis, Nafs Asp, Instill Energy"
Dungeon Delving,Arena Starter Deck,Other,AFR,2021-09-24,11.32,"Acererak the Archlich, Brightclimb Pathway // Grimclimb Pathway, Triumphant Adventurer, Vanishing Verse, Nullpriest of Oblivion"
Dungeons & Dragons: An Exhibition of Adventure,Secret Lair Drop,Other,SLD,2024-08-28,125.24,"Goldspan Dragon, Ponder, Monster Manual // Zoological Study, Acererak the Archlich, Faithless Looting"
Dungeons & Dragons: An Exhibition of Adventure Foil Edition,Secret Lair Drop,Other,SLD,2024-08-28,125.24,"Goldspan Dragon, Ponder, Monster Manual // Zoological Study, Acererak the Archlich, Faithless Looting"
Dungeons & Dragons: Astarion's Thirst,Secret Lair Drop,Other,SLD,2024-08-28,156.98,"Exquisite Blood, Astarion, the Decadent, Sanguine Bond, Anguished Unmaking, Mortify"
Dungeons & Dragons: Astarion's Thirst Foil Edition,Secret Lair Drop,Other,SLD,2024-08-28,156.98,"Exquisite Blood, Astarion, the Decadent, Sanguine Bond, Anguished Unmaking, Mortify"
Dungeons & Dragons: Black Lights & Dark Dungeons,Secret Lair Drop,Other,SLD,2026-03-02,112.85,"Displacer Kitten, Tortured Existence, Seasoned Dungeoneer, Sefris of the Hidden Ways"
Dungeons & Dragons: Black Lights & Dark Dungeons Foil Edition,Secret Lair Drop,Other,SLD,2026-03-02,112.85,"Displacer Kitten, Tortured Existence, Seasoned Dungeoneer, Sefris of the Hidden Ways"
Dungeons & Dragons: Death is in the Eyes of the Beholder I,Secret Lair Drop,Other,SLD,2024-08-28,44.91,"Stifle, Bribery, Xanathar, Guild Kingpin, Blood Money, Delay"
Dungeons & Dragons: Death is in the Eyes of the Beholder I Foil Edition,Secret Lair Drop,Other,SLD,2024-08-28,44.91,"Stifle, Bribery, Xanathar, Guild Kingpin, Blood Money, Delay"
Dungeons & Dragons: Death is in the Eyes of the Beholder II,Secret Lair Drop,Other,SLD,2024-08-28,57.29,"Karazikar, the Eye Tyrant, Snuff Out, Oubliette, Fire Covenant, Defile"
Dungeons & Dragons: Death is in the Eyes of the Beholder II Foil Edition,Secret Lair Drop,Other,SLD,2024-08-28,57.29,"Karazikar, the Eye Tyrant, Snuff Out, Oubliette, Fire Covenant, Defile"
Dungeons & Dragons: Gale's Ambition,Secret Lair Drop,Other,SLD,2026-03-02,36.77,"Arcane Denial, Personal Tutor, Brainstorm, Gale, Waterdeep Prodigy, Archmage's Charm"
Dungeons & Dragons: Gale's Ambition Foil Edition,Secret Lair Drop,Other,SLD,2026-03-02,36.77,"Arcane Denial, Personal Tutor, Brainstorm, Gale, Waterdeep Prodigy, Archmage's Charm"
Dungeons & Dragons: Honor Among Thieves,Secret Lair Drop,Other,SLD,2023-03-31,91.15,"Bohn, Beguiling Balladeer, Casal, Lurkwood Pathfinder // Casal, Pathbreaker Owlbear, Rashel, Fist of Torm, Mathise, Surge Channeler, Evin, Waterdeep Opportunist"
Dungeons & Dragons: Honor Among Thieves Foil Edition,Secret Lair Drop,Other,SLD,2023-03-31,91.15,"Bohn, Beguiling Balladeer, Casal, Lurkwood Pathfinder // Casal, Pathbreaker Owlbear, Rashel, Fist of Torm, Mathise, Surge Channeler, Evin, Waterdeep Opportunist"
Dungeons & Dragons: Karlach's Rage,Secret Lair Drop,Other,SLD,2024-08-28,120.44,"Karlach, Fury of Avernus, Dolmen Gate, City on Fire, Stranglehold, Thrill of Possibility"
Dungeons & Dragons: Karlach's Rage Foil Edition,Secret Lair Drop,Other,SLD,2024-08-28,120.44,"Karlach, Fury of Avernus, Dolmen Gate, City on Fire, Stranglehold, Thrill of Possibility"
Dungeons & Dragons: Lands of the Forgotten Realms,Secret Lair Drop,Other,SLD,2026-03-02,30.85,"Swamp, Island, Forest, Mountain, Plains"
Dungeons & Dragons: Lands of the Forgotten Realms Foil Edition,Secret Lair Drop,Other,SLD,2026-03-02,30.85,"Swamp, Island, Forest, Mountain, Plains"
Dungeons & Dragons: Shadowheart's Devotion,Secret Lair Drop,Other,SLD,2026-03-02,72.32,"Ancient Bronze Dragon, Shadowheart, Dark Justiciar, Beseech the Queen, Victimize, Black Market"
Dungeons & Dragons: Shadowheart's Devotion Foil Edition,Secret Lair Drop,Other,SLD,2026-03-02,72.32,"Ancient Bronze Dragon, Shadowheart, Dark Justiciar, Beseech the Queen, Victimize, Black Market"
Dungeons & Dragons: Shadows Over Baldur's Gate,Secret Lair Drop,Other,SLD,2026-03-02,58.4,"Xorn, Grim Hireling, Prosper, Tome-Bound, Wild-Magic Sorcerer"
Dungeons & Dragons: Shadows Over Baldur's Gate Foil Edition,Secret Lair Drop,Other,SLD,2026-03-02,58.4,"Xorn, Grim Hireling, Prosper, Tome-Bound, Wild-Magic Sorcerer"
Dungeons & Dragons: Strahd's Descent,Secret Lair Drop,Other,SLD,2026-03-02,55.42,"Bloodletter of Aclazotz, Strefan, Maurer Progenitor, End the Festivities, Voldaren Estate"
Dungeons & Dragons: Strahd's Descent Foil Edition,Secret Lair Drop,Other,SLD,2026-03-02,55.42,"Bloodletter of Aclazotz, Strefan, Maurer Progenitor, End the Festivities, Voldaren Estate"
Dungeons & Dragons: Whispers in Candlekeep,Secret Lair Drop,Other,SLD,2026-03-02,81.96,"Miirym, Sentinel Wyrm, Klauth, Unrivaled Ancient, Dragonborn Champion, Counterspell"
Dungeons & Dragons: Whispers in Candlekeep Foil Edition,Secret Lair Drop,Other,SLD,2026-03-02,81.96,"Miirym, Sentinel Wyrm, Klauth, Unrivaled Ancient, Dragonborn Champion, Counterspell"
Duskmourn: House of Horror Bundle Land Pack,Bundle Land Pack,Other,DSK,2024-09-27,2.82,"Swamp, Swamp, Mountain, Mountain, Forest"
Duskmourn: House of Horror Nightmare Bundle Land Pack,Bundle Land Pack,Other,DSK,2024-10-18,1.41,"Swamp, Mountain, Forest, Island, Plains"
Duskmourn: House of Horror Redemption,MTGO Redemption,Other,DSK,2024-10-16,336.37,"Valgavoth, Terror Eater, Overlord of the Balemurk, Enduring Vitality, Abhorrent Oculus, Tyvar, the Pummeler"
Dwarf Fortress: Create New World,Secret Lair Drop,Other,SLD,2026-05-12,34.21,"Terror of the Peaks, Rogue's Passage, Rune-Scarred Demon, Communal Brewing, Secret Rendezvous"
Dwarf Fortress: Create New World Foil Edition,Secret Lair Drop,Other,SLD,2026-05-12,34.21,"Terror of the Peaks, Rogue's Passage, Rune-Scarred Demon, Communal Brewing, Secret Rendezvous"
EVERYTHING IS ON FIRE,Secret Lair Drop,Other,SLD,2025-05-13,55.43,"Dragon's Rage Channeler, Chain Lightning, Lava Spike, Skewer the Critics, Rift Bolt"
EVERYTHING IS ON FIRE Foil Edition,Secret Lair Drop,Other,SLD,2025-05-13,55.43,"Dragon's Rage Channeler, Chain Lightning, Lava Spike, Skewer the Critics, Rift Bolt"
EVERYTHING IS ON FIRE Raised Foil Edition,Secret Lair Drop,Other,SLD,2025-05-13,74.49,"Dragon's Rage Channeler, Chain Lightning, Rift Bolt, Lava Spike, Skewer the Critics"
Ears of the Elves,Theme Deck,Other,PS11,2011-01-01,0.0,"Forest, Forest, Forest, Forest, Swamp"
Earth Kingdom (1),Jumpstart,Other,TLE,2025-11-20,5.32,"Descendants' Path, Match the Odds, Suki, Kyoshi Warrior, Forest, Thriving Grove"
Earth Kingdom (2),Jumpstart,Other,TLE,2025-11-20,7.08,"Descendants' Path, Origin of Metalbending, Great Divide Guide, Suki, Kyoshi Warrior, Forest"
Earth Rumble (1),Jumpstart,Other,TLE,2025-11-20,2.23,"Master's Guidance, Forest, Thriving Grove, Toph, the Blind Bandit, Hog-Monkey Rampage"
Earth Rumble (2),Jumpstart,Other,TLE,2025-11-20,13.61,"Bosco, Just a Bear, The Earth King, Frog-Squirrels, Master's Guidance, Origin of Metalbending"
Earth Shakers,Starter Kit,Other,SNC,2022-06-03,3.55,"Glorious Sunrise, Topiary Stomper, Thundering Raiju, Abrade, Ascendant Packleader"
Earthbending (1),Jumpstart,Other,TLE,2025-11-20,8.69,"Inspiring Call, Earthbender Ascension, Explore, Forest, Thriving Grove"
Earthbending (2),Jumpstart,Other,TLE,2025-11-20,14.38,"Solid Ground, Tale of Katara and Toph, Frog-Squirrels, Explore, Forest"
Edge of Eternities Bundle Land Pack,Bundle Land Pack,Other,EOE,2025-08-01,17.68,"Mountain, Mountain, Swamp, Swamp, Forest"
Edge of Eternities Redemption,MTGO Redemption,Other,EOE,2025-08-27,347.2,"Quantum Riddler, Ouroboroid, Tezzeret, Cruel Captain, Icetill Explorer, Evendo, Waking Haven"
Eerie,Theme Deck,Other,SOS,2026-04-24,10.88,"Enduring Innocence, Sheltered by Ghosts, Silent Hallcreeper, Valgavoth's Lair, Ethereal Armor"
Eighth Edition Foil Redemption,MTGO Redemption,Other,8ED,2003-08-27,2433.26,"Birds of Paradise, Grave Pact, City of Brass, Intruder Alarm, Curiosity"
Eighth Edition Redemption,MTGO Redemption,Other,8ED,2003-08-27,2433.26,"Birds of Paradise, Grave Pact, City of Brass, Intruder Alarm, Curiosity"
Eldraine Wonderland,Secret Lair Drop,Other,SLD,2019-12-04,32.72,"Snow-Covered Plains, Snow-Covered Forest, Snow-Covered Island, Snow-Covered Swamp, Snow-Covered Mountain"
Eldrazi,Deck Builder's Toolkit,Other,ROE,2010-05-21,47.29,"Emrakul's Hatcher, Artisan of Kozilek, Hand of Emrakul, Pathrazer of Ulamog, Brood Birthing"
Eldrazi Arisen,Intro Pack,Other,ROE,2010-04-23,55.45,"Awakening Zone, Hand of Emrakul, Pathrazer of Ulamog, Growth Spasm, Ulamog's Crusher"
Eldrazi Assault,Intro Pack,Other,BFZ,2015-10-02,2.38,"Nettle Drone, Forerunner of Slaughter, Vile Aggregate, Touch of the Void, Evolving Wilds"
Eldritch Moon Foil Redemption,MTGO Redemption,Other,EMN,2016-08-21,289.66,"Emrakul, the Promised End, Gisela, the Broken Blade // Brisela, Voice of Nightmares, Sigarda's Aid, Geier Reach Sanitarium, Tree of Perdition"
Eldritch Moon Redemption,MTGO Redemption,Other,EMN,2016-08-21,289.66,"Emrakul, the Promised End, Gisela, the Broken Blade // Brisela, Voice of Nightmares, Sigarda's Aid, Geier Reach Sanitarium, Tree of Perdition"
Eldritch Onslaught,Intro Pack,Other,ISD,2011-09-30,26.36,"Ghoulcaller's Bell, Mountain, Island, Think Twice, Charmbreaker Devils"
Elemental Thunder,Planechase Deck,Other,HOP,2009-09-04,26.77,"Flamekin Harbinger, Mage Slayer, Relentless Assault, Taurean Mauler, Forest"
Elementalist,Shandalar Enemy Deck,Other,PAST,1997-04-01,360.01,"Mountain, Mana Vault, Energy Flux, Unstable Mutation, Drain Power"
Elementals' Path,Theme Deck,Other,LRW,2007-10-12,234.62,"Springleaf Drum, Horde of Notions, Flamekin Harbinger, Island, Incandescent Soulstoke"
Elspeth,Planeswalker Deck,Other,THB,2020-01-24,0.0,"Elspeth, Undaunted Hero, Daxos, Blessed by the Sun, Archon of Falling Stars, Plains, Taranika, Akroan Veteran"
Elven 1,Jumpstart,Other,LTR,2023-11-03,6.86,"Entish Restoration, Lembas, Mirkwood Channeler, Lothlórien Lookout, Shower of Arrows"
Elven 2,Jumpstart,Other,LTR,2023-11-03,1.05,"Mirkwood Channeler, Mirkwood Spider, Lothlórien Lookout, Revive the Shire, Forest"
Elves,Deck Builder's Toolkit,Other,MBS,2011-03-11,50.38,"Joraga Treespeaker, Arbor Elf, Lead the Stampede, Copperhorn Scout, Greenweaver Druid"
Elves (1),Jumpstart,Other,J25,2024-11-07,21.99,"Dionus, Elvish Archdruid, Leaf-Crowned Visionary, Llanowar Elves, Bounty of Skemfar, Thornweald Archer"
Elves (2),Jumpstart,Other,J25,2024-11-07,16.82,"Dionus, Elvish Archdruid, Elvish Archdruid, Llanowar Elves, Bounty of Skemfar, Might of the Masses"
Elves (3),Jumpstart,Other,J25,2024-11-07,23.54,"Dionus, Elvish Archdruid, Marwyn, the Nurturer, Llanowar Elves, Llanowar Visionary, Bounty of Skemfar"
Elves (4),Jumpstart,Other,J25,2024-11-07,21.72,"Dionus, Elvish Archdruid, Tyvar Kell, Llanowar Elves, Ivy Lane Denizen, Voice of the Woods"
Elves 1,Jumpstart,Other,J22,2022-12-02,4.41,"Elvish Warmaster, Primeval Herald, Reclamation Sage, Ivy Lane Denizen, Thriving Grove"
Elves 2,Jumpstart,Other,J22,2022-12-02,0.0,"Primeval Herald, Imperious Perfect, Ivy Lane Denizen, Thriving Grove, Elvish Rejuvenator"
Elves 3,Jumpstart,Other,J22,2022-12-02,15.44,"Wolverine Riders, Lys Alana Huntmaster, Instruments of War, Ivy Lane Denizen, Woodland Champion"
Elves 4,Jumpstart,Other,J22,2022-12-02,0.0,"Presence of Gond, Wildborn Preserver, Ivy Lane Denizen, Woodland Champion, Thriving Grove"
Elves!,Deck Builder's Toolkit,Other,ROE,2010-05-21,5.95,"Llanowar Elves, Greenweaver Druid, Overrun, Nissa's Chosen, Ogre's Cleaver"
Elvish Magi,Shandalar Enemy Deck,Other,PAST,1997-04-01,43.77,"Winter Blast, Elven Riders, Untamed Wilds, Jayemdae Tome, Elvish Archers"
Elvish Predation,Theme Deck,Other,LRW,2007-10-12,215.78,"Elvish Promenade, Prowess of the Fair, Nath of the Gilt-Leaf, Elvish Harbinger, Swamp"
Elvish Rage,Theme Deck,Other,LGN,2003-02-03,247.05,"Wirewood Channeler, Wellwisher, Timberwatch Elf, Tribal Forcemage, Birchlore Rangers"
Enchanted (1),Jumpstart,Other,J25,2024-11-07,0.0,"Chosen by Heliod, Captivating Unicorn, Spirited Companion, Thriving Heath, Eidolon of Astral Winds"
Enchanted (2),Jumpstart,Other,J25,2024-11-07,0.0,"Nyx-Fleece Ram, Cartouche of Solidarity, Thriving Heath, Eidolon of Astral Winds, Plains"
Enchanted (3),Jumpstart,Other,J25,2024-11-07,0.0,"Nykthos Paragon, Starfield Mystic, Nyx-Fleece Ram, Thriving Heath, Divine Favor"
Enchanted (4),Jumpstart,Other,J25,2024-11-07,0.0,"Archon of Sun's Grace, Spirited Companion, Thriving Heath, Angelic Gift, Plains"
Enchanter,Theme Deck,Other,UDS,1999-06-07,433.96,"Mother of Runes, Sigil of Sleep, Rayne, Academy Chancellor, Miscalculation, Mask of Law and Grace"
Enchanter - Enhanced Deck,Enhanced Deck,Other,UDS,1999-06-07,383.4,"Mother of Runes, Time Spiral, Rayne, Academy Chancellor, Miscalculation, Ertai, Wizard Adept"
Enchantress,Shandalar Enemy Deck,Other,PAST,1997-04-01,101.69,"Desert Twister, Ivory Tower, Coral Helm, Library of Leng, Verduran Enchantress"
Encounter (1),Jumpstart,Other,J25,2024-11-07,0.0,"Forgotten Ancient, Servant of the Scale, Duskshell Crawler, Jiang Yanggu, Wildcrafter, Mowu, Loyal Companion"
Encounter (2),Jumpstart,Other,J25,2024-11-07,0.0,"Duskshell Crawler, Jiang Yanggu, Wildcrafter, Stony Strength, Mowu, Loyal Companion, Deepwood Denizen"
Encounter (3),Jumpstart,Other,J25,2024-11-07,0.0,"Rishkar, Peema Renegade, Servant of the Scale, Duskshell Crawler, Jiang Yanggu, Wildcrafter, Mowu, Loyal Companion"
Encounter (4),Jumpstart,Other,J25,2024-11-07,0.0,"Primeval Bounty, Jiang Yanggu, Wildcrafter, Pridemalkin, Mowu, Loyal Companion, Deepwood Denizen"
Endless Hordes,Game Night Deck,Other,GN2,2019-11-15,25.33,"Vilis, Broker of Blood, Dread Presence, Blood for Bones, Calculating Lich, Liliana's Mastery"
Endless March,Theme Deck,Other,PLC,2007-02-02,98.71,"Children of Korlis, Dust Elemental, Dawn Charm, Dead // Gone, Timecrafting"
Enemy Deck,Enemy Deck,Other,TMT,2026-03-06,0.0,
Enlightened Mastery,Intro Pack,Other,DTK,2015-03-27,5.23,"Plains, Island, Island, Island, Myth Realized"
Entangling Webs,Intro Pack,Other,M12,2011-07-15,18.65,"Hunter's Insight, Rampant Growth, Fling, Llanowar Elves, Mountain"
Eons of Evil,Theme Deck,Other,PS11,2011-01-01,0.0,"Terramorphic Expanse, Terror, Acolyte of Xathrid, Deathbringer Thoctar, Garza Zol, Plague Queen"
Equipped,Jumpstart,Other,MSH,2026-06-26,5.87,"Captain America, Liberator, Captain America's Shield, Origin of Captain America, Bucky Barnes, Eager Ally, Infinity Formula"
"Eric Tam, Quarterfinalist",Pro Tour Deck,Other,PTC,1996-05-01,125.73,"City of Brass, Land Tax, Lightning Bolt, Birds of Paradise, Mishra's Factory"
Eruption,Theme Deck,Other,NEM,2000-02-14,306.45,"Thunderclap, Seal of Cleansing, Seal of Fire, Volcanic Wind, Disenchant"
Eruption - Enhanced Deck,Enhanced Deck,Other,NEM,2000-02-14,246.56,"Ring of Gix, Seal of Cleansing, Seal of Fire, Armageddon, Mountain"
Esper Air Assault,Intro Pack,Other,CON,2009-02-06,35.34,"Terramorphic Expanse, Island, Swamp, Arcane Sanctum, Inkwell Leviathan"
Esper Artifice,Intro Pack,Other,ALA,2008-10-03,47.68,"Sharding Sphinx, Etherium Sculptor, Filigree Sages, Island, Swamp"
Eternal Siege,Intro Pack,Other,ARB,2009-04-30,50.72,"Plains, Terramorphic Expanse, Path to Exile, Knight of New Alara, Forest"
Eternal Thirst,Arena Starter Deck,Other,M19,2018-09-27,51.83,"Resplendent Angel, Ajani's Welcome, Legion Lieutenant, Leonin Warleader, Sanctum Seeker"
Eventide Foil Redemption,MTGO Redemption,Other,EVE,2008-08-24,1752.11,"Bloom Tender, Ward of Bones, Ashling, the Extinguisher, Necroskitter, Waves of Aggression"
Eventide Redemption,MTGO Redemption,Other,EVE,2008-08-24,1752.11,"Bloom Tender, Ward of Bones, Ashling, the Extinguisher, Necroskitter, Waves of Aggression"
Every Dog Has Its Day,Secret Lair Drop,Other,SLD,2020-08-26,62.91,"Lightning Greaves, Rest in Peace, Ancient Grudge, Dig Through Time"
Every Dog Has Its Day Foil Edition,Secret Lair Drop,Other,SLD,2020-08-26,62.91,"Lightning Greaves, Rest in Peace, Ancient Grudge, Dig Through Time"
Evincar's Tyranny,Theme Deck,Other,10E,2007-07-13,32.58,"Ascendant Evincar, Mortivore, Diabolic Tutor, Swamp, Terror"
Exalted,Deck Builder's Toolkit,Other,M13,2012-07-13,6.27,"Knight of Glory, Duty-Bound Dead, Knight of Infamy, Aven Squire, Angelic Benediction"
Exiler,MTGO Theme Deck,Other,TD0,2010-11-08,0.0,"Stoneforge Mystic, Jötun Grunt, Mangara of Corondor, Serra Avenger, Ethersworn Canonist"
Expendable 1,Jumpstart,Other,MOM,2023-04-20,1.12,"Terror of Towashi, Swamp, Scorn-Blade Berserker, Seer of Stolen Sight, Injector Crocodile"
Expendable 2,Jumpstart,Other,MOM,2023-04-20,2.19,"Terror of Towashi, Corrupted Conviction, Swamp, Scorn-Blade Berserker, Seer of Stolen Sight"
Experimental 1,Jumpstart,Other,J22,2022-12-02,3.0,"Mizzix, Replica Rider, Ignite the Future, Young Pyromancer, Thriving Bluff, Thermo-Alchemist"
Experimental 2,Jumpstart,Other,J22,2022-12-02,3.0,"Mizzix, Replica Rider, Thriving Bluff, Thermo-Alchemist, Spark of Creativity, Goblin Researcher"
Explorers (1),Jumpstart,Other,J25,2024-11-07,2.39,"Tireless Provisioner, Explore, Braulios of Pheres Band, Realm Seekers, Go Forth"
Explorers (2),Jumpstart,Other,J25,2024-11-07,0.0,"Explore, Primeval Herald, Tireless Tracker, Braulios of Pheres Band, Ulvenwald Mysteries"
Explorers (3),Jumpstart,Other,J25,2024-11-07,0.0,"Somberwald Beastmaster, Explore, Braulios of Pheres Band, Ulvenwald Mysteries, Woodland Champion"
Explorers (4),Jumpstart,Other,J25,2024-11-07,0.0,"Explore, Primeval Herald, Braulios of Pheres Band, Go Forth, Jadelight Ranger"
Expulsion,Theme Deck,Other,8ED,2003-07-28,25.23,"Megrim, Larceny, Swamp, Swamp, Swamp"
Extra Life 2020,Secret Lair Drop,Other,SLD,2020-11-06,132.18,"Amulet of Vigor, Teferi's Protection, Consecrated Sphinx, Collected Company"
Extra Life 2021,Secret Lair Drop,Other,SLD,2022-01-28,65.81,"Craterhoof Behemoth, Craterhoof Behemoth, Metalwork Colossus, Mulldrifter, Metalwork Colossus"
Extra Life 2021 Foil Edition,Secret Lair Drop,Other,SLD,2022-01-28,65.81,"Craterhoof Behemoth, Craterhoof Behemoth, Metalwork Colossus, Mulldrifter, Metalwork Colossus"
Extra Life 2022,Secret Lair Drop,Other,SLD,2022-11-04,144.82,"Sliver Legion, Sliver Legion, Birds of Paradise, Birds of Paradise, Lathliss, Dragon Queen"
Extra Life 2022 Foil Edition,Secret Lair Drop,Other,SLD,2022-11-04,144.82,"Sliver Legion, Sliver Legion, Birds of Paradise, Birds of Paradise, Lathliss, Dragon Queen"
Eyes of Shadow,Theme Deck,Other,PS11,2011-01-01,0.0,"Swamp, Swamp, Swamp, Swamp, Mortivore"
FINAL FANTASY: Game Over,Secret Lair Drop,Other,SLD,2025-06-10,79.13,"Toxic Deluge, Temporal Extortion, Praetor's Grasp, Star of Extinction, Day of Judgment"
FINAL FANTASY: Game Over Foil Edition,Secret Lair Drop,Other,SLD,2025-06-10,79.13,"Toxic Deluge, Temporal Extortion, Praetor's Grasp, Star of Extinction, Day of Judgment"
FINAL FANTASY: Grimoire,Secret Lair Drop,Other,SLD,2025-06-10,73.64,"Cyclonic Rift, Heroic Intervention, Lightning Bolt, Damn, Prismatic Ending"
FINAL FANTASY: Grimoire Foil Edition,Secret Lair Drop,Other,SLD,2025-06-10,73.64,"Cyclonic Rift, Heroic Intervention, Lightning Bolt, Damn, Prismatic Ending"
FINAL FANTASY: Weapons,Secret Lair Drop,Other,SLD,2025-06-10,84.14,"Sword of Truth and Justice, Umezawa's Jitte, Colossus Hammer, Blade of Selves, Staff of the Storyteller"
FINAL FANTASY: Weapons Foil Edition,Secret Lair Drop,Other,SLD,2025-06-10,84.14,"Sword of Truth and Justice, Umezawa's Jitte, Colossus Hammer, Blade of Selves, Staff of the Storyteller"
FORTNITE,Secret Lair Drop,Other,SLD,2022-09-02,121.46,"Grim Tutor, Triumph of the Hordes, Etherium Sculptor, Smuggler's Copter, Planar Bridge"
FORTNITE Foil Edition,Secret Lair Drop,Other,SLD,2022-09-02,121.46,"Grim Tutor, Triumph of the Hordes, Etherium Sculptor, Smuggler's Copter, Planar Bridge"
FORTNITE: Landmarks and Locations,Secret Lair Drop,Other,SLD,2022-09-02,48.1,"Island, Forest, Mountain, Swamp, Plains"
FORTNITE: Landmarks and Locations Foil Edition,Secret Lair Drop,Other,SLD,2022-09-02,48.1,"Island, Forest, Mountain, Swamp, Plains"
Face the Hydra,Challenge Deck,Other,TFTH,2013-10-19,22.73,"Savage Vigor Head, Shrieking Titan Head, Snapping Fang Head, Noxious Hydra Breath, Strike the Weak Spot"
Faerie Pranks,Arena Starter Deck,Other,OTJ,2024-07-08,90.39,"Roaming Throne, Undercity Sewers, Talion, the Kindly Lord, Three Steps Ahead, Faerie Slumber Party"
"Faerie, Faerie, Faerie Rad",Secret Lair Drop,Other,SLD,2021-04-13,119.58,"Glen Elendra Archmage, Spellstutter Sprite, Vendilion Clique, Mistbind Clique"
Faeries 1,Jumpstart,Other,J22,2022-12-02,12.72,"Spellstutter Sprite, Vendilion Clique, Wavebreak Hippocamp, Instruments of War, Glen Elendra Pranksters"
Faeries 2,Jumpstart,Other,J22,2022-12-02,8.25,"Spellstutter Sprite, Faerie Seer, Instruments of War, Stolen by the Fae, Glen Elendra Pranksters"
Fallout: Beyond Vault 33,Secret Lair Drop,Other,SLD,2026-02-16,23.94,"The Ghoul, Gunslinger, Lucy MacLean, Positively Armed, Pre-War Formalwear, Maximus, Knight Apparent, Spirit Mantle"
Fallout: Beyond Vault 33 Foil Edition,Secret Lair Drop,Other,SLD,2026-02-16,23.94,"The Ghoul, Gunslinger, Lucy MacLean, Positively Armed, Pre-War Formalwear, Maximus, Knight Apparent, Spirit Mantle"
Fallout: Greet the Dog,Secret Lair Drop,Other,SLD,2026-02-16,44.46,"Arcane Signet, Sol Ring, Patchwork Banner, Yoshimaru, Ever Faithful, Lightning Greaves"
Fallout: Greet the Dog Foil Edition,Secret Lair Drop,Other,SLD,2026-02-16,44.46,"Arcane Signet, Sol Ring, Patchwork Banner, Yoshimaru, Ever Faithful, Lightning Greaves"
Fallout: Points of Interest,Secret Lair Drop,Other,SLD,2024-04-15,85.99,"Bojuka Bog, Reflecting Pool, Reliquary Tower, Command Beacon, Fabled Passage"
Fallout: Points of Interest Foil Edition,Secret Lair Drop,Other,SLD,2024-04-15,106.68,"Bojuka Bog, Reliquary Tower, Reflecting Pool, Command Beacon, Fabled Passage"
Fallout: Rad,Secret Lair Drop,Other,SLD,2026-02-16,61.33,"Mesmeric Orb, Mindcrank, The Wise Mothman, Ripples of Potential, Mutational Advantage"
Fallout: Rad Foil Edition,Secret Lair Drop,Other,SLD,2026-02-16,61.33,"Mesmeric Orb, Mindcrank, The Wise Mothman, Ripples of Potential, Mutational Advantage"
Fallout: SPECIAL,Secret Lair Drop,Other,SLD,2024-04-15,60.83,"Idyllic Tutor, Steelshaper's Gift, Propaganda, Anger, Elixir of Immortality"
Fallout: SPECIAL Foil Edition,Secret Lair Drop,Other,SLD,2024-04-15,63.73,"Idyllic Tutor, Propaganda, Steelshaper's Gift, Anger, Elixir of Immortality"
Fallout: Vault Boy,Secret Lair Drop,Other,SLD,2024-04-15,78.77,"Trinisphere, Grand Arbiter Augustin IV, Sphere of Resistance, Winter Orb"
Fallout: Vault Boy Foil Edition,Secret Lair Drop,Other,SLD,2024-04-15,80.96,"Trinisphere, Grand Arbiter Augustin IV, Winter Orb, Sphere of Resistance"
Fallout: Welcome to New Vegas,Secret Lair Drop,Other,SLD,2026-02-16,44.94,"Nuka-Cola Vending Machine, Isshin, Two Heavens as One, Caged Sun, Tinybones, Trinket Thief, The Deck of Many Things"
Fallout: Welcome to New Vegas Foil Edition,Secret Lair Drop,Other,SLD,2026-02-16,44.94,"Nuka-Cola Vending Machine, Isshin, Two Heavens as One, Caged Sun, Tinybones, Trinket Thief, The Deck of Many Things"
Fangs 1,Jumpstart,Other,J22,2022-12-02,10.48,"Creeping Bloodsucker, Rodolf Duskbringer, Oathsworn Vampire, Vampire Envoy, Falkenrath Noble"
Fangs 2,Jumpstart,Other,J22,2022-12-02,10.48,"Creeping Bloodsucker, Rodolf Duskbringer, Oathsworn Vampire, Vampiric Rites, Vampire Envoy"
Fangs 3,Jumpstart,Other,J22,2022-12-02,9.58,"Creeping Bloodsucker, Blood Artist, Ancient Craving, Oathsworn Vampire, Vampire Envoy"
Fangs 4,Jumpstart,Other,J22,2022-12-02,22.01,"Vito, Thorn of the Dusk Rose, Creeping Bloodsucker, Blood Artist, Oathsworn Vampire, Vampire Envoy"
Fangs of the Bloodchief,Intro Pack,Other,WWK,2010-02-05,50.94,"Anowon, the Ruin Sage, Diabolic Tutor, Butcher of Malakir, Vampire Nighthawk, Pulse Tracker"
Fangs of the Predator,Theme Deck,Other,PS11,2011-01-01,0.0,"Forest, Forest, Forest, Forest, Molimo, Maro-Sorcerer"
Fantastic,Jumpstart,Other,MSH,2026-06-26,21.46,"The Fantastic Four, Daily Bugle Newspaper, Farseek, Mister Fantastic, Reed Richards, Wall Off"
"Far Out, Man",Secret Lair Drop,Other,SLD,2022-05-06,81.58,"Mystical Tutor, Counterspell, Fabricate, Fact or Fiction, Aether Gust"
"Far Out, Man Foil Edition",Secret Lair Drop,Other,SLD,2022-05-06,81.58,"Mystical Tutor, Counterspell, Fabricate, Fact or Fiction, Aether Gust"
Fate,Clash Pack,Other,M15,2014-07-18,35.8,"Aetherspouts, Kiora's Follower, Prophet of Kruphix, Curse of the Swine, Hypnotic Siren"
Fate Blaster,Theme Deck,Other,FUT,2007-05-04,287.45,"Dandân, Vedalken Aethermage, Mystic Speculation, Frozen Aether, Magus of the Future"
Fate Reforged Fat Pack Land Pack,Bundle Land Pack,Other,FRF,2015-01-23,1.87,"Forest, Island, Plains, Plains, Forest"
Fate Reforged Foil Redemption,MTGO Redemption,Other,FRF,2015-02-22,180.89,"Ugin, the Spirit Dragon, Ojutai, Soul of Winter, Temporal Trespass, Dark Deal, Merciless Executioner"
Fate Reforged Redemption,MTGO Redemption,Other,FRF,2015-02-22,204.86,"Ugin, the Spirit Dragon, Ojutai, Soul of Winter, Temporal Trespass, Dark Deal, Merciless Executioner"
Fate and Fury,Clash Pack,Other,M15,2014-07-18,207.92,"Nykthos, Shrine to Nyx, Aetherspouts, Kiora's Follower, Prophet of Kruphix, Elvish Mystic"
Fates Foreseen,Intro Pack,Other,JOU,2014-05-02,1.04,"Island, Island, Island, Scourge of Fleets, Spite of Mogis"
Favors From Nyx,Intro Pack,Other,THS,2013-09-27,17.92,"Gift of Immortality, Plains, Doom Blade, Swamp, Swamp"
"Fblthp: Completely, Utterly, Totally Lost",Secret Lair Drop,Other,SLD,2022-05-06,62.56,"Frantic Search, Path to Exile, Intruder Alarm, Well of Lost Dreams, Shelldock Isle"
"Fblthp: Completely, Utterly, Totally Lost Foil Edition",Secret Lair Drop,Other,SLD,2022-05-06,62.56,"Frantic Search, Path to Exile, Intruder Alarm, Well of Lost Dreams, Shelldock Isle"
Fearless,Jumpstart,Other,MSH,2026-06-26,10.16,"Daredevil, Fearless Fighter, Elektra, Femme Fatale, Fogwell's Gym, Daredevil's Billy Club, Stick, Fearless Mentor"
Feast of Flesh,Intro Pack,Other,NPH,2011-05-13,99.8,"Whipflare, Mountain, Swamp, Swamp, Despise"
Feathered Friends (1),Jumpstart,Other,JMP,2020-07-17,0.0,"Steel-Plume Marshal, Plains, Aerial Assault, Falconer Adept, Healer's Hawk"
Feathered Friends (2),Jumpstart,Other,JMP,2020-07-17,0.0,"Angelic Ascension, Steel-Plume Marshal, Plains, Falconer Adept, Swift Response"
Feathered Friends (3),Jumpstart,Other,JMP,2020-07-17,2.4,"Angel of the Dire Hour, Plains, Falconer Adept, Swift Response, Healer's Hawk"
Feathered Friends (4),Jumpstart,Other,JMP,2020-07-17,0.0,"Plains, Aegis of the Heavens, Aerial Assault, Falconer Adept, Healer's Hawk"
Featuring: Andrew MacLean,Secret Lair Drop,Other,SLD,2024-07-30,70.21,"Arbor Elf, Maelstrom Wanderer, Nirkana Revenant, Terastodon"
Featuring: Andrew MacLean Foil Edition,Secret Lair Drop,Other,SLD,2024-07-30,70.21,"Arbor Elf, Maelstrom Wanderer, Nirkana Revenant, Terastodon"
Featuring: Deathburger,Secret Lair Drop,Other,SLD,2025-07-29,54.67,"Goblin Engineer, Arcbound Ravager, Foundry Inspector, Ethersworn Canonist, Dance of the Manse"
Featuring: Deathburger Galaxy Foil Edition,Secret Lair Drop,Other,SLD,2025-07-29,54.67,"Goblin Engineer, Arcbound Ravager, Foundry Inspector, Ethersworn Canonist, Dance of the Manse"
Featuring: Gary Baseman,Secret Lair Drop,Other,SLD,2023-09-15,64.44,"Forest, Swamp, Mountain, Island, Plains"
Featuring: Gary Baseman Foil Edition,Secret Lair Drop,Other,SLD,2023-09-15,64.44,"Forest, Swamp, Mountain, Island, Plains"
Featuring: Gene Luen Yang,Secret Lair Drop,Other,SLD,2026-09-01,31.75,"Kibo, Uktabi Prince, Dosan the Falling Leaf, Kazuul, Tyrant of the Cliffs, Quest for Renewal, Ilharg, the Raze-Boar"
Featuring: Gene Luen Yang Foil Edition,Secret Lair Drop,Other,SLD,2026-09-01,31.75,"Kibo, Uktabi Prince, Dosan the Falling Leaf, Kazuul, Tyrant of the Cliffs, Quest for Renewal, Ilharg, the Raze-Boar"
Featuring: Imiri Sakabashira,Secret Lair Drop,Other,SLD,2025-06-10,48.08,"Consecrated Sphinx, Scion of Draco, Mirage Mirror, Resculpt"
Featuring: Imiri Sakabashira Foil Edition,Secret Lair Drop,Other,SLD,2025-06-10,48.08,"Consecrated Sphinx, Scion of Draco, Mirage Mirror, Resculpt"
Featuring: Jay Howell,Secret Lair Drop,Other,SLD,2025-05-13,83.28,"Treasonous Ogre, Uncivil Unrest, Agent of Treachery, Priest of Forgotten Gods, Marchesa, the Black Rose"
Featuring: Jay Howell Foil Edition,Secret Lair Drop,Other,SLD,2025-05-13,83.28,"Treasonous Ogre, Uncivil Unrest, Agent of Treachery, Priest of Forgotten Gods, Marchesa, the Black Rose"
Featuring: Julie Bell,Secret Lair Drop,Other,SLD,2024-07-10,77.01,"Elves of Deep Shadow, Coat of Arms, Soul Warden, Good-Fortune Unicorn, Shivan Dragon"
Featuring: Julie Bell Foil Edition,Secret Lair Drop,Other,SLD,2024-07-10,77.01,"Elves of Deep Shadow, Coat of Arms, Soul Warden, Good-Fortune Unicorn, Shivan Dragon"
Featuring: Kevin Eastman (Colors),Secret Lair Drop,Other,SLD,2026-03-03,44.81,"Sakashima's Student, Guttersnipe, Throat Slitter, Loxodon Gatekeeper"
Featuring: Kevin Eastman (Colors) Foil Edition,Secret Lair Drop,Other,SLD,2026-03-03,44.81,"Sakashima's Student, Guttersnipe, Throat Slitter, Loxodon Gatekeeper"
Featuring: Kevin Eastman (Inks),Secret Lair Drop,Other,SLD,2026-03-03,30.3,"Sakashima's Student, Guttersnipe, Throat Slitter, Loxodon Gatekeeper"
Featuring: Kevin Eastman (Inks) Foil Edition,Secret Lair Drop,Other,SLD,2026-03-03,30.3,"Sakashima's Student, Guttersnipe, Throat Slitter, Loxodon Gatekeeper"
Featuring: Luke Pearson,Secret Lair Drop,Other,SLD,2025-02-11,77.05,"Realmwalker, Bear Umbra, Witch of the Moors, Solemn Simulacrum"
Featuring: Luke Pearson Foil Edition,Secret Lair Drop,Other,SLD,2025-02-11,77.05,"Realmwalker, Bear Umbra, Witch of the Moors, Solemn Simulacrum"
Featuring: Mitsuhiro Arita,Secret Lair Drop,Other,SLD,2025-02-11,53.2,"Shorikai, Genesis Engine, Murktide Regent, Light-Paws, Emperor's Voice, Lightning Bolt"
Featuring: Mitsuhiro Arita Foil Edition,Secret Lair Drop,Other,SLD,2025-02-11,53.2,"Shorikai, Genesis Engine, Murktide Regent, Light-Paws, Emperor's Voice, Lightning Bolt"
Featuring: Not a Wolf,Secret Lair Drop,Other,SLD,2024-07-10,74.33,"Beastmaster Ascension, Tovolar, Dire Overlord // Tovolar, the Midnight Scourge, Second Harvest, Avabruck Caretaker // Hollowhenge Huntmaster, Howl of the Night Pack"
Featuring: Not a Wolf Foil Edition,Secret Lair Drop,Other,SLD,2024-07-10,74.33,"Beastmaster Ascension, Tovolar, Dire Overlord // Tovolar, the Midnight Scourge, Second Harvest, Avabruck Caretaker // Hollowhenge Huntmaster, Howl of the Night Pack"
Featuring: Peach Momoko,Secret Lair Drop,Other,SLD,2024-10-01,138.54,"Aetherize, Psychic Corrosion, Time Sieve, Visions of Beyond, Drown in Dreams"
Featuring: Peach Momoko Foil Edition,Secret Lair Drop,Other,SLD,2024-10-01,138.54,"Aetherize, Psychic Corrosion, Time Sieve, Visions of Beyond, Drown in Dreams"
Featuring: Phoebe Wahl,Secret Lair Drop,Other,SLD,2024-04-15,66.89,"Door of Destinies, Alela, Artful Provocateur, Swords to Plowshares, Dockside Chef, Faerie Artisans"
Featuring: Phoebe Wahl Foil Edition,Secret Lair Drop,Other,SLD,2024-04-15,77.24,"Alela, Artful Provocateur, Door of Destinies, Swords to Plowshares, Faerie Artisans, Dockside Chef"
Featuring: Stan Sakai,Secret Lair Drop,Other,SLD,2026-03-03,76.51,"Baylen, the Haymaker, Master of Ceremonies, Sunforger, Second Harvest, Felidar Retreat"
Featuring: Stan Sakai Foil Edition,Secret Lair Drop,Other,SLD,2026-03-03,76.51,"Baylen, the Haymaker, Master of Ceremonies, Sunforger, Second Harvest, Felidar Retreat"
Featuring: the Mountain Goats,Secret Lair Drop,Other,SLD,2023-08-29,49.71,"Mountain, Mountain, Mountain, Mountain, Mountain"
Featuring: the Mountain Goats Foil Edition,Secret Lair Drop,Other,SLD,2023-08-29,49.71,"Mountain, Mountain, Mountain, Mountain, Mountain"
Felix the Cat: Magic Bag of Tricks,Secret Lair Drop,Other,SLD,2026-06-16,39.17,"Barrowgoyf, Mind's Eye, Time Stretch, Future Sight, Throes of Chaos"
Felix the Cat: Magic Bag of Tricks Foil Edition,Secret Lair Drop,Other,SLD,2026-06-16,39.17,"Barrowgoyf, Mind's Eye, Time Stretch, Future Sight, Throes of Chaos"
Ferocious 1,Jumpstart,Other,J22,2022-12-02,6.87,"Rhonas the Indomitable, Colossal Majesty, Roar of Challenge, Rampaging Growth, Thriving Grove"
Ferocious 2,Jumpstart,Other,J22,2022-12-02,6.45,"Goreclaw, Terror of Qal Sisma, Colossal Majesty, Roar of Challenge, Thriving Grove, Ilysian Caryatid"
Ferocious 3,Jumpstart,Other,J22,2022-12-02,6.47,"Prowling Serpopard, Colossal Majesty, Roar of Challenge, Thriving Grove, Ilysian Caryatid"
Ferocious 4,Jumpstart,Other,J22,2022-12-02,1.41,"Colossal Majesty, Bonders' Enclave, Towering Gibbon, Roar of Challenge, Creeperhulk"
Fiendish Nature,Theme Deck,Other,UDS,1999-06-07,311.54,"Pattern of Rebirth, Phyrexian Reclamation, Rancor, Gamekeeper, Yavimaya Elder"
Fiendish Nature - Enhanced Deck,Enhanced Deck,Other,UDS,1999-06-07,341.89,"Recurring Nightmare, Pattern of Rebirth, Rancor, Engineered Plague, Gamekeeper"
Fiery 1,Jumpstart,Other,J22,2022-12-02,0.0,"Chandra, Flame's Fury, Thrill of Possibility, Thriving Bluff, Spiteful Prankster, Chandra's Spitfire"
Fiery 2,Jumpstart,Other,J22,2022-12-02,3.24,"Banefire, Thrill of Possibility, Thriving Bluff, Magmatic Channeler, Chandra's Spitfire"
Fiery 3,Jumpstart,Other,J22,2022-12-02,0.0,"Thrill of Possibility, Thriving Bluff, Chandra's Spitfire, Ogre Battlecaster, Thermo-Alchemist"
Fiery 4,Jumpstart,Other,J22,2022-12-02,0.0,"Thrill of Possibility, Thriving Bluff, Chandra's Spitfire, Searing Spear, Ogre Battlecaster"
Fiery Dawn,Intro Pack,Other,AVR,2012-05-04,35.89,"Cathars' Crusade, Goldnight Commander, Plains, Plains, Devout Chaplain"
Fiery Fury,MTGO Theme Deck,Other,WTH,2007-12-12,64.71,"Firestorm, Crystal Vein, Fireblast, Mountain, Mind Stone"
Fifth Dawn Foil Redemption,MTGO Redemption,Other,5DN,2004-07-04,2366.31,"Grinding Station, Mycosynth Golem, Beacon of Immortality, Eternal Witness, Clock of Omens"
Fifth Dawn Redemption,MTGO Redemption,Other,5DN,2004-07-04,2366.31,"Grinding Station, Mycosynth Golem, Beacon of Immortality, Eternal Witness, Clock of Omens"
Final Adventure,Challenger Deck,Other,Q04,2020-03-27,23.56,"Vraska, Golgari Queen, Knight of the Ebon Legion, Castle Locthwain, Fabled Passage, Midnight Reaper"
Final Fantasy Bundle Land Pack,Bundle Land Pack,Other,FIN,2025-06-13,0.0,"Wastes, Wastes, Forest, Forest, Island"
Finally! Left-Handed Magic Cards,Secret Lair Drop,Other,SLD,2022-08-05,83.29,"Rograkh, Son of Rohgahh, Empress Galina, Sisay, Weatherlight Captain, Garruk, Caller of Beasts, Geralf's Messenger"
Finally! Left-Handed Magic Cards Foil Edition,Secret Lair Drop,Other,SLD,2022-08-05,83.29,"Rograkh, Son of Rohgahh, Empress Galina, Sisay, Weatherlight Captain, Garruk, Caller of Beasts, Geralf's Messenger"
Finkel,Theme Deck,Other,DKM,2001-12-01,218.67,"Necropotence, Incinerate, Sulfurous Springs, Underground River, Dark Ritual"
Fire Nation,Jumpstart,Other,TLE,2025-11-20,16.03,"Longshot, Rebel Bowman, Storm of Memories, Zuko, Seeking Honor, Fists of Flame, Firebending Student"
Fire Surge,Intro Pack,Other,M14,2013-07-19,0.0,"Mountain, Island, Island, Goblin Shortcutter, Shiv's Embrace"
Fire and Lightning,Premium Deck,Other,PD2,2010-11-19,19.06,"Price of Progress, Reverberate, Chain Lightning, Fireblast, Lightning Bolt"
Firebending (1),Jumpstart,Other,TLE,2025-11-20,3.33,"Reckless Blaze, Firebender Ascension, Mountain, Thriving Bluff, Loyal Fire Sage"
Firebending (2),Jumpstart,Other,TLE,2025-11-20,2.21,"Reckless Blaze, Mountain, Thriving Bluff, Loyal Fire Sage, Combustion Technique"
Firebomber,Intro Pack,Other,M10,2009-07-17,47.6,"Earthquake, Lightning Bolt, Negate, Island, Pyroclasm"
Fireworks,Arena Starter Deck,Other,AFR,2021-09-24,13.57,"Riverglide Pathway // Lavaglide Pathway, Archmage Emeritus, Volatile Fjord, Demilich, Prismari Command"
Fixed Content,Deck Builder's Toolkit,Other,M15,2014-07-18,21.53,"Elvish Mystic, Searing Blood, Sign in Blood, Reclamation Sage, Voyaging Satyr"
Flames Of The Dragon,Intro Pack,Other,M15,2014-07-18,8.77,"Darksteel Citadel, Ensoul Artifact, Rogue's Gloves, Ornithopter, Wall of Frost"
Flames of Rath - Advanced Deck,Advanced Deck,Other,TMP,1997-10-14,125.6,"Reflecting Pool, Undiscovered Paradise, Gemstone Mine, Jokulhaups, Furnace of Rath"
Flash of Ferocity,Challenger Deck,Other,Q04,2020-03-27,15.91,"Fabled Passage, Brazen Borrower // Petty Theft, Spectral Sailor, Wavebreak Hippocamp, Castle Vantress"
Flight of the Witch King,Box Set,Other,LTC,2023-11-03,67.32,"Call Forth the Tempest, Nazgûl Battle-Mace, Minas Morgul, Dark Fortress, Witch-king, Sky Scourge, Fell Beast of Mordor"
Flower Power,Secret Lair Drop,Other,SLD,2025-10-20,84.46,"Forest, Swamp, Island, Mountain, Plains"
Flower Power Foil Edition,Secret Lair Drop,Other,SLD,2025-10-20,84.46,"Forest, Swamp, Island, Mountain, Plains"
Flyover,Intro Pack,Other,WWK,2010-02-05,19.8,"Everflowing Chalice, Kor Cartographer, Lightkeeper of Emeria, Marshal's Anthem, Stormfront Pegasus"
Forest Dragon,Shandalar Enemy Deck,Other,PAST,1997-04-01,66.17,"Desert Twister, Sandstorm, Untamed Wilds, Crumble, Cockatrice"
Forest's Might,Arena Starter Deck,Other,ANB,2019-09-26,7.86,"Voracious Hydra, Gargos, Vicious Watcher, Season of Growth, Giant Growth, Aggressive Mammoth"
Forest's Might 2,Arena Starter Deck,Other,ANB,2020-03-12,7.86,"Voracious Hydra, Gargos, Vicious Watcher, Season of Growth, Giant Growth, Aggressive Mammoth"
Forged in Battle,Intro Pack,Other,BNG,2014-02-07,6.5,"Searing Blood, Plains, Akroan Skyguard, Elite Skirmisher, Mountain"
Foundations Bundle Land Pack,Bundle Land Pack,Other,FDN,2024-11-15,4.42,"Swamp, Swamp, Island, Island, Swamp"
Freedom Fighters,Jumpstart,Other,TLE,2025-11-20,4.9,"The Duke, Rebel Sentry, Jet, Rebel Leader, Plains, Valorous Stance, Hook Swords"
From the Vault: Angels,Box Set,Other,V15,2015-08-21,116.86,"Avacyn, Angel of Hope, Iona, Shield of Emeria, Aurelia, the Warleader, Platinum Angel, Akroma, Angel of Wrath"
From the Vault: Annihilation,Box Set,Other,V14,2014-08-22,53.12,"Armageddon, Living Death, Smokestack, Wrath of God, Cataclysm"
From the Vault: Dragons,Box Set,Other,DRB,2008-08-29,142.23,"Kokusho, the Evening Star, Dragonstorm, Bladewing the Risen, Draco, Nicol Bolas"
From the Vault: Exiled,Box Set,Other,V09,2009-08-28,525.69,"Lotus Petal, Sensei's Divining Top, Necropotence, Strip Mine, Trinisphere"
From the Vault: Legends,Box Set,Other,V11,2011-08-26,173.68,"Ulamog, the Infinite Gyre, Kiki-Jiki, Mirror Breaker, Captain Sisay, Sun Quan, Lord of Wu, Doran, the Siege Tower"
From the Vault: Lore,Box Set,Other,V16,2016-08-19,87.9,"Cabal Ritual, Umezawa's Jitte, Unmask, Beseech the Queen, Glissa, the Traitor"
From the Vault: Realms,Box Set,Other,V12,2012-08-31,419.58,"Ancient Tomb, Urborg, Tomb of Yawgmoth, Glacial Chasm, Dryad Arbor, Boseiju, Who Shelters All"
From the Vault: Relics,Box Set,Other,V10,2010-08-27,1922.95,"Mox Diamond, Memory Jar, Isochron Scepter, Sol Ring, Sword of Body and Mind"
From the Vault: Transform,Box Set,Other,V17,2017-11-24,100.01,"Gisela, the Broken Blade // Brisela, Voice of Nightmares, Liliana, Heretical Healer // Liliana, Defiant Necromancer, Bloodline Keeper // Lord of Lineage, Bruna, the Fading Light // Brisela, Voice of Nightmares, Jace, Vryn's Prodigy // Jace, Telepath Unbound"
From the Vault: Twenty,Box Set,Other,V13,2013-08-23,166.38,"Green Sun's Zenith, Tangle Wire, Jace, the Mind Sculptor, Dark Ritual, Ink-Eyes, Servant of Oni"
Full Sleeves: the Tattoo Pack,Secret Lair Drop,Other,SLD,2020-06-01,43.65,"Inkmoth Nexus, Blood Artist, Eternal Witness, Pithing Needle, Spell Pierce"
Fun Guys (1),Jumpstart,Other,J25,2024-11-07,5.15,"Shroofus Sproutsire, Fungal Plots, Tukatongue Thallid, Sporecrown Thallid, Spore Swarm"
Fun Guys (2),Jumpstart,Other,J25,2024-11-07,5.15,"Shroofus Sproutsire, Fungal Plots, Undercellar Myconid, Sporecrown Thallid, Verdeloth the Ancient"
Fun With Fungus,Theme Deck,Other,TSP,2006-10-06,333.72,"Claws of Gix, Pendelhaven, Fallen Ideal, Verdant Embrace, Savage Thallid"
Fungus Master,Shandalar Enemy Deck,Other,PAST,1997-04-01,49.71,"Oasis, Untamed Wilds, Forest, Island, Island"
Furby: Doo-ay Noo-lah,Secret Lair Drop,Other,SLD,2025-10-27,50.49,"Sol Ring, Chromatic Lantern, Explore, Inspiring Call, Distant Melody"
Furby: Doo-ay Noo-lah Confetti Foil Edition,Secret Lair Drop,Other,SLD,2025-10-27,92.19,"Sol Ring, Chromatic Lantern, Explore, Inspiring Call, Distant Melody"
Furby: Doo-ay Noo-lah Foil Edition,Secret Lair Drop,Other,SLD,2025-10-27,50.49,"Sol Ring, Chromatic Lantern, Explore, Inspiring Call, Distant Melody"
Furby: Furbys: The Gathering,Secret Lair Drop,Other,SLD,2025-10-27,60.71,"Tamiyo's Safekeeping, Sphere of Safety, Phyrexian Arena, Miscast, Tormenting Voice"
Furby: Furbys: The Gathering Confetti Foil Edition,Secret Lair Drop,Other,SLD,2025-10-27,109.28,"Tamiyo's Safekeeping, Sphere of Safety, Phyrexian Arena, Miscast, Tormenting Voice"
Furby: Furbys: The Gathering Foil Edition,Secret Lair Drop,Other,SLD,2025-10-27,60.71,"Tamiyo's Safekeeping, Sphere of Safety, Phyrexian Arena, Miscast, Tormenting Voice"
Furby: The Oddbodies,Secret Lair Drop,Other,SLD,2025-10-27,92.28,"Umbris, Fear Manifest, Hullbreaker Horror, Maddening Cacophony, Spellskite, Serum Visions"
Furby: The Oddbodies Confetti Foil Edition,Secret Lair Drop,Other,SLD,2025-10-27,131.92,"Hullbreaker Horror, Umbris, Fear Manifest, Spellskite, Maddening Cacophony, Serum Visions"
Furby: The Oddbodies Foil Edition,Secret Lair Drop,Other,SLD,2025-10-27,92.28,"Umbris, Fear Manifest, Hullbreaker Horror, Maddening Cacophony, Spellskite, Serum Visions"
Furious Forces,Intro Pack,Other,DTK,2015-03-27,32.23,"Savage Ventmaw, Berserkers' Onslaught, Dragonlord's Servant, Harbinger of the Hunt, Forest"
Fury,Clash Pack,Other,M15,2014-07-18,175.73,"Nykthos, Shrine to Nyx, Elvish Mystic, Courser of Kruphix, Reclamation Sage, Genesis Hydra"
Future Shock,Theme Deck,Other,FUT,2007-05-04,250.85,"Dryad Arbor, Nacatl War-Pride, Edge of Autumn, Baru, Fist of Krosa, Emblem of the Warmind"
Future Sight Foil Redemption,MTGO Redemption,Other,FUT,2007-06-03,3007.71,"Sliver Legion, Tarmogoyf, Pact of Negation, Dryad Arbor, Summoner's Pact"
Future Sight Redemption,MTGO Redemption,Other,FUT,2007-06-03,3007.71,"Sliver Legion, Tarmogoyf, Pact of Negation, Dryad Arbor, Summoner's Pact"
Gabriel Nassif - Blue-White Anti-Affinity Control,World Championship Deck,Other,WC04,2004-09-01,37.54,"Flooded Strand, Exalted Angel, Island, Plains, Eternal Dragon"
Gandalf in the Pelennor Fields,Box Set,Other,LTC,2023-11-03,24.26,"Rammas Echor, Ancient Shield, Olórin's Searing Light, Gandalf of the Secret Fire, Sorcerous Squall, Courageous Resolve"
Garden Buds,Secret Lair Drop,Other,SLD,2025-03-25,81.05,"Ashaya, Soul of the Wild, Horn of Greed, Elvish Reclaimer, World Shaper, Harrow"
Garden Buds Foil Edition,Secret Lair Drop,Other,SLD,2025-03-25,81.05,"Ashaya, Soul of the Wild, Horn of Greed, Elvish Reclaimer, World Shaper, Harrow"
Garfield,Theme Deck,Other,DKM,2001-12-01,42.86,"Incinerate, Incinerate, Jokulhaups, Karplusan Forest, Fyndhorn Elves"
Garfield: As Intended,Secret Lair Drop,Other,SLD,2026-06-16,50.01,"Counterspell, Dark Ritual, Swords to Plowshares, Fog, Earthquake"
Garfield: As Intended Foil Edition,Secret Lair Drop,Other,SLD,2026-06-16,50.01,"Counterspell, Dark Ritual, Swords to Plowshares, Fog, Earthquake"
Garfield: Motivationally Challenged,Secret Lair Drop,Other,SLD,2026-06-16,43.71,"Rin and Seri, Inseparable, Orim's Chant, Sol Ring, Beast Within, Ponder"
Garfield: Motivationally Challenged Foil Edition,Secret Lair Drop,Other,SLD,2026-06-16,43.71,"Rin and Seri, Inseparable, Orim's Chant, Sol Ring, Beast Within, Ponder"
Garfield: Our Only Thought is to Entertain You,Secret Lair Drop,Other,SLD,2026-06-16,27.13,"It That Betrays, Maddening Cacophony, Maddening Hex, Molten Collapse, Hunter's Insight"
Garfield: Our Only Thought is to Entertain You Foil Edition,Secret Lair Drop,Other,SLD,2026-06-16,27.13,"It That Betrays, Maddening Cacophony, Maddening Hex, Molten Collapse, Hunter's Insight"
Garland at the Chaos Shrine,Box Set,Other,FIN,2025-06-13,54.08,"The Destined Black Mage, The Destined White Mage, Garland, Royal Kidnapper, Chaos Shrine's Black Crystal, The Destined Warrior"
Garruk,Jumpstart,Other,JMP,2020-07-17,4.43,"Garruk's Uprising, Forest, Garruk, Unleashed, Hunter's Insight, Garruk's Gorehorn"
"Garruk, Savage Herald",Planeswalker Deck,Other,M21,2020-07-03,10.18,"Ram Through, Garruk, Savage Herald, Garruk's Uprising, Forest, Pridemalkin"
Gatecrash Foil Redemption,MTGO Redemption,Other,GTC,2013-03-03,539.45,"Aurelia, the Warleader, Sylvan Primordial, Godless Shrine, Watery Grave, Breeding Pool"
Gatecrash Redemption,MTGO Redemption,Other,GTC,2013-03-03,539.45,"Aurelia, the Warleader, Sylvan Primordial, Godless Shrine, Watery Grave, Breeding Pool"
Gatecrasher,MTGO Theme Deck,Other,WTH,2007-12-12,8.02,"Mountain, Uktabi Orangutan, Maraxus of Keld, Aboroth, Forest"
Geniuses,Jumpstart,Other,MSH,2026-06-26,3.49,"Reed Richards, Smartest Man, Shuri, Vibranium Technologist, Kid Loki, Ant-Man, Reformed Rogue, Island"
"George Baxter, Quarterfinalist",Pro Tour Deck,Other,PTC,1996-05-01,98.64,"Hypnotic Specter, City of Brass, Sulfurous Springs, Lightning Bolt, Mishra's Factory"
Ghastly (1),Jumpstart,Other,J25,2024-11-07,0.0,"Harvester of Souls, Murder, Blood Beckoning, Village Rites, Tragic Slip"
Ghastly (2),Jumpstart,Other,J25,2024-11-07,0.0,"Bloodgift Demon, Blood Beckoning, Village Rites, Tragic Slip, Ozox, the Clattering King"
Ghastly (3),Jumpstart,Other,J25,2024-11-07,0.0,"Reaper from the Abyss, Deadly Dispute, Wriggling Grub, Murder, Blood Beckoning"
Ghastly (4),Jumpstart,Other,J25,2024-11-07,1.19,"Army of the Damned, Deadly Dispute, Shambling Ghast, Tragic Slip, Ozox, the Clattering King"
Ghost of Tsushima,Secret Lair Drop,Other,SLD,2025-11-06,247.47,"Jin Sakai, Ghost of Tsushima, Borne Upon a Wind, Path to Exile, Ghostly Flicker, Eiganjo Castle"
Ghost of Tsushima Foil Edition,Secret Lair Drop,Other,SLD,2025-11-06,247.47,"Jin Sakai, Ghost of Tsushima, Borne Upon a Wind, Path to Exile, Ghostly Flicker, Eiganjo Castle"
Ghostbusters: Slimer,Secret Lair Drop,Other,SLD,2024-10-01,43.41,"Windfall, Trickbind, Incarnation Technique, Pernicious Deed, The Mimeoplasm"
Ghostbusters: Slimer Foil Edition,Secret Lair Drop,Other,SLD,2024-10-01,43.41,"Windfall, Trickbind, Incarnation Technique, Pernicious Deed, The Mimeoplasm"
Ghostbusters: The Real Ghostbusters,Secret Lair Drop,Other,SLD,2024-10-01,45.13,"Eladamri's Call, Boros Charm, Careful Study, Unlicensed Hearse, Living End"
Ghostbusters: The Real Ghostbusters Foil Edition,Secret Lair Drop,Other,SLD,2024-10-01,45.13,"Eladamri's Call, Boros Charm, Careful Study, Unlicensed Hearse, Living End"
Ghostly Tide,Intro Pack,Other,SOI,2016-04-08,7.66,"Essence Flux, Pore Over the Pages, Rattlechains, Not Forgotten, Chaplain's Blessing"
Giddyap,Jumpstart,Other,J25,2024-11-07,4.97,"Thurid, Mare of Destiny, Celestial Unicorn, Sungrace Pegasus, Brightmare, Moment of Triumph"
Gideon,Archenemy Deck,Other,E01,2017-06-16,20.6,"Grand Abolisher, Fiendslayer Paladin, Plains, Plains, Odric, Master Tactician"
"Gideon, Martial Paragon",Planeswalker Deck,Other,AKH,2017-04-28,2.78,"Mountain, Hazoret's Favor, Gideon, Martial Paragon, Mountain, Plains"
"Gideon, the Oathsworn",Planeswalker Deck,Other,WAR,2019-05-03,18.46,"Cruel Celebrant, Bond of Discipline, Command the Dreadhorde, Gideon, the Oathsworn, Ajani's Pridemate"
Gift Wrapped,Secret Lair Drop,Other,SLD,2023-12-05,62.55,"Homeward Path, Giver of Runes, Moment's Peace, Distant Melody, Cathartic Reunion"
Gift Wrapped Foil Edition,Secret Lair Drop,Other,SLD,2023-12-05,62.12,"Homeward Path, Giver of Runes, Moment's Peace, Distant Melody, Cathartic Reunion"
Gifts of the Gods,Intro Pack,Other,BNG,2014-02-07,21.74,"Gift of Immortality, Sunbond, Plains, Island, Island"
Gigantic 1,Jumpstart,Other,J22,2022-12-02,15.32,"Runadi, Behemoth Caller, Overgrowth, Towering Gibbon, Thrashing Brontodon, Pounce"
Gigantic 2,Jumpstart,Other,J22,2022-12-02,15.32,"Runadi, Behemoth Caller, Engulfing Slagwurm, Overgrowth, Towering Gibbon, Thrashing Brontodon"
Gleeful Flames,Event Deck,Other,DKA,2012-02-24,75.58,"Inkmoth Nexus, Goblin Grenade, Faithless Looting, Infiltration Lens, Mountain"
Gliding (1),Jumpstart,Other,TLE,2025-11-20,1.65,"Kindly Customer, Momo, Friendly Flier, Plains, Appa, Loyal Sky Bison, Koala-Sheep"
Gliding (2),Jumpstart,Other,TLE,2025-11-20,1.81,"Tale of Momo, Momo, Friendly Flier, Plains, Appa, Loyal Sky Bison, Inspired Insurgent"
Glorious Combat,Game Night Deck,Other,GN2,2019-11-15,11.31,"Highcliff Felidar, Sephara, Sky's Blade, Zetalpa, Primal Dawn, Topan Freeblade, Take Vengeance"
Go to School 1,Jumpstart,Other,J22,2022-12-02,0.0,"Kasmina, Enigmatic Mentor, Biblioplex Kraken, Barrin, Tolarian Archmage, Thriving Isle, Merfolk Pupil"
Go to School 2,Jumpstart,Other,J22,2022-12-02,70.41,"Rhystic Study, Kasmina, Enigmatic Mentor, Biblioplex Kraken, Thriving Isle, Merfolk Pupil"
Goblin & Squabblin',Secret Lair Drop,Other,SLD,2023-08-29,239.88,"Muxus, Goblin Grandee, Goblin Recruiter, Goblin Lackey, Goblin Matron, Shattergang Brothers"
Goblin & Squabblin' Foil Edition,Secret Lair Drop,Other,SLD,2023-08-29,367.02,"Muxus, Goblin Grandee, Goblin Recruiter, Goblin Lackey, Goblin Matron, Shattergang Brothers"
Goblin Assault,Theme Deck,Other,S99,1999-07-12,12.3,"Goblin General, Relentless Assault, Mountain, Volcanic Dragon, Mountain"
Goblin Fire,Theme Deck,Other,P02,1998-06-24,35.8,"Goblin General, Wildfire, Mountain, Goblin Matron, Goblin War Strike"
Goblin Mob,Theme Deck,Other,SCG,2003-05-26,531.23,"Siege-Gang Commander, Goblin Warchief, Gempalm Incinerator, Sulfuric Vortex, Goblin War Strike"
Goblin Warlord,Shandalar Enemy Deck,Other,PAST,1997-04-01,253.61,"Mountain, Manabarbs, Goblin King, Tawnos's Weaponry, Helm of Chatzuk"
Goblingram,Secret Lair Drop,Other,SLD,2024-05-30,54.01,"Goblin Welder, Brash Taunter, Goblin Chieftain, Goblin Ringleader, Mogg War Marshal"
Goblingram Foil Edition,Secret Lair Drop,Other,SLD,2024-05-30,54.01,"Goblin Welder, Brash Taunter, Goblin Chieftain, Goblin Ringleader, Mogg War Marshal"
Goblins,Duel Deck,Other,DDT,2017-11-10,27.76,"Warren Instigator, Goblin Chieftain, Relentless Assault, Krenko, Mob Boss, Goblin Rabblemaster"
Goblins (1),Jumpstart,Other,JMP,2020-07-17,14.39,"Muxus, Goblin Grandee, Goblin Instigator, Mountain, Outnumber, Beetleback Chief"
Goblins (2),Jumpstart,Other,J25,2024-11-07,6.44,"General Kreat, the Boltbringer, Dropkick Bomber, Goblin Goliath, Battle Cry Goblin, Krenko's Command"
Goblins (3),Jumpstart,Other,J25,2024-11-07,9.49,"General Kreat, the Boltbringer, Krenko, Tin Street Kingpin, Krenko's Command, Beetleback Chief, Goblin Surprise"
Goblins (4),Jumpstart,Other,JMP,2020-07-17,5.56,"Krenko, Mob Boss, Goblin Instigator, Goblin Lore, Mountain, Outnumber"
Goblins 1,Jumpstart,Other,J22,2022-12-02,3.12,"Krenko, Mob Boss, Goblin Grenade, Hordeling Outburst, Battle Squadron, Thriving Bluff"
Goblins 2,Jumpstart,Other,J22,2022-12-02,2.19,"Goblin Warchief, Ib Halfheart, Goblin Tactician, Goblin Grenade, Goblin Rally, Thriving Bluff"
Goblins 3,Jumpstart,Other,J22,2022-12-02,13.14,"Muxus, Goblin Grandee, Goblin Grenade, Instruments of War, Destructive Tampering, Thriving Bluff"
Goblins 4,Jumpstart,Other,J22,2022-12-02,5.4,"Ardoz, Cobbler of War, Goblin Rabblemaster, Goblin Grenade, Hordeling Outburst, Goblin Rally"
Goblins Everywhere!,Arena Starter Deck,Other,ANB,2020-08-13,0.0,"Tin Street Cadet, Goblin Tunneler, Nest Robber, Molten Ravager, Goblin Gang Leader"
God of War: Greek,Secret Lair Drop,Other,SLD,2025-11-06,101.86,"Kratos, God of War, Pyrohemia, World at War, Rite of Flame, Sulfuric Vortex"
God of War: Greek Foil Edition,Secret Lair Drop,Other,SLD,2025-11-06,101.86,"Kratos, God of War, Pyrohemia, World at War, Rite of Flame, Sulfuric Vortex"
God of War: Norse,Secret Lair Drop,Other,SLD,2025-11-06,38.87,"Iroas, God of Victory, Kratos, Stoic Father, Teferi's Ageless Insight // Teferi's Ageless Insight, Atreus, Impulsive Son"
God of War: Norse Foil Edition,Secret Lair Drop,Other,SLD,2025-11-06,38.87,"Iroas, God of Victory, Kratos, Stoic Father, Teferi's Ageless Insight // Teferi's Ageless Insight, Atreus, Impulsive Son"
Going Rogue,Theme Deck,Other,MOR,2008-02-01,215.81,"Notorious Throng, Island, Oona's Blackguard, Swamp, Mothdust Changeling"
Gold Deck,Starter Deck,Other,9ED,2005-08-09,25.04,"Mountain, Grizzly Bears, Mountain, Forest, Stone Rain"
Gold Pack,Advanced Pack,Other,7ED,2001-04-11,222.1,"Llanowar Elves, Fog, Forest, Patagia Golem, Mountain"
Golgari,Duel Deck,Other,DDJ,2012-09-07,20.44,"Elves of Deep Shadow, Jarad, Golgari Lich Lord, Life from the Loam, Golgari Grave-Troll, Eternal Witness"
Golgari Deathcreep,Theme Deck,Other,RAV,2005-10-07,118.55,"Savra, Queen of the Golgari, Golgari Grave-Troll, Elves of Deep Shadow, Stinkweed Imp, Golgari Rot Farm"
Golgari Exploration,Arena Starter Deck,Other,DOM,2018-03-22,25.94,"Tendershoot Dryad, Vizier of the Menagerie, Wildgrowth Walker, Ravenous Chupacabra, Ifnir Deadlands"
Golgari Growth,Intro Pack,Other,RTR,2012-10-05,4.81,"Treasured Find, Grisly Salvage, Korozda Guildmage, Wild Beastmaster, Corpsejack Menace"
Golgari Swarm,Arena Starter Deck,Other,M20,2019-05-03,45.2,"Underrealm Lich, Overgrown Tomb, Assassin's Trophy, Leyline Prowler, Plaguecrafter"
Golgari Swarm 1,Jumpstart,Other,CLU,2024-02-23,17.93,"Amzu, Swarm's Hunger, Golgari Signet, Deadbridge Chant, Tribune of Rot, Golgari Rot Farm"
Golgari Swarm 2,Jumpstart,Other,CLU,2024-02-23,12.36,"Underrealm Lich, Sludge Titan, Fungal Rebirth, Tribune of Rot, Rubblebelt Maverick"
Gondor: Green-White,Starter Kit,Other,LTR,2023-06-23,43.52,"Bilbo's Ring, Aragorn and Arwen, Wed, Galadriel, Gift-Giver, Gandalf, White Rider, Generous Ent"
Grab for Power,Intro Pack,Other,M12,2011-07-15,54.04,"Buried Ruin, Ponder, Diabolic Tutor, Rune-Scarred Demon, Reassembling Skeleton"
Grave Advantage,Intro Pack,Other,FRF,2015-01-23,43.65,"Archfiend of Depravity, Dark Deal, Merciless Executioner, Hornet Queen, Forest"
Grave Matters,Arena Starter Deck,Other,SNC,2022-09-09,8.58,"Deathcap Glade, Old Rutstein, Infernal Grasp, Undead Butler, Old Stickfingers"
Grave Power,Intro Pack,Other,DKA,2012-02-03,21.12,"Gnaw to the Bone, Island, Forest, Island, Aether Adept"
Grave Robbers (1),Jumpstart,Other,J25,2024-11-07,0.0,"Murder, Eye Collector, Thriving Moor, Gorex, the Tombshell, Wailing Ghoul"
Grave Robbers (2),Jumpstart,Other,J25,2024-11-07,0.0,"Doomed Necromancer, Undead Butler, Fake Your Own Death, Dusk Mangler, Eye Collector"
Grave Robbers (3),Jumpstart,Other,J25,2024-11-07,0.0,"Murder, Isareth the Awakener, Dreadhound, Thriving Moor, Persistent Specimen"
Grave Robbers (4),Jumpstart,Other,J25,2024-11-07,0.0,"Liliana, Death's Majesty, Undead Butler, Murder, Isareth the Awakener, Thriving Moor"
Grave Secrets,Arena Starter Deck,Other,LTR,2023-06-20,15.55,"Breach the Multiverse, Darkslick Shores, Fallaji Archaeologist, Gix's Command, Black Sun's Twilight"
Graveborn,Premium Deck,Other,PD3,2011-11-18,95.03,"Reanimate, Crystal Vein, Entomb, Cabal Therapy, Animate Dead"
Graveyard Bash,Arena Starter Deck,Other,M19,2018-09-27,10.82,"Death Baron, Open the Graves, Swamp, Vampire Sovereign, Yargle, Glutton of Urborg"
Great Druid,Shandalar Enemy Deck,Other,PAST,1997-04-01,140.66,"Killer Bees, Desert Twister, Birds of Paradise, Untamed Wilds, Verduran Enchantress"
Great Lakes Avengers,Jumpstart,Other,MSH,2026-06-26,20.13,"Tippy-Toe, Terrific Partner, The Unbeatable Squirrel Girl, Big Bertha, Flatman, Mister Immortal"
Green,Game Night Deck,Other,GNT,2018-11-16,37.31,"Avatar of Growth, Goreclaw, Terror of Qal Sisma, Gigantosaurus, Rhonas's Monument, Ghalta, Primal Hunger"
Green Deck,Welcome Deck,Other,M20,2019-07-12,1.22,"Healer of the Glade, Woodland Mystic, Forest, Prized Unicorn, Vorstclaw"
Green Deck A,Sample Deck,Other,10E,2008-05-02,22.95,"Rampant Growth, Grizzly Bears, Blanchwood Armor, Forest, Forest"
Green Deck B,Sample Deck,Other,M11,2010-07-16,34.33,"Canopy Cover, Garruk's Packleader, Explore, Cultivate, Llanowar Elves"
Green Red Beatdown,Deck Builder's Toolkit,Other,ORI,2015-07-17,4.01,"Savage Punch, Whisperer of the Wilds, Barrage of Boulders, Zendikar Incarnate, Circle of Elders"
Green Sample Deck,Sample Deck,Other,M15,2014-07-18,6.79,"Elvish Mystic, Paragon of Eternal Wilds, Forest, Forest, Forest"
Green White Convoke,Deck Builder's Toolkit,Other,M15,2014-07-18,2.38,"Triplicate Spirits, Seraph of the Masses, Sunblade Elf, Living Totem, Raise the Alarm"
Green and White,Deck Builder's Toolkit,Other,AKH,2017-04-28,6.5,"Manglehorn, Fairgrounds Warden, Thopter Arrest, Shed Weakness, Compulsory Rest"
Green and White Humans,Deck Builder's Toolkit,Other,KLD,2016-09-30,0.0,"Gryff's Boon, Strength of Arms, True-Faith Censer, Choking Restraints, Hamlet Captain"
Green-White Auras,Deck Builder's Toolkit,Other,ROE,2010-05-21,77.59,"Hyena Umbra, Snake Umbra, Canopy Cover, Aura Gnarlid, Boar Umbra"
Green-White Demo Deck,Demo Deck,Other,8ED,2003-07-28,11.08,"Plains, Plains, Forest, Forest, Forest"
Grixis Shambling Army,Intro Pack,Other,CON,2009-02-06,37.02,"Terramorphic Expanse, Crumbling Necropolis, Island, Swamp, Mountain"
Grixis Undead,Intro Pack,Other,ALA,2008-10-03,56.16,"Cruel Ultimatum, Crumbling Necropolis, Island, Swamp, Fleshbag Marauder"
Gross 1,Jumpstart,Other,J22,2022-12-02,7.29,"Massacre Wurm, Leechridden Swamp, Plaguecrafter, Skullslither Worm, Blight Keeper"
Gross 2,Jumpstart,Other,J22,2022-12-02,5.6,"Phyrexian Reclamation, Plaguecrafter, Phyrexian Plaguelord, Skullslither Worm, Blighted Fen"
Gross 3,Jumpstart,Other,J22,2022-12-02,0.0,"Plaguecrafter, Skullslither Worm, Death Wind, Deathbringer Regent, Blight Keeper"
Gross 4,Jumpstart,Other,J22,2022-12-02,3.38,"Ophiomancer, Plaguecrafter, Witch's Cauldron, Skullslither Worm, Swarm of Bloodflies"
Ground Pounder,Theme Deck,Other,BTD,2000-10-01,28.14,"Dwarven Ruins, Fireball, Lightning Bolt, Ball Lightning, Shivan Dragon"
Groundbreaker - Advanced Deck,Advanced Deck,Other,EXO,1998-06-15,210.59,"Reflecting Pool, Wasteland, Undiscovered Paradise, Plaguebearer, City of Brass"
Groundbreaker - Basic Deck,Theme Deck,Other,EXO,1998-06-15,4.77,"Searing Touch, Thopter Squadron, Necrologia, Mountain, Mountain"
Growing Hope,Arena Starter Deck,Other,LTR,2023-06-20,24.83,"Ozolith, the Shattered Spire, Kami of Whispered Hopes, Ruins Recluse, Dusk Legion Duelist, Serra Redeemer"
Growing Hunger,Arena Starter Deck,Other,AFR,2021-09-24,10.58,"Darkbore Pathway // Slitherbore Pathway, Binding the Old Gods, Drana, the Last Bloodchief, Ochre Jelly, Woodland Chasm"
Gruul,Guild Kit,Other,GK2,2019-02-15,30.21,"Birds of Paradise, Rhythm of the Wild, Protean Hulk, Ruric Thar, the Unbowed, Immolation Shaman"
Gruul Clans,Arena Starter Deck,Other,M20,2019-05-03,20.46,"Stomping Ground, Rhythm of the Wild, End-Raze Forerunners, Ravager Wurm, Forest"
Gruul Clans 1,Jumpstart,Other,CLU,2024-02-23,3.29,"Herald of Ilharg, Gruul Signet, Firespout, Stormblood Berserker, Mountain"
Gruul Clans 2,Jumpstart,Other,CLU,2024-02-23,1.17,"Colossal Majesty, Giant Adephage, Stampede Surfer, Gruul Turf, Furious Spinesplitter"
Gruul Goliaths,Intro Pack,Other,GTC,2013-02-01,23.79,"Alpha Authority, Arbor Elf, Ranger's Path, Gruul Ragebeast, Gruul Guildgate"
Gruul Siege,Intro Pack,Other,DGM,2013-05-03,4.19,"Zhur-Taa Druid, Ruric Thar, the Unbowed, Gruul War Chant, Pit Fight, Mountain"
Gruul Stompy,Pioneer Challenger Deck,Other,Q08,2022-11-04,43.11,"Chandra, Torch of Defiance, Stomping Ground, Elvish Mystic, Questing Beast, Rockfall Vale"
Gruul Wilding,Theme Deck,Other,GPT,2006-02-03,36.79,"Skarrg, the Rage Pits, Wild Cantor, Borborygmos, Dryad Sophisticate, Gatherer of Graces"
Guardian of the Tusk,Shandalar Enemy Deck,Other,PAST,1997-04-01,312.83,"Berserk, Desert Twister, Colossus of Sardia, Birds of Paradise, Divine Transformation"
Guildpact Foil Redemption,MTGO Redemption,Other,GPT,2006-03-05,1045.75,"Steam Vents, Godless Shrine, Stomping Ground, Leyline of the Void, Teysa, Orzhov Scion"
Guildpact Redemption,MTGO Redemption,Other,GPT,2006-03-05,1045.75,"Steam Vents, Godless Shrine, Stomping Ground, Leyline of the Void, Teysa, Orzhov Scion"
Guilds of Ravnica Bundle Land Pack,Bundle Land Pack,Other,GRN,2018-10-05,2.68,"Mountain, Mountain, Forest, Forest, Swamp"
Guilds of Ravnica Foil Redemption,MTGO Redemption,Other,GRN,2018-11-04,348.52,"Mnemonic Betrayal, Chance for Glory, Steam Vents, Doom Whisperer, Watery Grave"
Guilds of Ravnica Redemption,MTGO Redemption,Other,GRN,2018-11-04,348.52,"Mnemonic Betrayal, Chance for Glory, Steam Vents, Doom Whisperer, Watery Grave"
HYDRA,Jumpstart,Other,MSH,2026-06-26,0.0,"Viper, Cruel Conspirator, Bob, Reluctant HYDRA Agent, Swamp, HYDRA Disintegrator, Crossbones, Malicious Mercenary"
Hands of Fire,Theme Deck,Other,PS11,2011-01-01,0.0,"Mountain, Mountain, Mountain, Mountain, Kamahl, Pit Fighter"
Hands of Flame,Duel Of The Planeswalkers Deck,Other,DPA,2010-06-04,13.92,"Furnace of Rath, Bloodmark Mentor, Rage Reflection, Blaze, Banefire"
Happy Little Gathering,Secret Lair Drop,Other,SLD,2021-03-15,54.03,"Forest, Mountain, Swamp, Mountain, Forest"
Happy Little Gathering Foil Edition,Secret Lair Drop,Other,SLD,2021-03-15,54.03,"Forest, Mountain, Swamp, Mountain, Forest"
Happy Yargle Day!,Secret Lair Drop,Other,SLD,2020-09-03,36.3,"Swords to Plowshares, Fatal Push, Explore, Opt, Anger of the Gods"
Happy Yargle Day! Foil Edition,Secret Lair Drop,Other,SLD,2020-09-03,36.3,"Swords to Plowshares, Fatal Push, Explore, Opt, Anger of the Gods"
Hard-Boiled Thrillers,Secret Lair Drop,Other,SLD,2024-02-23,97.92,"Reconnaissance, Jace, Wielder of Mysteries, Black Market, Obeka, Brute Chronologist, Dire Undercurrents"
Hard-Boiled Thrillers Foil Edition,Secret Lair Drop,Other,SLD,2024-02-23,95.16,"Reconnaissance, Jace, Wielder of Mysteries, Black Market, Obeka, Brute Chronologist, Dire Undercurrents"
Hare Raising,Starter Kit,Other,BLB,2024-08-02,7.72,"Byrke, Long Ear of the Law, Fecund Greenshell, Colossification, Finneas, Ace Archer, Serra Redeemer"
Hascon 2017 Promo Cards,Box Set,Other,H17,2017-09-20,334.41,"Grimlock, Dinobot Leader // Grimlock, Ferocious King, Nerf War, Sword of Dungeons & Dragons"
Hatsune Miku: Digital Sensation,Secret Lair Drop,Other,SLD,2024-07-10,223.69,"Sol Ring, Child of Alara, Chord of Calling, Thespian's Stage, Song of Creation"
Hatsune Miku: Digital Sensation Foil Edition,Secret Lair Drop,Other,SLD,2024-07-10,223.69,"Sol Ring, Child of Alara, Chord of Calling, Thespian's Stage, Song of Creation"
Hatsune Miku: Electric Entourage,Secret Lair Drop,Other,SLD,2024-10-01,189.42,"Elspeth Tirel, Freyalise, Llanowar's Fury, Liliana of the Dark Realms, The Royal Scions, Jace, Unraveler of Secrets"
Hatsune Miku: Electric Entourage Foil Edition,Secret Lair Drop,Other,SLD,2024-10-01,189.42,"Elspeth Tirel, Freyalise, Llanowar's Fury, Liliana of the Dark Realms, The Royal Scions, Jace, Unraveler of Secrets"
Hatsune Miku: Sakura Superstar,Secret Lair Drop,Other,SLD,2024-05-30,182.42,"Harmonize, Azusa, Lost but Seeking, Chandra's Ignition, Feather, the Redeemed, Inspiring Vantage"
Hatsune Miku: Sakura Superstar Foil Edition,Secret Lair Drop,Other,SLD,2024-05-30,231.26,"Harmonize, Azusa, Lost but Seeking, Feather, the Redeemed, Chandra's Ignition, Inspiring Vantage"
Hatsune Miku: Winter Diva,Secret Lair Drop,Other,SLD,2025-02-11,154.59,"Swan Song, Giada, Font of Hope, Counterspell, Brago, King Eternal, Youthful Valkyrie"
Hatsune Miku: Winter Diva Foil Edition,Secret Lair Drop,Other,SLD,2025-02-11,154.59,"Swan Song, Giada, Font of Hope, Counterspell, Brago, King Eternal, Youthful Valkyrie"
Haze of Spores,MTGO Theme Deck,Other,ME2,2008-09-22,0.0,"Forest, Forest, Forest, Havenwood Battleground, Mishra's Factory"
Hazoret Aggro,Challenger Deck,Other,Q01,2018-04-06,39.17,"Chandra, Torch of Defiance, Sunscorched Desert, Hazoret the Fervent, Soul-Scar Mage, Mountain"
Healers (1),Jumpstart,Other,J25,2024-11-07,0.0,"Speaker of the Heavens, Angel of Vitality, Qala, Ajani's Pridemate, Kabira Crossroads, Hinterland Sanctifier"
Healers (2),Jumpstart,Other,J25,2024-11-07,2.17,"Valkyrie Harbinger, Angel of Vitality, Qala, Ajani's Pridemate, Hinterland Sanctifier, Brightmare"
Healers (3),Jumpstart,Other,J25,2024-11-07,5.08,"Righteous Valkyrie, Angel of Vitality, Qala, Ajani's Pridemate, Kabira Crossroads, Hinterland Sanctifier"
Healers (4),Jumpstart,Other,J25,2024-11-07,5.01,"Felidar Sovereign, Rhox Faithmender, Angel of Vitality, Qala, Ajani's Pridemate, Hinterland Sanctifier"
Healing,Jumpstart,Other,FDN,2024-11-15,0.0,"Twinblade Paladin, Ancestor Dragon, Dazzling Angel, Plains, Ajani's Pridemate"
Heavily Armored (1),Jumpstart,Other,JMP,2020-07-17,8.71,"Cathars' Crusade, Plains, Secure the Scene, Trusty Retriever, Plains"
Heavily Armored (2),Jumpstart,Other,JMP,2020-07-17,8.71,"Cathars' Crusade, Plains, Secure the Scene, Trusty Retriever, Plains"
Heavily Armored (3),Jumpstart,Other,JMP,2020-07-17,0.0,"Mikaeus, the Lunarch, Plains, Supply Runners, Trusty Retriever, Plains"
Heavily Armored (4),Jumpstart,Other,JMP,2020-07-17,2.78,"Duelist's Heritage, Plains, Supply Runners, Trusty Retriever, Swift Response"
Heavy Duty,Theme Deck,Other,INV,2000-10-02,130.36,"Armadillo Cloak, Thicket Elemental, Crimson Acolyte, Forest, Elfhame Palace"
Heavy Hitters,Theme Deck,Other,8ED,2003-07-28,27.34,"Elvish Pioneer, Rampant Growth, Naturalize, Forest, Forest"
Hei Bai (1),Jumpstart,Other,TLE,2025-11-20,2.06,"That's Rough Buddy, Plains, Aang, A Lot to Learn, Suki, Courageous Rescuer, Invasion Reinforcements"
Hei Bai (2),Jumpstart,Other,TLE,2025-11-20,2.06,"That's Rough Buddy, Plains, Aang, A Lot to Learn, Suki, Courageous Rescuer, Thriving Heath"
Here Be Dragons,Secret Lair Drop,Other,SLD,2022-06-14,258.91,"Old Gnawbone, Tiamat, Ebondeath, Dracolich, Iymrith, Desert Doom, Icingdeath, Frost Tyrant"
Heroes,Duel Deck,Other,DDL,2013-09-06,4.21,"Pyrokinesis, Sun Titan, Winds of Rath, Undying Rage, Anax and Cymede"
Heroes (1),Jumpstart,Other,J25,2024-11-07,1.71,"Brigone, Soldier of Meletis, Akroan Skyguard, Defiant Strike, Thriving Heath, Chains of Custody"
Heroes (2),Jumpstart,Other,J25,2024-11-07,1.71,"Brigone, Soldier of Meletis, Defiant Strike, Thriving Heath, Ojutai Exemplars, Chains of Custody"
Heroes United,Box Set,Other,MSH,2026-06-26,15.85,"Hawkeye, Trick Shot, Iron Man, Futurist Paragon, Hulk, Always Angry, Thor, Guardian of Midgard, Black Widow, Intel Expert"
Heroes for Hire,Jumpstart,Other,MSH,2026-06-26,8.22,"Luke Cage, Hero for Hire, Heroes for Hire, Iron Fist, Hero for Hire, Big Score, Bionic Blow"
Hidden Pathways,Secret Lair Drop,Other,SLU,2021-05-07,92.62,"Riverglide Pathway // Lavaglide Pathway, Barkchannel Pathway // Tidechannel Pathway, Darkbore Pathway // Slitherbore Pathway, Blightstep Pathway // Searstep Pathway, Clearwater Pathway // Murkwater Pathway"
High Priest,Shandalar Enemy Deck,Other,PAST,1997-04-01,57.51,"Fellwar Stone, Armageddon, Savannah Lions, Balance, White Mana Battery"
High-Flying Valor,Arena Starter Deck,Other,LTR,2023-06-20,20.59,"Myrel, Shield of Argive, Rescue Retriever, Siege Veteran, Fortified Beachhead, Valiant Veteran"
Hit The Ground Running,Intro Pack,Other,M15,2014-07-18,8.51,"Stormtide Leviathan, Reclamation Sage, Illusory Angel, Satyr Wayfinder, Negate"
Hold The Line,Event Deck,Other,ISD,2011-10-28,20.7,"Champion of the Parish, Honor of the Pure, Fiend Hunter, Mirran Crusader, Plains"
Holy 1,Jumpstart,Other,J22,2022-12-02,4.54,"Blessed Sanctuary, Angelic Cub, Goldnight Commander, Angelic Page, Chains of Custody"
Holy 2,Jumpstart,Other,J22,2022-12-02,14.66,"Starnheim Aspirant, Lyra Dawnbringer, Angelic Cub, Defy Death, Chains of Custody"
Holy 3,Jumpstart,Other,J22,2022-12-02,2.43,"Valkyrie Harbinger, Planar Atlas, Dawn of Hope, Chains of Custody, Emancipation Angel"
Holy 4,Jumpstart,Other,J22,2022-12-02,5.95,"Righteous Valkyrie, Chains of Custody, Emancipation Angel, Thriving Heath, Pilgrim of the Ages"
Hope's Crusaders,Theme Deck,Other,TSP,2006-10-06,19.92,"Pentarch Paladin, Sarpadian Empires, Vol. VII, Cloudchaser Kestrel, Outrider en-Kor, Celestial Crusader"
Horizon: Into the Forbidden West,Secret Lair Drop,Other,SLD,2025-11-06,66.22,"Blightsteel Colossus, Farseek, Aloy, Savior of Meridian, Tarrian's Soulcleaver, Meteor Golem"
Horizon: Into the Forbidden West Foil Edition,Secret Lair Drop,Other,SLD,2025-11-06,66.22,"Blightsteel Colossus, Farseek, Aloy, Savior of Meridian, Tarrian's Soulcleaver, Meteor Golem"
Horrific Visions,Intro Pack,Other,SOI,2016-04-08,4.04,"Liliana's Indignation, Crawling Sensation, Wild-Field Scarecrow, Loam Dryad, Inexorable Blob"
Hour of Devastation Bundle Land Pack,Bundle Land Pack,Other,HOU,2017-07-14,5.72,"Swamp, Mountain, Plains, Island, Forest"
Hour of Devastation Foil Redemption,MTGO Redemption,Other,HOU,2017-08-13,334.71,"Torment of Hailfire, The Locust God, Razaketh, the Foulblooded, Solemnity, The Scarab God"
Hour of Devastation Redemption,MTGO Redemption,Other,HOU,2017-08-13,334.71,"Torment of Hailfire, The Locust God, Razaketh, the Foulblooded, Solemnity, The Scarab God"
House Dimir,Arena Starter Deck,Other,M20,2019-05-03,37.54,"Doom Whisperer, Watery Grave, Etrata, the Silencer, Thief of Sanity, Mission Briefing"
House Dimir 1,Jumpstart,Other,CLU,2024-02-23,1.12,"Dimir Signet, Memory Vampire, Dimir Aqueduct, Duskmantle Seer, Island"
House Dimir 2,Jumpstart,Other,CLU,2024-02-23,0.0,"Dimir Strandcatcher, Thief of Sanity, Dimir Aqueduct, Swamp, Murder"
"Huatli, Dinosaur Knight",Planeswalker Deck,Other,XLN,2017-09-29,14.54,"Goring Ceratops, Huatli, Dinosaur Knight, Kinjalli's Caller, Lightning Strike, Mountain"
Humanity's Vengeance,Event Deck,Other,AVR,2012-05-25,288.36,"Mental Misstep, Phyrexian Metamorph, Tandem Lookout, Dismember, Porcelain Legionnaire"
Humans,Deck Builder's Toolkit,Other,M13,2012-07-13,9.05,"Avacyn's Pilgrim, Fiend Hunter, Commander's Authority, Crusader of Odric, Bonds of Faith"
Hunting (1),Jumpstart,Other,TLE,2025-11-20,3.24,"Desperate Plea, Katara, Seeking Revenge, Swamp, Thriving Moor, Elephant-Rat"
Hunting (2),Jumpstart,Other,TLE,2025-11-20,2.73,"Ruthless Waterbender, Katara, Seeking Revenge, Swamp, Thriving Moor, Diresight"
Hunting Pack,Intro Pack,Other,ORI,2015-07-17,21.29,"Managorger Hydra, Shaman of the Pack, Dwynen, Gilt-Leaf Daen, Dwynen's Elite, Swamp"
Icky (1),Jumpstart,Other,J25,2024-11-07,8.76,"Fumulus, the Infestation, Go for the Throat, Wriggling Grub, Nantuko Husk, Village Rites"
Icky (2),Jumpstart,Other,J25,2024-11-07,8.76,"Fumulus, the Infestation, Go for the Throat, Wriggling Grub, Nantuko Husk, Morkrut Necropod"
If Looks Could Kill,Secret Lair Drop,Other,SLD,2022-12-05,53.3,"Liliana of the Dark Realms, Azami, Lady of Scrolls, Reflector Mage, Adaptive Automaton"
If Looks Could Kill Foil Edition,Secret Lair Drop,Other,SLD,2022-12-05,53.3,"Liliana of the Dark Realms, Azami, Lady of Scrolls, Reflector Mage, Adaptive Automaton"
Ignite the Forge,Arena Starter Deck,Other,SNC,2022-09-09,23.28,"Professional Face-Breaker, Haunted Ridge, Atsushi, the Blazing Sky, Blood Fountain, Big Score"
Ikoria: Lair of Behemoths Bundle Land Pack,Bundle Land Pack,Other,IKO,2020-04-24,6.08,"Swamp, Swamp, Mountain, Mountain, Forest"
Ikoria: Lair of Behemoths Foil Redemption,MTGO Redemption,Other,IKO,2020-05-24,317.75,"The Ozolith, Kinnan, Bonder Prodigy, Zagoth Triome, Savai Triome, Indatha Triome"
Ikoria: Lair of Behemoths Redemption,MTGO Redemption,Other,IKO,2020-05-24,317.75,"The Ozolith, Kinnan, Bonder Prodigy, Zagoth Triome, Savai Triome, Indatha Triome"
Illusionary Might,Event Deck,Other,M12,2011-08-12,100.0,"Preordain, Phantasmal Image, Glimmerpost, Steel Hellkite, Grand Architect"
Illusions,Jumpstart,Other,J25,2024-11-07,0.0,"Pol Jamaar, Illusionist, Lord of the Unreal, Murmuring Mystic, Oneirophage, Opt"
Imaginary Friends,Secret Lair Drop,Other,SLD,2022-10-25,72.0,"Toothy, Imaginary Friend, The Gitrog Monster, Pir, Imaginative Rascal, Matter Reshaper"
Imaginary Friends Foil Edition,Secret Lair Drop,Other,SLD,2022-10-25,72.0,"Toothy, Imaginary Friend, The Gitrog Monster, Pir, Imaginative Rascal, Matter Reshaper"
Impaler,Theme Deck,Other,S99,1999-07-12,5.35,"Nature's Lore, Whirlwind, Renewing Touch, Pride of Lions, Forest"
In Memoriam: Jaya Ballard,Secret Lair Drop,Other,SLD,2022-10-25,89.59,"Pyretic Ritual, Repercussion, Jaya's Immolating Inferno, Pyromancer's Goggles, Jaya Ballard"
In Memoriam: Jaya Ballard Foil Edition,Secret Lair Drop,Other,SLD,2022-10-25,89.59,"Pyretic Ritual, Repercussion, Jaya's Immolating Inferno, Pyromancer's Goggles, Jaya Ballard"
Incredible,Jumpstart,Other,MSH,2026-06-26,8.32,"Hulk, Strongest There Is, Hulk's Thunderclap, Origin of the Hulk, She-Hulk, Attorney-at-Law, Forest"
Infantry 1,Jumpstart,Other,BRO,2022-11-18,1.23,"Rescue Retriever, Recommission, Static Net, Recruitment Officer, Lay Down Arms"
Infantry 2,Jumpstart,Other,BRO,2022-11-18,1.23,"Rescue Retriever, Static Net, Yotian Frontliner, Lay Down Arms, Scrapwork Cohort"
Infect & Defile,Event Deck,Other,MBS,2011-02-25,109.54,"Preordain, Plague Myr, Hand of the Praetors, Corrupted Conscience, Drowned Catacomb"
Infernal Intervention,Intro Pack,Other,M15,2014-07-18,20.76,"Profane Memento, Typhoid Rats, Indulgent Tormentor, Burning Anger, Mountain"
Inferno,Jumpstart,Other,FDN,2024-11-15,1.01,"Terror of Mount Velus, Carnelian Orb of Dragonkind, Seize the Spoils, Firespitter Whelp, Dragonlord's Servant"
Infestation,Theme Deck,Other,7ED,2001-04-11,869.97,"Goblin King, Goblin Matron, Trained Orgg, Shock, Blaze"
Ingenious Machinists,Duel Deck,Other,DDU,2018-04-06,41.57,"Goblin Welder, Darksteel Plate, Great Furnace, Galvanic Blast, Darksteel Citadel"
Inked,Secret Lair Drop,Other,SLD,2026-05-29,52.27,"Crypt Ghast, Deathrite Shaman, Burnished Hart, Mulldrifter, Ice-Fang Coatl"
Inked Foil Edition,Secret Lair Drop,Other,SLD,2026-05-29,52.27,"Crypt Ghast, Deathrite Shaman, Burnished Hart, Mulldrifter, Ice-Fang Coatl"
Innistrad Fat Pack Land Pack,Bundle Land Pack,Other,ISD,2011-09-30,16.56,"Mountain, Swamp, Island, Swamp, Forest"
Innistrad Foil Redemption,MTGO Redemption,Other,ISD,2011-10-30,867.28,"Liliana of the Veil, Parallel Lives, Snapcaster Mage, Army of the Damned, Moonmist"
Innistrad Redemption,MTGO Redemption,Other,ISD,2011-10-30,867.28,"Liliana of the Veil, Parallel Lives, Snapcaster Mage, Army of the Damned, Moonmist"
Innistrad: Crimson Vow Bundle Land Pack,Bundle Land Pack,Other,VOW,2021-11-19,0.0,"Island, Island, Forest, Forest, Swamp"
Innistrad: Crimson Vow Foil Redemption,MTGO Redemption,Other,VOW,2021-12-19,169.76,"Toxrill, the Corrosive, Necroduality, Olivia, Crimson Bride, Deathcap Glade, Hallowed Haunting"
Innistrad: Crimson Vow Redemption,MTGO Redemption,Other,VOW,2021-12-19,169.76,"Toxrill, the Corrosive, Necroduality, Olivia, Crimson Bride, Deathcap Glade, Hallowed Haunting"
Innistrad: Crimson Vow Welcome Booster,Welcome Booster,Other,VOW,2021-11-19,3.76,"Sorin, Vengeful Bloodlord, Niv-Mizzet, the Firemind, Thirst for Discovery, Voldaren Epicure, Commander's Sphere"
Innistrad: Midnight Hunt Bundle Land Pack,Bundle Land Pack,Other,MID,2021-09-24,0.0,"Mountain, Mountain, Swamp, Swamp, Island"
Innistrad: Midnight Hunt Foil Redemption,MTGO Redemption,Other,MID,2021-10-24,140.15,"The Meathook Massacre, Haunted Ridge, Shipwreck Marsh, Jadar, Ghoulcaller of Nephalia, Deserted Beach"
Innistrad: Midnight Hunt Redemption,MTGO Redemption,Other,MID,2021-10-24,140.15,"The Meathook Massacre, Haunted Ridge, Shipwreck Marsh, Jadar, Ghoulcaller of Nephalia, Deserted Beach"
Innistrad: Midnight Hunt Welcome Booster,Welcome Booster,Other,MID,2021-09-24,0.0,"Arlinn, Voice of the Pack, Rally the Ranks, Triskaidekaphobia, Commander's Sphere, Bladestitched Skaab"
Insanity,Theme Deck,Other,TOR,2002-02-08,338.24,"Arrogant Wurm, Putrid Imp, Tainted Wood, Basking Rootwalla, Wild Mongrel"
Insatiable Hunger,Intro Pack,Other,BNG,2014-02-07,15.99,"Searing Blood, Mistcutter Hydra, Forest, Voyaging Satyr, Opaline Unicorn"
Insects 1,Jumpstart,Other,J22,2022-12-02,0.0,"Iridescent Hornbeetle, Caustic Caterpillar, Duskshell Crawler, Crawling Sensation, Nantuko Cultivator"
Insects 2,Jumpstart,Other,J22,2022-12-02,26.13,"Zask, Skittering Swarmlord, Circuit Mender, Caustic Caterpillar, Crawling Sensation, Nantuko Cultivator"
Insects 3,Jumpstart,Other,J22,2022-12-02,0.0,"Iridescent Hornbeetle, Phantom Nantuko, Caustic Caterpillar, Deadbridge Goliath, Crawling Sensation"
Insects 4,Jumpstart,Other,J22,2022-12-02,26.13,"Zask, Skittering Swarmlord, Caustic Caterpillar, Rampaging Growth, Crawling Sensation, Nantuko Cultivator"
Inspiration-Struck,Intro Pack,Other,BNG,2014-02-07,22.28,"Retraction Helix, Springleaf Drum, Curse of the Swine, Siren of the Silent Song, Island"
Inspiring Heroics,Event Deck,Other,THS,2013-10-18,32.29,"Hallowed Fountain, Imposing Sovereign, Dryad Militant, Frontline Medic, Plains"
Insurgent (1),Jumpstart,Other,TLE,2025-11-20,3.01,"Tale of Momo, Momo, Rambunctious Rascal, Plains, Airbender's Reversal, Invasion Reinforcements"
Insurgent (2),Jumpstart,Other,TLE,2025-11-20,9.11,"Duelist's Heritage, That's Rough Buddy, Momo, Rambunctious Rascal, Plains, Hakoda, Selfless Commander"
International Women's Day 2020,Secret Lair Drop,Other,SLD,2020-03-08,99.22,"Meren of Clan Nel Toth, Oona, Queen of the Fae, Captain Sisay, Saskia the Unyielding, Narset, Enlightened Master"
Intl. Collectors' Edition,Box Set,Other,CEI,1993-12-10,7190.89,"Ancestral Recall, Mox Jet, Mox Ruby, Volcanic Island, Tundra"
Into the Breach,Event Deck,Other,MBS,2011-02-25,94.72,"Memnite, Galvanic Blast, Goblin Bushwhacker, Signal Pest, Kuldotha Rebirth"
Introducing: Kaito Shizuki,Secret Lair Drop,Other,SLD,2022-07-22,69.57,"Snap, Brain Freeze, Bribery, Unmask, Shadow of Doubt"
Introducing: Kaito Shizuki Foil Edition,Secret Lair Drop,Other,SLD,2022-07-22,69.57,"Snap, Brain Freeze, Bribery, Unmask, Shadow of Doubt"
Inundation,Theme Deck,Other,JUD,2002-05-27,276.27,"Commander Eesha, Unquestioned Authority, Battle Screech, Prismatic Strands, Tireless Tribe"
Invading Spawn,Intro Pack,Other,ROE,2010-04-23,93.86,"Pawn of Ulamog, Lightning Bolt, Emrakul's Hatcher, Hand of Emrakul, Bloodthrone Vampire"
Invasion Foil Redemption,MTGO Redemption,Other,INV,2000-11-01,6419.35,"Phyrexian Altar, Fact or Fiction, Tsabo's Web, Crosis, the Purger, Captain Sisay"
Invasion Redemption,MTGO Redemption,Other,INV,2000-11-01,6419.35,"Phyrexian Altar, Fact or Fiction, Tsabo's Web, Crosis, the Purger, Captain Sisay"
Inventive (1),Jumpstart,Other,J25,2024-11-07,0.0,"Seat of the Synod, Ornithopter of Paradise, Sai, Master Thopterist, Chief of the Foundry, Filigree Attendant"
Inventive (2),Jumpstart,Other,J25,2024-11-07,0.0,"Seat of the Synod, Ornithopter of Paradise, Sai, Master Thopterist, Shimmer Dragon, Chief of the Foundry"
Inventive (3),Jumpstart,Other,J25,2024-11-07,3.28,"Thoughtcast, Padeem, Consul of Innovation, Seat of the Synod, Ornithopter of Paradise, Myr Enforcer"
Inventive (4),Jumpstart,Other,J25,2024-11-07,1.31,"Padeem, Consul of Innovation, Seat of the Synod, Ornithopter of Paradise, Chief of the Foundry, Guardian Idol"
Inventive 1,Jumpstart,Other,J22,2022-12-02,6.6,"Tezzeret, Artifice Master, Seat of the Synod, Planar Atlas, Aether Spellbomb, Whirler Rogue"
Inventive 2,Jumpstart,Other,J22,2022-12-02,2.98,"Seat of the Synod, Hangarback Walker, Whirler Rogue, Renowned Weaponsmith, Thriving Isle"
Inventive 3,Jumpstart,Other,J22,2022-12-02,3.32,"Seat of the Synod, Steel Overseer, Thopter Spy Network, Aether Spellbomb, Whirler Rogue"
Inventive 4,Jumpstart,Other,J22,2022-12-02,1.8,"Seat of the Synod, Aether Spellbomb, Solemn Simulacrum, Whirler Rogue, Thriving Isle"
Iroh,Jumpstart,Other,TLE,2025-11-20,14.81,"Bolt Bend, Iroh, Dragon of the West, Fiery Confluence, Zuko, Seeking Honor, Mountain"
Iron Maiden: Album Art,Secret Lair Drop,Other,SLD,2025-10-27,113.69,"Animate Dead, Unearth, Grave Titan, Lethal Scheme, Temporal Trespass"
Iron Maiden: Album Art Foil Edition,Secret Lair Drop,Other,SLD,2025-10-27,113.69,"Animate Dead, Unearth, Grave Titan, Lethal Scheme, Temporal Trespass"
Iron Maiden: Eddie Unchained,Secret Lair Drop,Other,SLD,2025-10-27,204.48,"Bruvac the Grandiloquent, Nekusar, the Mindrazer, Windfall, Mindcrank, Captain N'ghathrod"
Iron Maiden: Eddie Unchained Foil Edition,Secret Lair Drop,Other,SLD,2025-10-27,204.48,"Bruvac the Grandiloquent, Nekusar, the Mindrazer, Windfall, Mindcrank, Captain N'ghathrod"
Iron Man,Jumpstart,Other,MSH,2026-06-26,13.13,"Iron Man, Bleeding Edge, Origin of Iron Man, Iron Suitcase, Rescue, Pepper Potts, Island"
Ivory Doom,Theme Deck,Other,ONS,2002-10-07,302.6,"Astral Slide, Smother, Starlit Sanctum, Barren Moor, Secluded Steppe"
Ixalan Bundle Land Pack,Bundle Land Pack,Other,XLN,2017-09-29,1.99,"Island, Forest, Forest, Island, Island"
Ixalan Foil Redemption,MTGO Redemption,Other,XLN,2017-10-29,378.86,"Gishath, Sun's Avatar, Revel in Riches, Herald of Secret Streams, Jace, Cunning Castaway, Primal Amulet // Primal Wellspring"
Ixalan Redemption,MTGO Redemption,Other,XLN,2017-10-29,378.86,"Gishath, Sun's Avatar, Revel in Riches, Herald of Secret Streams, Jace, Cunning Castaway, Primal Amulet // Primal Wellspring"
Ixidor's Legacy,Theme Deck,Other,PLC,2007-02-02,72.52,"Pongify, Piracy Charm, Desert, Riptide Pilferer, Aeon Chronicler"
Izzet,Guild Kit,Other,GK1,2018-11-02,15.76,"Electrostatic Field, Niv-Mizzet, the Firemind, Quasiduplicate, Stitch in Time, Cerebral Vortex"
Izzet Gizmometry,Theme Deck,Other,GPT,2006-02-03,58.72,"Telling Time, Gelectrode, Izzet Boilerworks, Repeal, Tibor and Lumia"
Izzet Ingenuity,Intro Pack,Other,RTR,2012-10-05,24.05,"Electrickery, Blustersquall, Guttersnipe, Mizzium Mortars, Krenko's Command"
Izzet League,Arena Starter Deck,Other,M20,2019-05-03,47.73,"Steam Vents, Niv-Mizzet, Parun, Electrostatic Field, Runaway Steam-Kin, Murmuring Mystic"
Izzet League 1,Jumpstart,Other,CLU,2024-02-23,4.52,"Stunt Double, Consider, Turn to Frog, Izzet Boilerworks, Resonance Technician"
Izzet League 2,Jumpstart,Other,CLU,2024-02-23,12.59,"Corporeal Projection, Lightning Bolt, Izzet Signet, Hypersonic Dragon, Izzet Boilerworks"
Izzet Phoenix,Pioneer Challenger Deck,Other,Q08,2022-11-04,31.96,"Steam Vents, Treasure Cruise, Arclight Phoenix, Sulfur Falls, Fiery Impulse"
Izzet Spellweaving,Arena Starter Deck,Other,DOM,2018-03-22,33.93,"Primal Amulet // Primal Wellspring, Spell Swindle, Star of Extinction, Cryptic Serpent, Field of Ruin"
Jace,Duel Deck,Other,DD2,2008-11-07,21.36,"Counterspell, Terrain Generator, Jace Beleren, Gush, Daze"
Jace Japanese,Duel Deck,Other,DD2,2008-11-07,18.11,"Counterspell, Terrain Generator, Gush, Daze, Ancestral Vision"
"Jace, Arcane Strategist",Planeswalker Deck,Other,WAR,2019-05-03,17.27,"Spark Double, Kiora, Behemoth Beckoner, Jace, Arcane Strategist, Merfolk Skydiver, Island"
"Jace, Ingenious Mind Mage",Planeswalker Deck,Other,XLN,2017-09-29,29.79,"Herald of Secret Streams, Jace, Ingenious Mind-Mage, Fleet Swallower, Tempest Caller, Island"
Jakub Šlemr - Mono-Black Control,World Championship Deck,Other,WC99,1999-08-04,238.51,"Yawgmoth's Will, Vampiric Tutor, Powder Keg, Volrath's Stronghold, Wasteland"
Jakub Šlemr - Prismatic Black Aggro,World Championship Deck,Other,WC97,1997-08-13,38.35,"City of Brass, Gemstone Mine, Undiscovered Paradise, Sulfurous Springs, Swamp"
Jan Tomcani - Dark Fires,World Championship Deck,Other,WC01,2001-08-08,94.53,"Llanowar Wastes, City of Brass, Rishadan Port, Birds of Paradise, Forest"
Janosch Kühn - Angry Non-Hermit,World Championship Deck,Other,WC00,2000-08-02,62.03,"Dust Bowl, Rishadan Port, Birds of Paradise, Priest of Titania, Masticore"
Janosch Kühn - Red-White-Blue Speed Control,World Championship Deck,Other,WC97,1997-08-13,102.58,"Force of Will, Thawing Glaciers, City of Brass, Swords to Plowshares, Undiscovered Paradise"
Jaws: Terror of Amity Island,Secret Lair Drop,Other,SLD,2025-10-27,253.94,"Jaws, Relentless Predator, Descent into Avernus, Sneak Attack, Reckless Endeavor, Abrade"
Jaws: Terror of Amity Island Foil Edition,Secret Lair Drop,Other,SLD,2025-10-27,253.94,"Jaws, Relentless Predator, Descent into Avernus, Sneak Attack, Reckless Endeavor, Abrade"
Jeskai Monks,Intro Pack,Other,KTK,2014-09-26,11.38,"Monastery Swiftspear, Mystic Monastery, Void Snare, Mountain, Island"
Jiang Yanggu,Planeswalker Deck,Other,GS1,2018-06-22,0.0,"Mountain, Jiang Yanggu, Forest, Sacred White Deer, Screeching Phoenix"
Jon Finkel - Mono-Blue Tinker,World Championship Deck,Other,WC00,2000-08-02,115.94,"Grim Monolith, Metalworker, Rishadan Port, Tangle Wire, Masticore"
Journey 1,Jumpstart,Other,LTR,2023-06-23,10.47,"Elanor Gardner, Mirkwood Spider, Meriadoc Brandybuck, Revive the Shire, Ent's Fury"
Journey 2,Jumpstart,Other,LTR,2023-06-23,11.86,"Elanor Gardner, Peregrin Took, Meriadoc Brandybuck, Revive the Shire, Forest"
Journey into Nyx Foil Redemption,MTGO Redemption,Other,JOU,2014-06-01,488.6,"Sage of Hours, Mana Confluence, Athreos, God of Passage, Iroas, God of Victory, Godsend"
Journey into Nyx Redemption,MTGO Redemption,Other,JOU,2014-06-01,488.6,"Sage of Hours, Mana Confluence, Athreos, God of Passage, Iroas, God of Victory, Godsend"
Judgment Foil Redemption,MTGO Redemption,Other,JUD,2002-06-26,3693.31,"Sylvan Safekeeper, Cabal Therapy, Burning Wish, Dwarven Bloodboiler, Anger"
Judgment Redemption,MTGO Redemption,Other,JUD,2002-06-26,3693.31,"Sylvan Safekeeper, Cabal Therapy, Burning Wish, Dwarven Bloodboiler, Anger"
Julien Nuijten - Green-White Astral Slide,World Championship Deck,Other,WC04,2004-09-01,18.31,"Windswept Heath, Forest, Rampant Growth, Decree of Justice, Eternal Witness"
Jund Appetite for War,Intro Pack,Other,CON,2009-02-06,36.32,"Terramorphic Expanse, Voracious Dragon, Swamp, Forest, Forest"
Jungle Jam,MTGO Theme Deck,Other,MIR,2006-12-05,36.02,"Worldly Tutor, Zuberi, Golden Feather, Mountain Valley, Forest, Plains"
Jungle Secrets,Arena Starter Deck,Other,M19,2018-09-27,36.41,"Herald of Secret Streams, Kumena, Tyrant of Orazca, Tempest Caller, Merfolk Mistbinder, Hinterland Harbor"
Jurassic World: Dr. Ian Malcolm,Secret Lair Drop,Other,SLD,2023-12-05,93.06,"Atla Palani, Nest Tender, Tasigur, the Golden Fang, Tasha's Hideous Laughter, Laboratory Maniac"
Jurassic World: Dr. Ian Malcolm Foil Edition,Secret Lair Drop,Other,SLD,2023-12-05,103.01,"Atla Palani, Nest Tender, Tasigur, the Golden Fang, Tasha's Hideous Laughter, Laboratory Maniac"
Jurassic World: Life Breaks Free,Secret Lair Drop,Other,SLD,2023-12-05,210.95,"Etali, Primal Storm, Regisaur Alpha, Polyraptor, Rampaging Ferocidon, Wayward Swordtooth"
Jurassic World: Life Breaks Free Foil Edition,Secret Lair Drop,Other,SLD,2023-12-05,229.04,"Etali, Primal Storm, Regisaur Alpha, Polyraptor, Wayward Swordtooth, Rampaging Ferocidon"
Just Add Milk,Secret Lair Drop,Other,SLD,2022-12-19,67.71,"Ulamog, the Ceaseless Hunger // Ulamog, the Ceaseless Hunger, Ghalta, Primal Hunger // Ghalta, Primal Hunger, Etali, Primal Storm // Etali, Primal Storm"
Just Add Milk Foil Edition,Secret Lair Drop,Other,SLD,2022-12-19,67.71,"Ulamog, the Ceaseless Hunger // Ulamog, the Ceaseless Hunger, Ghalta, Primal Hunger // Ghalta, Primal Hunger, Etali, Primal Storm // Etali, Primal Storm"
Just Add Milk: Second Helpings,Secret Lair Drop,Other,SLD,2024-02-23,63.51,"Sakashima of a Thousand Faces // Sakashima of a Thousand Faces, Adrix and Nev, Twincasters // Adrix and Nev, Twincasters, Krark, the Thumbless // Krark, the Thumbless, Yargle, Glutton of Urborg // Yargle, Glutton of Urborg"
Just Add Milk: Second Helpings Foil Edition,Secret Lair Drop,Other,SLD,2024-02-23,63.51,"Sakashima of a Thousand Faces // Sakashima of a Thousand Faces, Adrix and Nev, Twincasters // Adrix and Nev, Twincasters, Krark, the Thumbless // Krark, the Thumbless, Yargle, Glutton of Urborg // Yargle, Glutton of Urborg"
Just Some Totally Normal Guys,Secret Lair Drop,Other,SLD,2022-08-05,57.84,"Void Winnower, Collector Ouphe, Vengevine, Goblin Settler"
Just Some Totally Normal Guys Foil Edition,Secret Lair Drop,Other,SLD,2022-08-05,57.84,"Void Winnower, Collector Ouphe, Vengevine, Goblin Settler"
KEXP: Where the Music Matters,Secret Lair Drop,Other,SLD,2025-05-13,23.68,"Swamp, Forest, Mountain, Island, Plains"
KEXP: Where the Music Matters Foil Edition,Secret Lair Drop,Other,SLD,2025-05-13,23.68,"Swamp, Forest, Mountain, Island, Plains"
KEXP: You Are Not Alone,Secret Lair Drop,Other,SLD,2025-05-13,75.25,"Concordant Crossroads, Font of Mythos, Rites of Flourishing, Folio of Fancies, Cultural Exchange"
KEXP: You Are Not Alone Foil Edition,Secret Lair Drop,Other,SLD,2025-05-13,75.25,"Concordant Crossroads, Font of Mythos, Rites of Flourishing, Folio of Fancies, Cultural Exchange"
Kai Budde - Red-Artifact Wildfire,World Championship Deck,Other,WC99,1999-08-04,175.3,"Ancient Tomb, City of Traitors, Grim Monolith, Cursed Scroll, Karn, Silver Golem"
Kaladesh Bundle Land Pack,Bundle Land Pack,Other,KLD,2016-09-30,0.0,"Forest, Swamp, Island, Forest, Island"
Kaladesh Foil Redemption,MTGO Redemption,Other,KLD,2016-10-30,293.14,"Aetherflux Reservoir, Inventors' Fair, Chandra, Torch of Defiance, Noxious Gearhulk, Reckless Fireweaver"
Kaladesh Gift Box Land Pack,Bundle Land Pack,Other,KLD,2016-11-25,0.0,"Forest, Swamp, Island, Forest, Island"
Kaladesh Redemption,MTGO Redemption,Other,KLD,2016-10-30,293.14,"Aetherflux Reservoir, Inventors' Fair, Chandra, Torch of Defiance, Noxious Gearhulk, Reckless Fireweaver"
Kaldheim Bundle Land Pack,Bundle Land Pack,Other,KHM,2021-02-05,9.72,"Mountain, Mountain, Swamp, Swamp, Island"
Kaldheim Foil Redemption,MTGO Redemption,Other,KHM,2021-03-07,386.49,"Vorinclex, Monstrous Raider, Birgi, God of Storytelling // Harnfel, Horn of Bounty, Halvar, God of Battle // Sword of the Realms, Magda, Brazen Outlaw, Esika, God of the Tree // The Prismatic Bridge"
Kaldheim Redemption,MTGO Redemption,Other,KHM,2021-03-07,386.49,"Vorinclex, Monstrous Raider, Birgi, God of Storytelling // Harnfel, Horn of Bounty, Halvar, God of Battle // Sword of the Realms, Magda, Brazen Outlaw, Esika, God of the Tree // The Prismatic Bridge"
Kaleidoscope Killers,Secret Lair Drop,Other,SLD,2019-12-08,105.12,"The Ur-Dragon, Sliver Overlord, Reaper King"
Kamahl's Temper,Theme Deck,Other,10E,2007-07-13,9.53,"Dragon's Claw, Blaze, Threaten, Incinerate, Raging Goblin"
Kami Reborn,Theme Deck,Other,CHK,2004-10-01,92.9,"Kodama's Reach, Iname, Death Aspect, Honden of Night's Reach, Honden of Life's Web, Long-Forgotten Gohei"
Kamigawa Ink,Secret Lair Drop,Other,SLD,2021-12-13,93.57,"Michiko Konda, Truth Seeker, Kami of the Crescent Moon, Heartless Hidetsugu, Reki, the History of Kamigawa, Toshiro Umezawa"
Kamigawa Ink Foil Edition,Secret Lair Drop,Other,SLD,2021-12-13,93.57,"Michiko Konda, Truth Seeker, Kami of the Crescent Moon, Heartless Hidetsugu, Reki, the History of Kamigawa, Toshiro Umezawa"
Kamigawa: Neon Dynasty Bundle Land Pack,Bundle Land Pack,Other,NEO,2022-02-18,0.0,"Swamp, Swamp, Swamp, Swamp, Island"
Kamigawa: Neon Dynasty Foil Redemption,MTGO Redemption,Other,NEO,2022-03-20,299.07,"Boseiju, Who Endures, Otawara, Soaring City, Kodama of the West Tree, Tamiyo's Safekeeping, Takenuma, Abandoned Mire"
Kamigawa: Neon Dynasty Redemption,MTGO Redemption,Other,NEO,2022-03-20,299.07,"Boseiju, Who Endures, Otawara, Soaring City, Kodama of the West Tree, Tamiyo's Safekeeping, Takenuma, Abandoned Mire"
Kamigawa: Neon Dynasty Welcome Booster,Welcome Booster,Other,NEO,2022-02-18,5.09,"Jugan, the Rising Star, Archon of Sun's Grace, Tamiyo, Collector of Tales, Spirited Companion, Dokuchi Shadow-Walker"
Kamigawa: the Manga: the Cards,Secret Lair Drop,Other,SLD,2022-07-22,100.51,"Swords to Plowshares, Veil of Summer, Idyllic Tutor, Praetor's Grasp, Solve the Equation"
Kamigawa: the Manga: the Cards Foil Edition,Secret Lair Drop,Other,SLD,2022-07-22,100.51,"Swords to Plowshares, Veil of Summer, Idyllic Tutor, Praetor's Grasp, Solve the Equation"
Kang Dynasty,Jumpstart,Other,MSH,2026-06-26,27.94,"Multiversal Recruitment, Immortus, Master of Eternity, Time Warp, Pharaoh Rama-Tut, Victor Timely, Wily Tycoon"
Katara,Jumpstart,Other,TLE,2025-11-20,11.4,"Katara, Waterbending Master, Consider, Thriving Isle, Island, Sokka, Lateral Strategist"
Kazz's First Deck,Intro Pack,Other,RQS,1996-06-10,0.0,"Island, Island, Mountain, Mountain, Mountain"
Kazz's Second Deck,Intro Pack,Other,RQS,1996-06-10,0.0,"Island, Island, Mountain, Mountain, Mountain"
"Keep Partying Hard, Shred Harder Than You Previously Thought Possible",Secret Lair Drop,Other,SLD,2023-09-15,123.69,"Jeska, Thrice Reborn, Tevesh Szat, Doom of Fools, Godo, Bandit Warlord, Vial Smasher the Fierce"
"Keep Partying Hard, Shred Harder Than You Previously Thought Possible Foil Edition",Secret Lair Drop,Other,SLD,2023-09-15,123.69,"Jeska, Thrice Reborn, Tevesh Szat, Doom of Fools, Godo, Bandit Warlord, Vial Smasher the Fierce"
Keep the Peace,Arena Starter Deck,Other,ANB,2020-08-13,0.0,"Charmed Stray, Fencing Ace, Hallowed Priest, Impassioned Orator, Moorland Inquisitor"
Khans of Tarkir Fat Pack Land Pack,Bundle Land Pack,Other,KTK,2014-09-26,1.06,"Mountain, Island, Forest, Plains, Forest"
Khans of Tarkir Foil Redemption,MTGO Redemption,Other,KTK,2014-10-26,407.79,"Bloodstained Mire, Wooded Foothills, Polluted Delta, Windswept Heath, Flooded Strand"
Khans of Tarkir Holiday Gift Box Land Pack,Bundle Land Pack,Other,KTK,2014-11-14,1.06,"Mountain, Island, Forest, Plains, Forest"
Khans of Tarkir Redemption,MTGO Redemption,Other,KTK,2014-10-26,407.79,"Bloodstained Mire, Wooded Foothills, Polluted Delta, Windswept Heath, Flooded Strand"
Kiora,Duel Deck,Other,DDO,2015-02-27,2.42,"Kiora, the Crashing Wave, Whelming Wave, Scourge of Fleets, Inkwell Leviathan, Aetherize"
Kiska-Ra,Shandalar Enemy Deck,Other,PAST,1997-04-01,23757.4,"Timetwister, Time Walk, Ancestral Recall, Mox Pearl, Mox Emerald"
Kithkin Militia,Theme Deck,Other,LRW,2007-10-12,82.83,"Brigid, Hero of Kinsbaile, Shields of Velis Vel, Crib Swap, Knight of Meadowgrain, Goldmeadow Harrier"
Kjeldoran Cunning,Theme Deck,Other,CSP,2006-07-21,88.19,"Darien, King of Kjeldor, Field Marshal, Boreal Shelf, Swords to Plowshares, Jötun Grunt"
Knights,Jumpstart,Other,J22,2022-12-02,22.86,"Balan, Wandering Knight, The Circle of Loyalty, Danitha Capashen, Paragon, Chains of Custody, Hero's Blade"
Kor Armory,Intro Pack,Other,ZEN,2009-10-02,16.97,"Kor Skyfisher, Kabira Crossroads, Explorer's Scope, Kor Cartographer, Conqueror's Pledge"
Koth,Duel Deck,Other,DDI,2012-03-30,3.44,"Koth of the Hammer, Anger, Searing Blaze, Aether Membrane, Fiery Hellhound"
Kyoshi,Jumpstart,Other,TLE,2025-11-20,29.09,"Avatar Kyoshi, Earthbender, Cracked Earth Technique, Tectonic Split, Elephant-Mandrill, Kyoshi Warrior Exemplars"
Kzzy'n - The Dragon Lord,Shandalar Enemy Deck,Other,PAST,1997-04-01,386.82,"Mountain, Ivory Tower, Birds of Paradise, Winds of Change, Shivan Dragon"
Landfall (1),Jumpstart,Other,J25,2024-11-07,6.77,"Lotus Cobra, Undergrowth Champion, Harrow, Baloth Woodcrasher, Adventure Awaits"
Landfall (2),Jumpstart,Other,J25,2024-11-07,13.5,"Ancient Greenwarden, Retreat to Kazandu, Bond of Flourishing, Territorial Scythecat, Sutina, Speaker of the Tajuru"
Landfall (3),Jumpstart,Other,J25,2024-11-07,25.78,"Scythecat Cub, Harrow, Retreat to Kazandu, Cliffhaven Kitesail, Territorial Scythecat"
Landfall (4),Jumpstart,Other,J25,2024-11-07,25.78,"Scythecat Cub, Harrow, Grazing Gladehart, Sporemound, Baloth Woodcrasher"
Landfall 1,Jumpstart,Other,J22,2022-12-02,3.83,"Courser of Kruphix, Zendikar's Roil, Primeval Herald, Rampaging Baloths, Evolving Wilds"
Landfall 2,Jumpstart,Other,J22,2022-12-02,2.57,"Broken Bond, Avenger of Zendikar, Primeval Herald, Evolving Wilds, Khalni Heart Expedition"
Lands (1),Jumpstart,Other,JMP,2020-07-17,1.36,"Cultivate, Zendikar's Roil, Ulvenwald Hydra, Feral Hydra, Sylvan Ranger"
Lands (2),Jumpstart,Other,JMP,2020-07-17,6.37,"Oracle of Mul Daya, Cultivate, Feral Hydra, Sporemound, Sylvan Ranger"
Landslide Charge,Event Deck,Other,DTK,2015-03-27,53.94,"Stubborn Denial, Elvish Mystic, Mistcutter Hydra, Thunderbreak Regent, Frontier Bivouac"
Large and in Charge,Arena Starter Deck,Other,ANB,2020-08-13,0.0,"Jungle Delver, Ilysian Caryatid, Woodland Mystic, Wildwood Patrol, Baloth Packhunter"
Law 1,Jumpstart,Other,J22,2022-12-02,0.0,"Archon of Justice, Thriving Heath, Skyhunter Patrol, Nightguard Patrol, Plains"
Law 2,Jumpstart,Other,J22,2022-12-02,1.84,"Unquestioned Authority, Thriving Heath, Decree of Justice, Skyhunter Patrol, Nightguard Patrol"
Law 3,Jumpstart,Other,J22,2022-12-02,1.84,"Unquestioned Authority, Gideon, Champion of Justice, Thriving Heath, Skyhunter Patrol, Nightguard Patrol"
Law 4,Jumpstart,Other,J22,2022-12-02,10.52,"Michiko Konda, Truth Seeker, Isamaru, Hound of Konda, Thriving Heath, Skyhunter Patrol, Nightguard Patrol"
Learning (1),Jumpstart,Other,TLE,2025-11-20,9.84,"Cracked Earth Technique, Crystalline Armor, Origin of Metalbending, Shared Roots, Forest"
Learning (2),Jumpstart,Other,TLE,2025-11-20,7.94,"Cracked Earth Technique, Master's Guidance, Forest, Aang, A Lot to Learn, Thriving Grove"
Legendary Flyers (Not That Kind),Secret Lair Drop,Other,SLD,2023-05-05,111.19,"Phage the Untouchable, Sen Triplets, Alela, Artful Provocateur, Yisan, the Wanderer Bard"
Legion (1),Jumpstart,Other,JMP,2020-07-17,7.43,"Blessed Sanctuary, Path to Exile, Selfless Savior, Plains, Valorous Steed"
Legion (2),Jumpstart,Other,J25,2024-11-07,2.44,"Adeline, Resplendent Cathar, Triplicate Spirits, Hinterland Sanctifier, Thriving Heath, Dawnwing Marshal"
Legion (3),Jumpstart,Other,JMP,2020-07-17,0.0,"Glorious Anthem, Plains, Valorous Steed, Plains, Release the Dogs"
Legion (4),Jumpstart,Other,JMP,2020-07-17,1.31,"Selfless Savior, Plains, Lena, Selfless Champion, Valorous Steed, Plains"
Legion Aloft,Intro Pack,Other,ARB,2009-04-30,93.47,"Whispersilk Cloak, Plains, Terramorphic Expanse, Path to Exile, Etherium Sculptor"
Legion of Dusk,Theme Deck,Other,E02,2017-11-24,34.88,"Beacon of Immortality, Vanquisher's Banner, Shielded by Faith, Day of Judgment, Bloodcrazed Paladin"
Legion of Glory,MTGO Theme Deck,Other,VIS,2006-04-10,8.96,"Retribution of the Meek, Plains, Zhalfirin Crusader, Plains, Plains"
Legions Foil Redemption,MTGO Redemption,Other,LGN,2003-03-05,2530.88,"Akroma, Angel of Wrath, Seedborn Muse, Graveborn Muse, Phage the Untouchable, Toxin Sliver"
Legions Redemption,MTGO Redemption,Other,LGN,2003-03-05,2530.88,"Akroma, Angel of Wrath, Seedborn Muse, Graveborn Muse, Phage the Untouchable, Toxin Sliver"
Legions of Phyrexia,Arena Starter Deck,Other,LTR,2023-06-20,10.79,"Phyrexian Arena, Gix, Yawgmoth Praetor, Caves of Koilos, Essence of Orthodoxy, Progenitor Exarch"
"Leon Lindback, Semifinalist",Pro Tour Deck,Other,PTC,1996-05-01,100.74,"Necropotence, Dance of the Dead, Strip Mine, Hypnotic Specter, Zuran Orb"
Leonardo,Theme Deck,Other,TMT,2026-03-06,0.0,"Splinter, Aging Champion, Splinter & Leo, Father & Son, Leonardo, Worldly Warrior, The Last Ronin's Technique, Quintessential Katana"
Lessons (1),Jumpstart,Other,TLE,2025-11-20,7.03,"Chakra Meditation, Whirlwind Technique, Boomerang Basics, Katara, Seeking Revenge, Accumulate Wisdom"
Lessons (2),Jumpstart,Other,TLE,2025-11-20,5.48,"Chakra Meditation, Whirlwind Technique, Katara, Seeking Revenge, Accumulate Wisdom, Thriving Isle"
Lethal,Jumpstart,Other,MSH,2026-06-26,8.36,"Black Widow, Deadly Hunter, White Widow, Yelena Belova, Origin of Black Widow, Titanium Man, Swamp"
Levelers Scorn,Intro Pack,Other,ROE,2010-04-23,45.66,"Telepathy, Island, Negate, Swamp, Island"
Levelers' Glory,Intro Pack,Other,ROE,2010-04-23,34.61,"Island, Negate, Island, Island, Plains"
Li'l Giri Saves the Day,Secret Lair Drop,Other,SLD,2022-08-11,69.97,"Curiosity, Last Chance, Vandalblast, Peek, Greed"
Li'l Walkers,Secret Lair Drop,Other,SLD,2022-07-22,50.46,"Ashiok, Dream Render, Tamiyo, the Moon Sage, Sorin, Grim Nemesis, Ajani, Mentor of Heroes, Angrath, the Flame-Chained"
Li'l Walkers Foil Edition,Secret Lair Drop,Other,SLD,2022-07-22,50.46,"Ashiok, Dream Render, Tamiyo, the Moon Sage, Sorin, Grim Nemesis, Ajani, Mentor of Heroes, Angrath, the Flame-Chained"
Li'l'ler Walkers,Secret Lair Drop,Other,SLD,2022-11-14,60.16,"Elspeth, Sun's Champion, Narset, Parter of Veils, Garruk Wildspeaker, Saheeli, Sublime Artificer, Sarkhan Vol"
Li'l'ler Walkers Foil Edition,Secret Lair Drop,Other,SLD,2022-11-14,60.16,"Elspeth, Sun's Champion, Narset, Parter of Veils, Garruk Wildspeaker, Saheeli, Sublime Artificer, Sarkhan Vol"
Librarian,Jumpstart,Other,TLE,2025-11-20,7.6,"Wan Shi Tong, All-Knowing, Brainstorm, Dutiful Knowledge Seeker, Accumulate Wisdom, Thriving Isle"
Library Depletion,Deck Builder's Toolkit,Other,M13,2012-07-13,3.62,"Jace's Phantasm, Fog Bank, Curse of the Bloody Tome, Dream Twist, Mind Sculpt"
Life Boost,Theme Deck,Other,8ED,2003-07-28,37.78,"Suntail Hawk, Spirit Link, Angel of Mercy, Glorious Anthem, Plains"
Life Drain,Theme Deck,Other,EVE,2008-07-25,166.2,"Batwing Brume, Divinity of Pride, Rite of Consumption, Swamp, Resplendent Mentor"
Life Gain,Deck Builder's Toolkit,Other,M14,2013-07-19,8.04,"Angelic Accord, Soulmender, Unflinching Courage, Congregate, Voracious Wurm"
Life Skills,Arena Starter Deck,Other,M21,2021-07-03,66.25,"Shadowspear, Vito, Thorn of the Dusk Rose, Baneslayer Angel, Silversmote Ghoul, Indulging Patrician"
Life for Death,Intro Pack,Other,NPH,2011-05-13,128.18,"Gut Shot, Mountain, Marrow Shards, Shattered Angel, Phyrexian Rebirth"
Lifegain,Theme Deck,Other,SOS,2026-04-24,9.69,"Haliya, Guided by Light, Starscape Cleric, Requiting Hex, Case of the Uneaten Feast, Essence Channeler"
Lifeline,Arena Starter Deck,Other,AFR,2021-09-24,20.66,"Valkyrie Harbinger, Righteous Valkyrie, Branchloft Pathway // Boulderloft Pathway, Cleric Class, Icingdeath, Frost Tyrant"
Liftoff,Theme Deck,Other,ODY,2001-10-01,213.64,"Peek, Skycloud Egg, Plains, Mystic Crusader, Millikin"
Lightforce,Intro Pack,Other,M14,2013-07-19,34.19,"Elixir of Immortality, Indestructibility, Angelic Accord, Brave the Elements, Soulmender"
Lightning (1),Jumpstart,Other,JMP,2020-07-17,1.68,"Lightning Bolt, Mountain, Lightning Phoenix, Thriving Bluff, Mountain"
Lightning (2),Jumpstart,Other,JMP,2020-07-17,0.0,"Ball Lightning, Chain Lightning, Mountain, Lightning Phoenix, Thriving Bluff"
Lightning Aggro,Challenger Deck,Other,Q02,2019-04-12,26.46,"Runaway Steam-Kin, Banefire, Mountain, Rekindling Phoenix, Goblin Chainwhirler"
Lil Legends,Secret Lair Drop,Other,SLD,2024-08-19,24.89,"Omnath, Locus of Creation, Orvar, the All-Form, Reya Dawnbringer, Drana, the Last Bloodchief, Lavinia, Azorius Renegade"
Lilest Walkers,Secret Lair Drop,Other,SLD,2023-09-22,34.32,"Aminatou, the Fateshifter, Karn, Scion of Urza, Chandra, Flame's Catalyst, Venser, the Sojourner, Daretti, Ingenious Iconoclast"
Lilest Walkers Foil Edition,Secret Lair Drop,Other,SLD,2023-09-22,26.24,"Aminatou, the Fateshifter, Venser, the Sojourner, Chandra, Flame's Catalyst, Karn, Scion of Urza, Daretti, Ingenious Iconoclast"
Liliana,Planeswalker Deck,Other,M19,2018-07-13,16.11,"Liliana, the Necromancer, Sovereign's Bite, Reassembling Skeleton, Swamp, Abnormal Endurance"
"Liliana, Death Mage",Planeswalker Deck,Other,M21,2020-07-03,8.61,"Liliana, Death Mage, Swamp, Swamp, Liliana's Scrounger, Demonic Embrace"
"Liliana, Death Wielder",Planeswalker Deck,Other,AKH,2017-04-28,6.58,"Liliana, Death Wielder, Grasping Dunes, Cartouche of Strength, Baleful Ammit, Channeler Initiate"
Line of Fire,Arena Starter Deck,Other,M21,2021-07-03,11.81,"Serrated Scorpion, Kroxa, Titan of Death's Hunger, Piper of the Swarm, Swamp, Woe Strider"
Little Bashers,Theme Deck,Other,MRD,2003-10-02,74.3,"Banshee's Blade, Viridian Longbow, Gold Myr, Loxodon Warhammer, Fireshrieker"
Lofi Girl: Beats to Cast To,Secret Lair Drop,Other,SLD,2026-09-01,52.7,"Careful Study, Felidar Guardian, Paradise Mantle, Starfield of Nyx, Merchant Scroll"
Lofi Girl: Beats to Cast To Foil Edition,Secret Lair Drop,Other,SLD,2026-09-01,52.7,"Careful Study, Felidar Guardian, Paradise Mantle, Starfield of Nyx, Merchant Scroll"
Lofty Heights,Theme Deck,Other,9ED,2005-07-29,38.19,"Mana Leak, Sleight of Hand, Telepathy, Boomerang, Confiscate"
Look at the Kitties,Secret Lair Drop,Other,SLD,2022-11-17,286.58,"Lord Windgrace, Felidar Sovereign, Violent Outburst, Descendants' Path"
Lord of Fate,Shandalar Enemy Deck,Other,PAST,1997-04-01,34.86,"Divine Transformation, Ornithopter, Dark Ritual, Serra Angel, Swamp"
Lorwyn Eclipsed Bundle Land Pack,Bundle Land Pack,Other,ECL,2026-01-23,0.0,"Forest, Forest, Plains, Plains, Island"
Lorwyn Eclipsed Draft Night Land Pack,Bundle Land Pack,Other,ECL,2026-01-23,0.0,"Plains, Swamp, Mountain, Forest, Island"
Lorwyn Eclipsed Redemption,MTGO Redemption,Other,ECL,2026-02-11,211.46,"Chronicle of Victory, Hexing Squelcher, Bitterbloom Bearer, Moonshadow, Bloom Tender"
Lorwyn Fat Pack Land Pack,Bundle Land Pack,Other,LRW,2007-10-12,56.81,"Island, Swamp, Swamp, Forest, Forest"
Lorwyn Foil Redemption,MTGO Redemption,Other,LRW,2007-11-11,3113.45,"Thoughtseize, Wort, Boggart Auntie, Ponder, Thousand-Year Elixir, Springleaf Drum"
Lorwyn Lightboxes,Secret Lair Drop,Other,SLD,2025-02-11,48.05,"Gilt-Leaf Palace, Secluded Glen, Auntie's Hovel, Wanderwine Hub, Ancient Amphitheater"
Lorwyn Lightboxes Foil Edition,Secret Lair Drop,Other,SLD,2025-02-11,48.05,"Gilt-Leaf Palace, Secluded Glen, Auntie's Hovel, Wanderwine Hub, Ancient Amphitheater"
Lorwyn Redemption,MTGO Redemption,Other,LRW,2007-11-11,3113.45,"Thoughtseize, Wort, Boggart Auntie, Ponder, Thousand-Year Elixir, Springleaf Drum"
Lotus Field Combo,Pioneer Challenger Deck,Other,Q06,2021-10-15,42.91,"Lotus Field, Thespian's Stage, Mastermind's Acquisition, Peer into the Abyss, Dig Through Time"
MSCHF,Secret Lair Drop,Other,SLD,2022-02-04,137.5,"Swords to Plowshares, Grim Tutor, Teferi's Puzzle Box, Blood Moon, Cut // Ribbons"
Magic 2010 Fat Pack Land Pack,Bundle Land Pack,Other,M10,2009-07-17,13.37,"Plains, Island, Swamp, Forest, Mountain"
Magic 2010 Foil Redemption,MTGO Redemption,Other,M10,2009-08-16,1201.71,"Sphinx Ambassador, Liliana Vess, Lurking Predators, Time Warp, Silence"
Magic 2010 Redemption,MTGO Redemption,Other,M10,2009-08-16,1201.71,"Sphinx Ambassador, Liliana Vess, Lurking Predators, Time Warp, Silence"
Magic 2011 Fat Pack Land Pack,Bundle Land Pack,Other,M11,2010-07-16,30.34,"Plains, Island, Forest, Swamp, Plains"
Magic 2011 Foil Redemption,MTGO Redemption,Other,M11,2010-08-15,1005.63,"Serra Ascendant, Primeval Titan, Voltaic Key, Pyretic Ritual, Preordain"
Magic 2011 Redemption,MTGO Redemption,Other,M11,2010-08-15,1005.63,"Serra Ascendant, Primeval Titan, Voltaic Key, Pyretic Ritual, Preordain"
Magic 2012 Fat Pack Land Pack,Bundle Land Pack,Other,M12,2011-07-15,6.54,"Swamp, Swamp, Mountain, Plains, Island"
Magic 2012 Foil Redemption,MTGO Redemption,Other,M12,2011-08-14,805.87,"Grand Abolisher, Angelic Destiny, Sorin Markov, Jace's Archivist, Primordial Hydra"
Magic 2012 Redemption,MTGO Redemption,Other,M12,2011-08-14,805.87,"Grand Abolisher, Angelic Destiny, Sorin Markov, Jace's Archivist, Primordial Hydra"
Magic 2013 Fat Pack Land Pack,Bundle Land Pack,Other,M13,2012-07-13,8.76,"Plains, Forest, Plains, Island, Forest"
Magic 2013 Foil Redemption,MTGO Redemption,Other,M13,2012-08-12,693.9,"Worldfire, Akroma's Memorial, Liliana of the Dark Realms, Vampire Nocturnus, Clock of Omens"
Magic 2013 Redemption,MTGO Redemption,Other,M13,2012-08-12,693.9,"Worldfire, Akroma's Memorial, Liliana of the Dark Realms, Vampire Nocturnus, Clock of Omens"
Magic 2014 Fat Pack Land Pack,Bundle Land Pack,Other,M14,2013-07-19,0.0,"Island, Swamp, Mountain, Island, Forest"
Magic 2014 Foil Redemption,MTGO Redemption,Other,M14,2013-08-18,685.1,"Archangel of Thune, Kalonian Hydra, Darksteel Forge, Jace, Memory Adept, Silence"
Magic 2014 Redemption,MTGO Redemption,Other,M14,2013-08-18,685.1,"Archangel of Thune, Kalonian Hydra, Darksteel Forge, Jace, Memory Adept, Silence"
Magic 2015 Fat Pack Land Pack,Bundle Land Pack,Other,M15,2014-07-18,0.0,"Forest, Mountain, Island, Plains, Swamp"
Magic 2015 Foil Redemption,MTGO Redemption,Other,M15,2014-08-17,609.56,"Urborg, Tomb of Yawgmoth, Sliver Hivelord, Sliver Hive, The Chain Veil, Nissa, Worldwaker"
Magic 2015 Redemption,MTGO Redemption,Other,M15,2014-08-17,609.56,"Urborg, Tomb of Yawgmoth, Sliver Hivelord, Sliver Hive, The Chain Veil, Nissa, Worldwaker"
Magic Origins Fat Pack Land Pack,Bundle Land Pack,Other,ORI,2015-07-17,2.57,"Swamp, Swamp, Island, Mountain, Plains"
Magic Origins Foil Redemption,MTGO Redemption,Other,ORI,2015-08-16,523.28,"Starfield of Nyx, Alhammarret's Archive, Liliana, Heretical Healer // Liliana, Defiant Necromancer, Woodland Bellower, Elemental Bond"
Magic Origins Redemption,MTGO Redemption,Other,ORI,2015-08-16,523.28,"Starfield of Nyx, Alhammarret's Archive, Liliana, Heretical Healer // Liliana, Defiant Necromancer, Woodland Bellower, Elemental Bond"
Magic: The Baseballing,Secret Lair Drop,Other,SLD,2023-09-15,54.27,"Liliana Vess // Liliana Vess, Jace Beleren // Jace Beleren, Ajani Goldmane // Ajani Goldmane, Chandra Nalaar // Chandra Nalaar, Garruk Wildspeaker // Garruk Wildspeaker"
Magic: The Baseballing Foil Edition,Secret Lair Drop,Other,SLD,2023-09-15,54.27,"Liliana Vess // Liliana Vess, Jace Beleren // Jace Beleren, Ajani Goldmane // Ajani Goldmane, Chandra Nalaar // Chandra Nalaar, Garruk Wildspeaker // Garruk Wildspeaker"
MagicCon: the Gathering,Secret Lair Drop,Other,SLD,2025-08-18,39.89,"Sliver Legion, Pack Rat, Shared Summons, Sylvan Offering"
Mahō Gakuin Seishun Hakusho — 魔法学院青春白書,Secret Lair Drop,Other,SLD,2026-05-12,51.62,"Stinging Study, Thought Scour, Notion Thief, Rule of Law, Time Stretch"
Mahō Gakuin Seishun Hakusho — 魔法学院青春白書 Foil Edition,Secret Lair Drop,Other,SLD,2026-05-12,51.62,"Stinging Study, Thought Scour, Notion Thief, Rule of Law, Time Stretch"
Making Fetch Happen,Secret Lair Drop,Other,SLU,2020-05-29,213.31,"Scalding Tarn, Verdant Catacombs, Arid Mesa, Misty Rainforest, Marsh Flats"
Mana Ramp,Deck Builder's Toolkit,Other,M14,2013-07-19,9.05,"Axebane Guardian, Gatecreeper Vine, Urban Evolution, Nimbus Swimmer, Verdant Haven"
Mandurang,Shandalar Enemy Deck,Other,PAST,1997-04-01,2850.15,"Mox Ruby, Mountain, Dancing Scimitar, Carrion Ants, Braingeyser"
Manipulative Monstrosities,Intro Pack,Other,THS,2013-09-27,9.16,"Archaeomancer, Curse of the Swine, Island, Coral Merfolk, Wall of Frost"
Manuel Bevand - Myr Incubator Combo,World Championship Deck,Other,WC04,2004-09-01,94.37,"Chrome Mox, Krark-Clan Ironworks, Darksteel Citadel, Fabricate, Ancient Den"
Marauders 1,Jumpstart,Other,LTR,2023-06-23,4.75,"Assault on Osgiliath, Erebor Flamesmith, Gimli, Counter of Kills, Mountain, Grishnákh, Brash Instigator"
Marauders 2,Jumpstart,Other,LTR,2023-06-23,4.75,"Assault on Osgiliath, Erebor Flamesmith, Gimli, Counter of Kills, Mountain, Grishnákh, Brash Instigator"
March of the Machine Bundle Land Pack,Bundle Land Pack,Other,MOM,2023-04-21,0.0,"Forest, Forest, Swamp, Swamp, Plains"
March of the Machine Foil Redemption,MTGO Redemption,Other,MOM,2023-05-17,277.68,"Etali, Primal Conqueror // Etali, Primal Sickness, Urabrask // The Great Work, Sheoldred // The True Scriptures, Tribute to the World Tree, Invasion of Ikoria // Zilortha, Apex of Ikoria"
March of the Machine Redemption,MTGO Redemption,Other,MOM,2023-05-17,277.68,"Etali, Primal Conqueror // Etali, Primal Sickness, Urabrask // The Great Work, Sheoldred // The True Scriptures, Tribute to the World Tree, Invasion of Ikoria // Zilortha, Apex of Ikoria"
March of the Machine Welcome Booster,Welcome Booster,Other,MOM,2023-04-21,1.87,"Siege Rhino, Chandra, Heart of Fire, Defiant Bloodlord, Seraph of Dawn, Commander's Sphere"
March of the Multitudes,Modern Event Deck,Other,MD1,2014-05-30,73.06,"Sword of Feast and Famine, City of Brass, Elspeth, Knight-Errant, Soul Warden, Path to Exile"
Mardu Raiders,Intro Pack,Other,KTK,2014-09-26,7.12,"Gurmag Swiftwing, Nomad Outpost, Crackling Doom, Mountain, Ankle Shanker"
"Mark Justice, Quarterfinalist",Pro Tour Deck,Other,PTC,1996-05-01,102.39,"City of Brass, Winter Orb, Lightning Bolt, Mishra's Factory, Mountain"
Mark Le Pine - Sped Red,World Championship Deck,Other,WC99,1999-08-04,79.45,"Ancient Tomb, Cursed Scroll, Wasteland, Mountain, Mountain"
Martial Law,Theme Deck,Other,P02,1998-06-24,46.75,"Armageddon, Angel of Fury, Plains, Alaborn Veteran, Plains"
Marvel Super Heroes Bundle Land Pack,Bundle Land Pack,Other,MSH,2026-06-26,0.0,"Swamp, Swamp, Mountain, Mountain, Island"
Marvel Super Heroes Draft Night Land Pack,Bundle Land Pack,Other,MSH,2026-06-26,0.0,"Plains, Swamp, Forest, Mountain, Plains"
Marvel Super Heroes Gift Bundle Land Pack,Bundle Land Pack,Other,MSH,2026-07-17,0.0,"Island, Island, Swamp, Swamp, Mountain"
Marvel's Black Panther,Secret Lair Drop,Other,SLD,2024-11-05,59.88,"Heroic Intervention, Black Panther, Wakandan King, Primal Vigor, Karn's Bastion, Secure the Wastes"
Marvel's Black Panther Foil Edition,Secret Lair Drop,Other,SLD,2024-11-05,59.88,"Heroic Intervention, Black Panther, Wakandan King, Primal Vigor, Karn's Bastion, Secure the Wastes"
Marvel's Captain America,Secret Lair Drop,Other,SLD,2024-11-05,111.92,"Flawless Maneuver, Captain America, First Avenger, Sigarda's Aid, Sword of War and Peace, In the Trenches"
Marvel's Captain America Foil Edition,Secret Lair Drop,Other,SLD,2024-11-05,111.92,"Flawless Maneuver, Captain America, First Avenger, Sigarda's Aid, Sword of War and Peace, In the Trenches"
Marvel's Deadpool,Secret Lair Drop,Other,SLD,2025-04-02,57.94,"Deadly Rollick, Deadpool, Trading Card, Saw in Half, Blasphemous Act, Vandalblast"
Marvel's Deadpool Foil Edition,Secret Lair Drop,Other,SLD,2025-04-02,57.94,"Deadly Rollick, Deadpool, Trading Card, Saw in Half, Blasphemous Act, Vandalblast"
Marvel's Deadpool: I Fixed It (You're Welcome),Secret Lair Drop,Other,SLD,2026-04-06,18.05,"Sol Ring, Lightning Greaves, Lightning Bolt, Deadly Dispute, Thrill of Possibility"
Marvel's Deadpool: I Fixed It (You're Welcome) Foil Edition,Secret Lair Drop,Other,SLD,2026-04-06,18.05,"Sol Ring, Lightning Greaves, Lightning Bolt, Deadly Dispute, Thrill of Possibility"
Marvel's Deadpool: I Fixed It (You're Welcome) Pool Party Foil Edition,Secret Lair Drop,Other,SLD,2026-04-06,30.11,"Sol Ring, Lightning Greaves, Lightning Bolt, Deadly Dispute, Thrill of Possibility"
Marvel's Hulk: SMASH!,Secret Lair Drop,Other,SLD,2026-09-01,25.11,"Anger, Rishkar's Expertise, Unnatural Growth, Gratuitous Violence, Search for Tomorrow"
Marvel's Hulk: SMASH! Foil Edition,Secret Lair Drop,Other,SLD,2026-09-01,25.11,"Anger, Rishkar's Expertise, Unnatural Growth, Gratuitous Violence, Search for Tomorrow"
Marvel's Iron Man,Secret Lair Drop,Other,SLD,2024-11-05,114.35,"Commander's Plate, Inventors' Fair, Iron Man, Titan of Innovation, Sol Ring, Galvanic Blast"
Marvel's Iron Man Foil Edition,Secret Lair Drop,Other,SLD,2024-11-05,114.35,"Commander's Plate, Inventors' Fair, Iron Man, Titan of Innovation, Sol Ring, Galvanic Blast"
Marvel's Spider-Man Bundle Land Pack,Bundle Land Pack,Other,SPM,2025-09-26,0.0,"Forest, Swamp, Mountain, Plains, Island"
Marvel's Spider-Man Foil Bundle Land Pack,Bundle Land Pack,Other,SPM,2025-09-26,0.0,"Forest, Swamp, Mountain, Plains, Island"
Marvel's Spider-Man: Daily Bugle Breaking News,Secret Lair Drop,Other,SLD,2025-09-30,49.54,"Frantic Search, Blasphemous Act, Scheming Symmetry, Impact Tremors, Fact or Fiction"
Marvel's Spider-Man: Daily Bugle Breaking News Foil Edition,Secret Lair Drop,Other,SLD,2025-09-30,49.54,"Frantic Search, Blasphemous Act, Scheming Symmetry, Impact Tremors, Fact or Fiction"
Marvel's Spider-Man: Heroic Deeds,Secret Lair Drop,Other,SLD,2025-09-30,56.57,"Three Visits, Sol Ring, Lightning Greaves, Ephemerate, Command Tower"
Marvel's Spider-Man: Heroic Deeds Foil Edition,Secret Lair Drop,Other,SLD,2025-09-30,56.57,"Three Visits, Sol Ring, Lightning Greaves, Ephemerate, Command Tower"
Marvel's Spider-Man: Mana Symbiote Raised Foil Edition,Secret Lair Drop,Other,SLD,2025-09-30,60.13,"Swamp, Mountain, Plains, Forest, Island"
Marvel's Spider-Man: Venom Unleashed (Colors),Secret Lair Drop,Other,SLD,2025-09-30,56.37,"Damnation, Dark Ritual, Peer into the Abyss, Tendrils of Agony, Surgical Extraction"
Marvel's Spider-Man: Venom Unleashed (Colors) Foil Edition,Secret Lair Drop,Other,SLD,2025-09-30,56.37,"Damnation, Dark Ritual, Peer into the Abyss, Tendrils of Agony, Surgical Extraction"
Marvel's Spider-Man: Venom Unleashed (Inks),Secret Lair Drop,Other,SLD,2025-09-30,43.99,"Damnation, Dark Ritual, Peer into the Abyss, Surgical Extraction, Tendrils of Agony"
Marvel's Spider-Man: Venom Unleashed (Inks) Foil Edition,Secret Lair Drop,Other,SLD,2025-09-30,43.99,"Damnation, Dark Ritual, Peer into the Abyss, Surgical Extraction, Tendrils of Agony"
Marvel's Spider-Man: Villainous Plots,Secret Lair Drop,Other,SLD,2025-09-30,49.16,"Sol Ring, Deadly Dispute, Lightning Greaves, Go for the Throat, Command Tower"
Marvel's Spider-Man: Villainous Plots Foil Edition,Secret Lair Drop,Other,SLD,2025-09-30,49.16,"Sol Ring, Deadly Dispute, Lightning Greaves, Go for the Throat, Command Tower"
Marvel's Storm,Secret Lair Drop,Other,SLD,2024-11-05,97.54,"Jeska's Will, Storm, Force of Nature, Manamorphose, Ice Storm, Lightning Bolt"
Marvel's Storm Foil Edition,Secret Lair Drop,Other,SLD,2024-11-05,97.54,"Jeska's Will, Storm, Force of Nature, Manamorphose, Ice Storm, Lightning Bolt"
Marvel's Wolverine,Secret Lair Drop,Other,SLD,2024-11-05,138.31,"The Ozolith, Wolverine, Best There Is, Rhythm of the Wild, Berserk, Rite of Passage"
Marvel's Wolverine Foil Edition,Secret Lair Drop,Other,SLD,2024-11-05,138.31,"The Ozolith, Wolverine, Best There Is, Rhythm of the Wild, Berserk, Rite of Passage"
Marvel: Dan Hipp,Secret Lair Drop,Other,SLD,2026-09-01,38.66,"Bristly Bill, Spine Sower, An Offer You Can't Refuse, Training Grounds, Mystical Dispute, Endrek Sahr, Master Breeder"
Marvel: Dan Hipp Foil Edition,Secret Lair Drop,Other,SLD,2026-09-01,38.66,"Bristly Bill, Spine Sower, An Offer You Can't Refuse, Training Grounds, Mystical Dispute, Endrek Sahr, Master Breeder"
Marvel: Earth's Mightiest Pets,Secret Lair Drop,Other,SLD,2026-09-01,37.92,"Shark Typhoon, Titanic Ultimatum, Lightning Bolt, Ephemerate, Searing Blaze"
Marvel: Earth's Mightiest Pets Foil Edition,Secret Lair Drop,Other,SLD,2026-09-01,37.92,"Shark Typhoon, Titanic Ultimatum, Lightning Bolt, Ephemerate, Searing Blaze"
Marvel: Spinner Rack Specials,Secret Lair Drop,Other,SLD,2026-07-21,41.58,"Hex Magic, Tippy-Toe, Terrific Partner, Undead Hand Ninja, Baxter Building, Hammerhead, Maggia Boss"
Marvel: Spinner Rack Specials Foil Edition,Secret Lair Drop,Other,SLD,2026-07-21,41.58,"Hex Magic, Tippy-Toe, Terrific Partner, Undead Hand Ninja, Baxter Building, Hammerhead, Maggia Boss"
Marvel: True Believers in Love,Secret Lair Drop,Other,SLD,2026-09-01,39.96,"Grave Pact, Thrill of Possibility, Savor the Moment, Run Away Together, Happily Ever After"
Marvel: True Believers in Love Foil Edition,Secret Lair Drop,Other,SLD,2026-09-01,39.96,"Grave Pact, Thrill of Possibility, Savor the Moment, Run Away Together, Happily Ever After"
Marvelous,Jumpstart,Other,MSH,2026-06-26,18.15,"Captain Marvel, Shooting Star, Quantum Entanglement, Photon, Lady of Light, Ms. Marvel, Elastic Ally, Marvel Boy, Noh-Varr"
Massed Ranks,Intro Pack,Other,DTK,2015-03-27,10.78,"Secure the Wastes, Inspiring Call, Plains, Forest, Enduring Scalelord"
Massive Menagerie,Arena Starter Deck,Other,M21,2021-07-03,24.76,"Serpent of Yawning Depths, Elder Gargaroth, Ram Through, Kogla, the Titan Ape, Cultivate"
Massive Might,Game Night Deck,Other,GN2,2019-11-15,9.93,"Voracious Hydra, Earthshaker Giant, Ghalta, Primal Hunger, Ripjaw Raptor, Leafkin Druid"
Master Blaster,Theme Deck,Other,DST,2004-02-06,121.39,"Great Furnace, Darksteel Citadel, Iron Myr, Pyrite Spellbomb, Molten Rain"
Masters of Evil,Jumpstart,Other,MSH,2026-06-26,6.98,"Crimson Cowl, Master of Evil, Radioactive Man, Villainous Syndication, Tiger Shark, Abyssal Hunter, Swamp"
Masters of the Universe: Allies and Enemies of Eternia,Secret Lair Drop,Other,SLD,2026-09-29,142.25,"Derevi, Empyrial Tactician, Sakashima the Impostor, Tetsuo, Imperial Champion, Ertai Resurrected, Samut, Voice of Dissent"
Masters of the Universe: Allies and Enemies of Eternia Foil Edition,Secret Lair Drop,Other,SLD,2026-09-29,142.25,"Derevi, Empyrial Tactician, Sakashima the Impostor, Tetsuo, Imperial Champion, Ertai Resurrected, Samut, Voice of Dissent"
Masters of the Universe: By the Power of Grayskull!,Secret Lair Drop,Other,SLD,2026-09-29,78.9,"Konda's Banner, Winota, Joiner of Forces, Crackle with Power, Delina, Wild Mage, Bruenor Battlehammer"
Masters of the Universe: By the Power of Grayskull! Foil Edition,Secret Lair Drop,Other,SLD,2026-09-29,78.9,"Konda's Banner, Winota, Joiner of Forces, Crackle with Power, Delina, Wild Mage, Bruenor Battlehammer"
Masters of the Universe: Nyah-ha-ha!,Secret Lair Drop,Other,SLD,2026-09-29,94.19,"Tasha's Hideous Laughter, Tinybones, the Pickpocket, Breach the Multiverse, Bottomless Pit, Necrogen Mists"
Masters of the Universe: Nyah-ha-ha! Foil Edition,Secret Lair Drop,Other,SLD,2026-09-29,94.19,"Tasha's Hideous Laughter, Tinybones, the Pickpocket, Breach the Multiverse, Bottomless Pit, Necrogen Mists"
"Masters of the Universe: She-Ra, Princess of Power",Secret Lair Drop,Other,SLD,2026-09-29,194.23,"Sol Ring, Sisay, Weatherlight Captain, Emiel the Blessed, Kutzil, Malamet Exemplar, Silence"
"Masters of the Universe: She-Ra, Princess of Power Foil Edition",Secret Lair Drop,Other,SLD,2026-09-29,194.23,"Sol Ring, Sisay, Weatherlight Captain, Emiel the Blessed, Kutzil, Malamet Exemplar, Silence"
Masters of the Universe: Sold Separately,Secret Lair Drop,Other,SLD,2026-09-29,109.35,"Command Tower // Command Tower, Sword of War and Peace, Throne of the God-Pharaoh, The Gitrog, Ravenous Ride, Fortune, Loyal Steed"
Masters of the Universe: Sold Separately Foil Edition,Secret Lair Drop,Other,SLD,2026-09-29,109.35,"Command Tower // Command Tower, Sword of War and Peace, Throne of the God-Pharaoh, The Gitrog, Ravenous Ride, Fortune, Loyal Steed"
Math Is For Blockers,Secret Lair Drop,Other,SLD,2021-12-13,33.53,"Ohran Frostfang, Brazen Borrower // Petty Theft, Vindictive Lich, Thragtusk, Meandering Towershell"
Math Is For Blockers Foil Edition,Secret Lair Drop,Other,SLD,2021-12-13,33.53,"Ohran Frostfang, Brazen Borrower // Petty Theft, Vindictive Lich, Thragtusk, Meandering Towershell"
Matt Linde - Mono-Green Stompy,World Championship Deck,Other,WC99,1999-08-04,325.35,"Gaea's Cradle, Cursed Scroll, Forest, Forest, Llanowar Elves"
Max Attax,Theme Deck,Other,SCG,2003-05-26,250.14,"Smother, Temple of the False God, Barren Moor, Tranquil Thicket, Swamp"
Mayhem,Jumpstart,Other,MSH,2026-06-26,5.32,"Green Goblin, Back for More, Daily Bugle Newspaper, Sadistic Slash, Swamp, Rocket-Powered Goblin Glider"
Meditations on Nature,Secret Lair Drop,Other,SLD,2023-12-18,104.81,"Mountain, Plains, Island, Forest, Swamp"
Meditations on Nature Foil Edition,Secret Lair Drop,Other,SLD,2023-11-30,104.81,"Mountain, Plains, Island, Forest, Swamp"
Mercenaries,Theme Deck,Other,NEM,2000-02-14,1297.9,"Dark Ritual, Massacre, Cateran Summons, Belbe's Portal, Haunted Crossroads"
Mercenaries - Enhanced Deck,Enhanced Deck,Other,NEM,2000-02-14,1458.94,"Dark Ritual, Yawgmoth's Will, Cateran Summons, Contamination, Silent Assassin"
Merfolk,Duel Deck,Other,DDT,2017-11-10,12.51,"Misdirection, Master of the Pearl Trident, Harbinger of the Tides, Master of Waves, Engulf the Shore"
Merfolk 1,Jumpstart,Other,J22,2022-12-02,0.0,"Seafloor Oracle, Triton Shorestalker, Merrow Reejerey, Watertrap Weaver, Aquatic Incursion"
Merfolk 2,Jumpstart,Other,J22,2022-12-02,1.06,"Svyelun of Sea and Sky, Triton Shorestalker, Merrow Reejerey, Watertrap Weaver, Thriving Isle"
Merfolk 3,Jumpstart,Other,J22,2022-12-02,0.0,"Harbinger of the Tides, Stonybrook Angler, Triton Shorestalker, Merrow Reejerey, Fallowsage"
Merfolk 4,Jumpstart,Other,J22,2022-12-02,0.0,"Merfolk Sovereign, Triton Shorestalker, Merrow Reejerey, Watertrap Weaver, Aquatic Incursion"
Merfolk Shaman,Shandalar Enemy Deck,Other,PAST,1997-04-01,71.11,"Island Fish Jasconius, Lord of Atlantis, Unstable Mutation, Magical Hack, Segovian Leviathan"
Merrow Riverways,Theme Deck,Other,LRW,2007-10-12,435.01,"Ponder, Springleaf Drum, Merrow Commerce, Wanderwine Prophets, Sygg, River Guide"
Metalcraft,Intro Pack,Other,SOM,2010-10-01,99.82,"Memnite, Galvanic Blast, Etched Champion, Silver Myr, Trinket Mage"
Metallic Dreams,Planechase Deck,Other,HOP,2009-09-04,92.97,"Darksteel Forge, Fabricate, Great Furnace, Vault of Whispers, Arcbound Crusher"
"Michael Loconto, Champion",Pro Tour Deck,Other,PTC,1996-05-01,96.0,"Land Tax, Strip Mine, Adarkar Wastes, Island, Mishra's Factory"
Michealangelo,Theme Deck,Other,TMT,2026-03-06,3.55,"Mona Lisa, Ever Adaptable, Michelangelo, On the Scene, Novel Nunchaku, Michelangelo, Mutant BFF, Guac & Marshmallow Pizza"
Midrange Green,Deck Builder's Toolkit,Other,M13,2012-07-13,1.69,"Bond Beetle, Elvish Visionary, Mwonvuli Beast Tracker, Yeva's Forcemage, Borderland Ranger"
Might,Duel Deck,Other,DDS,2017-03-31,31.68,"Coat of Arms, Zo-Zu the Punisher, Lovisa Coldeyes, Guttural Response, Rampant Growth"
Migraine,Theme Deck,Other,STH,1998-03-02,31.3,"Ensnaring Bridge, Bottomless Pit, Dark Ritual, Megrim, Portcullis"
Migraine - Advanced Deck,Advanced Deck,Other,STH,1998-03-02,207.71,"Vampiric Tutor, Anvil of Bogardan, Wasteland, Ensnaring Bridge, Bottomless Pit"
Milling,Jumpstart,Other,JMP,2020-07-17,43.02,"Bruvac the Grandiloquent, Thought Scour, Capture Sphere, Island, Teferi's Tutelage"
Mind,Duel Deck,Other,DDS,2017-03-31,14.95,"Desperate Ritual, Snap, Beacon of Tomorrows, Deep-Sea Kraken, Jhoira of the Ghitu"
Mind Stealer,Shandalar Enemy Deck,Other,PAST,1997-04-01,139.79,"Junún Efreet, Sindbad, Fellwar Stone, Animate Dead, Mind Twist"
Mind Swarm,Theme Deck,Other,DST,2004-02-06,129.43,"Vault of Whispers, Geth's Grimoire, Leaden Myr, Skeleton Shard, Chittering Rats"
Mind of the Void,Theme Deck,Other,PS11,2011-01-01,0.0,"Island, Island, Island, Island, Plains"
Minions (1),Jumpstart,Other,JMP,2020-07-17,0.0,"Swamp, Innocent Blood, Village Rites, Crypt Lurker, Goremand"
Minions (2),Jumpstart,Other,JMP,2020-07-17,0.0,"Swamp, Village Rites, Crypt Lurker, Drainpipe Vermin, Goremand"
Minions (3),Jumpstart,Other,JMP,2020-07-17,28.98,"Phyrexian Tower, Swamp, Village Rites, Crypt Lurker, Drainpipe Vermin"
Minions (4),Jumpstart,Other,JMP,2020-07-17,4.14,"Ghoulcaller Gisa, Swamp, Innocent Blood, Village Rites, Goremand"
Minotaurs (1),Jumpstart,Other,JMP,2020-07-17,5.26,"Herald's Horn, Sethron, Hurloon General, Thriving Bluff, Mountain, Minotaur Skullcleaver"
Minotaurs (2),Jumpstart,Other,JMP,2020-07-17,1.53,"Unleash Fury, Traitorous Greed, Rageblood Shaman, Sethron, Hurloon General, Thriving Bluff"
Mirrodin Besieged Fat Pack Land Pack,Bundle Land Pack,Other,MBS,2011-02-04,11.92,"Swamp, Swamp, Forest, Mountain, Forest"
Mirrodin Besieged Foil Redemption,MTGO Redemption,Other,MBS,2011-03-06,915.54,"Blightsteel Colossus, Sword of Feast and Famine, Green Sun's Zenith, Consecrated Sphinx, Inkmoth Nexus"
Mirrodin Besieged Redemption,MTGO Redemption,Other,MBS,2011-03-06,915.54,"Blightsteel Colossus, Sword of Feast and Famine, Green Sun's Zenith, Consecrated Sphinx, Inkmoth Nexus"
Mirrodin Foil Redemption,MTGO Redemption,Other,MRD,2003-11-01,3189.3,"Chrome Mox, Quicksilver Elemental, Sword of Kaldra, Chalice of the Void, Seething Song"
Mirrodin Pure,MTGO Duel Deck,Other,TD2,2013-01-11,0.0,"Platinum Angel, Ardent Recruit, Argent Sphinx, Darksteel Gargoyle, Darksteel Sentinel"
Mirrodin Redemption,MTGO Redemption,Other,MRD,2003-11-01,3189.3,"Chrome Mox, Quicksilver Elemental, Sword of Kaldra, Chalice of the Void, Seething Song"
Mirrodinsanity,Secret Lair Drop,Other,SLD,2022-01-28,172.58,"Seat of the Synod, Great Furnace, Vault of Whispers, Ancient Den, Tree of Tales"
Mirrodinsanity Foil Edition,Secret Lair Drop,Other,SLD,2022-01-28,172.58,"Seat of the Synod, Great Furnace, Vault of Whispers, Ancient Den, Tree of Tales"
Mirromancy,Intro Pack,Other,MBS,2011-02-04,72.47,"Preordain, Silver Myr, Lightning Bolt, Iron Myr, Red Sun's Zenith"
Mite-y 1,Jumpstart,Other,ONE,2023-02-10,1.34,"Mite Overseer, Planar Disruption, Annex Sentry, Infested Fleshcutter, Basilica Shepherd"
Mite-y 2,Jumpstart,Other,ONE,2023-02-10,1.34,"Mite Overseer, Ossification, Crawling Chorus, Plains, Plains"
Mob Rule,Intro Pack,Other,M13,2012-07-13,21.87,"Fervor, Krenko, Mob Boss, Ring of Valkas, Krenko's Command, Forest"
Modern Horizons 2 Bundle Land Pack,Bundle Land Pack,Other,MH2,2021-06-18,0.0,"Plains, Plains, Island, Mountain, Plains"
Modern Horizons 3 Bundle Land Pack,Bundle Land Pack,Other,MH3,2024-06-14,0.0,"Plains, Plains, Swamp, Swamp, Forest"
Modified,Jumpstart,Other,J25,2024-11-07,19.04,"Kodama of the West Tree, Cave of Temptation, Audacity, Defend the Celestus, Wolfrider's Saddle"
Molimo's Might,Theme Deck,Other,10E,2007-07-13,46.7,"Hurricane, Rampant Growth, Molimo, Maro-Sorcerer, Stampeding Wildebeests, Blanchwood Armor"
Mono Black,Arena Starter Kit,Other,M21,2020-07-03,15.08,"Serrated Scorpion, Demon of Loathing, Peer into the Abyss, Swamp, Demonic Embrace"
Mono Black Amazon,Arena Starter Kit,Other,M21,2020-07-03,15.08,"Serrated Scorpion, Demon of Loathing, Peer into the Abyss, Swamp, Demonic Embrace"
Mono Green,Arena Starter Kit,Other,M21,2020-07-03,10.79,"Ram Through, Ironscale Hydra, Colossification, Llanowar Visionary, Yorvo, Lord of Garenbrig"
Mono Green Amazon,Arena Starter Kit,Other,M21,2020-07-03,10.79,"Ram Through, Ironscale Hydra, Colossification, Llanowar Visionary, Yorvo, Lord of Garenbrig"
Mono White Aggro,Challenger Deck,Other,Q07,2022-04-01,4.64,"Paladin Class, Luminarch Aspirant, Intrepid Adversary, Thalia, Guardian of Thraben, Skyclave Apparition"
Mono-Green Stompy,Challenger Deck,Other,Q05,2021-04-02,17.51,"Turntimber Symbiosis // Turntimber, Serpentine Wood, Ram Through, Gemrazer, Stonecoil Serpent, Garruk, Unleashed"
Mono-Red Aggro,Challenger Deck,Other,Q05,2021-04-02,31.53,"Embercleave, Shatterskull Smashing // Shatterskull, the Hammer Pass, Torbran, Thane of Red Fell, Mountain, Castle Embereth"
Mono-Red Burn,Pioneer Challenger Deck,Other,Q06,2021-10-15,18.36,"Monastery Swiftspear, Soul-Scar Mage, Ramunap Ruins, Wizard's Lightning, Lightning Strike"
Monster Anatomy 101,Secret Lair Drop,Other,SLD,2022-01-28,127.89,"Gishath, Sun's Avatar, Goblin Trashmaster, Ilharg, the Raze-Boar, Protean Hulk, Fleet Swallower"
Monster Anatomy 101 Foil Etched Edition,Secret Lair Drop,Other,SLD,2022-01-28,127.89,"Gishath, Sun's Avatar, Goblin Trashmaster, Ilharg, the Raze-Boar, Protean Hulk, Fleet Swallower"
Monster Movie Marathon,Secret Lair Drop,Other,SLD,2022-01-28,98.34,"Blasphemous Act, Beast Within, Grafdigger's Cage, Dismember"
Monster Movie Marathon Foil Edition,Secret Lair Drop,Other,SLD,2022-01-28,98.34,"Blasphemous Act, Beast Within, Grafdigger's Cage, Dismember"
Monster Territory,Jumpstart,Other,DMU,2022-09-09,2.17,"Forest, Briar Hydra, The Weatherseed Treaty, Haunted Mire, Wooded Ridgeline"
Monsters,Duel Deck,Other,DDL,2013-09-06,2.67,"Skarrg, the Rage Pits, Orcish Lumberjack, Polukranos, World Eater, Beast Within, Regrowth"
Monstrous Magazines,Secret Lair Drop,Other,SLD,2024-10-01,57.56,"Koma, Cosmos Serpent, Doom Whisperer, Mazirek, Kraul Death Priest, Uril, the Miststalker, Ravenous Chupacabra"
Monstrous Magazines Foil Edition,Secret Lair Drop,Other,SLD,2024-10-01,57.56,"Koma, Cosmos Serpent, Doom Whisperer, Mazirek, Kraul Death Priest, Uril, the Miststalker, Ravenous Chupacabra"
Monstrous Surprise,Intro Pack,Other,DKA,2012-02-03,21.36,"Mountain, Pyreheart Wolf, Rampant Growth, Strangleroot Geist, Gutter Grime"
Monty Python and the Holy Grail: Vol. 1,Secret Lair Drop,Other,SLD,2024-07-30,194.22,"Birds of Paradise // Birds of Paradise, Three Visits, Dismember, Buried Alive, Prodigal Sorcerer"
Monty Python and the Holy Grail: Vol. 1 Foil Edition,Secret Lair Drop,Other,SLD,2024-07-30,194.22,"Birds of Paradise // Birds of Paradise, Three Visits, Dismember, Buried Alive, Prodigal Sorcerer"
Monty Python and the Holy Grail: Vol. 2,Secret Lair Drop,Other,SLD,2024-07-30,87.31,"Ashnod's Altar, Door to Nothingness, Dark Depths"
Monty Python and the Holy Grail: Vol. 2 Foil Edition,Secret Lair Drop,Other,SLD,2024-07-30,87.31,"Ashnod's Altar, Door to Nothingness, Dark Depths"
Morbid 1,Jumpstart,Other,J22,2022-12-02,9.16,"Spawning Pit, Reaper from the Abyss, Tragic Slip, Village Rites, Disciple of Perdition"
Morbid 2,Jumpstart,Other,J22,2022-12-02,3.26,"Tragic Slip, Reassembling Skeleton, Skirsdag High Priest, Village Rites, Vampiric Rites"
Mordor 1,Jumpstart,Other,LTR,2023-06-23,43.63,"Nazgûl, Ringwraiths, Claim the Precious, Gollum, Patient Plotter, Gothmog, Morgul Lieutenant"
Mordor 2,Jumpstart,Other,LTR,2023-06-23,7.62,"Ringwraiths, Gríma Wormtongue, Gollum, Patient Plotter, Dunland Crebain, Gothmog, Morgul Lieutenant"
Mordor: Black-Red,Starter Kit,Other,LTR,2023-06-23,24.05,"Witch-king, Bringer of Ruin, Sauron, the Lidless Eye, Fires of Mount Doom, Gollum, Scheming Guide, Cast into the Fire"
More Adventures in Middle-earth,Secret Lair Drop,Other,SLD,2023-08-29,80.6,"Gandalf, Friend of the Shire, Shire Terrace, Mirror of Galadriel, Slip On the Ring"
More Adventures in Middle-earth Foil Edition,Secret Lair Drop,Other,SLD,2023-08-29,80.6,"Gandalf, Friend of the Shire, Shire Terrace, Mirror of Galadriel, Slip On the Ring"
More Borderless Planeswalkers,Secret Lair Drop,Other,SLD,2023-03-17,42.57,"Nicol Bolas, Dragon-God, Ugin, the Ineffable, Sorin, Imperious Bloodlord, Sarkhan, Dragonsoul"
Morningtide Foil Redemption,MTGO Redemption,Other,MOR,2008-03-02,2038.5,"Scapeshift, Bitterblossom, Idyllic Tutor, Lightning Crafter, Maralen of the Mornsong"
Morningtide Redemption,MTGO Redemption,Other,MOR,2008-03-02,2038.5,"Scapeshift, Bitterblossom, Idyllic Tutor, Lightning Crafter, Maralen of the Mornsong"
Morph Mayhem,Theme Deck,Other,LGN,2003-02-03,175.65,"Lonely Sandbar, Secluded Steppe, Chromeshell Crab, Island, Whipcorder"
Mortal Coil,Theme Deck,Other,SHM,2008-05-02,337.94,"Helm of the Ghastlord, Faerie Macabre, Fate Transfer, Wingrattle Scarecrow, Swamp"
Mortals 1,Jumpstart,Other,LTR,2023-11-03,0.0,"Eagle of Deliverance, Éowyn, Lady of Rohan, Barrow-Blade, Second Breakfast, Plains"
Mortals 2,Jumpstart,Other,LTR,2023-11-03,2.02,"Reprieve, Eagle of Deliverance, Slip On the Ring, Inherited Envelope, Samwise the Stouthearted"
Mortals of Myth,Intro Pack,Other,JOU,2014-05-02,20.32,"Spear of Heliod, Solidarity of Heroes, Raised by Wolves, Forest, Plains"
Mother's Day 2021,Secret Lair Drop,Other,SLD,2021-10-29,82.5,"Mother of Runes, Mother of Runes, Mother of Runes, Mother of Runes"
Mother's Day 2021 Foil Edition,Secret Lair Drop,Other,SLD,2021-10-29,82.5,"Mother of Runes, Mother of Runes, Mother of Runes, Mother of Runes"
"Mountain, Go",Secret Lair Drop,Other,SLD,2020-06-08,22.57,"Lightning Bolt, Lightning Bolt, Lightning Bolt, Lightning Bolt"
Mu Yanling,Planeswalker Deck,Other,GS1,2018-06-22,11.39,"Mu Yanling, Island, Ancestor Dragon, Plains, Cloak of Mists"
"Mu Yanling, Celestial Wind",Planeswalker Deck,Other,M20,2019-07-29,5.07,"Spectral Sailor, Mu Yanling, Celestial Wind, Winged Words, Cloudkin Seer, Island"
Multi-Headed 1,Jumpstart,Other,J22,2022-12-02,7.8,"Benevolent Hydra, Hydra's Growth, Domesticated Hydra, Clockwork Hydra, Fertilid"
Multi-Headed 2,Jumpstart,Other,J22,2022-12-02,15.77,"Primordial Hydra, Benevolent Hydra, Hydra's Growth, Domesticated Hydra, Clockwork Hydra"
Murders at Karlov Manor Bundle Land Pack,Bundle Land Pack,Other,MKM,2024-02-09,0.0,"Swamp, Swamp, Plains, Plains, Island"
Murders at Karlov Manor Foil Redemption,MTGO Redemption,Other,MKM,2024-03-06,253.12,"Delney, Streetwise Lookout, Undercity Sewers, Thundering Falls, Underground Mortuary, Meticulous Archive"
Murders at Karlov Manor Redemption,MTGO Redemption,Other,MKM,2024-03-06,253.12,"Delney, Streetwise Lookout, Undercity Sewers, Thundering Falls, Underground Mortuary, Meticulous Archive"
Musicians,Jumpstart,Other,TLE,2025-11-20,3.72,"Secret Tunnel, Mountain, Thriving Bluff, Chong and Lily, Nomads, Founding of Omashu"
Mutation Station,Arena Starter Deck,Other,M21,2021-07-03,14.87,"Massacre Wurm, Sea-Dasher Octopus, Unexpected Fangs, Swamp, Dirge Bat"
My Little Pony: Friendship is Magic,Secret Lair Drop,Other,SLD,2026-05-12,61.14,"Sol Ring, Arcane Signet, Defense of the Heart, Generous Gift, Radiate"
My Little Pony: Friendship is Magic Foil Edition,Secret Lair Drop,Other,SLD,2026-05-12,61.14,"Sol Ring, Arcane Signet, Defense of the Heart, Generous Gift, Radiate"
My Little Pony: The Lands of Equestria,Secret Lair Drop,Other,SLD,2026-05-12,27.83,"Plains, Mountain, Island, Swamp, Forest"
My Little Pony: The Lands of Equestria Foil Edition,Secret Lair Drop,Other,SLD,2026-05-12,27.83,"Plains, Mountain, Island, Swamp, Forest"
Mycosynthwave,Secret Lair Drop,Other,SLD,2023-12-05,125.35,"Mycosynth Golem, Mycosynth Lattice, Mycosynth Wellspring"
Mycosynthwave Foil Edition,Secret Lair Drop,Other,SLD,2023-12-05,115.03,"Mycosynth Golem, Mycosynth Lattice, Mycosynth Wellspring"
Myr of Mirrodin,Intro Pack,Other,SOM,2010-10-01,63.37,"Myr Battlesphere, Palladium Myr, Gold Myr, Myr Galvanizer, Darksteel Myr"
Mysterious Realms,Intro Pack,Other,WWK,2010-02-05,78.45,"Walking Atlas, Halimar Depths, Telepathy, Tideforce Elemental, Seer's Sundial"
Mystic Mischief,Jumpstart,Other,DMU,2022-09-09,2.48,"Island, Cosmic Epiphany, Tolarian Terror, Ertai's Scorn, Founding the Third Path"
Mystical Might,Intro Pack,Other,M12,2011-07-15,21.16,"Elixir of Immortality, Lord of the Unreal, Levitation, Phantasmal Dragon, Aether Adept"
Nature Is Adorable,Secret Lair Drop,Other,SLD,2023-04-28,56.99,"Ulvenwald Tracker, Yeva, Nature's Herald, Joraga Treespeaker, Nature's Will"
Nature Is Adorable Foil Edition,Secret Lair Drop,Other,SLD,2023-04-28,56.99,"Ulvenwald Tracker, Yeva, Nature's Herald, Joraga Treespeaker, Nature's Will"
Nature's Assault,Theme Deck,Other,P02,1998-06-24,17.44,"Alluring Scent, River Bear, Bear Cub, Golden Bear, Forest"
Nature's Fury,Intro Pack,Other,M10,2009-07-17,13.98,"Plains, Llanowar Elves, Harm's Way, Forest, Plains"
Naya Behemoths,Intro Pack,Other,ALA,2008-10-03,58.71,"Rampant Growth, Titanic Ultimatum, Jungle Shrine, Forest, Wild Nacatl"
Naya Domain,Intro Pack,Other,CON,2009-02-06,68.91,"Paleoloth, Rampant Growth, Terramorphic Expanse, Path to Exile, Swamp"
Ne'er-do-wells (1),Jumpstart,Other,J25,2024-11-07,22.32,"Rev, Tithe Extractor, Murder, Fake Your Own Death, Pilfering Imp, Thriving Moor"
Ne'er-do-wells (2),Jumpstart,Other,J25,2024-11-07,22.32,"Rev, Tithe Extractor, Fake Your Own Death, Thieves' Guild Enforcer, Thriving Moor, Swamp"
Necromancer,Shandalar Enemy Deck,Other,PAST,1997-04-01,41.15,"Cosmic Horror, Bad Moon, Animate Dead, Zombie Master, Dark Ritual"
Nefarious,Jumpstart,Other,J25,2024-11-07,14.01,"Vilis, Broker of Blood, Dark Confidant, Infernal Grasp, Vampire Scrivener, Thriving Moor"
Nether Fiend,Shandalar Enemy Deck,Other,PAST,1997-04-01,194.18,"Mishra's Factory, Junún Efreet, Animate Dead, Lord of the Pit, Xenic Poltergeist"
New Phyrexia,MTGO Duel Deck,Other,TD2,2013-01-11,0.0,"Phyrexian Plaguelord, Desecration Elemental, Drooling Groodion, Flesh-Eater Imp, Fume Spitter"
New Phyrexia Fat Pack Land Pack,Bundle Land Pack,Other,NPH,2011-05-13,62.77,"Mountain, Forest, Swamp, Forest, Swamp"
New Phyrexia Foil Redemption,MTGO Redemption,Other,NPH,2011-06-12,1886.94,"Mental Misstep, Elesh Norn, Grand Cenobite, Noxious Revival, Praetor's Grasp, Sheoldred, Whispering One"
New Phyrexia Redemption,MTGO Redemption,Other,NPH,2011-06-12,1886.94,"Mental Misstep, Elesh Norn, Grand Cenobite, Noxious Revival, Praetor's Grasp, Sheoldred, Whispering One"
Nicol Bolas,Duel Deck,Other,DDH,2011-09-02,7.83,"Undermine, Nicol Bolas, Planeswalker, Countersquall, Blazing Specter, Nightscape Familiar"
"Nicol Bolas, the Deceiver",Planeswalker Deck,Other,HOU,2017-07-14,26.74,"Throne of the God-Pharaoh, Nicol Bolas, the Deceiver, Ammit Eternal, Crypt of the Eternals, Supernatural Stamina"
Nicolas Labarre - Chimera,World Championship Deck,Other,WC00,2000-08-02,187.9,"Yawgmoth's Will, Academy Rector, Phyrexian Tower, Enlightened Tutor, City of Brass"
Night Of The Ninja,Planechase Deck,Other,PCA,2016-11-25,83.29,"Sakashima's Student, Higure, the Still Wind, Ink-Eyes, Servant of Oni, Silent-Blade Oni, Baleful Strix"
Night Terrors,MTGO Theme Deck,Other,MIR,2006-12-05,136.85,"Shallow Grave, Withering Boon, Spirit of the Night, Swamp, Charcoal Diamond"
Nightmares,Jumpstart,Other,TLE,2025-11-20,3.29,"Desperate Plea, Koh, the Face Stealer, Swamp, Thriving Moor, Purple Pentapus"
Ninjas,Theme Deck,Other,PSAL,2005-08-01,0.0,"Island, Island, Island, Island, Island"
Ninjutsu,Theme Deck,Other,BOK,2005-02-04,212.5,"Higure, the Still Wind, Mistblade Shinobi, Walker of Secret Ways, Ninja of the Deep Hours, Tomorrow, Azami's Familiar"
Ninth Edition Fat Pack Land Pack,Bundle Land Pack,Other,9ED,2005-07-29,34.77,"Swamp, Mountain, Mountain, Forest, Forest"
Ninth Edition Foil Redemption,MTGO Redemption,Other,9ED,2005-08-28,2658.78,"Fellwar Stone, Biorhythm, Grave Pact, Seething Song, Underground River"
Ninth Edition Redemption,MTGO Redemption,Other,9ED,2005-08-28,2658.78,"Fellwar Stone, Biorhythm, Grave Pact, Seething Song, Underground River"
Nissa,Archenemy Deck,Other,E01,2017-06-16,17.03,"Sword of the Animist, Nissa, Worldwaker, Oran-Rief Hydra, Sixth Sense, Retreat to Kazandu"
"Nissa, Genesis Mage",Planeswalker Deck,Other,HOU,2017-07-14,1.47,"Nissa, Genesis Mage, Island, Reason // Believe, Forest, Forest"
"Nissa, Nature's Artisan",Planeswalker Deck,Other,KLD,2016-09-30,3.91,"Servant of the Conduit, Nissa, Nature's Artisan, Aethersquall Ancient, Longtusk Cub, Attune with Aether"
Notebook Genius,Secret Lair Drop,Other,SLD,2026-05-12,42.69,"Storm-Kiln Artist, Bloodghast, Lier, Disciple of the Drowned, Anhelo, the Painter"
Notebook Genius Foil Edition,Secret Lair Drop,Other,SLD,2026-05-12,42.69,"Storm-Kiln Artist, Bloodghast, Lier, Disciple of the Drowned, Anhelo, the Painter"
Now on VHS!,Secret Lair Drop,Other,SLD,2023-09-15,134.7,"The First Sliver, Food Chain, Rewind, Rampant Growth"
Now on VHS! Foil Edition,Secret Lair Drop,Other,SLD,2023-09-15,134.7,"The First Sliver, Food Chain, Rewind, Rampant Growth"
Nuestra Magia,Secret Lair Drop,Other,SLD,2025-06-17,93.5,"Sylvan Library, Ancient Greenwarden, Lightning Greaves, Xenagos, God of Revels, Tireless Provisioner"
Nuestra Magia Foil Edition,Secret Lair Drop,Other,SLD,2025-06-17,93.5,"Sylvan Library, Ancient Greenwarden, Lightning Greaves, Xenagos, God of Revels, Tireless Provisioner"
Nuts and Bolts,Theme Deck,Other,5DN,2004-06-04,370.69,"Skullclamp, Seat of the Synod, Steelshaper's Gift, Ancient Den, Aether Spellbomb"
OMG KITTIES!,Secret Lair Drop,Other,SLD,2019-12-09,143.05,"Arahbo, Roar of the World, Mirri, Weatherlight Duelist, Leonin Warleader, Regal Caracal, Qasali Slingers"
Oath of the Gatewatch Fat Pack Land Pack,Bundle Land Pack,Other,OGW,2016-01-22,33.37,"Wastes, Wastes, Mountain, Mountain, Forest"
Oath of the Gatewatch Foil Redemption,MTGO Redemption,Other,OGW,2016-02-21,222.81,"Mirrorpool, Kozilek, the Great Distortion, Sphinx of the Final Word, Kalitas, Traitor of Ghet, General Tazri"
Oath of the Gatewatch Redemption,MTGO Redemption,Other,OGW,2016-02-21,222.81,"Mirrorpool, Kozilek, the Great Distortion, Sphinx of the Final Word, Kalitas, Traitor of Ghet, General Tazri"
Ob Nixilis,Duel Deck,Other,DDR,2016-09-02,0.0,"Leechridden Swamp, Indulgent Tormentor, Ob Nixilis Reignited, Pestilence Demon, Innocent Blood"
Odyssey Foil Redemption,MTGO Redemption,Other,ODY,2001-10-31,7533.4,"Entomb, Tainted Pact, Tarnished Citadel, Deserted Temple, Terravore"
Odyssey Redemption,MTGO Redemption,Other,ODY,2001-10-31,7533.4,"Entomb, Tainted Pact, Tarnished Citadel, Deserted Temple, Terravore"
Of the Coast (1),Jumpstart,Other,J25,2024-11-07,0.0,"Plagon, Lord of the Beach, Shorecomber Crab, Sigiled Starfish, Omen of the Sea, Purple-Crystal Crab"
Of the Coast (2),Jumpstart,Other,J25,2024-11-07,0.0,"Plagon, Lord of the Beach, Opt, Shorecomber Crab, Sigiled Starfish, Shipwreck Dowser"
Oishii! Tokens オイシイ！ トークン,Secret Lair Drop,Other,SLD,2025-03-27,0.0,
Oishii! Tokens オイシイ！ トークン Foil Edition,Secret Lair Drop,Other,SLD,2025-03-27,0.0,
"Oko, the Trickster",Planeswalker Deck,Other,ELD,2019-10-04,6.59,"Return of the Wildspeaker, Oko, the Trickster, Maraleaf Pixie, Keeper of Fables, Frogify"
Omens of Chaos,Secret Lair Drop,Other,SLD,2026-05-12,137.23,"Batwing Brume, Chance for Glory, Abrupt Decay, Growth Spiral, Counterflux"
Omens of Chaos Foil Edition,Secret Lair Drop,Other,SLD,2026-05-12,137.23,"Batwing Brume, Chance for Glory, Abrupt Decay, Growth Spiral, Counterflux"
On the Hunt,Arena Starter Deck,Other,SNC,2022-09-09,16.97,"Arlinn, the Pack's Hope // Arlinn, the Moon's Fury, Rockfall Vale, Tovolar, Dire Overlord // Tovolar, the Midnight Scourge, Halana and Alena, Partners, Howling Moon"
One-Two Punch,Theme Deck,Other,ODY,2001-10-01,405.1,"Roar of the Wurm, Seize the Day, Moment's Peace, Forest, Volcanic Spray"
Onslaught Foil Redemption,MTGO Redemption,Other,ONS,2002-11-06,11130.82,"Polluted Delta, Flooded Strand, Wooded Foothills, Windswept Heath, Bloodstained Mire"
Onslaught Redemption,MTGO Redemption,Other,ONS,2002-11-06,11164.32,"Polluted Delta, Flooded Strand, Wooded Foothills, Windswept Heath, Bloodstained Mire"
Orc Attack,MTGO Theme Deck,Other,ME2,2008-09-22,0.0,"Mountain, Mountain, Mountain, Mishra's Factory, Gorilla Shaman"
Orcish 1,Jumpstart,Other,LTR,2023-11-03,40.7,"Warg Rider, Mirkwood Bats, Dunland Crebain, Gothmog, Morgul Lieutenant, Gorbag of Minas Morgul"
Orcish 2,Jumpstart,Other,LTR,2023-11-03,41.61,"Warg Rider, March from the Black Gate, Dunland Crebain, Gothmog, Morgul Lieutenant, Gorbag of Minas Morgul"
Ornithological Studies,Secret Lair Drop,Other,SLD,2020-06-09,60.06,"Swan Song, Birds of Paradise, Baleful Strix, Dovescape, Gilded Goose"
Orzhov,Guild Kit,Other,GK2,2019-02-15,72.76,"Smothering Tithe, Teysa Karlov, Teysa, Orzhov Scion, Ethereal Absolution, Vindictive Vampire"
Orzhov Auras,Pioneer Challenger Deck,Other,Q06,2021-10-15,17.48,"Sram, Senior Edificer, Cartouche of Solidarity, Concealed Courtyard, Caves of Koilos, Stonecoil Serpent"
Orzhov Humans,Pioneer Challenger Deck,Other,Q08,2022-11-04,33.22,"Godless Shrine, Mutavault, Thalia's Lieutenant, Concealed Courtyard, Bloodsoaked Champion"
Orzhov Oppression,Intro Pack,Other,GTC,2013-02-01,30.01,"Gift of Orzhova, Tormented Soul, Vizkopa Guildmage, Basilica Screecher, Knight of Obligation"
Orzhov Power,Intro Pack,Other,DGM,2013-05-03,41.06,"Crypt Ghast, Gift of Orzhova, Crypt Incursion, Basilica Screecher, Riot Control"
Orzhov Syndicate,Arena Starter Deck,Other,M20,2019-05-03,48.85,"Cruel Celebrant, Godless Shrine, Teysa Karlov, Seraph of the Scales, Priest of Forgotten Gods"
Orzhov Syndicate 1,Jumpstart,Other,CLU,2024-02-23,5.62,"Afterlife Insurance, Syndicate Heavy, Council's Judgment, Angel of Vitality, Glorifier of Dusk"
Orzhov Syndicate 2,Jumpstart,Other,CLU,2024-02-23,5.62,"Afterlife Insurance, Covetous Elegy, Orzhov Signet, Seraph of the Scales, Fleshbag Marauder"
Otter Limits,Starter Kit,Other,BLB,2024-08-02,36.97,"Bria, Riptide Rogue, Mockingbird, Coruscation Mage, Sword of Vengeance, Stormcatch Mentor"
"Our Show Is On Friday, Can You Make It?",Secret Lair Drop,Other,SLD,2021-08-25,99.08,"Gamble, Nature's Lore, Wrath of God, Preordain, Decree of Pain"
Out for Blood,Arena Starter Deck,Other,ANB,2019-09-26,37.38,"Bolas's Citadel, Vampire of the Dire Moon, Knight of the Ebon Legion, Bloodthirsty Aerialist, Vindictive Vampire"
Out for Blood 2,Arena Starter Deck,Other,ANB,2020-03-12,20.53,"Vampire of the Dire Moon, Knight of the Ebon Legion, Piper of the Swarm, Bloodthirsty Aerialist, Vindictive Vampire"
Outlaw Anthology Vol. 1: Rebellious Renegades,Secret Lair Drop,Other,SLD,2024-05-30,62.1,"Tezzeret the Seeker, Griselbrand, Nicol Bolas, Planeswalker, Grenzo, Havoc Raiser"
Outlaw Anthology Vol. 1: Rebellious Renegades Foil Edition,Secret Lair Drop,Other,SLD,2024-05-30,62.1,"Tezzeret the Seeker, Griselbrand, Nicol Bolas, Planeswalker, Grenzo, Havoc Raiser"
Outlaw Anthology Vol. 2: Sinister Scoundrels,Secret Lair Drop,Other,SLD,2024-05-30,70.34,"Korvold, Fae-Cursed King, Vorinclex, Voice of Hunger, Karona, False God, Memnarch"
Outlaw Anthology Vol. 2: Sinister Scoundrels Foil Edition,Secret Lair Drop,Other,SLD,2024-05-30,70.34,"Korvold, Fae-Cursed King, Vorinclex, Voice of Hunger, Karona, False God, Memnarch"
Outlaw Posse,Arena Starter Deck,Other,OTJ,2024-07-08,25.76,"Raucous Theater, Tinybones, the Pickpocket, Magda, the Hoardmaster, Charming Scoundrel, Greedy Freebooter"
Outlaws of Thunder Junction Bundle Land Pack,Bundle Land Pack,Other,OTJ,2024-04-19,0.0,"Plains, Plains, Swamp, Swamp, Mountain"
Outlaws of Thunder Junction Foil Redemption,MTGO Redemption,Other,OTJ,2024-05-15,231.87,"Bristly Bill, Spine Sower, Terror of the Peaks, Tinybones, the Pickpocket, Goldvein Hydra, High Noon"
Outlaws of Thunder Junction Redemption,MTGO Redemption,Other,OTJ,2024-05-15,231.87,"Bristly Bill, Spine Sower, Terror of the Peaks, Tinybones, the Pickpocket, Goldvein Hydra, High Noon"
Overachiever 1,Jumpstart,Other,MOM,2023-04-20,0.0,"Interdisciplinary Mascot, Referee Squad, Meeting of Minds, Island, Oracle of Tragedy"
Overachiever 2,Jumpstart,Other,MOM,2023-04-20,0.0,"Interdisciplinary Mascot, Referee Squad, Island, Oracle of Tragedy, Wicked Slumber"
Overkill,Theme Deck,Other,SHM,2008-05-02,118.95,"Prismatic Omen, Mossbridge Troll, Farhaven Elf, Scuttlemutt, Runes of the Deus"
Ozai,Jumpstart,Other,TLE,2025-11-20,7.76,"Fire Lord Ozai, Scarring Memories, Swamp, Thriving Moor, Canyon Crawler"
Painflow,Theme Deck,Other,JUD,2002-05-27,404.51,"Roar of the Wurm, Krosan Wayfarer, Moment's Peace, Brawn, Werebear"
Paladin,Shandalar Enemy Deck,Other,PAST,1997-04-01,19.26,"Swords to Plowshares, Magical Hack, Northern Paladin, Segovian Leviathan, Sleight of Mind"
Pandemonium,Theme Deck,Other,APC,2001-06-04,292.23,"Life // Death, Urborg Elf, Harrow, Fertile Ground, Last Stand"
Pantheon's Power,Intro Pack,Other,JOU,2014-05-02,55.07,"Archetype of Finality, Archetype of Courage, Fate Unraveler, Grim Guardian, Underworld Coinsmith"
Paradise Frost,Secret Lair Drop,Other,SLD,2023-12-05,105.14,"Snow-Covered Island, Snow-Covered Forest, Snow-Covered Plains, Snow-Covered Swamp, Snow-Covered Mountain"
Paradise Frost Foil Edition,Secret Lair Drop,Other,SLD,2023-12-05,140.46,"Snow-Covered Island, Snow-Covered Forest, Snow-Covered Plains, Snow-Covered Swamp, Snow-Covered Mountain"
"Party Hard, Shred Harder",Secret Lair Drop,Other,SLD,2021-03-15,58.35,"Assassin's Trophy, Anguished Unmaking, Thraximundar, Dreadbore, Decimate"
Path of Blight,Intro Pack,Other,MBS,2011-02-04,60.16,"Plague Myr, Viridian Corrupter, Decimator Web, Phyrexian Juggernaut, Core Prowler"
Path to Victory,Intro Pack,Other,M13,2012-07-13,17.38,"Attended Knight, Plains, Captain of the Watch, Ring of Thune, Healer of the Pride"
Paul McCabe - Red-Blue Aggro Control,World Championship Deck,Other,WC97,1997-08-13,72.04,"Force of Will, City of Brass, Mind Stone, Mountain, Undiscovered Paradise"
Peer Kröger - Reanimator,World Championship Deck,Other,WC03,2003-08-06,86.08,"Bloodstained Mire, Cabal Therapy, Entomb, Anger, Burning Wish"
Phyrexia,Duel Deck,Other,DDE,2010-03-19,48.24,"Phyrexian Negator, Phyrexian Arena, Lightning Greaves, Voltaic Key, Carrion Feeder"
Phyrexia: All Will Be One Bundle Land Pack,Bundle Land Pack,Other,ONE,2023-02-10,0.0,"Mountain, Mountain, Plains, Plains, Swamp"
Phyrexia: All Will Be One Compleat Bundle Land Pack,Bundle Land Pack,Other,ONE,2023-03-03,8.86,"Swamp, Plains, Forest, Mountain, Island"
Phyrexia: All Will Be One Foil Redemption,MTGO Redemption,Other,ONE,2023-03-08,331.3,"Mondrak, Glory Dominus, Solphim, Mayhem Dominus, Elesh Norn, Mother of Machines, Ichormoon Gauntlet, All Will Be One"
Phyrexia: All Will Be One Redemption,MTGO Redemption,Other,ONE,2023-03-08,331.3,"Mondrak, Glory Dominus, Solphim, Mayhem Dominus, Elesh Norn, Mother of Machines, Ichormoon Gauntlet, All Will Be One"
Phyrexia: All Will Be One Welcome Booster,Welcome Booster,Other,ONE,2023-02-10,12.34,"Atarka, World Render, Linvala, the Preserver, Kaya, Bane of the Dead, Mountain, Thrill of Possibility"
Phyrexian,Jumpstart,Other,JMP,2020-07-17,27.06,"Sheoldred, Whispering One, Phyrexian Reclamation, Swamp, Swamp, Malefic Scythe"
Phyrexian Assault,Theme Deck,Other,ULG,1999-02-15,307.37,"Phyrexian Reclamation, Phyrexian Plaguelord, Engineered Plague, Avalanche Riders, Bone Shredder"
Phyrexian Assault - Enhanced Deck,Enhanced Deck,Other,ULG,1999-02-15,314.93,"Phyrexian Reclamation, Phyrexian Plaguelord, Reflecting Pool, Avalanche Riders, City of Brass"
Phyrexian Faves,Secret Lair Drop,Other,SLD,2023-04-14,31.89,"Inkmoth Nexus, Blighted Agent, K'rrik, Son of Yawgmoth, Glistener Elf, Batterskull"
Phyrexian Faves Foil Edition,Secret Lair Drop,Other,SLD,2023-04-14,31.89,"Inkmoth Nexus, Blighted Agent, K'rrik, Son of Yawgmoth, Glistener Elf, Batterskull"
Phyrexian Poison,Intro Pack,Other,SOM,2010-10-01,75.1,"Ichor Rats, Hand of the Praetors, Ichorclaw Myr, Forest, Necropede"
Phyrexian Praetors: Compleat Edition,Secret Lair Drop,Other,SLD,2021-10-29,50.58,"Sheoldred, Whispering One, Elesh Norn, Grand Cenobite, Jin-Gitaxias, Core Augur, Vorinclex, Voice of Hunger, Urabrask the Hidden"
Phyrexian Praetors: Compleat Edition Foil Edition,Secret Lair Drop,Other,SLD,2021-10-29,50.58,"Sheoldred, Whispering One, Elesh Norn, Grand Cenobite, Jin-Gitaxias, Core Augur, Vorinclex, Voice of Hunger, Urabrask the Hidden"
Pick 'em & Stick 'em,Secret Lair Drop,Other,SLD,2025-03-25,90.94,"Clever Impersonator, Hedron Crab, Pitiless Plunderer, Thalia, Heretic Cathar, Sticker sheet"
Pick 'em & Stick 'em Foil Edition,Secret Lair Drop,Other,SLD,2025-03-25,90.94,"Clever Impersonator, Hedron Crab, Pitiless Plunderer, Thalia, Heretic Cathar, Sticker sheet"
Pictures of the Floating World,Secret Lair Drop,Other,SLD,2022-07-22,43.58,"Mosswort Bridge, Spinerock Knoll, Windbrisk Heights, Shelldock Isle, Howltooth Hollow"
Pictures of the Floating World Foil Edition,Secret Lair Drop,Other,SLD,2022-07-22,43.58,"Mosswort Bridge, Spinerock Knoll, Windbrisk Heights, Shelldock Isle, Howltooth Hollow"
Pirates,Jumpstart,Other,FDN,2024-11-15,0.0,"Eaten by Piranhas, Brineborn Cutthroat, Tolarian Terror, Spectral Sailor, Island"
Pirates (1),Jumpstart,Other,JMP,2020-07-17,1.41,"Coastal Piracy, Corsair Captain, Spectral Sailor, Thriving Isle, Island"
Pirates (2),Jumpstart,Other,JMP,2020-07-17,0.0,"Curious Obsession, Capture Sphere, Corsair Captain, Spectral Sailor, Thriving Isle"
Pixel Perfect,Secret Lair Drop,Other,SLD,2024-10-15,103.89,"Fierce Guardianship, Delayed Blast Fireball, Mana Geyser, Lightning Bolt"
Pixel Perfect Foil Edition,Secret Lair Drop,Other,SLD,2024-10-15,103.89,"Fierce Guardianship, Delayed Blast Fireball, Mana Geyser, Lightning Bolt"
PixelLands_v02.jpg,Secret Lair Drop,Other,SLD,2023-11-30,109.56,"Island, Swamp, Mountain, Forest, Plains"
PixelLands_v02.jpg Foil Edition,Secret Lair Drop,Other,SLD,2023-11-30,109.56,"Island, Swamp, Mountain, Forest, Plains"
PixelSnowLands.jpg,Secret Lair Drop,Other,SLD,2022-05-06,84.29,"Snow-Covered Swamp, Snow-Covered Island, Snow-Covered Forest, Snow-Covered Plains, Snow-Covered Mountain"
PixelSnowLands.jpg Foil Edition,Secret Lair Drop,Other,SLD,2022-05-06,84.29,"Snow-Covered Swamp, Snow-Covered Island, Snow-Covered Forest, Snow-Covered Plains, Snow-Covered Mountain"
PixelSnowLands.jpg Foil Etched Edition,Secret Lair Drop,Other,SLD,2022-05-06,84.29,"Snow-Covered Swamp, Snow-Covered Island, Snow-Covered Forest, Snow-Covered Plains, Snow-Covered Mountain"
Planar Chaos Foil Redemption,MTGO Redemption,Other,PLC,2007-03-04,1714.14,"Urborg, Tomb of Yawgmoth, Simian Spirit Guide, Damnation, Keen Sense, Temporal Extortion"
Planar Chaos Redemption,MTGO Redemption,Other,PLC,2007-03-04,1714.14,"Urborg, Tomb of Yawgmoth, Simian Spirit Guide, Damnation, Keen Sense, Temporal Extortion"
Planechase Anthology Planes,Box Set,Other,PCA,2016-11-25,309.89,"Tazeem, Goldmeadow, Izzet Steam Maze, Bant, Stairs to Infinity"
Planeshift Foil Redemption,MTGO Redemption,Other,PLS,2001-03-07,3994.48,"Orim's Chant, Diabolic Intent, Meddling Mage, Eladamri's Call, Lord of the Undead"
Planeshift Redemption,MTGO Redemption,Other,PLS,2001-03-07,3994.48,"Orim's Chant, Diabolic Intent, Meddling Mage, Eladamri's Call, Lord of the Undead"
Play-Doh: Squishful Thinking,Secret Lair Drop,Other,SLD,2025-10-06,57.41,"Academy Manufactor, Polyraptor, Greensleeves, Maro-Sorcerer, Wurmcoil Engine"
Play-Doh: Squishful Thinking Foil Edition,Secret Lair Drop,Other,SLD,2025-10-06,57.41,"Academy Manufactor, Polyraptor, Greensleeves, Maro-Sorcerer, Wurmcoil Engine"
Player A's advanced pack,Advanced Pack,Other,S00,2000-04-24,0.0,"Forest, Swamp, Mountain, Swamp, Forest"
Player A's deck,Starter Deck,Other,S00,2000-04-24,0.0,"Mountain, Monstrous Growth, Forest, Swamp, Mountain"
Player B's advanced pack,Advanced Pack,Other,S00,2000-04-24,2.58,"Counterspell, Island, Island, Island, Plains"
Player B's deck,Starter Deck,Other,S00,2000-04-24,0.0,"Island, Island, Island, Island, Plains"
Plus One (1),Jumpstart,Other,JMP,2020-07-17,0.0,"Invigorating Surge, Primeval Bounty, Pridemalkin, Trufflesnout, Wildwood Scourge"
Plus One (2),Jumpstart,Other,JMP,2020-07-17,8.2,"Branching Evolution, Invigorating Surge, Pridemalkin, Trufflesnout, Wildwood Scourge"
Plus One (3),Jumpstart,Other,JMP,2020-07-17,0.0,"Invigorating Surge, Pridemalkin, Trufflesnout, Rishkar, Peema Renegade, Inspiring Call"
Plus One (4),Jumpstart,Other,JMP,2020-07-17,11.18,"Branching Evolution, Champion of Lambholt, Invigorating Surge, Pridemalkin, Trufflesnout"
Poker Faces,Secret Lair Drop,Other,SLD,2024-05-30,44.77,"Professional Face-Breaker, Goblin King, Rankle, Master of Pranks, Jaxis, the Troublemaker, Coffin Queen"
Poker Faces Foil Edition,Secret Lair Drop,Other,SLD,2024-05-30,44.77,"Professional Face-Breaker, Goblin King, Rankle, Master of Pranks, Jaxis, the Troublemaker, Coffin Queen"
Political Trickery,Game Night Deck,Other,GN3,2022-10-14,20.52,"Maeve, Insidious Singer, Counterspell, Split Decision, Diluvian Primordial, Murmuring Mystic"
Ponies: The Galloping,Box Set,Other,PTG,2019-10-22,416.12,"Princess Twilight Sparkle, Rarity, Nightmare Moon // Princess Luna"
Ponies: The Galloping 2,Secret Lair Drop,Other,SLD,2024-03-14,187.29,"Rainbow Dash, Pinkie Pie, Fluttershy, Applejack"
Ponies: The Galloping 2 Foil Edition,Secret Lair Drop,Other,SLD,2024-03-14,187.29,"Rainbow Dash, Pinkie Pie, Fluttershy, Applejack"
Post Malone: Backstage Pass,Secret Lair Drop,Other,SLD,2022-12-05,65.08,"Bolas's Citadel, K'rrik, Son of Yawgmoth, Jet Medallion, Leshrac's Sigil"
Post Malone: Backstage Pass Foil Edition,Secret Lair Drop,Other,SLD,2022-12-05,65.08,"Bolas's Citadel, K'rrik, Son of Yawgmoth, Jet Medallion, Leshrac's Sigil"
Post Malone: The Lands,Secret Lair Drop,Other,SLD,2022-12-05,64.88,"Swamp, Island, Forest, Plains, Mountain"
Post Malone: The Lands Foil Edition,Secret Lair Drop,Other,SLD,2022-12-05,64.88,"Swamp, Island, Forest, Plains, Mountain"
Power,Clash Pack,Other,FRF,2015-01-23,29.91,"Merciless Executioner, Monastery Siege, Murderous Cut, Opulent Palace, Treasure Cruise"
Power and Profit,Clash Pack,Other,FRF,2015-01-23,69.06,"Whip of Erebos, Nyx Weaver, Merciless Executioner, Eidolon of Blossoms, Monastery Siege"
Power of Prophecy,Intro Pack,Other,M11,2010-07-16,42.86,"Plains, Crystal Ball, Stormtide Leviathan, Augury Owl, Island"
Power to the People,Arena Starter Deck,Other,OTJ,2024-07-08,49.23,"Delney, Streetwise Lookout, Shadowy Backstreet, Deep-Cavern Bat, Expel the Interlopers, Rankle's Prank"
Powerful (1),Jumpstart,Other,TLE,2025-11-20,2.46,"Fang, Roku's Companion, Mountain, Thriving Bluff, Iroh's Demonstration, Uncle Iroh"
Powerful (2),Jumpstart,Other,TLE,2025-11-20,2.46,"Fang, Roku's Companion, Mountain, Thriving Bluff, Hog-Monkey Rampage, Combustion Man"
Powerstones 1,Jumpstart,Other,BRO,2022-11-18,0.0,"Geology Enthusiast, Spotter Thopter, Stern Lesson, Urza, Powerstone Prodigy, Combat Courier"
Powerstones 2,Jumpstart,Other,BRO,2022-11-18,0.0,"Geology Enthusiast, Stern Lesson, Hulking Metamorph, Urza, Powerstone Prodigy, Combat Courier"
Precise,Jumpstart,Other,MSH,2026-06-26,0.0,"Hawkeye, Bowslinger, Stunning Shot, Sudden Strike, Plains, Colleen Wing, Street Samurai"
Preconstructed deck 1,Starter Deck,Other,S99,1999-07-12,0.0,"Swamp, Swamp, Forest, Mountain, Muck Rats"
Preconstructed deck 2,Starter Deck,Other,POR,1997-05-01,22.18,"Swamp, Swamp, Island, Forest, Island"
Predatory (1),Jumpstart,Other,JMP,2020-07-17,13.67,"Neyith of the Dire Hunt, Somberwald Stag, Trufflesnout, Sabertooth Mauler, Fungal Rebirth"
Predatory (2),Jumpstart,Other,JMP,2020-07-17,13.67,"Neyith of the Dire Hunt, Trufflesnout, Sabertooth Mauler, Fungal Rebirth, Irresistible Prey"
Predatory (3),Jumpstart,Other,JMP,2020-07-17,0.0,"Somberwald Stag, Trufflesnout, Sabertooth Mauler, Fungal Rebirth, Irresistible Prey"
Predatory (4),Jumpstart,Other,JMP,2020-07-17,3.6,"Momentous Fall, Trufflesnout, Sabertooth Mauler, Fungal Rebirth, Irresistible Prey"
Presence of Mind,Intro Pack,Other,M10,2009-07-17,30.06,"Telepathy, Negate, Zephyr Sprite, Wall of Frost, Island"
Pressure Cooker,Theme Deck,Other,ODY,2001-10-01,518.37,"Cabal Pit, Braids, Cabal Minion, Innocent Blood, Mountain, Mountain"
"Preston Poulter, Semifinalist",Pro Tour Deck,Other,PTC,1996-05-01,113.74,"Sylvan Library, Land Tax, Strip Mine, Mishra's Factory, Armageddon"
Price Of Glory,Intro Pack,Other,M15,2014-07-18,12.39,"Mass Calcify, Sign in Blood, Resolute Archangel, Staff of the Death Magus, Sungrace Pegasus"
Pride Across the Multiverse,Secret Lair Drop,Other,SLD,2022-08-05,161.9,"Mana Confluence, Bearscape, Sol Ring, Collective Voyage, Savor the Moment"
Pride Across the Multiverse Foil Edition,Secret Lair Drop,Other,SLD,2022-08-05,161.9,"Mana Confluence, Bearscape, Sol Ring, Collective Voyage, Savor the Moment"
Prideful,Jumpstart,Other,J25,2024-11-07,7.34,"Brimaz, King of Oreskos, King of the Pride, Thriving Heath, Leonin Vanguard, Dawnwing Marshal"
Priestess,Shandalar Enemy Deck,Other,PAST,1997-04-01,56.49,"Spirit Link, Elder Land Wurm, Swords to Plowshares, Fortified Area, Blessing"
Primal,Jumpstart,Other,FDN,2024-11-15,0.0,"Bear Cub, Aggressive Mammoth, Druid of the Cowl, Wildwood Scourge, Bite Down"
Primal Fury,Arena Starter Deck,Other,M19,2018-09-27,51.25,"Silverclad Ferocidons, Rootbound Crag, Knight of the Stampede, Banefire, Carnage Tyrant"
Primates,Jumpstart,Other,J22,2022-12-02,26.64,"Kibo, Uktabi Prince, Ram Through, Monkey Cage, Uktabi Orangutan, Cultivate"
Prime Slime,Secret Lair Drop,Other,SLD,2020-08-17,40.33,"Necrotic Ooze, The Mimeoplasm, Scavenging Ooze, Acidic Slime, Voidslime"
Primordial Hunger,Planechase Deck,Other,PC2,2012-06-01,19.03,"Mycoloth, Nullmage Advocate, Thromok the Insatiable, Khalni Garden, Skarrg, the Rage Pits"
Primordial Jund,Intro Pack,Other,ALA,2008-10-03,35.21,"Mycoloth, Swamp, Forest, Forest, Mountain"
Prints Charming,Secret Lair Drop,Other,SLD,2026-02-03,94.74,"Nature's Lore, Dryad Arbor, Skyshroud Claim, Wood Elves"
Prints Charming Foil Edition,Secret Lair Drop,Other,SLD,2026-02-03,94.74,"Nature's Lore, Dryad Arbor, Skyshroud Claim, Wood Elves"
Prints of Darkness,Secret Lair Drop,Other,SLD,2024-07-10,109.66,"Dictate of Erebos, Mayhem Devil, Prossh, Skyraider of Kher, Moldervine Reclamation, Fecundity"
Prints of Darkness Foil Edition,Secret Lair Drop,Other,SLD,2024-07-10,109.66,"Dictate of Erebos, Mayhem Devil, Prossh, Skyraider of Kher, Moldervine Reclamation, Fecundity"
Prismat,Shandalar Enemy Deck,Other,PAST,1997-04-01,9377.87,"Mox Pearl, Mox Emerald, Mox Ruby, Mountain, Sol Ring"
Prismatic Nightmares,Secret Lair Drop,Other,SLD,2024-02-23,104.51,"Simian Spirit Guide, Rain of Filth, Arcane Denial, Nightscape Familiar, Prince of Thralls"
Prismatic Nightmares Foil Edition,Secret Lair Drop,Other,SLD,2024-02-23,193.57,"Simian Spirit Guide, Rain of Filth, Nightscape Familiar, Arcane Denial, Prince of Thralls"
Profit,Clash Pack,Other,FRF,2015-01-23,49.4,"Whip of Erebos, Nyx Weaver, Eidolon of Blossoms, Grim Guardian, Doomwake Giant"
Progress 1,Jumpstart,Other,ONE,2023-02-10,0.0,"Thrummingbird, Serum Sovereign, Serum Snare, The Surgical Bay, Island"
Progress 2,Jumpstart,Other,ONE,2023-02-10,0.0,"Experimental Augury, Thrummingbird, Serum Sovereign, Bring the Ending, Myr Custodian"
Psychic Labyrinth,Intro Pack,Other,M14,2013-07-19,8.26,"Archaeomancer, Clone, Warden of Evos Isle, Coral Merfolk, Island"
Pulverize,Theme Deck,Other,SCG,2003-05-26,174.44,"Pyrostatic Pillar, Parallel Thoughts, Island, Slice and Dice, Mischievous Quanar"
Pummel,Theme Deck,Other,PCY,2000-06-05,562.27,"Hickory Woodlot, Spore Frog, Skyshroud Claim, Avatar of Might, Blastoderm"
Pumped Up,Intro Pack,Other,ZEN,2009-10-02,28.09,"Rite of Replication, Burst Lightning, Hellkite Charger, Into the Roil, Fireball"
Purr Majesty,Secret Lair Drop,Other,SLD,2026-06-16,126.27,"Queen Marchesa, Ruinous Ultimatum, Court of Grace, Windborn Muse, Reverent Mantra"
Purr Majesty Foil Edition,Secret Lair Drop,Other,SLD,2026-06-16,126.27,"Queen Marchesa, Ruinous Ultimatum, Court of Grace, Windborn Muse, Reverent Mantra"
Purrfection,Secret Lair Drop,Other,SLD,2021-10-22,359.61,"Kodama's Reach, Heirloom Blade, Generous Gift, Chain Lightning"
Purrfection Foil Edition,Secret Lair Drop,Other,SLD,2021-10-22,359.61,"Kodama's Reach, Heirloom Blade, Generous Gift, Chain Lightning"
Pym Particles,Jumpstart,Other,MSH,2026-06-26,0.0,"Wasp, Shrinking Savior, Pym Particles, Ant-Man, Reformed Rogue, Ant-Man's Air Force, Island"
Queltosh,Shandalar Enemy Deck,Other,PAST,1997-04-01,8373.58,"Ancestral Recall, Candelabra of Tawnos, Mountain, Land Tax, Eye for an Eye"
Radiant's Revenge,Theme Deck,Other,ULG,1999-02-15,344.77,"Mother of Runes, Ring of Gix, Miscalculation, Raven Familiar, Urza's Blueprints"
Radiant's Revenge - Enhanced Deck,Enhanced Deck,Other,ULG,1999-02-15,646.41,"Palinchron, Faerie Conclave, Miscalculation, Reflecting Pool, Forbidding Watchtower"
Raid 1,Jumpstart,Other,J22,2022-12-02,0.0,"Raze the Effigy, Daring Piracy, Thriving Bluff, Kari Zev, Skyship Raider, Goblin Oriflamme"
Raid 2,Jumpstart,Other,J22,2022-12-02,11.66,"Glint-Horn Buccaneer, Daring Piracy, Bag of Holding, Thriving Bluff, Plundering Predator"
Raid 3,Jumpstart,Other,J22,2022-12-02,2.93,"Brazen Cannonade, Daring Piracy, Thriving Bluff, Plundering Predator, Mountain"
Raid 4,Jumpstart,Other,J22,2022-12-02,2.93,"Brazen Cannonade, Daring Piracy, Brazen Wolves, Thriving Bluff, Plundering Predator"
Rainbow,Jumpstart,Other,JMP,2020-07-17,1.14,"Maelstrom Archangel, Swamp, Alloy Myr, Plains, Terramorphic Expanse"
Rakdos,Guild Kit,Other,GK2,2019-02-15,33.55,"Utvara Hellkite, Rakdos, Lord of Riots, Master of Cruelties, Spawn of Mayhem, Rakdos Signet"
Rakdos Bloodsport,Theme Deck,Other,DIS,2006-05-05,42.9,"Lyzolda, the Blood Witch, Rakdos Signet, Seal of Fire, Rix Maadi, Dungeon Palace, Ignorant Bliss"
Rakdos Raid,Intro Pack,Other,RTR,2012-10-05,9.85,"Tormented Soul, Shrieking Affliction, Mountain, Assassin's Strike, Blood Reckoning"
Rakdos Revelry,Intro Pack,Other,DGM,2013-05-03,4.85,"Guttersnipe, Havoc Festival, Mountain, Swamp, Carnage Gladiator"
Rakdos Vampires,Challenger Deck,Other,Q07,2022-04-01,17.55,"Blightstep Pathway // Searstep Pathway, Henrika Domnathi // Henrika, Infernal Seer, Swamp, Florian, Voldaren Scion, Den of the Bugbear"
"Ral, Caller of Storms",Planeswalker Deck,Other,GRN,2018-10-05,2.53,"Mountain, Ral, Caller of Storms, Island, Goblin Electromancer, Hellkite Whelp"
Rally and Rout,Event Deck,Other,GTC,2013-02-22,47.17,"Boros Charm, Champion of the Parish, Thalia, Guardian of Thraben, Clifftop Retreat, Slayers' Stronghold"
Rallying Cry,Intro Pack,Other,BFZ,2015-10-02,19.51,"Hero of Goma Fada, Evolving Wilds, Angel of Renewal, Expedition Envoy, Angelic Captain"
Rampaging,Jumpstart,Other,MSH,2026-06-26,2.58,"Bushmaster, Coiled Henchman, Rhino, Terrible Trampler, Claim the Kingdom, Forest, Rhino's Rampage"
"Randy Buehler - Draw, Go",World Championship Deck,Other,WC98,1998-08-12,12.66,"Mana Leak, Island, Memory Lapse, Counterspell, Island"
Raphael,Theme Deck,Other,TMT,2026-03-06,3.52,"Raphael, Tag Team Tough, Skateboard, Casey Jones, Asphalt Hooligan, Casey & Raph, Hotheads, Raphael, Tough Turtle"
Raphael Levy - Le Wonder Goose,World Championship Deck,Other,WC02,2002-08-14,56.09,"Yavimaya Coast, Island, Mental Note, Careful Study, Island"
Rapid Fire,Intro Pack,Other,WWK,2010-02-05,48.54,"Chain Reaction, Kor Skyfisher, Searing Blaze, Ruin Ghost, Armored Ascension"
Rats,Jumpstart,Other,J22,2022-12-02,41.9,"Ashcoat of the Shadow Swarm, Infiltration Lens, Crypt Rats, Ogre Slumlord, Typhoid Rats"
Rats' Nest,Theme Deck,Other,BOK,2005-02-04,541.99,"Umezawa's Jitte, Shuko, Throat Slitter, Okiba-Gang Shinobi, Skullsnatcher"
Ravaging Swarm,Intro Pack,Other,NPH,2011-05-13,116.69,"Inexorable Tide, Viral Drake, Blighted Agent, Forest, Corrupted Conscience"
Ravenous Rats,Theme Deck,Other,PSAL,2005-08-01,0.0,"Swamp, Swamp, Swamp, Swamp, Swamp"
Ravnica Allegiance Bundle Land Pack,Bundle Land Pack,Other,RNA,2019-01-25,7.5,"Mountain, Mountain, Swamp, Swamp, Island"
Ravnica Allegiance Foil Redemption,MTGO Redemption,Other,RNA,2019-02-24,371.51,"Smothering Tithe, Prime Speaker Vannifar, Blood Crypt, Biomancer's Familiar, Hallowed Fountain"
Ravnica Allegiance Redemption,MTGO Redemption,Other,RNA,2019-02-24,371.51,"Smothering Tithe, Prime Speaker Vannifar, Blood Crypt, Biomancer's Familiar, Hallowed Fountain"
Ravnica Fat Pack Land Pack,Bundle Land Pack,Other,RAV,2005-10-07,0.0,"Plains, Plains, Swamp, Mountain, Forest"
Ravnica: City of Guilds Foil Redemption,MTGO Redemption,Other,RAV,2005-11-06,2102.12,"Watery Grave, Doubling Season, Overgrown Tomb, Life from the Loam, Temple Garden"
Ravnica: City of Guilds Redemption,MTGO Redemption,Other,RAV,2005-11-06,2102.12,"Watery Grave, Doubling Season, Overgrown Tomb, Life from the Loam, Temple Garden"
Read the Fine Print,Secret Lair Drop,Other,SLD,2022-01-28,39.59,"Razaketh, the Foulblooded, Griselbrand, Liliana's Contract, Demonlord Belzenlok, Kothophed, Soul Hoarder"
Read the Fine Print Foil Edition,Secret Lair Drop,Other,SLD,2022-01-28,39.59,"Razaketh, the Foulblooded, Griselbrand, Liliana's Contract, Demonlord Belzenlok, Kothophed, Soul Hoarder"
Read the Fine Print Foil Etched Edition,Secret Lair Drop,Other,SLD,2022-01-28,53.11,"Razaketh, the Foulblooded, Griselbrand, Liliana's Contract, Demonlord Belzenlok, Kothophed, Soul Hoarder"
Ready to Attack,Jumpstart,Other,DMU,2022-09-09,2.94,"Mountain, Twinferno, Ragefire Hellkite, Electrostatic Infantry, Phoenix Chick"
Ready to Charge,Jumpstart,Other,DMU,2022-09-09,2.94,"Mountain, Twinferno, Ragefire Hellkite, Electrostatic Infantry, Yavimaya Steelcrusher"
Reality Fracture,Theme Deck,Other,TSP,2006-10-06,346.83,"Claws of Gix, Whispers of the Muse, Clockspinning, Deep-Sea Kraken, Grapeshot"
Reanimated (1),Jumpstart,Other,JMP,2020-07-17,10.73,"Reanimate, Swamp, Swamp, Archfiend's Vessel, Crypt Lurker"
Reanimated (2),Jumpstart,Other,JMP,2020-07-17,10.73,"Reanimate, Swamp, Swamp, Crypt Lurker, Goremand"
Reanimated (3),Jumpstart,Other,JMP,2020-07-17,8.41,"Exhume, Scourge of Nel Toth, Swamp, Swamp, Crypt Lurker"
Reanimated (4),Jumpstart,Other,JMP,2020-07-17,6.61,"Rise of the Dark Realms, Swamp, Swamp, Crypt Lurker, Goremand"
Rebel Armory,Arena Starter Deck,Other,LTR,2023-06-20,11.33,"Nahiri, Forged in Fury, Danitha, Benalia's Hope, Battlefield Forge, Astor, Bearer of Blades, Rhuk, Hexgold Nabber"
Rebel's Call,Theme Deck,Other,MMQ,1999-10-04,181.12,"Cho-Manno, Revolutionary, Ramosian Sergeant, Disenchant, Fountain of Cho, Ramosian Sky Marshal"
Rebel's Call - Enhanced Deck,Enhanced Deck,Other,MMQ,1999-10-04,867.82,"Dust Bowl, Cave-In, Mother of Runes, Reverent Mantra, Avalanche Riders"
Rebelling (1),Jumpstart,Other,TLE,2025-11-20,14.53,"Longshot, Rebel Bowman, Smellerbee, Rebel Fighter, Zuko, Seeking Honor, Mountain, Thriving Bluff"
Rebelling (2),Jumpstart,Other,TLE,2025-11-20,17.39,"Longshot, Rebel Bowman, Overwhelming Victory, Smellerbee, Rebel Fighter, Zuko, Seeking Honor, Mountain"
Rebellious 1,Jumpstart,Other,ONE,2023-02-10,0.0,"Rhuk, Hexgold Nabber, Mountain, Mountain, Volt Charge, The Autonomous Furnace"
Rebellious 2,Jumpstart,Other,ONE,2023-02-10,0.0,"Rhuk, Hexgold Nabber, Mountain, Mountain, Blazing Crescendo, Prosthetic Injector"
Rebels Unite,Theme Deck,Other,FUT,2007-05-04,50.4,"Big Game Hunter, Dawn Charm, Terramorphic Expanse, Angel of Salvation, Return to Dust"
Red,Halfdeck,Other,UND,2020-02-28,0.0,"Goblin Tutor, Mountain, Scissors Lizard, Infinity Elemental, Krark's Other Thumb"
Red Burn,Deck Builder's Toolkit,Other,ORI,2015-07-17,6.66,"Monastery Swiftspear, Wild Slash, Arc Lightning, Twin Bolt, Mardu Scout"
Red Deck,Welcome Deck,Other,MSH,2026-06-26,17.45,"Spider-Man, Web-Spinner, Happy Hogan, Dauntless Driver, Smashing Spree, Quicksilver, Pietro Maximoff, Mountain"
Red Deck A,Sample Deck,Other,10E,2008-05-02,11.24,"Horde of Boggarts, Mudbrawler Cohort, Raging Goblin, Mountain, Mountain"
Red Deck B,Sample Deck,Other,M11,2010-07-16,18.82,"Quest for the Goblin Lord, Forked Bolt, Mountain, Mountain, Mountain"
Red Green Monstrosity,Deck Builder's Toolkit,Other,M15,2014-07-18,1.66,"Market Festival, Fall of the Hammer, Ill-Tempered Cyclops, Peregrination, Ancient Silverback"
Red Sample Deck,Sample Deck,Other,M15,2014-07-18,0.0,"Mountain, Foundry Street Denizen, Paragon of Fierce Defiance, Mountain, Mountain"
Red White Auras,Deck Builder's Toolkit,Other,M15,2014-07-18,3.8,"Heliod's Pilgrim, Vanguard of Brimaz, Akroan Crusader, Brood Keeper, Chosen by Heliod"
Red and Black Pirates,Deck Builder's Toolkit,Other,XLN,2017-09-29,1.02,"March of the Drowned, Lightning-Rig Crew, Fiery Cannonade, Dire Fleet Captain, Kitesail Freebooter"
Red and Colorless Artifacts,Deck Builder's Toolkit,Other,AKH,2017-04-28,5.03,"Servo Schematic, Implement of Combustion, Fireforger's Puzzleknot, Watchers of the Dead, Inventor's Apprentice"
Red and Colorless RampLandfall,Deck Builder's Toolkit,Other,SOI,2016-04-08,13.91,"Bane of Bala Ged, Scour from Existence, Hedron Crawler, Hedron Archive, Embodiment of Fury"
Red and Green Aggro,Deck Builder's Toolkit,Other,AKH,2017-04-28,1.17,"Cartouche of Strength, Ahn-Crop Crasher, Crocodile of the Crossing, Cartouche of Zeal, Trial of Strength"
Red and Green Dinosaurs,Deck Builder's Toolkit,Other,XLN,2017-09-29,9.34,"Ranging Raptors, Raging Swordtooth, Charging Monstrosaur, Raptor Hatchling, Atzocan Archer"
Red and Green Landfall,Deck Builder's Toolkit,Other,SOI,2016-04-08,0.0,"Retreat to Valakut, Brute Strength, Blighted Gorge, Territorial Baloth, Lightning Axe"
Red and Green Wolves,Deck Builder's Toolkit,Other,KLD,2016-09-30,2.41,"Blossoming Defense, Ulrich's Kindred, Pack Guardian, Wolfkin Bond, Lightning Axe"
Red and White,Deck Builder's Toolkit,Other,KLD,2016-09-30,0.0,"Cathartic Reunion, Fairgrounds Warden, Steadfast Cathar, Make Mischief, Spiteful Motives"
Red and White Aggro,Deck Builder's Toolkit,Other,AKH,2017-04-28,3.56,"Cartouche of Solidarity, Ahn-Crop Crasher, Cartouche of Zeal, Honored Crop-Captain, Rhet-Crop Spearmaster"
Red and White Dinosaurs,Deck Builder's Toolkit,Other,XLN,2017-09-29,5.48,"Kinjalli's Caller, Charging Monstrosaur, Sky Terror, Dinosaur Stampede, Imperial Aerosaur"
Red-Black Demo Deck,Demo Deck,Other,8ED,2003-07-28,15.68,"Mountain, Mountain, Swamp, Swamp, Goblin Raider"
Red-Green Aggression,Deck Builder's Toolkit,Other,M14,2013-07-19,3.41,"Kalonian Tusker, Gruul War Chant, Skarrg Guildmage, Ghor-Clan Rampager, Advocate of the Beast"
Red-Green Aggro,Deck Builder's Toolkit,Other,ROE,2010-05-21,1.19,"Summit Apes, Borderland Ranger, Goblin Shortcutter, Bestial Menace, Trusty Machete"
Red-White,Starter Kit,Other,FIN,2025-06-13,7.98,"Ultima Weapon, Rosa, Resolute White Mage, Cloud, Planet's Champion, Beatrix, Loyal General, Freya Crescent"
Red-White Deck,Spellslinger Starter Kit,Other,M19,2018-10-05,5.65,"Lightning Strike, Charging Monstrosaur, Sky Terror, Goblin Motivator, Demanding Dragon"
Red-White Swarm,Deck Builder's Toolkit,Other,M14,2013-07-19,0.0,"Wojek Halberdiers, Viashino Firstblade, Truefire Paladin, Righteous Charge, Skyknight Legionnaire"
Reign of Vampirism,Intro Pack,Other,M11,2010-07-16,47.81,"Royal Assassin, Viscera Seer, Cultivate, Captivating Vampire, Diabolic Tutor"
Reinforced (1),Jumpstart,Other,TLE,2025-11-20,1.43,"Zuko, Seeking Honor, Feed the Swarm, Fire Nation Salvagers, Swamp, Thriving Moor"
Reinforced (2),Jumpstart,Other,TLE,2025-11-20,1.43,"Zuko, Seeking Honor, Fire Nation Salvagers, Swamp, Thriving Moor, Elephant-Rat"
Reinforcement 1,Jumpstart,Other,MOM,2023-04-20,12.49,"Orthion, Hero of Lavabrink, Axgard Artisan, Volcanic Spite, Mountain, Ral's Reinforcements"
Reinforcement 2,Jumpstart,Other,MOM,2023-04-20,12.49,"Orthion, Hero of Lavabrink, Axgard Artisan, Volcanic Spite, Mountain, Redcap Heelslasher"
Relentless (1),Jumpstart,Other,TLE,2025-11-20,4.67,"Fire Nation Occupation, Ruthless Waterbender, Swamp, Thriving Moor, Purple Pentapus"
Relentless (2),Jumpstart,Other,TLE,2025-11-20,3.06,"Fire Nation Occupation, Swamp, Thriving Moor, Azula, On the Hunt, Joo Dee, One of Many"
Relentless Dead,Intro Pack,Other,DKA,2012-02-03,38.6,"Endless Ranks of the Dead, Diregraf Captain, Swamp, Island, Swamp"
Relentless Rush,Intro Pack,Other,DTK,2015-03-27,12.84,"Impact Tremors, Foul-Tongue Shriek, Mountain, Tormenting Voice, Duress"
Relic Breaker,Intro Pack,Other,SOM,2010-10-01,83.39,"Asceticism, Viridian Revel, Forest, Iron Myr, Copper Myr"
Relics of Doom,Theme Deck,Other,PS11,2011-01-01,0.0,"Island, Island, Island, Island, Swamp"
Repeat Performance,Event Deck,Other,M13,2012-08-03,127.95,"Green Sun's Zenith, Razorverge Thicket, Stonehorn Dignitary, Avacyn's Pilgrim, Arbor Elf"
Repel the Dark,Intro Pack,Other,ISD,2011-09-30,15.66,"Avacyn's Pilgrim, Bramblecrush, Fiend Hunter, Forest, Plains"
Replicator,Theme Deck,Other,NEM,2000-02-14,269.57,"Saproling Burst, Blastoderm, Invigorate, Bog Witch, Saproling Cluster"
Replicator - Enhanced Deck,Enhanced Deck,Other,NEM,2000-02-14,328.37,"Treetop Village, Rancor, Collective Unconscious, Vine Trellis, Spontaneous Generation"
Restless in Peace,Secret Lair Drop,Other,SLD,2019-12-05,30.53,"Life from the Loam, Bloodghast, Golgari Thug"
Return to Mystical Archive,Secret Lair Drop,Other,SLD,2026-05-12,33.86,"Spell Pierce, Abrade, Shared Roots, Zombify, Duty Beyond Death"
Return to Mystical Archive Foil Edition,Secret Lair Drop,Other,SLD,2026-05-12,33.86,"Spell Pierce, Abrade, Shared Roots, Zombify, Duty Beyond Death"
Return to Ravnica Fat Pack Land Pack,Bundle Land Pack,Other,RTR,2012-10-05,0.0,"Mountain, Forest, Swamp, Forest, Island"
Return to Ravnica Foil Redemption,MTGO Redemption,Other,RTR,2012-11-04,536.93,"Cyclonic Rift, Deathrite Shaman, Blood Crypt, Steam Vents, Rakdos Charm"
Return to Ravnica Holiday Gift Box Land Pack,Bundle Land Pack,Other,RTR,2012-11-16,0.0,"Mountain, Forest, Swamp, Island, Swamp"
Return to Ravnica Redemption,MTGO Redemption,Other,RTR,2012-11-04,536.93,"Cyclonic Rift, Deathrite Shaman, Blood Crypt, Steam Vents, Rakdos Charm"
Returned,Jumpstart,Other,MSH,2026-06-26,5.74,"Undead Hand Ninja, Grim Reaper's Scythe, Songbird, Sonic Screamer, Swamp, Minion Missile"
Ride Like the Wind,MTGO Theme Deck,Other,MIR,2006-12-05,2.51,"Mountain, Plains, Telim'Tor, Mountain, Mountain"
Riders 1,Jumpstart,Other,LTR,2023-11-03,9.7,"Riders of the Mark, Rising of the Day, Rally at the Hornburg, Mountain, Mountain"
Riders 2,Jumpstart,Other,LTR,2023-11-03,8.6,"Riders of the Mark, Rally at the Hornburg, Mountain, Mountain, Fear, Fire, Foes!"
Rise of the Eldrazi Fat Pack Land Pack,Bundle Land Pack,Other,ROE,2010-04-23,39.75,"Island, Swamp, Forest, Island, Forest"
Rise of the Eldrazi Foil Redemption,MTGO Redemption,Other,ROE,2010-05-23,2074.01,"Emrakul, the Aeons Torn, Kozilek, Butcher of Truth, Ulamog, the Infinite Gyre, Nirkana Revenant, Linvala, Keeper of Silence"
Rise of the Eldrazi Redemption,MTGO Redemption,Other,ROE,2010-05-23,2074.01,"Emrakul, the Aeons Torn, Kozilek, Butcher of Truth, Ulamog, the Infinite Gyre, Nirkana Revenant, Linvala, Keeper of Silence"
Rise of the Vampires,Intro Pack,Other,ZEN,2009-10-02,49.85,"Blood Tribute, Malakir Bloodwitch, Diabolic Tutor, Vampire Nighthawk, Vampire's Bite"
Rituals of Rebirth,Theme Deck,Other,PLC,2007-02-02,276.79,"Essence Warden, Wall of Roots, Rebuff the Wicked, Teneb, the Harvester, Harmonize"
Rivals of Ixalan Bundle Land Pack,Bundle Land Pack,Other,RIX,2018-01-19,11.46,"Swamp, Mountain, Forest, Island, Plains"
Rivals of Ixalan Foil Redemption,MTGO Redemption,Other,RIX,2018-02-18,386.71,"Nezahal, Primal Tide, Polyraptor, The Immortal Sun, Pitiless Plunderer, Storm the Vault // Vault of Catlacan"
Rivals of Ixalan Redemption,MTGO Redemption,Other,RIX,2018-02-18,386.71,"Nezahal, Primal Tide, Polyraptor, The Immortal Sun, Pitiless Plunderer, Storm the Vault // Vault of Catlacan"
River Heralds,Theme Deck,Other,E02,2017-11-24,29.28,"Time Warp, Soul of the Harvest, Tempest Caller, Rancor, Island"
Rogues (1),Jumpstart,Other,JMP,2020-07-17,0.0,"Swamp, Rogue's Gloves, Thieves' Guild Enforcer, Alchemist's Gift, Oona's Blackguard"
Rogues (2),Jumpstart,Other,JMP,2020-07-17,0.0,"Swamp, Rogue's Gloves, Thieves' Guild Enforcer, Alchemist's Gift, Oona's Blackguard"
Roku,Jumpstart,Other,TLE,2025-11-20,16.37,"Avatar Roku, Firebender, Fang, Roku's Companion, Frantic Confrontation, Mountain, Thriving Bluff"
Rot from Within,Event Deck,Other,NPH,2011-06-10,186.79,"Green Sun's Zenith, Inkmoth Nexus, Mutagenic Growth, Ichorclaw Myr, Overgrown Battlement"
Rough and Tumble,Arena Starter Kit,Other,AFR,2021-08-06,1.24,"Evolving Wilds, Asmodeus the Archfiend, Oran-Rief Ooze, Scurrid Colony, Black Dragon"
Rough and Tumble Amazon,Arena Starter Kit,Other,AFR,2021-08-06,1.24,"Evolving Wilds, Asmodeus the Archfiend, Oran-Rief Ooze, Scurrid Colony, Black Dragon"
"Rowan, Fearless Sparkmage",Planeswalker Deck,Other,ELD,2019-10-04,1.03,"Rowan, Fearless Sparkmage, Plains, Acclaimed Contender, Venerable Knight, Giant Killer // Chop Down"
Rule the Room,Secret Lair Drop,Other,SLD,2022-09-13,49.56,"Brimaz, King of Oreskos, Savra, Queen of the Golgari, Queen Marchesa, Arcanis the Omnipotent"
Rule the Room Foil Edition,Secret Lair Drop,Other,SLD,2022-09-13,49.56,"Brimaz, King of Oreskos, Savra, Queen of the Golgari, Queen Marchesa, Arcanis the Omnipotent"
Rumbler,Intro Pack,Other,ARB,2009-04-30,28.27,"Terramorphic Expanse, Forest, Forest, Mountain, Mountain"
Runaways,Jumpstart,Other,MSH,2026-06-26,42.16,"Nico Minoru, Runaway, Karolina Dean, Runaway, Hex Magic, Alex Wilder, Runaway, Mountain"
Rush of the Wild,Event Deck,Other,M14,2013-08-09,39.27,"Stomping Ground, Elvish Mystic, Rogue's Passage, Mizzium Mortars, Dryad Militant"
SDCC 2013 Black Planeswalkers,Box Set,Other,PSDC,2013-07-18,911.1,"Liliana of the Dark Realms, Ajani, Caller of the Pride, Chandra, Pyromaster, Jace, Memory Adept, Garruk, Caller of Beasts"
SDCC 2013 Planeswalker Set,San Diego Comic Con Promos,Other,PSDC,2013-07-18,911.1,"Liliana of the Dark Realms, Ajani, Caller of the Pride, Chandra, Pyromaster, Jace, Memory Adept, Garruk, Caller of Beasts"
SDCC 2014 Black Planeswalkers,Box Set,Other,PS14,2014-07-08,291.64,"Liliana Vess, Nissa, Worldwaker, Ajani Steadfast, Chandra, Pyromaster, Jace, the Living Guildpact"
SDCC 2014 Planeswalker Set,San Diego Comic Con Promos,Other,PS14,2014-07-24,291.64,"Liliana Vess, Nissa, Worldwaker, Ajani Steadfast, Chandra, Pyromaster, Jace, the Living Guildpact"
SDCC 2015 Black Planeswalkers,Box Set,Other,PS15,2015-07-09,476.48,"Liliana, Heretical Healer // Liliana, Defiant Necromancer, Jace, Vryn's Prodigy // Jace, Telepath Unbound, Chandra, Fire of Kaladesh // Chandra, Roaring Flame, Nissa, Vastwood Seer // Nissa, Sage Animist, Kytheon, Hero of Akros // Gideon, Battle-Forged"
SDCC 2015 Planeswalker Set,San Diego Comic Con Promos,Other,PS15,2015-07-09,476.48,"Liliana, Heretical Healer // Liliana, Defiant Necromancer, Jace, Vryn's Prodigy // Jace, Telepath Unbound, Chandra, Fire of Kaladesh // Chandra, Roaring Flame, Nissa, Vastwood Seer // Nissa, Sage Animist, Kytheon, Hero of Akros // Gideon, Battle-Forged"
SDCC 2016 Zombie Planeswalker Set,San Diego Comic Con Promos,Other,PS16,2016-07-21,109.17,"Liliana, the Last Hope, Chandra, Flamecaller, Jace, Unraveler of Secrets, Gideon, Ally of Zendikar, Nissa, Voice of Zendikar"
SDCC 2016 Zombie Planeswalkers,Box Set,Other,PS16,2016-10-01,109.17,"Liliana, the Last Hope, Chandra, Flamecaller, Jace, Unraveler of Secrets, Gideon, Ally of Zendikar, Nissa, Voice of Zendikar"
SDCC 2017 Egyptian Planeswalkers,Box Set,Other,PS17,2017-07-20,182.59,"Liliana, Death's Majesty, Nicol Bolas, God-Pharaoh, Chandra, Torch of Defiance, Jace, Unraveler of Secrets, Gideon of the Trials"
SDCC 2017 Planeswalker Set,San Diego Comic Con Promos,Other,PS17,2017-07-20,182.59,"Liliana, Death's Majesty, Nicol Bolas, God-Pharaoh, Chandra, Torch of Defiance, Jace, Unraveler of Secrets, Gideon of the Trials"
SDCC 2018 Planeswalker Set,San Diego Comic Con Promos,Other,PS18,2018-07-19,241.06,"Liliana, Untouched by Death, Chandra, Torch of Defiance, Nissa, Vital Force, Jace, Cunning Castaway, Gideon of the Trials"
SDCC 2018 Stained Glass Planeswalkers,Box Set,Other,PS18,2018-07-19,241.06,"Liliana, Untouched by Death, Chandra, Torch of Defiance, Nissa, Vital Force, Jace, Cunning Castaway, Gideon of the Trials"
Sacred Assault,Intro Pack,Other,M12,2011-07-15,32.69,"Spirit Mantle, Mesa Enchantress, Gladecover Scout, Lifelink, Aegis Angel"
Sacrifice,Deck Builder's Toolkit,Other,M14,2013-07-19,0.0,"Goblin Rally, Barrage of Expendables, Tenacious Dead, Act of Treason, Drainpipe Vermin"
Sacrificial Bam,Theme Deck,Other,MRD,2003-10-02,278.73,"Vault of Whispers, Great Furnace, Talisman of Indulgence, Myr Retriever, Iron Myr"
Sacrilege,Theme Deck,Other,TOR,2002-02-08,378.81,"Buried Alive, Ichorid, Tainted Field, Angel of Retribution, Putrid Imp"
Saddle Up,Arena Starter Deck,Other,OTJ,2024-07-08,15.01,"Lush Portico, Railway Brawler, Outcaster Trailblazer, Gruff Triplets, Ornery Tumblewagg"
Sainted One,Shandalar Enemy Deck,Other,PAST,1997-04-01,7362.83,"Mishra's Workshop, Mox Pearl, Bottle of Suleiman, Sol Ring, Armageddon"
Saltrem Tor,Shandalar Enemy Deck,Other,PAST,1997-04-01,307.5,"Mountain, Birds of Paradise, Whirling Dervish, Crimson Manticore, Unstable Mutation"
Sampler Booster,Welcome Booster,Other,9ED,2005-07-29,11.01,"Mountain, Forest, Island, Swamp, Plains"
Saproling Swarm,Arena Starter Deck,Other,M19,2018-09-27,20.95,"Tendershoot Dryad, Twilight Prophet, Poison-Tip Archer, Woodland Cemetery, Path of Discovery"
Sarkhan,Planeswalker Deck,Other,M19,2018-07-13,24.49,"Sarkhan, Dragonsoul, Thud, Lightning Strike, Goblin Motivator, Demanding Dragon"
Saturday Morning D&D,Secret Lair Drop,Other,SLD,2021-06-21,49.02,"Primal Vigor, Impact Tremors, Whir of Invention, Commander's Sphere, Unbreakable Formation"
Saturday Morning D&D Foil Edition,Secret Lair Drop,Other,SLD,2021-06-21,49.02,"Primal Vigor, Impact Tremors, Whir of Invention, Commander's Sphere, Unbreakable Formation"
Savage Auras,Planechase Deck,Other,PC2,2012-06-01,26.52,"Ghostly Prison, Kor Spiritdancer, Felidar Umbra, Spirit Mantle, Three Dreams"
Savage Lands,Jumpstart,Other,MSH,2026-06-26,48.66,"Devil Dinosaur, Sauron, Dino Devotee, Savage Lands, Commune with Dinosaurs, Forest"
Savage Salvagers,Arena Starter Deck,Other,LTR,2023-06-20,11.1,"Conduit of Worlds, Glissa Sunslayer, Llanowar Wastes, Shadow of the Enemy, Terror of Towashi"
Savage Stompdown,MTGO Theme Deck,Other,VIS,2006-04-10,44.16,"Natural Order, Mountain, Viashivan Dragon, Forest, Mountain"
Saviors of Kamigawa Foil Redemption,MTGO Redemption,Other,SOK,2005-07-03,2302.28,"Oboro Breezecaller, Erayo, Soratami Ascendant // Erayo's Essence, Twincast, Sakashima the Impostor, Oboro, Palace in the Clouds"
Saviors of Kamigawa Redemption,MTGO Redemption,Other,SOK,2005-07-03,2302.28,"Oboro Breezecaller, Erayo, Soratami Ascendant // Erayo's Essence, Twincast, Sakashima the Impostor, Oboro, Palace in the Clouds"
Scales of Fury,Theme Deck,Other,PS11,2011-01-01,0.0,"Forest, Forest, Forest, Forest, Mountain"
Scarlet,Jumpstart,Other,MSH,2026-06-26,69.76,"The Vision and Scarlet Witch, Wanda's Vision, Lightning Bolt, Hex Magic, Vision of Love"
Scars of Mirrodin Fat Pack Land Pack,Bundle Land Pack,Other,SOM,2010-10-01,36.21,"Forest, Swamp, Forest, Forest, Island"
Scars of Mirrodin Foil Redemption,MTGO Redemption,Other,SOM,2010-10-31,1683.73,"Mox Opal, Skithiryx, the Blight Dragon, Platinum Emperion, Contagion Engine, Grafted Exoskeleton"
Scars of Mirrodin Redemption,MTGO Redemption,Other,SOM,2010-10-31,1683.73,"Mox Opal, Skithiryx, the Blight Dragon, Platinum Emperion, Contagion Engine, Grafted Exoskeleton"
Scene Box,Box Set,Other,SPE,2025-09-26,22.99,"Green Goblin, Nemesis, Sensational Spider-Man, Venom, Deadly Devourer, Pumpkin Bombs, Grasping Tentacles"
Scorch The World With Dragonfire,Archenemy Deck,Other,ARC,2010-06-18,30.72,"Seething Song, Hellkite Charger, Thran Dynamo, Dragonspeaker Shaman, Taurean Mauler"
Scourge Foil Redemption,MTGO Redemption,Other,SCG,2003-06-25,3597.54,"Stifle, Brain Freeze, Siege-Gang Commander, Sliver Overlord, Decree of Justice"
Scourge Redemption,MTGO Redemption,Other,SCG,2003-06-25,3597.54,"Stifle, Brain Freeze, Siege-Gang Commander, Sliver Overlord, Decree of Justice"
Scout,Theme Deck,Other,PLS,2001-02-05,552.75,"Eladamri's Call, Rith's Grove, Thornscape Battlemage, Harrow, Fertile Ground"
Scrapyard Sacrifice,Arena Starter Deck,Other,LTR,2023-06-20,13.85,"Mishra, Claimed by Gix // Mishra, Lost to Phyrexia, Sulfurous Springs, Urabrask's Forge, Phyrexian Dragon Engine // Mishra, Lost to Phyrexia, Corrupted Conviction"
Scrying 1,Jumpstart,Other,J22,2022-12-02,9.97,"Kenessos, Priest of Thassa, Preordain, Cryptic Serpent, Faerie Seer, Biblioplex Kraken"
Scrying 2,Jumpstart,Other,J22,2022-12-02,9.97,"Kenessos, Priest of Thassa, Preordain, Cryptic Serpent, Condescend, Faerie Seer"
Sea Drake,Shandalar Enemy Deck,Other,PAST,1997-04-01,174.7,"Mana Vault, Island Fish Jasconius, Leviathan, Counterspell, Giant Tortoise"
Second Chance,Arena Starter Deck,Other,OTJ,2024-07-08,6.44,"Spirebluff Canal, Seize the Secrets, Hell to Pay, Demand Answers, Melek, Reforged Researcher"
Second Sun Control,Challenger Deck,Other,Q01,2018-04-06,33.09,"Kefnet the Mindful, Approach of the Second Sun, Settle the Wreckage, Ipnu Rivulet, Fumigate"
Secret Lair High: Class of '87,Secret Lair Drop,Other,SLD,2025-03-25,18.29,"Aesi, Tyrant of Gyre Strait // Aesi, Tyrant of Gyre Strait, Chulane, Teller of Tales // Chulane, Teller of Tales, Anje Falkenrath // Anje Falkenrath, Radha, Heart of Keld // Radha, Heart of Keld"
Secret Lair High: Class of '87 Foil Edition,Secret Lair Drop,Other,SLD,2025-03-25,18.29,"Aesi, Tyrant of Gyre Strait // Aesi, Tyrant of Gyre Strait, Chulane, Teller of Tales // Chulane, Teller of Tales, Anje Falkenrath // Anje Falkenrath, Radha, Heart of Keld // Radha, Heart of Keld"
Secrets of Strixhaven Bundle Land Pack,Bundle Land Pack,Other,SOS,2026-04-24,0.0,"Mountain, Mountain, Plains, Forest, Plains"
Secrets of Strixhaven Codex Bundle Land Pack,Bundle Land Pack,Other,SOS,2026-05-15,0.0,"Mountain, Plains, Forest, Swamp, Swamp"
Secrets of Strixhaven Draft Night Land Pack,Bundle Land Pack,Other,SOS,2026-04-24,0.0,"Mountain, Plains, Forest, Swamp, Swamp"
Secrets of Strixhaven Redemption,MTGO Redemption,Other,SOS,2026-05-20,139.27,"Emeritus of Woe // Demonic Tutor, Improvisation Capstone, Germination Practicum, Erode, Emeritus of Ideation // Ancestral Recall"
Sedge Beast,Shandalar Enemy Deck,Other,PAST,1997-04-01,366.7,"Mountain, Strip Mine, Dancing Scimitar, Blight, Erg Raiders"
Seeing Visions,Secret Lair Drop,Other,SLD,2019-12-06,12.71,"Serum Visions, Serum Visions, Serum Visions, Serum Visions"
Seer,Shandalar Enemy Deck,Other,PAST,1997-04-01,345.98,"Triskelion, Hurkyl's Recall, Tetravus, Time Elemental, Ornithopter"
Seismic,Jumpstart,Other,JMP,2020-07-17,0.0,"Volcanic Geyser, Mountain, Mana Geode, Thriving Bluff, Grim Lavamancer"
Selesnya,Guild Kit,Other,GK1,2018-11-02,9.67,"Privileged Position, Trostani, Selesnya's Voice, Camaraderie, Conclave Cavalier, Tolsimir Wolfblood"
Selesnya Conclave,Arena Starter Deck,Other,M20,2019-05-03,24.63,"Temple Garden, March of the Multitudes, Knight of Autumn, Tolsimir, Friend to Wolves, Pledge of Unity"
Selesnya Conclave 1,Jumpstart,Other,CLU,2024-02-23,2.29,"Conclave Evangelist, Selesnya Sanctuary, Trostani Discordant, Sumala Rumblers, Selesnya Guildgate"
Selesnya Conclave 2,Jumpstart,Other,CLU,2024-02-23,9.15,"Beast Whisperer, Selesnya Signet, Vernal Sovereign, Selesnya Sanctuary, Sumala Rumblers"
Selesnya Pride,Arena Starter Deck,Other,DOM,2018-03-22,116.36,"Anointed Procession, Crested Sunmare, Sacred Cat, Pride Sovereign, Regal Caracal"
Selesnya Surge,Intro Pack,Other,RTR,2012-10-05,7.7,"Arbor Elf, Rootborn Defenses, Healer of the Pride, Forest, Druid's Deliverance"
Selesnya United,Theme Deck,Other,RAV,2005-10-07,24.99,"Nullmage Shepherd, Selesnya Sanctuary, Tolsimir Wolfblood, Vitu-Ghazi, the City-Tree, Scatter the Seeds"
Series 1,Box Set,Other,PVAN,1997-12-01,28.41,"Karn, Squee, Ertai, Gerrard, Maraxus"
Series 2,Box Set,Other,PVAN,1997-12-01,104.4,"Orim, Selenia, Barrin, Hanna, Starke"
Series 3,Box Set,Other,PVAN,1997-12-01,195.86,"Sliver Queen, Brood Mother, Lyna, Eladamri, Oracle, Sidar Kondo"
Series 4,Box Set,Other,PVAN,1997-12-01,379.56,"Titania, Gix, Urza, Xantcha, Mishra"
Seventh Edition Foil Redemption,MTGO Redemption,Other,7ED,2001-05-11,25524.3,"Birds of Paradise, Final Fortune, City of Brass, Adarkar Wastes, Brushland"
Seventh Edition Redemption,MTGO Redemption,Other,7ED,2001-05-11,25524.3,"Birds of Paradise, Final Fortune, City of Brass, Adarkar Wastes, Brushland"
Shades Not Included,Secret Lair Drop,Other,SLD,2022-07-22,71.53,"Island, Mountain, Swamp, Plains, Forest"
Shades Not Included Foil Edition,Secret Lair Drop,Other,SLD,2022-07-22,71.53,"Island, Mountain, Swamp, Plains, Forest"
Shadowmoor Fat Pack Land Pack,Bundle Land Pack,Other,SHM,2008-05-02,38.0,"Swamp, Forest, Island, Swamp, Forest"
Shadowmoor Foil Redemption,MTGO Redemption,Other,SHM,2008-06-01,4016.2,"Sygg, River Cutthroat, Manamorphose, Umbral Mantle, Twilight Shepherd, Everlasting Torment"
Shadowmoor Redemption,MTGO Redemption,Other,SHM,2008-06-01,4016.2,"Sygg, River Cutthroat, Manamorphose, Umbral Mantle, Twilight Shepherd, Everlasting Torment"
Shadows over Innistrad Fat Pack Land Pack,Bundle Land Pack,Other,SOI,2016-04-08,0.0,"Forest, Forest, Swamp, Plains, Swamp"
Shadows over Innistrad Foil Redemption,MTGO Redemption,Other,SOI,2016-05-08,250.28,"Eerie Interlude, Cryptolith Rite, Relentless Dead, Sorin, Grim Nemesis, Archangel Avacyn // Avacyn, the Purifier"
Shadows over Innistrad Gift Box Land Pack,Bundle Land Pack,Other,SOI,2016-04-08,0.0,"Forest, Forest, Swamp, Plains, Swamp"
Shadows over Innistrad Redemption,MTGO Redemption,Other,SOI,2016-05-08,250.28,"Eerie Interlude, Cryptolith Rite, Relentless Dead, Sorin, Grim Nemesis, Archangel Avacyn // Avacyn, the Purifier"
Shallow Graves,Intro Pack,Other,EMN,2016-07-22,8.96,"Cryptbreaker, Liliana's Indignation, Graf Harvest, Noosegraf Mob, Advanced Stitchwing"
Shamanism,Theme Deck,Other,MOR,2008-02-01,248.28,"Thornbite Staff, Bosk Banneret, Leaf-Crowned Elder, Swamp, Lignify"
Shapeshifter,Shandalar Enemy Deck,Other,PAST,1997-04-01,563.55,"Triskelion, Mishra's Factory, Mana Vault, Hurkyl's Recall, Ivory Tower"
Shapeshifters,Jumpstart,Other,J22,2022-12-02,31.45,"Pirated Copy, Mirror Image, Bloodline Pretender, Amoeboid Changeling, Universal Automaton"
Shards of Alara Fat Pack Land Pack,Bundle Land Pack,Other,ALA,2008-10-03,40.42,"Plains, Island, Swamp, Forest, Forest"
Shards of Alara Foil Redemption,MTGO Redemption,Other,ALA,2008-11-02,1049.63,"Ad Nauseam, Kresh the Bloodbraided, Mayael the Anima, Tezzeret the Seeker, Memory Erosion"
Shards of Alara Redemption,MTGO Redemption,Other,ALA,2008-11-02,1049.63,"Ad Nauseam, Kresh the Bloodbraided, Mayael the Anima, Tezzeret the Seeker, Memory Erosion"
"Shawn Hammer Regnier, Quarterfinalist",Pro Tour Deck,Other,PTC,1996-05-01,97.45,"City of Brass, Land Tax, Adarkar Wastes, Mishra's Factory, Island"
Sheldon's Spellbook,Secret Lair Drop,Other,SLD,2024-07-03,91.04,"Teferi's Protection, Sol Ring, Inkshield, Command Tower, Eladamri's Vineyard"
Sheldon's Spellbook Foil Edition,Secret Lair Drop,Other,SLD,2024-07-03,91.04,"Teferi's Protection, Sol Ring, Inkshield, Command Tower, Eladamri's Vineyard"
Showcase: All Will Be One Step-and-Compleat Edition,Secret Lair Drop,Other,SLD,2023-04-14,56.99,"Phyrexian Crusader, Glissa, the Traitor, Phyrexian Unlife, Ertai, the Corrupted, Plague Engineer"
Showcase: Bloomburrow,Secret Lair Drop,Other,SLD,2024-07-30,68.88,"Tezzeret, Master of the Bridge, Sorin Markov, Kiora, Behemoth Beckoner, Vraska, Golgari Queen, Huatli, Radiant Champion"
Showcase: Bloomburrow Foil Edition,Secret Lair Drop,Other,SLD,2024-07-30,68.88,"Tezzeret, Master of the Bridge, Sorin Markov, Kiora, Behemoth Beckoner, Vraska, Golgari Queen, Huatli, Radiant Champion"
Showcase: Dominaria United Textured Foil Edition,Secret Lair Drop,Other,SLD,2022-10-25,39.09,"Nicol Bolas, Vaevictis Asmadi, Palladia-Mors, Chromium, Arcades Sabboth"
Showcase: Duskmourn,Secret Lair Drop,Other,SLD,2024-10-01,47.09,"Dauthi Voidwalker, Phyrexian Metamorph, Magus of the Moon, Cauldron Familiar, Witch's Oven"
Showcase: Duskmourn Foil Edition,Secret Lair Drop,Other,SLD,2024-10-01,47.09,"Dauthi Voidwalker, Phyrexian Metamorph, Magus of the Moon, Cauldron Familiar, Witch's Oven"
Showcase: Kaldheim - Part 1,Secret Lair Drop,Other,SLD,2021-04-13,55.77,"Uro, Titan of Nature's Wrath, Primeval Titan, Frost Titan"
Showcase: Kaldheim - Part 1 Foil Edition,Secret Lair Drop,Other,SLD,2021-04-13,55.77,"Uro, Titan of Nature's Wrath, Primeval Titan, Frost Titan"
Showcase: Kaldheim - Part 2,Secret Lair Drop,Other,SLD,2021-04-13,31.9,"Kroxa, Titan of Death's Hunger, Grave Titan, Inferno Titan"
Showcase: Kaldheim - Part 2 Foil Edition,Secret Lair Drop,Other,SLD,2021-04-13,31.9,"Kroxa, Titan of Death's Hunger, Grave Titan, Inferno Titan"
Showcase: March of the Machine Vol. 1,Secret Lair Drop,Other,SLD,2023-04-28,148.35,"Walking Ballista, The World Tree, Wheel and Deal, Questing Beast, Olivia Voldaren"
Showcase: March of the Machine Vol. 2,Secret Lair Drop,Other,SLD,2023-04-28,102.37,"Higure, the Still Wind, Nezahal, Primal Tide, Xantcha, Sleeper Agent, Mina and Denn, Wildborn, Dragonlord Kolaghan"
Showcase: March of the Machine Vol. 3,Secret Lair Drop,Other,SLD,2023-04-28,178.36,"Misdirection, Nyxbloom Ancient, Utvara Hellkite, Kogla, the Titan Ape, Jhoira, Weatherlight Captain"
Showcase: Midnight Hunt,Secret Lair Drop,Other,SLD,2022-01-28,93.29,"Vault of the Archangel, Gavony Township, Kessig Wolf Run, Alchemist's Refuge, Slayers' Stronghold"
Showcase: Midnight Hunt Foil Edition,Secret Lair Drop,Other,SLD,2022-01-28,93.29,"Vault of the Archangel, Gavony Township, Kessig Wolf Run, Alchemist's Refuge, Slayers' Stronghold"
Showcase: Murders at Karlov Manor,Secret Lair Drop,Other,SLD,2024-02-23,32.11,"Vilis, Broker of Blood, Gonti, Lord of Luxury, Grenzo, Dungeon Warden, Anowon, the Ruin Thief"
Showcase: Murders at Karlov Manor Foil Edition,Secret Lair Drop,Other,SLD,2024-02-23,34.39,"Vilis, Broker of Blood, Gonti, Lord of Luxury, Grenzo, Dungeon Warden, Anowon, the Ruin Thief"
Showcase: Neon Dynasty Neon Ink Foil Edition,Secret Lair Drop,Other,SLD,2022-07-22,87.09,"Ghostly Prison, Freed from the Real, Hall of the Bandit Lord, Boseiju, Who Shelters All"
Showcase: Outlaws of Thunder Junction,Secret Lair Drop,Other,SLD,2024-05-30,42.9,"Magda, Brazen Outlaw, Kalitas, Traitor of Ghet, Dack Fayden, Greasefang, Okiba Boss"
Showcase: Outlaws of Thunder Junction Foil Edition,Secret Lair Drop,Other,SLD,2024-05-30,42.9,"Magda, Brazen Outlaw, Kalitas, Traitor of Ghet, Dack Fayden, Greasefang, Okiba Boss"
Showcase: Streets of New Capenna Gilded Foil Edition,Secret Lair Drop,Other,SLD,2022-08-05,61.54,"Atraxa, Praetors' Voice, Breya, Etherium Shaper, Yidris, Maelstrom Wielder"
Showcase: Strixhaven,Secret Lair Drop,Other,SLD,2021-08-25,58.37,"All Is Dust, Fire Covenant, Drown in the Loch, Artifact Mutation, Fractured Identity"
Showcase: Strixhaven Foil Edition,Secret Lair Drop,Other,SLD,2021-08-25,58.37,"All Is Dust, Fire Covenant, Drown in the Loch, Artifact Mutation, Fractured Identity"
Showcase: The Lost Caverns of Ixalan,Secret Lair Drop,Other,SLD,2023-12-05,57.07,"Elenda, the Dusk Rose, Kumena, Tyrant of Orazca, Captain Lannery Storm, Admiral Beckett Brass, Vona, Butcher of Magan"
Showcase: The Lost Caverns of Ixalan Foil Edition,Secret Lair Drop,Other,SLD,2023-12-05,66.48,"Kumena, Tyrant of Orazca, Elenda, the Dusk Rose, Captain Lannery Storm, Admiral Beckett Brass, Vona, Butcher of Magan"
Showcase: Zendikar Revisited,Secret Lair Drop,Other,SLD,2020-09-25,127.39,"Avenger of Zendikar, Admonition Angel, Warren Instigator, Roil Elemental, Zulaport Cutthroat"
Showcase: Zendikar Revisited Foil Edition,Secret Lair Drop,Other,SLD,2020-09-25,127.39,"Avenger of Zendikar, Admonition Angel, Warren Instigator, Roil Elemental, Zulaport Cutthroat"
Shrines,Jumpstart,Other,TLE,2025-11-20,6.85,"Hei Bai, Forest Guardian, Forest, Thriving Grove, The Spirit Oasis, Southern Air Temple"
Shu Kingdom,Theme Deck,Other,PTK,1999-05-01,141.3,"Guan Yu, Sainted Warrior, Liu Bei, Lord of Shu, Kongming, ""Sleeping Dragon"", Shu General, Plains"
Sidestep,Theme Deck,Other,EVE,2008-07-25,73.84,"Clout of the Dominus, Dominus of Fealty, Mindwrack Liege, Island, Inside Out"
Siege Engines,Jumpstart,Other,TLE,2025-11-20,0.0,"Swamp, Thriving Moor, The Fire Nation Drill, Canyon Crawler, Heartless Act"
Signature Spellbook: Chandra,Box Set,Other,SS3,2020-06-26,64.1,"Pyroblast, Rite of Flame, Chandra, Torch of Defiance, Past in Flames, Fiery Confluence"
Signature Spellbook: Gideon,Box Set,Other,SS2,2019-06-28,43.31,"Blackblade Reforged, True Conviction, Shielded by Faith, Path to Exile, Worship"
Signature Spellbook: Jace,Box Set,Other,SS1,2018-06-15,53.19,"Mystical Tutor, Blue Elemental Blast, Gifts Ungiven, Brainstorm, Counterspell"
Silver Deck,Starter Deck,Other,9ED,2005-08-09,6.8,"Plains, Island, Plains, Island, Island"
Silver Pack,Advanced Pack,Other,9ED,2005-08-09,10.67,"Telepathy, Holy Day, Island, Honor Guard, Plains"
Sim Han How - Squirrel Opposition,World Championship Deck,Other,WC02,2002-08-14,54.25,"Yavimaya Coast, Shivan Reef, Birds of Paradise, Island, Karplusan Forest"
Simic,Guild Kit,Other,GK2,2019-02-15,30.98,"Guardian Project, Omnibian, Simic Ascendancy, Gyre Sage, Trollbred Guardian"
Simic Combine,Arena Starter Deck,Other,M20,2019-05-03,44.87,"Biomancer's Familiar, Breeding Pool, Incubation Druid, Hydroid Krasis, Growth Spiral"
Simic Combine 1,Jumpstart,Other,CLU,2024-02-23,5.09,"Slip Out the Back, Rapid Hybridization, Master Biomancer, Unruly Krasis, Simic Signet"
Simic Combine 2,Jumpstart,Other,CLU,2024-02-23,5.13,"Lonis, Genetics Expert, Hydroid Krasis, Duskshell Crawler, Scuttling Sentinel, Forest"
Simic Domination,Intro Pack,Other,DGM,2013-05-03,14.42,"Gyre Sage, Bred for the Hunt, Species Gorger, Vorel of the Hull Clade, Forest"
Simic Mutology,Theme Deck,Other,DIS,2006-05-05,98.95,"Protean Hulk, Simic Growth Chamber, Experiment Kraj, Simic Guildmage, Coiling Oracle"
Simic Synthesis,Intro Pack,Other,GTC,2013-02-01,12.68,"Ivy Lane Denizen, Tower Defense, Unexpected Results, Urban Evolution, Zameck Guildmage"
Skies,Deck Builder's Toolkit,Other,M14,2013-07-19,1.19,"Warden of Evos Isle, Hands of Binding, Lyev Skyknight, Air Servant, Jelenn Sphinx"
Sky Patrol,Arena Starter Deck,Other,AFR,2021-09-24,13.99,"Hengegate Pathway // Mistgate Pathway, Grazilaxx, Illithid Scholar, Starnheim Unleashed, Vega, the Watcher, Luminarch Aspirant"
Sky Slam,Theme Deck,Other,8ED,2003-07-28,25.52,"Mana Leak, Urza's Armor, Island, Island, Island"
Slaughterhouse,Intro Pack,Other,AVR,2012-05-04,18.89,"Blood Artist, Swamp, Reassembling Skeleton, Swamp, Harvester of Souls"
Slay the Day,Secret Lair Drop,Other,SLD,2025-05-19,63.25,"Marwyn, the Nurturer, Oloro, Ageless Ascetic, Sythis, Harvest's Hand, Liesa, Shroud of Dusk"
Sleeper,Theme Deck,Other,USG,1998-10-12,1.05,"Plains, Plains, Plains, Plains, Opal Titan"
Sleeper - Enhanced Deck,Enhanced Deck,Other,USG,1998-10-12,90.33,"Argothian Enchantress, Oath of Lieges, Worship, Pariah, Endless Wurm"
Slither,Theme Deck,Other,PCY,2000-06-05,319.87,"Seal of Fire, Reverent Silence, Invigorate, Citadel of Pain, Vine Trellis"
Sliver Evolution,Theme Deck,Other,TSP,2006-10-06,222.24,"Gemstone Mine, Avoid Fate, Spirit Loop, Pulmonic Sliver, Gemhide Sliver"
Sliver Shivers,Theme Deck,Other,LGN,2003-02-03,374.73,"Shifting Sliver, Brood Sliver, Lonely Sandbar, Essence Sliver, Root Sliver"
Slivers,Deck Builder's Toolkit,Other,M14,2013-07-19,42.47,"Sentinel Sliver, Manaweft Sliver, Predatory Sliver, Striking Sliver, Blur Sliver"
Smashing (1),Jumpstart,Other,JMP,2020-07-17,1.53,"Unleash Fury, Onakke Ogre, Shock, Thriving Bluff, Mountain"
Smashing (2),Jumpstart,Other,JMP,2020-07-17,0.0,"Onakke Ogre, Short Sword, Thriving Bluff, Mountain, Heartfire Immolator"
Smashing (3),Jumpstart,Other,JMP,2020-07-17,1.53,"Unleash Fury, Sarkhan's Unsealing, Hamletback Goliath, Onakke Ogre, Thriving Bluff"
Smashing (4),Jumpstart,Other,JMP,2020-07-17,0.0,"Etali, Primal Storm, Onakke Ogre, Thriving Bluff, Mountain, Heartfire Immolator"
Snack Time,Arena Starter Deck,Other,OTJ,2024-07-08,30.94,"Underground Mortuary, Experimental Confectioner, Assassin's Trophy, Lich-Knights' Conquest, Bristlebud Farmer"
Snake's Path,Theme Deck,Other,CHK,2004-10-01,229.87,"Sensei's Divining Top, Orochi Leafcaller, Time of Need, Orochi Hatchery, Sakura-Tribe Elder"
Snakes,Jumpstart,Other,J25,2024-11-07,16.89,"Aphelia, Viper Whisperer, Hooded Blightfang, Gorgon Flail, Pharika's Chosen, Night's Whisper"
Sneak Attack,Arena Starter Kit,Other,AFR,2021-08-06,6.91,"Mind Flayer, Archmage Emeritus, Cyclone Summoner, Red Dragon, Calamity Bearer"
Sneak Attack Amazon,Arena Starter Kit,Other,AFR,2021-08-06,6.91,"Mind Flayer, Archmage Emeritus, Cyclone Summoner, Red Dragon, Calamity Bearer"
Sneak Squad,Arena Promotional Deck,Other,DMU,2022-09-09,5.03,"Mirrorhall Mimic // Ghastly Mimicry, Blade of the Oni, Malevolent Hermit // Benevolent Geist, Undying Malice, Consider"
Snow,Jumpstart,Other,J22,2022-12-02,13.61,"Coldsteel Heart, Isu the Abominable, Snow-Covered Island, Marit Lage's Slumber, Crippling Chill"
Snowscape,Theme Deck,Other,CSP,2006-07-21,159.29,"Rimefeather Owl, Rimewind Cryomancer, Frost Marsh, Heidar, Rimewind Master, Coldsteel Heart"
So Salty,Secret Lair Drop,Other,SLD,2025-04-22,68.66,"Scrawling Crawler, Winter Orb, Expropriate, Narset, Parter of Veils, Worst Fears"
Soaring,Jumpstart,Other,MSH,2026-06-26,1.39,"Vulture, Feathered Fiend, Namora, the Sea Queen, Rescue, Pepper Potts, Dismissive Denial, Island"
Soaring (1),Jumpstart,Other,J25,2024-11-07,0.0,"Cynette, Jelly Drover, Winged Words, Nightveil Sprite, Warden of Evos Isle, Windreader Sphinx"
Soaring (2),Jumpstart,Other,TLE,2025-11-20,3.95,"Frantic Search, Boomerang Basics, Yue, the Moon Spirit, Thriving Isle, Island"
Soaring (3),Jumpstart,Other,J25,2024-11-07,0.0,"Mu Yanling, Sky Dancer, Cynette, Jelly Drover, Thopter Mechanic, Cloudkin Seer, Winged Words"
Soaring (4),Jumpstart,Other,J25,2024-11-07,0.0,"Faerie Seer, Cynette, Jelly Drover, Opt, Winged Words, Sprite Noble"
Sole Domination,Intro Pack,Other,M13,2012-07-13,31.6,"Tormented Soul, Ring of Xathrid, Liliana's Shade, Plains, Knight of Glory"
Solitary Fiends,Intro Pack,Other,AVR,2012-05-04,24.4,"Swiftfoot Boots, Essence Harvest, Swamp, Island, Swamp"
Song Dance,Challenger Deck,Other,Q03,2019-11-08,20.13,"Sacred Foundry, Feather, the Redeemed, Gideon Blackblade, Dreadhorde Arcanist, Tithe Taker"
Sonic: Chasing Adventure,Secret Lair Drop,Other,SLD,2025-08-08,44.73,"Sol Ring, Fabricate, Open the Armory, Unexpected Windfall, Generous Gift"
Sonic: Chasing Adventure Foil Edition,Secret Lair Drop,Other,SLD,2025-08-08,44.73,"Sol Ring, Fabricate, Open the Armory, Unexpected Windfall, Generous Gift"
Sonic: Friends & Foes,Secret Lair Drop,Other,SLD,2025-08-08,61.38,"Knuckles the Echidna, Super State, Shadow the Hedgehog, Sonic the Hedgehog, Amy Rose"
Sonic: Friends & Foes Foil Edition,Secret Lair Drop,Other,SLD,2025-08-08,61.38,"Knuckles the Echidna, Super State, Shadow the Hedgehog, Sonic the Hedgehog, Amy Rose"
Sonic: Turbo Gear,Secret Lair Drop,Other,SLD,2025-08-08,56.26,"The Reaver Cleaver, Hammer of Nazahn, Swiftfoot Boots, Lightning Greaves, Weatherlight"
Sonic: Turbo Gear Foil Edition,Secret Lair Drop,Other,SLD,2025-08-08,56.26,"The Reaver Cleaver, Hammer of Nazahn, Swiftfoot Boots, Lightning Greaves, Weatherlight"
Soratami's Wisdom,Theme Deck,Other,SOK,2005-06-03,164.12,"Kami of the Crescent Moon, Freed from the Real, Overwhelming Intellect, Soramaro, First to Dream, Graceful Adept"
Sorcerer,Shandalar Enemy Deck,Other,PAST,1997-04-01,346.05,"Mountain, Brass Man, Ali Baba, Winds of Change, Manabarbs"
Sorceress,Shandalar Enemy Deck,Other,PAST,1997-04-01,322.68,"Mountain, Ball Lightning, Blood Lust, Meekstone, Bird Maiden"
Sorin,Duel Deck,Other,DDK,2013-03-15,2.63,"Sorin, Lord of Innistrad, Mesmeric Fiend, Unmake, Butcher of Malakir, Wall of Omens"
"Sorin, Vampire Lord",Planeswalker Deck,Other,M20,2019-07-29,28.79,"Sorin, Vampire Lord, Vampire of the Dire Moon, Dread Presence, Bloodthirsty Aerialist, Swamp"
Sparky Sparky (1),Jumpstart,Other,TLE,2025-11-20,0.0,"Mountain, Thriving Bluff, Ran and Shaw, Iroh's Demonstration, Combustion Technique"
Sparky Sparky (2),Jumpstart,Other,TLE,2025-11-20,2.86,"Overwhelming Victory, Price of Freedom, Mountain, Thriving Bluff, Ran and Shaw"
Special Delivery,Theme Deck,Other,USG,1998-10-12,11.24,"Thran Turbine, Argothian Wurm, Forest, Wildfire, Mountain"
Special Delivery - Enhanced Deck,Enhanced Deck,Other,USG,1998-10-12,231.81,"Cursed Scroll, Reflecting Pool, Wasteland, City of Brass, Lightning Dragon"
Special Forces,Theme Deck,Other,5DN,2004-06-04,213.73,"Plunge into Darkness, Acquire, Silver Myr, Whispersilk Cloak, Leaden Myr"
Special Guest: Fiona Staples,Secret Lair Drop,Other,SLD,2021-10-29,71.16,"Dryad of the Ilysian Grove, Metallic Mimic, Sakura-Tribe Elder, Soul-Scar Mage, Spell Queller"
Special Guest: Fiona Staples Foil Edition,Secret Lair Drop,Other,SLD,2021-10-29,71.16,"Dryad of the Ilysian Grove, Metallic Mimic, Sakura-Tribe Elder, Soul-Scar Mage, Spell Queller"
Special Guest: Jen Bartel,Secret Lair Drop,Other,SLD,2021-10-29,75.65,"Bloom Tender, Archaeomancer, Mesa Enchantress, Meteor Golem"
Special Guest: Jen Bartel Foil Edition,Secret Lair Drop,Other,SLD,2021-10-29,75.65,"Bloom Tender, Archaeomancer, Mesa Enchantress, Meteor Golem"
Special Guest: Junji Ito,Secret Lair Drop,Other,SLD,2022-12-05,174.4,"Carrion Feeder, Thoughtseize, Doomsday, Plaguecrafter"
Special Guest: Junji Ito Foil Etched Edition,Secret Lair Drop,Other,SLD,2022-12-05,174.4,"Carrion Feeder, Thoughtseize, Doomsday, Plaguecrafter"
Special Guest: Kelogsloops,Secret Lair Drop,Other,SLD,2022-09-13,154.95,"Mystic Remora, Burgeoning, Utopia Sprawl, Retreat to Coralhelm"
Special Guest: Kelogsloops Foil Edition,Secret Lair Drop,Other,SLD,2022-09-13,154.95,"Mystic Remora, Burgeoning, Utopia Sprawl, Retreat to Coralhelm"
Special Guest: Kozyndan: Another Story,Secret Lair Drop,Other,SLD,2022-12-19,122.45,"Serra Ascendant, Demonic Consultation, Winds of Change, Rapid Hybridization, Llanowar Elves"
Special Guest: Kozyndan: Another Story Foil Edition,Secret Lair Drop,Other,SLD,2022-12-19,122.45,"Serra Ascendant, Demonic Consultation, Winds of Change, Rapid Hybridization, Llanowar Elves"
Special Guest: Kozyndan: The Lands,Secret Lair Drop,Other,SLD,2022-12-19,88.86,"Swamp, Island, Plains, Forest, Mountain"
Special Guest: Kozyndan: The Lands Foil Edition,Secret Lair Drop,Other,SLD,2022-12-19,88.86,"Swamp, Island, Plains, Forest, Mountain"
Special Guest: Matt Jukes,Secret Lair Drop,Other,SLD,2022-08-05,85.74,"Dragonskull Summit, Drowned Catacomb, Glacial Fortress, Sunpetal Grove, Rootbound Crag"
Special Guest: Matt Jukes Foil Edition,Secret Lair Drop,Other,SLD,2022-08-05,85.74,"Dragonskull Summit, Drowned Catacomb, Glacial Fortress, Sunpetal Grove, Rootbound Crag"
Special Guest: Yoji Shinkawa,Secret Lair Drop,Other,SLD,2022-12-05,210.12,"Skullclamp, Tezzeret the Seeker, Phyrexian Metamorph, Solemn Simulacrum"
Special Guest: Yoji Shinkawa Foil Edition,Secret Lair Drop,Other,SLD,2022-12-05,210.12,"Skullclamp, Tezzeret the Seeker, Phyrexian Metamorph, Solemn Simulacrum"
Special Guest: Yuko Shimizu,Secret Lair Drop,Other,SLD,2022-07-22,80.88,"Elvish Spirit Guide, Kira, Great Glass-Spinner, Eidolon of the Great Revel, Hokori, Dust Drinker"
Special Guest: Yuko Shimizu Foil Edition,Secret Lair Drop,Other,SLD,2022-07-22,80.88,"Elvish Spirit Guide, Kira, Great Glass-Spinner, Eidolon of the Great Revel, Hokori, Dust Drinker"
Spectral Legions,Intro Pack,Other,ISD,2011-09-30,33.95,"Spirit Mantle, Curiosity, Lifelink, Geist-Honored Monk, Island"
Spectral Slam,Theme Deck,Other,JUD,2002-05-27,296.1,"Mirari's Wake, Krosan Verge, Forest, Plains, Patrol Hound"
Spectrum,Theme Deck,Other,INV,2000-10-02,235.16,"Fires of Yavimaya, Harrow, Fertile Ground, Sabertooth Nishoba, Global Ruin"
Speed,Duel Deck,Other,DDN,2014-09-05,14.19,"Fury of the Horde, Goblin Bombardment, Goblin Warchief, Krenko, Mob Boss, Zurgo Helmsmasher"
Speed Scorch,Theme Deck,Other,8ED,2003-07-28,48.45,"Goblin King, Mountain, Mountain, Mogg Sentry, Raging Goblin"
Speedy,Jumpstart,Other,MSH,2026-06-26,0.0,"Pick Up the Pace, Whirlwind, Killer Cyclone, Quicksilver, Brash Blur, Mountain, The Whizzer, Classic Speedster"
Spellcasting (1),Jumpstart,Other,JMP,2020-07-17,0.0,"Double Vision, Shock, Thriving Bluff, Thermo-Alchemist, Goblin Wizardry"
Spellcasting (2),Jumpstart,Other,JMP,2020-07-17,0.0,"Double Vision, Young Pyromancer, Shock, Thriving Bluff, Thermo-Alchemist"
Spellcasting (3),Jumpstart,Other,JMP,2020-07-17,4.37,"Dualcaster Mage, Dragon Fodder, Shock, Thriving Bluff, Thermo-Alchemist"
Spellcasting (4),Jumpstart,Other,JMP,2020-07-17,3.51,"Immolating Gyre, Crash Through, Shock, Thriving Bluff, Thermo-Alchemist"
Spellpower,Arena Starter Deck,Other,M21,2021-07-03,8.66,"Brazen Borrower // Petty Theft, Shark Typhoon, Wavebreak Hippocamp, Double Vision, Experimental Overload"
Spellslinger Starter Kit - Red Deck,Spellslinger Starter Kit,Other,M20,2019-07-12,15.85,"Glint-Horn Buccaneer, Drakuseth, Maw of Flames, Leyline of Combustion, Mountain, Hellkite Whelp"
Spellslinger Starter Kit - White Deck,Spellslinger Starter Kit,Other,M20,2019-07-12,12.28,"Angelic Guardian, Sephara, Sky's Blade, Bond of Discipline, Inspiring Unicorn, Plains"
Spellweaver,Theme Deck,Other,P02,1998-06-24,12.54,"Talas Warrior, Island, Island, Talas Researcher, Exhaustion"
Spicy,Jumpstart,Other,J22,2022-12-02,16.2,"Auntie Blyte, Bad Influence, Loxodon Warhammer, Spear Spewer, Thriving Bluff, Goblin Artillery"
Spider-Verse,Jumpstart,Other,MSH,2026-06-26,13.54,"Spider-Man, New Champion, Astonishing Spider-Man, Daily Bugle Newspaper, Fogwell's Gym, Iceman and Firestar"
Spiraling Doom,Event Deck,Other,DKA,2012-02-24,135.97,"Birthing Pod, Hex Parasite, Myr Battlesphere, Diabolic Tutor, Viridian Corrupter"
Spirit,Jumpstart,Other,TLE,2025-11-20,1.9,"Dramatic Reversal, Dutiful Knowledge Seeker, Baboon Spirit, The Spirit Oasis, Thriving Isle"
Spirit Flames,Theme Deck,Other,SOK,2005-06-03,31.92,"Elder Pine of Jukai, Arashi, the Sky Asunder, Shinen of Life's Roar, Hana Kami, Jiwari, the Earth Aflame"
Spirit Gale,Theme Deck,Other,BRB,1999-11-12,40.54,"Wrath of God, Windfall, Island, Swords to Plowshares, Soul Warden"
Spiritbane,Theme Deck,Other,CHK,2004-10-01,93.25,"Kusari-Gama, Brothers Yamazaki, Kumano, Master Yamabushi, Brothers Yamazaki, Blind with Anger"
Spiritcraft,Theme Deck,Other,BOK,2005-02-04,25.89,"Oyobi, Who Split the Heavens, Kodama of the Center Tree, Traproot Kami, Forest, Wear Away"
Spirits,Deck Builder's Toolkit,Other,M13,2012-07-13,1.95,"Drogskol Captain, Midnight Haunting, Battleground Geist, Feeling of Dread, Voiceless Spirit"
Spirits (1),Jumpstart,Other,JMP,2020-07-17,1.32,"Essence Flux, Capture Sphere, Winged Words, Thriving Isle, Island"
Spirits (2),Jumpstart,Other,JMP,2020-07-17,0.0,"Rewind, Capture Sphere, Winged Words, Thriving Isle, Rattlechains"
Spirits 1,Jumpstart,Other,J22,2022-12-02,5.07,"Eidolon of Rhetoric, Selfless Spirit, Chains of Custody, Thriving Heath, Mausoleum Guard"
Spirits 2,Jumpstart,Other,J22,2022-12-02,3.68,"Eidolon of Rhetoric, Hour of Reckoning, Chains of Custody, Thriving Heath, Mausoleum Guard"
SpongeBob SquarePants: Internet Sensation,Secret Lair Drop,Other,SLD,2025-03-25,62.35,"Counterspell, Force of Despair, Night's Whisper, Inevitable Betrayal, Daze"
SpongeBob SquarePants: Internet Sensation Foil Edition,Secret Lair Drop,Other,SLD,2025-03-25,62.35,"Counterspell, Force of Despair, Night's Whisper, Inevitable Betrayal, Daze"
SpongeBob SquarePants: Lands Under the Sea,Secret Lair Drop,Other,SLD,2025-03-25,27.92,"Island, Forest, Mountain, Swamp, Plains"
SpongeBob SquarePants: Lands Under the Sea Foil Edition,Secret Lair Drop,Other,SLD,2025-03-25,27.92,"Island, Forest, Mountain, Swamp, Plains"
SpongeBob SquarePants: Legends of Bikini Bottom,Secret Lair Drop,Other,SLD,2025-03-25,80.91,"Jodah, the Unifier, Toxrill, the Corrosive, Barktooth Warbeard, Toski, Bearer of Secrets, Skrelv, Defector Mite"
SpongeBob SquarePants: Legends of Bikini Bottom Foil Edition,Secret Lair Drop,Other,SLD,2025-03-25,80.91,"Jodah, the Unifier, Toxrill, the Corrosive, Barktooth Warbeard, Toski, Bearer of Secrets, Skrelv, Defector Mite"
Spooky (1),Jumpstart,Other,JMP,2020-07-17,0.0,"Swamp, Village Rites, Crypt Lurker, Caged Zombie, Malefic Scythe"
Spooky (2),Jumpstart,Other,JMP,2020-07-17,2.88,"Harvester of Souls, Swamp, Crypt Lurker, Caged Zombie, Malefic Scythe"
Spooky (3),Jumpstart,Other,JMP,2020-07-17,0.0,"Swamp, Crypt Lurker, Caged Zombie, Malefic Scythe, Languish"
Spooky (4),Jumpstart,Other,JMP,2020-07-17,5.16,"Black Market, Swamp, Crypt Lurker, Caged Zombie, Malefic Scythe"
Squadron,Jumpstart,Other,MSH,2026-06-26,14.55,"Hyperion, Supreme Hero, Zarda, the Power Princess, Doctor Spectrum, Blur of Heroism, Hyperion's Atomic Vision"
Ssssssnakessssss,Secret Lair Drop,Other,SLD,2023-04-14,118.71,"Lotus Cobra, Stonecoil Serpent, Hexdrinker, Ice-Fang Coatl, Seshiro the Anointed"
Ssssssnakessssss Foil Edition,Secret Lair Drop,Other,SLD,2023-04-14,118.71,"Lotus Cobra, Stonecoil Serpent, Hexdrinker, Ice-Fang Coatl, Seshiro the Anointed"
Stalwart (1),Jumpstart,Other,J25,2024-11-07,8.74,"Generous Pup, Ajani, Adversary of Tyrants, Urdnan, Dromoka Warrior, Thriving Heath, Angelic Cub"
Stalwart (2),Jumpstart,Other,J25,2024-11-07,0.0,"Basri's Lieutenant, Urdnan, Dromoka Warrior, Basri's Solidarity, Cave of Temptation, Thriving Heath"
Stalwart (3),Jumpstart,Other,J25,2024-11-07,7.71,"Generous Pup, Urdnan, Dromoka Warrior, Thriving Heath, Paladin of the Bloodstained, Take Up the Shield"
Stalwart (4),Jumpstart,Other,J25,2024-11-07,0.0,"Mikaeus, the Lunarch, Urdnan, Dromoka Warrior, Light of the Legion, Thriving Heath, Gird for Battle"
Stampede,Theme Deck,Other,5DN,2004-06-04,160.03,"Eternal Witness, Talisman of Impulse, Rite of Passage, Pyrite Spellbomb, Goblin Cannon"
Stampede of Beasts,Intro Pack,Other,M11,2010-07-16,62.36,"Protean Hydra, Whispersilk Cloak, Lightning Bolt, Back to Nature, Garruk's Packleader"
Stampeding Hordes,Intro Pack,Other,FRF,2015-01-23,9.52,"Deflecting Palm, Plains, Plains, Flamerush Rider, Mountain"
Stardew Valley: A Flicker in the Deep,Secret Lair Drop,Other,SLD,2026-08-03,35.68,"Arcane Signet, Sword of Forge and Frontier, Treasure Vault, Atsushi, the Blazing Sky, Mitotic Slime"
Stardew Valley: A Flicker in the Deep Foil Edition,Secret Lair Drop,Other,SLD,2026-08-03,35.68,"Arcane Signet, Sword of Forge and Frontier, Treasure Vault, Atsushi, the Blazing Sky, Mitotic Slime"
Stardew Valley: Life in Pelican Town,Secret Lair Drop,Other,SLD,2026-08-03,45.39,"Yavimaya, Cradle of Growth, Homeward Path, Command Tower, Crop Rotation, Fountainport"
Stardew Valley: Life in Pelican Town Foil Edition,Secret Lair Drop,Other,SLD,2026-08-03,45.39,"Yavimaya, Cradle of Growth, Homeward Path, Command Tower, Crop Rotation, Fountainport"
Stardew Valley: Welcome to Stardew Valley,Secret Lair Drop,Other,SLD,2026-08-03,45.17,"Stardew Valley, Dawn's Truce, Swords to Plowshares, Sol Ring, Kynaios and Tiro of Meletis"
Stardew Valley: Welcome to Stardew Valley Foil Edition,Secret Lair Drop,Other,SLD,2026-08-03,45.17,"Stardew Valley, Dawn's Truce, Swords to Plowshares, Sol Ring, Kynaios and Tiro of Meletis"
Starry-Eyed,Arena Starter Deck,Other,M21,2021-07-03,19.7,"Kiora Bests the Sea God, Luminous Broodmoth, Elspeth Conquers Death, Archon of Sun's Grace, All That Glitters"
Starter 2000 sampler pack,Welcome Booster,Other,S00,2000-04-24,0.0,"Spined Wurm, Mountain, Swamp, Forest, Island"
Starter Collection,Box Set,Other,FDN,2024-11-15,46.51,"Swiftfoot Boots, Aurelia, the Warleader, Boros Charm, Basilisk Collar, Bolt Bend"
Stealthy Subterfuge,Arena Starter Deck,Other,SNC,2022-09-09,16.92,"Shipwreck Marsh, Nashi, Moon Sage's Scion, Thousand-Faced Shadow, Kaito Shizuki, Satoru Umezawa"
Stoked (1),Jumpstart,Other,J25,2024-11-07,0.0,"Frontline Heroism, Thriving Bluff, Roil Eruption, Titan's Strength, Scholar of Combustion"
Stoked (2),Jumpstart,Other,J25,2024-11-07,0.0,"Unleash Fury, Dreadhorde Arcanist, Thriving Bluff, Roil Eruption, Titan's Strength"
Stoked (3),Jumpstart,Other,J25,2024-11-07,0.0,"Frontline Heroism, Unleash Fury, Mirrorwing Dragon, Young Pyromancer, Thriving Bluff"
Stoked (4),Jumpstart,Other,J25,2024-11-07,0.0,"Crimson Wisps, Infuriate, Young Pyromancer, Thriving Bluff, Roil Eruption"
"Stomp, Stomp",Arena Starter Deck,Other,M21,2021-07-03,47.02,"Terror of the Peaks, Return of the Wildspeaker, Ram Through, Unleash Fury, The First Iroan Games"
Storm Surge,Theme Deck,Other,SCG,2003-05-26,823.76,"Chain of Vapor, Mind's Desire, Lonely Sandbar, Secluded Steppe, Island"
Storm of Blades,Arena Starter Deck,Other,SNC,2022-09-09,14.25,"The Wandering Emperor, Sundown Pass, Lion Sash, Goro-Goro, Disciple of Ryusei, Thundering Raiju"
Stranger Things,Secret Lair Drop,Other,SLD,2022-01-28,79.72,"Arvinox, the Mind Flail, Cecily, Haunted Mage, Othelm, Sigardian Outcast, Wernog, Rider's Chaplain, Elmar, Ulvenwald Informant"
Stranger Things Foil Edition,Secret Lair Drop,Other,SLD,2022-01-28,79.72,"Arvinox, the Mind Flail, Cecily, Haunted Mage, Othelm, Sigardian Outcast, Wernog, Rider's Chaplain, Elmar, Ulvenwald Informant"
Street Fighter,Secret Lair Drop,Other,SLD,2022-07-22,67.83,"Zethi, Arcane Blademaster, Maarika, Brutal Gladiator, Tadeas, Juniper Ascendant, Vikya, Scorching Stalwart, The Howling Abomination"
Street Fighter Foil Edition,Secret Lair Drop,Other,SLD,2022-07-22,67.83,"Zethi, Arcane Blademaster, Maarika, Brutal Gladiator, Tadeas, Juniper Ascendant, Vikya, Scorching Stalwart, The Howling Abomination"
Street Level Villains,Jumpstart,Other,MSH,2026-06-26,10.62,"Kingpin, Wilson Fisk, Criminal Enterprise, Hammerhead, Maggia Boss, Deadly Dispute, Swamp"
Streets of New Capenna Bundle Land Pack,Bundle Land Pack,Other,SNC,2022-04-29,0.0,"Swamp, Swamp, Plains, Mountain, Plains"
Streets of New Capenna Foil Redemption,MTGO Redemption,Other,SNC,2022-05-29,208.01,"Jetmir's Garden, Xander's Lounge, Raffine's Tower, Spara's Headquarters, Jetmir, Nexus of Revels"
Streets of New Capenna Redemption,MTGO Redemption,Other,SNC,2022-05-29,208.01,"Jetmir's Garden, Xander's Lounge, Raffine's Tower, Spara's Headquarters, Jetmir, Nexus of Revels"
Streets of New Capenna Welcome Booster,Welcome Booster,Other,SNC,2022-04-29,3.15,"Kogla, the Titan Ape, Sunblast Angel, Ob Nixilis Reignited, Commander's Sphere, Mr. Orfeo, the Boulder"
Strength Of Selesnya,Event Deck,Other,DGM,2013-05-24,106.27,"Parallel Lives, Champion of Lambholt, Godless Shrine, Growing Ranks, Increasing Devotion"
Strength in Numbers,Arena Starter Deck,Other,SNC,2022-09-09,19.17,"Halo Fountain, Adeline, Resplendent Cathar, Overgrown Farmland, Gala Greeters, Rumor Gatherer"
Strike Force,Planechase Deck,Other,HOP,2009-09-04,41.72,"Insurrection, Relic of Progenitus, Furnace of Rath, Goblin Offensive, Soul Warden"
Strixhaven Bundle Land Pack,Bundle Land Pack,Other,STX,2021-04-23,0.0,"Island, Island, Island, Island, Swamp"
Strixhaven: School of Mages Foil Redemption,MTGO Redemption,Other,STX,2021-05-23,140.28,"Blex, Vexing Pest // Search for Blex, Wandering Archaic // Explore the Vastlands, Beledros Witherbloom, Crackle with Power, Kasmina, Enigma Sage"
Strixhaven: School of Mages Redemption,MTGO Redemption,Other,STX,2021-05-23,140.28,"Blex, Vexing Pest // Search for Blex, Wandering Archaic // Explore the Vastlands, Beledros Witherbloom, Crackle with Power, Kasmina, Enigma Sage"
Sultai Schemers,Intro Pack,Other,KTK,2014-09-26,18.53,"Murderous Cut, Opulent Palace, Treasure Cruise, Black Cat, Typhoid Rats"
Summoner,Shandalar Enemy Deck,Other,PAST,1997-04-01,73.49,"Colossus of Sardia, Birds of Paradise, Force of Nature, Radjan Spirit, Forest"
Sun Empire,Theme Deck,Other,E02,2017-11-24,46.61,"Aggravated Assault, Regisaur Alpha, Quicksilver Amulet, Raging Swordtooth, Path to Exile"
Sunburst,Theme Deck,Other,5DN,2004-06-04,124.67,"Joiner Adept, Energy Chamber, Pentad Prism, Wayfarer's Bauble, Chromatic Sphere"
Superabundance,Theme Deck,Other,EVE,2008-07-25,114.01,"Cerulean Wisps, Favor of the Overbeing, Fable of Wolf and Owl, Slippery Bogle, Viridescent Wisps"
Surge of Resistance,Intro Pack,Other,OGW,2016-01-22,10.08,"Expedite, Reckless Bushwhacker, Rolling Thunder, Stormchaser Mage, Evolving Wilds"
Surprise Attack,Intro Pack,Other,FRF,2015-01-23,4.77,"Forest, Reality Shift, Secret Plans, Wall of Frost, Island"
Surprise! (1),Jumpstart,Other,J25,2024-11-07,0.0,"Spectral Sailor, Opt, Crystacean, Delightful Discovery, Thryx, the Sudden Storm"
Surprise! (2),Jumpstart,Other,J25,2024-11-07,0.0,"Spectral Sailor, Opt, Voracious Greatshark, Delightful Discovery, Thryx, the Sudden Storm"
Surprise! (3),Jumpstart,Other,J25,2024-11-07,0.0,"Venser, Shaper Savant, Spectral Sailor, Opt, Supreme Will, Breaching Hippocamp"
Surprise! (4),Jumpstart,Other,J25,2024-11-07,0.0,"Wavebreak Hippocamp, Venser, Shaper Savant, Spectral Sailor, Soul Read, Stinging Lionfish"
Suspended Sentence,Theme Deck,Other,FUT,2007-05-04,95.89,"Reality Strobe, Paradox Haze, Clockspinning, Terramorphic Expanse, Reality Acid"
Svend Geertsen - Green Stompy,World Championship Deck,Other,WC97,1997-08-13,35.55,"Winter Orb, Rogue Elephant, Quirion Ranger, Fyndhorn Elves, Forest"
Swarm & Slam,Theme Deck,Other,DST,2004-02-06,89.34,"Myr Matrix, Spawning Pit, Gold Myr, Echoing Courage, Tangle Spider"
Swarming Instinct,Intro Pack,Other,BFZ,2015-10-02,23.77,"Bane of Bala Ged, Kozilek's Channeler, Brood Monitor, Scour from Existence, Titan's Presence"
Sweet Revenge,Event Deck,Other,M13,2012-08-03,51.27,"Darkslick Shores, Sulfur Falls, Faithless Looting, Red Sun's Zenith, Think Twice"
Swift Justice,Intro Pack,Other,DKA,2012-02-03,12.64,"Mountain, Stromkirk Noble, Fiend Hunter, Plains, Plains"
Swoop,Theme Deck,Other,APC,2001-06-04,336.36,"Mystic Snake, Chromatic Sphere, Urborg Elf, Fertile Ground, Wash Out"
Swordmaster,Jumpstart,Other,TLE,2025-11-20,10.75,"Duelist's Heritage, Sokka, Swordmaster, Plains, Meteor Sword, Earth Kingdom Protectors"
Sylvan Wisdom,Arena Starter Deck,Other,LTR,2023-06-20,43.01,"Nissa, Resurgent Animist, Tribute to the World Tree, Ezuri, Stalker of Spheres, Elrond, Master of Healing, Yavimaya Coast"
Tactical Assault,Arena Starter Deck,Other,M19,2018-09-27,9.46,"Leonin Warleader, Zetalpa, Primal Dawn, Plains, Herald of Faith, Plains"
Take to the Sky,Intro Pack,Other,ORI,2015-07-17,8.47,"Faerie Miscreant, Murder Investigation, Turn to Frog, Island, Sigiled Starfish"
Tales of the Time Stoppers,Secret Lair Drop,Other,SLD,2023-12-05,35.71,"Nexus of Fate, Time Reversal, Beacon of Tomorrows, Time Stop"
Tales of the Time Stoppers Foil Edition,Secret Lair Drop,Other,SLD,2023-12-05,34.87,"Nexus of Fate, Time Reversal, Beacon of Tomorrows, Time Stop"
Tarkir: Dragonstorm Bundle Land Pack,Bundle Land Pack,Other,TDM,2025-04-11,10.88,"Mountain, Mountain, Forest, Forest, Island"
Tarkir: Dragonstorm Redemption,MTGO Redemption,Other,TDM,2025-05-07,367.0,"Elspeth, Storm Slayer, Ugin, Eye of the Storms, Mountain, Craterhoof Behemoth, Voice of Victory"
Tea Time at the Jasmine Dragon,Box Set,Other,TLA,2025-11-14,35.57,"Toph, Greatest Earthbender, Aang and Katara, Mai and Zuko, Sokka and Suki, Momo's Heist"
Teamwork 1,Jumpstart,Other,J22,2022-12-02,1.61,"Agrus Kos, Eternal Soldier, Angelic Cub, Taranika, Akroan Veteran, Thriving Heath, Valorous Stance"
Teamwork 2,Jumpstart,Other,J22,2022-12-02,1.61,"Agrus Kos, Eternal Soldier, Angelic Cub, Thriving Heath, Valorous Stance, Task Force"
Teenage Mutant Ninja Turtles Bundle Land Pack,Bundle Land Pack,Other,TMT,2026-03-06,0.0,"Swamp, Swamp, Island, Island, Forest"
Teenage Mutant Ninja Turtles Draft Night Land Pack,Bundle Land Pack,Other,TMT,2026-03-06,0.0,"Swamp, Mountain, Plains, Forest, Island"
Teenage Mutant Ninja Turtles Pizza Bundle Land Pack,Bundle Land Pack,Other,TMT,2026-03-06,2.5,"Forest, Forest, Swamp, Swamp, Plains"
Teenage Mutant Ninja Turtles: The Last Ronin,Secret Lair Drop,Other,SLD,2026-03-03,53.94,"Mental Misstep, Ink-Eyes, Servant of Oni, Chord of Calling, Anger, Settle the Wreckage"
Teenage Mutant Ninja Turtles: The Last Ronin Foil Edition,Secret Lair Drop,Other,SLD,2026-03-03,53.94,"Mental Misstep, Ink-Eyes, Servant of Oni, Chord of Calling, Anger, Settle the Wreckage"
Teenage Mutant Ninja Turtles: The Mighty Mutanimals,Secret Lair Drop,Other,SLD,2026-03-03,61.87,"Hardened Scales, Kediss, Emberclaw Familiar, Triumph of the Hordes, Pirated Copy, Deepglow Skate"
Teenage Mutant Ninja Turtles: The Mighty Mutanimals Foil Edition,Secret Lair Drop,Other,SLD,2026-03-03,61.87,"Hardened Scales, Kediss, Emberclaw Familiar, Triumph of the Hordes, Pirated Copy, Deepglow Skate"
Teenage Mutant Ninja Turtles: VHS Villains,Secret Lair Drop,Other,SLD,2026-03-03,43.98,"Higure, the Still Wind, Species Specialist, Delver of Secrets // Insectile Aberration, Rampaging Baloths, Triskelion"
Teenage Mutant Ninja Turtles: VHS Villains Foil Edition,Secret Lair Drop,Other,SLD,2026-03-03,43.98,"Higure, the Still Wind, Species Specialist, Delver of Secrets // Insectile Aberration, Rampaging Baloths, Triskelion"
Teeth of the Predator,Duel Of The Planeswalkers Deck,Other,DPA,2010-06-04,18.07,"Vigor, Loxodon Warhammer, Howl of the Night Pack, River Boa, Verdant Force"
Teferi,Jumpstart,Other,JMP,2020-07-17,15.43,"Teferi, Master of Time, Teferi's Ageless Insight, Island, Opt, Teferi's Tutelage"
Teferi's Time Trouble,Secret Lair Drop,Other,SLD,2021-12-13,28.13,"Karn, the Great Creator, Teferi, Time Raveler, Dack Fayden"
"Teferi, Timebender",Planeswalker Deck,Other,DOM,2018-04-27,5.73,"Jhoira's Familiar, Teferi, Timebender, Island, Plains, Tetsuko Umezawa, Fugitive"
"Teferi, Timeless Voyager",Planeswalker Deck,Other,M21,2020-07-03,6.52,"Teferi's Ageless Insight, Teferi, Timeless Voyager, Island, Shipwreck Dowser, Stormwing Entity"
Temur Avalanche,Intro Pack,Other,KTK,2014-09-26,41.08,"Stubborn Denial, Elvish Mystic, Frontier Bivouac, Savage Punch, Roar of Challenge"
Tenacious,Jumpstart,Other,MSH,2026-06-26,13.12,"Return of the Mole Man, Voracious Brood, White Tiger, Amulet Keeper, Forest, Accelerated Evolution"
Tenth Edition Fat Pack Land Pack,Bundle Land Pack,Other,10E,2007-07-13,6.7,"Swamp, Island, Forest, Forest, Plains"
Tenth Edition Foil Redemption,MTGO Redemption,Other,10E,2007-08-12,2722.25,"Grave Pact, Root Maze, Abundance, Goblin King, Adarkar Wastes"
Tenth Edition Redemption,MTGO Redemption,Other,10E,2007-08-12,2722.25,"Grave Pact, Root Maze, Abundance, Goblin King, Adarkar Wastes"
Tenth Edition Starter Game Land Pack,Bundle Land Pack,Other,10E,2007-07-13,6.7,"Swamp, Island, Forest, Forest, Plains"
Tezzeret,Duel Deck,Other,DDF,2010-09-03,40.8,"Tezzeret the Seeker, Energy Chamber, Thoughtcast, Foil, Seat of the Synod"
"Tezzeret, Master of Metal",Planeswalker Deck,Other,AER,2017-01-20,2.86,"Tezzeret, Master of Metal, Ornithopter, Swamp, Island, Island"
Thalia: Beyond the Helvault,Secret Lair Drop,Other,SLD,2020-03-12,16.07,"Thalia, Guardian of Thraben, Thalia, Guardian of Thraben, Thalia, Guardian of Thraben, Thalia, Guardian of Thraben"
Thallids,Theme Deck,Other,PSAL,2005-08-01,0.0,"Forest, Forest, Forest, Forest, Forest"
The '90s Binder Experience,Secret Lair Drop,Other,SLD,2023-04-14,165.67,"Exotic Orchard, Rin and Seri, Inseparable, Goreclaw, Terror of Qal Sisma, Crested Sunmare, Alms Collector"
The '90s Binder Experience Foil Edition,Secret Lair Drop,Other,SLD,2023-04-14,165.67,"Exotic Orchard, Rin and Seri, Inseparable, Goreclaw, Terror of Qal Sisma, Crested Sunmare, Alms Collector"
The Adventurers,Intro Pack,Other,ZEN,2009-10-02,21.91,"Lightning Bolt, Turntimber Ranger, Kazuul Warlord, Greenweaver Druid, Oran-Rief Survivalist"
The Art of Frank Frazetta,Secret Lair Drop,Other,SLD,2022-12-19,290.29,"Dark Ritual, Seize the Day, Midnight Reaper, Temporal Manipulation, Field Marshal"
The Art of Frank Frazetta Foil Edition,Secret Lair Drop,Other,SLD,2022-12-19,290.29,"Dark Ritual, Seize the Day, Midnight Reaper, Temporal Manipulation, Field Marshal"
The Art of Frank Frazetta: The Second Exhibition,Secret Lair Drop,Other,SLD,2025-06-10,95.05,"Aggravated Assault, Desperate Ritual, Zulaport Cutthroat, Deadly Dispute, Murderous Rider // Swift End"
The Art of Frank Frazetta: The Second Exhibition Foil Edition,Secret Lair Drop,Other,SLD,2025-06-10,95.05,"Aggravated Assault, Desperate Ritual, Zulaport Cutthroat, Deadly Dispute, Murderous Rider // Swift End"
The Astrology Lands: Aquarius,Secret Lair Drop,Other,SLD,2022-05-15,5.01,Island
The Astrology Lands: Aquarius Foil Edition,Secret Lair Drop,Other,SLD,2022-05-15,5.01,Island
The Astrology Lands: Aries,Secret Lair Drop,Other,SLD,2022-07-29,6.94,Mountain
The Astrology Lands: Aries Foil Edition,Secret Lair Drop,Other,SLD,2022-07-29,6.94,Mountain
The Astrology Lands: Cancer,Secret Lair Drop,Other,SLD,2022-10-21,7.67,Plains
The Astrology Lands: Cancer Foil Edition,Secret Lair Drop,Other,SLD,2022-10-21,7.67,Plains
The Astrology Lands: Capricorn,Secret Lair Drop,Other,SLD,2022-04-29,6.23,Swamp
The Astrology Lands: Capricorn Foil Edition,Secret Lair Drop,Other,SLD,2022-04-29,6.23,Swamp
The Astrology Lands: Gemini,Secret Lair Drop,Other,SLD,2022-09-23,8.07,Mountain
The Astrology Lands: Gemini Foil Edition,Secret Lair Drop,Other,SLD,2022-09-23,8.07,Mountain
The Astrology Lands: Leo,Secret Lair Drop,Other,SLD,2022-10-04,7.23,Plains
The Astrology Lands: Leo Foil Edition,Secret Lair Drop,Other,SLD,2022-10-04,7.23,Plains
The Astrology Lands: Libra,Secret Lair Drop,Other,SLD,2022-10-25,5.65,Plains
The Astrology Lands: Libra Foil Edition,Secret Lair Drop,Other,SLD,2022-10-25,5.65,Plains
The Astrology Lands: Pisces,Secret Lair Drop,Other,SLD,2022-07-29,5.59,Island
The Astrology Lands: Pisces Foil Edition,Secret Lair Drop,Other,SLD,2022-07-29,5.59,Island
The Astrology Lands: Sagittarius,Secret Lair Drop,Other,SLD,2022-12-27,23.68,Forest
The Astrology Lands: Sagittarius Foil Edition,Secret Lair Drop,Other,SLD,2022-12-27,23.68,Forest
The Astrology Lands: Scorpio,Secret Lair Drop,Other,SLD,2022-12-27,18.7,Swamp
The Astrology Lands: Scorpio Foil Edition,Secret Lair Drop,Other,SLD,2022-12-27,18.7,Swamp
The Astrology Lands: Taurus,Secret Lair Drop,Other,SLD,2022-09-02,5.89,Forest
The Astrology Lands: Taurus Foil Edition,Secret Lair Drop,Other,SLD,2022-09-02,5.89,Forest
The Astrology Lands: Virgo,Secret Lair Drop,Other,SLD,2022-10-25,5.94,Island
The Astrology Lands: Virgo Foil Edition,Secret Lair Drop,Other,SLD,2022-10-25,5.94,Island
The Beauty of the Beasts,Secret Lair Drop,Other,SLD,2024-02-23,124.32,"Scourge of Valkas, Felidar Guardian, Serpent of Yawning Depths, Voracious Hydra, Peregrine Drake"
The Beauty of the Beasts Foil Edition,Secret Lair Drop,Other,SLD,2024-02-23,169.69,"Scourge of Valkas, Felidar Guardian, Peregrine Drake, Voracious Hydra, Serpent of Yawning Depths"
The Black Sun Invasion,Box Set,Other,TLA,2025-11-14,35.66,"Sokka's Charge, Fire Nation Turret, Earthshape, Appa, the Vigilant, Katara's Reversal"
The Brazen Coalition,Arena Starter Deck,Other,DOM,2018-03-22,17.08,"Forerunner of the Coalition, Dire Fleet Ravager, Captivating Crew, Fanatical Firebrand, Lightning Strike"
The Brothers' War Bundle Land Pack,Bundle Land Pack,Other,BRO,2022-11-18,0.0,"Island, Island, Swamp, Swamp, Mountain"
The Brothers' War Foil Redemption,MTGO Redemption,Other,BRO,2023-01-04,263.36,"Portal to Phyrexia, Myrel, Shield of Argive, Awaken the Woods, Diabolic Intent, Cityscape Leveler"
The Brothers' War Redemption,MTGO Redemption,Other,BRO,2023-01-04,263.36,"Portal to Phyrexia, Myrel, Shield of Argive, Awaken the Woods, Diabolic Intent, Cityscape Leveler"
The Coalition,Duel Deck,Other,DDE,2010-03-19,3.17,"Armadillo Cloak, Island, Treva, the Renewer, Darigaaz, the Igniter, Urza's Rage"
The Deluge,Theme Deck,Other,BRB,1999-11-12,48.49,"Land Tax, Catastrophe, Dirtcowl Wurm, Plains, Plains"
The Dracula Lands,Secret Lair Drop,Other,SLD,2022-05-06,65.61,"Swamp, Plains, Mountain, Forest, Island"
The Dracula Lands Foil Edition,Secret Lair Drop,Other,SLD,2022-05-06,65.61,"Swamp, Plains, Mountain, Forest, Island"
The Evil Dead,Secret Lair Drop,Other,SLD,2023-12-18,181.49,"Field of the Dead, Puresteel Paladin, Varina, Lich Queen, Vanquish the Horde, Zombie Apocalypse"
The Evil Dead Foil Edition,Secret Lair Drop,Other,SLD,2023-12-18,181.49,"Field of the Dead, Puresteel Paladin, Varina, Lich Queen, Vanquish the Horde, Zombie Apocalypse"
The Eyes Have It,Secret Lair Drop,Other,SLD,2026-05-12,84.63,"Gitaxian Probe, Baleful Strix, Otherworldly Gaze, Opt, Counterbalance"
The Eyes Have It Foil Edition,Secret Lair Drop,Other,SLD,2026-05-12,84.63,"Gitaxian Probe, Baleful Strix, Otherworldly Gaze, Opt, Counterbalance"
The Fairest Drop of All Foil Edition,Secret Lair Drop,Other,SLD,2024-12-10,38.59,"Tuvasa the Sunlit // Tuvasa the Sunlit, Steely Resolve // Steely Resolve, Estrid's Invocation // Estrid's Invocation, Estrid, the Masked // Estrid, the Masked"
The Flames of Rath,Theme Deck,Other,TMP,1997-10-14,16.54,"Furnace of Rath, Goblin Bombardment, Searing Touch, Soltari Guerrillas, Mogg Fanatic"
The Full-Text Lands,Secret Lair Drop,Other,SLD,2021-08-25,49.97,"Island, Mountain, Swamp, Forest, Plains"
The Full-Text Lands Foil Edition,Secret Lair Drop,Other,SLD,2021-08-25,49.97,"Island, Mountain, Swamp, Forest, Plains"
The Godzilla Lands,Secret Lair Drop,Other,SLD,2020-05-07,0.0,"Plains, Island, Swamp, Mountain, Forest"
The Hobbit Bundle Land Pack,Bundle Land Pack,Other,HOB,2026-08-14,8.11,"Plains, Plains, Plains, Forest, Forest"
The Hobbit Draft Night Land Pack,Bundle Land Pack,Other,HOB,2026-08-14,1.01,"Plains, Forest, Island, Swamp, Mountain"
The Hobbit Gift Bundle Land Pack,Bundle Land Pack,Other,HOB,2026-09-04,10.82,"Plains, Plains, Plains, Plains, Forest"
The Hobbit: Desolation,Secret Lair Drop,Other,SLD,2026-08-18,49.96,"Diabolic Intent, Mirkwood Bats, Dread Return, Defile, Read the Bones"
The Hobbit: Desolation Foil Edition,Secret Lair Drop,Other,SLD,2026-08-18,49.96,"Diabolic Intent, Mirkwood Bats, Dread Return, Defile, Read the Bones"
The Hobbit: He Who Walks Unseen Out of Sight Foil Edition,Secret Lair Drop,Other,SLD,2026-08-18,64.96,"Windfall, Curiosity, Solve the Equation, Contentious Plan, Arcane Heist"
The Hobbit: Over the Edge of the Wild,Secret Lair Drop,Other,SLD,2026-08-18,24.86,"Imp's Mischief, Seize the Spoils, Tocasia's Welcome, Cloudshift, Stony Silence"
The Hobbit: Over the Edge of the Wild Foil Edition,Secret Lair Drop,Other,SLD,2026-08-18,24.86,"Imp's Mischief, Seize the Spoils, Tocasia's Welcome, Cloudshift, Stony Silence"
The Hobbit: Second Breakfast and Beyond,Secret Lair Drop,Other,SLD,2026-08-18,0.0,
The Hobbit: Second Breakfast and Beyond Foil Edition,Secret Lair Drop,Other,SLD,2026-08-18,0.0,
The Hobbit: Smaug's Spoils,Secret Lair Drop,Other,SLD,2026-08-18,49.51,"Sol Ring, Fellwar Stone, Lightning Greaves, Thought Vessel, Liquimetal Torque"
The Hobbit: Smaug's Spoils Foil Edition,Secret Lair Drop,Other,SLD,2026-08-18,49.51,"Sol Ring, Fellwar Stone, Lightning Greaves, Thought Vessel, Liquimetal Torque"
The Last of Us Part I,Secret Lair Drop,Other,SLD,2025-11-06,49.34,"Cabal Ritual, Ellie, Brick Master, Joel, Resolute Survivor, Haunted One"
The Last of Us Part I Foil Edition,Secret Lair Drop,Other,SLD,2025-11-06,49.34,"Cabal Ritual, Ellie, Brick Master, Joel, Resolute Survivor, Haunted One"
The Last of Us Part II,Secret Lair Drop,Other,SLD,2025-11-06,33.0,"Dictate of Erebos, Ellie, Vengeful Hunter, Mycoloth, Abby, Merciless Soldier"
The Last of Us Part II Foil Edition,Secret Lair Drop,Other,SLD,2025-11-06,33.0,"Dictate of Erebos, Ellie, Vengeful Hunter, Mycoloth, Abby, Merciless Soldier"
The Legion of Dusk,Arena Starter Deck,Other,DOM,2018-03-22,56.38,"Vanquisher's Banner, Forerunner of the Legion, Vona, Butcher of Magan, Legion Lieutenant, Sanctum Seeker"
The Lord of the Rings: Tales of Middle-earth Bundle Land Pack,Bundle Land Pack,Other,LTR,2023-06-23,0.0,"Mountain, Mountain, Mountain, Mountain, Forest"
The Lost Caverns of Ixalan Bundle Land Pack,Bundle Land Pack,Other,LCI,2023-11-17,0.0,"Island, Island, Plains, Plains, Forest"
The Lost Caverns of Ixalan Foil Redemption,MTGO Redemption,Other,LCI,2023-12-06,464.08,"Roaming Throne, Cavern of Souls, Bloodletter of Aclazotz, Ojer Taq, Deepest Foundation // Temple of Civilization, Ghalta, Stampede Tyrant"
The Lost Caverns of Ixalan Gift Bundle Land Pack,Bundle Land Pack,Other,LCI,2023-12-08,3.98,"Forest, Mountain, Island, Plains, Swamp"
The Lost Caverns of Ixalan Redemption,MTGO Redemption,Other,LCI,2023-12-06,464.08,"Roaming Throne, Cavern of Souls, Bloodletter of Aclazotz, Ojer Taq, Deepest Foundation // Temple of Civilization, Ghalta, Stampede Tyrant"
"The Meaning of Life, Maybe",Secret Lair Drop,Other,SLD,2022-12-19,228.91,"Mental Misstep, Forced Fruition, Mind's Dilation, Well of Lost Dreams, Future Sight"
"The Meaning of Life, Maybe Foil Edition",Secret Lair Drop,Other,SLD,2022-12-19,228.91,"Mental Misstep, Forced Fruition, Mind's Dilation, Well of Lost Dreams, Future Sight"
The Might of Galadriel,Box Set,Other,LTC,2023-11-03,73.76,"Galadriel's Dismissal, Galadriel, Light of Valinor, Galadhrim Brigade, Mists of Lórien, Rally the Galadhrim"
The Nightstalkers,Theme Deck,Other,P02,1998-06-24,13.0,"Ancient Craving, Swamp, Swamp, Swamp, Predatory Nightstalker"
The Oddlands: Forests,Secret Lair Drop,Other,SLD,2026-09-29,10.0,"Island, Plains, Swamp, Mountain, Forest"
The Oddlands: Forests Foil Edition,Secret Lair Drop,Other,SLD,2026-09-29,10.0,"Island, Plains, Swamp, Mountain, Forest"
The Oddlands: Islands,Secret Lair Drop,Other,SLD,2026-09-29,10.0,"Island, Plains, Swamp, Mountain, Forest"
The Oddlands: Islands Foil Edition,Secret Lair Drop,Other,SLD,2026-09-29,10.0,"Island, Plains, Swamp, Mountain, Forest"
The Oddlands: Mountains,Secret Lair Drop,Other,SLD,2026-09-29,10.0,"Island, Plains, Swamp, Mountain, Forest"
The Oddlands: Mountains Foil Edition,Secret Lair Drop,Other,SLD,2026-09-29,10.0,"Island, Plains, Swamp, Mountain, Forest"
The Oddlands: Plains,Secret Lair Drop,Other,SLD,2026-09-29,10.0,"Island, Plains, Swamp, Mountain, Forest"
The Oddlands: Plains Foil Edition,Secret Lair Drop,Other,SLD,2026-09-29,10.0,"Island, Plains, Swamp, Mountain, Forest"
The Oddlands: Swamps,Secret Lair Drop,Other,SLD,2026-09-29,10.0,"Island, Plains, Swamp, Mountain, Forest"
The Oddlands: Swamps Foil Edition,Secret Lair Drop,Other,SLD,2026-09-29,10.0,"Island, Plains, Swamp, Mountain, Forest"
The Office: Dwight's Destiny,Secret Lair Drop,Other,SLD,2025-10-27,95.05,"Heliod, Sun-Crowned, Swords to Plowshares, Steelshaper's Gift, Reaper King, Baral, Chief of Compliance"
The Office: Dwight's Destiny Foil Edition,Secret Lair Drop,Other,SLD,2025-10-27,95.05,"Heliod, Sun-Crowned, Swords to Plowshares, Steelshaper's Gift, Reaper King, Baral, Chief of Compliance"
The Path Not Traveled,Secret Lair Drop,Other,SLD,2020-06-03,17.94,"Ajani Steadfast, Vraska, Golgari Queen, Tamiyo, Field Researcher, Domri Rade"
The Plague,Theme Deck,Other,USG,1998-10-12,10.16,"Worship, Pariah, Pestilence, Plains, Swamp"
The Plague - Enhanced Deck,Enhanced Deck,Other,USG,1998-10-12,71.89,"Reflecting Pool, Wall of Nets, Dark Ritual, Worship, Marble Titan"
The Princess Bride,Secret Lair Drop,Other,SLD,2023-11-30,311.49,"Sisay, Weatherlight Captain, Fynn, the Fangbearer, Samut, Voice of Dissent, Battle of Wits, Silence"
The Princess Bride Foil Edition,Secret Lair Drop,Other,SLD,2023-11-30,311.49,"Sisay, Weatherlight Captain, Fynn, the Fangbearer, Samut, Voice of Dissent, Battle of Wits, Silence"
The River Heralds,Arena Starter Deck,Other,DOM,2018-03-22,54.69,"Herald of Secret Streams, Tishana, Voice of Thunder, Hadana's Climb // Winged Temple of Orazca, Mist-Cloaked Herald, Forerunner of the Heralds"
The Siege of Alexandria,Box Set,Other,FIN,2025-06-13,97.74,"Vivi's Persistence, Brilliant Wings, Judgment of Alexander, Search for Dagger, Amarant Coral"
The Slivers,Theme Deck,Other,TMP,1997-10-14,5.32,"Counterspell, Ertai's Meddling, Extinction, Winged Sliver, Fevered Convulsions"
The Slivers - Advanced Deck,Advanced Deck,Other,TMP,1997-10-14,19.32,"Underground River, Counterspell, Nevinyrral's Disk, Impulse, Winged Sliver"
The Space Beyond the Stars,Secret Lair Drop,Other,SLD,2022-12-05,53.26,"Stasis, Prismatic Omen, Imprisoned in the Moon, Wheel of Sun and Moon"
The Space Beyond the Stars Foil Edition,Secret Lair Drop,Other,SLD,2022-12-05,53.26,"Stasis, Prismatic Omen, Imprisoned in the Moon, Wheel of Sun and Moon"
The Sparkler,Theme Deck,Other,STH,1998-03-02,23.71,"Intruder Alarm, Propaganda, Counterspell, Reins of Power, Searing Touch"
The Sparkler - Advanced Deck,Advanced Deck,Other,STH,1998-03-02,23.79,"Jokulhaups, Propaganda, Counterspell, Searing Touch, Earthquake"
The Spikes,Theme Deck,Other,STH,1998-03-02,19.83,"Hermit Druid, Spike Feeder, Heartstone, Forest, Rampant Growth"
The Spikes - Advanced Deck,Advanced Deck,Other,STH,1998-03-02,147.29,"Reflecting Pool, Undiscovered Paradise, City of Brass, Armageddon, Gemstone Mine"
The Stars Gaze Back,Secret Lair Drop,Other,SLD,2023-08-29,87.02,"Omnath, Locus of Rage, Flamekin Harbinger, Risen Reef, Voice of Resurgence"
The Stars Gaze Back Foil Edition,Secret Lair Drop,Other,SLD,2023-08-29,87.02,"Omnath, Locus of Rage, Flamekin Harbinger, Risen Reef, Voice of Resurgence"
The Strange Sands: Forest,Secret Lair Drop,Other,SLD,2025-01-15,5.19,Forest
The Strange Sands: Forest Foil Edition,Secret Lair Drop,Other,SLD,2025-01-15,5.19,Forest
The Strange Sands: Island,Secret Lair Drop,Other,SLD,2025-01-15,12.94,Island
The Strange Sands: Island Foil Edition,Secret Lair Drop,Other,SLD,2025-01-15,12.94,Island
The Strange Sands: Mountain,Secret Lair Drop,Other,SLD,2025-01-15,5.08,Mountain
The Strange Sands: Mountain Foil Edition,Secret Lair Drop,Other,SLD,2025-01-15,5.08,Mountain
The Strange Sands: Plains,Secret Lair Drop,Other,SLD,2025-01-15,4.76,Plains
The Strange Sands: Plains Foil Edition,Secret Lair Drop,Other,SLD,2025-01-15,4.76,Plains
The Strange Sands: Swamp,Secret Lair Drop,Other,SLD,2025-01-15,5.12,Swamp
The Strange Sands: Swamp Foil Edition,Secret Lair Drop,Other,SLD,2025-01-15,5.12,Swamp
The Sun Empire,Arena Starter Deck,Other,DOM,2018-03-22,41.92,"Forerunner of the Empire, Samut, Voice of Dissent, Verdant Sun's Avatar, Ranging Raptors, Needletooth Raptor"
The Swarm,Theme Deck,Other,TMP,1997-10-14,102.15,"Aluren, Recycle, Forest, Muscle Sliver, Forest"
The Swarm - Advanced Deck,Advanced Deck,Other,TMP,1997-10-14,132.29,"Aluren, Birds of Paradise, Armageddon, Brushland, Uktabi Orangutan"
The Tokyo Lands,Secret Lair Drop,Other,SLD,2022-09-13,92.5,"Plains, Swamp, Forest, Island, Mountain"
The Tokyo Lands Foil Etched Edition,Secret Lair Drop,Other,SLD,2022-09-13,92.5,"Plains, Swamp, Forest, Island, Mountain"
The Unfathomable Crushing Brutality of Basic Lands,Secret Lair Drop,Other,SLD,2021-04-13,75.61,"Swamp, Mountain, Island, Forest, Plains"
The Unfathomable Crushing Brutality of Basic Lands Foil Edition,Secret Lair Drop,Other,SLD,2021-04-13,75.61,"Swamp, Mountain, Island, Forest, Plains"
The Walking Dead,Secret Lair Drop,Other,SLD,2020-10-13,83.71,"Greymond, Avacyn's Stalwart, Hansk, Slayer Zealot, Malik, Grim Manipulator, Gregor, Shrewd Magistrate, Enkira, Hostile Scavenger"
The Weirdest Pets in the Multiverse,Secret Lair Drop,Other,SLD,2022-12-05,74.7,"Beast Whisperer, Stitcher's Supplier, Laboratory Maniac, Wood Elves, Vizier of the Menagerie"
The Weirdest Pets in the Multiverse Foil Edition,Secret Lair Drop,Other,SLD,2022-12-05,74.7,"Beast Whisperer, Stitcher's Supplier, Laboratory Maniac, Wood Elves, Vizier of the Menagerie"
The Wilds and the Deep,Intro Pack,Other,JOU,2014-05-02,32.34,"Archetype of Imagination, Kiora's Follower, Triton Shorestalker, Forest, Market Festival"
Their Magic is Limitless,Secret Lair Drop,Other,SLD,2026-07-22,83.44,"Finale of Devastation, Coat of Arms, Dark Ritual, Sol Ring, Lathril, Blade of the Elves"
Their Magic is Limitless Foil Edition,Secret Lair Drop,Other,SLD,2026-07-22,83.44,"Finale of Devastation, Coat of Arms, Dark Ritual, Sol Ring, Lathril, Blade of the Elves"
Theros Beyond Death Bundle Land Pack,Bundle Land Pack,Other,THB,2020-01-24,0.0,"Plains, Plains, Mountain, Mountain, Plains"
Theros Beyond Death Foil Redemption,MTGO Redemption,Other,THB,2020-02-23,289.67,"Shadowspear, Thassa, Deep-Dwelling, Nyxbloom Ancient, Heliod, Sun-Crowned, Thassa's Oracle"
Theros Beyond Death Redemption,MTGO Redemption,Other,THB,2020-02-23,289.67,"Shadowspear, Thassa, Deep-Dwelling, Nyxbloom Ancient, Heliod, Sun-Crowned, Thassa's Oracle"
Theros Fat Pack Land Pack,Bundle Land Pack,Other,THS,2013-09-27,4.78,"Forest, Plains, Island, Forest, Island"
Theros Foil Redemption,MTGO Redemption,Other,THS,2013-10-27,561.42,"Nykthos, Shrine to Nyx, Swan Song, Purphoros, God of the Forge, Medomai the Ageless, Erebos, God of the Dead"
Theros Holiday Gift Box Land Pack,Bundle Land Pack,Other,THS,2013-11-15,4.78,"Forest, Plains, Island, Forest, Island"
Theros Redemption,MTGO Redemption,Other,THS,2013-10-27,561.42,"Nykthos, Shrine to Nyx, Swan Song, Purphoros, God of the Forge, Medomai the Ageless, Erebos, God of the Dead"
Theros Stargazing: Vol. I (Heliod),Secret Lair Drop,Other,SLD,2020-02-14,63.89,"Iroas, God of Victory, Karametra, God of Harvests, Heliod, God of the Sun"
Theros Stargazing: Vol. II (Thassa),Secret Lair Drop,Other,SLD,2020-02-14,51.95,"Thassa, God of the Sea, Ephara, God of the Polis, Kruphix, God of Horizons"
Theros Stargazing: Vol. III (Erebos),Secret Lair Drop,Other,SLD,2020-02-14,95.89,"Athreos, God of Passage, Phenax, God of Deception, Erebos, God of the Dead"
Theros Stargazing: Vol. IV (Purphoros),Secret Lair Drop,Other,SLD,2020-02-14,88.71,"Purphoros, God of the Forge, Keranos, God of Storms, Mogis, God of Slaughter"
Theros Stargazing: Vol. V (Nylea),Secret Lair Drop,Other,SLD,2020-02-14,55.63,"Nylea, God of the Hunt, Xenagos, God of Revels, Pharika, God of Affliction"
They Grow Up So Fast,Secret Lair Drop,Other,SLD,2025-03-25,55.59,"Dragonlord Dromoka // Dragonlord Dromoka, Dragonlord Kolaghan // Dragonlord Kolaghan, Dragonlord Atarka // Dragonlord Atarka, Dragonlord Silumgar // Dragonlord Silumgar, Dragonlord Ojutai // Dragonlord Ojutai"
They Grow Up So Fast Foil Edition,Secret Lair Drop,Other,SLD,2025-03-25,55.59,"Dragonlord Dromoka // Dragonlord Dromoka, Dragonlord Kolaghan // Dragonlord Kolaghan, Dragonlord Atarka // Dragonlord Atarka, Dragonlord Silumgar // Dragonlord Silumgar, Dragonlord Ojutai // Dragonlord Ojutai"
Think Again 1,Jumpstart,Other,J22,2022-12-02,3.49,"Jace, Arcane Strategist, Serum Visions, Spectral Sailor, Faerie Vandal, Thriving Isle"
Think Again 2,Jumpstart,Other,J22,2022-12-02,8.62,"Alandra, Sky Dreamer, Spectral Sailor, Hedron Archive, Faerie Vandal, Thriving Isle"
Think Again 3,Jumpstart,Other,J22,2022-12-02,8.62,"Alandra, Sky Dreamer, Spectral Sailor, Faerie Vandal, Thriving Isle, Merfolk Pupil"
Think Again 4,Jumpstart,Other,J22,2022-12-02,1.0,"Spectral Sailor, Faerie Formation, Military Intelligence, Faerie Vandal, Thriving Isle"
Thor,Jumpstart,Other,MSH,2026-06-26,8.04,"Lightning Bolt, Asgardian Inspiration, Origin of Thor, Thor, Asgard's Avenger, Loki Laufeyson"
Thought Invoker,Shandalar Enemy Deck,Other,PAST,1997-04-01,56.53,"Time Elemental, Energy Flux, Giant Tortoise, Mahamoti Djinn, Mana Short"
Thoughts of the Wind,Theme Deck,Other,PS11,2011-01-01,0.0,"Island, Island, Island, Island, Air Elemental"
Thrilling Tales of the Undead,Secret Lair Drop,Other,SLD,2022-01-28,106.96,"Gravecrawler, Rise of the Dark Realms, Liliana, Death's Majesty"
Thrilling Tales of the Undead Foil Edition,Secret Lair Drop,Other,SLD,2022-01-28,106.96,"Gravecrawler, Rise of the Dark Realms, Liliana, Death's Majesty"
Thrive and Thrash,Event Deck,Other,GTC,2013-02-22,30.35,"Deadeye Navigator, Arbor Elf, Strangleroot Geist, Farseek, Gruul Ragebeast"
Throne of Eldraine Bundle Land Pack,Bundle Land Pack,Other,ELD,2019-10-04,0.0,"Plains, Plains, Swamp, Swamp, Swamp"
Throne of Eldraine Foil Redemption,MTGO Redemption,Other,ELD,2019-11-03,254.19,"The Great Henge, Embercleave, Oko, Thief of Crowns, Wishclaw Talisman, Ayara, First of Locthwain"
Throne of Eldraine Redemption,MTGO Redemption,Other,ELD,2019-11-03,254.19,"The Great Henge, Embercleave, Oko, Thief of Crowns, Wishclaw Talisman, Ayara, First of Locthwain"
Through the Wormhole,Secret Lair Drop,Other,SLD,2023-12-05,214.23,"Sol Ring, Arcane Signet, Command Tower, Thought Vessel, Lightning Greaves"
Through the Wormhole Galaxy Foil Edition,Secret Lair Drop,Other,SLD,2023-12-05,410.32,"Sol Ring, Arcane Signet, Command Tower, Thought Vessel, Lightning Greaves"
Thunderbolts,Jumpstart,Other,MSH,2026-06-26,4.98,"Citizen V, Helmut Zemo, Valentina Allegra de Fontaine, Songbird, Sonic Screamer, Fixer, Techno Terror, Swamp"
Tibalt,Duel Deck,Other,DDK,2013-03-15,0.0,"Sulfuric Vortex, Faithless Looting, Corpse Connoisseur, Tibalt, the Fiend-Blooded, Hellrider"
Tidal Mastery,Theme Deck,Other,MMQ,1999-10-04,512.76,"Counterspell, Thwart, War Tax, Diplomatic Escort, Saprazzan Legate"
Tidal Mastery - Enhanced Deck,Enhanced Deck,Other,MMQ,1999-10-04,969.64,"Palinchron, Counterspell, Thwart, Mother of Runes, War Tax"
Time Curse,Theme Deck,Other,S99,1999-07-12,19.31,"Time Warp, Counterspell, Island, Island, Island"
Time Drain,Theme Deck,Other,ULG,1999-02-15,809.83,"Snap, Cloud of Faeries, Frantic Search, Treetop Village, Faerie Conclave"
Time Drain - Enhanced Deck,Enhanced Deck,Other,ULG,1999-02-15,1009.74,"Palinchron, Snap, Cloud of Faeries, Miscalculation, Reflecting Pool"
Time Spiral Fat Pack Land Pack,Bundle Land Pack,Other,TSP,2006-10-06,0.0,"Island, Swamp, Swamp, Island, Mountain"
Time Spiral Foil Redemption,MTGO Redemption,Other,TSP,2006-11-05,2829.58,"Gemstone Caverns, Scion of the Ur-Dragon, Ophidian Eye, Snapback, Reiterate"
Time Spiral Redemption,MTGO Redemption,Other,TSP,2006-11-05,2829.58,"Gemstone Caverns, Scion of the Ur-Dragon, Ophidian Eye, Snapback, Reiterate"
Time Spiral Timeshifted Foil Redemption,MTGO Redemption,Other,TSB,2006-11-05,2030.77,"Claws of Gix, Tormod's Crypt, Dandân, Darkness, Akroma, Angel of Wrath"
Time Spiral Timeshifted Redemption,MTGO Redemption,Other,TSB,2006-11-05,2030.77,"Claws of Gix, Tormod's Crypt, Dandân, Darkness, Akroma, Angel of Wrath"
Time Trouble Two,Secret Lair Drop,Other,SLD,2022-12-19,40.66,"Narset, Parter of Veils, Nissa, Who Shakes the World, Tezzeret, Agent of Bolas"
Time Trouble Two Foil Edition,Secret Lair Drop,Other,SLD,2022-12-19,40.66,"Narset, Parter of Veils, Nissa, Who Shakes the World, Tezzeret, Agent of Bolas"
Titanic 1,Jumpstart,Other,BRO,2022-11-18,3.9,"Sarinth Steelseeker, Gaea's Gift, Bushwhack, Cradle Clearcutter, Woodcaller Automaton"
Titanic 2,Jumpstart,Other,BRO,2022-11-18,2.77,"Sarinth Steelseeker, Bushwhack, Cradle Clearcutter, Woodcaller Automaton, Iron-Craw Crusher"
To Adventure!,Arena Starter Deck,Other,M21,2021-07-03,4.46,"Ironscale Hydra, Realm-Cloaked Giant // Cast Off, Plains, Lovestruck Beast // Heart's Desire, Victory's Envoy"
Toby's Journey by Gary Baseman,Secret Lair Drop,Other,SLD,2026-06-16,41.99,"Prismatic Vista, Farseek, Sovereign Okinec Ahau, Trailblazer's Boots, Long Goodbye"
Toby's Journey by Gary Baseman Foil Edition,Secret Lair Drop,Other,SLD,2026-06-16,41.99,"Prismatic Vista, Farseek, Sovereign Okinec Ahau, Trailblazer's Boots, Long Goodbye"
Tokens,Deck Builder's Toolkit,Other,M14,2013-07-19,0.0,"Druid's Deliverance, Vitu-Ghazi Guildmage, Call of the Conclave, Slime Molding, Centaur's Herald"
Tom van de Logt - Machine Head,World Championship Deck,Other,WC01,2001-08-08,38.41,"Rishadan Port, Dark Ritual, Swamp, Sulfurous Springs, Swamp"
Tom van de Logt - Replenish,World Championship Deck,Other,WC00,2000-08-02,200.07,"Replenish, Enlightened Tutor, Parallax Tide, Mystical Tutor, Opalescence"
Tomb Raider,Secret Lair Drop,Other,SLD,2023-12-05,164.86,"Shadowspear, Lara Croft, Tomb Raider, Academy Ruins, Bow of Nylea, Search for Azcanta // Azcanta, the Sunken Ruin"
Tomb Raider Foil Edition,Secret Lair Drop,Other,SLD,2023-12-05,164.86,"Shadowspear, Lara Croft, Tomb Raider, Academy Ruins, Bow of Nylea, Search for Azcanta // Azcanta, the Sunken Ruin"
Tombstone,Theme Deck,Other,USG,1998-10-12,16.49,"Victimize, Island, Exhume, Turnabout, Island"
Tombstone - Enhanced Deck,Enhanced Deck,Other,USG,1998-10-12,133.03,"Reflecting Pool, Reanimate, Living Death, Armageddon, Underground River"
Tome of the Astral Sorceress,Secret Lair Drop,Other,SLD,2024-10-01,47.07,"Preordain, Teferi's Ageless Insight, Back to Basics, Sphinx of the Second Sun"
Tome of the Astral Sorceress Foil Edition,Secret Lair Drop,Other,SLD,2024-10-01,47.07,"Preordain, Teferi's Ageless Insight, Back to Basics, Sphinx of the Second Sun"
Too Many,Jumpstart,Other,J25,2024-11-07,1.77,"Fiendish Duo, Reckless Impulse, Krenko's Command, Goblin Surprise, Thriving Bluff"
Toph,Jumpstart,Other,TLE,2025-11-20,55.85,"Toph, Earthbending Master, Solid Ground, Tale of Katara and Toph, Frog-Squirrels, Origin of Metalbending"
Torment Foil Redemption,MTGO Redemption,Other,TOR,2002-03-06,2717.34,"Grim Lavamancer, Cabal Ritual, Cabal Coffers, Insidious Dreams, Overmaster"
Torment Redemption,MTGO Redemption,Other,TOR,2002-03-06,2717.34,"Grim Lavamancer, Cabal Ritual, Cabal Coffers, Insidious Dreams, Overmaster"
Totally Merciless,Jumpstart,Other,DMU,2022-09-09,3.07,"Swamp, Knight of Dusk's Shadow, Swamp, Swamp, Writhing Necromass"
Totally Ruthless,Jumpstart,Other,DMU,2022-09-09,6.19,"Cut Down, Swamp, Cult Conscript, Swamp, Swamp"
Totally Spaced Out Galaxy Foil Edition,Secret Lair Drop,Other,SLD,2022-12-05,140.22,"Strip Mine, Command Beacon, Fabled Passage, Ash Barrens"
Totem Power,Intro Pack,Other,ROE,2010-04-23,70.26,"Soul's Attendant, Kor Spiritdancer, Forest, Forest, Plains"
Towering,Jumpstart,Other,MSH,2026-06-26,1.04,"Giant-Man, Gargantuan Genius, Ms. Marvel, Elastic Ally, Goliath, Mass Manipulator, Ant-Man, Reformed Rogue, Forest"
Toxic 1,Jumpstart,Other,ONE,2023-02-10,1.26,"Infectious Bite, Goliath Hatchery, Cankerbloom, Ichorspit Basilisk, The Hunter Maze"
Toxic 2,Jumpstart,Other,ONE,2023-02-10,1.82,"Tyvar's Stand, Goliath Hatchery, Cankerbloom, The Hunter Maze, Forest"
Tragic Romance,Secret Lair Drop,Other,SLD,2025-03-25,213.31,"Kaalia of the Vast, Skithiryx, the Blight Dragon, Master of Cruelties, Angel of Despair"
Tragic Romance Foil Edition,Secret Lair Drop,Other,SLD,2025-03-25,213.31,"Kaalia of the Vast, Skithiryx, the Blight Dragon, Master of Cruelties, Angel of Despair"
Trained,Jumpstart,Other,MSH,2026-06-26,4.86,"Shang-Chi, Martial Mentor, Advancing the Spirit, She-Hulk, Attorney-at-Law, Forest, Restorative Technique"
Trample Civilization Underfoot,Archenemy Deck,Other,ARC,2010-06-18,10.88,"Armadillo Cloak, Rancor, Path to Exile, Fog, Khalni Garden"
Transference,Theme Deck,Other,DST,2004-02-06,315.06,"Skullclamp, Reshape, Seat of the Synod, Arcbound Reclaimer, Voltaic Construct"
"Transformers: One Shall Stand, One Shall Fall",Secret Lair Drop,Other,SLD,2022-12-19,57.25,"Plains, Mountain, Swamp, Island, Forest"
"Transformers: One Shall Stand, One Shall Fall Foil Edition",Secret Lair Drop,Other,SLD,2022-12-19,57.25,"Plains, Mountain, Swamp, Island, Forest"
Transformers: Optimus Prime vs. Megatron,Secret Lair Drop,Other,SLD,2022-12-19,133.77,"Blightsteel Colossus // Blightsteel Colossus, Darksteel Colossus // Darksteel Colossus, Doubling Cube // Doubling Cube"
Transformers: Optimus Prime vs. Megatron Foil Edition,Secret Lair Drop,Other,SLD,2022-12-19,133.77,"Blightsteel Colossus // Blightsteel Colossus, Darksteel Colossus // Darksteel Colossus, Doubling Cube // Doubling Cube"
Transformers: Roll Out or Rise Up,Secret Lair Drop,Other,SLD,2022-12-19,114.49,"Fabricate, Dramatic Reversal, True Conviction, Greater Good, By Force"
Transformers: Roll Out or Rise Up Foil Edition,Secret Lair Drop,Other,SLD,2022-12-19,114.49,"Fabricate, Dramatic Reversal, True Conviction, Greater Good, By Force"
Treasure 1,Jumpstart,Other,J22,2022-12-02,0.0,"Captain Lannery Storm, Thriving Bluff, Rapacious Dragon, Sudden Breakthrough, Blood Aspirant"
Treasure 2,Jumpstart,Other,J22,2022-12-02,7.64,"Professional Face-Breaker, Reckless Fireweaver, Thriving Bluff, Rapacious Dragon, Blood Aspirant"
Treasure 3,Jumpstart,Other,J22,2022-12-02,13.21,"Goldspan Dragon, Big Score, Thriving Bluff, Rapacious Dragon, Vault Robber"
Treasure 4,Jumpstart,Other,J22,2022-12-02,0.0,"Gadrak, the Crown-Scourge, Thriving Bluff, Rapacious Dragon, Blood Aspirant, Gleaming Barrier"
Treasure Hunt,Arena Starter Deck,Other,AFR,2021-09-24,42.09,"Goldspan Dragon, Xorn, Blightstep Pathway // Searstep Pathway, Soul Shatter, Shambling Ghast"
Treasures (1),Jumpstart,Other,J25,2024-11-07,10.36,"Pitiless Plunderer, Evereth, Viceroy of Plunder, Ruthless Technomancer, Deadly Dispute, Shambling Ghast"
Treasures (2),Jumpstart,Other,J25,2024-11-07,12.85,"Vault of Whispers, Pitiless Plunderer, Evereth, Viceroy of Plunder, Deadly Dispute, Shambling Ghast"
Treasures of Smaug,Box Set,Other,HOB,2026-08-14,44.3,"Smaug the Impenetrable, Necklace of Girion, Dragon-Cursed Halls, Dragon's Desire, Long-Lost Lances"
Tree-Hugging (1),Jumpstart,Other,JMP,2020-07-17,1.2,"Primordial Sage, Llanowar Visionary, Gnarled Sage, Nature's Way, Wall of Blossoms"
Tree-Hugging (2),Jumpstart,Other,JMP,2020-07-17,1.2,"Primordial Sage, Llanowar Visionary, Gnarled Sage, Nature's Way, Wall of Blossoms"
Tree-Hugging (3),Jumpstart,Other,JMP,2020-07-17,0.0,"Llanowar Visionary, Gnarled Sage, Nature's Way, Wall of Blossoms, Thriving Grove"
Tree-Hugging (4),Jumpstart,Other,JMP,2020-07-17,1.5,"Soul of the Harvest, Llanowar Visionary, Gnarled Sage, Nature's Way, Wall of Blossoms"
Trick or Treat,Secret Lair Drop,Other,SLD,2025-10-27,80.08,"Vito, Thorn of the Dusk Rose, Wilhelt, the Rotcleaver, Liberator, Urza's Battlethopter, Voja, Jaws of the Conclave, Satoru Umezawa"
Trick or Treat Foil Edition,Secret Lair Drop,Other,SLD,2025-10-27,80.08,"Vito, Thorn of the Dusk Rose, Wilhelt, the Rotcleaver, Liberator, Urza's Battlethopter, Voja, Jaws of the Conclave, Satoru Umezawa"
Tricksters,Jumpstart,Other,MSH,2026-06-26,84.19,"Loki, Lord of Misrule, Multiversal Recruitment, Impossible Man, Living Lies of Loki, Kid Loki"
Tricksy 1,Jumpstart,Other,LTR,2023-06-23,3.71,"Elvish Mariner, Meneldor, Swift Savior, Arwen's Gift, Elrond, Lord of Rivendell, Glorious Gale"
Tricksy 2,Jumpstart,Other,LTR,2023-06-23,3.71,"Elvish Mariner, Arwen's Gift, Elrond, Lord of Rivendell, Saruman the White, Saruman's Trickery"
Troll Shaman,Shandalar Enemy Deck,Other,PAST,1997-04-01,423.68,"Mountain, Strip Mine, Oasis, Dancing Scimitar, Shivan Dragon"
Trounce-O-Matic,Theme Deck,Other,ODY,2001-10-01,612.41,"Roar of the Wurm, Careful Study, Predict, Metamorphic Wurm, Peek"
Truth Seekers,Theme Deck,Other,SOK,2005-06-03,132.36,"Rune-Tail, Kitsune Ascendant // Rune-Tail's Essence, Honden of Cleansing Fire, Honden of Life's Web, Nikko-Onna, Bounteous Kirin"
Turnabout,Theme Deck,Other,SHM,2008-05-02,478.55,"Umbral Mantle, Devoted Druid, Pili-Pala, Rhys the Redeemed, Seedcradle Witch"
Turnaround,Theme Deck,Other,PCY,2000-06-05,1260.56,"Daze, Rhystic Study, Foil, Seal of Cleansing, Mageta the Lion"
Twisted Reality,Intro Pack,Other,OGW,2016-01-22,22.53,"Bane of Bala Ged, Kozilek's Channeler, Scour from Existence, Titan's Presence, Endless One"
Twisted Toons,Secret Lair Drop,Other,SLD,2025-03-25,67.47,"Culling the Weak, Silence, Winds of Abandon, Fatal Push, Young Wolf"
Twisted Toons Foil Edition,Secret Lair Drop,Other,SLD,2025-03-25,67.47,"Culling the Weak, Silence, Winds of Abandon, Fatal Push, Young Wolf"
Ultimate Sacrifice,Event Deck,Other,BFZ,2015-10-02,42.91,"Zulaport Cutthroat, Hangarback Walker, Grim Haruspex, Llanowar Wastes, Murderous Cut"
Ultron,Jumpstart,Other,MSH,2026-06-26,61.04,"Ultron the Annihilator, Ultron's Auxiliary, Doombot Harbinger, Swamp, Minion Missile"
Uncanny,Jumpstart,Other,MSH,2026-06-26,18.69,"Wolverine, Claws Out, X-23, Deadly Weapon, Storm, Shaker of Skies, Colossus, Steel Stalwart, Darwin, Adaptive Mutant"
Uncharted,Secret Lair Drop,Other,SLD,2025-11-06,42.12,"Passionate Archaeologist, Whip of Erebos, Nathan Drake, Treasure Hunter, Midnight Clock, Chain Reaction"
Uncharted Foil Edition,Secret Lair Drop,Other,SLD,2025-11-06,42.12,"Passionate Archaeologist, Whip of Erebos, Nathan Drake, Treasure Hunter, Midnight Clock, Chain Reaction"
Undead,Jumpstart,Other,FDN,2024-11-15,4.95,"Death Baron, Reassembling Skeleton, Undying Malice, Swamp, Deadly Plot"
Undead Knight,Shandalar Enemy Deck,Other,PAST,1997-04-01,85.82,"El-Hajjâj, Flying Carpet, Bad Moon, Nightmare, Black Knight"
Under the Sea (1),Jumpstart,Other,JMP,2020-07-17,0.0,"Waker of Waves, Rousing Read, Tolarian Kraken, Thriving Isle, Aegis Turtle"
Under the Sea (2),Jumpstart,Other,JMP,2020-07-17,0.0,"Whelming Wave, Waker of Waves, Cryptic Serpent, Thriving Isle, Aegis Turtle"
Underwater,Jumpstart,Other,TLE,2025-11-20,4.93,"Tui and La, Moon and Ocean, Coastal Piracy, Thriving Isle, Island, Unagi's Spray"
Underworld Herald,Event Deck,Other,BNG,2014-02-28,30.03,"Crypt Ghast, Gift of Orzhova, Pack Rat, Desecration Demon, Agent of the Fates"
Unearthed 1,Jumpstart,Other,BRO,2022-11-18,0.0,"Go for the Throat, Gruesome Realization, Terror Ballista, No One Left Behind, Ashnod's Intervention"
Unearthed 2,Jumpstart,Other,BRO,2022-11-18,0.0,"Gnawing Vermin, Overwhelming Remorse, Transmogrant Altar, Gruesome Realization, Terror Ballista"
Unearthed Secrets,Intro Pack,Other,SOI,2016-04-08,5.96,"Tireless Tracker, Erdwal Illuminator, Watcher in the Web, Gone Missing, Forest"
Unflinching Assault,Intro Pack,Other,FRF,2015-01-23,8.56,"Merciless Executioner, Chief of the Edge, Cruel Sadist, Elite Scaleguard, Plains"
Unicorns,Jumpstart,Other,JMP,2020-07-17,21.86,"Emiel the Blessed, Blessed Sanctuary, Cloudshift, Plains, Plains"
United Assault,Challenger Deck,Other,Q02,2019-04-12,12.61,"Legion's Landing // Adanto, the First Fort, History of Benalia, Dauntless Bodyguard, Benalish Marshal, Leonin Vanguard"
Unlikely Alliances,Intro Pack,Other,EMN,2016-07-22,3.82,"Campaign of Vengeance, Repel the Abominable, Blessed Alliance, Sanitarium Skeleton, Swamp"
Unlucky Thirteen,Jumpstart,Other,J22,2022-12-02,7.74,"Tree of Perdition, Exsanguinate, Sling-Gang Lieutenant, Triskaidekaphobia, Gnawing Zombie"
Unnatural Forces,MTGO Theme Deck,Other,VIS,2006-04-10,33.23,"Necromancy, Flooded Shoreline, Swamp, Island, Impulse"
Unnatural Schemes,Intro Pack,Other,ARB,2009-04-30,45.37,"Terramorphic Expanse, Nemesis of Reason, Lich Lord of Unx, Island, Fatestitcher"
Unraveling Mind,Theme Deck,Other,PLC,2007-02-02,118.68,"Mirri the Cursed, Mindlash Sliver, Phantasmagorian, Dauthi Slayer, Big Game Hunter"
Unstable Terrain,Intro Pack,Other,ZEN,2009-10-02,35.02,"Roil Elemental, Harrow, Sage Owl, Turntimber Basilisk, Grazing Gladehart"
Untamed Wild,Intro Pack,Other,EMN,2016-07-22,4.12,"Silverfur Partisan, Blood Mist, Primal Druid, Assembled Alphas, Furyblade Vampire"
Up and Away,Starter Kit,Other,SNC,2022-06-03,11.33,"Hullbreaker Horror, Welcoming Vampire, Inspiring Overseer, Consuming Tide, Dreamshackle Geist"
Urza's,Jumpstart,Other,J22,2022-12-02,17.29,"Walking Ballista, Karn Liberated, Expedition Map, Urza's Power Plant, Urza's Tower"
Valentine's Day 2021,Secret Lair Drop,Other,SLD,2021-04-13,57.9,"Boros Charm, Gisela, Blade of Goldnight, Goblin Rabblemaster, Monastery Swiftspear"
Valentine's Day 2021 Foil Edition,Secret Lair Drop,Other,SLD,2021-04-13,57.9,"Boros Charm, Gisela, Blade of Goldnight, Goblin Rabblemaster, Monastery Swiftspear"
Valentine's Day 2021 Replacement Heliod Pack,Secret Lair Drop,Other,SLD,2021-05-27,30.01,"Heliod, Sun-Crowned"
Valentine's Day 2021 Replacement Heliod Pack Foil Edition,Secret Lair Drop,Other,SLD,2021-05-27,30.01,"Heliod, Sun-Crowned"
Vampire Lord,Shandalar Enemy Deck,Other,PAST,1997-04-01,272.53,"Sorceress Queen, Mana Vault, Carrion Ants, Howling Mine, Animate Dead"
Vampire Onslaught,Event Deck,Other,M12,2011-08-12,285.18,"Verdant Catacombs, Blade of the Bloodchief, Bloodghast, Pawn of Ulamog, Dismember"
Vampires,Deck Builder's Toolkit,Other,MBS,2011-03-11,15.92,"Vampire Nighthawk, Pulse Tracker, Urge to Feed, Feast of Blood, Gatekeeper of Malakir"
Vampires (1),Jumpstart,Other,JMP,2020-07-17,17.04,"Vito, Thorn of the Dusk Rose, Blood Artist, Silversmote Ghoul, Swamp, Sanguine Indulgence"
Vampires (2),Jumpstart,Other,J25,2024-11-07,5.14,"Creeping Bloodsucker, Vampire of the Dire Moon, Sanctum Seeker, Blood Fountain, Urge to Feed"
Vampires (3),Jumpstart,Other,JMP,2020-07-17,40.7,"Exquisite Blood, Silversmote Ghoul, Swamp, Sangromancer, Sanguine Indulgence"
Vampires (4),Jumpstart,Other,JMP,2020-07-17,4.5,"Drana, Liberator of Malakir, Silversmote Ghoul, Swamp, Sanguine Indulgence, Gifted Aetherborn"
Vampiric Thirst,Intro Pack,Other,SOI,2016-04-08,8.78,"Alms of the Vein, Indulgent Aristocrat, Olivia's Bloodsworn, Markov Dreadknight, Tormenting Voice"
Vehicle Rush,Challenger Deck,Other,Q01,2018-04-06,32.69,"Skysovereign, Consul Flagship, Spire of Industry, Inspiring Vantage, Dragonskull Summit, Swamp"
Vehicles,Jumpstart,Other,J22,2022-12-02,10.03,"Lita, Mechanical Engineer, Peacewalker Colossus, Aradara Express, Thriving Heath, Hotshot Mechanic"
Venser,Duel Deck,Other,DDI,2012-03-30,20.69,"Sigil of Sleep, Venser, the Sojourner, Steel of the Godhead, Path to Exile, Preordain"
Vicious Cycle,Intro Pack,Other,OGW,2016-01-22,12.73,"Brood Monitor, Smothering Abomination, Blighted Woodland, Wastes, Wastes"
Villains Unleashed,Box Set,Other,MSH,2026-06-26,16.3,"M.O.D.O.K., Evil Intellect, Ultron, Machine Overlord, Thanos, Death's Consort, Absorbing Man and Titania, Abomination, Irradiated Brute"
Viva Las Rakdos,Secret Lair Drop,Other,SLD,2025-05-13,55.75,"Beseech the Mirror, Lightning Greaves, Talisman of Indulgence, Dark Petition, Light Up the Stage"
Vivien,Planeswalker Deck,Other,M19,2018-07-13,6.65,"Colossal Majesty, Vivien of the Arkbow, Forest, Forest, Reclamation Sage"
Vivien's Hunt,Arena Promotional Deck,Other,ONE,2023-02-10,8.35,"Titan of Industry, Gala Greeters, Howlpack Piper // Wildsong Howler, Augur of Autumn, Vivien on the Hunt"
"Vivien, Nature's Avenger",Planeswalker Deck,Other,M20,2019-07-29,4.2,"Vivien, Nature's Avenger, Season of Growth, Forest, Aggressive Mammoth, Rabid Bite"
Voracious Rage,Intro Pack,Other,JOU,2014-05-02,8.88,"Searing Blood, Fanatic of Mogis, Swamp, Swamp, Swamp"
Vraska,Duel Deck,Other,DDM,2014-03-14,2.0,"Ohran Viper, Vraska the Unseen, Night's Whisper, Rogue's Passage, Spawnwrithe"
"Vraska, Regal Gorgon",Planeswalker Deck,Other,GRN,2018-10-05,15.04,"Beast Whisperer, Vraska, Regal Gorgon, Lotleth Giant, Forest, Swamp"
"Vraska, Scheming Gorgon",Planeswalker Deck,Other,RIX,2018-01-19,20.77,"Legion Lieutenant, Champion of Dusk, Vraska, Scheming Gorgon, Swamp, Famished Paladin"
Wakanda,Jumpstart,Other,MSH,2026-06-26,2.52,"Black Panther, Most Dangerous, Shuri, Vibranium Technologist, Wakandan Tusker, Ultimate Alliance, Plains"
Waking Nightmares,Theme Deck,Other,TOR,2002-02-08,301.07,"Chainer, Dementia Master, Mesmeric Fiend, Enslaved Dwarf, Tainted Peak, Mountain"
Walk the Plank,Arena Starter Deck,Other,M19,2018-09-27,17.52,"Drowned Catacomb, Siren Stormtamer, Ravenous Chupacabra, Demonlord Belzenlok, Chart a Course"
Walls,Jumpstart,Other,JMP,2020-07-17,0.0,"Towering Titan, Assault Formation, Portcullis Vine, Wall of Blossoms, Thriving Grove"
War Mage,Shandalar Enemy Deck,Other,PAST,1997-04-01,496.03,"Mountain, Mana Vault, Aladdin's Ring, Ball Lightning, Fellwar Stone"
War of Attrition,Event Deck,Other,NPH,2011-06-10,147.24,"Stoneforge Mystic, Puresteel Paladin, Sword of Vengeance, Journey to Nowhere, Leonin Relic-Warder"
War of the Spark Bundle Land Pack,Bundle Land Pack,Other,WAR,2019-05-03,0.0,"Island, Swamp, Mountain, Plains, Island"
War of the Spark Foil Redemption,MTGO Redemption,Other,WAR,2019-06-02,597.76,"Emergence Zone, Finale of Devastation, Neoform, Nicol Bolas, Dragon-God, Bolas's Citadel"
War of the Spark Redemption,MTGO Redemption,Other,WAR,2019-06-02,597.76,"Emergence Zone, Finale of Devastation, Neoform, Nicol Bolas, Dragon-God, Bolas's Citadel"
"Warhammer 40,000: Orks",Secret Lair Drop,Other,SLD,2022-12-05,181.0,"Zurgo Helmsmasher, Krenko, Tin Street Kingpin, Aggravated Assault, Merciless Executioner, Skysovereign, Consul Flagship"
"Warhammer 40,000: Orks Foil Edition",Secret Lair Drop,Other,SLD,2022-12-05,181.0,"Zurgo Helmsmasher, Krenko, Tin Street Kingpin, Aggravated Assault, Merciless Executioner, Skysovereign, Consul Flagship"
Warhammer Age of Sigmar,Secret Lair Drop,Other,SLD,2022-12-05,143.2,"Najeela, the Blade-Blossom, Blind Obedience, Scourge of the Throne, Loxodon Warhammer, Danitha Capashen, Paragon"
Warhammer Age of Sigmar Foil Edition,Secret Lair Drop,Other,SLD,2022-12-05,143.2,"Najeela, the Blade-Blossom, Blind Obedience, Scourge of the Throne, Loxodon Warhammer, Danitha Capashen, Paragon"
Warlock,Shandalar Enemy Deck,Other,PAST,1997-04-01,56.83,"El-Hajjâj, Hypnotic Specter, Dark Ritual, Tawnos's Wand, Swamp"
Warrior's Code,Theme Deck,Other,MOR,2008-02-01,85.8,"Brighthearth Banneret, Boldwyr Heavyweights, Bramblewood Paragon, Unstoppable Ash, Recross the Paths"
Warriors,Jumpstart,Other,TLE,2025-11-20,2.06,"Suki, Kyoshi Captain, Plains, Valorous Stance, Invasion Reinforcements, Thriving Heath"
Warriors (1),Jumpstart,Other,J25,2024-11-07,3.75,"Gornog, the Red Reaper, Ghitu Encampment, Thriving Bluff, Boldwyr Intimidator, Relic Axe"
Warriors (2),Jumpstart,Other,J25,2024-11-07,3.75,"Gornog, the Red Reaper, Infuriate, Ghitu Encampment, Thriving Bluff, Boldwyr Intimidator"
Way Wild,Theme Deck,Other,7ED,2001-04-11,598.46,"Wild Growth, Llanowar Elves, Ancient Silverback, Wood Elves, Blanchwood Armor"
Way of the Warrior,Theme Deck,Other,CHK,2004-10-01,83.95,"Takeno, Samurai General, Bushi Tenderfoot // Kenzo the Hardhearted, Call to Glory, Devoted Retainer, Nagao, Bound by Honor"
We Are Legion,Intro Pack,Other,M10,2009-07-17,42.63,"Lightning Bolt, Soul Warden, Plains, Armored Ascension, Honor of the Pure"
We Hope You Like Squirrels,Secret Lair Drop,Other,SLD,2021-03-15,87.22,"Swarmyard, Krosan Beast, Chatter of the Squirrel, Squirrel Mob, Squirrel Wrangler"
Weapons and Wards,Intro Pack,Other,EMN,2016-07-22,9.4,"Open the Armory, Subjugator Angel, Ulvenwald Observer, Emrakul's Evangel, Gryff's Boon"
Web-Slinging,Jumpstart,Other,MSH,2026-06-26,0.0,"Amazing Spider-Girl, Aunt May, Vault Guardsman, Spider-Man, Web-Slinger, Spider-UK"
Wei Kingdom,Theme Deck,Other,PTK,1999-05-01,174.15,"Cao Cao, Lord of Wei, Sima Yi, Wei Field Marshal, Ambition's Cost, Swamp, Wei Assassins"
Welcome to Castle Dracula,Secret Lair Drop,Other,SLD,2022-05-06,132.69,"Exquisite Blood, Phyrexian Tower, Night's Whisper"
Welcome to Castle Dracula Foil Edition,Secret Lair Drop,Other,SLD,2022-05-06,132.69,"Exquisite Blood, Phyrexian Tower, Night's Whisper"
Welcome to the Fungal,Secret Lair Drop,Other,SLD,2022-12-19,84.04,"Ghave, Guru of Spores, Mycoloth, Slimefoot, the Stowaway, Abundant Growth"
Welcome to the Fungal Foil Edition,Secret Lair Drop,Other,SLD,2022-12-19,84.04,"Ghave, Guru of Spores, Mycoloth, Slimefoot, the Stowaway, Abundant Growth"
Welded 1,Jumpstart,Other,BRO,2022-11-18,0.0,"Artificer's Dragon, Bitter Reunion, Obliterating Bolt, Mishra, Excavation Prodigy, Fallaji Dragon Engine"
Welded 2,Jumpstart,Other,BRO,2022-11-18,0.0,"Artificer's Dragon, Mishra, Excavation Prodigy, Fallaji Dragon Engine, Scrapwork Mutt, Tomakul Scrapsmith"
Well-Read (1),Jumpstart,Other,JMP,2020-07-17,0.0,"Curiosity, Opt, Rousing Read, Island, Tolarian Kraken"
Well-Read (2),Jumpstart,Other,JMP,2020-07-17,0.0,"Curiosity, Capture Sphere, Opt, Rousing Read, Island"
Well-Read (3),Jumpstart,Other,JMP,2020-07-17,64.58,"Rhystic Study, Curiosity, Opt, Island, Tolarian Kraken"
Well-Read (4),Jumpstart,Other,JMP,2020-07-17,0.0,"Curiosity, Read the Runes, Capture Sphere, Opt, Island"
Whim,Shandalar Enemy Deck,Other,PAST,1997-04-01,3631.77,"Mox Pearl, Colossus of Sardia, Carrion Ants, Royal Assassin, Kismet"
Whirlpool,Theme Deck,Other,APC,2001-06-04,423.66,"Opt, Chromatic Sphere, Fire // Ice, Flametongue Kavu, Whirlpool Warrior"
White,Game Night Deck,Other,GNT,2018-11-16,5.11,"Cleansing Nova, Militant Angel, Always Watching, Valiant Knight, Benalish Marshal"
White Black Auras,Deck Builder's Toolkit,Other,ORI,2015-07-17,5.53,"Sage's Reverie, Fetid Imp, Totem-Guide Hartebeest, Blood-Cursed Knight, Auramancer"
White Black Life Gain,Deck Builder's Toolkit,Other,M15,2014-07-18,6.43,"Sunbond, Nyx-Fleece Ram, Sungrace Pegasus, Wall of Limbs, Soulmender"
White Black Warriors,Deck Builder's Toolkit,Other,ORI,2015-07-17,3.08,"Blood-Chin Rager, Mardu Woe-Reaper, Chief of the Edge, Herald of Dromoka, Harsh Sustenance"
White Blue Bestow,Deck Builder's Toolkit,Other,M15,2014-07-18,1.0,"Glimpse the Sun God, Akroan Skyguard, Wingsteed Rider, Skyspear Cavalry, Wavecrash Triton"
White Blue Prowess,Deck Builder's Toolkit,Other,ORI,2015-07-17,0.0,"Mistfire Adept, Void Squall, Ringwarden Owl, Ojutai's Breath, Student of Ojutai"
White Deck,Welcome Deck,Other,SPM,2025-09-26,14.13,"Spider-Man, Peter Parker, Amazing Alliance, MJ, Rising Star, Plains, Spectacular Tactics"
White Deck A,Sample Deck,Other,10E,2008-05-02,13.74,"Holy Day, Angel of Mercy, Angel's Feather, Youthful Knight, Goldenglow Moth"
White Deck B,Sample Deck,Other,M11,2010-07-16,53.75,"Soul's Attendant, Plains, Ajani's Mantra, Condemn, Plains"
White Equipment,Deck Builder's Toolkit,Other,MBS,2011-03-11,13.55,"Journey to Nowhere, Sylvok Lifestaff, Kor Duelist, Trusty Machete, Fledgling Griffin"
White Green Aggro,Deck Builder's Toolkit,Other,ORI,2015-07-17,2.24,"Abzan Falconer, Valeron Wardens, Topan Freeblade, Citadel Castellan, Rhox Maulers"
White Heat - Advanced Deck,Advanced Deck,Other,EXO,1998-06-15,120.0,"Tithe, Undiscovered Paradise, City of Brass, Armageddon, Gemstone Mine"
White Heat - Basic Deck,Theme Deck,Other,EXO,1998-06-15,23.3,"Reconnaissance, Wall of Nets, Goblin Bombardment, Limited Resources, Searing Touch"
White Sample Deck,Sample Deck,Other,M13,2012-07-13,13.98,"Elixir of Immortality, Plains, Healer of the Pride, Plains, Plains"
White Weenie,Deck Builder's Toolkit,Other,ROE,2010-05-21,30.84,"Soul Warden, Journey to Nowhere, Armored Ascension, Brave the Elements, Veteran Swordsmith"
White and Black Life gain,Deck Builder's Toolkit,Other,SOI,2016-04-08,6.88,"Zulaport Cutthroat, Malakir Familiar, Allied Reinforcements, Vampire Envoy, Grotesque Mutation"
White and Black Spirits,Deck Builder's Toolkit,Other,KLD,2016-09-30,0.0,"Haunted Dead, Angelic Purge, Inspired Charge, Lawless Broker, Certain Death"
White and Black Zombies,Deck Builder's Toolkit,Other,AKH,2017-04-28,4.13,"Wayward Servant, Lord of the Accursed, Miasmic Mummy, Festering Mummy, Binding Mummy"
White and Blue Fliers Control,Deck Builder's Toolkit,Other,SOI,2016-04-08,10.37,"Dispel, Reflector Mage, Blighted Steppe, Angel of Renewal, Felidar Cub"
White and Colorless Equipment,Deck Builder's Toolkit,Other,SOI,2016-04-08,10.17,"Open the Armory, Kozilek's Channeler, True-Faith Censer, Kor Scythemaster, Bone Saw"
White and Green counters,Deck Builder's Toolkit,Other,SOI,2016-04-08,7.8,"Retreat to Kazandu, Blighted Woodland, Natural State, Expedition Envoy, Stasis Snare"
White-Green Aura,Deck Builder's Toolkit,Other,MBS,2011-03-11,37.91,"Hyena Umbra, Spider Umbra, Aura Gnarlid, Boar Umbra, Shepherd of the Lost"
Wicked Big,Theme Deck,Other,MRD,2003-10-02,25.7,"Copper Myr, Journey of Discovery, Living Hive, Plated Slagwurm, Deconstruct"
Widowmaker - Advanced Deck,Advanced Deck,Other,EXO,1998-06-15,90.31,"Undiscovered Paradise, Living Death, Underground River, Phyrexian Furnace, Spirit of the Night"
Widowmaker - Basic Deck,Theme Deck,Other,EXO,1998-06-15,16.83,"Null Brooch, Dark Ritual, Counterspell, Forbid, Necrologia"
Wild,Jumpstart,Other,MSH,2026-06-26,8.96,"Hit-Monkey, Mole Man, Moloid Master, Claim the Kingdom, Forest, White Tiger, Amulet Keeper"
Wild Rush,Intro Pack,Other,M13,2012-07-13,28.99,"Fungal Sprouting, Arbor Elf, Rancor, Ranger's Path, Ring of Kalonia"
Wild Wizardry,Arena Promotional Deck,Other,MID,2021-09-24,9.61,"Wizard Class, Alrund's Epiphany, Prismari Command, Silundi Vision // Silundi Isle, Wizard's Spellbook"
Wild in Bloom,Secret Lair Drop,Other,SLD,2026-07-13,57.78,"Nissa, Resurgent Animist, Six, Tireless Provisioner, Ramunap Excavator, Titania, Protector of Argoth"
Wild-Eyed Frenzy,MTGO Theme Deck,Other,VIS,2006-04-10,14.86,"Goblin Recruiter, Fireblast, Mountain, Goblin Soothsayer, Mountain"
Wilds of Eldraine Bundle Land Pack,Bundle Land Pack,Other,WOE,2023-09-08,0.0,"Plains, Mountain, Forest, Plains, Mountain"
Wilds of Eldraine Foil Redemption,MTGO Redemption,Other,WOE,2023-10-04,198.18,"Agatha's Soul Cauldron, Beseech the Mirror, Moonshaker Cavalry, Talion, the Kindly Lord, Kellan, the Fae-Blooded // Birthright Boon"
Wilds of Eldraine Redemption,MTGO Redemption,Other,WOE,2023-10-04,198.18,"Agatha's Soul Cauldron, Beseech the Mirror, Moonshaker Cavalry, Talion, the Kindly Lord, Kellan, the Fae-Blooded // Birthright Boon"
Will Of The Masses,Intro Pack,Other,M15,2014-07-18,8.99,"Hornet Queen, Triplicate Spirits, Wall of Mulch, Forest, Phytotitan"
Wing and Claw,Arena Starter Deck,Other,GRN,2018-11-17,45.66,"Nezahal, Primal Tide, Azor, the Lawbringer, Settle the Wreckage, Goring Ceratops, Glacial Fortress"
Winged Stallion,Shandalar Enemy Deck,Other,PAST,1997-04-01,86.03,"Dancing Scimitar, Howling Mine, Psionic Entity, Counterspell, Serra Angel"
Wings of Light,Theme Deck,Other,PS11,2011-01-01,0.0,"Plains, Plains, Plains, Plains, Angel of Mercy"
Wise (1),Jumpstart,Other,TLE,2025-11-20,8.7,"Waterbender's Restoration, Consider, Whirlwind Technique, Coastal Piracy, Thriving Isle"
Wise (2),Jumpstart,Other,TLE,2025-11-20,7.48,"The Blue Spirit, Consider, Whirlwind Technique, Thriving Isle, Island"
Witch,Shandalar Enemy Deck,Other,PAST,1997-04-01,78.29,"Greed, Nevinyrral's Disk, Will-o'-the-Wisp, Dark Ritual, Diabolic Machine"
Witch's Familiar,Secret Lair Drop,Other,SLD,2026-06-16,124.78,"Witch Enchanter // Witch-Blessed Meadow, Sheltered by Ghosts, Boseiju, Who Shelters All, Spirit of the Hearth, Wayfarer's Bauble"
Witch's Familiar Foil Edition,Secret Lair Drop,Other,SLD,2026-06-16,124.78,"Witch Enchanter // Witch-Blessed Meadow, Sheltered by Ghosts, Boseiju, Who Shelters All, Spirit of the Hearth, Wayfarer's Bauble"
Witchcraft (1),Jumpstart,Other,JMP,2020-07-17,4.34,"Cauldron Familiar, Witch of the Moors, Swamp, Swamp, Bloodhunter Bat"
Witchcraft (2),Jumpstart,Other,JMP,2020-07-17,1.22,"Witch of the Moors, Swamp, Swamp, Bloodhunter Bat, Bogbrew Witch"
Wizards,Theme Deck,Other,PSAL,2005-08-01,0.0,"Island, Island, Island, Island, Island"
Wizards (1),Jumpstart,Other,J25,2024-11-07,0.0,"Faerie Seer, Archaeomancer, Cloudkin Seer, Naban, Dean of Iteration, Exclusion Mage"
Wizards (2),Jumpstart,Other,J25,2024-11-07,0.0,"Faerie Seer, Aether Channeler, Chilling Trap, Naban, Dean of Iteration, Shipwreck Dowser"
Wizards (3),Jumpstart,Other,JMP,2020-07-17,0.0,"Talrand, Sky Summoner, Unsubstantiate, Shipwreck Dowser, Capture Sphere, Opt"
Wizards (4),Jumpstart,Other,JMP,2020-07-17,0.0,"Shipwreck Dowser, Barrin, Tolarian Archmage, Thriving Isle, Wizard's Retort, Island"
Wizards of the Street,Secret Lair Drop,Other,SLD,2022-12-19,74.34,"Spellseeker, Kess, Dissident Mage, Magus of the Wheel, Baral, Chief of Compliance"
Wizards of the Street Foil Edition,Secret Lair Drop,Other,SLD,2022-12-19,74.34,"Spellseeker, Kess, Dissident Mage, Magus of the Wheel, Baral, Chief of Compliance"
Wolfgang Eder - Goblin Bidding,World Championship Deck,Other,WC03,2003-08-06,97.43,"Goblin Sharpshooter, Bloodstained Mire, Patriarch's Bidding, City of Brass, Smother"
Wolves 1,Jumpstart,Other,J22,2022-12-02,0.0,"Arlinn, Voice of the Pack, Mild-Mannered Librarian, Wicked Wolf, Packsong Pup, Thriving Grove"
Wolves 2,Jumpstart,Other,J22,2022-12-02,2.48,"Master of the Wild Hunt, Moonlight Hunt, Arlinn, Voice of the Pack, Mild-Mannered Librarian, Young Wolf"
Wolves 3,Jumpstart,Other,J22,2022-12-02,0.0,"Feed the Pack, Arlinn, Voice of the Pack, Kessig Cagebreakers, Mild-Mannered Librarian, Hunger of the Howlpack"
Wolves 4,Jumpstart,Other,J22,2022-12-02,0.0,"Nightpack Ambusher, Arlinn, Voice of the Pack, Mild-Mannered Librarian, Thriving Grove, Spectral Hunt-Caller"
Woodland Warriors,Duel Deck,Other,DDU,2018-04-06,30.58,"Ezuri, Renegade Leader, Regal Force, Yeva, Nature's Herald, Elvish Mystic, Elvish Vanguard"
World Aflame,Theme Deck,Other,9ED,2005-07-29,32.58,"Magnivore, Mountain, Dancing Scimitar, Mountain, Stone Rain"
Worldwake Foil Redemption,MTGO Redemption,Other,WWK,2010-03-07,1330.99,"Jace, the Mind Sculptor, Eye of Ugin, Stoneforge Mystic, Amulet of Vigor, Bojuka Bog"
Worldwake Redemption,MTGO Redemption,Other,WWK,2010-03-07,1330.99,"Jace, the Mind Sculptor, Eye of Ugin, Stoneforge Mystic, Amulet of Vigor, Bojuka Bog"
Wrack and Rage,Event Deck,Other,RTR,2012-10-26,35.91,"Rakdos Charm, Dragonskull Summit, Stromkirk Noble, Mizzium Mortars, Devil's Play"
Wrath of Mages,Arena Starter Deck,Other,M19,2018-09-27,14.6,"Banefire, River's Rebuke, Sulfur Falls, Lightning Strike, Guttersnipe"
Wrath of the Mortals,Event Deck,Other,JOU,2014-05-23,15.62,"Searing Blood, Guttersnipe, Mizzium Mortars, Young Pyromancer, Ogre Battledriver"
Wu Kingdom,Theme Deck,Other,PTK,1999-05-01,162.75,"Sun Quan, Lord of Wu, Lu Xun, Scholar General, Exhaustion, Wu Longbowman, Preemptive Strike"
Year of the Rat,Secret Lair Drop,Other,SLD,2020-01-07,76.48,"Marrow-Gnawer, Rat Colony, Ink-Eyes, Servant of Oni, Pack Rat"
Young Avengers,Jumpstart,Other,MSH,2026-06-26,2.35,"Hulkling, Young Avenger, Hawkeye, Young Avenger, Hawkeye's Bow, Mountain, Crossover Collaboration"
Zakk's First Deck,Intro Pack,Other,ITP,1996-12-31,45.8,"Swamp, Forest, Scryb Sprites, Swamp, Alabaster Potion"
Zakk's Second Deck,Intro Pack,Other,RQS,1996-06-10,0.0,"Forest, Forest, Forest, Plains, Plains"
Zealots (1),Jumpstart,Other,J25,2024-11-07,0.0,"Fling, Thriving Bluff, Desert of the Fervent, Ahn-Crop Crasher, Bloodlust Inciter"
Zealots (2),Jumpstart,Other,J25,2024-11-07,0.0,"Fling, Thriving Bluff, Sandstorm Crasher, Ahn-Crop Crasher, Bloodlust Inciter"
Zealots (3),Jumpstart,Other,J25,2024-11-07,1.18,"Combat Celebrant, Fling, Thriving Bluff, Desert of the Fervent, Bloodlust Inciter"
Zealots (4),Jumpstart,Other,J25,2024-11-07,0.0,"Fling, Thriving Bluff, Sandstorm Crasher, Minotaur Sureshot, Bloodlust Inciter"
Zendikar,Duel Deck,Other,DDP,2015-08-28,3.34,"Avenger of Zendikar, Scute Mob, Harrow, Groundswell, Beastbreaker of Bala Ged"
Zendikar Fat Pack Land Pack,Bundle Land Pack,Other,ZEN,2009-10-02,182.28,"Island, Forest, Forest, Mountain, Plains"
Zendikar Foil Redemption,MTGO Redemption,Other,ZEN,2009-11-01,2257.13,"Mindbreak Trap, Scalding Tarn, Misty Rainforest, Iona, Shield of Emeria, Verdant Catacombs"
Zendikar Redemption,MTGO Redemption,Other,ZEN,2009-11-01,2257.13,"Mindbreak Trap, Scalding Tarn, Misty Rainforest, Iona, Shield of Emeria, Verdant Catacombs"
Zendikar Rising Bundle Land Pack,Bundle Land Pack,Other,ZNR,2020-09-25,2.78,"Plains, Plains, Swamp, Swamp, Mountain"
Zendikar Rising Foil Redemption,MTGO Redemption,Other,ZNR,2020-10-25,304.91,"Sea Gate Restoration // Sea Gate, Reborn, Agadeem's Awakening // Agadeem, the Undercrypt, Valakut Awakening // Valakut Stoneforge, Malakir Rebirth // Malakir Mire, Ashaya, Soul of the Wild"
Zendikar Rising Redemption,MTGO Redemption,Other,ZNR,2020-10-25,304.91,"Sea Gate Restoration // Sea Gate, Reborn, Agadeem's Awakening // Agadeem, the Undercrypt, Valakut Awakening // Valakut Stoneforge, Malakir Rebirth // Malakir Mire, Ashaya, Soul of the Wild"
Zendikar Rising Welcome Booster,Welcome Booster,Other,ZNR,2020-09-25,5.48,"Demon of Loathing, Bruna, Light of Alabaster, Vraska the Unseen, Forest, Commander's Sphere"
Zendikar's Rage,Intro Pack,Other,BFZ,2015-10-02,19.57,"Tunneling Geopede, Retreat to Kazandu, Blighted Woodland, Sylvan Scrying, Oran-Rief Hydra"
Zombie Empire,Planechase Deck,Other,HOP,2009-09-04,125.9,"Cabal Coffers, Grave Pact, Undead Warchief, Beseech the Queen, Dark Ritual"
Zombies,Theme Deck,Other,PSAL,2005-08-01,0.0,"Swamp, Swamp, Swamp, Swamp, Swamp"
Zombies 1,Jumpstart,Other,J22,2022-12-02,2.76,"Gravecrawler, Deadly Plot, Lord of the Accursed, Necromancer's Stockpile, Mire Triton"
Zombies 2,Jumpstart,Other,J22,2022-12-02,0.0,"Liliana, Death's Majesty, Stitcher's Supplier, Deadly Plot, Lord of the Accursed, Cemetery Recruitment"
Zombies 3,Jumpstart,Other,J22,2022-12-02,5.59,"Endless Ranks of the Dead, Deadly Plot, Gnawing Zombie, Lord of the Accursed, Graf Harvest"
Zombies 4,Jumpstart,Other,J22,2022-12-02,0.0,"Deadly Plot, Undead Augur, Liliana's Mastery, Lord of the Accursed, Cemetery Recruitment"
Zombies Unleashed,Theme Deck,Other,LGN,2003-02-03,445.11,"Graveborn Muse, Withered Wretch, Soulless One, Noxious Ghoul, Barren Moor"
Zuko,Jumpstart,Other,TLE,2025-11-20,16.9,"Zuko, Firebending Master, Lost in Memories, Frantic Confrontation, Fists of Flame, Mountain"
explosion sounds,Secret Lair Drop,Other,SLD,2019-12-07,70.29,"Goblin Sharpshooter, Goblin Lackey, Goblin King, Goblin Piledriver, Goblin Bushwhacker"
sAnS mERcY,Secret Lair Drop,Other,SLD,2024-05-30,85.21,"Torment of Hailfire, Mogis, God of Slaughter, Ruination, Massacre, Doom Blade"
sAnS mERcY Foil Edition,Secret Lair Drop,Other,SLD,2024-05-30,85.21,"Torment of Hailfire, Mogis, God of Slaughter, Ruination, Massacre, Doom Blade"
vroooOOOMMMMMM!,Secret Lair Drop,Other,SLD,2025-05-13,91.9,"Underworld Breach, Mishra's Bauble, Lava Dart, Monastery Swiftspear, Soul-Scar Mage"
vroooOOOMMMMMM! Foil Edition,Secret Lair Drop,Other,SLD,2025-05-13,91.9,"Underworld Breach, Mishra's Bauble, Lava Dart, Monastery Swiftspear, Soul-Scar Mage"
vroooOOOMMMMMM! Raised Foil Edition,Secret Lair Drop,Other,SLD,2025-05-13,141.79,"Underworld Breach, Mishra's Bauble, Lava Dart, Monastery Swiftspear, Soul-Scar Mage"
