Deck Name,Deck Type,Category,Set Code,Release Date,Total Value,Top 5 Cards
20 Ways to Win,Commander Deck,Commander,SLD,2024-12-04,419.24,"Revel in Riches, Sol Ring, Heliod, Sun-Crowned, Reflecting Pool, Bountiful Promenade"
Abzan Armor,Commander Deck,Commander,TDC,2025-04-11,59.87,"Seedborn Muse, Will of the Abzan, Overgrown Farmland, Staff of Compleation, Canopy Gargantuan"
Adaptive Enchantment,Commander Deck,Commander,C18,2018-08-10,48.67,"Bear Umbra, Tuvasa the Sunlit, Nylea's Colossus, Herald of the Pantheon, Eidolon of Blossoms"
Ahoy Mateys,Commander Deck,Commander,LCC,2023-11-17,64.1,"Black Market Connections, Windfall, Vanquisher's Banner, Herald's Horn, Pitiless Plunderer"
Angels: They're Just Like Us but Cooler and with Wings,Commander Deck,Commander,SLD,2023-08-14,577.77,"Archangel of Thune, Bruna, the Fading Light // Brisela, Voice of Nightmares, Commander's Plate, Nykthos, Shrine to Nyx, Serra Ascendant"
Animated Army,Commander Deck,Commander,BLC,2024-08-02,66.92,"Alchemist's Talent, Rain of Riches, Lotus Cobra, Thran Dynamo, Reliquary Tower"
Arcane Maelstrom,Commander Deck,Commander,C20,2020-04-17,108.96,"Deflecting Swat, Twinning Staff, Lightning Greaves, Dualcaster Mage, Comet Storm"
Arcane Wizardry,Commander Deck,Commander,C17,2017-08-25,50.63,"Kindred Dominance, Polymorphist's Jest, Kess, Dissident Mage, Curse of Opulence, Comet Storm"
Arm for Battle,Commander Deck,Commander,CMR,2020-11-20,98.58,"Sigarda's Aid, Blazing Sunsteel, Boros Charm, Relentless Assault, Swiftfoot Boots"
Aura of Courage,Commander Deck,Commander,AFC,2021-07-23,107.12,"Heroic Intervention, Robe of Stars, Winged Boots, Mantle of the Ancients, Sword of the Animist"
Avengers Assemble,Commander Deck,Commander,MSC,2026-06-26,62.1,"Black Widow, Agile Avenger, Spectator Seating, Kindred Discovery, Raise the Palisade, War Machine, Avenging Arsenal"
Avengers Assemble Collector's Edition,Commander Deck,Commander,MSC,2026-06-26,76.7,"Captain America, Living Legend, Black Widow, Agile Avenger, Spectator Seating, Kindred Discovery, Raise the Palisade"
Bedecked Brokers,Commander Deck,Commander,NCC,2022-04-29,81.42,"Damning Verdict, Power Conduit, Agent's Toolkit, Gavony Township, Rishkar's Expertise"
Blame Game,Commander Deck,Commander,MKC,2024-02-09,128.54,"Trouble in Pairs, Smuggler's Share, Ghostly Prison, Loran of the Third Path, War Room"
Blast from the Past,Commander Deck,Commander,WHO,2023-10-13,159.19,"Heroic Intervention, Talisman of Unity, Displaced Dinosaurs, Three Visits, Talisman of Progress"
Blight Curse,Commander Deck,Commander,ECC,2026-01-23,21.75,"Chimil, the Inner Sun, Tree of Perdition, Evolution Sage, Sol Ring, Persist"
Blood Rites,Commander Deck,Commander,LCC,2023-11-17,112.06,"Exquisite Blood, Charismatic Conqueror, Blade of the Bloodchief, Carmen, Cruel Skymarcher, Elenda, the Dusk Rose"
Braaains,Historic Brawl Precon Deck,Commander,MOM,2024-07-08,171.17,"Bojuka Bog, Coldsteel Heart, Vanquisher's Banner, Gempalm Polluter, Necroduality"
Breed Lethality,Commander Deck,Commander,C16,2016-11-11,77.36,"Reyhan, Last of the Abzan, Cathars' Crusade, Cauldron of Souls, Kalonian Hydra, Brave the Sands"
Buckle Up,Commander Deck,Commander,NEC,2022-02-18,53.7,"Imposter Mech, Shorikai, Genesis Engine, Cyberdrive Awakener, Swift Reconfiguration, Drumbellower"
Built From Scratch,Commander Deck,Commander,CM2,2018-06-08,94.65,"Goblin Welder, Ruby Medallion, Wurmcoil Engine, Arcane Lighthouse, Reliquary Tower"
Cabaretti Cacophony,Commander Deck,Commander,NCC,2022-04-29,126.28,"Master of Ceremonies, Seize the Spotlight, Life of the Party, Scute Swarm, Call the Coppercoats"
Call for Backup,Commander Deck,Commander,MOC,2023-04-21,89.42,"Uncivil Unrest, Strionic Resonator, Kalonian Hydra, Shalai and Hallar, Gavony Township"
Call the Spirits,Commander Deck,Commander,C15,2015-11-13,71.03,"Karlov of the Ghost Council, Aura of Silence, Thief of Blood, Lightning Greaves, Black Market"
Cavalry Charge,Commander Deck,Commander,MOC,2023-04-21,71.53,"Chivalric Alliance, Vanquisher's Banner, Herald of Hoofbeats, Herald's Horn, Adeline, Resplendent Cathar"
Chaos Incarnate,Commander Deck,Commander,SCD,2022-12-02,22.71,"Lightning Greaves, Talisman of Indulgence, Soul Shatter, Nihil Spellbomb, Rakdos Signet"
Collateral Damage,Historic Brawl Precon Deck,Commander,MOM,2024-07-08,60.07,"Coldsteel Heart, Bloodghast, Zulaport Cutthroat, Hangarback Walker, Chandra's Incinerator"
Corrupting Influence,Commander Deck,Commander,ONC,2023-02-10,130.77,"Norn's Choirmaster, Glistening Sphere, Contaminant Grafter, Phyresis Outbreak, Norn's Decree"
Counter Blitz (FINAL FANTASY X),Commander Deck,Commander,FIC,2025-06-13,222.39,"Sphere Grid, Three Visits, Walking Ballista, Damning Verdict, Farewell"
Counter Blitz Collector's Edition (FINAL FANTASY X),Commander Deck,Commander,FIC,2025-06-13,226.57,"Sphere Grid, Three Visits, Walking Ballista, Damning Verdict, Farewell"
Counter Intelligence,Commander Deck,Commander,EOC,2025-08-01,35.33,"Swan Song, Ripples of Potential, Karn's Bastion, Phyrexian Metamorph, Great Furnace"
Counterpunch,Commander Deck,Commander,CMD,2011-06-17,95.56,"Aura Shards, Attrition, Alliance of Arms, Skullclamp, Acorn Catapult"
Coven Counters,Commander Deck,Commander,MIC,2021-09-24,34.43,"Moonsilver Key, Gyre Sage, Herald of War, Champion of Lambholt, Swiftfoot Boots"
Creative Energy,Commander Deck,Commander,M3C,2024-06-14,110.59,"Akroma's Will, Goldspan Dragon, Professional Face-Breaker, Farewell, Mystic Gate"
Creative Energy Collector's Edition,Commander Deck,Commander,M3C,2024-06-14,133.39,"Akroma's Will, Goldspan Dragon, Professional Face-Breaker, Farewell, Mystic Gate"
Dance of the Elements,Commander Deck,Commander,ECC,2026-01-23,40.55,"Springleaf Parade, Selvala, Heart of the Wilds, Endurance, Abundant Countryside, Timeless Lotus"
Deadly Disguise,Commander Deck,Commander,MKC,2024-02-09,122.7,"Jeska's Will, Seedborn Muse, Beast Whisperer, Neheb, the Eternal, Toski, Bearer of Secrets"
Death Toll,Commander Deck,Commander,DSC,2024-09-27,57.24,"Reanimate, Whip of Erebos, Arachnogenesis, Vault of Whispers, Professor Onyx"
Deathdancer Xira,MTGO Commander Deck,Commander,TD0,2009-08-26,0.0,"Barren Moor, Darigaaz's Caldera, Forest, Forest, Forest"
Deep Clue Sea,Commander Deck,Commander,MKC,2024-02-09,101.28,"Bennie Bracks, Zoologist, Alandra, Sky Dreamer, Adrix and Nev, Twincasters, Academy Manufactor, Teferi's Ageless Insight"
Desert Bloom,Commander Deck,Commander,OTC,2024-04-19,86.1,"Ancient Greenwarden, World Shaper, Scute Swarm, Winding Way, Ramunap Excavator"
Devour for Power,Commander Deck,Commander,CM2,2018-06-08,111.77,"Grave Pact, Riddlekeeper, Memory Erosion, Damia, Sage of Stone, Avatar of Woe"
Divine Convocation,Commander Deck,Commander,MOC,2023-04-21,73.91,"Nesting Dovehawk, The Locust God, Skullclamp, Suture Priest, Secure the Wastes"
Doom Prevails,Commander Deck,Commander,MSC,2026-06-26,67.76,"Luxury Suite, Black Market Connections, Molecule Man, Skullclamp, Kindred Dominance"
Doom Prevails Collector's Edition,Commander Deck,Commander,MSC,2026-06-26,76.02,"Luxury Suite, Black Market Connections, Molecule Man, Skullclamp, Kindred Dominance"
Draconic Destruction,Commander Deck,Commander,SCD,2022-12-02,23.21,"Elemental Bond, Scourge of Valkas, Dragon Tempest, Swiftfoot Boots, Vandalblast"
Draconic Dissent,Commander Deck,Commander,CLB,2022-06-10,142.32,"Astral Dragon, Artificer Class, Bothersome Quasit, Baeloth Barrityl, Entertainer, Stuffy Doll"
Draconic Domination,Commander Deck,Commander,C17,2017-08-25,112.91,"Utvara Hellkite, Kindred Discovery, Scion of the Ur-Dragon, Fist of Suns, Boneyard Scourge"
Draconic Rage,Commander Deck,Commander,AFC,2021-07-23,90.77,"Klauth, Unrivaled Ancient, Neverwinter Hydra, Wulfgar of Icewind Dale, Dragonborn Champion, Component Pouch"
Dungeons of Death,Commander Deck,Commander,AFC,2021-07-23,75.01,"Wand of Orcus, Minn, Wily Illusionist, Nimbus Maze, Phantasmal Image, Component Pouch"
Eldrazi Incursion,Commander Deck,Commander,M3C,2024-06-14,342.21,"Eldrazi Confluence, Eldritch Immunity, Eldrazi Monument, Spawnbed Protector, Herald's Horn"
Eldrazi Incursion Collector's Edition,Commander Deck,Commander,M3C,2024-06-14,383.41,"Eldrazi Confluence, Glaring Fleshraker, Eldritch Immunity, Azlask, the Swelling Scourge, Eldrazi Monument"
Eldrazi Unbound,Commander Deck,Commander,CMM,2023-08-04,240.93,"Rise of the Eldrazi, Darksteel Monolith, It That Betrays, Flayer of Loyalties, Skittering Cicada"
Elven Council,Commander Deck,Commander,LTC,2023-06-23,89.14,"Heroic Intervention, Raise the Palisade, Swan Song, Asceticism, Galadhrim Ambush"
Elven Empire,Commander Deck,Commander,KHC,2021-02-05,85.51,"Wolverine Riders, Elvish Promenade, Beast Whisperer, Elderfang Venom, Elven Ambush"
Enchantress Rubinia,MTGO Commander Deck,Commander,TD0,2009-08-26,0.0,"Azorius Chancery, Bant Panorama, Coastal Tower, Elfhame Palace, Forest"
Endless Punishment,Commander Deck,Commander,DSC,2024-09-27,159.92,"Witch's Clinic, Persistent Constrictor, The Lord of Pain, Kederekt Parasite, Gleeful Arsonist"
Enduring Enchantments,Commander Deck,Commander,CMM,2023-08-04,151.98,"Starfield of Nyx, Ondu Spiritdancer, Narci, Fable Singer, Dryad of the Ilysian Grove, Mirari's Wake"
Enhanced Evolution,Commander Deck,Commander,C20,2020-04-17,89.02,"Deadly Rollick, Silent Arbiter, Tidal Barracuda, Beast Whisperer, Zaxara, the Exemplary"
Entropic Uprising,Commander Deck,Commander,C16,2016-11-11,161.7,"Burgeoning, Thrasios, Triton Hero, Chain of Vapor, Waste Not, Cruel Entertainment"
Eternal Bargain,Commander Deck,Commander,C13,2013-11-01,52.33,"Crawlspace, Toxic Deluge, Lim-Dûl's Vault, Sanguine Bond, Phyrexian Reclamation"
Eternal Might,Commander Deck,Commander,DRC,2025-02-14,27.87,"Renewed Solidarity, Bontu's Monument, The Scarab God, Damn, Drowned Catacomb"
Evasive Maneuvers,Commander Deck,Commander,C13,2013-11-01,69.16,"Thousand-Year Elixir, Conjurer's Closet, Surveyor's Scope, Basalt Monolith, Flickerform"
Everyone's Invited!,Commander Deck,Commander,SLD,2025-05-12,408.61,"Bitterblossom, Maskwood Nexus, Sol Ring, Raise the Palisade, Rin and Seri, Inseparable"
Exit from Exile,Commander Deck,Commander,CLB,2022-06-10,131.79,"Jeska's Will, Delayed Blast Fireball, Passionate Archaeologist, Nalfeshnee, Wild-Magic Sorcerer"
Explorers of the Deep,Commander Deck,Commander,LCC,2023-11-17,62.79,"Kindred Discovery, Herald of Secret Streams, Branching Evolution, Reliquary Tower, Ripples of Potential"
Exquisite Invention,Commander Deck,Commander,C18,2018-08-10,49.8,"Unwinding Clock, Varchild, Betrayer of Kjeldor, Mirrorworks, Great Furnace, Treasure Nabber"
Faceless Menace,Commander Deck,Commander,C19,2019-08-23,77.71,"Seedborn Muse, Apex Altisaur, Strionic Resonator, Sudden Substitution, Thran Dynamo"
Fae Dominion,Commander Deck,Commander,WOC,2023-09-08,146.71,"Archmage of Echoes, Alela, Cunning Conqueror, Misleading Signpost, Glen Elendra Archmage, Kindred Dominance"
Faerie Schemes,Brawl Deck,Commander,ELD,2019-10-04,169.01,"Emergence Zone, Smothering Tithe, Watery Grave, Sephara, Sky's Blade, Massacre Girl"
Family Matters,Commander Deck,Commander,BLC,2024-08-02,43.46,"Agate Instigator, Helm of the Host, Pollywog Prodigy, Jacked Rabbit, Ornithopter of Paradise"
Feline Ferocity,Commander Deck,Commander,C17,2017-08-25,114.73,"Hammer of Nazahn, Qasali Slingers, Sword of the Animist, Traverse the Outlands, Skullclamp"
First Flight,Commander Deck,Commander,SCD,2022-12-02,17.34,"True Conviction, Counterspell, Sephara, Sky's Blade, Thought Vessel, Sol Ring"
Flashy Fliers,Historic Brawl Precon Deck,Commander,MOM,2024-07-08,64.47,"Coldsteel Heart, Cavalier of Gales, Lyra Dawnbringer, Faerie Seer, Watcher of the Spheres"
Food and Fellowship,Commander Deck,Commander,LTC,2023-06-23,75.94,"Birds of Paradise, Essence Warden, The Gaffer, Sanguine Bond, Toxic Deluge"
Forces of the Imperium,Commander Deck,Commander,40K,2022-10-07,203.87,"Celestine, the Living Saint, Reaver Titan, Commissar Severina Raine, Thunderhawk Gunship, Vexilus Praetor"
Forces of the Imperium Collector's Edition,Commander Deck,Commander,40K,2022-10-07,589.54,"Marneus Calgar, Celestine, the Living Saint, Vexilus Praetor, Commissar Severina Raine, Reaver Titan"
Forged In Stone,Commander Deck,Commander,C14,2014-11-07,85.71,"Grand Abolisher, Cathars' Crusade, Skullclamp, Emeria, the Sky Ruin, Pearl Medallion"
From Cute to Brute,Commander Deck,Commander,SLD,2023-05-08,342.98,"Nicol Bolas, the Ravager // Nicol Bolas, the Arisen, Archangel Avacyn // Avacyn, the Purifier, Bloodline Keeper // Lord of Lineage, Westvale Abbey // Ormendahl, Profane Prince, Valakut Awakening // Valakut Stoneforge"
Goblin Storm,Commander Deck,Commander,SLD,2026-05-18,481.51,"Roaming Throne, Sol Ring, Krenko, Mob Boss, Skullclamp, Throne of Eldraine"
Grand Larceny,Commander Deck,Commander,OTC,2024-04-19,148.81,"Tower Winder, Brainstealer Dragon, Three Visits, Orochi Soul-Reaver, Fallen Shinobi"
Graveyard Overdrive,Commander Deck,Commander,M3C,2024-06-14,157.44,"The Reaver Cleaver, Selvala, Heart of the Wilds, Barrowgoyf, Archon of Cruelty, Chandra's Ignition"
Graveyard Overdrive Collector's Edition,Commander Deck,Commander,M3C,2024-06-14,242.9,"Barrowgoyf, The Reaver Cleaver, Selvala, Heart of the Wilds, Archon of Cruelty, Pyrogoyf"
Growing Threat,Commander Deck,Commander,MOC,2023-04-21,60.26,"Filigree Vector, Bitterthorn, Nissa's Animus, Massacre Wurm, Nettlecyst, Karn's Bastion"
Guided By Nature,Commander Deck,Commander,C14,2014-11-07,116.08,"Ezuri, Renegade Leader, Joraga Warcaller, Essence Warden, Grave Sifter, Crystal Vein"
Guided by Nature,Commander Deck,Commander,CMA,2017-06-09,133.12,"Joraga Warcaller, Ezuri, Renegade Leader, Grave Sifter, Sylvan Safekeeper, Crystal Vein"
"Hail, Caesar",Commander Deck,Commander,PIP,2024-03-08,243.22,"Pitiless Plunderer, Skullclamp, Talisman of Indulgence, Tainted Peak, Wear // Tear"
"Heads I Win, Tails You Lose",Commander Deck,Commander,SLD,2022-04-22,469.72,"Commander's Plate, Propaganda // Propaganda, Shadowspear, Krark's Thumb // Krark's Thumb, Inventors' Fair"
Heavenly Inferno,Commander Deck,Commander,CMD,2011-06-17,79.12,"Pyrohemia, Mother of Runes, Stranglehold, Vow of Malice, Lightning Greaves"
Invent Superiority,Commander Deck,Commander,C16,2016-11-11,72.0,"Silas Renn, Seeker Adept, Curse of Vengeance, Skullclamp, Bruse Tarl, Boorish Herder, Akiri, Line-Slinger"
Jeskai Striker,Commander Deck,Commander,TDC,2025-04-11,45.33,"Ghostly Prison, Will of the Jeskai, Reliquary Tower, Curse of Opulence, Ponder"
Jump Scare!,Commander Deck,Commander,DSC,2024-09-27,72.1,"Ashaya, Soul of the Wild, Giggling Skitterspike, Aesi, Tyrant of Gyre Strait, Scute Swarm, Reliquary Tower"
Knights' Charge,Brawl Deck,Commander,ELD,2019-10-04,47.57,"Godless Shrine, Colossus Hammer, Knight of the Ebon Legion, Skyknight Vanguard, Icon of Ancestry"
Land's Wrath,Commander Deck,Commander,ZNC,2020-09-25,20.08,"Emeria Shepherd, Evolution Sage, Return of the Wildspeaker, Kodama's Reach, Sol Ring"
Legends' Legacy,Commander Deck,Commander,DMC,2022-09-09,154.19,"The Reaver Cleaver, Shizo, Death's Storehouse, Cadric, Soul Kindler, Oketra's Monument, Mikokoro, Center of the Sea"
Lightly Armored,Historic Brawl Precon Deck,Commander,MOM,2024-07-08,218.29,"Mirari's Wake, Ancestral Mask, Coldsteel Heart, Celestial Mantle, Thran Power Suit"
Limit Break (FINAL FANTASY VII),Commander Deck,Commander,FIC,2025-06-13,288.17,"Clever Concealment, Skullclamp, Secret Rendezvous, Arcane Signet, Sword of the Animist"
Limit Break Collector's Edition (FINAL FANTASY VII),Commander Deck,Commander,FIC,2025-06-13,309.42,"Clever Concealment, Skullclamp, Secret Rendezvous, Arcane Signet, Sword of the Animist"
Living Energy,Commander Deck,Commander,DRC,2025-02-14,35.67,"Panharmonicon, Academy Ruins, Lightning Greaves, Conjurer's Closet, Stridehangar Automaton"
Lorehold Legacies,Commander Deck,Commander,C21,2021-04-23,64.19,"Thousand-Year Elixir, Hellkite Tyrant, Boros Charm, Monologue Tax, Battlemage's Bracers"
Lorehold Spirit,Commander Deck,Commander,SOC,2026-04-24,48.9,"Moonshaker Cavalry, Emeria, the Sky Ruin, Turbulent Steppe, Bitterthorn, Nissa's Animus, Patchwork Banner"
Maestros Massacre,Commander Deck,Commander,NCC,2022-04-29,67.09,"Twinning Staff, Make an Example, Lightning Greaves, Rakdos Signet, Kess, Dissident Mage"
Mardu Surge,Commander Deck,Commander,TDC,2025-04-11,48.98,"Skullclamp, Goldlust Triad, Lightning Greaves, Will of the Mardu, Grand Crescendo"
Merciless Rage,Commander Deck,Commander,C19,2019-08-23,57.25,"Bone Miser, Sanctum of Eternity, Curse of Fool's Wisdom, Geier Reach Sanitarium, In Garruk's Wake"
Mind Flayarrrs,Commander Deck,Commander,CLB,2022-06-10,148.17,"Zellix, Sanity Flayer, Mindcrank, Brainstealer Dragon, Spellskite, Aboleth Spawn"
Mind Seize,Commander Deck,Commander,C13,2013-11-01,61.71,"Prosperity, Jace's Archivist, Sudden Spoiling, Temple Bell, Propaganda"
Miracle Worker,Commander Deck,Commander,DSC,2024-09-27,87.72,"Ondu Spiritdancer, Hall of Heliod's Generosity, Ancient Cellarspawn, Metamorphosis Fanatic, Inkshield"
Mirror Mastery,Commander Deck,Commander,CMD,2011-06-17,97.52,"Animar, Soul of Elements, Homeward Path, Collective Voyage, Lightning Greaves, Magus of the Vineyard"
Mishra's Burnished Banner,Commander Deck,Commander,BRC,2022-11-18,120.51,"Great Furnace, Nihil Spellbomb, Lithoform Engine, Strionic Resonator, Machine God's Effigy"
Most Wanted,Commander Deck,Commander,OTC,2024-04-19,121.85,"Seize the Spotlight, Command Beacon, Academy Manufactor, Rain of Riches, Back in Town"
Mutant Menace,Commander Deck,Commander,PIP,2024-03-08,348.12,"Power Fist, Infesting Radroach, Guardian Project, Mortuary Mire, Vexing Radgull"
Mystic Intellect,Commander Deck,Commander,C19,2019-08-23,44.89,"Dockside Extortionist, Prismatic Strands, Ghostly Prison, Wall of Stolen Identity, Clever Impersonator"
Nature of the Beast,Commander Deck,Commander,C13,2013-11-01,47.42,"Homeward Path, Boros Charm, Tempt with Discovery, Wrath of God, From the Ashes"
Nature's Vengeance,Commander Deck,Commander,C18,2018-08-10,18.74,"Fury Storm, Thantis, the Warweaver, Retreat to Hagra, Sol Ring, Xantcha, Sleeper Agent"
Necron Dynasties,Commander Deck,Commander,40K,2022-10-07,267.65,"Cryptothrall, Sceptre of Eternal Glory, Darkness, Resurrection Orb, Canoptek Spyder"
Necron Dynasties Collector's Edition,Commander Deck,Commander,40K,2022-10-07,614.41,"Sceptre of Eternal Glory, Cryptothrall, Imotekh the Stormlord, Canoptek Spyder, Resurrection Orb"
Obscura Operation,Commander Deck,Commander,NCC,2022-04-29,90.24,"Change of Plans, Smuggler's Share, Fallen Shinobi, Strionic Resonator, Cephalid Facetaker"
Open Hostility,Commander Deck,Commander,C16,2016-11-11,146.21,"Tymna the Weaver, Breath of Fury, Iroas, God of Victory, Ravos, Soultender, Boros Charm"
Painbow,Commander Deck,Commander,DMC,2022-09-09,64.65,"Tiller Engine, Two-Headed Hellkite, Fallaji Wayfarer, Surrak Dragonclaw, Kodama's Reach"
Paradox Power,Commander Deck,Commander,WHO,2023-10-13,224.42,"Danny Pink, Quantum Misalignment, Talisman of Curiosity, Beast Within, Flaming Tyrannosaurus"
Party Time,Commander Deck,Commander,CLB,2022-06-10,112.12,"Black Market Connections, Grim Hireling, Mother of Runes, Deep Gnome Terramancer, Skullclamp"
Peace Offering,Commander Deck,Commander,BLC,2024-08-02,78.42,"Twenty-Toed Toad, Kalonian Hydra, Loran of the Third Path, Reliquary Tower, Tempt with Bunnies"
Peer Through Time,Commander Deck,Commander,C14,2014-11-07,75.0,"Cyclonic Rift, Sapphire Medallion, Breaching Leviathan, Thran Dynamo, Swiftfoot Boots"
Phantom Premonition,Commander Deck,Commander,KHC,2021-02-05,48.68,"Eerie Interlude, Ghostly Prison, Cosmic Intervention, Windfall, Spectral Deluge"
Planar Portal,Commander Deck,Commander,AFC,2021-07-23,95.63,"Grim Hireling, Reckless Endeavor, Karazikar, the Eye Tyrant, Wild-Magic Sorcerer, Disrupt Decorum"
Planeswalker Party,Commander Deck,Commander,CMM,2023-08-04,119.79,"Silent Arbiter, Teyo, Geometric Tactician, Chandra, Awakened Inferno, Fellwar Stone, Spark Double"
Plunder the Graves,Commander Deck,Commander,C15,2015-11-13,68.31,"Pathbreaker Ibex, Eldrazi Monument, Skullclamp, Thief of Blood, Lightning Greaves"
Political Puppets,Commander Deck,Commander,CMD,2011-06-17,68.46,"Flusterstorm, Insurrection, Ghostly Prison, Propaganda, Howling Mine"
Power Hungry,Commander Deck,Commander,C13,2013-11-01,62.63,"Goblin Sharpshooter, Primal Vigor, Goblin Bombardment, Swiftfoot Boots, Khalni Garden"
Primal Genesis,Commander Deck,Commander,C19,2019-08-23,63.86,"Marisi, Breaker of the Coil, Ohran Frostfang, Song of the Worldsoul, Elemental Bond, Second Harvest"
Prismari Artistry,Commander Deck,Commander,SOC,2026-04-24,55.32,"Goldspan Dragon, Faerie Mastermind, Turbulent Springs, Lightning Greaves, Harmonic Prodigy"
Prismari Performance,Commander Deck,Commander,C21,2021-04-23,69.31,"Seething Song, Metallurgic Summonings, Veyran, Voice of Duality, Dualcaster Mage, Reliquary Tower"
Quandrix Unlimited,Commander Deck,Commander,SOC,2026-04-24,50.98,"Ozolith, the Shattered Spire, Three Visits, Turbulent Wilderness, Kami of Whispered Hopes, Reliquary Tower"
Quantum Quandrix,Commander Deck,Commander,C21,2021-04-23,51.66,"Spawning Kraken, Ruxa, Patient Professor, Guardian Augmenter, Rapid Hybridization, Ezuri's Predation"
Quick Draw,Commander Deck,Commander,OTC,2024-04-19,106.55,"Winged Boots, Mizzix's Mastery, Arcane Bombardment, Niv-Mizzet, Parun, Thunderclap Drake"
Raining Cats and Dogs,Commander Deck,Commander,SLD,2024-01-22,413.81,"Anointed Procession // Anointed Procession, Sol Ring // Sol Ring, Jetmir, Nexus of Revels // Jetmir, Nexus of Revels, Lurking Predators, Jinnie Fay, Jetmir's Second // Jinnie Fay, Jetmir's Second"
Reap the Tides,Commander Deck,Commander,CMR,2020-11-20,48.13,"Nezahal, Primal Tide, Ramunap Excavator, Swiftfoot Boots, Reliquary Tower, Simic Charm"
Rebellion Rising,Commander Deck,Commander,ONC,2023-02-10,106.36,"Flawless Maneuver, Clever Concealment, Hexplate Wallbreaker, Otharri, Suns' Glory, Call the Coppercoats"
Revenant Recon,Commander Deck,Commander,MKC,2024-02-09,113.06,"Necromancy, Reanimate, Rise of the Dark Realms, Animate Dead, Doom Whisperer"
Revival Trance (FINAL FANTASY VI),Commander Deck,Commander,FIC,2025-06-13,161.97,"Reanimate, Swiftfoot Boots, Arcane Signet, Rise of the Dark Realms, Gogo, Mysterious Mime"
Revival Trance Collector's Edition (FINAL FANTASY VI),Commander Deck,Commander,FIC,2025-06-13,173.15,"Reanimate, Swiftfoot Boots, Arcane Signet, Rise of the Dark Realms, Gogo, Mysterious Mime"
Riders of Rohan,Commander Deck,Commander,LTC,2023-06-23,61.38,"Gimli of the Glittering Caves, Door of Destinies, Vanquisher's Banner, Herald's Horn, Shared Animosity"
Riveteers Rampage,Commander Deck,Commander,NCC,2022-04-29,74.68,"Jolene, the Plunder Queen, World Shaper, Rain of Riches, Industrial Advancement, Life's Legacy"
Ruthless Regiment,Commander Deck,Commander,C20,2020-04-17,85.44,"Flawless Maneuver, Species Specialist, Molten Echoes, Call the Coppercoats, Skullclamp"
Savage Hunger,Brawl Deck,Commander,ELD,2019-10-04,70.14,"Evolution Sage, Stomping Ground, Rhythm of the Wild, Krenko, Tin Street Kingpin, Dreadhorde Invasion"
Science!,Commander Deck,Commander,PIP,2024-03-08,294.82,"Nuka-Cola Vending Machine, Lightning Greaves, Bottle-Cap Blast, Thought Vessel, Panharmonicon"
Scions & Spellcraft (FINAL FANTASY XIV),Commander Deck,Commander,FIC,2025-06-13,282.97,"Tataru Taru, Snuff Out, Relic of Legends, Champions from Beyond, Authority of the Consuls"
Scions & Spellcraft Collector's Edition (FINAL FANTASY XIV),Commander Deck,Commander,FIC,2025-06-13,301.67,"Tataru Taru, Snuff Out, Relic of Legends, Champions from Beyond, Authority of the Consuls"
Scrappy Survivors,Commander Deck,Commander,PIP,2024-03-08,305.31,"Silver Shroud Costume, Codsworth, Handy Helper, Heroic Intervention, Perception Bobblehead, Jungle Shrine"
Seize Control,Commander Deck,Commander,C15,2015-11-13,52.06,"Jace's Archivist, Mizzix's Mastery, Reliquary Tower, Blatant Thievery, Windfall"
Silverquill Influence,Commander Deck,Commander,SOC,2026-04-24,67.87,"Land Tax, Animate Dead, Turbulent Moor, Ghostly Prison, Inkshield"
Silverquill Statement,Commander Deck,Commander,C21,2021-04-23,91.21,"Incarnation Technique, Stinging Study, Tempting Contract, Inkshield, Ghostly Prison"
Sliver Swarm,Commander Deck,Commander,CMM,2023-08-04,170.03,"Sliver Hivelord, Hatchery Sliver, Galerider Sliver, Fellwar Stone, Lazotep Sliver"
Smashing Stampede,Historic Brawl Precon Deck,Commander,MOM,2024-07-08,155.25,"The Great Henge, Surrak and Goreclaw, Coldsteel Heart, Elvish Mystic, Shivan Devastator"
Sneak Attack,Commander Deck,Commander,ZNC,2020-09-25,30.26,"Sygg, River Cutthroat, Notorious Throng, Blackblade Reforged, In Garruk's Wake, Obelisk of Urd"
Spirit Squadron,Commander Deck,Commander,VOC,2021-11-19,36.89,"Kami of the Crescent Moon, Ghostly Prison, Knight of the White Orchid, Arcane Denial, Sol Ring"
Squirreled Away,Commander Deck,Commander,BLC,2024-08-02,95.98,"Chatterfang, Squirrel General, Academy Manufactor, Toski, Bearer of Secrets, Beastmaster Ascension, Skullclamp"
Stalwart Unity,Commander Deck,Commander,C16,2016-11-11,181.6,"Lurking Predators, Homeward Path, Wave of Reckoning, Swan Song, Benefactor's Draught"
Subjective Reality,Commander Deck,Commander,C18,2018-08-10,32.55,"Silent-Blade Oni, Sower of Discord, Yuriko, the Tiger's Shadow, Varina, Lich Queen, Ponder"
Sultai Arisen,Commander Deck,Commander,TDC,2025-04-11,80.65,"Colossal Grave-Reaver, Command Beacon, Teval's Judgment, Dauthi Voidwalker, Jarad, Golgari Lich Lord"
Swell the Host,Commander Deck,Commander,C15,2015-11-13,69.04,"Caller of the Claw, Arachnogenesis, Command Beacon, Reliquary Tower, Beastmaster Ascension"
Sworn To Darkness,Commander Deck,Commander,C14,2014-11-07,77.36,"Jet Medallion, Crypt Ghast, Sudden Spoiling, Crypt of Agadeem, Magus of the Coffers"
Symbiotic Swarm,Commander Deck,Commander,C20,2020-04-17,41.94,"Karametra, God of Harvests, Gavony Township, Obscuring Haze, Akroma, Angel of Wrath, Slippery Bogbonder"
Temur Roar,Commander Deck,Commander,TDC,2025-04-11,55.94,"Ureni of the Unwritten, Elemental Bond, Temur Ascendancy, Dragon Tempest, Hellkite Courser"
The Fantastic Four,Commander Deck,Commander,MSC,2026-06-26,50.81,"Three Visits, Clever Concealment, Galactus, Devourer of Worlds, Lightning Greaves, Quantum Misalignment"
The Fantastic Four Collector's Edition,Commander Deck,Commander,MSC,2026-06-26,63.11,"Three Visits, Clever Concealment, Galactus, Devourer of Worlds, Mister Fantastic, Lightning Greaves"
The Hosts of Mordor,Commander Deck,Commander,LTC,2023-06-23,89.81,"Cavern-Hoard Dragon, The Black Gate, Reanimate, Relic of Sauron, Living Death"
The Ruinous Powers,Commander Deck,Commander,40K,2022-10-07,182.86,"Bloodthirster, Exalted Flamer of Tzeentch, Magnus the Red, Keeper of Secrets, Blood for the Blood God!"
The Ruinous Powers Collector's Edition,Commander Deck,Commander,40K,2022-10-07,526.02,"Bloodthirster, Magnus the Red, Exalted Flamer of Tzeentch, Be'lakor, the Dark Master, Nurgle's Rot"
Timeless Wisdom,Commander Deck,Commander,C20,2020-04-17,130.5,"Fierce Guardianship, Surly Badgersaur, Brallin, Skyshark Rider, The Locust God, Windfall"
Timey-Wimey,Commander Deck,Commander,WHO,2023-10-13,229.54,"Sundown Pass, Everybody Lives!, Nanogene Conversion, Dinosaurs on a Spaceship, Flesh Duplicate"
Tinker Time,Commander Deck,Commander,MOC,2023-04-21,47.86,"Academy Manufactor, Hedron Detonator, Pain Distributor, Curse of Opulence, Tireless Provisioner"
Token Triumph,Commander Deck,Commander,SCD,2022-12-02,11.39,"Champion of Lambholt, Idol of Oblivion, Sol Ring, Eternal Witness, Path to Exile"
Tricky Terrain,Commander Deck,Commander,M3C,2024-06-14,199.26,"Talon Gates of Madara, Yavimaya, Cradle of Growth, Dryad of the Ilysian Grove, Scute Swarm, Apex Devastator"
Tricky Terrain Collector's Edition,Commander Deck,Commander,M3C,2024-06-14,385.06,"Talon Gates of Madara, Planar Nexus, Lazotep Quarry, Yavimaya, Cradle of Growth, Horizon of Progress"
Turtle Power!,Commander Deck,Commander,TMC,2026-03-06,571.93,"Irma, Part-Time Mutant, City of Brass, Continue?, Endless Foot Assault, Coin of Mastery"
Tyranid Swarm,Commander Deck,Commander,40K,2022-10-07,173.21,"Ghyrson Starn, Kelermorph, Shadow in the Warp, Biophagus, Sporocyst, Nexos"
Tyranid Swarm Collector's Edition,Commander Deck,Commander,40K,2022-10-07,525.87,"Ghyrson Starn, Kelermorph, Biophagus, Shadow in the Warp, Magus Lucea Kane, Sporocyst"
Undead Unleashed,Commander Deck,Commander,MIC,2021-09-24,47.8,"Diregraf Colossus, Endless Ranks of the Dead, Hordewing Skaab, Death Baron, Cleaver Skaab"
Upgrades Unleashed,Commander Deck,Commander,NEC,2022-02-18,73.48,"Bear Umbra, Rishkar's Expertise, Akki Battle Squad, Rhythm of the Wild, Komainu Battle Armor"
Urza's Iron Alliance,Commander Deck,Commander,BRC,2022-11-18,91.38,"Baleful Strix, Relic of Progenitus, Skullclamp, Vault of Whispers, Preordain"
Vampiric Bloodline,Commander Deck,Commander,VOC,2021-11-19,59.02,"Molten Echoes, Nirkana Revenant, Shadowgrange Archfiend, Malakir Bloodwitch, Blood Artist"
Vampiric Bloodlust,Commander Deck,Commander,C17,2017-08-25,145.03,"Teferi's Protection, Kindred Charge, Door of Destinies, Skullclamp, Well of Lost Dreams"
Veloci-Ramp-Tor,Commander Deck,Commander,LCC,2023-11-17,93.92,"Akroma's Will, Xenagos, God of Revels, Apex Altisaur, Chandra's Ignition, Wrathful Raptors"
Virtue and Valor,Commander Deck,Commander,WOC,2023-09-08,110.14,"Bear Umbra, Retether, Hall of Heliod's Generosity, Mantle of the Ancients, Umbra Mystic"
Wade into Battle,Commander Deck,Commander,C15,2015-11-13,61.14,"Urza's Incubator, Blade of Selves, Basalt Monolith, Gisela, Blade of Goldnight, Lightning Greaves"
Wakanda Forever,Commander Deck,Commander,MSC,2026-06-26,48.01,"Birds of Paradise, Bountiful Promenade, Helm of the Host, Hammer of Nazahn, Sword of the Animist"
Wakanda Forever Collector's Edition,Commander Deck,Commander,MSC,2026-06-26,48.01,"Birds of Paradise, Bountiful Promenade, Helm of the Host, Hammer of Nazahn, Sword of the Animist"
Wild Bounty,Brawl Deck,Commander,ELD,2019-10-04,71.61,"Biomancer's Familiar, Hallowed Fountain, Circuitous Route, Risen Reef, Incubation Druid"
Witherbloom Pestilence,Commander Deck,Commander,SOC,2026-04-24,44.04,"Turbulent Fen, Ohran Frostfang, Toxic Deluge, Stensian Sanguinist // Exsanguinate, Blood Artist"
Witherbloom Witchcraft,Commander Deck,Commander,C21,2021-04-23,78.29,"Witch's Clinic, Alhammarret's Archive, Venser's Journal, Sapling of Colfenor, Sanguine Bond"
World Shaper,Commander Deck,Commander,EOC,2025-08-01,25.71,"Braids, Arisen Nightmare, Exploration Broodship, Oracle of Mul Daya, Nature's Lore, Moraug, Fury of Akoum"
2014 Full Art Land Set,Box Set,Other,J14,2014-01-01,355.26,"Island, Forest, Plains, Mountain, Swamp"
30th Anniversary Countdown Kit,Secret Lair Drop,Other,SLC,2022-11-01,653.87,"Chrome Mox, Necropotence, Deathrite Shaman, Birthing Pod, Lim-Dûl's Vault"
A Box of Rocks,Secret Lair Drop,Other,SLD,2021-03-15,35.17,"Arcane Signet, Commander's Sphere, Chromatic Lantern, Gilded Lotus, Darksteel Ingot"
A Box of Rocks Foil Edition,Secret Lair Drop,Other,SLD,2021-03-15,35.17,"Arcane Signet, Commander's Sphere, Chromatic Lantern, Gilded Lotus, Darksteel Ingot"
A Devastation of Dragons,Secret Lair Drop,Other,SLD,2025-02-20,73.87,"Kokusho, the Evening Star, Scion of the Ur-Dragon, Niv-Mizzet, Parun, Skyline Despot"
Aang,Jumpstart,Other,TLE,2025-11-20,14.96,"Aang, Airbending Master, Cloudshift, Kindly Customer, Momo, Rambunctious Rascal, Plains"
Above the Clouds (1),Jumpstart,Other,JMP,2020-07-17,0.0,"Capture Sphere, Tide Skimmer, Lofty Denial, Unsubstantiate, Thriving Isle"
Above the Clouds (2),Jumpstart,Other,JMP,2020-07-17,0.0,"Capture Sphere, Tide Skimmer, Lofty Denial, Unsubstantiate, Thriving Isle"
Above the Clouds (3),Jumpstart,Other,JMP,2020-07-17,0.0,"Capture Sphere, Tide Skimmer, Lofty Denial, Unsubstantiate, Thriving Isle"
Above the Clouds (4),Jumpstart,Other,JMP,2020-07-17,6.08,"Kira, Great Glass-Spinner, Capture Sphere, Tide Skimmer, Lofty Denial, Unsubstantiate"
Absolute Annihilation,Secret Lair Drop,Other,SLD,2023-09-15,60.42,"Mass Hysteria, Terminate, Abrade, Oppression"
Absolute Annihilation Foil Edition,Secret Lair Drop,Other,SLD,2023-09-15,60.42,"Mass Hysteria, Terminate, Abrade, Oppression"
Abzan Siege,Intro Pack,Other,KTK,2014-09-26,8.64,"Abzan Falconer, Eternal Thirst, Abzan Battle Priest, Sandsteppe Citadel, Abzan Charm"
Adaptive,Jumpstart,Other,TLE,2025-11-20,11.63,"The Blue Spirit, Princess Yue, Frantic Search, Boomerang Basics, Island"
Adept (1),Jumpstart,Other,TLE,2025-11-20,3.57,"Dramatic Reversal, Nightmares and Daydreams, Island, Katara, Bending Prodigy, Unagi's Spray"
Adept (2),Jumpstart,Other,TLE,2025-11-20,2.72,"Consider, Nightmares and Daydreams, Octopus Form, Island, Katara, Bending Prodigy"
Adventures in the Forgotten Realms Bundle Land Pack,Bundle Land Pack,Other,AFR,2021-07-23,0.0,"Forest, Forest, Swamp, Swamp, Forest"
Adventures in the Forgotten Realms Foil Redemption,MTGO Redemption,Other,AFR,2021-08-22,289.33,"Old Gnawbone, Tiamat, Circle of Dreams Druid, Xorn, Teleportation Circle"
Adventures in the Forgotten Realms Redemption,MTGO Redemption,Other,AFR,2021-08-22,289.33,"Old Gnawbone, Tiamat, Circle of Dreams Druid, Xorn, Teleportation Circle"
Adventures in the Forgotten Realms Welcome Booster,Welcome Booster,Other,AFR,2021-07-23,2.83,"Cleric Class, Sunblast Angel, Atarka, World Render, Tyrant's Familiar, Jiang Yanggu, Wildcrafter"
Adventures of the Little Witch,Secret Lair Drop,Other,SLD,2025-04-23,76.79,"Realms Uncharted, Esika's Chariot, Secret Rendezvous, Serenity"
Adventures of the Little Witch Foil Edition,Secret Lair Drop,Other,SLD,2025-04-23,76.79,"Realms Uncharted, Esika's Chariot, Secret Rendezvous, Serenity"
Aeo Paquette - Affinity,World Championship Deck,Other,WC04,2004-09-01,75.98,"Chrome Mox, Arcbound Ravager, Great Furnace, Welding Jar, Thoughtcast"
Aerial Acrobatics,Game Night Deck,Other,GN2,2019-11-15,18.81,"Agent of Treachery, Dramatic Reversal, Engulf the Shore, River's Rebuke, Winged Words"
Aerial Domination,Arena Starter Deck,Other,ANB,2020-08-13,0.0,"Wall of Runes, Sworn Guardian, Waterkin Shaman, Cloudkin Seer, Warden of Evos Isle"
Aerodoom,Theme Deck,Other,BTD,2000-10-01,33.87,"Dark Ritual, Counterspell, Power Sink, Tolarian Winds, Brainstorm"
Aether Drifters,Secret Lair Drop,Other,SLD,2025-02-11,20.81,"Smuggler's Copter // Smuggler's Copter, Parhelion II // Parhelion II, Mechtitan Core // Mechtitan Core, Reckoner Bankbuster // Reckoner Bankbuster, Peacewalker Colossus // Peacewalker Colossus"
Aether Drifters Foil Edition,Secret Lair Drop,Other,SLD,2025-02-11,20.81,"Smuggler's Copter // Smuggler's Copter, Parhelion II // Parhelion II, Mechtitan Core // Mechtitan Core, Reckoner Bankbuster // Reckoner Bankbuster, Peacewalker Colossus // Peacewalker Colossus"
Aether Revolt Foil Redemption,MTGO Redemption,Other,AER,2017-02-19,233.43,"Paradox Engine, Walking Ballista, Heroic Intervention, Whir of Invention, Exquisite Archangel"
Aether Revolt Redemption,MTGO Redemption,Other,AER,2017-02-19,233.43,"Paradox Engine, Walking Ballista, Heroic Intervention, Whir of Invention, Exquisite Archangel"
Aetherdrift Bundle Land Pack,Bundle Land Pack,Other,DFT,2025-02-14,0.0,"Mountain, Mountain, Forest, Forest, Swamp"
Aetherdrift Redemption,MTGO Redemption,Other,DFT,2025-03-13,171.41,"The Aetherspark, Monument to Endurance, Riverpyre Verge, Sunbillow Verge, Bleachbone Verge"
Aga Galneer,Shandalar Enemy Deck,Other,PAST,1997-04-01,182.59,"Greed, El-Hajjâj, Sol Ring, Spirit Link, Savannah Lions"
Agents of S.H.I.E.L.D.,Jumpstart,Other,MSH,2026-06-26,0.0,"Nick Fury, Spymaster, Agent Phil Coulson, Strategic Intervention, Quake, Agent of S.H.I.E.L.D., Thriving Heath"
Air Forces,MTGO Theme Deck,Other,WTH,2007-12-12,17.15,"Debt of Loyalty, Island, Impulse, Island, Plains"
Air Razers,Theme Deck,Other,JUD,2002-05-27,409.93,"Worldgorger Dragon, Flash of Insight, Wonder, Lava Dart, Dwarven Scorcher"
Airbending,Jumpstart,Other,TLE,2025-11-20,10.32,"Monk Gyatso, Airbender Ascension, Airbender's Reversal, Plains, Koala-Sheep"
Ajani,Planeswalker Deck,Other,M19,2018-07-13,9.65,"Ajani, Wise Counselor, Plains, Herald of Faith, Mentor of the Meek, Rustwing Falcon"
Ajani Goldmane,Duel Deck,Other,DDH,2011-09-02,15.04,"Essence Warden, Ajani Vengeant, Titanic Ultimatum, Spitemare, Wild Nacatl"
"Ajani, Inspiring Leader",Planeswalker Deck,Other,M20,2019-07-29,11.86,"Ajani, Inspiring Leader, Angel of Vitality, Plains, Twinblade Paladin, Serra's Guardian"
"Ajani, Valiant Protector",Planeswalker Deck,Other,AER,2017-01-20,4.88,"Ajani, Valiant Protector, Narnam Renegade, Aid from the Cowl, Unbridled Growth, Forest"
Alara Reborn Foil Redemption,MTGO Redemption,Other,ARB,2009-05-30,549.92,"Wargate, Sen Triplets, Maelstrom Nexus, Lord of Extinction, Time Sieve"
Alara Reborn Redemption,MTGO Redemption,Other,ARB,2009-05-30,549.92,"Wargate, Sen Triplets, Maelstrom Nexus, Lord of Extinction, Time Sieve"
Alex Borteh - Merfolk Opposition,World Championship Deck,Other,WC01,2001-08-08,42.54,"Gush, Static Orb, Lord of Atlantis, Waterfront Bouncer, Thwart"
Alien Auroras,Secret Lair Drop,Other,SLD,2025-07-29,87.88,"Crucible of Worlds, Sylvan Safekeeper, Zuran Orb, Reprocess, Aggressive Mining"
Alien Auroras Galaxy Foil Edition,Secret Lair Drop,Other,SLD,2025-07-29,87.88,"Crucible of Worlds, Sylvan Safekeeper, Zuran Orb, Reprocess, Aggressive Mining"
Alliance (1),Jumpstart,Other,TLE,2025-11-20,2.2,"The Duke, Rebel Sentry, Plains, South Pole Voyager, Mechanical Glider, Thriving Heath"
Alliance (2),Jumpstart,Other,TLE,2025-11-20,4.23,"The Duke, Rebel Sentry, Jet, Rebel Leader, Plains, South Pole Voyager, Inspired Insurgent"
Allied Fires,Challenger Deck,Other,Q04,2020-04-03,34.88,"Steam Vents, Narset, Parter of Veils, Ugin, the Ineffable, Kenrith, the Returned King, Saheeli, Sublime Artificer"
Alt-A-Kesh,Shandalar Enemy Deck,Other,PAST,1997-04-01,10827.16,"Time Walk, Ancestral Recall, Junún Efreet, Birds of Paradise, Energy Flux"
Amonkhet Bundle Land Pack,Bundle Land Pack,Other,AKH,2017-04-28,10.35,"Island, Swamp, Mountain, Mountain, Forest"
Amonkhet Foil Redemption,MTGO Redemption,Other,AKH,2017-05-28,417.98,"Anointed Procession, Bontu's Monument, Combat Celebrant, Oketra's Monument, Nest of Scarabs"
Amonkhet Redemption,MTGO Redemption,Other,AKH,2017-05-28,417.98,"Anointed Procession, Bontu's Monument, Combat Celebrant, Oketra's Monument, Nest of Scarabs"
Amonkhet Welcome Deck - Black,Welcome Deck,Other,W17,2017-04-15,0.0,"Swamp, Swamp, Swamp, Gravedigger, Dune Beetle"
Amonkhet Welcome Deck - Blue,Welcome Deck,Other,W17,2017-04-15,0.0,"Island, Island, Ancient Crab, Nimble Innovator, Island"
Amonkhet Welcome Deck - Green,Welcome Deck,Other,W17,2017-04-15,1.11,"Sixth Sense, Forest, Forest, Forest, Giant Spider"
Amonkhet Welcome Deck - Red,Welcome Deck,Other,W17,2017-04-15,1.19,"Mountain, Mountain, Renegade Tactics, Mountain, Hyena Pack"
Amonkhet Welcome Deck - White,Welcome Deck,Other,W17,2017-04-15,0.0,"Plains, Plains, Bastion Enforcer, Inspired Charge, Victory's Herald"
An Encyclopedia of Magic,Secret Lair Drop,Other,SLC,2025-11-03,432.08,"Urza's Saga, Phyrexian Altar, Field of the Dead, Sol Ring, Myrel, Shield of Argive"
Analyzed,Jumpstart,Other,MSH,2026-06-26,3.5,"Vision, Spectral Synthezoid, Island, Machine Man, Model X-51, We Say Thee Nay!, Timeline Inquiry"
Ancient Arsenal,Starter Kit,Other,ACR,2024-07-05,30.26,"Surtr, Fiery Jötun, Battlefield Improvisation, Bureau Headmaster, Eivor, Battle-Ready, Escarpment Fortress"
Ancient Discovery,Arena Starter Deck,Other,OTJ,2024-07-08,34.01,"Bonehoard Dracosaur, Warleader's Call, Anim Pakal, Thousandth Moon, Inspiring Vantage, Aurelia, the Law Above"
Angelic Accountants,Arena Starter Deck,Other,SNC,2022-09-09,18.67,"Elspeth Resplendent, Deserted Beach, Lion Sash, Planar Incision, Giada, Font of Hope"
Angelic Army,Arena Starter Deck,Other,ANB,2019-09-26,0.0,"Ajani's Pridemate, Dawn of Hope, Meteor Golem, Serra's Guardian, Loxodon Lifechanter"
Angelic Army 2,Arena Starter Deck,Other,ANB,2020-03-12,0.0,"Ajani's Pridemate, Dawn of Hope, Serra's Guardian, Loxodon Lifechanter, Moment of Heroism"
Angelic Fury,Intro Pack,Other,SOI,2016-04-08,0.0,"Gryff's Boon, Dance with Devils, Nahiri's Machinations, Flameblade Angel, Pyre Hound"
Angelic Might,Intro Pack,Other,AVR,2012-05-04,59.5,"Seraph Sanctuary, Herald of War, Forest, Forest, Rampant Growth"
Angels,Deck Builder's Toolkit,Other,M13,2012-07-13,24.65,"Seraph Sanctuary, Defy Death, Scroll of Avacyn, Emancipation Angel, Archangel"
Angels (1),Jumpstart,Other,J25,2024-11-07,0.0,"Giada, Font of Hope, Youthful Valkyrie, Light of Hope, Inspiring Overseer, Starnheim Memento"
Angels (2),Jumpstart,Other,JMP,2020-07-17,27.12,"Linvala, Keeper of Silence, Angelic Arbiter, Thriving Heath, Angelic Ascension, Anointed Chorister"
"Angrath, Minotaur Pirate",Planeswalker Deck,Other,RIX,2018-01-19,25.87,"Vanquisher's Banner, Angrath, Minotaur Pirate, Swamp, Mountain, Dire Fleet Neckbreaker"
Animal,Jumpstart,Other,MSH,2026-06-26,19.63,"Tippy-Toe, Terrific Partner, Lucky the Pizza Dog, Heroic Feast, Wakandan Tusker, Forest"
Animar & Friends,Secret Lair Drop,Other,SLD,2025-02-03,85.01,"Animar, Soul of Elements, All Will Be One, Benevolent Hydra, Forgotten Ancient, Mulldrifter"
Anthousa's Army,Intro Pack,Other,THS,2013-09-27,18.19,"Bow of Nylea, Elvish Mystic, Forest, Plains, Forest"
Antoine Ruel - Blue-Black-Red Nether-Go,World Championship Deck,Other,WC01,2001-08-08,96.09,"Tsabo's Web, Shivan Reef, Sulfurous Springs, Counterspell, Accumulated Knowledge"
Ape Lord,Shandalar Enemy Deck,Other,PAST,1997-04-01,464.93,"Mountain, Mana Vault, Killer Bees, Birds of Paradise, Shivan Dragon"
Apocalypse Foil Redemption,MTGO Redemption,Other,APC,2001-07-04,3371.6,"Yavimaya Coast, Pernicious Deed, Llanowar Wastes, Shivan Reef, Battlefield Forge"
Apocalypse Redemption,MTGO Redemption,Other,APC,2001-07-04,3371.6,"Yavimaya Coast, Pernicious Deed, Llanowar Wastes, Shivan Reef, Battlefield Forge"
April Fools,Secret Lair Drop,Other,SLD,2020-09-30,22.56,"Goblin Snowman, Storm Crow, Mudhole"
Aragorn at Helm's Deep,Box Set,Other,LTC,2023-11-03,83.41,"Legolas's Quick Reflexes, Andúril, Narsil Reforged, Gimli's Reckless Might, Aragorn, Hornburg Hero, Isengard Unleashed"
Arcade Racers,Secret Lair Drop,Other,SLD,2025-02-11,65.5,"Final Fortune, Big Score, Wheel of Misfortune, Heat Shimmer, Roiling Vortex"
Arcade Racers Foil Edition,Secret Lair Drop,Other,SLD,2025-02-11,65.5,"Final Fortune, Big Score, Wheel of Misfortune, Heat Shimmer, Roiling Vortex"
Arcane,Secret Lair Drop,Other,SLD,2022-05-06,113.05,"Rhystic Study, Seize the Day, Thran Dynamo, Duress, Path to Exile"
Arcane Aggression,Arena Starter Deck,Other,LTR,2023-06-20,30.94,"Urabrask // The Great Work, Flame of Anor, Gandalf the Grey, Third Path Iconoclast, Shivan Reef"
Arcane Foil Edition,Secret Lair Drop,Other,SLD,2022-05-06,113.05,"Rhystic Study, Seize the Day, Thran Dynamo, Duress, Path to Exile"
Arcane Inventions,Arena Starter Deck,Other,M19,2018-09-27,5.32,"Sai, Master Thopterist, Diamond Mare, Island, Arcane Encyclopedia, Disperse"
Arcane Mischief,Jumpstart,Other,DMU,2022-09-09,2.15,"Island, Combat Research, Cosmic Epiphany, Shore Up, Impulse"
Arcane Tempo,Challenger Deck,Other,Q02,2019-04-12,21.5,"Niv-Mizzet, Parun, Arclight Phoenix, Murmuring Mystic, Mountain, Sulfur Falls"
Arcane: Lands,Secret Lair Drop,Other,SLD,2022-05-06,12.36,"Swamp, Forest, Plains, Island, Mountain"
Arcane: Lands Foil Edition,Secret Lair Drop,Other,SLD,2022-05-06,12.36,"Swamp, Forest, Plains, Island, Mountain"
Arcanis's Guile,Theme Deck,Other,10E,2007-07-13,24.93,"Arcanis the Omnipotent, Telling Time, Unsummon, Boomerang, Tidings"
Arch Angel,Shandalar Enemy Deck,Other,PAST,1997-04-01,279.47,"Mishra's Factory, Mana Vault, Tetravus, Wrath of God, Swords to Plowshares"
Archaeology (1),Jumpstart,Other,JMP,2020-07-17,0.0,"Buried Ruin, Chromatic Sphere, Thriving Isle, Ancestral Statue, Aether Spellbomb"
Archaeology (2),Jumpstart,Other,JMP,2020-07-17,0.0,"Buried Ruin, Thriving Isle, Ancestral Statue, Aether Spellbomb, Island"
Archaeology (3),Jumpstart,Other,JMP,2020-07-17,12.57,"Vedalken Archmage, Buried Ruin, Thriving Isle, Sharding Sphinx, Ancestral Statue"
Archaeology (4),Jumpstart,Other,JMP,2020-07-17,4.45,"Scarecrone, Buried Ruin, Thriving Isle, Aether Spellbomb, Island"
Archenemy Nicol Bolas,Archenemy Deck,Other,E01,2017-06-16,24.96,"Nicol Bolas, Planeswalker, Talisman of Dominance, Talisman of Indulgence, Archfiend of Depravity, Drowned Catacomb"
Armada,Theme Deck,Other,7ED,2001-04-11,283.46,"Disenchant, Glorious Anthem, Serra Advocate, Spirit Link, Pacifism"
Armed,Clash Pack,Other,ORI,2015-07-17,32.13,"Windswept Heath, Collected Company, Dromoka's Command, Valeron Wardens, Dragon Hunter"
Armed (1),Jumpstart,Other,J25,2024-11-07,0.0,"Starnheim Courser, Danitha Capashen, Paragon, Starnheim Memento, Valkyrie's Sword, Mace of the Valiant"
Armed (2),Jumpstart,Other,J25,2024-11-07,0.0,"Plate Armor, Danitha Capashen, Paragon, Stone Haven Outfitter, Ancestral Blade, Plains"
Armed (3),Jumpstart,Other,J25,2024-11-07,0.0,"Trusty Retriever, Maul of the Skyclaves, Danitha Capashen, Paragon, Valkyrie's Sword, Ancestral Blade"
Armed (4),Jumpstart,Other,J25,2024-11-07,2.48,"Godsend, Plate Armor, Danitha Capashen, Paragon, Ancestral Blade, Plains"
Armed and Dangerous,Clash Pack,Other,ORI,2015-07-17,39.78,"Windswept Heath, Collected Company, Dromoka, the Eternal, Avatar of the Resolute, Citadel Siege"
Army of Entropy,Theme Deck,Other,SHM,2008-05-02,145.34,"Blowfly Infestation, Kulrath Knight, Murderous Redcap, Swamp, Ashenmoor Liege"
Army of Justice,Theme Deck,Other,9ED,2005-07-29,15.11,"Righteousness, Plains, Veteran Cavalier, Angel of Mercy, Plains"
Artful Destruction,Intro Pack,Other,NPH,2011-05-13,102.57,"Suture Priest, Palladium Myr, Vital Splicer, Gold Myr, Forest"
Artifacts Attack,Arena Starter Deck,Other,M19,2018-09-27,41.15,"Nezahal, Primal Tide, Settle the Wreckage, Goring Ceratops, Glacial Fortress, Azor, the Lawbringer"
Artist Series: Alayna Danner,Secret Lair Drop,Other,SLD,2023-04-28,96.16,"Emeria, the Sky Ruin, Linvala, Keeper of Silence, Seraph Sanctuary, Sunblast Angel"
Artist Series: Alayna Danner Foil Edition,Secret Lair Drop,Other,SLD,2023-04-28,96.16,"Emeria, the Sky Ruin, Linvala, Keeper of Silence, Seraph Sanctuary, Sunblast Angel"
Artist Series: Aleksi Briclot,Secret Lair Drop,Other,SLD,2022-12-19,78.7,"Eldrazi Temple, Thought-Knot Seer, Reality Smasher, Inquisition of Kozilek"
Artist Series: Aleksi Briclot Foil Edition,Secret Lair Drop,Other,SLD,2022-12-19,78.7,"Eldrazi Temple, Thought-Knot Seer, Reality Smasher, Inquisition of Kozilek"
Artist Series: Chris Rahn,Secret Lair Drop,Other,SLD,2022-09-13,42.29,"Kozilek, the Great Distortion, Platinum Angel, Primeval Titan, Huntmaster of the Fells // Ravager of the Fells"
Artist Series: Chris Rahn Foil Edition,Secret Lair Drop,Other,SLD,2022-09-13,42.29,"Kozilek, the Great Distortion, Platinum Angel, Primeval Titan, Huntmaster of the Fells // Ravager of the Fells"
Artist Series: Ian Miller,Secret Lair Drop,Other,SLD,2026-09-01,152.51,"Animar, Soul of Elements, Korvold, Fae-Cursed King, Tsabo Tavoc, Shivan Dragon"
Artist Series: Ian Miller Foil Edition,Secret Lair Drop,Other,SLD,2026-09-01,152.51,"Animar, Soul of Elements, Korvold, Fae-Cursed King, Tsabo Tavoc, Shivan Dragon"
Artist Series: Jesper Ejsing,Secret Lair Drop,Other,SLD,2025-02-11,107.02,"Deflecting Swat, Sun Titan, Llanowar Elves, Breeches, Eager Pillager"
Artist Series: Jesper Ejsing Foil Edition,Secret Lair Drop,Other,SLD,2025-02-11,107.02,"Deflecting Swat, Sun Titan, Llanowar Elves, Breeches, Eager Pillager"
Artist Series: Johannes Voss,Secret Lair Drop,Other,SLD,2021-12-13,47.66,"Carpet of Flowers, Sphere of Safety, Karmic Guide, Sanctum Prelate"
Artist Series: Johannes Voss Foil Edition,Secret Lair Drop,Other,SLD,2021-12-13,47.66,"Carpet of Flowers, Sphere of Safety, Karmic Guide, Sanctum Prelate"
Artist Series: John Avon,Secret Lair Drop,Other,SLD,2023-11-30,37.29,"Emrakul, the Promised End, Progenitus, Brainstorm, Serra Angel"
Artist Series: John Avon Foil Edition,Secret Lair Drop,Other,SLD,2023-11-30,37.29,"Emrakul, the Promised End, Progenitus, Brainstorm, Serra Angel"
Artist Series: Kev Walker,Secret Lair Drop,Other,SLD,2023-09-15,69.5,"It That Betrays, Faeburrow Elder, Fleshbag Marauder, Carnage Tyrant"
Artist Series: Kev Walker Foil Edition,Secret Lair Drop,Other,SLD,2023-09-15,69.5,"It That Betrays, Faeburrow Elder, Fleshbag Marauder, Carnage Tyrant"
Artist Series: Kieran Yanner,Secret Lair Drop,Other,SLD,2025-10-27,155.73,"Demonic Tutor, Armageddon, Lord of the Pit, Northern Paladin"
Artist Series: Kieran Yanner Foil Edition,Secret Lair Drop,Other,SLD,2025-10-27,155.73,"Demonic Tutor, Armageddon, Lord of the Pit, Northern Paladin"
Artist Series: Livia Prima,Secret Lair Drop,Other,SLD,2022-09-13,62.13,"Mikaeus, the Unhallowed, Akroma, Angel of Wrath, Olivia, Mobilized for War, Glissa Sunseeker"
Artist Series: Livia Prima Foil Edition,Secret Lair Drop,Other,SLD,2022-09-13,62.13,"Mikaeus, the Unhallowed, Akroma, Angel of Wrath, Olivia, Mobilized for War, Glissa Sunseeker"
Artist Series: Magali Villeneuve,Secret Lair Drop,Other,SLD,2022-08-05,50.56,"Mother of Runes, Forest, Elvish Mystic, Death's Shadow"
Artist Series: Magali Villeneuve Foil Edition,Secret Lair Drop,Other,SLD,2022-08-05,50.56,"Mother of Runes, Forest, Elvish Mystic, Death's Shadow"
Artist Series: Mark Poole,Secret Lair Drop,Other,SLD,2021-10-29,60.91,"Wasteland, Birds of Paradise, Howling Mine, Counterspell, Balance"
Artist Series: Mark Poole Foil Edition,Secret Lair Drop,Other,SLD,2021-10-29,60.91,"Wasteland, Birds of Paradise, Howling Mine, Counterspell, Balance"
Artist Series: Nils Hamm,Secret Lair Drop,Other,SLD,2022-10-25,64.59,"Sword of Truth and Justice, Contagion Engine, Deepglow Skate, Tireless Tracker"
Artist Series: Nils Hamm Foil Edition,Secret Lair Drop,Other,SLD,2022-10-25,64.59,"Sword of Truth and Justice, Contagion Engine, Deepglow Skate, Tireless Tracker"
Artist Series: Phil Foglio,Secret Lair Drop,Other,SLD,2025-06-10,63.33,"Constant Mists, Orcish Lumberjack, Goblin Bombardment, Song of the Dryads"
Artist Series: Phil Foglio Foil Edition,Secret Lair Drop,Other,SLD,2025-06-10,63.33,"Constant Mists, Orcish Lumberjack, Goblin Bombardment, Song of the Dryads"
Artist Series: Randy Vargas,Secret Lair Drop,Other,SLD,2023-04-28,63.19,"Grand Abolisher, Umezawa's Jitte, Selfless Savior, Akroma, Angel of Fury"
Artist Series: Randy Vargas Foil Edition,Secret Lair Drop,Other,SLD,2023-04-28,63.19,"Grand Abolisher, Umezawa's Jitte, Selfless Savior, Akroma, Angel of Fury"
Artist Series: Rebecca Guay,Secret Lair Drop,Other,SLD,2023-04-28,57.55,"Stoneforge Mystic, Serra the Benevolent, Muddle the Mixture, Cleansing Nova"
Artist Series: Rebecca Guay Foil Edition,Secret Lair Drop,Other,SLD,2023-04-28,57.55,"Stoneforge Mystic, Serra the Benevolent, Muddle the Mixture, Cleansing Nova"
Artist Series: Rovina Cai,Secret Lair Drop,Other,SLD,2024-04-15,81.05,"Arcane Signet, Sword of the Animist, Inalla, Archmage Ritualist, Aether Vial"
Artist Series: Rovina Cai Foil Edition,Secret Lair Drop,Other,SLD,2024-04-15,119.82,"Arcane Signet, Sword of the Animist, Inalla, Archmage Ritualist, Aether Vial"
Artist Series: Ryan Alexander Lee,Secret Lair Drop,Other,SLD,2023-08-29,38.38,"Worldspine Wurm, Nemesis of Reason, Twilight Prophet, Gaea's Blessing"
Artist Series: Ryan Alexander Lee Foil Edition,Secret Lair Drop,Other,SLD,2023-08-29,38.38,"Worldspine Wurm, Nemesis of Reason, Twilight Prophet, Gaea's Blessing"
Artist Series: Sam Burley,Secret Lair Drop,Other,SLD,2023-04-14,66.2,"Braid of Fire, Karrthus, Tyrant of Jund, Master of the Wild Hunt, Koth of the Hammer"
Artist Series: Sam Burley Foil Edition,Secret Lair Drop,Other,SLD,2023-04-14,66.2,"Braid of Fire, Karrthus, Tyrant of Jund, Master of the Wild Hunt, Koth of the Hammer"
Artist Series: Seb McKinnon,Secret Lair Drop,Other,SLD,2021-03-15,53.03,"Damnation, Swamp, Enchanted Evening, Sower of Temptation"
Artist Series: Seb McKinnon Foil Edition,Secret Lair Drop,Other,SLD,2021-03-15,53.03,"Damnation, Swamp, Enchanted Evening, Sower of Temptation"
Artist Series: Sidharth Chaturvedi,Secret Lair Drop,Other,SLD,2022-08-05,55.3,"Concordant Crossroads, Ghost Quarter, Island, Nomad Outpost"
Artist Series: Sidharth Chaturvedi Foil Edition,Secret Lair Drop,Other,SLD,2022-08-05,55.3,"Concordant Crossroads, Ghost Quarter, Island, Nomad Outpost"
Artist Series: Thomas Baxa,Secret Lair Drop,Other,SLD,2021-12-13,53.45,"Sliver Hivelord, Spellskite, Sire of Insanity, Ob Nixilis Reignited"
Artist Series: Thomas Baxa Foil Edition,Secret Lair Drop,Other,SLD,2021-12-13,53.45,"Sliver Hivelord, Spellskite, Sire of Insanity, Ob Nixilis Reignited"
Artist Series: Victor Adame Minguez,Secret Lair Drop,Other,SLD,2022-10-25,47.49,"Lord of the Undead, Knight of the White Orchid, Knight Exemplar, Compost"
Artist Series: Victor Adame Minguez Foil Edition,Secret Lair Drop,Other,SLD,2022-10-25,47.49,"Lord of the Undead, Knight of the White Orchid, Knight Exemplar, Compost"
Artist Series: Volkan Baga,Secret Lair Drop,Other,SLD,2022-09-13,40.28,"Berserk, Elspeth, Knight-Errant, Verduran Enchantress, Patron Wizard"
Artist Series: Volkan Baga Foil Edition,Secret Lair Drop,Other,SLD,2022-09-13,40.28,"Berserk, Elspeth, Knight-Errant, Verduran Enchantress, Patron Wizard"
Artist Series: Wayne Reynolds,Secret Lair Drop,Other,SLD,2022-08-05,48.62,"Balthor the Defiled, Torbran, Thane of Red Fell, Sram, Senior Edificer, Depala, Pilot Exemplar"
Artist Series: Wayne Reynolds Foil Edition,Secret Lair Drop,Other,SLD,2022-08-05,48.62,"Balthor the Defiled, Torbran, Thane of Red Fell, Sram, Senior Edificer, Depala, Pilot Exemplar"
Arzakon,Shandalar Enemy Deck,Other,PAST,1997-04-01,22040.4,"Time Walk, Ancestral Recall, Mox Pearl, Mishra's Workshop, Mox Emerald"
Ashiok,Planeswalker Deck,Other,THB,2020-01-24,6.65,"Gravebreaker Lamia, Ashiok, Sculptor of Fears, Sleep of the Dead, Mindwrack Harpy, Glimpse of Freedom"
Assassin,Theme Deck,Other,UDS,1999-06-07,266.47,"Attrition, Engineered Plague, Body Snatcher, Ravenous Rats, Eradicate"
Assassin - Enhanced Deck,Enhanced Deck,Other,UDS,1999-06-07,884.8,"Powder Keg, Yawgmoth's Bargain, Volrath's Stronghold, Vampiric Tutor, Ravenous Rats"
Assassin's Creed Bundle Land Pack,Bundle Land Pack,Other,ACR,2024-07-05,5.84,"Island, Island, Mountain, Mountain, Forest"
Assassin's Creed: Da Vinci's Designs,Secret Lair Drop,Other,SLD,2024-07-10,89.79,"Whispersilk Cloak, Darksteel Plate, Blade of Selves, Conqueror's Flail, Deathrender"
Assassin's Creed: Da Vinci's Designs Foil Edition,Secret Lair Drop,Other,SLD,2024-07-10,89.79,"Whispersilk Cloak, Darksteel Plate, Blade of Selves, Conqueror's Flail, Deathrender"
Assassin's Creed: Lethal Legends,Secret Lair Drop,Other,SLD,2024-07-10,81.95,"Ramses, Assassin Lord, Queen Marchesa, Admiral Beckett Brass, Kelsien, the Plague, Najeela, the Blade-Blossom"
Assassin's Creed: Lethal Legends Foil Edition,Secret Lair Drop,Other,SLD,2024-07-10,81.95,"Ramses, Assassin Lord, Queen Marchesa, Admiral Beckett Brass, Kelsien, the Plague, Najeela, the Blade-Blossom"
Assemble The Doomsday Machine,Archenemy Deck,Other,ARC,2010-06-18,30.31,"Batwing Brume, Lightning Greaves, Memnarch, Master Transmuter, Leonin Abunas"
Assemble Victory,Intro Pack,Other,ORI,2015-07-17,9.0,"Ghirapur Aether Grid, Prism Ring, Alchemist's Vial, Whirler Rogue, Island"
Astral Visionary,Shandalar Enemy Deck,Other,PAST,1997-04-01,10833.44,"Time Walk, Ancestral Recall, Copy Artifact, Howling Mine, Stasis"
At the Zoo,Jumpstart,Other,TLE,2025-11-20,10.13,"Elephant-Mandrill, Animal Attendant, Frog-Squirrels, Origin of Metalbending, Forest"
Atlantis,Jumpstart,Other,MSH,2026-06-26,14.44,"Daughter of the Deep, Namor, Scourge of the Seas, Namora, the Sea Queen, Mist-Cloaked Herald, Atlantean Skirmisher"
Aura Mastery,Theme Deck,Other,SHM,2008-05-02,241.42,"Twilight Shepherd, Steel of the Godhead, Puresight Merrow, Thistledown Liege, Thoughtweft Gambit"
Auras of Majesty,Arena Starter Deck,Other,M19,2018-09-27,25.6,"Satyr Enchanter, Shalai, Voice of Plenty, Sunpetal Grove, History of Benalia, Siegehorn Ceratops"
Aurochs Stampede,Theme Deck,Other,CSP,2006-07-21,90.42,"Boreal Druid, Hibernation's End, Highland Weald, Snow-Covered Mountain, Snow-Covered Forest"
Avacyn Restored Fat Pack Land Pack,Bundle Land Pack,Other,AVR,2012-05-04,25.25,"Forest, Forest, Swamp, Island, Plains"
Avacyn Restored Foil Redemption,MTGO Redemption,Other,AVR,2012-06-03,1018.85,"Avacyn, Angel of Hope, Cavern of Souls, Exquisite Blood, Craterhoof Behemoth, Griselbrand"
Avacyn Restored Redemption,MTGO Redemption,Other,AVR,2012-06-03,1018.85,"Avacyn, Angel of Hope, Cavern of Souls, Exquisite Blood, Craterhoof Behemoth, Griselbrand"
Avalanche!,Arena Starter Deck,Other,AFR,2021-09-24,31.11,"Ashaya, Soul of the Wild, Lotus Cobra, Barkchannel Pathway // Tidechannel Pathway, Snow-Covered Island, Snow-Covered Forest"
Avatar: The Last Airbender Bundle Land Pack,Bundle Land Pack,Other,TLA,2025-11-21,0.0,"Plains, Plains, Forest, Forest, Swamp"
Avatar: The Last Airbender: A Lot to Learn,Secret Lair Drop,Other,SLD,2025-11-18,62.75,"Serra Ascendant, Cryptolith Rite, Kodama's Reach, Ponder"
Avatar: The Last Airbender: A Lot to Learn Foil Edition,Secret Lair Drop,Other,SLD,2025-11-18,62.75,"Serra Ascendant, Cryptolith Rite, Kodama's Reach, Ponder"
Avatar: The Last Airbender: Everything Changed,Secret Lair Drop,Other,SLD,2025-11-18,61.77,"Torment of Hailfire, Blood Moon, Lightning Bolt, Dramatic Entrance"
Avatar: The Last Airbender: Everything Changed Foil Edition,Secret Lair Drop,Other,SLD,2025-11-18,61.77,"Torment of Hailfire, Blood Moon, Lightning Bolt, Dramatic Entrance"
Avatar: The Last Airbender: My Cabbages!,Secret Lair Drop,Other,SLD,2025-11-18,57.09,"Chain of Vapor, Nature's Claim, Anguished Unmaking, Meltdown, Putrefy"
Avatar: The Last Airbender: My Cabbages! Foil Edition,Secret Lair Drop,Other,SLD,2025-11-18,57.09,"Chain of Vapor, Nature's Claim, Anguished Unmaking, Meltdown, Putrefy"
Avatar: The Last Airbender: One with the Elements,Secret Lair Drop,Other,SLD,2025-11-18,54.38,"Silence, Force of Vigor, Past in Flames, Preordain, Expressive Iteration"
Avatar: The Last Airbender: One with the Elements Foil Edition,Secret Lair Drop,Other,SLD,2025-11-18,54.38,"Silence, Force of Vigor, Past in Flames, Preordain, Expressive Iteration"
Avatar: The Last Airbender: The Ember Island Players,Secret Lair Drop,Other,SLD,2025-11-18,48.22,"Braid of Fire, Cursed Mirror, Phantasmal Image, Thespian's Stage, Mask of Memory"
Avatar: The Last Airbender: The Ember Island Players Foil Edition,Secret Lair Drop,Other,SLD,2025-11-18,48.22,"Braid of Fire, Cursed Mirror, Phantasmal Image, Thespian's Stage, Mask of Memory"
Awakening Earth,Challenger Deck,Other,Q03,2019-11-08,38.41,"Breeding Pool, Nissa, Who Shakes the World, Incubation Druid, Voracious Hydra, Hydroid Krasis"
Azaar - Lichlord,Shandalar Enemy Deck,Other,PAST,1997-04-01,166.06,"Greed, Tetravus, Sol Ring, Mind Twist, Hypnotic Specter"
Azorius,Guild Kit,Other,GK2,2019-02-15,11.91,"Dovescape, Render Silent, Unbreakable Formation, Pride of the Clouds, Sphinx's Revelation"
Azorius Advance,Intro Pack,Other,RTR,2012-10-05,12.33,"Tablet of the Guilds, Righteous Authority, Azorius Guildgate, Island, Island"
Azorius Ascendant,Theme Deck,Other,DIS,2006-05-05,45.23,"Isperia the Inscrutable, Azorius Chancery, Prahv, Spires of Order, Sky Hussar, Wakestone Gargoyle"
Azorius Ascension,Arena Starter Deck,Other,DOM,2018-03-22,15.54,"Spell Swindle, River's Rebuke, Field of Ruin, Expel from Orazca, Censor"
Azorius Authority,Intro Pack,Other,DGM,2013-05-03,0.0,"Island, Azorius Guildgate, Island, Plains, Plains"
Azorius Control,Challenger Deck,Other,Q05,2021-04-02,14.97,"Emeria's Call // Emeria, Shattered Skyclave, Shark Typhoon, Elspeth Conquers Death, Saw It Coming, Island"
Azorius Senate,Arena Starter Deck,Other,M20,2019-05-03,23.51,"Hallowed Fountain, Angel of Grace, Unbreakable Formation, Elite Guardmage, Empyrean Eagle"
Azorius Senate 1,Jumpstart,Other,CLU,2024-02-23,5.35,"Supreme Verdict, Lavinia, Foil to Conspiracy, Portal Manipulator, Oust, Curse of Chains"
Azorius Senate 2,Jumpstart,Other,CLU,2024-02-23,13.32,"Suppressor Skyguard, Portal Manipulator, Lavinia of the Tenth, Azorius Signet, Curse of Chains"
Azorius Spirits,Pioneer Challenger Deck,Other,Q06,2021-10-15,30.55,"Selfless Spirit, Watcher of the Spheres, Brazen Borrower // Petty Theft, Glacial Fortress, Spell Pierce"
Azula,Jumpstart,Other,TLE,2025-11-20,17.81,"Azula, Ruthless Firebender, Dark Deal, Thriving Moor, Swamp, Fire Navy Trebuchet"
Azure Skies,Arena Starter Deck,Other,ANB,2019-09-26,19.23,"Verity Circle, Spectral Sailor, Mass Manipulation, Negate, Meteor Golem"
Azure Skies 2,Arena Starter Deck,Other,ANB,2020-03-12,4.92,"Spectral Sailor, Mass Manipulation, Negate, Stolen by the Fae, Brineborn Cutthroat"
Back for More,Arena Starter Deck,Other,M21,2021-07-03,3.28,"Skull Prophet, Polukranos, Unchained, Swamp, Arasta of the Endless Web, Murderous Rider // Swift End"
Back in My Day!,Secret Lair Drop,Other,SLD,2026-05-29,47.66,"Veil of Summer, Birthing Pod, Breath of Fury, Battle Hymn"
Back in My Day! Foil Edition,Secret Lair Drop,Other,SLD,2026-05-29,47.66,"Veil of Summer, Birthing Pod, Breath of Fury, Battle Hymn"
Backup Beatdown,Starter Kit,Other,WOE,2023-09-08,11.05,"Silverback Elder, Dusk Legion Duelist, In the Trenches, Simian Simulacrum, Boon-Bringer Valkyrie"
Bad Advice,Jumpstart,Other,TLE,2025-11-20,0.0,"Thriving Moor, Lo and Li, Royal Advisors, Swamp, Joo Dee, One of Many, Ozai's Cruelty"
Bad to the Bones,Secret Lair Drop,Other,SLD,2023-08-29,125.05,"Tinybones, Trinket Thief, Reassembling Skeleton, Geier Reach Sanitarium, Bottomless Pit, Necrogen Mists"
Bad to the Bones Foil Edition,Secret Lair Drop,Other,SLD,2023-08-29,125.05,"Tinybones, Trinket Thief, Reassembling Skeleton, Geier Reach Sanitarium, Bottomless Pit, Necrogen Mists"
Bait & Switch,Theme Deck,Other,ONS,2002-10-07,239.71,"Smother, Lonely Sandbar, Barren Moor, Peer Pressure, Swamp"
Bait and Bludgeon,Theme Deck,Other,MRD,2003-10-02,337.4,"Vault of Whispers, Seat of the Synod, Thoughtcast, Talisman of Dominance, Myr Retriever"
Balance in All Things,Arena Starter Deck,Other,SNC,2022-09-09,11.57,"Shattered Sanctum, Lion Sash, Touch the Spirit Realm, Liesa, Forgotten Archangel, The Restoration of Eiganjo // Architect of Restoration"
Band Together,MTGO Theme Deck,Other,ME2,2008-09-22,0.0,"Plains, Plains, Plains, Kjeldoran Outpost, Mishra's Factory"
Bant Exalted,Intro Pack,Other,ALA,2008-10-03,52.13,"Plains, Knight-Captain of Eos, Island, Seaside Citadel, Forest"
Bant on the March,Intro Pack,Other,CON,2009-02-06,47.06,"Plains, Terramorphic Expanse, Island, Seaside Citadel, Forest"
Barrage,Theme Deck,Other,PLS,2001-02-05,208.5,"Flametongue Kavu, Fires of Yavimaya, Fertile Ground, Thunderscape Familiar, Gaea's Herald"
Basri,Jumpstart,Other,JMP,2020-07-17,3.35,"Thriving Heath, Basri Ket, Plains, Basri's Lieutenant, Plains"
"Basri, Devoted Paladin",Planeswalker Deck,Other,M21,2020-07-03,1.16,"Speaker of the Heavens, Basri, Devoted Paladin, Plains, Anointed Chorister, Basri's Lieutenant"
Battalion,Theme Deck,Other,MOR,2008-02-01,130.35,"Reveillark, Ballyrush Banneret, Preeminent Captain, Island, Mothdust Changeling"
Battle Blitz,Theme Deck,Other,EVE,2008-07-25,78.75,"Patrol Signaler, Hateflayer, Balefire Liege, Duergar Mine-Captain, Niveous Wisps"
Battle Cries,Intro Pack,Other,MBS,2011-02-04,91.72,"Memnite, Galvanic Blast, Gold Myr, Whispersilk Cloak, Signal Pest"
Battle Cry,Deck Builder's Toolkit,Other,MBS,2011-03-11,39.15,"Memnite, Emrakul's Hatcher, Signal Pest, Goblin Wardriver, Goblin Balloon Brigade"
Battle Surge,Theme Deck,Other,UDS,1999-06-07,303.31,"Urza's Incubator, Goblin Marshal, Raven Familiar, Aether Sting, Mark of Fury"
Battle Surge - Enhanced Deck,Enhanced Deck,Other,UDS,1999-06-07,23.95,"Thieving Magpie, Wild Colos, Island, Keldon Vandals, Keldon Champion"
Battle for Zendikar Fat Pack Land Pack,Bundle Land Pack,Other,BFZ,2015-10-02,19.54,"Mountain, Island, Mountain, Forest, Swamp"
Battle for Zendikar Foil Redemption,MTGO Redemption,Other,BFZ,2015-11-01,334.71,"Void Winnower, Ulamog, the Ceaseless Hunger, Drana, Liberator of Malakir, Retreat to Hagra, Conduit of Ruin"
Battle for Zendikar Gift Box Land Pack,Bundle Land Pack,Other,BFZ,2015-11-13,0.0,"Swamp, Island, Swamp, Island, Plains"
Battle for Zendikar Redemption,MTGO Redemption,Other,BFZ,2015-11-01,334.71,"Void Winnower, Ulamog, the Ceaseless Hunger, Drana, Liberator of Malakir, Retreat to Hagra, Conduit of Ruin"
Battle the Horde,Challenge Deck,Other,TBTH,2014-03-01,6.32,"Altar of Mogis, Vitality Salve, Refreshing Elixir, Touch of the Horned God, Plundered Statue"
Beast Master,Shandalar Enemy Deck,Other,PAST,1997-04-01,88.49,"Desert Twister, Birds of Paradise, Untamed Wilds, Nafs Asp, Aspect of Wolf"
Beast Territory,Jumpstart,Other,DMU,2022-09-09,1.91,"Forest, Briar Hydra, Haunted Mire, Wooded Ridgeline, Floriferous Vinewall"
Beasts,Theme Deck,Other,PSAL,2005-08-01,0.0,"Forest, Forest, Forest, Forest, Forest"
Beasts (1),Jumpstart,Other,J25,2024-11-07,0.0,"Slinza, the Spiked Stampede, Woodland Liege, Spined Tyrranax, Explore, Gnarlid Colony"
Beasts (2),Jumpstart,Other,J25,2024-11-07,0.0,"Garruk, Caller of Beasts, Slinza, the Spiked Stampede, Woodland Liege, Bushwhack, Gnarlid Colony"
Beginner Box - Aang Tutorial,Box Set,Other,TLA,2025-11-14,0.0,"Katara, Heroic Healer, Appa, Aang's Companion, Aang, Air Nomad, Sledding Otter-Penguin, Plains"
Beginner Box - Allies,Box Set,Other,TLA,2025-11-14,2.59,"Allied Teamwork, Mechanical Glider, Thriving Heath, Avatar Enthusiasts, Suki, Kyoshi Warrior"
Beginner Box - Artifacts,Box Set,Other,MSH,2026-06-26,0.0,"Vibranium Energy Daggers, Island, Futurist Forge, Thirst for Knowledge, Victor Mancha, Runaway"
Beginner Box - Attacking,Box Set,Other,TLA,2025-11-14,1.15,"Lion Vulture, Thriving Moor, Purple Pentapus, Hei Bai, Spirit of Balance, Heartless Act"
Beginner Box - Big Creatures,Box Set,Other,TLA,2025-11-14,7.37,"Seismic Tutelage, Match the Odds, Frog-Squirrels, Mechanical Glider, Thriving Grove"
Beginner Box - Captain America Tutorial,Box Set,Other,MSH,2026-06-26,3.62,"Mockingbird, Bobbi Morse, Captain America, Steve Rogers, Winter Soldier, Bucky Barnes, Hawkeye, Clint Barton, The Falcon, Sam Wilson"
Beginner Box - Card Draw,Box Set,Other,MSH,2026-06-26,2.04,"Stark's Ingenuity, Super Intelligence, H.E.R.B.I.E. Scout Unit, Island, Graviton, Fundamental Force"
Beginner Box - Counters,Box Set,Other,MSH,2026-06-26,0.0,"Punishing Punch, Training Regimen, Gamma Grotesque, The Thing, Ben Grimm, Forest"
Beginner Box - Earthbending,Box Set,Other,TLA,2025-11-14,10.94,"Bumi, Eclectic Earthbender, Explore, Toph, the Blind Bandit, Thriving Grove, Haru, Hidden Talent"
Beginner Box - Firebending,Box Set,Other,TLA,2025-11-14,0.0,"Fire Nation Archers, Thriving Bluff, Loyal Fire Sage, Roku's Mastery, Fire Sages"
Beginner Box - HYDRA,Box Set,Other,MSH,2026-06-26,0.0,"Madame Hydra, Reanimated, Swamp, Arnim Zola, Bio-Fanatic, Doom Blade, Ultimo, Civilization's End"
Beginner Box - Heroes,Box Set,Other,MSH,2026-06-26,0.0,"Wondrous Revival, Hawkeye, Clint Barton, Iconic Shield, Okoye, Dora Milaje Leader, Thriving Heath"
Beginner Box - Iron Man Tutorial,Box Set,Other,MSH,2026-06-26,8.67,"Iron Man, Tony Stark, Happy Hogan, Dauntless Driver, Quicksilver, Pietro Maximoff, Smashing Spree, Hulk, Bruce Banner"
Beginner Box - Ramp,Box Set,Other,MSH,2026-06-26,0.0,"Team Transmitter, Moon-Boy, Dino Rider, Forest, Savage Land Dinosaur, Gert and Old Lace, Runaways"
Beginner Box - Spells,Box Set,Other,TLA,2025-11-14,3.83,"Water Whip, Abandon Attachments, It'll Quench Ya!, Barrels of Blasting Jelly, Thriving Isle"
Beginner Box - Villains,Box Set,Other,MSH,2026-06-26,0.0,"Minotaur, Roxxon CEO, Crossbones, Malicious Mercenary, Swamp, Boomerang, Blade Flinger, Dark Deed"
Beginner Box - Waterbending,Box Set,Other,TLA,2025-11-14,4.76,"Bender's Waterskin, The Terror of Serpent's Pass, Flying Dolphin-Fish, Sokka, Lateral Strategist, Deny Entry"
Beginner Box - Young Avengers,Box Set,Other,MSH,2026-06-26,0.0,"She-Hulk, Jennifer Walters, Experimental Armor, Mountain, Iron Lad, Young Avenger, Wiccan, Young Avenger"
Beginner Box - Zuko Tutorial,Box Set,Other,TLA,2025-11-14,0.0,"Zuko, Avatar Hunter, Mountain, Iroh, Firebending Instructor, Mountain, Fire Nation's Conquest"
Ben Rubin - Sligh,World Championship Deck,Other,WC98,1998-08-12,30.06,"Cursed Scroll, Wasteland, Ball Lightning, Fireblast, Mountain"
Berserk,Theme Deck,Other,PSAL,2005-08-01,0.0,"Forest, Forest, Forest, Forest, Forest"
"Bertrand Lestree, Finalist",Pro Tour Deck,Other,PTC,1996-05-01,123.6,"Sylvan Library, Land Tax, Strip Mine, Fyndhorn Elves, Armageddon"
Bestial Strength,Intro Pack,Other,M14,2013-07-19,9.91,"Elvish Mystic, Into the Wilds, Fog, Kalonian Tusker, Swamp"
Betrayers of Kamigawa Foil Redemption,MTGO Redemption,Other,BOK,2005-03-06,2139.56,"Umezawa's Jitte, Disrupting Shoal, Toshiro Umezawa, Sickening Shoal, Higure, the Still Wind"
Betrayers of Kamigawa Redemption,MTGO Redemption,Other,BOK,2005-03-06,2139.56,"Umezawa's Jitte, Disrupting Shoal, Toshiro Umezawa, Sickening Shoal, Higure, the Still Wind"
Beyond The Grave,Theme Deck,Other,CSP,2006-07-21,63.48,"Sek'Kuar, Deathkeeper, Coldsteel Heart, Void Maw, Dark Ritual, Forest"
Bitterblossom Dreams,Secret Lair Drop,Other,SLD,2019-12-03,39.84,Bitterblossom
Black,Halfdeck,Other,UND,2020-02-28,6.85,"Booster Tutor, Jack-in-the-Mox, Swamp, Acornelia, Fashionable Filcher, Infernal Spawn of Evil"
Black Control,Deck Builder's Toolkit,Other,M14,2013-07-19,5.86,"Diabolic Tutor, Doom Blade, Corrupt, Quag Sickness, Sengir Vampire"
Black Deck,Welcome Deck,Other,M20,2019-07-12,0.0,"Swamp, Disentomb, Disfigure, Barony Vampire, Bogstomper"
Black Deck A,Sample Deck,Other,10E,2008-05-02,12.67,"Megrim, Swamp, Ravenous Rats, Smolder Initiate, Contaminated Bond"
Black Deck B,Sample Deck,Other,M11,2010-07-16,26.17,"Blood Seeker, Vampire Nighthawk, Urge to Feed, Blood Tithe, Pulse Tracker"
Black Devotion,Deck Builder's Toolkit,Other,M15,2014-07-18,11.4,"Gray Merchant of Asphodel, Sign in Blood, Drown in Sorrow, Squelching Leeches, Mogis's Marauder"
Black Discard,Deck Builder's Toolkit,Other,MBS,2011-03-11,35.61,"Liliana's Caress, Bloodhusk Ritualist, Last Kiss, Mind Sludge, Phyrexian Rager"
Black Green Graveyard,Deck Builder's Toolkit,Other,M15,2014-07-18,10.47,"Nyx Weaver, Satyr Wayfinder, Graverobber Spider, Commune with the Gods, Undergrowth Scavenger"
Black Green Toughness,Deck Builder's Toolkit,Other,ORI,2015-07-17,6.57,"Sight of the Scalelords, Coat with Venom, Kin-Tree Invocation, Colossodon Yearling, Sultai Flayer"
Black Is Magic,Secret Lair Drop,Other,SLD,2021-05-13,63.37,"Shalai, Voice of Plenty, Sol Ring, Teferi, Hero of Dominaria, Cultivate, Ponder"
Black Is Magic Foil Edition,Secret Lair Drop,Other,SLD,2021-05-13,63.37,"Shalai, Voice of Plenty, Sol Ring, Teferi, Hero of Dominaria, Cultivate, Ponder"
Black Red Minotaurs,Deck Builder's Toolkit,Other,M15,2014-07-18,0.0,"Ragemonger, Crippling Blight, Kragma Warcaller, Felhide Petrifier, Flurry of Horns"
Black Sample Deck,Sample Deck,Other,M15,2014-07-18,7.43,"Sign in Blood, Paragon of Open Graves, Staff of the Death Magus, Typhoid Rats, Swamp"
Black and Green Counters,Deck Builder's Toolkit,Other,AKH,2017-04-28,1.17,"Cartouche of Strength, Baleful Ammit, Cartouche of Ambition, Festering Mummy, Crocodile of the Crossing"
Black and Green Delirium,Deck Builder's Toolkit,Other,KLD,2016-09-30,1.25,"Gnarlwood Dryad, Crop Sigil, Boon of Emrakul, Sanitarium Skeleton, Mournwillow"
Black and Green Graveyard,Deck Builder's Toolkit,Other,SOI,2016-04-08,1.06,"Pulse of Murasa, Vampiric Rites, Seed Guardian, Rot Shambler, Carrier Thrall"
Black and Red Artifacts,Deck Builder's Toolkit,Other,AKH,2017-04-28,0.0,"Welder Automaton, Inventor's Apprentice, Welding Sparks, Implement of Malice, Dhund Operative"
Black and Red Attrition,Deck Builder's Toolkit,Other,SOI,2016-04-08,2.25,"Rancid Rats, Rolling Thunder, Tar Snare, Demon's Grasp, Grasp of Darkness"
Black and Red Madness,Deck Builder's Toolkit,Other,KLD,2016-09-30,3.36,"Insolent Neonate, Olivia's Bloodsworn, Furyblade Vampire, Fiery Temper, Murderous Compulsion"
Black and White Vampires,Deck Builder's Toolkit,Other,XLN,2017-09-29,1.23,"Vicious Conquistador, Duskborne Skymarcher, Anointed Deacon, Call to the Feast, Bishop's Soldier"
Black-Green Deck,Spellslinger Starter Kit,Other,M19,2018-10-05,11.5,"Verdant Sun's Avatar, Ghalta, Primal Hunger, Ravenous Chupacabra, Forest, Reclamation Sage"
Black-Red Destruction,Deck Builder's Toolkit,Other,ROE,2010-05-21,1.46,"Doom Blade, Marsh Casualties, Quest for the Gravelord, Goblin Artillery, Rise from the Grave"
Blades of Victory,Intro Pack,Other,M11,2010-07-16,36.25,"Plains, Angelic Arbiter, Ajani's Mantra, Armored Ascension, Condemn"
Blazing Beasts of Myth,Intro Pack,Other,THS,2013-09-27,4.77,"Forest, Voyaging Satyr, Destructive Revelry, Forest, Lightning Strike"
Blessed,Duel Deck,Other,DDQ,2016-02-26,10.52,"Eerie Interlude, Seraph Sanctuary, Tandem Lookout, Champion of the Parish, Geist of Saint Traft"
Blinding Fury,Theme Deck,Other,S99,1999-07-12,20.87,"Armageddon, Angel of Light, Plains, Archangel, Plains"
Blink,Jumpstart,Other,MSH,2026-06-26,4.68,"Silver Surfer, Cosmic Voyager, Spaceshift, Victor Timely, Wily Tycoon, Imperial Cosmographer, Dismissive Denial"
Blink 1,Jumpstart,Other,J22,2022-12-02,33.9,"Preston, the Vanisher, Flicker of Fate, Rambunctious Mutt, Wispweaver Angel, Distinguished Conjurer"
Blink 2,Jumpstart,Other,J22,2022-12-02,12.42,"Emiel the Blessed, Flicker of Fate, Rambunctious Mutt, Distinguished Conjurer, Thriving Heath"
Blink 3,Jumpstart,Other,J22,2022-12-02,33.9,"Preston, the Vanisher, Flicker of Fate, Restoration Angel, Rambunctious Mutt, Distinguished Conjurer"
Blink 4,Jumpstart,Other,J22,2022-12-02,6.33,"Panharmonicon, Flicker of Fate, Rambunctious Mutt, Wispweaver Angel, Distinguished Conjurer"
Blood Bowl,Secret Lair Drop,Other,SLD,2022-12-05,85.88,"Fellwar Stone, Defense of the Heart, Approach of the Second Sun, Rewind, Fling"
Blood Bowl Foil Edition,Secret Lair Drop,Other,SLD,2022-12-05,85.88,"Fellwar Stone, Defense of the Heart, Approach of the Second Sun, Rewind, Fling"
Blood and Fire,Intro Pack,Other,M12,2011-07-15,29.4,"Warstorm Surge, Swiftfoot Boots, Tormented Soul, Incinerate, Goblin Fireslinger"
Bloody (1),Jumpstart,Other,J25,2024-11-07,0.0,"Ivora, Insatiable Heir, Anje's Ravager, Voldaren Epicure, Stolen Vitality, Belligerent Guest"
Bloody (2),Jumpstart,Other,J25,2024-11-07,0.0,"Ivora, Insatiable Heir, Insolent Neonate, Markov Enforcer, Markov Blademaster, Stolen Vitality"
Bloody (3),Jumpstart,Other,J25,2024-11-07,0.0,"Ivora, Insatiable Heir, Insolent Neonate, Belligerent Guest, Vampiric Fury, Thriving Bluff"
Bloody (4),Jumpstart,Other,J25,2024-11-07,0.0,"Ivora, Insatiable Heir, Voldaren Ambusher, Voldaren Epicure, Stolen Vitality, Belligerent Guest"
Bloomburrow Bundle Land Pack,Bundle Land Pack,Other,BLB,2024-09-04,8.46,"Forest, Swamp, Plains, Island, Mountain"
Bloomburrow Redemption,MTGO Redemption,Other,BLB,2024-09-04,318.83,"Three Tree City, Lumra, Bellow of the Woods, Maha, Its Feathers Night, Ral, Crackling Wit, Ygra, Eater of All"
Blossoming Growth,Arena Starter Deck,Other,SNC,2022-09-09,19.23,"Hullbreaker Horror, Colossal Skyturtle, Titan of Industry, Glorious Sunrise, Dreamroot Cascade"
Blowout,Theme Deck,Other,INV,2000-10-02,179.84,"Phyrexian Delver, Ravenous Rats, Ghitu Fire, Breath of Darigaaz, Swamp"
Blue,Halfdeck,Other,UND,2020-02-28,1.45,"Cheatyface, Rock Lobster, Alexander Clamilton, Island, B.O.B. (Bevy of Beebles)"
Blue Black Evasion,Deck Builder's Toolkit,Other,M13,2012-07-13,14.58,"Invisible Stalker, Curiosity, Gryff Vanguard, Harbor Bandit, Talrand's Invocation"
Blue Black Exploit,Deck Builder's Toolkit,Other,ORI,2015-07-17,10.17,"Merciless Executioner, Sidisi's Faithful, Youthful Scholar, Silumgar Sorcerer, Rakshasa Gravecaller"
Blue Control,Deck Builder's Toolkit,Other,ROE,2010-05-21,6.24,"Wall of Frost, Into the Roil, Essence Scatter, Frostwind Invoker, Summoner's Bane"
Blue Deck,Sample Deck,Other,ORI,2015-07-17,0.0,"Island, Jhessian Thief, Island, Island, Ringwarden Owl"
Blue Deck A,Sample Deck,Other,M11,2010-07-16,77.49,"Preordain, Hedron Crab, Jace's Erasure, Guard Gomazoa, Island"
Blue Deck B,Sample Deck,Other,M11,2010-07-16,23.92,"Spell Pierce, Augury Owl, Island, Aether Adept, Island"
Blue Green Enters the Battlefield,Deck Builder's Toolkit,Other,M15,2014-07-18,3.17,"Quickling, Shaman of Spring, Kapsho Kitefins, Coral Barrier, Frost Lynx"
Blue Green Secret Plans Morph,Deck Builder's Toolkit,Other,ORI,2015-07-17,1.05,"Secret Plans, Guardian Shield-Bearer, Qarsi Deceiver, Icefeather Aven, Ojutai Interceptor"
Blue Red Artifacts,Deck Builder's Toolkit,Other,M15,2014-07-18,9.16,"Chariot of Victory, Ensoul Artifact, Opaline Unicorn, Ornithopter, Scrapyard Mongrel"
Blue Red Counterburn,Deck Builder's Toolkit,Other,ORI,2015-07-17,1.85,"Fiery Impulse, Goblinslide, Twin Bolt, Elusive Spellfist, Cunning Strike"
Blue Sample Deck,Sample Deck,Other,M15,2014-07-18,0.0,"Island, Negate, Research Assistant, Island, Frost Lynx"
Blue and Black Control,Deck Builder's Toolkit,Other,SOI,2016-04-08,0.0,"Negate, Sinister Concoction, Sanitarium Skeleton, Dead Weight, Pale Rider of Trostad"
Blue and Black Noncreatures,Deck Builder's Toolkit,Other,AKH,2017-04-28,2.23,"Cartouche of Knowledge, Hieroglyphic Illumination, Cartouche of Ambition, Stir the Sands, Vedalken Blademaster"
Blue and Black Pirates,Deck Builder's Toolkit,Other,XLN,2017-09-29,7.89,"Siren Stormtamer, Ruthless Knave, Chart a Course, Pirate's Prize, Deadeye Plunderers"
Blue and Black Zombies,Deck Builder's Toolkit,Other,KLD,2016-09-30,1.03,"Graf Harvest, Cemetery Recruitment, Ingenious Skaab, Reckless Scholar, Compelling Deterrence"
Blue and Colorless Artifacts,Deck Builder's Toolkit,Other,AKH,2017-04-28,12.67,"Trophy Mage, Metallic Rebuke, Reverse Engineer, Filigree Familiar, Watchers of the Dead"
Blue and Green,Deck Builder's Toolkit,Other,KLD,2016-09-30,6.29,"Turn Aside, Pore Over the Pages, Watcher in the Web, Geist of the Archives, Noose Constrictor"
Blue and Green Creature control,Deck Builder's Toolkit,Other,SOI,2016-04-08,0.0,"Giant Mantis, Roiling Waters, Pack Guardian, Reckless Scholar, Tajuru Pathwarden"
Blue and Green Merfolk,Deck Builder's Toolkit,Other,XLN,2017-09-29,3.03,"Deeproot Waters, River Sneak, Kumena's Speaker, Shapers of Nature, River Heralds' Boon"
Blue and Green Ramp,Deck Builder's Toolkit,Other,XLN,2017-09-29,6.54,"Ranging Raptors, Chart a Course, Merfolk Branchwalker, Pirate's Prize, Lay Claim"
Blue and Red Instants and Sorceries,Deck Builder's Toolkit,Other,SOI,2016-04-08,15.93,"Expedite, Slip Through Space, Pore Over the Pages, Reckless Bushwhacker, Anticipate"
Blue and White Flying,Deck Builder's Toolkit,Other,KLD,2016-09-30,8.35,"Displace, Unsubstantiate, Long Road Home, Ninth Bridge Patrol, Aviary Mechanic"
Blue-Black,Starter Kit,Other,FIN,2025-06-13,0.0,"Sephiroth, Planet's Heir, Swamp, Overkill, Ultimecia, Temporal Threat, Island"
Blue-White Fliers,Deck Builder's Toolkit,Other,ROE,2010-05-21,0.0,"Safe Passage, Sejiri Merfolk, Phantom Warrior, Fledgling Griffin, Illusionary Servant"
Blue-White Flyers,Deck Builder's Toolkit,Other,MBS,2011-03-11,28.35,"Oust, Aether Adept, Negate, Sleep, Arrest"
Boggart Feast,Theme Deck,Other,LRW,2007-10-12,107.62,"Tarfire, Boggart Shenanigans, Swamp, Boggart Mob, Boggart Harbinger"
Boltslinger,MTGO Theme Deck,Other,TD0,2010-11-08,0.0,"Hellspark Elemental, Goblin Guide, Keldon Marauders, Rift Bolt, Lava Spike"
Bomber,Theme Deck,Other,7ED,2001-04-11,805.1,"Counterspell, Boomerang, Force Spike, Merfolk Looter, Ancestral Memories"
Boneyard 1,Jumpstart,Other,J22,2022-12-02,6.22,"Oversold Cemetery, Stitcher's Supplier, Gorging Vulture, Wailing Ghoul, Thriving Moor"
Boneyard 2,Jumpstart,Other,J22,2022-12-02,2.86,"Stitcher's Supplier, Shadowborn Demon, Liliana's Elite, Gorging Vulture, Wailing Ghoul"
Bookworms (1),Jumpstart,Other,J25,2024-11-07,0.0,"Island, Overflowing Insight, Syr Elenora, the Discerning, Cartouche of Knowledge, Thriving Isle"
Bookworms (2),Jumpstart,Other,J25,2024-11-07,4.31,"Teferi's Ageless Insight, Island, Syr Elenora, the Discerning, Thriving Isle, Faerie Vandal"
Bookworms (3),Jumpstart,Other,J25,2024-11-07,0.0,"Island, Omen of the Sea, Syr Elenora, the Discerning, Cartouche of Knowledge, Thriving Isle"
Bookworms (4),Jumpstart,Other,J25,2024-11-07,0.0,"Opt, Island, Nadir Kraken, Syr Elenora, the Discerning, Thriving Isle"
Boosted,Jumpstart,Other,MSH,2026-06-26,0.0,"Marvel Boy, Noh-Varr, Jack of Hearts, Volatile Hero, Quinjet Technician, Vision of Love, Mountain"
Booster Battle Pack: Boros,Welcome Deck,Other,GTC,2013-02-01,3.61,"Massive Raid, Boros Elite, Mountain, Boros Guildgate, Plains"
Booster Battle Pack: Dimir,Welcome Deck,Other,GTC,2013-02-01,1.23,"Gridlock, Shadow Alley Denizen, Dimir Guildgate, Swamp, Island"
Booster Battle Pack: Gruul,Welcome Deck,Other,GTC,2013-02-01,1.21,"Gruul Guildgate, Forest, Pit Fight, Mountain, Madcap Skills"
Booster Battle Pack: Orzhov,Welcome Deck,Other,GTC,2013-02-01,7.86,"Gift of Orzhova, Orzhov Guildgate, Syndic of Tithes, Contaminated Ground, Kingpin's Pet"
Booster Battle Pack: Simic,Welcome Deck,Other,GTC,2013-02-01,5.99,"Ivy Lane Denizen, Nimbus Swimmer, Bioshift, Forest, Hydroform"
Born of the Gods Foil Redemption,MTGO Redemption,Other,BNG,2014-03-09,369.72,"Phenax, God of Deception, Mogis, God of Slaughter, Xenagos, God of Revels, Brimaz, King of Oreskos, Ephara, God of the Polis"
Born of the Gods Redemption,MTGO Redemption,Other,BNG,2014-03-09,369.72,"Phenax, God of Deception, Mogis, God of Slaughter, Xenagos, God of Revels, Brimaz, King of Oreskos, Ephara, God of the Polis"
Boros,Guild Kit,Other,GK1,2018-11-02,35.45,"Aurelia, the Warleader, Legion Loyalist, Boros Charm, Legion Warboss, Swiftblade Vindicator"
Boros Assault,Arena Starter Deck,Other,DOM,2018-03-22,46.61,"Combat Celebrant, Oketra's Monument, Cartouche of Solidarity, Harsh Mentor, Fanatical Firebrand"
Boros Battalion,Intro Pack,Other,GTC,2013-02-01,3.66,"Firemane Avenger, Boros Elite, Mountain, Boros Guildgate, Court Street Denizen"
Boros Legion,Arena Starter Deck,Other,M20,2019-05-03,15.12,"Sacred Foundry, Aurelia, Exemplar of Justice, Legion Warboss, Healer's Hawk, Mountain"
Boros Legion 1,Jumpstart,Other,CLU,2024-02-23,4.32,"Finale of Glory, Aegis of the Legion, Boros Signet, Novice Inspector, Boros Garrison"
Boros Legion 2,Jumpstart,Other,CLU,2024-02-23,0.0,"Boros Strike-Captain, Firemane Avenger, Boros Garrison, Krenko's Command, Ordruun Mentor"
Bound by Strength,Intro Pack,Other,AVR,2012-05-04,57.95,"Tandem Lookout, Forest, Deadeye Navigator, Forest, Wingcrafter"
Boundless Elves,Game Night Deck,Other,GN3,2022-10-14,46.39,"Imaryll, Elfhame Elite, Elven Ambush, Beast Whisperer, Immaculate Magistrate, Llanowar Tribe"
Bounty Hunter (1),Jumpstart,Other,TLE,2025-11-20,3.92,"Bastion of Remembrance, Thriving Moor, Swamp, Nyla, Shirshu Sleuth, Purple Pentapus"
Bounty Hunter (2),Jumpstart,Other,TLE,2025-11-20,3.92,"Bastion of Remembrance, Thriving Moor, Obsessive Pursuit, Swamp, Nyla, Shirshu Sleuth"
Brain Dead: Creatures,Secret Lair Drop,Other,SLD,2024-07-30,70.05,"Kiki-Jiki, Mirror Breaker, Consecrated Sphinx, Wurmcoil Engine, Chaotic Goo, Meteor Golem"
Brain Dead: Creatures Foil Edition,Secret Lair Drop,Other,SLD,2024-07-30,70.05,"Kiki-Jiki, Mirror Breaker, Consecrated Sphinx, Wurmcoil Engine, Chaotic Goo, Meteor Golem"
Brain Dead: Lands,Secret Lair Drop,Other,SLD,2024-07-30,137.66,"Swamp, Mountain, Swamp, Mountain, Forest"
Brain Dead: Lands Foil Edition,Secret Lair Drop,Other,SLD,2024-07-30,137.66,"Swamp, Mountain, Swamp, Mountain, Forest"
Brain Dead: New Earth Mentality,Secret Lair Drop,Other,SLD,2026-02-24,48.46,"Jace's Archivist, Stinkweed Imp, Mirror Entity, Sakura-Tribe Elder, Mogg Assassin"
Brain Dead: New Earth Mentality Foil Edition,Secret Lair Drop,Other,SLD,2026-02-24,48.46,"Jace's Archivist, Stinkweed Imp, Mirror Entity, Sakura-Tribe Elder, Mogg Assassin"
Brain Dead: Staples,Secret Lair Drop,Other,SLD,2024-07-30,60.01,"Sol Ring, Thought Vessel, Skullclamp, Command Tower, Lightning Greaves"
Brain Dead: Staples Foil Edition,Secret Lair Drop,Other,SLD,2024-07-30,60.01,"Sol Ring, Thought Vessel, Skullclamp, Command Tower, Lightning Greaves"
Brave the Battle,Intro Pack,Other,ORI,2015-07-17,0.0,"Valeron Wardens, Plains, Sentinel of the Eternal Watch, Valor in Akros, Plains"
Brazen Coalition,Theme Deck,Other,E02,2017-11-24,16.37,"Blatant Thievery, Angrath's Marauders, Shared Animosity, Island, Adaptive Automaton"
Breakdown,Theme Deck,Other,NEM,2000-02-14,543.19,"Hickory Woodlot, Accumulated Knowledge, Saprazzan Skerry, Waterfront Bouncer, Ensnare"
Breakdown - Enhanced Deck,Enhanced Deck,Other,NEM,2000-02-14,840.92,"Palinchron, Hickory Woodlot, Saprazzan Skerry, Waterfront Bouncer, Ensnare"
Breath of Fire,Intro Pack,Other,M11,2010-07-16,59.9,"Preordain, Lightning Bolt, Call to Mind, Augury Owl, Fire Servant"
Brian Hacker - White Weenie,World Championship Deck,Other,WC98,1998-08-12,25.18,"Tithe, Soul Warden, Cataclysm, Aura of Silence, Plains"
Brian Kibler - Red Zone 2K2,World Championship Deck,Other,WC02,2002-08-14,126.09,"Call of the Herd, City of Brass, Birds of Paradise, Mountain, Plains"
Brian Selden - Cali Nightmare,World Championship Deck,Other,WC98,1998-08-12,198.66,"Survival of the Fittest, Volrath's Stronghold, City of Brass, Scroll Rack, Reflecting Pool"
Bring About The Undead Apocalypse,Archenemy Deck,Other,ARC,2010-06-18,26.34,"Reanimate, Bog Witch, Avatar of Woe, Swamp, Rakdos Signet"
Brood 1,Jumpstart,Other,MOM,2023-04-20,1.35,"Essence of Orthodoxy, Plains, Seedpod Caretaker, Phyrexian Pegasus, Alabaster Host Intercessor"
Brood 2,Jumpstart,Other,MOM,2023-04-20,1.35,"Essence of Orthodoxy, Plains, Seedpod Caretaker, Seal from Existence, Phyrexian Pegasus"
Brotherhood Agents,Starter Kit,Other,ACR,2024-07-05,22.58,"Ezio, Blade of Vengeance, Achilles Davenport, Rooftop Bypass, Chain Assassination, Restart Sequence"
Brute Force,Intro Pack,Other,WWK,2010-02-05,28.77,"Lightning Bolt, Canopy Cover, Terastodon, Greenweaver Druid, Overrun"
Buff 1,Jumpstart,Other,MOM,2023-04-20,35.97,"Surrak and Goreclaw, Kami of Whispered Hopes, Ruins Recluse, Timberland Ancient, Forest"
Buff 2,Jumpstart,Other,MOM,2023-04-20,35.97,"Surrak and Goreclaw, Kami of Whispered Hopes, Ruins Recluse, Timberland Ancient, Forest"
Buggin' Out,Secret Lair Drop,Other,SLD,2023-09-15,95.73,"Noxious Revival, Eldritch Evolution, Grist, the Hunger Tide, Giant Adephage, Mazirek, Kraul Death Priest"
Buggin' Out Foil Edition,Secret Lair Drop,Other,SLD,2023-09-15,95.73,"Noxious Revival, Eldritch Evolution, Grist, the Hunger Tide, Giant Adephage, Mazirek, Kraul Death Priest"
Bumi,Jumpstart,Other,TLE,2025-11-20,5.8,"Bumi's Feast Lecture, Crystalline Armor, Origin of Metalbending, Creeping Crystal Coating, Forest"
Burial,Theme Deck,Other,APC,2001-06-04,358.5,"Phyrexian Arena, Chromatic Sphere, Death Grasp, Forest, Elfhame Palace"
Burning,Jumpstart,Other,J25,2024-11-07,3.43,"Rionya, Fire Dancer, Play with Fire, Goblin Fireslinger, Firebrand Archer, Firespitter Whelp"
Burning Revelations,Secret Lair Drop,Other,SLD,2024-01-26,215.33,"Akroma's Memorial, Reckless Fireweaver, Consider, Price of Glory, Inspiring Overseer"
Burning Sky,MTGO Theme Deck,Other,MIR,2006-12-05,30.08,"Mystical Tutor, Mist Dragon, Mountain, Island, Island"
Cabbages,Jumpstart,Other,TLE,2025-11-20,39.58,"The Cabbage Merchant, Bosco, Just a Bear, Elephant-Mandrill, Bumi's Feast Lecture, Many Partings"
Call of Blood,Intro Pack,Other,BFZ,2015-10-02,16.77,"Zulaport Cutthroat, Felidar Sovereign, Mortuary Mire, Drana's Emissary, Defiant Bloodlord"
Call of the Kor,Theme Deck,Other,STH,1998-03-02,12.84,"Shaman en-Kor, Flickering Ward, Soltari Champion, Nomads en-Kor, Swamp"
Call of the Kor - Advanced Deck,Advanced Deck,Other,STH,1998-03-02,58.11,"Tithe, Armageddon, Shaman en-Kor, Soltari Champion, Soltari Priest"
Calling All Hydra Heads,Secret Lair Drop,Other,SLD,2023-12-08,75.53,"Zaxara, the Exemplary, Unbound Flourishing, Primordial Hydra, Gargos, Vicious Watcher, Hydroid Krasis"
Camp Comrades,Box Set,Other,FIN,2025-06-13,92.74,"Flash Photography, Campsite Cuisine, Fishing Gear, Chocobo Camp, Noctis, Heir Apparent"
Can You Feel With A Heart of Steel?,Secret Lair Drop,Other,SLD,2020-06-02,54.71,"Walking Ballista, Arcbound Ravager, Darksteel Colossus"
Caretakers,Jumpstart,Other,MSH,2026-06-26,5.46,"Doctor Strange, Surgeon, Doctor Jane Foster, Donald Blake, Guise of Thor, MJ, Rising Star, Night Nurse, Healer of Heroes"
Carlos Romão - Psychatog,World Championship Deck,Other,WC02,2002-08-14,58.15,"Psychatog, Swamp, Island, Cephalid Coliseum, Island"
Carnival of Blood,Intro Pack,Other,ISD,2011-09-30,50.82,"Rakish Heir, Diabolic Tutor, Mask of Avacyn, Falkenrath Noble, Blood Seeker"
Cats,Jumpstart,Other,FDN,2024-11-15,0.0,"Helpful Hunter, Leonin Vanguard, Elspeth's Smite, Prideful Parent, Plains"
Cats (1),Jumpstart,Other,JMP,2020-07-17,2.34,"Feline Sovereign, Sabertooth Mauler, Canopy Stalker, Pridemalkin, Forest"
Cats (2),Jumpstart,Other,JMP,2020-07-17,21.07,"Lurking Predators, Feline Sovereign, Canopy Stalker, Pridemalkin, Forest"
Cats 1,Jumpstart,Other,J22,2022-12-02,1.17,"Regal Caracal, King of the Pride, Felidar Cub, Make a Stand, Thriving Heath"
Cats 2,Jumpstart,Other,J22,2022-12-02,2.45,"Felidar Retreat, Trove Warden, King of the Pride, Make a Stand, Thriving Heath"
Cats 3,Jumpstart,Other,J22,2022-12-02,11.88,"Ajani, Strength of the Pride, King of the Pride, Make a Stand, Thriving Heath, Ajani's Pridemate"
Cats 4,Jumpstart,Other,J22,2022-12-02,8.01,"Leonin Warleader, King of the Pride, Make a Stand, Thriving Heath, Pouncing Lynx"
Cats Are Better Than Dogs,Secret Lair Drop,Other,SLD,2025-03-18,166.88,"Arcane Signet, Basilisk Collar, Titanic Ultimatum, Escape to the Wilds, Rip Apart"
Cats Are Better Than Dogs Foil Edition,Secret Lair Drop,Other,SLD,2025-03-18,166.88,"Arcane Signet, Basilisk Collar, Titanic Ultimatum, Escape to the Wilds, Rip Apart"
Cats of Chaos,Secret Lair Drop,Other,SLD,2026-06-16,85.61,"Aura Shards, Aggravated Assault, Chaos Warp, Utopia Sprawl, Fell the Mighty"
Cats of Chaos Foil Edition,Secret Lair Drop,Other,SLD,2026-06-16,85.61,"Aura Shards, Aggravated Assault, Chaos Warp, Utopia Sprawl, Fell the Mighty"
Cavalcade Charge,Challenger Deck,Other,Q04,2020-04-03,31.72,"Embercleave, Runaway Steam-Kin, Torbran, Thane of Red Fell, Chandra, Acolyte of Flame, Cavalcade of Calamity"
Celestial Assault,Theme Deck,Other,ONS,2002-10-07,106.07,"Oblation, Seaside Haven, Island, Airborne Aid, Island"
Centaur Shaman,Shandalar Enemy Deck,Other,PAST,1997-04-01,76.56,"Birds of Paradise, Carrion Ants, Whirling Dervish, Dark Ritual, Cockatrice"
Centaur Warchief,Shandalar Enemy Deck,Other,PAST,1997-04-01,419.27,"Mountain, Land Tax, Colossus of Sardia, Ali Baba, Kismet"
Champions of Kamigawa Foil Redemption,MTGO Redemption,Other,CHK,2004-10-31,3846.44,"Minamo, School at Water's Edge, Shizo, Death's Storehouse, Gifts Ungiven, Kiki-Jiki, Mirror Breaker, Sensei's Divining Top"
Champions of Kamigawa Redemption,MTGO Redemption,Other,CHK,2004-10-31,3846.44,"Minamo, School at Water's Edge, Shizo, Death's Storehouse, Gifts Ungiven, Kiki-Jiki, Mirror Breaker, Sensei's Divining Top"
Chandra,Jumpstart,Other,JMP,2020-07-17,4.03,"Chandra's Incinerator, Mountain, Chandra, Heart of Fire, Young Pyromancer, Thriving Bluff"
Chandra Japanese,Duel Deck,Other,DD2,2008-11-07,0.0,"Fireblast, Rakdos Pit Dragon, Incinerate, Seal of Fire, Firebolt"
"Chandra, Bold Pyromancer",Planeswalker Deck,Other,DOM,2018-04-27,20.92,"Marwyn, the Nurturer, Llanowar Elves, Chandra, Bold Pyromancer, Grunn, the Lonely King, Gilded Lotus"
"Chandra, Flame's Catalyst",Planeswalker Deck,Other,M21,2020-07-03,10.26,"Chandra, Flame's Catalyst, Chandra's Incinerator, Unleash Fury, Mountain, Double Vision"
"Chandra, Flame's Fury",Planeswalker Deck,Other,M20,2019-07-29,2.93,"Chandra, Flame's Fury, Drakuseth, Maw of Flames, Mountain, Chandra's Outrage, Infuriate"
"Chandra, Pyrogenius",Planeswalker Deck,Other,KLD,2016-09-30,2.07,"Fateful Showdown, Aerial Responder, Chandra, Pyrogenius, Fleetwheel Cruiser, Cathartic Reunion"
Chaos,Jumpstart,Other,J25,2024-11-07,3.76,"Violent Outburst, Chromatic Lantern, Maelstrom Colossus, Druid of the Anima, Averna, the Chaos Bloom"
Chaos Reigns,Planechase Deck,Other,PC2,2012-06-01,8.28,"Maelstrom Wanderer, Beast Within, Whirlpool Warrior, Exotic Orchard, Shardless Agent"
Chaos and Mayhem,Arena Starter Deck,Other,M19,2018-09-27,24.0,"Goblin Trashmaster, Goblin Instigator, Dragonskull Summit, Rekindling Phoenix, Open the Graves"
Charge of the Boros,Theme Deck,Other,RAV,2005-10-07,82.82,"Sunforger, Sunhome, Fortress of the Legion, Lightning Helix, Boros Garrison, Agrus Kos, Wojek Veteran"
Charging Ahead,Arena Starter Deck,Other,LTR,2023-06-20,29.07,"Surrak and Goreclaw, Samut, Vizier of Naktamun, Copperline Gorge, Cosmic Hunger, Feldon, Ronom Excavator"
Chargoyf,Theme Deck,Other,BRB,1999-11-12,34.91,"Gorilla Warrior, Spike Weaver, Lhurgoyf, Seeker of Skybreak, Forest"
Children of Fate,Box Set,Other,FIN,2025-06-13,38.65,"Edea, Possessed Sorceress, Rinoa, Angel Wing, Fated Clash, Duelist's Flame, Squall, Gunblade Duelist"
Cho-Manno's Resolve,Theme Deck,Other,10E,2007-07-13,41.2,"Pariah, Cho-Manno, Revolutionary, Angel of Mercy, Serra's Embrace, Angel's Feather"
Chucky,Secret Lair Drop,Other,SLD,2024-10-01,54.5,"Kardur, Doomscourge // Kardur, Doomscourge, Twinflame, Varragoth, Bloodsky Sire, Phyrexian Reclamation, Genesis Chamber"
Chucky Foil Edition,Secret Lair Drop,Other,SLD,2024-10-01,54.5,"Kardur, Doomscourge // Kardur, Doomscourge, Twinflame, Varragoth, Bloodsky Sire, Phyrexian Reclamation, Genesis Chamber"
Cinder Heart,Theme Deck,Other,BRB,1999-11-12,59.16,"Reanimate, Sadistic Glee, Sewer Rats, Living Death, Dark Ritual"
City Styles,Secret Lair Drop,Other,SLD,2023-04-14,298.1,"Teysa Karlov, Azusa, Lost but Seeking, Paradise Mantle, Sakashima the Impostor, Massacre Girl"
City Styles 2: Dressed to Kill,Secret Lair Drop,Other,SLD,2025-02-11,164.61,"Veyran, Voice of Duality, Karmic Guide, Selvala, Explorer Returned, Ninja of the Deep Hours, Captain Sisay"
City Styles 2: Dressed to Kill Foil Edition,Secret Lair Drop,Other,SLD,2025-02-11,164.61,"Veyran, Voice of Duality, Karmic Guide, Selvala, Explorer Returned, Ninja of the Deep Hours, Captain Sisay"
City Styles Foil Edition,Secret Lair Drop,Other,SLD,2023-04-14,298.1,"Teysa Karlov, Azusa, Lost but Seeking, Paradise Mantle, Sakashima the Impostor, Massacre Girl"
Claws of Vengeance,Theme Deck,Other,PS11,2011-01-01,0.0,"Forest, Forest, Forest, Forest, Plains"
Cleric,Shandalar Enemy Deck,Other,PAST,1997-04-01,28.25,"Meekstone, Swords to Plowshares, Savannah Lions, Tawnos's Weaponry, Plains"
Clerics (1),Jumpstart,Other,J25,2024-11-07,0.0,"Nullpriest of Oblivion, Taborax, Hope's Demise, Skemfar Shadowsage, Thriving Moor, Bonecaller Cleric"
Clerics (2),Jumpstart,Other,J25,2024-11-07,0.0,"Priest of Gix, Taborax, Hope's Demise, Severed Strands, Thriving Moor, Bonecaller Cleric"
Clerics (3),Jumpstart,Other,J25,2024-11-07,10.03,"Vito, Thorn of the Dusk Rose, Moment of Craving, Skemfar Shadowsage, Scion of Darkness, Thriving Moor"
Clerics (4),Jumpstart,Other,J25,2024-11-07,11.25,"Vito, Thorn of the Dusk Rose, Priest of Forgotten Gods, Priest of Gix, Skemfar Shadowsage, Thriving Moor"
Clue Edition Core Contents,Box Set,Other,CLU,2024-02-23,17.37,"Mastermind Plum, Apothecary White, Headliner Scarlett, Emissary Green, Commander Mustard"
Coalition Corps,Jumpstart,Other,DMU,2022-09-09,6.32,"Plains, Serra Redeemer, Love Song of Night and Day, Resolute Reinforcements, Plains"
Coalition Legion,Jumpstart,Other,DMU,2022-09-09,6.32,"Plains, Serra Redeemer, Love Song of Night and Day, Knight of Dawn's Light, Plains"
Code of the Orzhov,Theme Deck,Other,GPT,2006-02-03,72.16,"Teysa, Orzhov Scion, Hissing Miasma, Orzhov Basilica, Orzhova, the Church of Deals, Thoughtpicker Witch"
Cold-Blooded Killers,Arena Starter Deck,Other,ANB,2020-08-13,0.0,"Sanitarium Skeleton, Typhoid Rats, Malakir Cullblade, Vampire Opportunist, Mardu Outrider"
Coldsnap Fat Pack Land Pack,Bundle Land Pack,Other,CSP,2006-07-21,37.98,"Snow-Covered Island, Snow-Covered Mountain, Snow-Covered Forest, Snow-Covered Plains, Snow-Covered Swamp"
Coldsnap Foil Redemption,MTGO Redemption,Other,CSP,2006-08-20,2256.28,"Commandeer, Rite of Flame, Dark Depths, Counterbalance, Arcum Dagsson"
Coldsnap Redemption,MTGO Redemption,Other,CSP,2006-08-20,2256.28,"Commandeer, Rite of Flame, Dark Depths, Counterbalance, Arcum Dagsson"
Collectors' Edition,Box Set,Other,CED,1993-12-10,15098.17,"Black Lotus, Mox Jet, Mox Sapphire, Timetwister, Mox Emerald"
Comeback,Theme Deck,Other,PLS,2001-02-05,310.72,"Cavern Harpy, Ravenous Rats, Nightscape Familiar, Dromar's Cavern, Coastal Tower"
Commander Collection Black,Box Set,Other,CC2,2022-01-28,92.74,"Sol Ring, Reanimate, Toxic Deluge, Ophiomancer, Liliana, Heretical Healer // Liliana, Defiant Necromancer"
Commander Collection Black Premium,Box Set,Other,CC2,2022-01-28,92.74,"Sol Ring, Reanimate, Toxic Deluge, Ophiomancer, Liliana, Heretical Healer // Liliana, Defiant Necromancer"
Commander Collection: Green,Box Set,Other,CC1,2020-12-04,145.86,"Seedborn Muse, Worldly Tutor, Sol Ring, Sylvan Library, Command Tower"
Commander Collection: Green - Premium,Box Set,Other,CC1,2020-12-04,145.86,"Seedborn Muse, Worldly Tutor, Sol Ring, Sylvan Library, Command Tower"
Commander Legends: Battle for Baldur's Gate Bundle Land Pack,Bundle Land Pack,Other,CLB,2022-06-10,0.0,"Island, Island, Plains, Plains, Mountain"
Commander's Arsenal,Box Set,Other,CM1,2012-10-23,306.75,"Rhystic Study, Scroll Rack, Sylvan Library, Command Tower, Diaochan, Artful Beauty"
Commander's Arsenal Oversized,Box Set,Other,OCM1,2012-10-23,217.4,"Sliver Queen, Azusa, Lost but Seeking, Karn, Silver Golem, Karrthus, Tyrant of Jund, Grimgrin, Corpse-Born"
Company of Knights,Arena Starter Deck,Other,M21,2021-07-03,12.76,"Embercleave, Grasping Giant, Worthy Knight, Basri's Lieutenant, Plains"
Concerted Effort,Intro Pack,Other,OGW,2016-01-22,0.0,"Evolving Wilds, Veteran Warleader, Expedition Envoy, Angel of Renewal, Joraga Auxiliary"
Conflux Foil Redemption,MTGO Redemption,Other,CON,2009-03-08,548.79,"Maelstrom Archangel, Exotic Orchard, Master Transmuter, Kederekt Parasite, Noble Hierarch"
Conflux Redemption,MTGO Redemption,Other,CON,2009-03-08,548.79,"Maelstrom Archangel, Exotic Orchard, Master Transmuter, Kederekt Parasite, Noble Hierarch"
Conjurer,Shandalar Enemy Deck,Other,PAST,1997-04-01,110.6,"Aladdin's Ring, Fellwar Stone, Apprentice Wizard, Counterspell, Giant Tortoise"
Conniving,Jumpstart,Other,MSH,2026-06-26,2.96,"Mysterio's Mirage, Tiger Shark, Abyssal Hunter, Leader, Super-Genius, Dismissive Denial, Kid Loki"
Conquering Hordes,Event Deck,Other,KTK,2014-09-26,45.77,"Dictate of Erebos, Spear of Heliod, Dictate of Heliod, Bloodsoaked Champion, Spirit Bonds"
Constellation 1,Jumpstart,Other,J22,2022-12-02,2.64,"Sage's Reverie, Archon of Sun's Grace, Spirited Companion, Thriving Heath, Chains of Custody"
Constellation 2,Jumpstart,Other,J22,2022-12-02,1.58,"Sage's Reverie, Sigil of the Empty Throne, Alseid of Life's Bounty, Spirited Companion, Thriving Heath"
Control Center,Arena Starter Deck,Other,AFR,2021-09-24,19.62,"Mind Flayer, Clearwater Pathway // Murkwater Pathway, Baleful Mastery, Ice Tunnel, Iymrith, Desert Doom"
Cool Ocean Breeze,Secret Lair Drop,Other,SLD,2023-04-28,250.02,"Thassa's Oracle, Thassa, Deep-Dwelling, Master of Waves, Llawan, Cephalid Empress"
Cool Ocean Breeze Foil Edition,Secret Lair Drop,Other,SLD,2023-04-28,250.02,"Thassa's Oracle, Thassa, Deep-Dwelling, Master of Waves, Llawan, Cephalid Empress"
Copied (1),Jumpstart,Other,J25,2024-11-07,0.0,"Crimson Wisps, Zada, Hedron Grinder, Fists of Flame, Invigorated Rampage, Young Pyromancer"
Copied (2),Jumpstart,Other,J25,2024-11-07,0.0,"Zada, Hedron Grinder, Young Pyromancer, Firespitter Whelp, Thriving Bluff, Kiln Fiend"
Core Set 2019 Bundle Land Pack,Bundle Land Pack,Other,M19,2018-07-13,0.0,"Plains, Forest, Mountain, Island, Forest"
Core Set 2019 Foil Redemption,MTGO Redemption,Other,M19,2018-08-12,469.57,"Scapeshift, Nicol Bolas, the Ravager // Nicol Bolas, the Arisen, Crucible of Worlds, Arcades, the Strategist, Resplendent Angel"
Core Set 2019 Redemption,MTGO Redemption,Other,M19,2018-08-12,469.57,"Scapeshift, Nicol Bolas, the Ravager // Nicol Bolas, the Arisen, Crucible of Worlds, Arcades, the Strategist, Resplendent Angel"
Core Set 2020 Bundle Land Pack,Bundle Land Pack,Other,M20,2019-07-12,0.0,"Swamp, Swamp, Forest, Forest, Mountain"
Core Set 2020 Foil Redemption,MTGO Redemption,Other,M20,2019-08-11,488.56,"Field of the Dead, Veil of Summer, Kaalia, Zenith Seeker, Chandra, Awakened Inferno, Cavalier of Night"
Core Set 2020 Redemption,MTGO Redemption,Other,M20,2019-08-11,488.56,"Field of the Dead, Veil of Summer, Kaalia, Zenith Seeker, Chandra, Awakened Inferno, Cavalier of Night"
Core Set 2021 Bundle Land Pack,Bundle Land Pack,Other,M21,2020-07-03,0.0,"Swamp, Swamp, Plains, Plains, Swamp"
Core Set 2021 Foil Redemption,MTGO Redemption,Other,M21,2020-08-02,297.49,"Chromatic Orrery, Terror of the Peaks, Grim Tutor, Fiery Emancipation, Heroic Intervention"
Core Set 2021 Redemption,MTGO Redemption,Other,M21,2020-08-02,297.49,"Chromatic Orrery, Terror of the Peaks, Grim Tutor, Fiery Emancipation, Heroic Intervention"
Core Set 2021 Welcome Booster,Welcome Booster,Other,M21,2020-07-03,19.37,"Niv-Mizzet, Parun, Demon of Loathing, Underworld Dreams, Garruk, Primal Hunter, Archetype of Imagination"
Corruption 1,Jumpstart,Other,ONE,2023-02-10,1.29,"Drown in Ichor, Kinzu of the Bleak Coven, Feed the Infection, Annihilating Glare, Pestilent Syphoner"
Corruption 2,Jumpstart,Other,ONE,2023-02-10,0.0,"Kinzu of the Bleak Coven, Infectious Inquiry, Vraska's Fall, Bilious Skulldweller, Necrogen Communion"
Cosmic Chill by Robin Eisenberg,Secret Lair Drop,Other,SLD,2026-09-01,74.75,"Sage of Hours, Orvar, the All-Form, See Double, Slip Through Space, Sway of the Stars"
Cosmic Chill by Robin Eisenberg Foil Edition,Secret Lair Drop,Other,SLD,2026-09-01,74.75,"Sage of Hours, Orvar, the All-Form, See Double, Slip Through Space, Sway of the Stars"
Counter Surge,Challenger Deck,Other,Q01,2018-04-06,40.26,"Walking Ballista, Verdurous Gearhulk, Fatal Push, Swamp, Forest"
Counterargument,Jumpstart,Other,MSH,2026-06-26,10.23,"Matt Murdock, Justice Seeker, She-Hulk, Attorney-at-Law, Foggy Nelson, On Retainer, Vault Guardsman, Costume Closet"
Counterburn,Deck Builder's Toolkit,Other,M14,2013-07-19,4.43,"Guttersnipe, Goblin Electromancer, Syncopate, Izzet Charm, Nivix Cyclops"
Courageous 1,Jumpstart,Other,LTR,2023-06-23,2.47,"Saradoc, Master of Buckland, Rosie Cotton of South Lane, Bill the Pony, Slip On the Ring, Plains"
Courageous 2,Jumpstart,Other,LTR,2023-06-23,5.03,"Reprieve, Saradoc, Master of Buckland, Rosie Cotton of South Lane, Bill the Pony, Slip On the Ring"
Crack the Case,Arena Starter Deck,Other,OTJ,2024-07-08,20.79,"Meticulous Archive, Proft's Eidetic Memory, Forensic Gadgeteer, Alquist Proft, Master Sleuth, Novice Inspector"
Crag Hydra,Shandalar Enemy Deck,Other,PAST,1997-04-01,278.21,"Mountain, Shivan Dragon, Inferno, Detonate, Mana Flare"
Creep and Conquer,Event Deck,Other,RTR,2012-10-26,36.05,"Ulvenwald Tracker, Disciple of Bolas, Woodland Cemetery, Golgari Charm, Victim of Night"
Creepshow,Secret Lair Drop,Other,SLD,2023-11-30,70.32,"Death Baron // Death Baron, Grimgrin, Corpse-Born // Grimgrin, Corpse-Born, Noxious Ghoul // Noxious Ghoul, Unholy Grotto // Unholy Grotto, Zombie Master // Zombie Master"
Creepshow Foil Edition,Secret Lair Drop,Other,SLD,2023-11-30,70.32,"Death Baron // Death Baron, Grimgrin, Corpse-Born // Grimgrin, Corpse-Born, Noxious Ghoul // Noxious Ghoul, Unholy Grotto // Unholy Grotto, Zombie Master // Zombie Master"
Cries of Rage,Theme Deck,Other,PS11,2011-01-01,0.0,"Mountain, Mountain, Mountain, Mountain, Forest"
Critical Mass,Theme Deck,Other,SOK,2005-06-03,199.0,"Shuko, Thoughts of Ruin, Honden of Infinite Rage, Okiba-Gang Shinobi, Honden of Night's Reach"
Critter Corps,Arena Promotional Deck,Other,M21,2021-07-03,147.7,"The Great Henge, The Ozolith, Fabled Passage, Ram Through, Selfless Savior"
Crocodile Jackson's Monstrous Menagerie,Secret Lair Drop,Other,SLD,2022-05-06,77.64,"Managorger Hydra, Pathbreaker Ibex, Temur Sabertooth, Winding Constrictor, Ravenous Chupacabra"
Crocodile Jackson's Monstrous Menagerie Foil Etched Edition,Secret Lair Drop,Other,SLD,2022-05-06,77.64,"Managorger Hydra, Pathbreaker Ibex, Temur Sabertooth, Winding Constrictor, Ravenous Chupacabra"
Cruel 1,Jumpstart,Other,J22,2022-12-02,9.15,"Creeping Bloodsucker, Termination Facilitator, Syr Konrad, the Grim, Ob Nixilis, the Hate-Twisted, Tormented Soul"
Cruel 2,Jumpstart,Other,J22,2022-12-02,7.91,"Creeping Bloodsucker, Termination Facilitator, Plague Spitter, Infernal Idol, Thriving Moor"
Cruel 3,Jumpstart,Other,J22,2022-12-02,4.95,"Creeping Bloodsucker, Dread Slaver, Festering Evil, Cruel Sadist, Infernal Idol"
Cruel 4,Jumpstart,Other,J22,2022-12-02,10.03,"Dread Presence, Creeping Bloodsucker, Tormented Soul, Infernal Idol, Thriving Moor"
Cruel Plots,Intro Pack,Other,DTK,2015-03-27,9.81,"Island, Coat with Venom, Silumgar's Scorn, Sidisi's Faithful, Necromaster Dragon"
Crusader,Shandalar Enemy Deck,Other,PAST,1997-04-01,96.52,"Dancing Scimitar, Eye for an Eye, Swords to Plowshares, White Knight, Plains"
Crusher,Theme Deck,Other,ULG,1999-02-15,539.81,"Defense of the Heart, Mother of Runes, Treetop Village, Rancor, Weatherseed Treefolk"
Crusher - Enhanced Deck,Enhanced Deck,Other,ULG,1999-02-15,1913.16,"Gaea's Cradle, Might of Oaks, Eladamri, Lord of Leaves, Weatherseed Treefolk, City of Brass"
Cult of Rakdos,Arena Starter Deck,Other,M20,2019-05-03,33.18,"Blood Crypt, Bedevil, Spawn of Mayhem, Spear Spewer, Mayhem Devil"
Cult of Rakdos 1,Jumpstart,Other,CLU,2024-02-23,3.57,"Frenzied Gorespawn, Rakdos Signet, Spawn of Mayhem, Deadly Dispute, Incriminating Impetus"
Cult of Rakdos 2,Jumpstart,Other,CLU,2024-02-23,5.19,"Rakdos, the Showstopper, Carnage Interpreter, Incriminating Impetus, Rakdos Carnarium, Light Up the Stage"
Culture Shocks: Bant,Secret Lair Drop,Other,SLD,2021-08-25,28.74,"Breeding Pool, Hallowed Fountain, Temple Garden"
Culture Shocks: Esper,Secret Lair Drop,Other,SLD,2021-08-25,33.0,"Watery Grave, Godless Shrine, Hallowed Fountain"
Culture Shocks: Grixis,Secret Lair Drop,Other,SLD,2021-08-25,44.81,"Steam Vents, Watery Grave, Blood Crypt"
Culture Shocks: Jund,Secret Lair Drop,Other,SLD,2021-08-25,34.89,"Overgrown Tomb, Blood Crypt, Stomping Ground"
Culture Shocks: Naya,Secret Lair Drop,Other,SLD,2021-08-25,32.07,"Sacred Foundry, Stomping Ground, Temple Garden"
Cunning,Duel Deck,Other,DDN,2014-09-05,0.0,"Arcanis the Omnipotent, Mana Leak, Master Decoy, Lightning Angel, Willbender"
Cunning 1,Jumpstart,Other,LTR,2023-11-03,0.0,"Minas Tirith Garrison, Ioreth of the Healing House, The Bath Song, Meneldor, Swift Savior, Glorious Gale"
Cunning 2,Jumpstart,Other,LTR,2023-11-03,4.89,"Lórien Revealed, Minas Tirith Garrison, Mirror of Galadriel, Elrond, Lord of Rivendell, Island"
Cunning Plan,Intro Pack,Other,FRF,2015-01-23,12.39,"Monastery Swiftspear, Refocus, Void Snare, Island, Island"
Cursed,Duel Deck,Other,DDQ,2016-02-26,1.98,"Gravecrawler, Harvester of Souls, Dread Return, Victim of Night, Unbreathing Horde"
Custom Creatures,Theme Deck,Other,9ED,2005-07-29,87.34,"Naturalize, Verduran Enchantress, Overgrowth, Llanowar Elves, Forest"
Cycling 1,Jumpstart,Other,J22,2022-12-02,0.0,"Yidaro, Wandering Monster, Quakefoot Cyclops, Drannith Stinger, Thriving Bluff, Deem Worthy"
Cycling 2,Jumpstart,Other,J22,2022-12-02,0.0,"Mad Ratter, Starstorm, Irencrag Pyromancer, Drannith Stinger, Thriving Bluff"
DOOM,Jumpstart,Other,MSH,2026-06-26,99.8,"Doctor Doom, Unrivaled, Dark Ritual, Doomsday, Doombot Harbinger, Doomfall"
Dan Frazier Is Back Again: The Allied Talismans,Secret Lair Drop,Other,SLD,2022-10-25,209.77,"Talisman of Dominance, Talisman of Indulgence, Talisman of Progress, Talisman of Impulse, Talisman of Unity"
Dan Frazier Is Back Again: The Allied Talismans Foil Etched Edition,Secret Lair Drop,Other,SLD,2022-10-25,209.77,"Talisman of Dominance, Talisman of Indulgence, Talisman of Progress, Talisman of Impulse, Talisman of Unity"
Dan Frazier Is Back Again: The Enemy Talismans,Secret Lair Drop,Other,SLD,2022-10-25,119.92,"Talisman of Creativity, Talisman of Hierarchy, Talisman of Conviction, Talisman of Curiosity, Talisman of Resilience"
Dan Frazier Is Back Again: The Enemy Talismans Foil Etched Edition,Secret Lair Drop,Other,SLD,2022-10-25,119.92,"Talisman of Creativity, Talisman of Hierarchy, Talisman of Conviction, Talisman of Curiosity, Talisman of Resilience"
Dan Frazier is Back: The Allied Signets,Secret Lair Drop,Other,SLD,2021-10-29,102.84,"Rakdos Signet, Dimir Signet, Azorius Signet, Gruul Signet, Selesnya Signet"
Dan Frazier is Back: The Allied Signets Foil Edition,Secret Lair Drop,Other,SLD,2021-10-29,102.84,"Rakdos Signet, Dimir Signet, Azorius Signet, Gruul Signet, Selesnya Signet"
Dan Frazier is Back: The Enemy Signets,Secret Lair Drop,Other,SLD,2021-10-29,94.92,"Izzet Signet, Orzhov Signet, Boros Signet, Simic Signet, Golgari Signet"
Dan Frazier is Back: The Enemy Signets Foil Edition,Secret Lair Drop,Other,SLD,2021-10-29,94.92,"Izzet Signet, Orzhov Signet, Boros Signet, Simic Signet, Golgari Signet"
Dan Frazier's Mox Box,Secret Lair Drop,Other,SLD,2023-09-14,468.75,"Mox Opal, Sol Ring, Mox Tantalite"
Dandân Deck,Dandan Deck,Other,SLD,2026-03-17,92.23,"Mystic Sanctuary, Capture of Jingzhou, Mental Note, Island, Dandân"
Dangerous,Clash Pack,Other,ORI,2015-07-17,11.76,"Abzan Falconer, Dromoka, the Eternal, Avatar of the Resolute, Abzan Battle Priest, Citadel Siege"
Dangerous Knowledge,Intro Pack,Other,EMN,2016-07-22,5.88,"Turn Aside, Pore Over the Pages, Niblis of Frost, Take Inventory, Pieces of the Puzzle"
Daniel Zink - White-Blue-Green Wake,World Championship Deck,Other,WC03,2003-08-06,44.44,"Flooded Strand, Forest, Mirari's Wake, Moment's Peace, Wrath of God"
Dark Alliance,Theme Deck,Other,ATH,1998-11-01,64.95,"Strip Mine, Goblin Recruiter, Hypnotic Specter, Goblin King, Pyrokinesis"
Dark Ascension Fat Pack Land Pack,Bundle Land Pack,Other,DKA,2012-02-03,15.47,"Mountain, Swamp, Island, Swamp, Plains"
Dark Ascension Foil Redemption,MTGO Redemption,Other,DKA,2012-03-04,412.8,"Mikaeus, the Unhallowed, Grafdigger's Cage, Moonveil Dragon, Vault of the Archangel, Drogskol Reaver"
Dark Ascension Redemption,MTGO Redemption,Other,DKA,2012-03-04,412.8,"Mikaeus, the Unhallowed, Grafdigger's Cage, Moonveil Dragon, Vault of the Archangel, Drogskol Reaver"
Dark Devotion,Theme Deck,Other,BOK,2005-02-04,54.34,"Heartless Hidetsugu, Blood Speaker, Yukora, the Prisoner, Overblaze, Mark of the Oni"
Dark Sacrifice,Intro Pack,Other,DKA,2012-02-03,25.73,"Champion of the Parish, Unburial Rites, Swamp, Swamp, Wakedancer"
Darksteel Foil Redemption,MTGO Redemption,Other,DST,2004-03-07,1594.92,"Skullclamp, Panoptic Mirror, Darksteel Forge, Arcbound Ravager, Sword of Fire and Ice"
Darksteel Redemption,MTGO Redemption,Other,DST,2004-03-07,1594.92,"Skullclamp, Panoptic Mirror, Darksteel Forge, Arcbound Ravager, Sword of Fire and Ice"
Dave Humpherys - Blue-Green Madness,World Championship Deck,Other,WC03,2003-08-06,66.38,"City of Brass, Aquamoeba, Island, Arrogant Wurm, Careful Study"
Day of the Dragon,Starter Kit,Other,WOE,2023-09-08,6.1,"Shivan Devastator, Sarkhan, Soul Aflame, Ingenious Prodigy, Ragefire Hellkite, Aether Channeler"
Dead Again,Theme Deck,Other,9ED,2005-07-29,33.95,"Underworld Dreams, Swamp, Nightmare, Swamp, Swamp"
Dead Ahead,Intro Pack,Other,ARB,2009-04-30,29.43,"Terramorphic Expanse, Swamp, Mountain, Lightning Reaver, Mountain"
Dead and Alive,MTGO Theme Deck,Other,WTH,2007-12-12,29.61,"Necromancy, Buried Alive, Infernal Tribute, Swamp, Swamp"
Deadly Discovery,Challenger Deck,Other,Q02,2019-04-12,44.09,"Overgrown Tomb, The Eldest Reborn, Vraska, Relic Seeker, Llanowar Elves, Wildgrowth Walker"
Deadly Instinct,Theme Deck,Other,S99,1999-07-12,3.24,"Ancient Craving, Swamp, Swamp, Swamp, Ravenous Rats"
Deadspread,Intro Pack,Other,SOM,2010-10-01,95.34,"Contagion Engine, Leaden Myr, Silver Myr, Throne of Geth, Thrummingbird"
"Death Is Temporary, Metal Is Forever",Secret Lair Drop,Other,SLD,2023-08-29,237.15,"Nekusar, the Mindrazer, Syr Konrad, the Grim, Underworld Dreams, Waste Not, Wheel of Misfortune"
"Death Is Temporary, Metal Is Forever Foil Edition",Secret Lair Drop,Other,SLD,2023-08-29,237.15,"Nekusar, the Mindrazer, Syr Konrad, the Grim, Underworld Dreams, Waste Not, Wheel of Misfortune"
Death March,Theme Deck,Other,EVE,2008-07-25,105.78,"Quillspike, Swamp, Creakwood Liege, Doomgape, Viridescent Wisps"
Death Reaper,Intro Pack,Other,M14,2013-07-19,1.97,"Staff of the Death Magus, Swamp, Mountain, Liliana's Reaver, Swamp"
Death's Beginning,Intro Pack,Other,BNG,2014-02-07,25.96,"Archetype of Finality, Satyr Wayfinder, Raised by Wolves, Forest, Nighthowler"
Death's Encroach,Event Deck,Other,AVR,2012-05-25,69.84,"Dismember, Geralf's Messenger, Cemetery Reaper, Gravecrawler, Lashwrithe"
Death's Minions,Intro Pack,Other,M10,2009-07-17,32.8,"Cemetery Reaper, Diabolic Tutor, Tendrils of Corruption, Swamp, Doom Blade"
Deathbreed,MTGO Theme Deck,Other,ME2,2008-09-22,0.0,"Snow-Covered Swamp, Armor Thrull, Ashen Ghoul, Basal Thrull, Cuombajj Witches"
Deathfed,Event Deck,Other,ISD,2011-10-28,139.36,"Green Sun's Zenith, Birds of Paradise, Gnaw to the Bone, Hinterland Harbor, Bonehoard"
Deathly Dominion,Intro Pack,Other,ISD,2011-09-30,18.59,"Rampant Growth, Reassembling Skeleton, Swamp, Caravan Vigil, Typhoid Rats"
Decay,Theme Deck,Other,7ED,2001-04-11,809.54,"Charcoal Diamond, Blood Pet, Duress, Fallen Angel, Greed"
Deceptive Divination,Secret Lair Drop,Other,SLD,2024-02-23,52.96,"Scheming Symmetry, Price of Progress, Eternal Witness, Wall of Omens, Circular Logic"
Deceptive Divination Foil Edition,Secret Lair Drop,Other,SLD,2024-02-23,74.15,"Scheming Symmetry, Price of Progress, Eternal Witness, Wall of Omens, Circular Logic"
Deck A,Starter Deck,Other,6ED,1999-04-21,3.69,"Blood Pet, Swamp, Swamp, Forest, Rampant Growth"
Deck B,Starter Deck,Other,5ED,1997-04-24,2.84,"Counterspell, Swamp, Island, Island, Island"
Deck Builder's Toolkit,Deck Builder's Toolkit,Other,M19,2018-07-13,42.41,"Satyr Enchanter, Poison-Tip Archer, Colossal Majesty, Goblin Instigator, Ravenous Chupacabra"
Deep Freeze,Theme Deck,Other,TMP,1997-10-14,7.24,"Counterspell, Avenging Angel, Puppet Strings, Island, Island"
Deep Freeze - Advanced Deck,Advanced Deck,Other,TMP,1997-10-14,22.33,"Wrath of God, Adarkar Wastes, Counterspell, Desertion, Impulse"
Deepwood Menace,Theme Deck,Other,MMQ,1999-10-04,258.36,"Thunderclap, Natural Affinity, Vine Trellis, Volcanic Wind, Battle Squadron"
Deepwood Menace - Enhanced Deck,Enhanced Deck,Other,MMQ,1999-10-04,2473.31,"Gaea's Cradle, Deranged Hermit, Treetop Village, Rancor, Collective Unconscious"
Defeat a God,Challenge Deck,Other,TDAG,2014-05-25,4.89,"Xenagos Ascended, Xenagos's Strike, Rip to Pieces, Xenagos's Scorn, Impulsive Destruction"
Defenders of the Cause,Theme Deck,Other,ATH,1998-11-01,32.89,"Armageddon, Swords to Plowshares, Mirri, Cat Warrior, Pendelhaven, Brushland"
Demo Booster Player 1,Welcome Booster,Other,9ED,2005-07-29,7.74,"Grizzly Bears, Forest, Forest, Forest, Plains"
Demo Booster Player 2,Welcome Booster,Other,9ED,2005-07-29,17.49,"Swamp, Mountain, Mountain, Swamp, Mountain"
Demo deck A,Demo Deck,Other,P02,1998-06-24,4.09,"Forest, Island, Island, Plains, Plains"
Demo deck B,Demo Deck,Other,P02,1998-06-24,5.98,"Swamp, Forest, Swamp, Mountain, Mountain"
Demonic,Duel Deck,Other,DDC,2009-04-10,89.8,"Demonic Tutor, Dark Ritual, Soot Imp, Reiver Demon, Stinkweed Imp"
Demonic Deals,Intro Pack,Other,ORI,2015-07-17,15.84,"Chandra's Ignition, Fiery Impulse, Malakir Cullblade, Kothophed, Soul Hoarder, Swamp"
Demons 1,Jumpstart,Other,J22,2022-12-02,0.0,"Demon's Disciple, Kothophed, Soul Hoarder, Inner Demon, Disciple of Perdition, Infernal Idol"
Demons 2,Jumpstart,Other,J22,2022-12-02,1.86,"Seizan, Perverter of Truth, Demon's Disciple, Dreadhound, Demon of Catastrophes, Disciple of Perdition"
Depths of Power,Intro Pack,Other,M13,2012-07-13,31.38,"Elixir of Immortality, Archaeomancer, Stormtide Leviathan, Mindclaw Shaman, Ring of Evos Isle"
Desert Oasis,Arena Starter Deck,Other,OTJ,2024-07-08,57.8,"Bristly Bill, Spine Sower, Hedge Maze, Case of the Locked Hothouse, Sentinel of the Nameless City, Bonny Pall, Clearcutter"
Desperate Stand,Intro Pack,Other,OGW,2016-01-22,6.91,"Cliffhaven Vampire, Drana's Emissary, Kalastria Healer, Malakir Soothsayer, Evolving Wilds"
Destructive Firepower,Arena Starter Deck,Other,ANB,2020-03-12,3.06,"Dreadhorde Arcanist, Drakuseth, Maw of Flames, Chandra's Outrage, Erratic Cyclops, Fire Urchin"
Detective 1,Jumpstart,Other,J22,2022-12-02,4.47,"Mechanized Production, Thriving Isle, Vedalken Engineer, Jace's Scrutiny, Hold for Questioning"
Detective 2,Jumpstart,Other,J22,2022-12-02,24.15,"Teferi's Puzzle Box, Psychosis Crawler, Thriving Isle, Vedalken Engineer, Jace's Scrutiny"
Detective 3,Jumpstart,Other,J22,2022-12-02,0.0,"Shimmer Dragon, Thriving Isle, Vedalken Engineer, Jace's Scrutiny, Hold for Questioning"
Detective 4,Jumpstart,Other,J22,2022-12-02,10.11,"Tamiyo, the Moon Sage, Tamiyo's Journal, Thriving Isle, Vedalken Engineer, Jace's Scrutiny"
Devastation,Theme Deck,Other,ONS,2002-10-07,270.72,"Naturalize, Cryptic Gateway, Tranquil Thicket, Explosive Vegetation, Forgotten Cave"
Devilish (1),Jumpstart,Other,JMP,2020-07-17,0.0,"Zurzoth, Chaos Rider, Traitorous Greed, Pitchburn Devils, Spiteful Prankster, Thriving Bluff"
Devilish (2),Jumpstart,Other,JMP,2020-07-17,0.0,"Zurzoth, Chaos Rider, Traitorous Greed, Pitchburn Devils, Spiteful Prankster, Thriving Bluff"
Devilish (3),Jumpstart,Other,JMP,2020-07-17,3.76,"Brash Taunter, Traitorous Greed, Pitchburn Devils, Spiteful Prankster, Thriving Bluff"
Devilish (4),Jumpstart,Other,JMP,2020-07-17,2.8,"Hellrider, Traitorous Greed, Pitchburn Devils, Sin Prodder, Spiteful Prankster"
Devotion to Darkness,Intro Pack,Other,THS,2013-09-27,22.7,"Whip of Erebos, Gray Merchant of Asphodel, Island, Island, Swamp"
Devouring Skies,Intro Pack,Other,NPH,2011-05-13,84.92,"Argentum Armor, Brass Squire, Silver Myr, Swamp, Swamp"
Diabolical Dioramas,Secret Lair Drop,Other,SLD,2024-04-15,48.56,"Aura Shards, Fiend Artisan, Gravebreaker Lamia, Karador, Ghost Chieftain"
Diabolical Dioramas Foil Edition,Secret Lair Drop,Other,SLD,2024-04-15,56.89,"Aura Shards, Fiend Artisan, Gravebreaker Lamia, Karador, Ghost Chieftain"
Dimir,Guild Kit,Other,GK1,2018-11-02,8.65,"Glimpse the Unthinkable, Etrata, the Silencer, Dimir Signet, Price of Fame, Mission Briefing"
Dimir Control,Challenger Deck,Other,Q07,2022-04-01,33.93,"Shipwreck Marsh, Hullbreaker Horror, Crippling Fear, Baleful Mastery, Ice Tunnel"
Dimir Dementia,Intro Pack,Other,GTC,2013-02-01,24.78,"Duskmantle Guildmage, Whispering Madness, Jace's Phantasm, Dimir Keyrune, Wight of Precinct Six"
Dimir Intrigues,Theme Deck,Other,RAV,2005-10-07,51.76,"Dimir Aqueduct, Dimir Signet, Dimir Infiltrator, Szadek, Lord of Secrets, Dimir House Guard"
Dimir Manipulation,Arena Starter Deck,Other,DOM,2018-03-22,40.86,"Nezahal, Primal Tide, Tetzimoc, Primal Death, Overflowing Insight, Ravenous Chupacabra, Field of Ruin"
Dimir Rogue,Challenger Deck,Other,Q05,2021-04-02,23.84,"Malakir Rebirth // Malakir Mire, Rankle, Master of Pranks, Swamp, Drown in the Loch, Island"
Dinner,Jumpstart,Other,J25,2024-11-07,3.38,"Tireless Provisioner, Hurska Sweet-Tooth, Trail of Crumbs, Gingerbrute, Orchard Strider"
Dino Might,Arena Starter Deck,Other,OTJ,2024-07-08,47.32,"Ghalta, Stampede Tyrant, Commercial District, Hulking Raptor, Trumpeting Carnosaur, Pugnacious Hammerskull"
Dinosaurs (1),Jumpstart,Other,J25,2024-11-07,0.0,"Ghalta, Primal Hunger, Rampant Growth, Commune with Dinosaurs, Savage Stomp, Thundering Spineback"
Dinosaurs (2),Jumpstart,Other,J25,2024-11-07,0.0,"Ghalta, Primal Hunger, Topiary Stomper, Rampant Growth, Cherished Hatchling, Commune with Dinosaurs"
Dinosaurs (3),Jumpstart,Other,JMP,2020-07-17,2.52,"Cultivate, Ghalta, Primal Hunger, Ornery Dilophosaur, Thriving Grove, Forest"
Dinosaurs (4),Jumpstart,Other,JMP,2020-07-17,1.84,"Garruk's Uprising, Ornery Dilophosaur, Thriving Grove, Forest, Primal Might"
Discarding (1),Jumpstart,Other,JMP,2020-07-17,17.12,"Tinybones, Trinket Thief, Fell Specter, Ravenous Chupacabra, Swamp, Swamp"
Discarding (2),Jumpstart,Other,JMP,2020-07-17,1.91,"Fell Specter, Ravenous Chupacabra, Swamp, Liliana's Reaver, Nyxathid"
Dismissal,Theme Deck,Other,INV,2000-10-02,351.76,"Opt, Disrupt, Ravenous Rats, Prohibit, Island"
Disrupter,Theme Deck,Other,MMQ,1999-10-04,1541.58,"Dark Ritual, Snuff Out, Thunderclap, Thrashing Wumpus, Vendetta"
Disrupter - Enhanced Deck,Enhanced Deck,Other,MMQ,1999-10-04,1533.35,"Dark Ritual, Snuff Out, Thunderclap, Thrashing Wumpus, Vendetta"
Dissension Foil Redemption,MTGO Redemption,Other,DIS,2006-06-04,2094.62,"Hallowed Fountain, Blood Crypt, Breeding Pool, Psychic Possession, Grand Arbiter Augustin IV"
Dissension Redemption,MTGO Redemption,Other,DIS,2006-06-04,2094.62,"Hallowed Fountain, Blood Crypt, Breeding Pool, Psychic Possession, Grand Arbiter Augustin IV"
Distress,Theme Deck,Other,PCY,2000-06-05,1738.6,"Dark Ritual, Avatar of Woe, Snuff Out, Peat Bog, Seal of Cleansing"
Divine,Duel Deck,Other,DDC,2009-04-10,9.83,"Akroma, Angel of Wrath, Reya Dawnbringer, Angelsong, Luminous Angel, Twilight Shepherd"
Doctor (1),Jumpstart,Other,JMP,2020-07-17,6.5,"Light of Promise, Thriving Heath, Speaker of the Heavens, Anointed Chorister, Plains"
Doctor (2),Jumpstart,Other,JMP,2020-07-17,6.5,"Light of Promise, Thriving Heath, Speaker of the Heavens, Anointed Chorister, Plains"
Doctor (3),Jumpstart,Other,JMP,2020-07-17,7.49,"Light of Promise, Rhox Faithmender, Thriving Heath, Anointed Chorister, Plains"
Doctor (4),Jumpstart,Other,JMP,2020-07-17,1.88,"Thriving Heath, Cradle of Vitality, Anointed Chorister, Plains, Revitalize"
Doctor Who: Regeneration,Secret Lair Drop,Other,SLD,2024-04-09,234.76,"The Fourteenth Doctor, The Meep, The Fifteenth Doctor, The Celestial Toymaker, Rose Noble"
Doctor Who: Regeneration Foil Edition,Secret Lair Drop,Other,SLD,2024-04-09,234.76,"The Fourteenth Doctor, The Meep, The Fifteenth Doctor, The Celestial Toymaker, Rose Noble"
Doctor Who: The Dalek Lands,Secret Lair Drop,Other,SLD,2023-12-18,46.44,"Spirebluff Canal, Botanical Sanctum, Blooming Marsh, Concealed Courtyard, Inspiring Vantage"
Doctor Who: The Dalek Lands Foil Edition,Secret Lair Drop,Other,SLD,2023-12-18,46.44,"Spirebluff Canal, Botanical Sanctum, Blooming Marsh, Concealed Courtyard, Inspiring Vantage"
Doctor Who: The Weeping Angels,Secret Lair Drop,Other,SLD,2023-12-18,43.63,"Blinding Angel, Angel of Serenity, Angel of the Ruins, Sublime Archangel, Restoration Angel"
Doctor Who: The Weeping Angels Foil Edition,Secret Lair Drop,Other,SLD,2023-11-30,43.63,"Blinding Angel, Angel of Serenity, Angel of the Ruins, Sublime Archangel, Restoration Angel"
Dogs (1),Jumpstart,Other,JMP,2020-07-17,5.88,"Plains, Thriving Heath, Selfless Savior, Pack Leader, Plains"
Dogs (2),Jumpstart,Other,JMP,2020-07-17,6.93,"Plains, Isamaru, Hound of Konda, Thriving Heath, Pack Leader, Plains"
Dogs Are Better Than Cats,Secret Lair Drop,Other,SLD,2025-03-18,124.7,"Arcane Signet, Basilisk Collar, Titanic Ultimatum, Rip Apart, Escape to the Wilds"
Dogs Are Better Than Cats Foil Edition,Secret Lair Drop,Other,SLD,2025-03-18,124.7,"Arcane Signet, Basilisk Collar, Titanic Ultimatum, Rip Apart, Escape to the Wilds"
Domain,Theme Deck,Other,PLS,2001-02-05,297.59,"Quirion Dryad, Harrow, Island, Island, Magnigoth Treefolk"
Dome Destruction,Arena Starter Deck,Other,ANB,2019-09-26,3.06,"Dreadhorde Arcanist, Drakuseth, Maw of Flames, Chandra's Outrage, Meteor Golem, Erratic Cyclops"
Dominaria Bundle Land Pack,Bundle Land Pack,Other,DOM,2018-04-27,0.0,"Swamp, Mountain, Island, Mountain, Plains"
Dominaria Foil Redemption,MTGO Redemption,Other,DOM,2018-05-27,503.17,"Mox Amber, Cabal Stronghold, Helm of the Host, Unwind, Teferi, Hero of Dominaria"
Dominaria Redemption,MTGO Redemption,Other,DOM,2018-05-27,503.17,"Mox Amber, Cabal Stronghold, Helm of the Host, Unwind, Teferi, Hero of Dominaria"
Dominaria United Bundle Land Pack,Bundle Land Pack,Other,DMU,2022-09-09,0.0,"Swamp, Swamp, Mountain, Mountain, Plains"
Dominaria United Foil Redemption,MTGO Redemption,Other,DMU,2022-09-28,250.2,"Sheoldred, the Apocalypse, Timeless Lotus, Plaza of Heroes, Silverback Elder, Vodalian Hexcatcher"
Dominaria United Redemption,MTGO Redemption,Other,DMU,2022-09-28,250.2,"Sheoldred, the Apocalypse, Timeless Lotus, Plaza of Heroes, Silverback Elder, Vodalian Hexcatcher"
Dominaria United Welcome Booster,Welcome Booster,Other,DMU,2022-09-09,5.25,"Blackblade Reforged, Ajani, the Greathearted, Phylath, World Sculptor, Ertai's Scorn, Commander's Sphere"
Dominator - Advanced Deck,Advanced Deck,Other,EXO,1998-06-15,121.1,"Wasteland, Undiscovered Paradise, Winter Orb, Propaganda, Counterspell"
Dominator - Basic Deck,Theme Deck,Other,EXO,1998-06-15,20.67,"Propaganda, Counterspell, Equilibrium, Erratic Portal, Dominating Licid"
"Domri, City Smasher",Planeswalker Deck,Other,RNA,2019-01-25,3.28,"Mountain, End-Raze Forerunners, Forest, Domri, City Smasher, Gruul Guildgate"
Donatello,Theme Deck,Other,TMT,2026-03-06,10.24,"Utrom Monitor, April O'Neil, Human Element, Sewer-veillance Cam, Manhole Cover, Donatello, Rad Scientist"
Doom Inevitable,Intro Pack,Other,MBS,2011-02-04,35.66,"Psychosis Crawler, Myr Sire, Bonehoard, Contagion Clasp, Steady Progress"
"Dovin, Architect of Law",Planeswalker Deck,Other,RNA,2019-01-25,17.81,"Verity Circle, Unbreakable Formation, Dovin, Architect of Law, Arrester's Zeal, Azorius Guildgate"
Draconic Fury,Game Night Deck,Other,GN2,2019-11-15,26.96,"Glint-Horn Buccaneer, Fiendish Duo, Dragon Mage, Lathliss, Dragon Queen, Drakuseth, Maw of Flames"
Dracur,Shandalar Enemy Deck,Other,PAST,1997-04-01,3420.26,"Mox Emerald, Mountain, Strip Mine, Desert Twister, Fellwar Stone"
Dragon's Endgame,San Diego Comic Con Promos,Other,PS19,2019-07-18,219.33,"Nicol Bolas, Dragon-God, God-Eternal Oketra, God-Eternal Bontu, God-Eternal Kefnet, God-Eternal Rhonas"
Dragon's Fire,Arena Starter Deck,Other,M19,2018-09-27,14.02,"Lathliss, Dragon Queen, Goblin Instigator, Spit Flame, Charging Monstrosaur, Demanding Dragon"
Dragon's Maze Foil Redemption,MTGO Redemption,Other,DGM,2013-06-02,239.97,"Hidden Strings, Render Silent, Voice of Resurgence, Progenitor Mimic, Blood Baron of Vizkopa"
Dragon's Maze Redemption,MTGO Redemption,Other,DGM,2013-06-02,239.97,"Hidden Strings, Render Silent, Voice of Resurgence, Progenitor Mimic, Blood Baron of Vizkopa"
Dragons,Duel Deck,Other,DDG,2011-04-01,21.36,"Seething Song, Dragonspeaker Shaman, Bloodmark Mentor, Skirk Prospector, Bogardan Hellkite"
Dragons (1),Jumpstart,Other,J25,2024-11-07,0.0,"Lathliss, Dragon Queen, Carnelian Orb of Dragonkind, Seize the Spoils, Firespitter Whelp, Forgotten Cave"
Dragons (2),Jumpstart,Other,J25,2024-11-07,1.27,"Sarkhan, Fireblood, Lathliss, Dragon Queen, Seize the Spoils, Firespitter Whelp, Forgotten Cave"
Dragons 1,Jumpstart,Other,J22,2022-12-02,0.0,"Sarkhan, the Dragonspeaker, Dragon Mage, Thriving Bluff, Sarkhan's Whelp, Dragon Egg"
Dragons 2,Jumpstart,Other,J22,2022-12-02,4.74,"Dragonspeaker Shaman, Lathliss, Dragon Queen, Dragon's Hoard, Dragon Mage, Dragonlord's Servant"
Dragons of Tarkir Fat Pack Land Pack,Bundle Land Pack,Other,DTK,2015-03-27,7.99,"Plains, Island, Forest, Island, Mountain"
Dragons of Tarkir Foil Redemption,MTGO Redemption,Other,DTK,2015-04-26,405.41,"Shaman of Forgotten Ways, Dragonlord Dromoka, Haven of the Spirit Dragon, Sarkhan Unbroken, Narset Transcendent"
Dragons of Tarkir Redemption,MTGO Redemption,Other,DTK,2015-04-26,405.41,"Shaman of Forgotten Ways, Dragonlord Dromoka, Haven of the Spirit Dragon, Sarkhan Unbroken, Narset Transcendent"
Draw Your Hand,Secret Lair Drop,Other,SLD,2023-04-14,68.78,"Counterbalance, Deafening Silence, Eldrazi Conscription, Bruna, Light of Alabaster"
Draw Your Hand Foil Edition,Secret Lair Drop,Other,SLD,2023-04-14,68.78,"Counterbalance, Deafening Silence, Eldrazi Conscription, Bruna, Light of Alabaster"
Dreaming Darkly,Secret Lair Drop,Other,SLD,2025-10-27,50.32,"Guardian Project, Glen Elendra Archmage, Soulherder, Roon of the Hidden Realm"
Dreaming Darkly Foil Edition,Secret Lair Drop,Other,SLD,2025-10-27,50.32,"Guardian Project, Glen Elendra Archmage, Soulherder, Roon of the Hidden Realm"
Drowned (1),Jumpstart,Other,J25,2024-11-07,1.36,"Neerdiv, Devious Diver, Island, Ipnu Rivulet, Thriving Isle, Shipwreck Dowser"
Drowned (2),Jumpstart,Other,J25,2024-11-07,1.36,"Neerdiv, Devious Diver, Island, Cackling Counterpart, Thriving Isle, Wall of Lost Thoughts"
Druid,Shandalar Enemy Deck,Other,PAST,1997-04-01,212.19,"Mishra's Factory, Killer Bees, Oasis, Nafs Asp, Instill Energy"
Dungeon Delving,Arena Starter Deck,Other,AFR,2021-09-24,11.57,"Acererak the Archlich, Brightclimb Pathway // Grimclimb Pathway, Triumphant Adventurer, Vanishing Verse, Nullpriest of Oblivion"
Dungeons & Dragons: An Exhibition of Adventure,Secret Lair Drop,Other,SLD,2024-08-28,120.73,"Goldspan Dragon, Ponder, Monster Manual // Zoological Study, Faithless Looting, Acererak the Archlich"
Dungeons & Dragons: An Exhibition of Adventure Foil Edition,Secret Lair Drop,Other,SLD,2024-08-28,120.73,"Goldspan Dragon, Ponder, Monster Manual // Zoological Study, Faithless Looting, Acererak the Archlich"
Dungeons & Dragons: Astarion's Thirst,Secret Lair Drop,Other,SLD,2024-08-28,156.23,"Exquisite Blood, Astarion, the Decadent, Sanguine Bond, Anguished Unmaking, Mortify"
Dungeons & Dragons: Astarion's Thirst Foil Edition,Secret Lair Drop,Other,SLD,2024-08-28,156.23,"Exquisite Blood, Astarion, the Decadent, Sanguine Bond, Anguished Unmaking, Mortify"
Dungeons & Dragons: Black Lights & Dark Dungeons,Secret Lair Drop,Other,SLD,2026-03-02,104.28,"Displacer Kitten, Tortured Existence, Seasoned Dungeoneer, Sefris of the Hidden Ways"
Dungeons & Dragons: Black Lights & Dark Dungeons Foil Edition,Secret Lair Drop,Other,SLD,2026-03-02,104.28,"Displacer Kitten, Tortured Existence, Seasoned Dungeoneer, Sefris of the Hidden Ways"
Dungeons & Dragons: Death is in the Eyes of the Beholder I,Secret Lair Drop,Other,SLD,2024-08-28,43.03,"Stifle, Bribery, Xanathar, Guild Kingpin, Blood Money, Delay"
Dungeons & Dragons: Death is in the Eyes of the Beholder I Foil Edition,Secret Lair Drop,Other,SLD,2024-08-28,43.03,"Stifle, Bribery, Xanathar, Guild Kingpin, Blood Money, Delay"
Dungeons & Dragons: Death is in the Eyes of the Beholder II,Secret Lair Drop,Other,SLD,2024-08-28,56.59,"Karazikar, the Eye Tyrant, Snuff Out, Oubliette, Fire Covenant, Defile"
Dungeons & Dragons: Death is in the Eyes of the Beholder II Foil Edition,Secret Lair Drop,Other,SLD,2024-08-28,56.59,"Karazikar, the Eye Tyrant, Snuff Out, Oubliette, Fire Covenant, Defile"
Dungeons & Dragons: Gale's Ambition,Secret Lair Drop,Other,SLD,2026-03-02,34.22,"Arcane Denial, Personal Tutor, Brainstorm, Archmage's Charm, Gale, Waterdeep Prodigy"
Dungeons & Dragons: Gale's Ambition Foil Edition,Secret Lair Drop,Other,SLD,2026-03-02,34.22,"Arcane Denial, Personal Tutor, Brainstorm, Archmage's Charm, Gale, Waterdeep Prodigy"
Dungeons & Dragons: Honor Among Thieves,Secret Lair Drop,Other,SLD,2023-03-31,91.98,"Bohn, Beguiling Balladeer, Casal, Lurkwood Pathfinder // Casal, Pathbreaker Owlbear, Rashel, Fist of Torm, Evin, Waterdeep Opportunist, Mathise, Surge Channeler"
Dungeons & Dragons: Honor Among Thieves Foil Edition,Secret Lair Drop,Other,SLD,2023-03-31,91.98,"Bohn, Beguiling Balladeer, Casal, Lurkwood Pathfinder // Casal, Pathbreaker Owlbear, Rashel, Fist of Torm, Evin, Waterdeep Opportunist, Mathise, Surge Channeler"
Dungeons & Dragons: Karlach's Rage,Secret Lair Drop,Other,SLD,2024-08-28,120.57,"Karlach, Fury of Avernus, Dolmen Gate, City on Fire, Stranglehold, Thrill of Possibility"
Dungeons & Dragons: Karlach's Rage Foil Edition,Secret Lair Drop,Other,SLD,2024-08-28,120.57,"Karlach, Fury of Avernus, Dolmen Gate, City on Fire, Stranglehold, Thrill of Possibility"
Dungeons & Dragons: Lands of the Forgotten Realms,Secret Lair Drop,Other,SLD,2026-03-02,33.18,"Swamp, Island, Forest, Mountain, Plains"
Dungeons & Dragons: Lands of the Forgotten Realms Foil Edition,Secret Lair Drop,Other,SLD,2026-03-02,33.18,"Swamp, Island, Forest, Mountain, Plains"
Dungeons & Dragons: Shadowheart's Devotion,Secret Lair Drop,Other,SLD,2026-03-02,75.71,"Ancient Bronze Dragon, Shadowheart, Dark Justiciar, Beseech the Queen, Victimize, Black Market"
Dungeons & Dragons: Shadowheart's Devotion Foil Edition,Secret Lair Drop,Other,SLD,2026-03-02,75.71,"Ancient Bronze Dragon, Shadowheart, Dark Justiciar, Beseech the Queen, Victimize, Black Market"
Dungeons & Dragons: Shadows Over Baldur's Gate,Secret Lair Drop,Other,SLD,2026-03-02,55.51,"Grim Hireling, Xorn, Prosper, Tome-Bound, Wild-Magic Sorcerer"
Dungeons & Dragons: Shadows Over Baldur's Gate Foil Edition,Secret Lair Drop,Other,SLD,2026-03-02,55.51,"Grim Hireling, Xorn, Prosper, Tome-Bound, Wild-Magic Sorcerer"
Dungeons & Dragons: Strahd's Descent,Secret Lair Drop,Other,SLD,2026-03-02,55.97,"Bloodletter of Aclazotz, Strefan, Maurer Progenitor, End the Festivities, Voldaren Estate"
Dungeons & Dragons: Strahd's Descent Foil Edition,Secret Lair Drop,Other,SLD,2026-03-02,55.97,"Bloodletter of Aclazotz, Strefan, Maurer Progenitor, End the Festivities, Voldaren Estate"
Dungeons & Dragons: Whispers in Candlekeep,Secret Lair Drop,Other,SLD,2026-03-02,81.6,"Miirym, Sentinel Wyrm, Klauth, Unrivaled Ancient, Counterspell, Dragonborn Champion"
Dungeons & Dragons: Whispers in Candlekeep Foil Edition,Secret Lair Drop,Other,SLD,2026-03-02,81.6,"Miirym, Sentinel Wyrm, Klauth, Unrivaled Ancient, Counterspell, Dragonborn Champion"
Duskmourn: House of Horror Bundle Land Pack,Bundle Land Pack,Other,DSK,2024-09-27,2.32,"Swamp, Swamp, Mountain, Mountain, Forest"
Duskmourn: House of Horror Redemption,MTGO Redemption,Other,DSK,2024-10-16,329.46,"Overlord of the Balemurk, Valgavoth, Terror Eater, Enduring Vitality, Abhorrent Oculus, Tyvar, the Pummeler"
Dwarf Fortress: Create New World,Secret Lair Drop,Other,SLD,2026-05-12,31.14,"Terror of the Peaks, Rogue's Passage, Communal Brewing, Rune-Scarred Demon, Secret Rendezvous"
Dwarf Fortress: Create New World Foil Edition,Secret Lair Drop,Other,SLD,2026-05-12,31.14,"Terror of the Peaks, Rogue's Passage, Communal Brewing, Rune-Scarred Demon, Secret Rendezvous"
EVERYTHING IS ON FIRE,Secret Lair Drop,Other,SLD,2025-05-13,55.1,"Dragon's Rage Channeler, Lava Spike, Chain Lightning, Skewer the Critics, Rift Bolt"
EVERYTHING IS ON FIRE Foil Edition,Secret Lair Drop,Other,SLD,2025-05-13,55.1,"Dragon's Rage Channeler, Lava Spike, Chain Lightning, Skewer the Critics, Rift Bolt"
EVERYTHING IS ON FIRE Raised Foil Edition,Secret Lair Drop,Other,SLD,2025-05-13,71.5,"Dragon's Rage Channeler, Chain Lightning, Rift Bolt, Lava Spike, Skewer the Critics"
Ears of the Elves,Theme Deck,Other,PS11,2011-01-01,0.0,"Forest, Forest, Forest, Forest, Swamp"
Earth Kingdom (1),Jumpstart,Other,TLE,2025-11-20,6.13,"Descendants' Path, Match the Odds, Forest, Toph, the Blind Bandit, Mechanical Glider"
Earth Kingdom (2),Jumpstart,Other,TLE,2025-11-20,7.04,"Descendants' Path, Origin of Metalbending, Great Divide Guide, Forest, Toph, the Blind Bandit"
Earth Rumble (1),Jumpstart,Other,TLE,2025-11-20,2.37,"Master's Guidance, Forest, Toph, the Blind Bandit, The Boulder, Ready to Rumble, Thriving Grove"
Earth Rumble (2),Jumpstart,Other,TLE,2025-11-20,13.3,"Bosco, Just a Bear, The Earth King, Master's Guidance, Frog-Squirrels, Origin of Metalbending"
Earth Shakers,Starter Kit,Other,SNC,2022-06-03,2.31,"Glorious Sunrise, Topiary Stomper, Thundering Raiju, Abrade, Ascendant Packleader"
Earthbending (1),Jumpstart,Other,TLE,2025-11-20,7.93,"Inspiring Call, Earthbender Ascension, Explore, Forest, Toph, the Blind Bandit"
Earthbending (2),Jumpstart,Other,TLE,2025-11-20,15.2,"Solid Ground, Tale of Katara and Toph, Frog-Squirrels, Explore, Forest"
Edge of Eternities Bundle Land Pack,Bundle Land Pack,Other,EOE,2025-08-01,19.64,"Swamp, Swamp, Mountain, Mountain, Island"
Edge of Eternities Redemption,MTGO Redemption,Other,EOE,2025-08-27,331.25,"Quantum Riddler, Ouroboroid, Tezzeret, Cruel Captain, Icetill Explorer, Evendo, Waking Haven"
Eerie,Theme Deck,Other,SOS,2026-04-24,11.47,"Enduring Innocence, Sheltered by Ghosts, Silent Hallcreeper, Valgavoth's Lair, Ethereal Armor"
Eighth Edition Foil Redemption,MTGO Redemption,Other,8ED,2003-08-27,2363.64,"Grave Pact, Birds of Paradise, City of Brass, Intruder Alarm, Curiosity"
Eighth Edition Redemption,MTGO Redemption,Other,8ED,2003-08-27,2363.64,"Grave Pact, Birds of Paradise, City of Brass, Intruder Alarm, Curiosity"
Eldraine Wonderland,Secret Lair Drop,Other,SLD,2019-12-04,31.95,"Snow-Covered Plains, Snow-Covered Forest, Snow-Covered Island, Snow-Covered Swamp, Snow-Covered Mountain"
Eldrazi,Jumpstart,Other,J22,2022-12-02,3.08,"Wastes, World Breaker, Planar Atlas, Endbringer, Blisterpod"
Eldrazi Arisen,Intro Pack,Other,ROE,2010-04-23,55.32,"Awakening Zone, Hand of Emrakul, Growth Spasm, Ulamog's Crusher, Pathrazer of Ulamog"
Eldrazi Assault,Intro Pack,Other,BFZ,2015-10-02,2.37,"Nettle Drone, Forerunner of Slaughter, Vile Aggregate, Evolving Wilds, Touch of the Void"
Eldritch Moon Foil Redemption,MTGO Redemption,Other,EMN,2016-08-21,287.49,"Emrakul, the Promised End, Gisela, the Broken Blade // Brisela, Voice of Nightmares, Sigarda's Aid, Geier Reach Sanitarium, Tree of Perdition"
Eldritch Moon Redemption,MTGO Redemption,Other,EMN,2016-08-21,287.49,"Emrakul, the Promised End, Gisela, the Broken Blade // Brisela, Voice of Nightmares, Sigarda's Aid, Geier Reach Sanitarium, Tree of Perdition"
Eldritch Onslaught,Intro Pack,Other,ISD,2011-09-30,24.44,"Ghoulcaller's Bell, Mountain, Island, Think Twice, Island"
Elemental Thunder,Planechase Deck,Other,HOP,2009-09-04,25.78,"Flamekin Harbinger, Relentless Assault, Mage Slayer, Taurean Mauler, Forest"
Elementalist,Shandalar Enemy Deck,Other,PAST,1997-04-01,358.71,"Mountain, Mana Vault, Energy Flux, Unstable Mutation, Drain Power"
Elementals' Path,Theme Deck,Other,LRW,2007-10-12,239.63,"Springleaf Drum, Horde of Notions, Flamekin Harbinger, Swamp, Island"
Elspeth,Duel Deck,Other,DDO,2015-02-27,14.26,"Mother of Runes, Elspeth, Sun's Champion, Kor Skyfisher, Plains, Dictate of Heliod"
Elven 1,Jumpstart,Other,LTR,2023-11-03,7.04,"Entish Restoration, Lembas, Mirkwood Channeler, Shower of Arrows, Forest"
Elven 2,Jumpstart,Other,LTR,2023-11-03,1.19,"Mirkwood Channeler, Mirkwood Spider, Revive the Shire, Bombadil's Song, Forest"
Elves,Theme Deck,Other,PSAL,2005-08-01,0.0,"Forest, Forest, Forest, Forest, Forest"
Elves (1),Jumpstart,Other,J25,2024-11-07,21.59,"Dionus, Elvish Archdruid, Leaf-Crowned Visionary, Llanowar Elves, Bounty of Skemfar, Thornweald Archer"
Elves (2),Jumpstart,Other,JMP,2020-07-17,49.85,"Allosaurus Shepherd, Llanowar Visionary, Presence of Gond, Thriving Grove, Forest"
Elves (3),Jumpstart,Other,J25,2024-11-07,23.56,"Dionus, Elvish Archdruid, Marwyn, the Nurturer, Llanowar Elves, Bounty of Skemfar, Thornweald Archer"
Elves (4),Jumpstart,Other,J25,2024-11-07,21.48,"Dionus, Elvish Archdruid, Tyvar Kell, Llanowar Elves, Ivy Lane Denizen, Voice of the Woods"
Elves 1,Jumpstart,Other,J22,2022-12-02,4.46,"Elvish Warmaster, Primeval Herald, Reclamation Sage, Ivy Lane Denizen, Elvish Rejuvenator"
Elves 2,Jumpstart,Other,J22,2022-12-02,0.0,"Primeval Herald, Imperious Perfect, Ivy Lane Denizen, Elvish Rejuvenator, Thriving Grove"
Elves 3,Jumpstart,Other,J22,2022-12-02,15.84,"Wolverine Riders, Lys Alana Huntmaster, Instruments of War, Woodland Champion, Ivy Lane Denizen"
Elves 4,Jumpstart,Other,J22,2022-12-02,0.0,"Presence of Gond, Wildborn Preserver, Woodland Champion, Ivy Lane Denizen, Elvish Rejuvenator"
Elves!,Deck Builder's Toolkit,Other,ROE,2010-05-21,5.73,"Llanowar Elves, Greenweaver Druid, Overrun, Nissa's Chosen, Ogre's Cleaver"
Elvish Magi,Shandalar Enemy Deck,Other,PAST,1997-04-01,45.23,"Winter Blast, Elven Riders, Untamed Wilds, Jayemdae Tome, Elvish Archers"
Elvish Predation,Theme Deck,Other,LRW,2007-10-12,220.15,"Elvish Promenade, Prowess of the Fair, Nath of the Gilt-Leaf, Elvish Harbinger, Swamp"
Elvish Rage,Theme Deck,Other,LGN,2003-02-03,247.86,"Wirewood Channeler, Wellwisher, Timberwatch Elf, Tribal Forcemage, Birchlore Rangers"
Enchanted (1),Jumpstart,Other,JMP,2020-07-17,4.42,"Kor Spiritdancer, Thriving Heath, Anointed Chorister, Face of Divinity, Plains"
Enchanted (2),Jumpstart,Other,J25,2024-11-07,0.0,"Eidolon of Astral Winds, Cartouche of Solidarity, Psemilla, Meletian Poet, Nyx-Fleece Ram, Sunblade Samurai"
Enchanted (3),Jumpstart,Other,J25,2024-11-07,0.0,"Nykthos Paragon, Starfield Mystic, Psemilla, Meletian Poet, Divine Favor, Nyx-Fleece Ram"
Enchanted (4),Jumpstart,Other,J25,2024-11-07,0.0,"Archon of Sun's Grace, Angelic Gift, Psemilla, Meletian Poet, Spirited Companion, Sunblade Samurai"
Enchanter,Theme Deck,Other,UDS,1999-06-07,420.15,"Mother of Runes, Sigil of Sleep, Miscalculation, Rayne, Academy Chancellor, Mask of Law and Grace"
Enchanter - Enhanced Deck,Enhanced Deck,Other,UDS,1999-06-07,362.08,"Mother of Runes, Time Spiral, Miscalculation, Rayne, Academy Chancellor, Ertai, Wizard Adept"
Enchantress,Shandalar Enemy Deck,Other,PAST,1997-04-01,101.05,"Desert Twister, Ivory Tower, Coral Helm, Library of Leng, Verduran Enchantress"
Encounter (1),Jumpstart,Other,J25,2024-11-07,0.0,"Forgotten Ancient, Duskshell Crawler, Jiang Yanggu, Wildcrafter, Servant of the Scale, Spined Tyrranax"
Encounter (2),Jumpstart,Other,J25,2024-11-07,0.0,"Duskshell Crawler, Jiang Yanggu, Wildcrafter, Invigorating Surge, Stony Strength, Oran-Rief Ooze"
Encounter (3),Jumpstart,Other,J25,2024-11-07,0.0,"Duskshell Crawler, Jiang Yanggu, Wildcrafter, Servant of the Scale, Rishkar, Peema Renegade, Spined Tyrranax"
Encounter (4),Jumpstart,Other,J25,2024-11-07,0.0,"Primeval Bounty, Jiang Yanggu, Wildcrafter, Pridemalkin, Gnarlid Colony, Quirion Beastcaller"
Endless Hordes,Game Night Deck,Other,GN2,2019-11-15,24.15,"Vilis, Broker of Blood, Dread Presence, Blood for Bones, Calculating Lich, Liliana's Mastery"
Endless March,Theme Deck,Other,PLC,2007-02-02,92.52,"Children of Korlis, Dawn Charm, Dust Elemental, Dead // Gone, Timecrafting"
Enemy Deck,Enemy Deck,Other,TMT,2026-03-06,0.0,
Enlightened Mastery,Intro Pack,Other,DTK,2015-03-27,5.26,"Plains, Island, Island, Island, Myth Realized"
Entangling Webs,Intro Pack,Other,M12,2011-07-15,18.16,"Hunter's Insight, Rampant Growth, Fling, Llanowar Elves, Mountain"
Eons of Evil,Theme Deck,Other,PS11,2011-01-01,0.0,"Terramorphic Expanse, Terror, Acolyte of Xathrid, Deathbringer Thoctar, Garza Zol, Plague Queen"
Equipped,Jumpstart,Other,MSH,2026-06-26,9.03,"Captain America, Liberator, Captain America's Shield, Bucky Barnes, Eager Ally, Origin of Captain America, Infinity Formula"
"Eric Tam, Quarterfinalist",Pro Tour Deck,Other,PTC,1996-05-01,122.92,"City of Brass, Land Tax, Lightning Bolt, Birds of Paradise, Mishra's Factory"
Eruption,Theme Deck,Other,NEM,2000-02-14,295.72,"Thunderclap, Seal of Cleansing, Seal of Fire, Volcanic Wind, Disenchant"
Eruption - Enhanced Deck,Enhanced Deck,Other,NEM,2000-02-14,204.37,"Seal of Cleansing, Seal of Fire, Ring of Gix, Armageddon, Reckless Abandon"
Esper Air Assault,Intro Pack,Other,CON,2009-02-06,33.4,"Terramorphic Expanse, Island, Swamp, Arcane Sanctum, Inkwell Leviathan"
Esper Artifice,Intro Pack,Other,ALA,2008-10-03,47.3,"Sharding Sphinx, Etherium Sculptor, Filigree Sages, Island, Swamp"
Eternal Siege,Intro Pack,Other,ARB,2009-04-30,47.79,"Plains, Terramorphic Expanse, Path to Exile, Knight of New Alara, Forest"
Eternal Thirst,Arena Starter Deck,Other,M19,2018-09-27,51.9,"Resplendent Angel, Ajani's Welcome, Leonin Warleader, Legion Lieutenant, Sanctum Seeker"
Eventide Foil Redemption,MTGO Redemption,Other,EVE,2008-08-24,1768.03,"Bloom Tender, Ward of Bones, Ashling, the Extinguisher, Waves of Aggression, Crumbling Ashes"
Eventide Redemption,MTGO Redemption,Other,EVE,2008-08-24,1768.03,"Bloom Tender, Ward of Bones, Ashling, the Extinguisher, Waves of Aggression, Crumbling Ashes"
Every Dog Has Its Day,Secret Lair Drop,Other,SLD,2020-08-26,62.43,"Lightning Greaves, Rest in Peace, Ancient Grudge, Dig Through Time"
Every Dog Has Its Day Foil Edition,Secret Lair Drop,Other,SLD,2020-08-26,62.43,"Lightning Greaves, Rest in Peace, Ancient Grudge, Dig Through Time"
Evincar's Tyranny,Theme Deck,Other,10E,2007-07-13,31.82,"Ascendant Evincar, Mortivore, Diabolic Tutor, Swamp, Terror"
Exalted,Deck Builder's Toolkit,Other,M13,2012-07-13,6.04,"Knight of Glory, Duty-Bound Dead, Knight of Infamy, Aven Squire, Duskmantle Prowler"
Exiler,MTGO Theme Deck,Other,TD0,2010-11-08,0.0,"Stoneforge Mystic, Jötun Grunt, Mangara of Corondor, Serra Avenger, Ethersworn Canonist"
Expendable 1,Jumpstart,Other,MOM,2023-04-20,1.12,"Terror of Towashi, Swamp, Scorn-Blade Berserker, Seer of Stolen Sight, Injector Crocodile"
Expendable 2,Jumpstart,Other,MOM,2023-04-20,2.89,"Corrupted Conviction, Terror of Towashi, Swamp, Scorn-Blade Berserker, Seer of Stolen Sight"
Experimental 1,Jumpstart,Other,J22,2022-12-02,3.19,"Mizzix, Replica Rider, Ignite the Future, Young Pyromancer, Thriving Bluff, Thermo-Alchemist"
Experimental 2,Jumpstart,Other,J22,2022-12-02,3.19,"Mizzix, Replica Rider, Thriving Bluff, Thermo-Alchemist, Spark of Creativity, Mountain"
Explorers (1),Jumpstart,Other,J25,2024-11-07,2.01,"Tireless Provisioner, Braulios of Pheres Band, Explore, Realm Seekers, Go Forth"
Explorers (2),Jumpstart,Other,J25,2024-11-07,0.0,"Primeval Herald, Tireless Tracker, Braulios of Pheres Band, Explore, Ulvenwald Mysteries"
Explorers (3),Jumpstart,Other,J25,2024-11-07,0.0,"Somberwald Beastmaster, Braulios of Pheres Band, Explore, Ulvenwald Mysteries, Woodland Champion"
Explorers (4),Jumpstart,Other,J25,2024-11-07,0.0,"Primeval Herald, Braulios of Pheres Band, Explore, Jadelight Ranger, Go Forth"
Expulsion,Theme Deck,Other,8ED,2003-07-28,25.25,"Megrim, Larceny, Swamp, Swamp, Swamp"
Extra Life 2020,Secret Lair Drop,Other,SLD,2020-11-06,132.53,"Amulet of Vigor, Teferi's Protection, Consecrated Sphinx, Collected Company"
Extra Life 2021,Secret Lair Drop,Other,SLD,2022-01-28,61.06,"Craterhoof Behemoth, Craterhoof Behemoth, Metalwork Colossus, Metalwork Colossus, Mulldrifter"
Extra Life 2021 Foil Edition,Secret Lair Drop,Other,SLD,2022-01-28,61.06,"Craterhoof Behemoth, Craterhoof Behemoth, Metalwork Colossus, Metalwork Colossus, Mulldrifter"
Extra Life 2022,Secret Lair Drop,Other,SLD,2022-11-04,146.72,"Sliver Legion, Sliver Legion, Birds of Paradise, Birds of Paradise, Lathliss, Dragon Queen"
Extra Life 2022 Foil Edition,Secret Lair Drop,Other,SLD,2022-11-04,146.72,"Sliver Legion, Sliver Legion, Birds of Paradise, Birds of Paradise, Lathliss, Dragon Queen"
Eyes of Shadow,Theme Deck,Other,PS11,2011-01-01,0.0,"Swamp, Swamp, Swamp, Swamp, Mortivore"
FINAL FANTASY: Game Over,Secret Lair Drop,Other,SLD,2025-06-10,77.91,"Toxic Deluge, Temporal Extortion, Praetor's Grasp, Star of Extinction, Day of Judgment"
FINAL FANTASY: Game Over Foil Edition,Secret Lair Drop,Other,SLD,2025-06-10,77.91,"Toxic Deluge, Temporal Extortion, Praetor's Grasp, Star of Extinction, Day of Judgment"
FINAL FANTASY: Grimoire,Secret Lair Drop,Other,SLD,2025-06-10,70.59,"Cyclonic Rift, Heroic Intervention, Lightning Bolt, Damn, Prismatic Ending"
FINAL FANTASY: Grimoire Foil Edition,Secret Lair Drop,Other,SLD,2025-06-10,70.59,"Cyclonic Rift, Heroic Intervention, Lightning Bolt, Damn, Prismatic Ending"
FINAL FANTASY: Weapons,Secret Lair Drop,Other,SLD,2025-06-10,81.55,"Sword of Truth and Justice, Umezawa's Jitte, Colossus Hammer, Blade of Selves, Staff of the Storyteller"
FINAL FANTASY: Weapons Foil Edition,Secret Lair Drop,Other,SLD,2025-06-10,81.55,"Sword of Truth and Justice, Umezawa's Jitte, Colossus Hammer, Blade of Selves, Staff of the Storyteller"
FORTNITE,Secret Lair Drop,Other,SLD,2022-09-02,126.56,"Triumph of the Hordes, Grim Tutor, Etherium Sculptor, Smuggler's Copter, Planar Bridge"
FORTNITE Foil Edition,Secret Lair Drop,Other,SLD,2022-09-02,126.56,"Triumph of the Hordes, Grim Tutor, Etherium Sculptor, Smuggler's Copter, Planar Bridge"
FORTNITE: Landmarks and Locations,Secret Lair Drop,Other,SLD,2022-09-02,48.29,"Island, Forest, Mountain, Swamp, Plains"
FORTNITE: Landmarks and Locations Foil Edition,Secret Lair Drop,Other,SLD,2022-09-02,48.29,"Island, Forest, Mountain, Swamp, Plains"
Face the Hydra,Challenge Deck,Other,TFTH,2013-10-19,21.5,"Savage Vigor Head, Shrieking Titan Head, Snapping Fang Head, Noxious Hydra Breath, Ravenous Brute Head"
Faerie Pranks,Arena Starter Deck,Other,OTJ,2024-07-08,88.99,"Roaming Throne, Undercity Sewers, Talion, the Kindly Lord, Three Steps Ahead, Faerie Slumber Party"
"Faerie, Faerie, Faerie Rad",Secret Lair Drop,Other,SLD,2021-04-13,122.96,"Glen Elendra Archmage, Spellstutter Sprite, Vendilion Clique, Mistbind Clique"
Faeries 1,Jumpstart,Other,J22,2022-12-02,13.14,"Spellstutter Sprite, Vendilion Clique, Wavebreak Hippocamp, Instruments of War, Glen Elendra Pranksters"
Faeries 2,Jumpstart,Other,J22,2022-12-02,8.8,"Spellstutter Sprite, Faerie Seer, Instruments of War, Stolen by the Fae, Glen Elendra Pranksters"
Fallout: Beyond Vault 33,Secret Lair Drop,Other,SLD,2026-02-16,28.48,"The Ghoul, Gunslinger, Lucy MacLean, Positively Armed, Pre-War Formalwear, Maximus, Knight Apparent, Spirit Mantle"
Fallout: Beyond Vault 33 Foil Edition,Secret Lair Drop,Other,SLD,2026-02-16,28.48,"The Ghoul, Gunslinger, Lucy MacLean, Positively Armed, Pre-War Formalwear, Maximus, Knight Apparent, Spirit Mantle"
Fallout: Greet the Dog,Secret Lair Drop,Other,SLD,2026-02-16,44.17,"Arcane Signet, Sol Ring, Yoshimaru, Ever Faithful, Patchwork Banner, Lightning Greaves"
Fallout: Greet the Dog Foil Edition,Secret Lair Drop,Other,SLD,2026-02-16,44.17,"Arcane Signet, Sol Ring, Yoshimaru, Ever Faithful, Patchwork Banner, Lightning Greaves"
Fallout: Points of Interest,Secret Lair Drop,Other,SLD,2024-04-15,82.79,"Reflecting Pool, Bojuka Bog, Reliquary Tower, Command Beacon, Fabled Passage"
Fallout: Points of Interest Foil Edition,Secret Lair Drop,Other,SLD,2024-04-15,104.93,"Bojuka Bog, Reliquary Tower, Reflecting Pool, Command Beacon, Fabled Passage"
Fallout: Rad,Secret Lair Drop,Other,SLD,2026-02-16,59.86,"Mesmeric Orb, Mindcrank, The Wise Mothman, Ripples of Potential, Mutational Advantage"
Fallout: Rad Foil Edition,Secret Lair Drop,Other,SLD,2026-02-16,59.86,"Mesmeric Orb, Mindcrank, The Wise Mothman, Ripples of Potential, Mutational Advantage"
Fallout: SPECIAL,Secret Lair Drop,Other,SLD,2024-04-15,61.61,"Idyllic Tutor, Steelshaper's Gift, Propaganda, Elixir of Immortality, Anger"
Fallout: SPECIAL Foil Edition,Secret Lair Drop,Other,SLD,2024-04-15,63.11,"Idyllic Tutor, Propaganda, Steelshaper's Gift, Anger, Elixir of Immortality"
Fallout: Vault Boy,Secret Lair Drop,Other,SLD,2024-04-15,77.32,"Trinisphere, Grand Arbiter Augustin IV, Sphere of Resistance, Winter Orb"
Fallout: Vault Boy Foil Edition,Secret Lair Drop,Other,SLD,2024-04-15,77.78,"Trinisphere, Grand Arbiter Augustin IV, Winter Orb, Sphere of Resistance"
Fallout: Welcome to New Vegas,Secret Lair Drop,Other,SLD,2026-02-16,46.02,"Nuka-Cola Vending Machine, Isshin, Two Heavens as One, Caged Sun, Tinybones, Trinket Thief, The Deck of Many Things"
Fallout: Welcome to New Vegas Foil Edition,Secret Lair Drop,Other,SLD,2026-02-16,46.02,"Nuka-Cola Vending Machine, Isshin, Two Heavens as One, Caged Sun, Tinybones, Trinket Thief, The Deck of Many Things"
Fangs 1,Jumpstart,Other,J22,2022-12-02,9.5,"Creeping Bloodsucker, Rodolf Duskbringer, Oathsworn Vampire, Epicure of Blood, Falkenrath Noble"
Fangs 2,Jumpstart,Other,J22,2022-12-02,9.5,"Creeping Bloodsucker, Rodolf Duskbringer, Oathsworn Vampire, Vampiric Rites, Falkenrath Noble"
Fangs 3,Jumpstart,Other,J22,2022-12-02,8.88,"Creeping Bloodsucker, Blood Artist, Oathsworn Vampire, Ancient Craving, Tivash, Gloom Summoner"
Fangs 4,Jumpstart,Other,J22,2022-12-02,21.09,"Vito, Thorn of the Dusk Rose, Creeping Bloodsucker, Blood Artist, Oathsworn Vampire, Vampire Envoy"
Fangs of the Bloodchief,Intro Pack,Other,WWK,2010-02-05,51.24,"Anowon, the Ruin Sage, Diabolic Tutor, Butcher of Malakir, Vampire Nighthawk, Urge to Feed"
Fangs of the Predator,Theme Deck,Other,PS11,2011-01-01,0.0,"Forest, Forest, Forest, Forest, Molimo, Maro-Sorcerer"
Fantastic,Jumpstart,Other,MSH,2026-06-26,31.29,"The Fantastic Four, Daily Bugle Newspaper, Farseek, H.E.R.B.I.E. Scout Unit, Island"
"Far Out, Man",Secret Lair Drop,Other,SLD,2022-05-06,80.3,"Mystical Tutor, Counterspell, Fabricate, Fact or Fiction, Aether Gust"
"Far Out, Man Foil Edition",Secret Lair Drop,Other,SLD,2022-05-06,80.3,"Mystical Tutor, Counterspell, Fabricate, Fact or Fiction, Aether Gust"
Fate,Clash Pack,Other,M15,2014-07-18,35.88,"Aetherspouts, Kiora's Follower, Prophet of Kruphix, Curse of the Swine, Hypnotic Siren"
Fate Blaster,Theme Deck,Other,FUT,2007-05-04,226.67,"Dandân, Vedalken Aethermage, Mystic Speculation, Frozen Aether, Magus of the Future"
Fate Reforged Fat Pack Land Pack,Bundle Land Pack,Other,FRF,2015-01-23,2.79,"Forest, Island, Island, Plains, Forest"
Fate Reforged Foil Redemption,MTGO Redemption,Other,FRF,2015-02-22,178.0,"Ugin, the Spirit Dragon, Ojutai, Soul of Winter, Temporal Trespass, Dark Deal, Merciless Executioner"
Fate Reforged Redemption,MTGO Redemption,Other,FRF,2015-02-22,203.11,"Ugin, the Spirit Dragon, Ojutai, Soul of Winter, Temporal Trespass, Dark Deal, Merciless Executioner"
Fate and Fury,Clash Pack,Other,M15,2014-07-18,204.4,"Nykthos, Shrine to Nyx, Aetherspouts, Kiora's Follower, Prophet of Kruphix, Elvish Mystic"
Fates Foreseen,Intro Pack,Other,JOU,2014-05-02,1.04,"Island, Island, Island, Spite of Mogis, Cyclops of Eternal Fury"
Favors From Nyx,Intro Pack,Other,THS,2013-09-27,17.12,"Gift of Immortality, Plains, Swamp, Doom Blade, Swamp"
"Fblthp: Completely, Utterly, Totally Lost",Secret Lair Drop,Other,SLD,2022-05-06,63.38,"Frantic Search, Path to Exile, Intruder Alarm, Well of Lost Dreams, Shelldock Isle"
"Fblthp: Completely, Utterly, Totally Lost Foil Edition",Secret Lair Drop,Other,SLD,2022-05-06,63.38,"Frantic Search, Path to Exile, Intruder Alarm, Well of Lost Dreams, Shelldock Isle"
Fearless,Jumpstart,Other,MSH,2026-06-26,12.9,"Daredevil, Fearless Fighter, Elektra, Femme Fatale, Daredevil's Billy Club, Fogwell's Gym, Stick, Fearless Mentor"
Feast of Flesh,Intro Pack,Other,NPH,2011-05-13,99.66,"Whipflare, Mountain, Swamp, Swamp, Go for the Throat"
Feathered Friends (1),Jumpstart,Other,JMP,2020-07-17,1.88,"Thriving Heath, Steel-Plume Marshal, Plains, Warded Battlements, Healer's Hawk"
Feathered Friends (2),Jumpstart,Other,JMP,2020-07-17,1.88,"Thriving Heath, Angelic Ascension, Steel-Plume Marshal, Plains, Warded Battlements"
Feathered Friends (3),Jumpstart,Other,JMP,2020-07-17,4.15,"Angel of the Dire Hour, Thriving Heath, Plains, Warded Battlements, Healer's Hawk"
Feathered Friends (4),Jumpstart,Other,JMP,2020-07-17,1.88,"Thriving Heath, Plains, Warded Battlements, Healer's Hawk, Aegis of the Heavens"
Featuring: Andrew MacLean,Secret Lair Drop,Other,SLD,2024-07-30,69.99,"Arbor Elf, Maelstrom Wanderer, Nirkana Revenant, Terastodon"
Featuring: Andrew MacLean Foil Edition,Secret Lair Drop,Other,SLD,2024-07-30,69.99,"Arbor Elf, Maelstrom Wanderer, Nirkana Revenant, Terastodon"
Featuring: Deathburger,Secret Lair Drop,Other,SLD,2025-07-29,54.79,"Goblin Engineer, Arcbound Ravager, Foundry Inspector, Ethersworn Canonist, Dance of the Manse"
Featuring: Deathburger Galaxy Foil Edition,Secret Lair Drop,Other,SLD,2025-07-29,54.79,"Goblin Engineer, Arcbound Ravager, Foundry Inspector, Ethersworn Canonist, Dance of the Manse"
Featuring: Gary Baseman,Secret Lair Drop,Other,SLD,2023-09-15,63.86,"Forest, Swamp, Island, Mountain, Plains"
Featuring: Gary Baseman Foil Edition,Secret Lair Drop,Other,SLD,2023-09-15,63.86,"Forest, Swamp, Island, Mountain, Plains"
Featuring: Gene Luen Yang,Secret Lair Drop,Other,SLD,2026-09-01,86.88,"Dosan the Falling Leaf, Kibo, Uktabi Prince, Quest for Renewal, Kazuul, Tyrant of the Cliffs, Ilharg, the Raze-Boar"
Featuring: Gene Luen Yang Foil Edition,Secret Lair Drop,Other,SLD,2026-09-01,86.88,"Dosan the Falling Leaf, Kibo, Uktabi Prince, Quest for Renewal, Kazuul, Tyrant of the Cliffs, Ilharg, the Raze-Boar"
Featuring: Imiri Sakabashira,Secret Lair Drop,Other,SLD,2025-06-10,46.89,"Consecrated Sphinx, Scion of Draco, Mirage Mirror, Resculpt"
Featuring: Imiri Sakabashira Foil Edition,Secret Lair Drop,Other,SLD,2025-06-10,46.89,"Consecrated Sphinx, Scion of Draco, Mirage Mirror, Resculpt"
Featuring: Jay Howell,Secret Lair Drop,Other,SLD,2025-05-13,82.31,"Treasonous Ogre, Uncivil Unrest, Agent of Treachery, Priest of Forgotten Gods, Marchesa, the Black Rose"
Featuring: Jay Howell Foil Edition,Secret Lair Drop,Other,SLD,2025-05-13,82.31,"Treasonous Ogre, Uncivil Unrest, Agent of Treachery, Priest of Forgotten Gods, Marchesa, the Black Rose"
Featuring: Julie Bell,Secret Lair Drop,Other,SLD,2024-07-10,75.99,"Elves of Deep Shadow, Coat of Arms, Soul Warden, Good-Fortune Unicorn, Shivan Dragon"
Featuring: Julie Bell Foil Edition,Secret Lair Drop,Other,SLD,2024-07-10,75.99,"Elves of Deep Shadow, Coat of Arms, Soul Warden, Good-Fortune Unicorn, Shivan Dragon"
Featuring: Kevin Eastman (Colors),Secret Lair Drop,Other,SLD,2026-03-03,44.86,"Sakashima's Student, Guttersnipe, Throat Slitter, Loxodon Gatekeeper"
Featuring: Kevin Eastman (Colors) Foil Edition,Secret Lair Drop,Other,SLD,2026-03-03,44.86,"Sakashima's Student, Guttersnipe, Throat Slitter, Loxodon Gatekeeper"
Featuring: Kevin Eastman (Inks),Secret Lair Drop,Other,SLD,2026-03-03,30.51,"Sakashima's Student, Throat Slitter, Guttersnipe, Loxodon Gatekeeper"
Featuring: Kevin Eastman (Inks) Foil Edition,Secret Lair Drop,Other,SLD,2026-03-03,30.51,"Sakashima's Student, Throat Slitter, Guttersnipe, Loxodon Gatekeeper"
Featuring: Luke Pearson,Secret Lair Drop,Other,SLD,2025-02-11,76.37,"Realmwalker, Bear Umbra, Witch of the Moors, Solemn Simulacrum"
Featuring: Luke Pearson Foil Edition,Secret Lair Drop,Other,SLD,2025-02-11,76.37,"Realmwalker, Bear Umbra, Witch of the Moors, Solemn Simulacrum"
Featuring: Mitsuhiro Arita,Secret Lair Drop,Other,SLD,2025-02-11,54.39,"Shorikai, Genesis Engine, Murktide Regent, Light-Paws, Emperor's Voice, Lightning Bolt"
Featuring: Mitsuhiro Arita Foil Edition,Secret Lair Drop,Other,SLD,2025-02-11,54.39,"Shorikai, Genesis Engine, Murktide Regent, Light-Paws, Emperor's Voice, Lightning Bolt"
Featuring: Not a Wolf,Secret Lair Drop,Other,SLD,2024-07-10,72.22,"Beastmaster Ascension, Tovolar, Dire Overlord // Tovolar, the Midnight Scourge, Second Harvest, Avabruck Caretaker // Hollowhenge Huntmaster, Howl of the Night Pack"
Featuring: Not a Wolf Foil Edition,Secret Lair Drop,Other,SLD,2024-07-10,72.22,"Beastmaster Ascension, Tovolar, Dire Overlord // Tovolar, the Midnight Scourge, Second Harvest, Avabruck Caretaker // Hollowhenge Huntmaster, Howl of the Night Pack"
Featuring: Peach Momoko,Secret Lair Drop,Other,SLD,2024-10-01,138.36,"Aetherize, Time Sieve, Psychic Corrosion, Visions of Beyond, Drown in Dreams"
Featuring: Peach Momoko Foil Edition,Secret Lair Drop,Other,SLD,2024-10-01,138.36,"Aetherize, Time Sieve, Psychic Corrosion, Visions of Beyond, Drown in Dreams"
Featuring: Phoebe Wahl,Secret Lair Drop,Other,SLD,2024-04-15,65.79,"Door of Destinies, Alela, Artful Provocateur, Swords to Plowshares, Dockside Chef, Faerie Artisans"
Featuring: Phoebe Wahl Foil Edition,Secret Lair Drop,Other,SLD,2024-04-15,74.26,"Alela, Artful Provocateur, Door of Destinies, Swords to Plowshares, Faerie Artisans, Dockside Chef"
Featuring: Stan Sakai,Secret Lair Drop,Other,SLD,2026-03-03,70.2,"Baylen, the Haymaker, Master of Ceremonies, Sunforger, Second Harvest, Felidar Retreat"
Featuring: Stan Sakai Foil Edition,Secret Lair Drop,Other,SLD,2026-03-03,70.2,"Baylen, the Haymaker, Master of Ceremonies, Sunforger, Second Harvest, Felidar Retreat"
Featuring: the Mountain Goats,Secret Lair Drop,Other,SLD,2023-08-29,47.8,"Mountain, Mountain, Mountain, Mountain, Mountain"
Featuring: the Mountain Goats Foil Edition,Secret Lair Drop,Other,SLD,2023-08-29,47.8,"Mountain, Mountain, Mountain, Mountain, Mountain"
Felix the Cat: Magic Bag of Tricks,Secret Lair Drop,Other,SLD,2026-06-16,35.64,"Barrowgoyf, Time Stretch, Mind's Eye, Throes of Chaos, Future Sight"
Felix the Cat: Magic Bag of Tricks Foil Edition,Secret Lair Drop,Other,SLD,2026-06-16,35.64,"Barrowgoyf, Time Stretch, Mind's Eye, Throes of Chaos, Future Sight"
Ferocious 1,Jumpstart,Other,J22,2022-12-02,6.91,"Rhonas the Indomitable, Colossal Majesty, Ilysian Caryatid, Roar of Challenge, Rampaging Growth"
Ferocious 2,Jumpstart,Other,J22,2022-12-02,5.61,"Goreclaw, Terror of Qal Sisma, Colossal Majesty, Ilysian Caryatid, Roar of Challenge, Drowsing Tyrannodon"
Ferocious 3,Jumpstart,Other,J22,2022-12-02,6.33,"Prowling Serpopard, Colossal Majesty, Ilysian Caryatid, Roar of Challenge, Drowsing Tyrannodon"
Ferocious 4,Jumpstart,Other,J22,2022-12-02,1.28,"Colossal Majesty, Bonders' Enclave, Towering Gibbon, Ilysian Caryatid, Roar of Challenge"
Fiendish Nature,Theme Deck,Other,UDS,1999-06-07,308.71,"Pattern of Rebirth, Phyrexian Reclamation, Rancor, Gamekeeper, Yavimaya Elder"
Fiendish Nature - Enhanced Deck,Enhanced Deck,Other,UDS,1999-06-07,337.11,"Recurring Nightmare, Pattern of Rebirth, Rancor, Engineered Plague, Gamekeeper"
Fiery 1,Jumpstart,Other,J22,2022-12-02,0.0,"Chandra, Flame's Fury, Thrill of Possibility, Spiteful Prankster, Chandra's Spitfire, Thriving Bluff"
Fiery 2,Jumpstart,Other,J22,2022-12-02,2.99,"Banefire, Thrill of Possibility, Magmatic Channeler, Chandra's Spitfire, Thriving Bluff"
Fiery 3,Jumpstart,Other,J22,2022-12-02,0.0,"Thrill of Possibility, Chandra's Spitfire, Thriving Bluff, Thermo-Alchemist, Flame Lash"
Fiery 4,Jumpstart,Other,J22,2022-12-02,0.0,"Thrill of Possibility, Chandra's Spitfire, Thriving Bluff, Searing Spear, Ogre Battlecaster"
Fiery Dawn,Intro Pack,Other,AVR,2012-05-04,35.83,"Cathars' Crusade, Goldnight Commander, Plains, Plains, Plains"
Fiery Fury,MTGO Theme Deck,Other,WTH,2007-12-12,64.7,"Firestorm, Crystal Vein, Fireblast, Mountain, Mind Stone"
Fifth Dawn Foil Redemption,MTGO Redemption,Other,5DN,2004-07-04,2376.77,"Grinding Station, Mycosynth Golem, Beacon of Immortality, Eternal Witness, Clock of Omens"
Fifth Dawn Redemption,MTGO Redemption,Other,5DN,2004-07-04,2376.77,"Grinding Station, Mycosynth Golem, Beacon of Immortality, Eternal Witness, Clock of Omens"
Final Adventure,Challenger Deck,Other,Q04,2020-04-03,24.09,"Vraska, Golgari Queen, Knight of the Ebon Legion, Castle Locthwain, Fabled Passage, Midnight Reaper"
Final Fantasy Bundle Land Pack,Bundle Land Pack,Other,FIN,2025-06-13,2.76,"Wastes, Wastes, Swamp, Swamp, Forest"
Finally! Left-Handed Magic Cards,Secret Lair Drop,Other,SLD,2022-08-05,82.81,"Rograkh, Son of Rohgahh, Empress Galina, Sisay, Weatherlight Captain, Garruk, Caller of Beasts, Geralf's Messenger"
Finally! Left-Handed Magic Cards Foil Edition,Secret Lair Drop,Other,SLD,2022-08-05,82.81,"Rograkh, Son of Rohgahh, Empress Galina, Sisay, Weatherlight Captain, Garruk, Caller of Beasts, Geralf's Messenger"
Finkel,Theme Deck,Other,DKM,2001-12-01,220.86,"Necropotence, Sulfurous Springs, Incinerate, Underground River, Dark Ritual"
Fire Nation,Jumpstart,Other,TLE,2025-11-20,16.3,"Longshot, Rebel Bowman, Storm of Memories, Zuko, Seeking Honor, Fists of Flame, Firebending Student"
Fire Surge,Intro Pack,Other,M14,2013-07-19,0.0,"Mountain, Island, Goblin Shortcutter, Island, Mountain"
Fire and Lightning,Premium Deck,Other,PD2,2010-11-19,19.36,"Price of Progress, Reverberate, Chain Lightning, Lightning Bolt, Fireblast"
Firebending (1),Jumpstart,Other,TLE,2025-11-20,3.4,"Reckless Blaze, Firebender Ascension, Thriving Bluff, Firebending Lesson, Loyal Fire Sage"
Firebending (2),Jumpstart,Other,TLE,2025-11-20,2.32,"Reckless Blaze, Thriving Bluff, Firebending Lesson, Loyal Fire Sage, Combustion Technique"
Firebomber,Intro Pack,Other,M10,2009-07-17,41.59,"Earthquake, Lightning Bolt, Island, Mountain, Island"
Fireworks,Arena Starter Deck,Other,AFR,2021-09-24,13.15,"Riverglide Pathway // Lavaglide Pathway, Archmage Emeritus, Volatile Fjord, Demilich, Prismari Command"
Fixed Content,Deck Builder's Toolkit,Other,XLN,2017-09-29,24.74,"Sunscorched Desert, Gifted Aetherborn, Spell Pierce, Blossoming Defense, Island"
Flames Of The Dragon,Intro Pack,Other,M15,2014-07-18,8.61,"Darksteel Citadel, Ensoul Artifact, Rogue's Gloves, Ornithopter, Wall of Frost"
Flames of Rath - Advanced Deck,Advanced Deck,Other,TMP,1997-10-14,124.71,"Reflecting Pool, Undiscovered Paradise, Gemstone Mine, Jokulhaups, Furnace of Rath"
Flash of Ferocity,Challenger Deck,Other,Q04,2020-04-03,16.18,"Fabled Passage, Brazen Borrower // Petty Theft, Spectral Sailor, Wavebreak Hippocamp, Nightpack Ambusher"
Flight of the Witch King,Box Set,Other,LTC,2023-11-03,76.28,"Call Forth the Tempest, Nazgûl Battle-Mace, Minas Morgul, Dark Fortress, Witch-king, Sky Scourge, Fell Beast of Mordor"
Flower Power,Secret Lair Drop,Other,SLD,2025-10-20,83.61,"Forest, Swamp, Island, Mountain, Plains"
Flower Power Foil Edition,Secret Lair Drop,Other,SLD,2025-10-20,83.61,"Forest, Swamp, Island, Mountain, Plains"
Flyover,Intro Pack,Other,WWK,2010-02-05,20.09,"Everflowing Chalice, Kor Cartographer, Lightkeeper of Emeria, Marshal's Anthem, Stormfront Pegasus"
Forest Dragon,Shandalar Enemy Deck,Other,PAST,1997-04-01,66.64,"Desert Twister, Sandstorm, Untamed Wilds, Crumble, Cockatrice"
Forest's Might,Arena Starter Deck,Other,M19,2018-09-27,3.69,"Ghalta, Primal Hunger, Verdant Rebirth, Forest, Druid of the Cowl, Aggressive Mammoth"
Forest's Might 2,Arena Starter Deck,Other,ANB,2020-03-12,6.94,"Voracious Hydra, Gargos, Vicious Watcher, Season of Growth, Giant Growth, Aggressive Mammoth"
Forged in Battle,Intro Pack,Other,BNG,2014-02-07,6.5,"Searing Blood, Plains, Akroan Skyguard, Akroan Crusader, Elite Skirmisher"
Foundations Bundle Land Pack,Bundle Land Pack,Other,FDN,2024-11-15,3.96,"Swamp, Swamp, Mountain, Mountain, Plains"
Freedom Fighters,Jumpstart,Other,TLE,2025-11-20,4.23,"The Duke, Rebel Sentry, Jet, Rebel Leader, Plains, Valorous Stance, Inspired Insurgent"
From the Vault: Angels,Box Set,Other,V15,2015-08-21,114.36,"Avacyn, Angel of Hope, Iona, Shield of Emeria, Aurelia, the Warleader, Platinum Angel, Akroma, Angel of Wrath"
From the Vault: Annihilation,Box Set,Other,V14,2014-08-22,53.23,"Armageddon, Living Death, Smokestack, Cataclysm, Wrath of God"
From the Vault: Dragons,Box Set,Other,DRB,2008-08-29,138.51,"Kokusho, the Evening Star, Dragonstorm, Bladewing the Risen, Draco, Nicol Bolas"
From the Vault: Exiled,Box Set,Other,V09,2009-08-28,524.58,"Lotus Petal, Sensei's Divining Top, Necropotence, Strip Mine, Trinisphere"
From the Vault: Legends,Box Set,Other,V11,2011-08-26,170.77,"Ulamog, the Infinite Gyre, Kiki-Jiki, Mirror Breaker, Captain Sisay, Sun Quan, Lord of Wu, Doran, the Siege Tower"
From the Vault: Lore,Box Set,Other,V16,2016-08-19,90.11,"Cabal Ritual, Umezawa's Jitte, Glissa, the Traitor, Unmask, Beseech the Queen"
From the Vault: Realms,Box Set,Other,V12,2012-08-31,422.8,"Ancient Tomb, Urborg, Tomb of Yawgmoth, Glacial Chasm, Dryad Arbor, Boseiju, Who Shelters All"
From the Vault: Relics,Box Set,Other,V10,2010-08-27,1876.55,"Mox Diamond, Memory Jar, Isochron Scepter, Sol Ring, Masticore"
From the Vault: Transform,Box Set,Other,V17,2017-11-24,98.14,"Gisela, the Broken Blade // Brisela, Voice of Nightmares, Liliana, Heretical Healer // Liliana, Defiant Necromancer, Bloodline Keeper // Lord of Lineage, Bruna, the Fading Light // Brisela, Voice of Nightmares, Elbrus, the Binding Blade // Withengar Unbound"
From the Vault: Twenty,Box Set,Other,V13,2013-08-23,162.14,"Green Sun's Zenith, Tangle Wire, Jace, the Mind Sculptor, Dark Ritual, Ink-Eyes, Servant of Oni"
Full Sleeves: the Tattoo Pack,Secret Lair Drop,Other,SLD,2020-06-01,43.25,"Inkmoth Nexus, Blood Artist, Eternal Witness, Pithing Needle, Spell Pierce"
Fun Guys (1),Jumpstart,Other,J25,2024-11-07,4.98,"Shroofus Sproutsire, Sporecrown Thallid, Tukatongue Thallid, Fungal Plots, Band Together"
Fun Guys (2),Jumpstart,Other,J25,2024-11-07,4.98,"Shroofus Sproutsire, Undercellar Myconid, Sporecrown Thallid, Fungal Plots, Verdeloth the Ancient"
Fun With Fungus,Theme Deck,Other,TSP,2006-10-06,363.09,"Claws of Gix, Pendelhaven, Fallen Ideal, Verdant Embrace, Savage Thallid"
Fungus Master,Shandalar Enemy Deck,Other,PAST,1997-04-01,47.71,"Oasis, Untamed Wilds, Forest, Fungusaur, Island"
Furby: Doo-ay Noo-lah,Secret Lair Drop,Other,SLD,2025-10-27,50.94,"Sol Ring, Chromatic Lantern, Inspiring Call, Explore, Distant Melody"
Furby: Doo-ay Noo-lah Confetti Foil Edition,Secret Lair Drop,Other,SLD,2025-10-27,96.05,"Sol Ring, Chromatic Lantern, Explore, Inspiring Call, Distant Melody"
Furby: Doo-ay Noo-lah Foil Edition,Secret Lair Drop,Other,SLD,2025-10-27,50.94,"Sol Ring, Chromatic Lantern, Inspiring Call, Explore, Distant Melody"
Furby: Furbys: The Gathering,Secret Lair Drop,Other,SLD,2025-10-27,59.44,"Tamiyo's Safekeeping, Sphere of Safety, Phyrexian Arena, Miscast, Tormenting Voice"
Furby: Furbys: The Gathering Confetti Foil Edition,Secret Lair Drop,Other,SLD,2025-10-27,108.79,"Tamiyo's Safekeeping, Sphere of Safety, Phyrexian Arena, Miscast, Tormenting Voice"
Furby: Furbys: The Gathering Foil Edition,Secret Lair Drop,Other,SLD,2025-10-27,59.44,"Tamiyo's Safekeeping, Sphere of Safety, Phyrexian Arena, Miscast, Tormenting Voice"
Furby: The Oddbodies,Secret Lair Drop,Other,SLD,2025-10-27,90.47,"Umbris, Fear Manifest, Hullbreaker Horror, Maddening Cacophony, Spellskite, Serum Visions"
Furby: The Oddbodies Confetti Foil Edition,Secret Lair Drop,Other,SLD,2025-10-27,132.64,"Hullbreaker Horror, Umbris, Fear Manifest, Spellskite, Maddening Cacophony, Serum Visions"
Furby: The Oddbodies Foil Edition,Secret Lair Drop,Other,SLD,2025-10-27,90.47,"Umbris, Fear Manifest, Hullbreaker Horror, Maddening Cacophony, Spellskite, Serum Visions"
Furious Forces,Intro Pack,Other,DTK,2015-03-27,34.83,"Savage Ventmaw, Berserkers' Onslaught, Dragonlord's Servant, Harbinger of the Hunt, Forest"
Fury,Clash Pack,Other,M15,2014-07-18,172.12,"Nykthos, Shrine to Nyx, Elvish Mystic, Courser of Kruphix, Reclamation Sage, Genesis Hydra"
Future Shock,Theme Deck,Other,FUT,2007-05-04,250.47,"Dryad Arbor, Nacatl War-Pride, Edge of Autumn, Baru, Fist of Krosa, Emblem of the Warmind"
Future Sight Foil Redemption,MTGO Redemption,Other,FUT,2007-06-03,2967.6,"Sliver Legion, Pact of Negation, Tarmogoyf, Dryad Arbor, Summoner's Pact"
Future Sight Redemption,MTGO Redemption,Other,FUT,2007-06-03,2967.6,"Sliver Legion, Pact of Negation, Tarmogoyf, Dryad Arbor, Summoner's Pact"
Gabriel Nassif - Blue-White Anti-Affinity Control,World Championship Deck,Other,WC04,2004-09-01,38.08,"Flooded Strand, Exalted Angel, Island, Plains, Eternal Dragon"
Gandalf in the Pelennor Fields,Box Set,Other,LTC,2023-11-03,23.75,"Rammas Echor, Ancient Shield, Olórin's Searing Light, Gandalf of the Secret Fire, Sorcerous Squall, Courageous Resolve"
Garden Buds,Secret Lair Drop,Other,SLD,2025-03-25,82.46,"Ashaya, Soul of the Wild, Horn of Greed, Elvish Reclaimer, World Shaper, Harrow"
Garden Buds Foil Edition,Secret Lair Drop,Other,SLD,2025-03-25,82.46,"Ashaya, Soul of the Wild, Horn of Greed, Elvish Reclaimer, World Shaper, Harrow"
Garfield,Theme Deck,Other,DKM,2001-12-01,40.89,"Incinerate, Incinerate, Jokulhaups, Karplusan Forest, Fyndhorn Elves"
Garfield: As Intended,Secret Lair Drop,Other,SLD,2026-06-16,45.5,"Counterspell, Dark Ritual, Swords to Plowshares, Fog, Earthquake"
Garfield: As Intended Foil Edition,Secret Lair Drop,Other,SLD,2026-06-16,45.5,"Counterspell, Dark Ritual, Swords to Plowshares, Fog, Earthquake"
Garfield: Motivationally Challenged,Secret Lair Drop,Other,SLD,2026-06-16,43.05,"Rin and Seri, Inseparable, Orim's Chant, Sol Ring, Beast Within, Ponder"
Garfield: Motivationally Challenged Foil Edition,Secret Lair Drop,Other,SLD,2026-06-16,43.05,"Rin and Seri, Inseparable, Orim's Chant, Sol Ring, Beast Within, Ponder"
Garfield: Our Only Thought is to Entertain You,Secret Lair Drop,Other,SLD,2026-06-16,25.14,"It That Betrays, Maddening Cacophony, Maddening Hex, Molten Collapse, Hunter's Insight"
Garfield: Our Only Thought is to Entertain You Foil Edition,Secret Lair Drop,Other,SLD,2026-06-16,25.14,"It That Betrays, Maddening Cacophony, Maddening Hex, Molten Collapse, Hunter's Insight"
Garland at the Chaos Shrine,Box Set,Other,FIN,2025-06-13,51.59,"The Destined Black Mage, The Destined White Mage, Garland, Royal Kidnapper, Chaos Shrine's Black Crystal, The Destined Thief"
Garruk,Duel Deck,Other,GVL,2014-12-05,14.68,"Nature's Lore, Garruk Wildspeaker, Rude Awakening, Vine Trellis, Treetop Village"
"Garruk, Savage Herald",Planeswalker Deck,Other,M21,2020-07-03,9.21,"Ram Through, Garruk's Uprising, Garruk, Savage Herald, Forest, Pridemalkin"
Gatecrash Foil Redemption,MTGO Redemption,Other,GTC,2013-03-03,529.17,"Aurelia, the Warleader, Sylvan Primordial, Godless Shrine, Watery Grave, Breeding Pool"
Gatecrash Redemption,MTGO Redemption,Other,GTC,2013-03-03,529.17,"Aurelia, the Warleader, Sylvan Primordial, Godless Shrine, Watery Grave, Breeding Pool"
Gatecrasher,MTGO Theme Deck,Other,WTH,2007-12-12,6.66,"Mountain, Uktabi Orangutan, Maraxus of Keld, Aboroth, Forest"
Geniuses,Jumpstart,Other,MSH,2026-06-26,4.79,"Reed Richards, Smartest Man, Ant-Man, Reformed Rogue, Shuri, Vibranium Technologist, Super Intelligence, Kid Loki"
"George Baxter, Quarterfinalist",Pro Tour Deck,Other,PTC,1996-05-01,97.93,"Hypnotic Specter, City of Brass, Sulfurous Springs, Lightning Bolt, Mishra's Factory"
Ghastly (1),Jumpstart,Other,J25,2024-11-07,0.0,"Harvester of Souls, Village Rites, Morbid Opportunist, Tragic Slip, Murder"
Ghastly (2),Jumpstart,Other,J25,2024-11-07,0.0,"Bloodgift Demon, Village Rites, Morbid Opportunist, Tragic Slip, Ozox, the Clattering King"
Ghastly (3),Jumpstart,Other,J25,2024-11-07,0.0,"Reaper from the Abyss, Wriggling Grub, Morbid Opportunist, Tragic Slip, Deadly Dispute"
Ghastly (4),Jumpstart,Other,J25,2024-11-07,1.21,"Army of the Damned, Shambling Ghast, Morbid Opportunist, Tragic Slip, Deadly Dispute"
Ghost of Tsushima,Secret Lair Drop,Other,SLD,2025-11-06,239.88,"Jin Sakai, Ghost of Tsushima, Borne Upon a Wind, Path to Exile, Ghostly Flicker, Eiganjo Castle"
Ghost of Tsushima Foil Edition,Secret Lair Drop,Other,SLD,2025-11-06,239.88,"Jin Sakai, Ghost of Tsushima, Borne Upon a Wind, Path to Exile, Ghostly Flicker, Eiganjo Castle"
Ghostbusters: Slimer,Secret Lair Drop,Other,SLD,2024-10-01,42.92,"Windfall, Trickbind, Incarnation Technique, The Mimeoplasm, Pernicious Deed"
Ghostbusters: Slimer Foil Edition,Secret Lair Drop,Other,SLD,2024-10-01,42.92,"Windfall, Trickbind, Incarnation Technique, The Mimeoplasm, Pernicious Deed"
Ghostbusters: The Real Ghostbusters,Secret Lair Drop,Other,SLD,2024-10-01,44.63,"Eladamri's Call, Boros Charm, Careful Study, Unlicensed Hearse, Living End"
Ghostbusters: The Real Ghostbusters Foil Edition,Secret Lair Drop,Other,SLD,2024-10-01,44.63,"Eladamri's Call, Boros Charm, Careful Study, Unlicensed Hearse, Living End"
Ghostly Tide,Intro Pack,Other,SOI,2016-04-08,7.51,"Essence Flux, Pore Over the Pages, Rattlechains, Drogskol Cavalry, Not Forgotten"
Giddyap,Jumpstart,Other,J25,2024-11-07,4.78,"Thurid, Mare of Destiny, Celestial Unicorn, Moment of Triumph, Sungrace Pegasus, Ronom Unicorn"
Gideon,Archenemy Deck,Other,E01,2017-06-16,20.48,"Grand Abolisher, Plains, Fiendslayer Paladin, Plains, Aegis Angel"
"Gideon, Martial Paragon",Planeswalker Deck,Other,AKH,2017-04-28,1.19,"Mountain, Gideon, Martial Paragon, Mountain, Plains, Ahn-Crop Crasher"
"Gideon, the Oathsworn",Planeswalker Deck,Other,WAR,2019-05-03,17.97,"Cruel Celebrant, Bond of Discipline, Command the Dreadhorde, Charmed Stray, Gideon, the Oathsworn"
Gift Wrapped,Secret Lair Drop,Other,SLD,2023-12-05,62.04,"Homeward Path, Giver of Runes, Moment's Peace, Distant Melody, Cathartic Reunion"
Gift Wrapped Foil Edition,Secret Lair Drop,Other,SLD,2023-12-05,62.3,"Homeward Path, Giver of Runes, Moment's Peace, Distant Melody, Cathartic Reunion"
Gifts of the Gods,Intro Pack,Other,BNG,2014-02-07,20.94,"Gift of Immortality, Sunbond, Plains, Island, Island"
Gigantic 1,Jumpstart,Other,J22,2022-12-02,16.25,"Runadi, Behemoth Caller, Overgrowth, Towering Gibbon, Thrashing Brontodon, Pounce"
Gigantic 2,Jumpstart,Other,J22,2022-12-02,16.25,"Runadi, Behemoth Caller, Engulfing Slagwurm, Overgrowth, Towering Gibbon, Thrashing Brontodon"
Gleeful Flames,Event Deck,Other,DKA,2012-02-24,72.73,"Inkmoth Nexus, Goblin Grenade, Faithless Looting, Infiltration Lens, Hellrider"
Gliding (1),Jumpstart,Other,TLE,2025-11-20,1.69,"Kindly Customer, Momo, Friendly Flier, Plains, Koala-Sheep, Thriving Heath"
Gliding (2),Jumpstart,Other,TLE,2025-11-20,2.13,"Tale of Momo, Momo, Friendly Flier, Plains, Inspired Insurgent, Thriving Heath"
Glorious Combat,Game Night Deck,Other,GN2,2019-11-15,10.77,"Highcliff Felidar, Sephara, Sky's Blade, Zetalpa, Primal Dawn, Topan Freeblade, Take Vengeance"
Go to School 1,Jumpstart,Other,J22,2022-12-02,0.0,"Kasmina, Enigmatic Mentor, Biblioplex Kraken, Barrin, Tolarian Archmage, Merfolk Pupil, Thriving Isle"
Go to School 2,Jumpstart,Other,J22,2022-12-02,69.31,"Rhystic Study, Kasmina, Enigmatic Mentor, Biblioplex Kraken, Merfolk Pupil, Thriving Isle"
Goblin & Squabblin',Secret Lair Drop,Other,SLD,2023-08-29,272.61,"Muxus, Goblin Grandee, Goblin Recruiter, Goblin Lackey, Goblin Matron, Shattergang Brothers"
Goblin & Squabblin' Foil Edition,Secret Lair Drop,Other,SLD,2023-08-29,397.6,"Muxus, Goblin Grandee, Goblin Recruiter, Goblin Lackey, Goblin Matron, Shattergang Brothers"
Goblin Assault,Theme Deck,Other,S99,1999-07-12,12.29,"Goblin General, Relentless Assault, Mountain, Mountain, Mountain"
Goblin Fire,Theme Deck,Other,P02,1998-06-24,34.87,"Goblin General, Wildfire, Mountain, Goblin Matron, Goblin War Strike"
Goblin Mob,Theme Deck,Other,SCG,2003-05-26,520.36,"Siege-Gang Commander, Goblin Warchief, Gempalm Incinerator, Sulfuric Vortex, Goblin War Strike"
Goblin Warlord,Shandalar Enemy Deck,Other,PAST,1997-04-01,252.47,"Mountain, Goblin King, Manabarbs, Tawnos's Weaponry, Helm of Chatzuk"
Goblingram,Secret Lair Drop,Other,SLD,2024-05-30,54.15,"Goblin Welder, Brash Taunter, Goblin Chieftain, Goblin Ringleader, Mogg War Marshal"
Goblingram Foil Edition,Secret Lair Drop,Other,SLD,2024-05-30,54.15,"Goblin Welder, Brash Taunter, Goblin Chieftain, Goblin Ringleader, Mogg War Marshal"
Goblins,Duel Deck,Other,DD1,2007-11-16,12.3,"Boggart Shenanigans, Goblin Warchief, Reckless One, Mountain, Skirk Fire Marshal"
Goblins (1),Jumpstart,Other,JMP,2020-07-17,12.93,"Muxus, Goblin Grandee, Goblin Instigator, Mountain, Outnumber, Shock"
Goblins (2),Jumpstart,Other,JMP,2020-07-17,12.93,"Muxus, Goblin Grandee, Goblin Instigator, Mountain, Outnumber, Thriving Bluff"
Goblins (3),Jumpstart,Other,J25,2024-11-07,9.03,"General Kreat, the Boltbringer, Krenko, Tin Street Kingpin, Beetleback Chief, Krenko's Command, Thriving Bluff"
Goblins (4),Jumpstart,Other,JMP,2020-07-17,3.46,"Krenko, Mob Boss, Goblin Lore, Goblin Instigator, Mountain, Outnumber"
Goblins 1,Jumpstart,Other,J22,2022-12-02,2.79,"Krenko, Mob Boss, Goblin Grenade, Battle Squadron, Hordeling Outburst, Thriving Bluff"
Goblins 2,Jumpstart,Other,J22,2022-12-02,2.19,"Goblin Warchief, Ib Halfheart, Goblin Tactician, Goblin Grenade, Goblin Rally, Thriving Bluff"
Goblins 3,Jumpstart,Other,J22,2022-12-02,13.04,"Muxus, Goblin Grandee, Goblin Grenade, Instruments of War, Destructive Tampering, Thriving Bluff"
Goblins 4,Jumpstart,Other,J22,2022-12-02,6.77,"Ardoz, Cobbler of War, Goblin Rabblemaster, Goblin Grenade, Goblin Rally, Hordeling Outburst"
Goblins Everywhere!,Arena Starter Deck,Other,ANB,2020-08-13,0.0,"Tin Street Cadet, Goblin Tunneler, Nest Robber, Molten Ravager, Goblin Gang Leader"
God of War: Greek,Secret Lair Drop,Other,SLD,2025-11-06,96.68,"Kratos, God of War, Pyrohemia, Rite of Flame, World at War, Sulfuric Vortex"
God of War: Greek Foil Edition,Secret Lair Drop,Other,SLD,2025-11-06,96.68,"Kratos, God of War, Pyrohemia, Rite of Flame, World at War, Sulfuric Vortex"
God of War: Norse,Secret Lair Drop,Other,SLD,2025-11-06,37.8,"Iroas, God of Victory, Kratos, Stoic Father, Atreus, Impulsive Son, Teferi's Ageless Insight // Teferi's Ageless Insight"
God of War: Norse Foil Edition,Secret Lair Drop,Other,SLD,2025-11-06,37.8,"Iroas, God of Victory, Kratos, Stoic Father, Atreus, Impulsive Son, Teferi's Ageless Insight // Teferi's Ageless Insight"
Going Rogue,Theme Deck,Other,MOR,2008-02-01,219.56,"Notorious Throng, Swamp, Island, Oona's Blackguard, Mothdust Changeling"
Gold Deck,Starter Deck,Other,8ED,2003-07-28,30.42,"Mountain, Mountain, Rampant Growth, Mountain, Forest"
Gold Pack,Advanced Pack,Other,9ED,2005-08-09,41.98,"Naturalize, Mountain, Dancing Scimitar, Forest, Blanchwood Armor"
Golgari,Guild Kit,Other,GK1,2018-11-02,30.16,"Deathrite Shaman, Savra, Queen of the Golgari, Elves of Deep Shadow, Plaguecrafter, Jarad, Golgari Lich Lord"
Golgari Deathcreep,Theme Deck,Other,RAV,2005-10-07,112.54,"Savra, Queen of the Golgari, Elves of Deep Shadow, Golgari Grave-Troll, Stinkweed Imp, Golgari Rot Farm"
Golgari Exploration,Arena Starter Deck,Other,DOM,2018-03-22,26.47,"Tendershoot Dryad, Vizier of the Menagerie, Wildgrowth Walker, Ravenous Chupacabra, Ifnir Deadlands"
Golgari Growth,Intro Pack,Other,RTR,2012-10-05,4.66,"Treasured Find, Grisly Salvage, Corpsejack Menace, Wild Beastmaster, Korozda Guildmage"
Golgari Swarm,Arena Starter Deck,Other,M20,2019-05-03,43.76,"Underrealm Lich, Overgrown Tomb, Assassin's Trophy, Leyline Prowler, Plaguecrafter"
Golgari Swarm 1,Jumpstart,Other,CLU,2024-02-23,17.73,"Amzu, Swarm's Hunger, Golgari Signet, Tribune of Rot, Deadbridge Chant, Golgari Rot Farm"
Golgari Swarm 2,Jumpstart,Other,CLU,2024-02-23,10.73,"Underrealm Lich, Sludge Titan, Tribune of Rot, Fungal Rebirth, Golgari Rot Farm"
Gondor: Green-White,Starter Kit,Other,LTR,2023-06-23,46.37,"Bilbo's Ring, Aragorn and Arwen, Wed, Galadriel, Gift-Giver, Gandalf, White Rider, Generous Ent"
Grab for Power,Intro Pack,Other,M12,2011-07-15,56.95,"Buried Ruin, Ponder, Diabolic Tutor, Rune-Scarred Demon, Reassembling Skeleton"
Grave Advantage,Intro Pack,Other,FRF,2015-01-23,41.98,"Archfiend of Depravity, Dark Deal, Merciless Executioner, Hornet Queen, Forest"
Grave Danger,Theme Deck,Other,TOR,2002-02-08,477.8,"Psychatog, Careful Study, Cephalid Illusionist, Tainted Isle, Breakthrough"
Grave Matters,Arena Starter Deck,Other,SNC,2022-09-09,9.67,"Deathcap Glade, Old Rutstein, Infernal Grasp, Undead Butler, Shigeki, Jukai Visionary"
Grave Power,Intro Pack,Other,DKA,2012-02-03,21.34,"Gnaw to the Bone, Island, Island, Forest, Aether Adept"
Grave Robbers (1),Jumpstart,Other,J25,2024-11-07,0.0,"Eye Collector, Murder, Wailing Ghoul, Gorex, the Tombshell, Thriving Moor"
Grave Robbers (2),Jumpstart,Other,J25,2024-11-07,0.0,"Doomed Necromancer, Eye Collector, Gorex, the Tombshell, Fake Your Own Death, Undead Butler"
Grave Robbers (3),Jumpstart,Other,J25,2024-11-07,0.0,"Murder, Dreadhound, Wailing Ghoul, Isareth the Awakener, Memorial to Folly"
Grave Robbers (4),Jumpstart,Other,J25,2024-11-07,0.0,"Liliana, Death's Majesty, Murder, Isareth the Awakener, Undead Butler, Persistent Specimen"
Grave Secrets,Arena Starter Deck,Other,LTR,2023-06-20,15.46,"Breach the Multiverse, Darkslick Shores, Fallaji Archaeologist, Gix's Command, Black Sun's Twilight"
Graveborn,Premium Deck,Other,PD3,2011-11-18,93.93,"Reanimate, Crystal Vein, Entomb, Animate Dead, Cabal Therapy"
Graveyard Bash,Arena Starter Deck,Other,M19,2018-09-27,10.25,"Death Baron, Open the Graves, Skulduggery, Yargle, Glutton of Urborg, Swamp"
Great Druid,Shandalar Enemy Deck,Other,PAST,1997-04-01,139.98,"Killer Bees, Desert Twister, Birds of Paradise, Untamed Wilds, Verduran Enchantress"
Great Lakes Avengers,Jumpstart,Other,MSH,2026-06-26,24.23,"Tippy-Toe, Terrific Partner, The Unbeatable Squirrel Girl, Big Bertha, Flatman, Mister Immortal"
Green,Game Night Deck,Other,GNT,2018-11-16,36.9,"Avatar of Growth, Goreclaw, Terror of Qal Sisma, Gigantosaurus, Rhonas's Monument, Ghalta, Primal Hunger"
Green Deck,Welcome Deck,Other,M20,2019-07-12,2.97,"Healer of the Glade, Woodland Mystic, Forest, Prized Unicorn, Aggressive Mammoth"
Green Deck A,Sample Deck,Other,M12,2011-07-15,19.86,"Hunter's Insight, Lead the Stampede, Gladecover Scout, Ezuri's Archers, Llanowar Elves"
Green Deck B,Sample Deck,Other,10E,2008-05-02,20.53,"Llanowar Elves, Jagged-Scar Archers, Elvish Eulogist, Forest, Leaf Gilder"
Green Red Beatdown,Deck Builder's Toolkit,Other,ORI,2015-07-17,3.05,"Savage Punch, Whisperer of the Wilds, Barrage of Boulders, Zendikar Incarnate, Circle of Elders"
Green Sample Deck,Sample Deck,Other,M15,2014-07-18,6.25,"Elvish Mystic, Paragon of Eternal Wilds, Forest, Forest, Forest"
Green White Convoke,Deck Builder's Toolkit,Other,M15,2014-07-18,2.41,"Triplicate Spirits, Seraph of the Masses, Sunblade Elf, Raise the Alarm, Feral Incarnation"
Green and White,Deck Builder's Toolkit,Other,AKH,2017-04-28,6.7,"Manglehorn, Fairgrounds Warden, Thopter Arrest, Shed Weakness, Compulsory Rest"
Green and White Humans,Deck Builder's Toolkit,Other,KLD,2016-09-30,0.0,"Gryff's Boon, Strength of Arms, True-Faith Censer, Choking Restraints, Hamlet Captain"
Green-White Auras,Deck Builder's Toolkit,Other,ROE,2010-05-21,69.03,"Hyena Umbra, Snake Umbra, Canopy Cover, Aura Gnarlid, Totem-Guide Hartebeest"
Grixis Shambling Army,Intro Pack,Other,CON,2009-02-06,36.68,"Terramorphic Expanse, Crumbling Necropolis, Island, Swamp, Mountain"
Grixis Undead,Intro Pack,Other,ALA,2008-10-03,55.59,"Cruel Ultimatum, Crumbling Necropolis, Island, Swamp, Fleshbag Marauder"
Gross 1,Jumpstart,Other,J22,2022-12-02,7.81,"Massacre Wurm, Leechridden Swamp, Plaguecrafter, Skullslither Worm, Infernal Idol"
Gross 2,Jumpstart,Other,J22,2022-12-02,5.6,"Phyrexian Reclamation, Plaguecrafter, Phyrexian Plaguelord, Skullslither Worm, Blighted Fen"
Gross 3,Jumpstart,Other,J22,2022-12-02,0.0,"Plaguecrafter, Deathbringer Regent, Death Wind, Skullslither Worm, Infernal Idol"
Gross 4,Jumpstart,Other,J22,2022-12-02,3.22,"Ophiomancer, Plaguecrafter, Witch's Cauldron, Swarm of Bloodflies, Skullslither Worm"
Ground Pounder,Theme Deck,Other,BTD,2000-10-01,28.76,"Dwarven Ruins, Fireball, Lightning Bolt, Ball Lightning, Shivan Dragon"
Groundbreaker - Advanced Deck,Advanced Deck,Other,EXO,1998-06-15,215.68,"Wasteland, Reflecting Pool, Undiscovered Paradise, Plaguebearer, City of Brass"
Groundbreaker - Basic Deck,Theme Deck,Other,EXO,1998-06-15,5.05,"Searing Touch, Thopter Squadron, Necrologia, Mountain, Mountain"
Growing Hope,Arena Starter Deck,Other,LTR,2023-06-20,24.15,"Ozolith, the Shattered Spire, Kami of Whispered Hopes, Ruins Recluse, Dusk Legion Duelist, Serra Redeemer"
Growing Hunger,Arena Starter Deck,Other,AFR,2021-09-24,10.31,"Darkbore Pathway // Slitherbore Pathway, Binding the Old Gods, Drana, the Last Bloodchief, Woodland Chasm, Exponential Growth"
Gruul,Guild Kit,Other,GK2,2019-02-15,31.02,"Birds of Paradise, Rhythm of the Wild, Protean Hulk, Ruric Thar, the Unbowed, Immolation Shaman"
Gruul Clans,Arena Starter Deck,Other,M20,2019-05-03,20.75,"Stomping Ground, Rhythm of the Wild, End-Raze Forerunners, Pelt Collector, Forest"
Gruul Clans 1,Jumpstart,Other,CLU,2024-02-23,3.51,"Herald of Ilharg, Gruul Signet, Firespout, Stormblood Berserker, Pyrewild Shaman"
Gruul Clans 2,Jumpstart,Other,CLU,2024-02-23,1.41,"Colossal Majesty, Giant Adephage, Stampede Surfer, Gruul Turf, Furious Spinesplitter"
Gruul Goliaths,Intro Pack,Other,GTC,2013-02-01,21.99,"Alpha Authority, Arbor Elf, Ranger's Path, Gruul Ragebeast, Gruul Guildgate"
Gruul Siege,Intro Pack,Other,DGM,2013-05-03,4.01,"Zhur-Taa Druid, Ruric Thar, the Unbowed, Gruul War Chant, Forest, Pit Fight"
Gruul Stompy,Pioneer Challenger Deck,Other,Q08,2022-11-04,42.83,"Chandra, Torch of Defiance, Stomping Ground, Questing Beast, Elvish Mystic, Rockfall Vale"
Gruul Wilding,Theme Deck,Other,GPT,2006-02-03,36.86,"Skarrg, the Rage Pits, Wild Cantor, Borborygmos, Dryad Sophisticate, Gatherer of Graces"
Guardian of the Tusk,Shandalar Enemy Deck,Other,PAST,1997-04-01,315.1,"Berserk, Desert Twister, Colossus of Sardia, Birds of Paradise, Divine Transformation"
Guildpact Foil Redemption,MTGO Redemption,Other,GPT,2006-03-05,1006.06,"Steam Vents, Godless Shrine, Stomping Ground, Leyline of the Void, Teysa, Orzhov Scion"
Guildpact Redemption,MTGO Redemption,Other,GPT,2006-03-05,1006.06,"Steam Vents, Godless Shrine, Stomping Ground, Leyline of the Void, Teysa, Orzhov Scion"
Guilds of Ravnica Bundle Land Pack,Bundle Land Pack,Other,GRN,2018-10-05,4.18,"Swamp, Swamp, Mountain, Mountain, Forest"
Guilds of Ravnica Foil Redemption,MTGO Redemption,Other,GRN,2018-11-04,343.46,"Mnemonic Betrayal, Chance for Glory, Steam Vents, Doom Whisperer, Watery Grave"
Guilds of Ravnica Redemption,MTGO Redemption,Other,GRN,2018-11-04,343.46,"Mnemonic Betrayal, Chance for Glory, Steam Vents, Doom Whisperer, Watery Grave"
HYDRA,Jumpstart,Other,MSH,2026-06-26,1.13,"Viper, Cruel Conspirator, Bob, Reluctant HYDRA Agent, Crossbones, Malicious Mercenary, Swamp, Arnim Zola, Bio-Fanatic"
Hands of Fire,Theme Deck,Other,PS11,2011-01-01,0.0,"Mountain, Mountain, Mountain, Mountain, Kamahl, Pit Fighter"
Hands of Flame,Duel Of The Planeswalkers Deck,Other,DPA,2010-06-04,13.97,"Furnace of Rath, Bloodmark Mentor, Rage Reflection, Banefire, Blaze"
Happy Little Gathering,Secret Lair Drop,Other,SLD,2021-03-15,52.82,"Forest, Mountain, Swamp, Mountain, Forest"
Happy Little Gathering Foil Edition,Secret Lair Drop,Other,SLD,2021-03-15,52.82,"Forest, Mountain, Swamp, Mountain, Forest"
Happy Yargle Day!,Secret Lair Drop,Other,SLD,2020-09-03,34.75,"Fatal Push, Swords to Plowshares, Explore, Opt, Anger of the Gods"
Happy Yargle Day! Foil Edition,Secret Lair Drop,Other,SLD,2020-09-03,34.75,"Fatal Push, Swords to Plowshares, Explore, Opt, Anger of the Gods"
Hard-Boiled Thrillers,Secret Lair Drop,Other,SLD,2024-02-23,98.99,"Reconnaissance, Jace, Wielder of Mysteries, Black Market, Obeka, Brute Chronologist, Dire Undercurrents"
Hard-Boiled Thrillers Foil Edition,Secret Lair Drop,Other,SLD,2024-02-23,93.33,"Reconnaissance, Jace, Wielder of Mysteries, Black Market, Obeka, Brute Chronologist, Dire Undercurrents"
Hare Raising,Starter Kit,Other,BLB,2024-08-02,8.16,"Byrke, Long Ear of the Law, Fecund Greenshell, Colossification, Finneas, Ace Archer, Clifftop Lookout"
Hascon 2017 Promo Cards,Box Set,Other,H17,2017-09-20,333.69,"Grimlock, Dinobot Leader // Grimlock, Ferocious King, Nerf War, Sword of Dungeons & Dragons"
Hatsune Miku: Digital Sensation,Secret Lair Drop,Other,SLD,2024-07-10,232.37,"Sol Ring, Child of Alara, Chord of Calling, Thespian's Stage, Song of Creation"
Hatsune Miku: Digital Sensation Foil Edition,Secret Lair Drop,Other,SLD,2024-07-10,232.37,"Sol Ring, Child of Alara, Chord of Calling, Thespian's Stage, Song of Creation"
Hatsune Miku: Electric Entourage,Secret Lair Drop,Other,SLD,2024-10-01,195.53,"Elspeth Tirel, Freyalise, Llanowar's Fury, Liliana of the Dark Realms, The Royal Scions, Jace, Unraveler of Secrets"
Hatsune Miku: Electric Entourage Foil Edition,Secret Lair Drop,Other,SLD,2024-10-01,195.53,"Elspeth Tirel, Freyalise, Llanowar's Fury, Liliana of the Dark Realms, The Royal Scions, Jace, Unraveler of Secrets"
Hatsune Miku: Sakura Superstar,Secret Lair Drop,Other,SLD,2024-05-30,180.08,"Harmonize, Azusa, Lost but Seeking, Chandra's Ignition, Feather, the Redeemed, Inspiring Vantage"
Hatsune Miku: Sakura Superstar Foil Edition,Secret Lair Drop,Other,SLD,2024-05-30,237.56,"Harmonize, Azusa, Lost but Seeking, Feather, the Redeemed, Chandra's Ignition, Inspiring Vantage"
Hatsune Miku: Winter Diva,Secret Lair Drop,Other,SLD,2025-02-11,160.66,"Swan Song, Giada, Font of Hope, Brago, King Eternal, Counterspell, Youthful Valkyrie"
Hatsune Miku: Winter Diva Foil Edition,Secret Lair Drop,Other,SLD,2025-02-11,160.66,"Swan Song, Giada, Font of Hope, Brago, King Eternal, Counterspell, Youthful Valkyrie"
Haze of Spores,MTGO Theme Deck,Other,ME2,2008-09-22,0.0,"Forest, Forest, Forest, Havenwood Battleground, Mishra's Factory"
Hazoret Aggro,Challenger Deck,Other,Q01,2018-04-06,37.49,"Chandra, Torch of Defiance, Sunscorched Desert, Hazoret the Fervent, Soul-Scar Mage, Mountain"
Healers (1),Jumpstart,Other,J25,2024-11-07,0.0,"Speaker of the Heavens, Kabira Crossroads, Hinterland Sanctifier, Qala, Ajani's Pridemate, Angel of Vitality"
Healers (2),Jumpstart,Other,J25,2024-11-07,2.07,"Valkyrie Harbinger, Hinterland Sanctifier, Qala, Ajani's Pridemate, Angel of Vitality, Bishop's Soldier"
Healers (3),Jumpstart,Other,J25,2024-11-07,5.57,"Righteous Valkyrie, Kabira Crossroads, Hinterland Sanctifier, Qala, Ajani's Pridemate, Angel of Vitality"
Healers (4),Jumpstart,Other,J25,2024-11-07,4.69,"Felidar Sovereign, Rhox Faithmender, Hinterland Sanctifier, Qala, Ajani's Pridemate, Angel of Vitality"
Healing,Jumpstart,Other,FDN,2024-11-15,0.0,"Twinblade Paladin, Ancestor Dragon, Dazzling Angel, Ajani's Pridemate, Plains"
Heavily Armored (1),Jumpstart,Other,JMP,2020-07-17,11.05,"Cathars' Crusade, Thriving Heath, Plains, Secure the Scene, Plains"
Heavily Armored (2),Jumpstart,Other,JMP,2020-07-17,11.05,"Cathars' Crusade, Thriving Heath, Plains, Secure the Scene, Plains"
Heavily Armored (3),Jumpstart,Other,JMP,2020-07-17,1.88,"Thriving Heath, Mikaeus, the Lunarch, Plains, Supply Runners, Plains"
Heavily Armored (4),Jumpstart,Other,JMP,2020-07-17,4.53,"Duelist's Heritage, Thriving Heath, Plains, Supply Runners, Plains"
Heavy Duty,Theme Deck,Other,INV,2000-10-02,128.64,"Armadillo Cloak, Thicket Elemental, Crimson Acolyte, Forest, Obsidian Acolyte"
Heavy Hitters,Theme Deck,Other,8ED,2003-07-28,27.34,"Elvish Pioneer, Rampant Growth, Naturalize, Forest, Primeval Force"
Hei Bai (1),Jumpstart,Other,TLE,2025-11-20,2.22,"That's Rough Buddy, Plains, Aang, A Lot to Learn, Koala-Sheep, Suki, Courageous Rescuer"
Hei Bai (2),Jumpstart,Other,TLE,2025-11-20,2.22,"That's Rough Buddy, Plains, Aang, A Lot to Learn, Suki, Courageous Rescuer, Thriving Heath"
Here Be Dragons,Secret Lair Drop,Other,SLD,2022-06-14,254.37,"Old Gnawbone, Tiamat, Ebondeath, Dracolich, Iymrith, Desert Doom, Icingdeath, Frost Tyrant"
Heroes,Duel Deck,Other,DDL,2013-09-06,4.2,"Pyrokinesis, Sun Titan, Winds of Rath, Plains, Anax and Cymede"
Heroes (1),Jumpstart,Other,J25,2024-11-07,1.51,"Brigone, Soldier of Meletis, Chains of Custody, Defiant Strike, Akroan Skyguard, Tethmos High Priest"
Heroes (2),Jumpstart,Other,J25,2024-11-07,1.51,"Brigone, Soldier of Meletis, Chains of Custody, Ojutai Exemplars, Defiant Strike, Gird for Battle"
Heroes United,Box Set,Other,MSH,2026-06-26,17.0,"Hawkeye, Trick Shot, Hulk, Always Angry, Iron Man, Futurist Paragon, Thor, Guardian of Midgard, Captain America, Unbowed"
Heroes for Hire,Jumpstart,Other,MSH,2026-06-26,11.79,"Luke Cage, Hero for Hire, Heroes for Hire, Big Score, Iron Fist, Hero for Hire, Bionic Blow"
Hidden Pathways,Secret Lair Drop,Other,SLU,2021-05-07,93.9,"Riverglide Pathway // Lavaglide Pathway, Barkchannel Pathway // Tidechannel Pathway, Darkbore Pathway // Slitherbore Pathway, Clearwater Pathway // Murkwater Pathway, Brightclimb Pathway // Grimclimb Pathway"
High Priest,Shandalar Enemy Deck,Other,PAST,1997-04-01,57.25,"Fellwar Stone, Armageddon, Savannah Lions, Balance, White Mana Battery"
High-Flying Valor,Arena Starter Deck,Other,LTR,2023-06-20,20.46,"Myrel, Shield of Argive, Rescue Retriever, Siege Veteran, Fortified Beachhead, Valiant Veteran"
Hit The Ground Running,Intro Pack,Other,M15,2014-07-18,8.52,"Stormtide Leviathan, Reclamation Sage, Illusory Angel, Satyr Wayfinder, Forest"
Hold The Line,Event Deck,Other,ISD,2011-10-28,23.97,"Champion of the Parish, Honor of the Pure, Bonds of Faith, Fiend Hunter, Mirran Crusader"
Holy 1,Jumpstart,Other,J22,2022-12-02,4.56,"Blessed Sanctuary, Angelic Page, Goldnight Commander, Angelic Cub, Thriving Heath"
Holy 2,Jumpstart,Other,J22,2022-12-02,14.55,"Starnheim Aspirant, Lyra Dawnbringer, Defy Death, Angelic Cub, Thriving Heath"
Holy 3,Jumpstart,Other,J22,2022-12-02,2.78,"Valkyrie Harbinger, Planar Atlas, Dawn of Hope, Thriving Heath, Emancipation Angel"
Holy 4,Jumpstart,Other,J22,2022-12-02,6.02,"Righteous Valkyrie, Thriving Heath, Emancipation Angel, Chains of Custody, Plains"
Hope's Crusaders,Theme Deck,Other,TSP,2006-10-06,17.8,"Pentarch Paladin, Sarpadian Empires, Vol. VII, Cloudchaser Kestrel, Celestial Crusader, Outrider en-Kor"
Horizon: Into the Forbidden West,Secret Lair Drop,Other,SLD,2025-11-06,63.92,"Blightsteel Colossus, Farseek, Aloy, Savior of Meridian, Tarrian's Soulcleaver, Meteor Golem"
Horizon: Into the Forbidden West Foil Edition,Secret Lair Drop,Other,SLD,2025-11-06,63.92,"Blightsteel Colossus, Farseek, Aloy, Savior of Meridian, Tarrian's Soulcleaver, Meteor Golem"
Horrific Visions,Intro Pack,Other,SOI,2016-04-08,3.86,"Liliana's Indignation, Crawling Sensation, Wild-Field Scarecrow, Inexorable Blob, Loam Dryad"
Hour of Devastation Bundle Land Pack,Bundle Land Pack,Other,HOU,2017-07-14,5.67,"Swamp, Mountain, Plains, Island, Forest"
Hour of Devastation Foil Redemption,MTGO Redemption,Other,HOU,2017-08-13,327.68,"Torment of Hailfire, The Locust God, Razaketh, the Foulblooded, Solemnity, Obelisk Spider"
Hour of Devastation Redemption,MTGO Redemption,Other,HOU,2017-08-13,327.68,"Torment of Hailfire, The Locust God, Razaketh, the Foulblooded, Solemnity, Obelisk Spider"
House Dimir,Arena Starter Deck,Other,M20,2019-05-03,36.85,"Doom Whisperer, Watery Grave, Etrata, the Silencer, Thief of Sanity, Mission Briefing"
House Dimir 1,Jumpstart,Other,CLU,2024-02-23,1.17,"Dimir Signet, Dimir Aqueduct, Memory Vampire, Duskmantle Seer, Island"
House Dimir 2,Jumpstart,Other,CLU,2024-02-23,0.0,"Dimir Strandcatcher, Thief of Sanity, Dimir Aqueduct, Swamp, Murder"
"Huatli, Dinosaur Knight",Planeswalker Deck,Other,XLN,2017-09-29,12.79,"Goring Ceratops, Huatli, Dinosaur Knight, Kinjalli's Caller, Lightning Strike, Frenzied Raptor"
Humanity's Vengeance,Event Deck,Other,AVR,2012-05-25,286.21,"Mental Misstep, Phyrexian Metamorph, Tandem Lookout, Dismember, Porcelain Legionnaire"
Humans,Deck Builder's Toolkit,Other,M13,2012-07-13,10.89,"Avacyn's Pilgrim, Bonds of Faith, Fiend Hunter, Commander's Authority, Crusader of Odric"
Hunting (1),Jumpstart,Other,TLE,2025-11-20,2.22,"Desperate Plea, Katara, Seeking Revenge, Thriving Moor, Swamp, Purple Pentapus"
Hunting (2),Jumpstart,Other,TLE,2025-11-20,1.38,"Ruthless Waterbender, Katara, Seeking Revenge, Thriving Moor, Swamp, Diresight"
Hunting Pack,Intro Pack,Other,ORI,2015-07-17,16.56,"Managorger Hydra, Dwynen, Gilt-Leaf Daen, Shaman of the Pack, Dwynen's Elite, Skysnare Spider"
Icky (1),Jumpstart,Other,J25,2024-11-07,9.42,"Fumulus, the Infestation, Go for the Throat, Village Rites, Wriggling Grub, Nantuko Husk"
Icky (2),Jumpstart,Other,J25,2024-11-07,9.42,"Fumulus, the Infestation, Go for the Throat, Wriggling Grub, Morkrut Necropod, Nantuko Husk"
If Looks Could Kill,Secret Lair Drop,Other,SLD,2022-12-05,52.67,"Liliana of the Dark Realms, Azami, Lady of Scrolls, Reflector Mage, Adaptive Automaton"
If Looks Could Kill Foil Edition,Secret Lair Drop,Other,SLD,2022-12-05,52.67,"Liliana of the Dark Realms, Azami, Lady of Scrolls, Reflector Mage, Adaptive Automaton"
Ignite the Forge,Arena Starter Deck,Other,SNC,2022-09-09,23.48,"Haunted Ridge, Professional Face-Breaker, Atsushi, the Blazing Sky, Blood Fountain, Big Score"
Ikoria: Lair of Behemoths Bundle Land Pack,Bundle Land Pack,Other,IKO,2020-04-24,10.16,"Swamp, Swamp, Plains, Plains, Mountain"
Ikoria: Lair of Behemoths Foil Redemption,MTGO Redemption,Other,IKO,2020-05-24,322.64,"The Ozolith, Kinnan, Bonder Prodigy, Zagoth Triome, Indatha Triome, Savai Triome"
Ikoria: Lair of Behemoths Redemption,MTGO Redemption,Other,IKO,2020-05-24,322.64,"The Ozolith, Kinnan, Bonder Prodigy, Zagoth Triome, Indatha Triome, Savai Triome"
Illusionary Might,Event Deck,Other,M12,2011-08-12,99.66,"Preordain, Phantasmal Image, Glimmerpost, Steel Hellkite, Grand Architect"
Illusions,Jumpstart,Other,J25,2024-11-07,0.0,"Pol Jamaar, Illusionist, Oneirophage, Lord of the Unreal, Murmuring Mystic, Opt"
Imaginary Friends,Secret Lair Drop,Other,SLD,2022-10-25,72.91,"Toothy, Imaginary Friend, The Gitrog Monster, Pir, Imaginative Rascal, Matter Reshaper"
Imaginary Friends Foil Edition,Secret Lair Drop,Other,SLD,2022-10-25,72.91,"Toothy, Imaginary Friend, The Gitrog Monster, Pir, Imaginative Rascal, Matter Reshaper"
Impaler,Theme Deck,Other,S99,1999-07-12,4.2,"Nature's Lore, Renewing Touch, Whirlwind, Pride of Lions, Forest"
In Memoriam: Jaya Ballard,Secret Lair Drop,Other,SLD,2022-10-25,96.8,"Pyretic Ritual, Repercussion, Jaya's Immolating Inferno, Pyromancer's Goggles, Jaya Ballard"
In Memoriam: Jaya Ballard Foil Edition,Secret Lair Drop,Other,SLD,2022-10-25,96.8,"Pyretic Ritual, Repercussion, Jaya's Immolating Inferno, Pyromancer's Goggles, Jaya Ballard"
Incredible,Jumpstart,Other,MSH,2026-06-26,10.34,"Hulk, Strongest There Is, Hulk's Thunderclap, Origin of the Hulk, She-Hulk, Attorney-at-Law, Giant Growth"
Infantry 1,Jumpstart,Other,BRO,2022-11-18,1.33,"Rescue Retriever, Recruitment Officer, Recommission, Lay Down Arms, Reconstructed Thopter"
Infantry 2,Jumpstart,Other,BRO,2022-11-18,1.33,"Rescue Retriever, Lay Down Arms, Yotian Frontliner, Static Net, Scrapwork Cohort"
Infect & Defile,Event Deck,Other,MBS,2011-02-25,107.31,"Preordain, Plague Myr, Hand of the Praetors, Corrupted Conscience, Deprive"
Infernal Intervention,Intro Pack,Other,M15,2014-07-18,20.71,"Profane Memento, Typhoid Rats, Indulgent Tormentor, Burning Anger, Mountain"
Inferno,Jumpstart,Other,FDN,2024-11-15,1.09,"Terror of Mount Velus, Carnelian Orb of Dragonkind, Seize the Spoils, Firespitter Whelp, Dragonlord's Servant"
Infestation,Theme Deck,Other,7ED,2001-04-11,867.27,"Goblin King, Goblin Matron, Trained Orgg, Shock, Blaze"
Ingenious Machinists,Duel Deck,Other,DDU,2018-04-06,41.8,"Goblin Welder, Darksteel Plate, Great Furnace, Galvanic Blast, Darksteel Citadel"
Inked,Secret Lair Drop,Other,SLD,2026-05-29,38.53,"Crypt Ghast, Deathrite Shaman, Burnished Hart, Ice-Fang Coatl, Mulldrifter"
Inked Foil Edition,Secret Lair Drop,Other,SLD,2026-05-29,38.53,"Crypt Ghast, Deathrite Shaman, Burnished Hart, Ice-Fang Coatl, Mulldrifter"
Innistrad Fat Pack Land Pack,Bundle Land Pack,Other,ISD,2011-09-30,15.47,"Mountain, Swamp, Island, Swamp, Plains"
Innistrad Foil Redemption,MTGO Redemption,Other,ISD,2011-10-30,831.23,"Liliana of the Veil, Parallel Lives, Snapcaster Mage, Moonmist, Army of the Damned"
Innistrad Redemption,MTGO Redemption,Other,ISD,2011-10-30,831.23,"Liliana of the Veil, Parallel Lives, Snapcaster Mage, Moonmist, Army of the Damned"
Innistrad: Crimson Vow Bundle Land Pack,Bundle Land Pack,Other,VOW,2021-11-19,0.0,"Swamp, Swamp, Island, Island, Forest"
Innistrad: Crimson Vow Foil Redemption,MTGO Redemption,Other,VOW,2021-12-19,175.07,"Toxrill, the Corrosive, Hallowed Haunting, Olivia, Crimson Bride, Deathcap Glade, Necroduality"
Innistrad: Crimson Vow Redemption,MTGO Redemption,Other,VOW,2021-12-19,175.07,"Toxrill, the Corrosive, Hallowed Haunting, Olivia, Crimson Bride, Deathcap Glade, Necroduality"
Innistrad: Crimson Vow Welcome Booster,Welcome Booster,Other,VOW,2021-11-19,3.77,"Sorin, Vengeful Bloodlord, Niv-Mizzet, the Firemind, Thirst for Discovery, Voldaren Epicure, Commander's Sphere"
Innistrad: Midnight Hunt Bundle Land Pack,Bundle Land Pack,Other,MID,2021-09-24,0.0,"Mountain, Mountain, Island, Island, Swamp"
Innistrad: Midnight Hunt Foil Redemption,MTGO Redemption,Other,MID,2021-10-24,138.68,"The Meathook Massacre, Haunted Ridge, Jadar, Ghoulcaller of Nephalia, Shipwreck Marsh, Moonsilver Key"
Innistrad: Midnight Hunt Redemption,MTGO Redemption,Other,MID,2021-10-24,138.68,"The Meathook Massacre, Haunted Ridge, Jadar, Ghoulcaller of Nephalia, Shipwreck Marsh, Moonsilver Key"
Innistrad: Midnight Hunt Welcome Booster,Welcome Booster,Other,MID,2021-09-24,0.0,"Rally the Ranks, Triskaidekaphobia, Arlinn, Voice of the Pack, Commander's Sphere, Bladestitched Skaab"
Insanity,Theme Deck,Other,TOR,2002-02-08,318.56,"Arrogant Wurm, Putrid Imp, Basking Rootwalla, Tainted Wood, Wild Mongrel"
Insatiable Hunger,Intro Pack,Other,BNG,2014-02-07,15.23,"Searing Blood, Mistcutter Hydra, Forest, Voyaging Satyr, Opaline Unicorn"
Insects 1,Jumpstart,Other,J22,2022-12-02,0.0,"Iridescent Hornbeetle, Duskshell Crawler, Caustic Caterpillar, Crawling Sensation, Nantuko Cultivator"
Insects 2,Jumpstart,Other,J22,2022-12-02,29.67,"Zask, Skittering Swarmlord, Circuit Mender, Caustic Caterpillar, Crawling Sensation, Nantuko Cultivator"
Insects 3,Jumpstart,Other,J22,2022-12-02,0.0,"Iridescent Hornbeetle, Phantom Nantuko, Caustic Caterpillar, Deadbridge Goliath, Crawling Sensation"
Insects 4,Jumpstart,Other,J22,2022-12-02,29.67,"Zask, Skittering Swarmlord, Caustic Caterpillar, Rampaging Growth, Crawling Sensation, Nantuko Cultivator"
Inspiration-Struck,Intro Pack,Other,BNG,2014-02-07,22.43,"Retraction Helix, Springleaf Drum, Curse of the Swine, Siren of the Silent Song, Island"
Inspiring Heroics,Event Deck,Other,THS,2013-10-18,32.33,"Hallowed Fountain, Imposing Sovereign, Dryad Militant, Frontline Medic, Plains"
Insurgent (1),Jumpstart,Other,TLE,2025-11-20,2.13,"Tale of Momo, Momo, Rambunctious Rascal, Airbender's Reversal, Plains, Inspired Insurgent"
Insurgent (2),Jumpstart,Other,TLE,2025-11-20,7.29,"Duelist's Heritage, That's Rough Buddy, Momo, Rambunctious Rascal, Plains, Hakoda, Selfless Commander"
International Women's Day 2020,Secret Lair Drop,Other,SLD,2020-03-08,101.39,"Meren of Clan Nel Toth, Oona, Queen of the Fae, Captain Sisay, Saskia the Unyielding, Narset, Enlightened Master"
Intl. Collectors' Edition,Box Set,Other,CEI,1993-12-10,6184.5,"Ancestral Recall, Time Walk, Volcanic Island, Badlands, Scrubland"
Into the Breach,Event Deck,Other,MBS,2011-02-25,94.4,"Memnite, Galvanic Blast, Goblin Bushwhacker, Signal Pest, Kuldotha Rebirth"
Introducing: Kaito Shizuki,Secret Lair Drop,Other,SLD,2022-07-22,73.89,"Snap, Brain Freeze, Bribery, Unmask, Shadow of Doubt"
Introducing: Kaito Shizuki Foil Edition,Secret Lair Drop,Other,SLD,2022-07-22,73.89,"Snap, Brain Freeze, Bribery, Unmask, Shadow of Doubt"
Inundation,Theme Deck,Other,JUD,2002-05-27,267.6,"Commander Eesha, Unquestioned Authority, Battle Screech, Prismatic Strands, Tireless Tribe"
Invading Spawn,Intro Pack,Other,ROE,2010-04-23,92.0,"Pawn of Ulamog, Lightning Bolt, Emrakul's Hatcher, Hand of Emrakul, Drana, Kalastria Bloodchief"
Invasion Foil Redemption,MTGO Redemption,Other,INV,2000-11-01,6167.35,"Phyrexian Altar, Fact or Fiction, Tsabo's Web, Crosis, the Purger, Reya Dawnbringer"
Invasion Redemption,MTGO Redemption,Other,INV,2000-11-01,6167.35,"Phyrexian Altar, Fact or Fiction, Tsabo's Web, Crosis, the Purger, Reya Dawnbringer"
Inventive (1),Jumpstart,Other,J25,2024-11-07,0.0,"Seat of the Synod, Ornithopter of Paradise, Sai, Master Thopterist, Island, Chief of the Foundry"
Inventive (2),Jumpstart,Other,J25,2024-11-07,0.0,"Seat of the Synod, Ornithopter of Paradise, Sai, Master Thopterist, Shimmer Dragon, Fireshrieker"
Inventive (3),Jumpstart,Other,J25,2024-11-07,2.88,"Thoughtcast, Padeem, Consul of Innovation, Seat of the Synod, Myr Enforcer, Thought Monitor"
Inventive (4),Jumpstart,Other,J25,2024-11-07,1.19,"Padeem, Consul of Innovation, Seat of the Synod, Ornithopter of Paradise, Guardian Idol, Island"
Inventive 1,Jumpstart,Other,J22,2022-12-02,6.66,"Tezzeret, Artifice Master, Seat of the Synod, Planar Atlas, Aether Spellbomb, Whirler Rogue"
Inventive 2,Jumpstart,Other,J22,2022-12-02,3.04,"Seat of the Synod, Hangarback Walker, Whirler Rogue, Thriving Isle, Aviation Pioneer"
Inventive 3,Jumpstart,Other,J22,2022-12-02,3.25,"Seat of the Synod, Steel Overseer, Thopter Spy Network, Aether Spellbomb, Whirler Rogue"
Inventive 4,Jumpstart,Other,J22,2022-12-02,1.83,"Seat of the Synod, Solemn Simulacrum, Aether Spellbomb, Whirler Rogue, Thriving Isle"
Iroh,Jumpstart,Other,TLE,2025-11-20,15.66,"Bolt Bend, Iroh, Dragon of the West, Fiery Confluence, Zuko, Seeking Honor, Thriving Bluff"
Iron Maiden: Album Art,Secret Lair Drop,Other,SLD,2025-10-27,114.28,"Animate Dead, Unearth, Grave Titan, Lethal Scheme, Temporal Trespass"
Iron Maiden: Album Art Foil Edition,Secret Lair Drop,Other,SLD,2025-10-27,114.28,"Animate Dead, Unearth, Grave Titan, Lethal Scheme, Temporal Trespass"
Iron Maiden: Eddie Unchained,Secret Lair Drop,Other,SLD,2025-10-27,209.28,"Bruvac the Grandiloquent, Nekusar, the Mindrazer, Windfall, Mindcrank, Captain N'ghathrod"
Iron Maiden: Eddie Unchained Foil Edition,Secret Lair Drop,Other,SLD,2025-10-27,209.28,"Bruvac the Grandiloquent, Nekusar, the Mindrazer, Windfall, Mindcrank, Captain N'ghathrod"
Iron Man,Jumpstart,Other,MSH,2026-06-26,17.71,"Iron Man, Bleeding Edge, Origin of Iron Man, Iron Suitcase, Rescue, Pepper Potts, Happy Hogan, Bodyguard"
Ivory Doom,Theme Deck,Other,ONS,2002-10-07,253.95,"Smother, Astral Slide, Starlit Sanctum, Barren Moor, Secluded Steppe"
Ixalan Bundle Land Pack,Bundle Land Pack,Other,XLN,2017-09-29,1.9,"Island, Forest, Forest, Island, Forest"
Ixalan Foil Redemption,MTGO Redemption,Other,XLN,2017-10-29,357.88,"Gishath, Sun's Avatar, Revel in Riches, Herald of Secret Streams, Primal Amulet // Primal Wellspring, Vanquisher's Banner"
Ixalan Redemption,MTGO Redemption,Other,XLN,2017-10-29,357.88,"Gishath, Sun's Avatar, Revel in Riches, Herald of Secret Streams, Primal Amulet // Primal Wellspring, Vanquisher's Banner"
Ixidor's Legacy,Theme Deck,Other,PLC,2007-02-02,71.42,"Pongify, Desert, Piracy Charm, Aeon Chronicler, Riptide Pilferer"
Izzet,Guild Kit,Other,GK1,2018-11-02,15.94,"Electrostatic Field, Niv-Mizzet, the Firemind, Quasiduplicate, Stitch in Time, Cerebral Vortex"
Izzet Gizmometry,Theme Deck,Other,GPT,2006-02-03,53.45,"Gelectrode, Telling Time, Izzet Boilerworks, Repeal, Tibor and Lumia"
Izzet Ingenuity,Intro Pack,Other,RTR,2012-10-05,23.66,"Electrickery, Blustersquall, Mizzium Mortars, Guttersnipe, Krenko's Command"
Izzet League,Arena Starter Deck,Other,M20,2019-05-03,48.19,"Steam Vents, Niv-Mizzet, Parun, Electrostatic Field, Runaway Steam-Kin, Thousand-Year Storm"
Izzet League 1,Jumpstart,Other,CLU,2024-02-23,4.51,"Stunt Double, Consider, Turn to Frog, Izzet Boilerworks, Resonance Technician"
Izzet League 2,Jumpstart,Other,CLU,2024-02-23,13.3,"Corporeal Projection, Lightning Bolt, Izzet Signet, Hypersonic Dragon, Izzet Boilerworks"
Izzet Phoenix,Pioneer Challenger Deck,Other,Q08,2022-11-04,32.83,"Steam Vents, Treasure Cruise, Arclight Phoenix, Fiery Impulse, Sulfur Falls"
Izzet Spellweaving,Arena Starter Deck,Other,DOM,2018-03-22,32.16,"Primal Amulet // Primal Wellspring, Spell Swindle, Star of Extinction, Cryptic Serpent, Field of Ruin"
Jace,Duel Deck,Other,DD2,2008-11-07,20.5,"Counterspell, Terrain Generator, Jace Beleren, Gush, Daze"
Jace Japanese,Duel Deck,Other,DD2,2008-11-07,17.45,"Counterspell, Terrain Generator, Gush, Daze, Ancestral Vision"
"Jace, Arcane Strategist",Planeswalker Deck,Other,WAR,2019-05-03,17.07,"Spark Double, Kiora, Behemoth Beckoner, Merfolk Skydiver, Jace, Arcane Strategist, Guildpact Informant"
"Jace, Ingenious Mind Mage",Planeswalker Deck,Other,XLN,2017-09-29,28.24,"Herald of Secret Streams, Fleet Swallower, Tempest Caller, Island, Jace, Ingenious Mind-Mage"
Jakub Šlemr - Mono-Black Control,World Championship Deck,Other,WC99,1999-08-04,228.72,"Vampiric Tutor, Yawgmoth's Will, Volrath's Stronghold, Powder Keg, Wasteland"
Jakub Šlemr - Prismatic Black Aggro,World Championship Deck,Other,WC97,1997-08-13,38.6,"City of Brass, Undiscovered Paradise, Gemstone Mine, Swamp, Sulfurous Springs"
Jan Tomcani - Dark Fires,World Championship Deck,Other,WC01,2001-08-08,96.11,"Llanowar Wastes, City of Brass, Rishadan Port, Birds of Paradise, Forest"
Janosch Kühn - Angry Non-Hermit,World Championship Deck,Other,WC00,2000-08-02,62.56,"Dust Bowl, Rishadan Port, Birds of Paradise, Saproling Burst, Masticore"
Janosch Kühn - Red-White-Blue Speed Control,World Championship Deck,Other,WC97,1997-08-13,103.24,"Force of Will, Thawing Glaciers, City of Brass, Swords to Plowshares, Undiscovered Paradise"
Jaws: Terror of Amity Island,Secret Lair Drop,Other,SLD,2025-10-27,255.6,"Jaws, Relentless Predator, Descent into Avernus, Sneak Attack, Reckless Endeavor, Abrade"
Jaws: Terror of Amity Island Foil Edition,Secret Lair Drop,Other,SLD,2025-10-27,255.6,"Jaws, Relentless Predator, Descent into Avernus, Sneak Attack, Reckless Endeavor, Abrade"
Jeskai Monks,Intro Pack,Other,KTK,2014-09-26,11.62,"Monastery Swiftspear, Mystic Monastery, Void Snare, Mountain, Plains"
Jiang Yanggu,Planeswalker Deck,Other,GS1,2018-06-22,0.0,"Jiang Yanggu, Mountain, Forest, Screeching Phoenix, Journey for the Elixir"
Jon Finkel - Mono-Blue Tinker,World Championship Deck,Other,WC00,2000-08-02,111.43,"Grim Monolith, Metalworker, Rishadan Port, Tangle Wire, Masticore"
Journey 1,Jumpstart,Other,LTR,2023-06-23,9.28,"Elanor Gardner, Mirkwood Spider, Revive the Shire, Ent's Fury, Bombadil's Song"
Journey 2,Jumpstart,Other,LTR,2023-06-23,11.09,"Elanor Gardner, Peregrin Took, Revive the Shire, Forest, Meriadoc Brandybuck"
Journey into Nyx Foil Redemption,MTGO Redemption,Other,JOU,2014-06-01,492.89,"Sage of Hours, Mana Confluence, Athreos, God of Passage, Iroas, God of Victory, Godsend"
Journey into Nyx Redemption,MTGO Redemption,Other,JOU,2014-06-01,492.89,"Sage of Hours, Mana Confluence, Athreos, God of Passage, Iroas, God of Victory, Godsend"
Judgment Foil Redemption,MTGO Redemption,Other,JUD,2002-06-26,3435.8,"Sylvan Safekeeper, Cabal Therapy, Dwarven Bloodboiler, Anger, Seedtime"
Judgment Redemption,MTGO Redemption,Other,JUD,2002-06-26,3435.8,"Sylvan Safekeeper, Cabal Therapy, Dwarven Bloodboiler, Anger, Seedtime"
Julien Nuijten - Green-White Astral Slide,World Championship Deck,Other,WC04,2004-09-01,12.34,"Windswept Heath, Decree of Justice, Wrath of God, Akroma's Vengeance, Plains"
Jund Appetite for War,Intro Pack,Other,CON,2009-02-06,35.7,"Terramorphic Expanse, Voracious Dragon, Swamp, Forest, Forest"
Jungle Jam,MTGO Theme Deck,Other,MIR,2006-12-05,35.51,"Worldly Tutor, Zuberi, Golden Feather, Mountain Valley, Forest, Plains"
Jungle Secrets,Arena Starter Deck,Other,M19,2018-09-27,36.81,"Herald of Secret Streams, Kumena, Tyrant of Orazca, Tempest Caller, Merfolk Mistbinder, Seafloor Oracle"
Jurassic World: Dr. Ian Malcolm,Secret Lair Drop,Other,SLD,2023-12-05,92.9,"Atla Palani, Nest Tender, Tasigur, the Golden Fang, Tasha's Hideous Laughter, Laboratory Maniac"
Jurassic World: Dr. Ian Malcolm Foil Edition,Secret Lair Drop,Other,SLD,2023-12-05,100.98,"Atla Palani, Nest Tender, Tasigur, the Golden Fang, Tasha's Hideous Laughter, Laboratory Maniac"
Jurassic World: Life Breaks Free,Secret Lair Drop,Other,SLD,2023-12-05,202.26,"Etali, Primal Storm, Polyraptor, Regisaur Alpha, Rampaging Ferocidon, Wayward Swordtooth"
Jurassic World: Life Breaks Free Foil Edition,Secret Lair Drop,Other,SLD,2023-12-05,225.98,"Etali, Primal Storm, Polyraptor, Regisaur Alpha, Wayward Swordtooth, Rampaging Ferocidon"
Just Add Milk,Secret Lair Drop,Other,SLD,2022-12-19,66.89,"Ulamog, the Ceaseless Hunger // Ulamog, the Ceaseless Hunger, Ghalta, Primal Hunger // Ghalta, Primal Hunger, Etali, Primal Storm // Etali, Primal Storm"
Just Add Milk Foil Edition,Secret Lair Drop,Other,SLD,2022-12-19,66.89,"Ulamog, the Ceaseless Hunger // Ulamog, the Ceaseless Hunger, Ghalta, Primal Hunger // Ghalta, Primal Hunger, Etali, Primal Storm // Etali, Primal Storm"
Just Add Milk: Second Helpings,Secret Lair Drop,Other,SLD,2024-02-23,62.74,"Sakashima of a Thousand Faces // Sakashima of a Thousand Faces, Adrix and Nev, Twincasters // Adrix and Nev, Twincasters, Krark, the Thumbless // Krark, the Thumbless, Yargle, Glutton of Urborg // Yargle, Glutton of Urborg"
Just Add Milk: Second Helpings Foil Edition,Secret Lair Drop,Other,SLD,2024-02-23,62.74,"Sakashima of a Thousand Faces // Sakashima of a Thousand Faces, Adrix and Nev, Twincasters // Adrix and Nev, Twincasters, Krark, the Thumbless // Krark, the Thumbless, Yargle, Glutton of Urborg // Yargle, Glutton of Urborg"
Just Some Totally Normal Guys,Secret Lair Drop,Other,SLD,2022-08-05,58.64,"Void Winnower, Collector Ouphe, Vengevine, Goblin Settler"
Just Some Totally Normal Guys Foil Edition,Secret Lair Drop,Other,SLD,2022-08-05,58.64,"Void Winnower, Collector Ouphe, Vengevine, Goblin Settler"
KEXP: Where the Music Matters,Secret Lair Drop,Other,SLD,2025-05-13,21.78,"Swamp, Forest, Mountain, Island, Plains"
KEXP: Where the Music Matters Foil Edition,Secret Lair Drop,Other,SLD,2025-05-13,21.78,"Swamp, Forest, Mountain, Island, Plains"
KEXP: You Are Not Alone,Secret Lair Drop,Other,SLD,2025-05-13,71.95,"Concordant Crossroads, Font of Mythos, Rites of Flourishing, Folio of Fancies, Cultural Exchange"
KEXP: You Are Not Alone Foil Edition,Secret Lair Drop,Other,SLD,2025-05-13,71.95,"Concordant Crossroads, Font of Mythos, Rites of Flourishing, Folio of Fancies, Cultural Exchange"
Kai Budde - Red-Artifact Wildfire,World Championship Deck,Other,WC99,1999-08-04,171.42,"Ancient Tomb, City of Traitors, Grim Monolith, Cursed Scroll, Karn, Silver Golem"
Kaladesh Bundle Land Pack,Bundle Land Pack,Other,KLD,2016-09-30,0.0,"Island, Forest, Forest, Island, Swamp"
Kaladesh Foil Redemption,MTGO Redemption,Other,KLD,2016-10-30,284.95,"Aetherflux Reservoir, Inventors' Fair, Chandra, Torch of Defiance, Noxious Gearhulk, Reckless Fireweaver"
Kaladesh Gift Box Land Pack,Bundle Land Pack,Other,KLD,2016-11-25,0.0,"Island, Forest, Forest, Island, Swamp"
Kaladesh Redemption,MTGO Redemption,Other,KLD,2016-10-30,284.95,"Aetherflux Reservoir, Inventors' Fair, Chandra, Torch of Defiance, Noxious Gearhulk, Reckless Fireweaver"
Kaldheim Bundle Land Pack,Bundle Land Pack,Other,KHM,2021-02-05,8.4,"Swamp, Swamp, Island, Island, Mountain"
Kaldheim Foil Redemption,MTGO Redemption,Other,KHM,2021-03-07,396.48,"Vorinclex, Monstrous Raider, Birgi, God of Storytelling // Harnfel, Horn of Bounty, Magda, Brazen Outlaw, Halvar, God of Battle // Sword of the Realms, Esika, God of the Tree // The Prismatic Bridge"
Kaldheim Redemption,MTGO Redemption,Other,KHM,2021-03-07,396.48,"Vorinclex, Monstrous Raider, Birgi, God of Storytelling // Harnfel, Horn of Bounty, Magda, Brazen Outlaw, Halvar, God of Battle // Sword of the Realms, Esika, God of the Tree // The Prismatic Bridge"
Kaleidoscope Killers,Secret Lair Drop,Other,SLD,2019-12-08,103.55,"The Ur-Dragon, Sliver Overlord, Reaper King"
Kamahl's Temper,Theme Deck,Other,10E,2007-07-13,10.16,"Dragon's Claw, Blaze, Threaten, Incinerate, Raging Goblin"
Kami Reborn,Theme Deck,Other,CHK,2004-10-01,89.4,"Kodama's Reach, Honden of Night's Reach, Iname, Death Aspect, Honden of Life's Web, Long-Forgotten Gohei"
Kamigawa Ink,Secret Lair Drop,Other,SLD,2021-12-13,91.36,"Michiko Konda, Truth Seeker, Kami of the Crescent Moon, Heartless Hidetsugu, Reki, the History of Kamigawa, Toshiro Umezawa"
Kamigawa Ink Foil Edition,Secret Lair Drop,Other,SLD,2021-12-13,91.36,"Michiko Konda, Truth Seeker, Kami of the Crescent Moon, Heartless Hidetsugu, Reki, the History of Kamigawa, Toshiro Umezawa"
Kamigawa: Neon Dynasty Bundle Land Pack,Bundle Land Pack,Other,NEO,2022-02-18,0.0,"Swamp, Swamp, Swamp, Swamp, Mountain"
Kamigawa: Neon Dynasty Foil Redemption,MTGO Redemption,Other,NEO,2022-03-20,297.66,"Boseiju, Who Endures, Otawara, Soaring City, Kodama of the West Tree, Tamiyo's Safekeeping, Takenuma, Abandoned Mire"
Kamigawa: Neon Dynasty Redemption,MTGO Redemption,Other,NEO,2022-03-20,297.66,"Boseiju, Who Endures, Otawara, Soaring City, Kodama of the West Tree, Tamiyo's Safekeeping, Takenuma, Abandoned Mire"
Kamigawa: Neon Dynasty Welcome Booster,Welcome Booster,Other,NEO,2022-02-18,5.2,"Jugan, the Rising Star, Tamiyo, Collector of Tales, Archon of Sun's Grace, Spirited Companion, Commander's Sphere"
Kamigawa: the Manga: the Cards,Secret Lair Drop,Other,SLD,2022-07-22,108.26,"Veil of Summer, Swords to Plowshares, Idyllic Tutor, Praetor's Grasp, Solve the Equation"
Kamigawa: the Manga: the Cards Foil Edition,Secret Lair Drop,Other,SLD,2022-07-22,108.26,"Veil of Summer, Swords to Plowshares, Idyllic Tutor, Praetor's Grasp, Solve the Equation"
Kang Dynasty,Jumpstart,Other,MSH,2026-06-26,27.98,"Multiversal Recruitment, Immortus, Master of Eternity, Time Warp, Pharaoh Rama-Tut, Victor Timely, Wily Tycoon"
Katara,Jumpstart,Other,TLE,2025-11-20,10.5,"Katara, Waterbending Master, Consider, It'll Quench Ya!, Gran-Gran, Octopus Form"
Kazz's First Deck,Intro Pack,Other,ITP,1996-12-31,73.79,"Island, Merfolk of the Pearl Trident, Swamp, Mountain, Mountain"
Kazz's Second Deck,Intro Pack,Other,RQS,1996-06-10,0.0,"Island, Island, Mountain, Mountain, Mountain"
"Keep Partying Hard, Shred Harder Than You Previously Thought Possible",Secret Lair Drop,Other,SLD,2023-09-15,121.39,"Jeska, Thrice Reborn, Tevesh Szat, Doom of Fools, Vial Smasher the Fierce, Godo, Bandit Warlord"
"Keep Partying Hard, Shred Harder Than You Previously Thought Possible Foil Edition",Secret Lair Drop,Other,SLD,2023-09-15,121.39,"Jeska, Thrice Reborn, Tevesh Szat, Doom of Fools, Vial Smasher the Fierce, Godo, Bandit Warlord"
Keep the Peace,Arena Starter Deck,Other,ANB,2020-08-13,0.0,"Charmed Stray, Fencing Ace, Hallowed Priest, Impassioned Orator, Moorland Inquisitor"
Khans of Tarkir Foil Redemption,MTGO Redemption,Other,KTK,2014-10-26,402.05,"Wooded Foothills, Bloodstained Mire, Polluted Delta, Windswept Heath, Flooded Strand"
Khans of Tarkir Holiday Gift Box Land Pack,Bundle Land Pack,Other,KTK,2014-11-14,1.06,"Mountain, Forest, Plains, Plains, Forest"
Khans of Tarkir Redemption,MTGO Redemption,Other,KTK,2014-10-26,402.05,"Wooded Foothills, Bloodstained Mire, Polluted Delta, Windswept Heath, Flooded Strand"
Kiora,Duel Deck,Other,DDO,2015-02-27,1.36,"Kiora, the Crashing Wave, Whelming Wave, Scourge of Fleets, Inkwell Leviathan, Aetherize"
Kiska-Ra,Shandalar Enemy Deck,Other,PAST,1997-04-01,17357.61,"Time Walk, Ancestral Recall, Mox Pearl, Mox Emerald, Desert Twister"
Kithkin Militia,Theme Deck,Other,LRW,2007-10-12,94.72,"Brigid, Hero of Kinsbaile, Shields of Velis Vel, Crib Swap, Goldmeadow Harrier, Kithkin Harbinger"
Kjeldoran Cunning,Theme Deck,Other,CSP,2006-07-21,92.55,"Darien, King of Kjeldor, Field Marshal, Boreal Shelf, Swords to Plowshares, Jötun Grunt"
Knights,Duel Deck,Other,DDG,2011-04-01,30.74,"Kinsbaile Cavalier, Knight Exemplar, Loxodon Warhammer, Spidersilk Armor, Knight of the Reliquary"
Kor Armory,Intro Pack,Other,ZEN,2009-10-02,16.31,"Kor Skyfisher, Kabira Crossroads, Explorer's Scope, Kor Cartographer, Conqueror's Pledge"
Koth,Duel Deck,Other,DDI,2012-03-30,3.09,"Koth of the Hammer, Anger, Searing Blaze, Aether Membrane, Fiery Hellhound"
Kyoshi,Jumpstart,Other,TLE,2025-11-20,27.07,"Avatar Kyoshi, Earthbender, Cracked Earth Technique, Elephant-Mandrill, Tectonic Split, Kyoshi Warrior Exemplars"
Kzzy'n - The Dragon Lord,Shandalar Enemy Deck,Other,PAST,1997-04-01,390.02,"Mountain, Ivory Tower, Birds of Paradise, Winds of Change, Shivan Dragon"
Landfall (1),Jumpstart,Other,J25,2024-11-07,6.6,"Lotus Cobra, Undergrowth Champion, Sutina, Speaker of the Tajuru, Adventure Awaits, Baloth Woodcrasher"
Landfall (2),Jumpstart,Other,J25,2024-11-07,12.99,"Ancient Greenwarden, Retreat to Kazandu, Sutina, Speaker of the Tajuru, Territorial Scythecat, Bond of Flourishing"
Landfall (3),Jumpstart,Other,J25,2024-11-07,25.17,"Scythecat Cub, Retreat to Kazandu, Cliffhaven Kitesail, Sutina, Speaker of the Tajuru, Territorial Scythecat"
Landfall (4),Jumpstart,Other,J25,2024-11-07,25.17,"Scythecat Cub, Sutina, Speaker of the Tajuru, Grazing Gladehart, Sporemound, Baloth Woodcrasher"
Landfall 1,Jumpstart,Other,J22,2022-12-02,3.96,"Courser of Kruphix, Zendikar's Roil, Primeval Herald, Rampaging Baloths, Evolving Wilds"
Landfall 2,Jumpstart,Other,J22,2022-12-02,2.8,"Broken Bond, Avenger of Zendikar, Primeval Herald, Evolving Wilds, Fertilid"
Lands (1),Jumpstart,Other,JMP,2020-07-17,1.38,"Cultivate, Zendikar's Roil, Ulvenwald Hydra, Feral Hydra, Thriving Grove"
Lands (2),Jumpstart,Other,JMP,2020-07-17,5.86,"Oracle of Mul Daya, Cultivate, Feral Hydra, Sporemound, Thriving Grove"
Landslide Charge,Event Deck,Other,DTK,2015-03-27,50.41,"Stubborn Denial, Elvish Mystic, Mistcutter Hydra, Thunderbreak Regent, Frontier Bivouac"
Large and in Charge,Arena Starter Deck,Other,ANB,2020-08-13,0.0,"Jungle Delver, Ilysian Caryatid, Woodland Mystic, Wildwood Patrol, Baloth Packhunter"
Law 1,Jumpstart,Other,J22,2022-12-02,0.0,"Archon of Justice, Thriving Heath, Nightguard Patrol, Skyhunter Patrol, Plains"
Law 2,Jumpstart,Other,J22,2022-12-02,2.05,"Unquestioned Authority, Thriving Heath, Decree of Justice, Phalanx Tactics, Nightguard Patrol"
Law 3,Jumpstart,Other,J22,2022-12-02,2.05,"Unquestioned Authority, Gideon, Champion of Justice, Thriving Heath, Nightguard Patrol, Skyhunter Patrol"
Law 4,Jumpstart,Other,J22,2022-12-02,10.54,"Michiko Konda, Truth Seeker, Isamaru, Hound of Konda, Thriving Heath, Nightguard Patrol, Skyhunter Patrol"
Learning (1),Jumpstart,Other,TLE,2025-11-20,7.99,"Cracked Earth Technique, Crystalline Armor, Origin of Metalbending, Shared Roots, Forest"
Learning (2),Jumpstart,Other,TLE,2025-11-20,6.79,"Cracked Earth Technique, Master's Guidance, Forest, Aang, A Lot to Learn, Thriving Grove"
Legendary Flyers (Not That Kind),Secret Lair Drop,Other,SLD,2023-05-05,110.84,"Phage the Untouchable, Sen Triplets, Alela, Artful Provocateur, Yisan, the Wanderer Bard"
Legion (1),Jumpstart,Other,J25,2024-11-07,2.43,"Adeline, Resplendent Cathar, Hinterland Sanctifier, Recruitment Officer, Dawnwing Marshal, Raise the Alarm"
Legion (2),Jumpstart,Other,J25,2024-11-07,2.43,"Adeline, Resplendent Cathar, Hinterland Sanctifier, Triplicate Spirits, Recruitment Officer, Dawnwing Marshal"
Legion (3),Jumpstart,Other,JMP,2020-07-17,1.88,"Thriving Heath, Glorious Anthem, Plains, Release the Dogs, Plains"
Legion (4),Jumpstart,Other,JMP,2020-07-17,3.16,"Thriving Heath, Selfless Savior, Plains, Lena, Selfless Champion, Plains"
Legion Aloft,Intro Pack,Other,ARB,2009-04-30,97.25,"Whispersilk Cloak, Plains, Terramorphic Expanse, Etherium Sculptor, Path to Exile"
Legion of Dusk,Theme Deck,Other,E02,2017-11-24,35.04,"Beacon of Immortality, Vanquisher's Banner, Shielded by Faith, Day of Judgment, Bloodcrazed Paladin"
Legion of Glory,MTGO Theme Deck,Other,VIS,2006-04-10,8.9,"Retribution of the Meek, Plains, Zhalfirin Crusader, Plains, Plains"
Legions Foil Redemption,MTGO Redemption,Other,LGN,2003-03-05,2601.63,"Akroma, Angel of Wrath, Seedborn Muse, Graveborn Muse, Phage the Untouchable, Toxin Sliver"
Legions Redemption,MTGO Redemption,Other,LGN,2003-03-05,2601.63,"Akroma, Angel of Wrath, Seedborn Muse, Graveborn Muse, Phage the Untouchable, Toxin Sliver"
Legions of Phyrexia,Arena Starter Deck,Other,LTR,2023-06-20,10.81,"Phyrexian Arena, Gix, Yawgmoth Praetor, Essence of Orthodoxy, Caves of Koilos, Progenitor Exarch"
"Leon Lindback, Semifinalist",Pro Tour Deck,Other,PTC,1996-05-01,99.45,"Dance of the Dead, Necropotence, Strip Mine, Hypnotic Specter, Zuran Orb"
Leonardo,Theme Deck,Other,TMT,2026-03-06,1.0,"Splinter, Aging Champion, Splinter & Leo, Father & Son, Leonardo, Worldly Warrior, Quintessential Katana, Leonardo, Big Brother"
Lessons (1),Jumpstart,Other,TLE,2025-11-20,6.44,"Chakra Meditation, Whirlwind Technique, Boomerang Basics, Katara, Seeking Revenge, Accumulate Wisdom"
Lessons (2),Jumpstart,Other,TLE,2025-11-20,5.08,"Chakra Meditation, Whirlwind Technique, Katara, Seeking Revenge, Accumulate Wisdom, Gran-Gran"
Lethal,Jumpstart,Other,MSH,2026-06-26,9.49,"White Widow, Yelena Belova, Black Widow, Deadly Hunter, Origin of Black Widow, Titanium Man, Swamp"
Levelers Scorn,Intro Pack,Other,ROE,2010-04-23,40.69,"Telepathy, Island, Swamp, Island, Island"
Levelers' Glory,Intro Pack,Other,ROE,2010-04-23,30.9,"Island, Island, Island, Wall of Frost, Plains"
Li'l Giri Saves the Day,Secret Lair Drop,Other,SLD,2022-08-11,70.36,"Curiosity, Last Chance, Vandalblast, Peek, Greed"
Li'l Walkers,Secret Lair Drop,Other,SLD,2022-07-22,50.29,"Ashiok, Dream Render, Tamiyo, the Moon Sage, Sorin, Grim Nemesis, Ajani, Mentor of Heroes, Angrath, the Flame-Chained"
Li'l Walkers Foil Edition,Secret Lair Drop,Other,SLD,2022-07-22,50.29,"Ashiok, Dream Render, Tamiyo, the Moon Sage, Sorin, Grim Nemesis, Ajani, Mentor of Heroes, Angrath, the Flame-Chained"
Li'l'ler Walkers,Secret Lair Drop,Other,SLD,2022-11-14,59.64,"Narset, Parter of Veils, Elspeth, Sun's Champion, Garruk Wildspeaker, Saheeli, Sublime Artificer, Sarkhan Vol"
Li'l'ler Walkers Foil Edition,Secret Lair Drop,Other,SLD,2022-11-14,59.64,"Narset, Parter of Veils, Elspeth, Sun's Champion, Garruk Wildspeaker, Saheeli, Sublime Artificer, Sarkhan Vol"
Librarian,Jumpstart,Other,TLE,2025-11-20,6.37,"Wan Shi Tong, All-Knowing, Brainstorm, Dutiful Knowledge Seeker, Accumulate Wisdom, Suspicious Bookcase"
Library Depletion,Deck Builder's Toolkit,Other,M14,2013-07-19,7.76,"Codex Shredder, Psychic Spiral, Tome Scour, Psychic Strike, Paranoid Delusions"
Life Boost,Theme Deck,Other,8ED,2003-07-28,32.29,"Suntail Hawk, Spirit Link, Angel of Mercy, Glorious Anthem, Plains"
Life Drain,Theme Deck,Other,EVE,2008-07-25,173.88,"Batwing Brume, Rite of Consumption, Divinity of Pride, Swamp, Resplendent Mentor"
Life Gain,Deck Builder's Toolkit,Other,M14,2013-07-19,7.94,"Angelic Accord, Soulmender, Unflinching Courage, Congregate, Voracious Wurm"
Life Skills,Arena Starter Deck,Other,M21,2021-07-03,67.53,"Shadowspear, Vito, Thorn of the Dusk Rose, Baneslayer Angel, Silversmote Ghoul, Indulging Patrician"
Life for Death,Intro Pack,Other,NPH,2011-05-13,126.66,"Gut Shot, Mountain, Marrow Shards, Shattered Angel, Phyrexian Rebirth"
Lifegain,Theme Deck,Other,SOS,2026-04-24,9.08,"Haliya, Guided by Light, Starscape Cleric, Amalia Benavides Aguirre, Requiting Hex, Essence Channeler"
Lifeline,Arena Starter Deck,Other,AFR,2021-09-24,19.47,"Righteous Valkyrie, Valkyrie Harbinger, Branchloft Pathway // Boulderloft Pathway, Cleric Class, Icingdeath, Frost Tyrant"
Liftoff,Theme Deck,Other,ODY,2001-10-01,204.45,"Peek, Skycloud Egg, Plains, Mystic Crusader, Millikin"
Lightforce,Intro Pack,Other,M14,2013-07-19,32.31,"Elixir of Immortality, Angelic Accord, Indestructibility, Brave the Elements, Soulmender"
Lightning (1),Jumpstart,Other,JMP,2020-07-17,2.45,"Lightning Bolt, Mountain, Thriving Bluff, Lightning Phoenix, Lightning Axe"
Lightning (2),Jumpstart,Other,JMP,2020-07-17,0.0,"Ball Lightning, Chain Lightning, Mountain, Thriving Bluff, Lightning Phoenix"
Lightning Aggro,Challenger Deck,Other,Q02,2019-04-12,24.77,"Runaway Steam-Kin, Banefire, Rekindling Phoenix, Goblin Chainwhirler, Fanatical Firebrand"
Lil Legends,Secret Lair Drop,Other,SLD,2024-08-19,24.16,"Omnath, Locus of Creation, Orvar, the All-Form, Reya Dawnbringer, Drana, the Last Bloodchief, Lavinia, Azorius Renegade"
Lilest Walkers,Secret Lair Drop,Other,SLD,2023-09-22,29.84,"Karn, Scion of Urza, Venser, the Sojourner, Chandra, Flame's Catalyst, Aminatou, the Fateshifter, Daretti, Ingenious Iconoclast"
Lilest Walkers Foil Edition,Secret Lair Drop,Other,SLD,2023-09-22,25.42,"Aminatou, the Fateshifter, Chandra, Flame's Catalyst, Venser, the Sojourner, Karn, Scion of Urza, Daretti, Ingenious Iconoclast"
Liliana,Planeswalker Deck,Other,M19,2018-07-13,16.47,"Liliana, the Necromancer, Sovereign's Bite, Reassembling Skeleton, Blood Divination, Abnormal Endurance"
"Liliana, Death Mage",Planeswalker Deck,Other,M21,2020-07-03,8.21,"Liliana, Death Mage, Swamp, Swamp, Liliana's Scrounger, Demonic Embrace"
"Liliana, Death Wielder",Planeswalker Deck,Other,AKH,2017-04-28,6.98,"Liliana, Death Wielder, Grasping Dunes, Cartouche of Strength, Baleful Ammit, Channeler Initiate"
Line of Fire,Arena Starter Deck,Other,M21,2021-07-03,11.87,"Serrated Scorpion, Kroxa, Titan of Death's Hunger, Piper of the Swarm, Swamp, Tectonic Giant"
Little Bashers,Theme Deck,Other,MRD,2003-10-02,69.21,"Banshee's Blade, Viridian Longbow, Gold Myr, Loxodon Warhammer, Fireshrieker"
Lofi Girl: Beats to Cast To,Secret Lair Drop,Other,SLD,2026-09-01,118.47,"Starfield of Nyx, Paradise Mantle, Merchant Scroll, Felidar Guardian, Careful Study"
Lofi Girl: Beats to Cast To Foil Edition,Secret Lair Drop,Other,SLD,2026-09-01,118.47,"Starfield of Nyx, Paradise Mantle, Merchant Scroll, Felidar Guardian, Careful Study"
Lofty Heights,Theme Deck,Other,9ED,2005-07-29,37.21,"Mana Leak, Sleight of Hand, Telepathy, Boomerang, Confiscate"
Look at the Kitties,Secret Lair Drop,Other,SLD,2022-11-17,279.67,"Lord Windgrace, Felidar Sovereign, Violent Outburst, Descendants' Path"
Lord of Fate,Shandalar Enemy Deck,Other,PAST,1997-04-01,34.86,"Divine Transformation, Ornithopter, Dark Ritual, Serra Angel, Swamp"
Lorwyn Eclipsed Bundle Land Pack,Bundle Land Pack,Other,ECL,2026-01-23,0.0,"Swamp, Swamp, Forest, Forest, Plains"
Lorwyn Eclipsed Redemption,MTGO Redemption,Other,ECL,2026-02-11,217.97,"Chronicle of Victory, Hexing Squelcher, Bitterbloom Bearer, Bloom Tender, Moonshadow"
Lorwyn Fat Pack Land Pack,Bundle Land Pack,Other,LRW,2007-10-12,58.19,"Swamp, Island, Swamp, Forest, Forest"
Lorwyn Foil Redemption,MTGO Redemption,Other,LRW,2007-11-11,3005.51,"Thoughtseize, Wort, Boggart Auntie, Ponder, Thousand-Year Elixir, Mosswort Bridge"
Lorwyn Lightboxes,Secret Lair Drop,Other,SLD,2025-02-11,47.76,"Gilt-Leaf Palace, Secluded Glen, Auntie's Hovel, Wanderwine Hub, Ancient Amphitheater"
Lorwyn Lightboxes Foil Edition,Secret Lair Drop,Other,SLD,2025-02-11,47.76,"Gilt-Leaf Palace, Secluded Glen, Auntie's Hovel, Wanderwine Hub, Ancient Amphitheater"
Lorwyn Redemption,MTGO Redemption,Other,LRW,2007-11-11,3005.51,"Thoughtseize, Wort, Boggart Auntie, Ponder, Thousand-Year Elixir, Mosswort Bridge"
Lotus Field Combo,Pioneer Challenger Deck,Other,Q06,2021-10-15,42.84,"Lotus Field, Thespian's Stage, Mastermind's Acquisition, Peer into the Abyss, Dig Through Time"
MSCHF,Secret Lair Drop,Other,SLD,2022-02-04,132.07,"Swords to Plowshares, Grim Tutor, Teferi's Puzzle Box, Blood Moon, Cut // Ribbons"
Magic 2010 Fat Pack Land Pack,Bundle Land Pack,Other,M10,2009-07-17,14.91,"Plains, Island, Swamp, Forest, Mountain"
Magic 2010 Foil Redemption,MTGO Redemption,Other,M10,2009-08-16,1118.25,"Lurking Predators, Time Warp, Platinum Angel, Silence, Sphinx Ambassador"
Magic 2010 Redemption,MTGO Redemption,Other,M10,2009-08-16,1118.25,"Lurking Predators, Time Warp, Platinum Angel, Silence, Sphinx Ambassador"
Magic 2011 Fat Pack Land Pack,Bundle Land Pack,Other,M11,2010-07-16,28.98,"Plains, Island, Swamp, Mountain, Forest"
Magic 2011 Foil Redemption,MTGO Redemption,Other,M11,2010-08-15,1030.87,"Serra Ascendant, Primeval Titan, Liliana Vess, Voltaic Key, Pyretic Ritual"
Magic 2011 Redemption,MTGO Redemption,Other,M11,2010-08-15,1030.87,"Serra Ascendant, Primeval Titan, Liliana Vess, Voltaic Key, Pyretic Ritual"
Magic 2012 Fat Pack Land Pack,Bundle Land Pack,Other,M12,2011-07-15,6.54,"Swamp, Swamp, Mountain, Island, Plains"
Magic 2012 Foil Redemption,MTGO Redemption,Other,M12,2011-08-14,840.04,"Garruk, Primal Hunter, Grand Abolisher, Angelic Destiny, Sorin Markov, Jace's Archivist"
Magic 2012 Redemption,MTGO Redemption,Other,M12,2011-08-14,840.04,"Garruk, Primal Hunter, Grand Abolisher, Angelic Destiny, Sorin Markov, Jace's Archivist"
Magic 2013 Fat Pack Land Pack,Bundle Land Pack,Other,M13,2012-07-13,8.75,"Plains, Forest, Plains, Island, Forest"
Magic 2013 Foil Redemption,MTGO Redemption,Other,M13,2012-08-12,700.47,"Worldfire, Akroma's Memorial, Liliana of the Dark Realms, Vampire Nocturnus, Clock of Omens"
Magic 2013 Redemption,MTGO Redemption,Other,M13,2012-08-12,700.47,"Worldfire, Akroma's Memorial, Liliana of the Dark Realms, Vampire Nocturnus, Clock of Omens"
Magic 2014 Fat Pack Land Pack,Bundle Land Pack,Other,M14,2013-07-19,0.0,"Island, Swamp, Mountain, Forest, Plains"
Magic 2014 Foil Redemption,MTGO Redemption,Other,M14,2013-08-18,663.82,"Archangel of Thune, Kalonian Hydra, Darksteel Forge, Silence, Dark Prophecy"
Magic 2014 Redemption,MTGO Redemption,Other,M14,2013-08-18,663.82,"Archangel of Thune, Kalonian Hydra, Darksteel Forge, Silence, Dark Prophecy"
Magic 2015 Fat Pack Land Pack,Bundle Land Pack,Other,M15,2014-07-18,0.0,"Forest, Island, Mountain, Forest, Swamp"
Magic 2015 Foil Redemption,MTGO Redemption,Other,M15,2014-08-17,596.52,"Urborg, Tomb of Yawgmoth, Sliver Hivelord, Sliver Hive, The Chain Veil, Nissa, Worldwaker"
Magic 2015 Redemption,MTGO Redemption,Other,M15,2014-08-17,596.52,"Urborg, Tomb of Yawgmoth, Sliver Hivelord, Sliver Hive, The Chain Veil, Nissa, Worldwaker"
Magic Origins Fat Pack Land Pack,Bundle Land Pack,Other,ORI,2015-07-17,0.0,"Swamp, Island, Plains, Swamp, Mountain"
Magic Origins Foil Redemption,MTGO Redemption,Other,ORI,2015-08-16,524.47,"Starfield of Nyx, Alhammarret's Archive, Liliana, Heretical Healer // Liliana, Defiant Necromancer, Woodland Bellower, Elemental Bond"
Magic Origins Redemption,MTGO Redemption,Other,ORI,2015-08-16,524.47,"Starfield of Nyx, Alhammarret's Archive, Liliana, Heretical Healer // Liliana, Defiant Necromancer, Woodland Bellower, Elemental Bond"
Magic: The Baseballing,Secret Lair Drop,Other,SLD,2023-09-15,50.34,"Liliana Vess // Liliana Vess, Jace Beleren // Jace Beleren, Ajani Goldmane // Ajani Goldmane, Chandra Nalaar // Chandra Nalaar, Garruk Wildspeaker // Garruk Wildspeaker"
Magic: The Baseballing Foil Edition,Secret Lair Drop,Other,SLD,2023-09-15,50.34,"Liliana Vess // Liliana Vess, Jace Beleren // Jace Beleren, Ajani Goldmane // Ajani Goldmane, Chandra Nalaar // Chandra Nalaar, Garruk Wildspeaker // Garruk Wildspeaker"
MagicCon: the Gathering,Secret Lair Drop,Other,SLD,2025-08-18,42.69,"Sliver Legion, Pack Rat, Shared Summons, Sylvan Offering"
Mahō Gakuin Seishun Hakusho — 魔法学院青春白書,Secret Lair Drop,Other,SLD,2026-05-12,53.79,"Stinging Study, Thought Scour, Notion Thief, Rule of Law, Time Stretch"
Mahō Gakuin Seishun Hakusho — 魔法学院青春白書 Foil Edition,Secret Lair Drop,Other,SLD,2026-05-12,53.79,"Stinging Study, Thought Scour, Notion Thief, Rule of Law, Time Stretch"
Making Fetch Happen,Secret Lair Drop,Other,SLU,2020-05-29,215.65,"Scalding Tarn, Verdant Catacombs, Arid Mesa, Misty Rainforest, Marsh Flats"
Mana Ramp,Deck Builder's Toolkit,Other,ROE,2010-05-21,19.92,"Whispersilk Cloak, Explore, Pelakka Wurm, Frontier Guide, Timbermaw Larva"
Mandurang,Shandalar Enemy Deck,Other,PAST,1997-04-01,350.67,"Mountain, Dancing Scimitar, Carrion Ants, Braingeyser, Blood Lust"
Manipulative Monstrosities,Intro Pack,Other,THS,2013-09-27,9.27,"Archaeomancer, Curse of the Swine, Island, Coral Merfolk, Wall of Frost"
Manuel Bevand - Myr Incubator Combo,World Championship Deck,Other,WC04,2004-09-01,96.37,"Chrome Mox, Ancient Den, Krark-Clan Ironworks, Darksteel Citadel, Fabricate"
Marauders 1,Jumpstart,Other,LTR,2023-06-23,4.75,"Assault on Osgiliath, Erebor Flamesmith, Grishnákh, Brash Instigator, Gimli, Counter of Kills, Mountain"
Marauders 2,Jumpstart,Other,LTR,2023-06-23,4.75,"Assault on Osgiliath, Erebor Flamesmith, Grishnákh, Brash Instigator, Smite the Deathless, Gimli, Counter of Kills"
March of the Machine Bundle Land Pack,Bundle Land Pack,Other,MOM,2023-04-21,0.0,"Swamp, Forest, Swamp, Forest, Plains"
March of the Machine Foil Redemption,MTGO Redemption,Other,MOM,2023-05-17,281.47,"Etali, Primal Conqueror // Etali, Primal Sickness, Urabrask // The Great Work, Sheoldred // The True Scriptures, Tribute to the World Tree, Invasion of Ikoria // Zilortha, Apex of Ikoria"
March of the Machine Redemption,MTGO Redemption,Other,MOM,2023-05-17,281.47,"Etali, Primal Conqueror // Etali, Primal Sickness, Urabrask // The Great Work, Sheoldred // The True Scriptures, Tribute to the World Tree, Invasion of Ikoria // Zilortha, Apex of Ikoria"
March of the Machine Welcome Booster,Welcome Booster,Other,MOM,2023-04-21,1.86,"Siege Rhino, Chandra, Heart of Fire, Defiant Bloodlord, Commander's Sphere, Hellkite Punisher"
March of the Multitudes,Modern Event Deck,Other,MD1,2014-05-30,72.69,"Sword of Feast and Famine, City of Brass, Elspeth, Knight-Errant, Soul Warden, Path to Exile"
Mardu Raiders,Intro Pack,Other,KTK,2014-09-26,6.84,"Gurmag Swiftwing, Nomad Outpost, Crackling Doom, Mountain, Ankle Shanker"
"Mark Justice, Quarterfinalist",Pro Tour Deck,Other,PTC,1996-05-01,98.48,"City of Brass, Winter Orb, Lightning Bolt, Mishra's Factory, Swords to Plowshares"
Mark Le Pine - Sped Red,World Championship Deck,Other,WC99,1999-08-04,78.65,"Ancient Tomb, Cursed Scroll, Wasteland, Mountain, Mountain"
Martial Law,Theme Deck,Other,P02,1998-06-24,51.29,"Armageddon, Angel of Fury, Plains, Alaborn Veteran, Plains"
Marvel Super Heroes Bundle Land Pack,Bundle Land Pack,Other,MSH,2025-09-26,2.21,"Swamp, Island, Swamp, Mountain, Island"
Marvel Super Heroes Draft Night Land Pack,Bundle Land Pack,Other,MSH,2025-09-26,0.0,"Forest, Island, Swamp, Mountain, Swamp"
Marvel's Black Panther,Secret Lair Drop,Other,SLD,2024-11-05,62.55,"Heroic Intervention, Black Panther, Wakandan King, Primal Vigor, Karn's Bastion, Secure the Wastes"
Marvel's Black Panther Foil Edition,Secret Lair Drop,Other,SLD,2024-11-05,62.55,"Heroic Intervention, Black Panther, Wakandan King, Primal Vigor, Karn's Bastion, Secure the Wastes"
Marvel's Captain America,Secret Lair Drop,Other,SLD,2024-11-05,119.7,"Captain America, First Avenger, Flawless Maneuver, Sigarda's Aid, Sword of War and Peace, In the Trenches"
Marvel's Captain America Foil Edition,Secret Lair Drop,Other,SLD,2024-11-05,119.7,"Captain America, First Avenger, Flawless Maneuver, Sigarda's Aid, Sword of War and Peace, In the Trenches"
Marvel's Deadpool,Secret Lair Drop,Other,SLD,2025-04-02,58.32,"Deadly Rollick, Deadpool, Trading Card, Saw in Half, Blasphemous Act, Vandalblast"
Marvel's Deadpool Foil Edition,Secret Lair Drop,Other,SLD,2025-04-02,58.32,"Deadly Rollick, Deadpool, Trading Card, Saw in Half, Blasphemous Act, Vandalblast"
Marvel's Deadpool: I Fixed It (You're Welcome),Secret Lair Drop,Other,SLD,2026-04-06,17.28,"Sol Ring, Lightning Greaves, Lightning Bolt, Deadly Dispute, Thrill of Possibility"
Marvel's Deadpool: I Fixed It (You're Welcome) Foil Edition,Secret Lair Drop,Other,SLD,2026-04-06,17.28,"Sol Ring, Lightning Greaves, Lightning Bolt, Deadly Dispute, Thrill of Possibility"
Marvel's Deadpool: I Fixed It (You're Welcome) Pool Party Foil Edition,Secret Lair Drop,Other,SLD,2026-04-06,30.45,"Sol Ring, Lightning Greaves, Lightning Bolt, Deadly Dispute, Thrill of Possibility"
Marvel's Hulk: SMASH!,Secret Lair Drop,Other,SLD,2026-09-01,44.65,"Rishkar's Expertise, Unnatural Growth, Anger, Gratuitous Violence, Search for Tomorrow"
Marvel's Hulk: SMASH! Foil Edition,Secret Lair Drop,Other,SLD,2026-09-01,44.65,"Rishkar's Expertise, Unnatural Growth, Anger, Gratuitous Violence, Search for Tomorrow"
Marvel's Iron Man,Secret Lair Drop,Other,SLD,2024-11-05,117.01,"Commander's Plate, Iron Man, Titan of Innovation, Inventors' Fair, Sol Ring, Galvanic Blast"
Marvel's Iron Man Foil Edition,Secret Lair Drop,Other,SLD,2024-11-05,117.01,"Commander's Plate, Iron Man, Titan of Innovation, Inventors' Fair, Sol Ring, Galvanic Blast"
Marvel's Spider-Man Bundle Land Pack,Bundle Land Pack,Other,SPM,2025-09-26,0.0,"Swamp, Forest, Plains, Island, Forest"
Marvel's Spider-Man Foil Bundle Land Pack,Bundle Land Pack,Other,SPM,2025-09-26,0.0,"Swamp, Forest, Plains, Island, Forest"
Marvel's Spider-Man: Daily Bugle Breaking News,Secret Lair Drop,Other,SLD,2025-09-30,46.29,"Frantic Search, Blasphemous Act, Scheming Symmetry, Impact Tremors, Fact or Fiction"
Marvel's Spider-Man: Daily Bugle Breaking News Foil Edition,Secret Lair Drop,Other,SLD,2025-09-30,46.29,"Frantic Search, Blasphemous Act, Scheming Symmetry, Impact Tremors, Fact or Fiction"
Marvel's Spider-Man: Heroic Deeds,Secret Lair Drop,Other,SLD,2025-09-30,53.81,"Three Visits, Sol Ring, Ephemerate, Lightning Greaves, Command Tower"
Marvel's Spider-Man: Heroic Deeds Foil Edition,Secret Lair Drop,Other,SLD,2025-09-30,53.81,"Three Visits, Sol Ring, Ephemerate, Lightning Greaves, Command Tower"
Marvel's Spider-Man: Mana Symbiote Raised Foil Edition,Secret Lair Drop,Other,SLD,2025-09-30,63.34,"Swamp, Mountain, Plains, Forest, Island"
Marvel's Spider-Man: Venom Unleashed (Colors),Secret Lair Drop,Other,SLD,2025-09-30,54.02,"Damnation, Dark Ritual, Peer into the Abyss, Surgical Extraction, Tendrils of Agony"
Marvel's Spider-Man: Venom Unleashed (Colors) Foil Edition,Secret Lair Drop,Other,SLD,2025-09-30,54.02,"Damnation, Dark Ritual, Peer into the Abyss, Surgical Extraction, Tendrils of Agony"
Marvel's Spider-Man: Venom Unleashed (Inks),Secret Lair Drop,Other,SLD,2025-09-30,41.73,"Damnation, Dark Ritual, Peer into the Abyss, Surgical Extraction, Tendrils of Agony"
Marvel's Spider-Man: Venom Unleashed (Inks) Foil Edition,Secret Lair Drop,Other,SLD,2025-09-30,41.73,"Damnation, Dark Ritual, Peer into the Abyss, Surgical Extraction, Tendrils of Agony"
Marvel's Spider-Man: Villainous Plots,Secret Lair Drop,Other,SLD,2025-09-30,46.5,"Sol Ring, Deadly Dispute, Lightning Greaves, Go for the Throat, Command Tower"
Marvel's Spider-Man: Villainous Plots Foil Edition,Secret Lair Drop,Other,SLD,2025-09-30,46.5,"Sol Ring, Deadly Dispute, Lightning Greaves, Go for the Throat, Command Tower"
Marvel's Storm,Secret Lair Drop,Other,SLD,2024-11-05,106.57,"Jeska's Will, Storm, Force of Nature, Manamorphose, Ice Storm, Lightning Bolt"
Marvel's Storm Foil Edition,Secret Lair Drop,Other,SLD,2024-11-05,106.57,"Jeska's Will, Storm, Force of Nature, Manamorphose, Ice Storm, Lightning Bolt"
Marvel's Wolverine,Secret Lair Drop,Other,SLD,2024-11-05,139.87,"The Ozolith, Wolverine, Best There Is, Rhythm of the Wild, Berserk, Rite of Passage"
Marvel's Wolverine Foil Edition,Secret Lair Drop,Other,SLD,2024-11-05,139.87,"The Ozolith, Wolverine, Best There Is, Rhythm of the Wild, Berserk, Rite of Passage"
Marvel: Dan Hipp,Secret Lair Drop,Other,SLD,2026-09-01,83.65,"Bristly Bill, Spine Sower, Training Grounds, An Offer You Can't Refuse, Endrek Sahr, Master Breeder, Mystical Dispute"
Marvel: Dan Hipp Foil Edition,Secret Lair Drop,Other,SLD,2026-09-01,83.65,"Bristly Bill, Spine Sower, Training Grounds, An Offer You Can't Refuse, Endrek Sahr, Master Breeder, Mystical Dispute"
Marvel: Earth's Mightiest Pets,Secret Lair Drop,Other,SLD,2026-09-01,48.26,"Shark Typhoon, Titanic Ultimatum, Lightning Bolt, Searing Blaze, Ephemerate"
Marvel: Earth's Mightiest Pets Foil Edition,Secret Lair Drop,Other,SLD,2026-09-01,48.26,"Shark Typhoon, Titanic Ultimatum, Lightning Bolt, Searing Blaze, Ephemerate"
Marvel: Spinner Rack Specials,Secret Lair Drop,Other,SLD,2026-07-21,43.45,"Hex Magic, Tippy-Toe, Terrific Partner, Baxter Building, Hammerhead, Maggia Boss, Undead Hand Ninja"
Marvel: Spinner Rack Specials Foil Edition,Secret Lair Drop,Other,SLD,2026-07-21,43.45,"Hex Magic, Tippy-Toe, Terrific Partner, Baxter Building, Hammerhead, Maggia Boss, Undead Hand Ninja"
Marvel: True Believers in Love,Secret Lair Drop,Other,SLD,2026-09-01,60.36,"Grave Pact, Savor the Moment, Thrill of Possibility, Run Away Together, Happily Ever After"
Marvel: True Believers in Love Foil Edition,Secret Lair Drop,Other,SLD,2026-09-01,60.36,"Grave Pact, Savor the Moment, Thrill of Possibility, Run Away Together, Happily Ever After"
Marvelous,Jumpstart,Other,MSH,2026-06-26,22.55,"Captain Marvel, Shooting Star, Quantum Entanglement, Photon, Lady of Light, Ms. Marvel, Elastic Ally, Marvel Boy, Noh-Varr"
Massed Ranks,Intro Pack,Other,DTK,2015-03-27,10.88,"Secure the Wastes, Inspiring Call, Plains, Forest, Enduring Scalelord"
Massive Menagerie,Arena Starter Deck,Other,M21,2021-07-03,25.4,"Serpent of Yawning Depths, Elder Gargaroth, Ram Through, Kogla, the Titan Ape, Cultivate"
Massive Might,Game Night Deck,Other,GN2,2019-11-15,9.85,"Voracious Hydra, Earthshaker Giant, Ripjaw Raptor, Ghalta, Primal Hunger, Leafkin Druid"
Master Blaster,Theme Deck,Other,DST,2004-02-06,117.04,"Great Furnace, Darksteel Citadel, Iron Myr, Pyrite Spellbomb, Molten Rain"
Masters of Evil,Jumpstart,Other,MSH,2026-06-26,5.2,"Crimson Cowl, Master of Evil, Radioactive Man, Villainous Syndication, Tiger Shark, Abyssal Hunter, Swamp"
Math Is For Blockers,Secret Lair Drop,Other,SLD,2021-12-13,34.11,"Ohran Frostfang, Brazen Borrower // Petty Theft, Vindictive Lich, Thragtusk, Meandering Towershell"
Math Is For Blockers Foil Edition,Secret Lair Drop,Other,SLD,2021-12-13,34.11,"Ohran Frostfang, Brazen Borrower // Petty Theft, Vindictive Lich, Thragtusk, Meandering Towershell"
Matt Linde - Mono-Green Stompy,World Championship Deck,Other,WC99,1999-08-04,327.99,"Gaea's Cradle, Cursed Scroll, Forest, Forest, Rancor"
Max Attax,Theme Deck,Other,SCG,2003-05-26,252.91,"Smother, Temple of the False God, Tranquil Thicket, Barren Moor, Swamp"
Mayhem,Jumpstart,Other,MSH,2026-06-26,7.05,"Green Goblin, Back for More, Daily Bugle Newspaper, Sadistic Slash, Swamp, Rocket-Powered Goblin Glider"
Meditations on Nature,Secret Lair Drop,Other,SLD,2023-12-18,104.52,"Mountain, Plains, Island, Forest, Swamp"
Meditations on Nature Foil Edition,Secret Lair Drop,Other,SLD,2023-11-30,104.52,"Mountain, Plains, Island, Forest, Swamp"
Mercenaries,Theme Deck,Other,NEM,2000-02-14,1296.15,"Dark Ritual, Massacre, Cateran Summons, Haunted Crossroads, Belbe's Portal"
Mercenaries - Enhanced Deck,Enhanced Deck,Other,NEM,2000-02-14,1459.85,"Dark Ritual, Yawgmoth's Will, Cateran Summons, Contamination, Silent Assassin"
Merfolk,Duel Deck,Other,DDT,2017-11-10,12.22,"Misdirection, Master of the Pearl Trident, Harbinger of the Tides, Engulf the Shore, Master of Waves"
Merfolk 1,Jumpstart,Other,J22,2022-12-02,0.0,"Merrow Reejerey, Seafloor Oracle, Triton Shorestalker, Sage of the Falls, Thriving Isle"
Merfolk 2,Jumpstart,Other,J22,2022-12-02,0.0,"Svyelun of Sea and Sky, Merrow Reejerey, Triton Shorestalker, Merfolk Pupil, Thriving Isle"
Merfolk 3,Jumpstart,Other,J22,2022-12-02,0.0,"Merrow Reejerey, Triton Shorestalker, Harbinger of the Tides, Stonybrook Angler, Fallowsage"
Merfolk 4,Jumpstart,Other,J22,2022-12-02,0.0,"Merfolk Sovereign, Merrow Reejerey, Triton Shorestalker, Thriving Isle, Aquatic Incursion"
Merfolk Shaman,Shandalar Enemy Deck,Other,PAST,1997-04-01,71.97,"Island Fish Jasconius, Lord of Atlantis, Unstable Mutation, Magical Hack, Segovian Leviathan"
Merrow Riverways,Theme Deck,Other,LRW,2007-10-12,438.3,"Ponder, Springleaf Drum, Merrow Commerce, Wanderwine Prophets, Sygg, River Guide"
Metalcraft,Intro Pack,Other,SOM,2010-10-01,95.11,"Memnite, Galvanic Blast, Etched Champion, Silver Myr, Trinket Mage"
Metallic Dreams,Planechase Deck,Other,HOP,2009-09-04,91.47,"Darksteel Forge, Fabricate, Great Furnace, Vault of Whispers, Arcbound Crusher"
"Michael Loconto, Champion",Pro Tour Deck,Other,PTC,1996-05-01,87.44,"Land Tax, Strip Mine, Adarkar Wastes, Island, Mishra's Factory"
Michealangelo,Theme Deck,Other,TMT,2026-03-06,4.03,"Mona Lisa, Ever Adaptable, Michelangelo, On the Scene, Mona Lisa, Science Geek, Frog Butler, Guac & Marshmallow Pizza"
Midrange Green,Deck Builder's Toolkit,Other,M13,2012-07-13,3.01,"Bond Beetle, Elvish Visionary, Mwonvuli Beast Tracker, Borderland Ranger, Yeva's Forcemage"
Might,Duel Deck,Other,DDS,2017-03-31,32.69,"Coat of Arms, Zo-Zu the Punisher, Lovisa Coldeyes, Guttural Response, Rampant Growth"
Migraine,Theme Deck,Other,STH,1998-03-02,30.33,"Ensnaring Bridge, Bottomless Pit, Dark Ritual, Megrim, Portcullis"
Migraine - Advanced Deck,Advanced Deck,Other,STH,1998-03-02,207.63,"Vampiric Tutor, Wasteland, Anvil of Bogardan, Ensnaring Bridge, Bottomless Pit"
Milling,Jumpstart,Other,JMP,2020-07-17,42.43,"Bruvac the Grandiloquent, Capture Sphere, Thought Scour, Island, Teferi's Tutelage"
Mind,Duel Deck,Other,DDS,2017-03-31,15.94,"Desperate Ritual, Snap, Beacon of Tomorrows, Deep-Sea Kraken, Jhoira of the Ghitu"
Mind Stealer,Shandalar Enemy Deck,Other,PAST,1997-04-01,134.85,"Junún Efreet, Sindbad, Fellwar Stone, Mind Twist, Animate Dead"
Mind Swarm,Theme Deck,Other,DST,2004-02-06,128.75,"Vault of Whispers, Geth's Grimoire, Leaden Myr, Skeleton Shard, Chittering Rats"
Mind of the Void,Theme Deck,Other,PS11,2011-01-01,0.0,"Island, Island, Island, Island, Plains"
Minions (1),Jumpstart,Other,JMP,2020-07-17,0.0,"Swamp, Village Rites, Innocent Blood, Crypt Lurker, Swamp"
Minions (2),Jumpstart,Other,JMP,2020-07-17,0.0,"Swamp, Village Rites, Crypt Lurker, Swamp, Drainpipe Vermin"
Minions (3),Jumpstart,Other,JMP,2020-07-17,25.99,"Phyrexian Tower, Swamp, Village Rites, Fetid Imp, Crypt Lurker"
Minions (4),Jumpstart,Other,JMP,2020-07-17,4.02,"Ghoulcaller Gisa, Swamp, Village Rites, Innocent Blood, Fetid Imp"
Minotaurs (1),Jumpstart,Other,JMP,2020-07-17,5.11,"Herald's Horn, Sethron, Hurloon General, Thriving Bluff, Minotaur Skullcleaver, Mugging"
Minotaurs (2),Jumpstart,Other,JMP,2020-07-17,1.58,"Unleash Fury, Traitorous Greed, Sethron, Hurloon General, Rageblood Shaman, Thriving Bluff"
Mirrodin Besieged Fat Pack Land Pack,Bundle Land Pack,Other,MBS,2011-02-04,11.8,"Swamp, Forest, Swamp, Mountain, Forest"
Mirrodin Besieged Foil Redemption,MTGO Redemption,Other,MBS,2011-03-06,910.96,"Blightsteel Colossus, Sword of Feast and Famine, Consecrated Sphinx, Green Sun's Zenith, Inkmoth Nexus"
Mirrodin Besieged Redemption,MTGO Redemption,Other,MBS,2011-03-06,910.96,"Blightsteel Colossus, Sword of Feast and Famine, Consecrated Sphinx, Green Sun's Zenith, Inkmoth Nexus"
Mirrodin Foil Redemption,MTGO Redemption,Other,MRD,2003-11-01,3150.73,"Chrome Mox, Quicksilver Elemental, Sword of Kaldra, Chalice of the Void, Seething Song"
Mirrodin Pure,MTGO Duel Deck,Other,TD2,2013-01-11,0.0,"Platinum Angel, Ardent Recruit, Argent Sphinx, Darksteel Gargoyle, Darksteel Sentinel"
Mirrodin Redemption,MTGO Redemption,Other,MRD,2003-11-01,3150.73,"Chrome Mox, Quicksilver Elemental, Sword of Kaldra, Chalice of the Void, Seething Song"
Mirrodinsanity,Secret Lair Drop,Other,SLD,2022-01-28,171.22,"Seat of the Synod, Great Furnace, Vault of Whispers, Ancient Den, Tree of Tales"
Mirrodinsanity Foil Edition,Secret Lair Drop,Other,SLD,2022-01-28,171.22,"Seat of the Synod, Great Furnace, Vault of Whispers, Ancient Den, Tree of Tales"
Mirromancy,Intro Pack,Other,MBS,2011-02-04,71.56,"Preordain, Silver Myr, Iron Myr, Lightning Bolt, Red Sun's Zenith"
Mite-y 1,Jumpstart,Other,ONE,2023-02-10,1.26,"Mite Overseer, Planar Disruption, Infested Fleshcutter, Annex Sentry, Basilica Shepherd"
Mite-y 2,Jumpstart,Other,ONE,2023-02-10,1.26,"Mite Overseer, Ossification, Crawling Chorus, Plains, Plains"
Mob Rule,Intro Pack,Other,M13,2012-07-13,21.67,"Fervor, Krenko, Mob Boss, Ring of Valkas, Krenko's Command, Forest"
Modern Horizons 2 Bundle Land Pack,Bundle Land Pack,Other,MH2,2021-06-18,0.0,"Island, Island, Plains, Plains, Plains"
Modern Horizons 3 Bundle Land Pack,Bundle Land Pack,Other,MH3,2024-06-14,0.0,"Plains, Plains, Swamp, Swamp, Mountain"
Modified,Jumpstart,Other,J25,2024-11-07,19.08,"Kodama of the West Tree, Wolfrider's Saddle, Audacity, Gnarlid Colony, Defend the Celestus"
Molimo's Might,Theme Deck,Other,10E,2007-07-13,43.72,"Hurricane, Rampant Growth, Molimo, Maro-Sorcerer, Blanchwood Armor, Forest"
Mono Black,Arena Starter Kit,Other,M21,2020-07-03,15.79,"Demon of Loathing, Serrated Scorpion, Peer into the Abyss, Swamp, Demonic Embrace"
Mono Black Amazon,Arena Starter Kit,Other,M21,2020-07-03,15.79,"Demon of Loathing, Serrated Scorpion, Peer into the Abyss, Swamp, Demonic Embrace"
Mono Green,Arena Starter Kit,Other,M21,2020-07-03,9.71,"Ironscale Hydra, Ram Through, Colossification, Llanowar Visionary, Yorvo, Lord of Garenbrig"
Mono Green Amazon,Arena Starter Kit,Other,M21,2020-07-03,9.71,"Ironscale Hydra, Ram Through, Colossification, Llanowar Visionary, Yorvo, Lord of Garenbrig"
Mono White Aggro,Challenger Deck,Other,Q07,2022-04-01,4.57,"Paladin Class, Luminarch Aspirant, Intrepid Adversary, Thalia, Guardian of Thraben, Skyclave Apparition"
Mono-Green Stompy,Challenger Deck,Other,Q05,2021-04-02,17.34,"Turntimber Symbiosis // Turntimber, Serpentine Wood, Gemrazer, Ram Through, Stonecoil Serpent, Garruk, Unleashed"
Mono-Red Aggro,Challenger Deck,Other,Q05,2021-04-02,29.76,"Embercleave, Shatterskull Smashing // Shatterskull, the Hammer Pass, Torbran, Thane of Red Fell, Mountain, Castle Embereth"
Mono-Red Burn,Pioneer Challenger Deck,Other,Q06,2021-10-15,19.2,"Monastery Swiftspear, Soul-Scar Mage, Ramunap Ruins, Wizard's Lightning, Lightning Strike"
Monster Anatomy 101,Secret Lair Drop,Other,SLD,2022-01-28,128.79,"Gishath, Sun's Avatar, Goblin Trashmaster, Ilharg, the Raze-Boar, Protean Hulk, Fleet Swallower"
Monster Anatomy 101 Foil Etched Edition,Secret Lair Drop,Other,SLD,2022-01-28,128.79,"Gishath, Sun's Avatar, Goblin Trashmaster, Ilharg, the Raze-Boar, Protean Hulk, Fleet Swallower"
Monster Movie Marathon,Secret Lair Drop,Other,SLD,2022-01-28,98.92,"Blasphemous Act, Beast Within, Grafdigger's Cage, Dismember"
Monster Movie Marathon Foil Edition,Secret Lair Drop,Other,SLD,2022-01-28,98.92,"Blasphemous Act, Beast Within, Grafdigger's Cage, Dismember"
Monster Territory,Jumpstart,Other,DMU,2022-09-09,1.91,"Forest, Briar Hydra, The Weatherseed Treaty, Haunted Mire, Wooded Ridgeline"
Monsters,Duel Deck,Other,DDL,2013-09-06,2.64,"Orcish Lumberjack, Skarrg, the Rage Pits, Beast Within, Polukranos, World Eater, Regrowth"
Monstrous Magazines,Secret Lair Drop,Other,SLD,2024-10-01,54.68,"Koma, Cosmos Serpent, Doom Whisperer, Mazirek, Kraul Death Priest, Uril, the Miststalker, Ravenous Chupacabra"
Monstrous Magazines Foil Edition,Secret Lair Drop,Other,SLD,2024-10-01,54.68,"Koma, Cosmos Serpent, Doom Whisperer, Mazirek, Kraul Death Priest, Uril, the Miststalker, Ravenous Chupacabra"
Monstrous Surprise,Intro Pack,Other,DKA,2012-02-03,20.45,"Pyreheart Wolf, Rampant Growth, Mountain, Strangleroot Geist, Gutter Grime"
Monty Python and the Holy Grail: Vol. 1,Secret Lair Drop,Other,SLD,2024-07-30,191.74,"Birds of Paradise // Birds of Paradise, Three Visits, Dismember, Buried Alive, Prodigal Sorcerer"
Monty Python and the Holy Grail: Vol. 1 Foil Edition,Secret Lair Drop,Other,SLD,2024-07-30,191.74,"Birds of Paradise // Birds of Paradise, Three Visits, Dismember, Buried Alive, Prodigal Sorcerer"
Monty Python and the Holy Grail: Vol. 2,Secret Lair Drop,Other,SLD,2024-07-30,85.46,"Ashnod's Altar, Door to Nothingness, Dark Depths"
Monty Python and the Holy Grail: Vol. 2 Foil Edition,Secret Lair Drop,Other,SLD,2024-07-30,85.46,"Ashnod's Altar, Door to Nothingness, Dark Depths"
Morbid 1,Jumpstart,Other,J22,2022-12-02,9.67,"Spawning Pit, Tragic Slip, Reaper from the Abyss, Village Rites, Mortuary Mire"
Morbid 2,Jumpstart,Other,J22,2022-12-02,3.24,"Tragic Slip, Reassembling Skeleton, Skirsdag High Priest, Vampiric Rites, Village Rites"
Mordor 1,Jumpstart,Other,LTR,2023-06-23,42.88,"Nazgûl, Ringwraiths, Gothmog, Morgul Lieutenant, Claim the Precious, Gollum, Patient Plotter"
Mordor 2,Jumpstart,Other,LTR,2023-06-23,7.04,"Ringwraiths, Gothmog, Morgul Lieutenant, Gríma Wormtongue, Gollum, Patient Plotter, Swamp"
Mordor: Black-Red,Starter Kit,Other,LTR,2023-06-23,25.17,"Witch-king, Bringer of Ruin, Sauron, the Lidless Eye, Fires of Mount Doom, Gollum, Scheming Guide, Cast into the Fire"
More Adventures in Middle-earth,Secret Lair Drop,Other,SLD,2023-08-29,78.29,"Gandalf, Friend of the Shire, Shire Terrace, Mirror of Galadriel, Slip On the Ring"
More Adventures in Middle-earth Foil Edition,Secret Lair Drop,Other,SLD,2023-08-29,78.29,"Gandalf, Friend of the Shire, Shire Terrace, Mirror of Galadriel, Slip On the Ring"
More Borderless Planeswalkers,Secret Lair Drop,Other,SLD,2023-03-17,32.05,"Ugin, the Ineffable, Sorin, Imperious Bloodlord, Nicol Bolas, Dragon-God, Sarkhan, Dragonsoul"
Morningtide Foil Redemption,MTGO Redemption,Other,MOR,2008-03-02,2093.5,"Scapeshift, Bitterblossom, Idyllic Tutor, Lightning Crafter, Maralen of the Mornsong"
Morningtide Redemption,MTGO Redemption,Other,MOR,2008-03-02,2093.5,"Scapeshift, Bitterblossom, Idyllic Tutor, Lightning Crafter, Maralen of the Mornsong"
Morph Mayhem,Theme Deck,Other,LGN,2003-02-03,167.04,"Lonely Sandbar, Secluded Steppe, Whipcorder, Chromeshell Crab, Island"
Mortal Coil,Theme Deck,Other,SHM,2008-05-02,330.53,"Faerie Macabre, Helm of the Ghastlord, Fate Transfer, Wingrattle Scarecrow, Swamp"
Mortals 1,Jumpstart,Other,LTR,2023-11-03,0.0,"Eagle of Deliverance, Éowyn, Lady of Rohan, Barrow-Blade, Plains, Plains"
Mortals 2,Jumpstart,Other,LTR,2023-11-03,2.56,"Reprieve, Eagle of Deliverance, Slip On the Ring, Inherited Envelope, Plains"
Mortals of Myth,Intro Pack,Other,JOU,2014-05-02,20.09,"Spear of Heliod, Solidarity of Heroes, Raised by Wolves, Forest, Plains"
Mother's Day 2021,Secret Lair Drop,Other,SLD,2021-10-29,80.78,"Mother of Runes, Mother of Runes, Mother of Runes, Mother of Runes"
Mother's Day 2021 Foil Edition,Secret Lair Drop,Other,SLD,2021-10-29,80.78,"Mother of Runes, Mother of Runes, Mother of Runes, Mother of Runes"
"Mountain, Go",Secret Lair Drop,Other,SLD,2020-06-08,22.14,"Lightning Bolt, Lightning Bolt, Lightning Bolt, Lightning Bolt"
Mu Yanling,Planeswalker Deck,Other,GS1,2018-06-22,13.45,"Mu Yanling, Island, Ancestor Dragon, Plains, Cloak of Mists"
"Mu Yanling, Celestial Wind",Planeswalker Deck,Other,M20,2019-07-29,4.8,"Spectral Sailor, Mu Yanling, Celestial Wind, Winged Words, Cloudkin Seer, Island"
Multi-Headed 1,Jumpstart,Other,J22,2022-12-02,9.59,"Benevolent Hydra, Hydra's Growth, Fertilid, Ilysian Caryatid, Domesticated Hydra"
Multi-Headed 2,Jumpstart,Other,J22,2022-12-02,18.62,"Primordial Hydra, Benevolent Hydra, Hydra's Growth, Ilysian Caryatid, Domesticated Hydra"
Murders at Karlov Manor Bundle Land Pack,Bundle Land Pack,Other,MKM,2024-02-09,0.0,"Swamp, Swamp, Plains, Plains, Mountain"
Murders at Karlov Manor Foil Redemption,MTGO Redemption,Other,MKM,2024-03-06,249.65,"Delney, Streetwise Lookout, Undercity Sewers, Underground Mortuary, Thundering Falls, Meticulous Archive"
Murders at Karlov Manor Redemption,MTGO Redemption,Other,MKM,2024-03-06,249.65,"Delney, Streetwise Lookout, Undercity Sewers, Underground Mortuary, Thundering Falls, Meticulous Archive"
Musicians,Jumpstart,Other,TLE,2025-11-20,3.35,"Secret Tunnel, Freedom Fighter Recruit, Thriving Bluff, Chong and Lily, Nomads, Mountain"
Mutation Station,Arena Starter Deck,Other,M21,2021-07-03,14.72,"Massacre Wurm, Sea-Dasher Octopus, Unexpected Fangs, Swamp, Temple of Deceit"
My Little Pony: Friendship is Magic,Secret Lair Drop,Other,SLD,2026-05-12,55.89,"Sol Ring, Defense of the Heart, Arcane Signet, Generous Gift, Radiate"
My Little Pony: Friendship is Magic Foil Edition,Secret Lair Drop,Other,SLD,2026-05-12,55.89,"Sol Ring, Defense of the Heart, Arcane Signet, Generous Gift, Radiate"
My Little Pony: The Lands of Equestria,Secret Lair Drop,Other,SLD,2026-05-12,26.61,"Plains, Mountain, Island, Swamp, Forest"
My Little Pony: The Lands of Equestria Foil Edition,Secret Lair Drop,Other,SLD,2026-05-12,26.61,"Plains, Mountain, Island, Swamp, Forest"
Mycosynthwave,Secret Lair Drop,Other,SLD,2023-12-05,123.91,"Mycosynth Golem, Mycosynth Lattice, Mycosynth Wellspring"
Mycosynthwave Foil Edition,Secret Lair Drop,Other,SLD,2023-12-05,116.82,"Mycosynth Golem, Mycosynth Lattice, Mycosynth Wellspring"
Myr of Mirrodin,Intro Pack,Other,SOM,2010-10-01,62.07,"Myr Battlesphere, Palladium Myr, Gold Myr, Myr Galvanizer, Darksteel Myr"
Mysterious Realms,Intro Pack,Other,WWK,2010-02-05,79.79,"Walking Atlas, Halimar Depths, Telepathy, Tideforce Elemental, Seer's Sundial"
Mystic Mischief,Jumpstart,Other,DMU,2022-09-09,2.15,"Island, Cosmic Epiphany, Tolarian Terror, Ertai's Scorn, Founding the Third Path"
Mystical Might,Intro Pack,Other,M12,2011-07-15,22.23,"Elixir of Immortality, Lord of the Unreal, Levitation, Phantasmal Dragon, Skywinder Drake"
Nature Is Adorable,Secret Lair Drop,Other,SLD,2023-04-28,54.66,"Ulvenwald Tracker, Joraga Treespeaker, Yeva, Nature's Herald, Nature's Will"
Nature Is Adorable Foil Edition,Secret Lair Drop,Other,SLD,2023-04-28,54.66,"Ulvenwald Tracker, Joraga Treespeaker, Yeva, Nature's Herald, Nature's Will"
Nature's Assault,Theme Deck,Other,P02,1998-06-24,16.94,"Alluring Scent, River Bear, Golden Bear, Bear Cub, Forest"
Nature's Fury,Intro Pack,Other,M10,2009-07-17,13.8,"Plains, Llanowar Elves, Harm's Way, Forest, Plains"
Naya Behemoths,Intro Pack,Other,ALA,2008-10-03,62.22,"Rampant Growth, Titanic Ultimatum, Jungle Shrine, Forest, Wild Nacatl"
Naya Domain,Intro Pack,Other,CON,2009-02-06,62.62,"Rampant Growth, Paleoloth, Terramorphic Expanse, Path to Exile, Swamp"
Ne'er-do-wells (1),Jumpstart,Other,J25,2024-11-07,21.56,"Rev, Tithe Extractor, Morbid Opportunist, Murder, Pilfering Imp, Fake Your Own Death"
Ne'er-do-wells (2),Jumpstart,Other,J25,2024-11-07,21.56,"Rev, Tithe Extractor, Morbid Opportunist, Fake Your Own Death, Thieves' Guild Enforcer, Audacious Thief"
Necromancer,Shandalar Enemy Deck,Other,PAST,1997-04-01,39.13,"Cosmic Horror, Bad Moon, Animate Dead, Zombie Master, Dark Ritual"
Nefarious,Jumpstart,Other,J25,2024-11-07,14.05,"Vilis, Broker of Blood, Dark Confidant, Vampire Scrivener, Infernal Grasp, Read the Bones"
Nether Fiend,Shandalar Enemy Deck,Other,PAST,1997-04-01,193.64,"Mishra's Factory, Junún Efreet, Animate Dead, Lord of the Pit, Erg Raiders"
New Phyrexia,MTGO Duel Deck,Other,TD2,2013-01-11,0.0,"Phyrexian Plaguelord, Desecration Elemental, Drooling Groodion, Flesh-Eater Imp, Fume Spitter"
New Phyrexia Fat Pack Land Pack,Bundle Land Pack,Other,NPH,2011-05-13,59.75,"Mountain, Swamp, Swamp, Forest, Forest"
New Phyrexia Foil Redemption,MTGO Redemption,Other,NPH,2011-06-12,1830.58,"Mental Misstep, Elesh Norn, Grand Cenobite, Noxious Revival, Praetor's Grasp, Sheoldred, Whispering One"
New Phyrexia Redemption,MTGO Redemption,Other,NPH,2011-06-12,1830.58,"Mental Misstep, Elesh Norn, Grand Cenobite, Noxious Revival, Praetor's Grasp, Sheoldred, Whispering One"
Nicol Bolas,Duel Deck,Other,DDH,2011-09-02,8.82,"Undermine, Nicol Bolas, Planeswalker, Countersquall, Steamcore Weird, Blazing Specter"
"Nicol Bolas, the Deceiver",Planeswalker Deck,Other,HOU,2017-07-14,23.52,"Throne of the God-Pharaoh, Nicol Bolas, the Deceiver, Ammit Eternal, Crypt of the Eternals, Supernatural Stamina"
Nicolas Labarre - Chimera,World Championship Deck,Other,WC00,2000-08-02,180.55,"Yawgmoth's Will, Academy Rector, Phyrexian Tower, Enlightened Tutor, City of Brass"
Night Of The Ninja,Planechase Deck,Other,PC2,2012-06-01,98.8,"Sakashima's Student, Higure, the Still Wind, Ink-Eyes, Servant of Oni, Silent-Blade Oni, Mistblade Shinobi"
Night Terrors,MTGO Theme Deck,Other,MIR,2006-12-05,139.08,"Shallow Grave, Withering Boon, Spirit of the Night, Charcoal Diamond, Swamp"
Nightmares,Jumpstart,Other,TLE,2025-11-20,3.81,"Desperate Plea, Koh, the Face Stealer, Thriving Moor, Swamp, Purple Pentapus"
Ninjas,Jumpstart,Other,J25,2024-11-07,4.28,"Taeko, the Patient Avalanche, Ninja of the Deep Hours, Moon-Circuit Hacker, Network Disruptor, Smoke Shroud"
Ninjutsu,Theme Deck,Other,BOK,2005-02-04,208.47,"Higure, the Still Wind, Mistblade Shinobi, Ninja of the Deep Hours, Walker of Secret Ways, Tomorrow, Azami's Familiar"
Ninth Edition Fat Pack Land Pack,Bundle Land Pack,Other,9ED,2005-07-29,34.05,"Swamp, Mountain, Mountain, Forest, Forest"
Ninth Edition Foil Redemption,MTGO Redemption,Other,9ED,2005-08-28,2585.36,"Fellwar Stone, Biorhythm, Grave Pact, Seething Song, Underground River"
Ninth Edition Redemption,MTGO Redemption,Other,9ED,2005-08-28,2585.36,"Fellwar Stone, Biorhythm, Grave Pact, Seething Song, Underground River"
Nissa,Duel Deck,Other,DDR,2016-09-02,10.54,"Crop Rotation, Nissa, Voice of Zendikar, Khalni Garden, Abundance, Oran-Rief Hydra"
"Nissa, Genesis Mage",Planeswalker Deck,Other,HOU,2017-07-14,1.44,"Nissa, Genesis Mage, Island, Forest, Forest, Spring // Mind"
"Nissa, Nature's Artisan",Planeswalker Deck,Other,KLD,2016-09-30,4.12,"Servant of the Conduit, Nissa, Nature's Artisan, Aethersquall Ancient, Longtusk Cub, Attune with Aether"
Notebook Genius,Secret Lair Drop,Other,SLD,2026-05-12,42.28,"Storm-Kiln Artist, Bloodghast, Lier, Disciple of the Drowned, Anhelo, the Painter"
Notebook Genius Foil Edition,Secret Lair Drop,Other,SLD,2026-05-12,42.28,"Storm-Kiln Artist, Bloodghast, Lier, Disciple of the Drowned, Anhelo, the Painter"
Now on VHS!,Secret Lair Drop,Other,SLD,2023-09-15,136.08,"The First Sliver, Food Chain, Rewind, Rampant Growth"
Now on VHS! Foil Edition,Secret Lair Drop,Other,SLD,2023-09-15,136.08,"The First Sliver, Food Chain, Rewind, Rampant Growth"
Nuestra Magia,Secret Lair Drop,Other,SLD,2025-06-17,93.18,"Sylvan Library, Ancient Greenwarden, Lightning Greaves, Xenagos, God of Revels, Tireless Provisioner"
Nuestra Magia Foil Edition,Secret Lair Drop,Other,SLD,2025-06-17,93.18,"Sylvan Library, Ancient Greenwarden, Lightning Greaves, Xenagos, God of Revels, Tireless Provisioner"
Nuts and Bolts,Theme Deck,Other,5DN,2004-06-04,379.52,"Skullclamp, Seat of the Synod, Steelshaper's Gift, Ancient Den, Auriok Salvagers"
OMG KITTIES!,Secret Lair Drop,Other,SLD,2019-12-09,146.04,"Arahbo, Roar of the World, Mirri, Weatherlight Duelist, Leonin Warleader, Regal Caracal, Qasali Slingers"
Oath of the Gatewatch Fat Pack Land Pack,Bundle Land Pack,Other,OGW,2016-01-22,31.32,"Wastes, Wastes, Mountain, Island, Mountain"
Oath of the Gatewatch Foil Redemption,MTGO Redemption,Other,OGW,2016-02-21,220.62,"Mirrorpool, Kozilek, the Great Distortion, Kalitas, Traitor of Ghet, General Tazri, Sphinx of the Final Word"
Oath of the Gatewatch Redemption,MTGO Redemption,Other,OGW,2016-02-21,220.62,"Mirrorpool, Kozilek, the Great Distortion, Kalitas, Traitor of Ghet, General Tazri, Sphinx of the Final Word"
Ob Nixilis,Duel Deck,Other,DDR,2016-09-02,0.0,"Leechridden Swamp, Indulgent Tormentor, Ob Nixilis Reignited, Pestilence Demon, Innocent Blood"
Odyssey Foil Redemption,MTGO Redemption,Other,ODY,2001-10-31,7362.56,"Entomb, Tainted Pact, Tarnished Citadel, Terravore, Deserted Temple"
Odyssey Redemption,MTGO Redemption,Other,ODY,2001-10-31,7362.56,"Entomb, Tainted Pact, Tarnished Citadel, Terravore, Deserted Temple"
Of the Coast (1),Jumpstart,Other,J25,2024-11-07,1.15,"Plagon, Lord of the Beach, Island, Omen of the Sea, Sigiled Starfish, Lonely Sandbar"
Of the Coast (2),Jumpstart,Other,J25,2024-11-07,1.15,"Plagon, Lord of the Beach, Opt, Island, Sigiled Starfish, Lonely Sandbar"
Oishii! Tokens オイシイ！ トークン,Secret Lair Drop,Other,SLD,2025-03-27,0.0,
Oishii! Tokens オイシイ！ トークン Foil Edition,Secret Lair Drop,Other,SLD,2025-03-27,0.0,
"Oko, the Trickster",Planeswalker Deck,Other,ELD,2019-10-04,6.03,"Return of the Wildspeaker, Oko, the Trickster, Maraleaf Pixie, Keeper of Fables, Frogify"
Omens of Chaos,Secret Lair Drop,Other,SLD,2026-05-12,52.19,"Batwing Brume, Chance for Glory, Abrupt Decay, Counterflux, Growth Spiral"
Omens of Chaos Foil Edition,Secret Lair Drop,Other,SLD,2026-05-12,52.19,"Batwing Brume, Chance for Glory, Abrupt Decay, Counterflux, Growth Spiral"
On the Hunt,Arena Starter Deck,Other,SNC,2022-09-09,15.62,"Arlinn, the Pack's Hope // Arlinn, the Moon's Fury, Rockfall Vale, Tovolar, Dire Overlord // Tovolar, the Midnight Scourge, Howling Moon, Halana and Alena, Partners"
One-Two Punch,Theme Deck,Other,ODY,2001-10-01,391.84,"Roar of the Wurm, Seize the Day, Moment's Peace, Forest, Volcanic Spray"
Onslaught Foil Redemption,MTGO Redemption,Other,ONS,2002-11-06,10827.42,"Polluted Delta, Flooded Strand, Wooded Foothills, Windswept Heath, Bloodstained Mire"
Onslaught Redemption,MTGO Redemption,Other,ONS,2002-11-06,10860.92,"Polluted Delta, Flooded Strand, Wooded Foothills, Windswept Heath, Bloodstained Mire"
Orc Attack,MTGO Theme Deck,Other,ME2,2008-09-22,0.0,"Mountain, Mountain, Mountain, Mishra's Factory, Gorilla Shaman"
Orcish 1,Jumpstart,Other,LTR,2023-11-03,37.01,"Warg Rider, Mirkwood Bats, Gothmog, Morgul Lieutenant, Gorbag of Minas Morgul, Swamp"
Orcish 2,Jumpstart,Other,LTR,2023-11-03,38.0,"Warg Rider, March from the Black Gate, Gothmog, Morgul Lieutenant, Gorbag of Minas Morgul, Swamp"
Ornithological Studies,Secret Lair Drop,Other,SLD,2020-06-09,56.6,"Swan Song, Birds of Paradise, Baleful Strix, Dovescape, Gilded Goose"
Orzhov,Guild Kit,Other,GK2,2019-02-15,70.53,"Smothering Tithe, Teysa Karlov, Teysa, Orzhov Scion, Ethereal Absolution, Vindictive Vampire"
Orzhov Auras,Pioneer Challenger Deck,Other,Q06,2021-10-15,17.19,"Sram, Senior Edificer, Cartouche of Solidarity, Concealed Courtyard, Caves of Koilos, Stonecoil Serpent"
Orzhov Humans,Pioneer Challenger Deck,Other,Q08,2022-11-04,32.87,"Godless Shrine, Mutavault, Thalia's Lieutenant, Concealed Courtyard, Bloodsoaked Champion"
Orzhov Oppression,Intro Pack,Other,GTC,2013-02-01,24.64,"Gift of Orzhova, Tormented Soul, Vizkopa Guildmage, Basilica Screecher, Dying Wish"
Orzhov Power,Intro Pack,Other,DGM,2013-05-03,41.33,"Crypt Ghast, Gift of Orzhova, Crypt Incursion, Basilica Screecher, Riot Control"
Orzhov Syndicate,Arena Starter Deck,Other,M20,2019-05-03,47.53,"Cruel Celebrant, Godless Shrine, Teysa Karlov, Priest of Forgotten Gods, Seraph of the Scales"
Orzhov Syndicate 1,Jumpstart,Other,CLU,2024-02-23,6.25,"Afterlife Insurance, Council's Judgment, Syndicate Heavy, Angel of Vitality, Glorifier of Dusk"
Orzhov Syndicate 2,Jumpstart,Other,CLU,2024-02-23,6.25,"Afterlife Insurance, Covetous Elegy, Seraph of the Scales, Orzhov Signet, Basilica Screecher"
Otter Limits,Starter Kit,Other,BLB,2024-08-02,37.5,"Bria, Riptide Rogue, Mockingbird, Coruscation Mage, Sword of Vengeance, Stormcatch Mentor"
"Our Show Is On Friday, Can You Make It?",Secret Lair Drop,Other,SLD,2021-08-25,99.35,"Gamble, Nature's Lore, Wrath of God, Preordain, Decree of Pain"
Out for Blood,Arena Starter Deck,Other,ANB,2019-09-26,37.61,"Bolas's Citadel, Vampire of the Dire Moon, Knight of the Ebon Legion, Bloodthirsty Aerialist, Vindictive Vampire"
Out for Blood 2,Arena Starter Deck,Other,ANB,2020-03-12,20.55,"Vampire of the Dire Moon, Knight of the Ebon Legion, Piper of the Swarm, Bloodthirsty Aerialist, Vindictive Vampire"
Outlaw Anthology Vol. 1: Rebellious Renegades,Secret Lair Drop,Other,SLD,2024-05-30,61.11,"Tezzeret the Seeker, Griselbrand, Grenzo, Havoc Raiser, Nicol Bolas, Planeswalker"
Outlaw Anthology Vol. 1: Rebellious Renegades Foil Edition,Secret Lair Drop,Other,SLD,2024-05-30,61.11,"Tezzeret the Seeker, Griselbrand, Grenzo, Havoc Raiser, Nicol Bolas, Planeswalker"
Outlaw Anthology Vol. 2: Sinister Scoundrels,Secret Lair Drop,Other,SLD,2024-05-30,70.03,"Korvold, Fae-Cursed King, Vorinclex, Voice of Hunger, Karona, False God, Memnarch"
Outlaw Anthology Vol. 2: Sinister Scoundrels Foil Edition,Secret Lair Drop,Other,SLD,2024-05-30,70.03,"Korvold, Fae-Cursed King, Vorinclex, Voice of Hunger, Karona, False God, Memnarch"
Outlaw Posse,Arena Starter Deck,Other,OTJ,2024-07-08,24.37,"Raucous Theater, Tinybones, the Pickpocket, Magda, the Hoardmaster, Charming Scoundrel, Shoot the Sheriff"
Outlaws of Thunder Junction Bundle Land Pack,Bundle Land Pack,Other,OTJ,2024-04-19,0.0,"Swamp, Swamp, Plains, Plains, Island"
Outlaws of Thunder Junction Foil Redemption,MTGO Redemption,Other,OTJ,2024-05-15,226.08,"Bristly Bill, Spine Sower, Terror of the Peaks, Goldvein Hydra, Tinybones, the Pickpocket, High Noon"
Outlaws of Thunder Junction Redemption,MTGO Redemption,Other,OTJ,2024-05-15,226.08,"Bristly Bill, Spine Sower, Terror of the Peaks, Goldvein Hydra, Tinybones, the Pickpocket, High Noon"
Overachiever 1,Jumpstart,Other,MOM,2023-04-20,0.0,"Interdisciplinary Mascot, Meeting of Minds, Referee Squad, Island, Oracle of Tragedy"
Overachiever 2,Jumpstart,Other,MOM,2023-04-20,0.0,"Interdisciplinary Mascot, Referee Squad, Island, Oracle of Tragedy, Wicked Slumber"
Overkill,Theme Deck,Other,SHM,2008-05-02,120.51,"Prismatic Omen, Mossbridge Troll, Farhaven Elf, Scuttlemutt, Runes of the Deus"
Ozai,Jumpstart,Other,TLE,2025-11-20,6.28,"Fire Lord Ozai, Scarring Memories, Thriving Moor, Swamp, Heartless Act"
Painflow,Theme Deck,Other,JUD,2002-05-27,387.51,"Roar of the Wurm, Krosan Wayfarer, Moment's Peace, Brawn, Werebear"
Paladin,Shandalar Enemy Deck,Other,PAST,1997-04-01,19.1,"Swords to Plowshares, Magical Hack, Segovian Leviathan, Northern Paladin, Sleight of Mind"
Pandemonium,Theme Deck,Other,APC,2001-06-04,276.13,"Life // Death, Urborg Elf, Harrow, Fertile Ground, Last Stand"
Pantheon's Power,Intro Pack,Other,JOU,2014-05-02,57.48,"Archetype of Finality, Archetype of Courage, Fate Unraveler, Grim Guardian, Doomwake Giant"
Paradise Frost,Secret Lair Drop,Other,SLD,2023-12-05,103.83,"Snow-Covered Forest, Snow-Covered Island, Snow-Covered Plains, Snow-Covered Swamp, Snow-Covered Mountain"
Paradise Frost Foil Edition,Secret Lair Drop,Other,SLD,2023-12-05,138.63,"Snow-Covered Island, Snow-Covered Forest, Snow-Covered Plains, Snow-Covered Swamp, Snow-Covered Mountain"
"Party Hard, Shred Harder",Secret Lair Drop,Other,SLD,2021-03-15,59.06,"Anguished Unmaking, Assassin's Trophy, Thraximundar, Dreadbore, Decimate"
Path of Blight,Intro Pack,Other,MBS,2011-02-04,62.35,"Plague Myr, Viridian Corrupter, Decimator Web, Core Prowler, Phyrexian Juggernaut"
Path to Victory,Intro Pack,Other,M13,2012-07-13,16.16,"Attended Knight, Plains, Captain of the Watch, Ring of Thune, Plains"
Paul McCabe - Red-Blue Aggro Control,World Championship Deck,Other,WC97,1997-08-13,76.22,"Force of Will, City of Brass, Pyrokinesis, Mind Stone, Mountain"
Peer Kröger - Reanimator,World Championship Deck,Other,WC03,2003-08-06,84.05,"Bloodstained Mire, Cabal Therapy, Entomb, Anger, Symbiotic Wurm"
Phyrexia,Duel Deck,Other,DDE,2010-03-19,47.98,"Phyrexian Negator, Lightning Greaves, Phyrexian Arena, Voltaic Key, Carrion Feeder"
Phyrexia: All Will Be One Bundle Land Pack,Bundle Land Pack,Other,ONE,2023-02-10,0.0,"Plains, Mountain, Plains, Mountain, Swamp"
Phyrexia: All Will Be One Foil Redemption,MTGO Redemption,Other,ONE,2023-03-08,312.69,"Mondrak, Glory Dominus, Solphim, Mayhem Dominus, Elesh Norn, Mother of Machines, All Will Be One, Atraxa, Grand Unifier"
Phyrexia: All Will Be One Redemption,MTGO Redemption,Other,ONE,2023-03-08,312.69,"Mondrak, Glory Dominus, Solphim, Mayhem Dominus, Elesh Norn, Mother of Machines, All Will Be One, Atraxa, Grand Unifier"
Phyrexia: All Will Be One Welcome Booster,Welcome Booster,Other,ONE,2023-02-10,12.76,"Atarka, World Render, Linvala, the Preserver, Kaya, Bane of the Dead, Tyrranax Atrocity, Mountain"
Phyrexian,Jumpstart,Other,JMP,2020-07-17,26.82,"Sheoldred, Whispering One, Phyrexian Reclamation, Swamp, Swamp, Swamp"
Phyrexian Assault,Theme Deck,Other,ULG,1999-02-15,291.82,"Phyrexian Reclamation, Phyrexian Plaguelord, Engineered Plague, Avalanche Riders, Bone Shredder"
Phyrexian Assault - Enhanced Deck,Enhanced Deck,Other,ULG,1999-02-15,300.28,"Phyrexian Reclamation, Phyrexian Plaguelord, Reflecting Pool, City of Brass, Avalanche Riders"
Phyrexian Faves,Secret Lair Drop,Other,SLD,2023-04-14,31.11,"Inkmoth Nexus, Blighted Agent, K'rrik, Son of Yawgmoth, Glistener Elf, Batterskull"
Phyrexian Faves Foil Edition,Secret Lair Drop,Other,SLD,2023-04-14,31.11,"Inkmoth Nexus, Blighted Agent, K'rrik, Son of Yawgmoth, Glistener Elf, Batterskull"
Phyrexian Poison,Intro Pack,Other,SOM,2010-10-01,72.22,"Ichor Rats, Hand of the Praetors, Ichorclaw Myr, Forest, Necropede"
Phyrexian Praetors: Compleat Edition,Secret Lair Drop,Other,SLD,2021-10-29,50.54,"Sheoldred, Whispering One, Elesh Norn, Grand Cenobite, Jin-Gitaxias, Core Augur, Vorinclex, Voice of Hunger, Urabrask the Hidden"
Phyrexian Praetors: Compleat Edition Foil Edition,Secret Lair Drop,Other,SLD,2021-10-29,50.54,"Sheoldred, Whispering One, Elesh Norn, Grand Cenobite, Jin-Gitaxias, Core Augur, Vorinclex, Voice of Hunger, Urabrask the Hidden"
Pick 'em & Stick 'em,Secret Lair Drop,Other,SLD,2025-03-25,91.02,"Clever Impersonator, Hedron Crab, Pitiless Plunderer, Thalia, Heretic Cathar, Sticker sheet"
Pick 'em & Stick 'em Foil Edition,Secret Lair Drop,Other,SLD,2025-03-25,91.02,"Clever Impersonator, Hedron Crab, Pitiless Plunderer, Thalia, Heretic Cathar, Sticker sheet"
Pictures of the Floating World,Secret Lair Drop,Other,SLD,2022-07-22,42.96,"Mosswort Bridge, Spinerock Knoll, Windbrisk Heights, Shelldock Isle, Howltooth Hollow"
Pictures of the Floating World Foil Edition,Secret Lair Drop,Other,SLD,2022-07-22,42.96,"Mosswort Bridge, Spinerock Knoll, Windbrisk Heights, Shelldock Isle, Howltooth Hollow"
Pirates,Theme Deck,Other,ECL,2026-01-23,3.9,"Inti, Seneschal of the Sun, Marauding Mako, Spell Snare, Captain Howler, Sea Scourge, Secluded Courtyard"
Pirates (1),Jumpstart,Other,JMP,2020-07-17,1.23,"Coastal Piracy, Thriving Isle, Corsair Captain, Island, Chart a Course"
Pirates (2),Jumpstart,Other,JMP,2020-07-17,0.0,"Capture Sphere, Curious Obsession, Thriving Isle, Corsair Captain, Island"
Pixel Perfect,Secret Lair Drop,Other,SLD,2024-10-15,105.0,"Fierce Guardianship, Delayed Blast Fireball, Mana Geyser, Lightning Bolt"
Pixel Perfect Foil Edition,Secret Lair Drop,Other,SLD,2024-10-15,105.0,"Fierce Guardianship, Delayed Blast Fireball, Mana Geyser, Lightning Bolt"
PixelLands_v02.jpg,Secret Lair Drop,Other,SLD,2023-11-30,111.14,"Island, Swamp, Mountain, Forest, Plains"
PixelLands_v02.jpg Foil Edition,Secret Lair Drop,Other,SLD,2023-11-30,111.14,"Island, Swamp, Mountain, Forest, Plains"
PixelSnowLands.jpg,Secret Lair Drop,Other,SLD,2022-05-06,83.51,"Snow-Covered Swamp, Snow-Covered Island, Snow-Covered Forest, Snow-Covered Plains, Snow-Covered Mountain"
PixelSnowLands.jpg Foil Edition,Secret Lair Drop,Other,SLD,2022-05-06,83.51,"Snow-Covered Swamp, Snow-Covered Island, Snow-Covered Forest, Snow-Covered Plains, Snow-Covered Mountain"
PixelSnowLands.jpg Foil Etched Edition,Secret Lair Drop,Other,SLD,2022-05-06,83.51,"Snow-Covered Swamp, Snow-Covered Island, Snow-Covered Forest, Snow-Covered Plains, Snow-Covered Mountain"
Planar Chaos Foil Redemption,MTGO Redemption,Other,PLC,2007-03-04,1715.89,"Urborg, Tomb of Yawgmoth, Simian Spirit Guide, Damnation, Keen Sense, Temporal Extortion"
Planar Chaos Redemption,MTGO Redemption,Other,PLC,2007-03-04,1715.89,"Urborg, Tomb of Yawgmoth, Simian Spirit Guide, Damnation, Keen Sense, Temporal Extortion"
Planechase Anthology Planes,Box Set,Other,PCA,2016-11-25,303.18,"Tazeem, Goldmeadow, Izzet Steam Maze, Bant, Stairs to Infinity"
Planeshift Foil Redemption,MTGO Redemption,Other,PLS,2001-03-07,3405.0,"Orim's Chant, Diabolic Intent, Eladamri's Call, Forsaken City, Quirion Dryad"
Planeshift Redemption,MTGO Redemption,Other,PLS,2001-03-07,3405.0,"Orim's Chant, Diabolic Intent, Eladamri's Call, Forsaken City, Quirion Dryad"
Play-Doh: Squishful Thinking,Secret Lair Drop,Other,SLD,2025-10-06,57.64,"Academy Manufactor, Polyraptor, Greensleeves, Maro-Sorcerer, Wurmcoil Engine"
Play-Doh: Squishful Thinking Foil Edition,Secret Lair Drop,Other,SLD,2025-10-06,57.64,"Academy Manufactor, Polyraptor, Greensleeves, Maro-Sorcerer, Wurmcoil Engine"
Player A's advanced pack,Advanced Pack,Other,S00,2000-04-24,0.0,"Mountain, Swamp, Forest, Swamp, Llanowar Elves"
Player A's deck,Starter Deck,Other,S00,2000-04-24,0.0,"Mountain, Mountain, Swamp, Forest, Monstrous Growth"
Player B's advanced pack,Advanced Pack,Other,S00,2000-04-24,2.3,"Counterspell, Island, Island, Plains, Island"
Player B's deck,Starter Deck,Other,S00,2000-04-24,0.0,"Island, Island, Island, Plains, Island"
Plus One (1),Jumpstart,Other,JMP,2020-07-17,0.0,"Invigorating Surge, Primeval Bounty, Trufflesnout, Pridemalkin, Wildwood Scourge"
Plus One (2),Jumpstart,Other,JMP,2020-07-17,7.89,"Branching Evolution, Invigorating Surge, Trufflesnout, Pridemalkin, Wildwood Scourge"
Plus One (3),Jumpstart,Other,JMP,2020-07-17,0.0,"Invigorating Surge, Trufflesnout, Pridemalkin, Rishkar, Peema Renegade, Wildwood Scourge"
Plus One (4),Jumpstart,Other,JMP,2020-07-17,10.86,"Branching Evolution, Champion of Lambholt, Invigorating Surge, Trufflesnout, Pridemalkin"
Poker Faces,Secret Lair Drop,Other,SLD,2024-05-30,44.41,"Professional Face-Breaker, Goblin King, Rankle, Master of Pranks, Jaxis, the Troublemaker, Coffin Queen"
Poker Faces Foil Edition,Secret Lair Drop,Other,SLD,2024-05-30,44.41,"Professional Face-Breaker, Goblin King, Rankle, Master of Pranks, Jaxis, the Troublemaker, Coffin Queen"
Political Trickery,Game Night Deck,Other,GN3,2022-10-14,20.07,"Maeve, Insidious Singer, Counterspell, Split Decision, Diluvian Primordial, Murmuring Mystic"
Ponies: The Galloping,Box Set,Other,PTG,2019-10-22,408.0,"Princess Twilight Sparkle, Rarity, Nightmare Moon // Princess Luna"
Ponies: The Galloping 2,Secret Lair Drop,Other,SLD,2024-03-14,186.98,"Rainbow Dash, Pinkie Pie, Fluttershy, Applejack"
Ponies: The Galloping 2 Foil Edition,Secret Lair Drop,Other,SLD,2024-03-14,186.98,"Rainbow Dash, Pinkie Pie, Fluttershy, Applejack"
Post Malone: Backstage Pass,Secret Lair Drop,Other,SLD,2022-12-05,63.88,"Bolas's Citadel, K'rrik, Son of Yawgmoth, Jet Medallion, Leshrac's Sigil"
Post Malone: Backstage Pass Foil Edition,Secret Lair Drop,Other,SLD,2022-12-05,63.88,"Bolas's Citadel, K'rrik, Son of Yawgmoth, Jet Medallion, Leshrac's Sigil"
Post Malone: The Lands,Secret Lair Drop,Other,SLD,2022-12-05,63.59,"Swamp, Island, Forest, Mountain, Plains"
Post Malone: The Lands Foil Edition,Secret Lair Drop,Other,SLD,2022-12-05,63.59,"Swamp, Island, Forest, Mountain, Plains"
Power,Clash Pack,Other,FRF,2015-01-23,30.42,"Merciless Executioner, Monastery Siege, Murderous Cut, Opulent Palace, Treasure Cruise"
Power and Profit,Clash Pack,Other,FRF,2015-01-23,69.48,"Whip of Erebos, Nyx Weaver, Merciless Executioner, Eidolon of Blossoms, Monastery Siege"
Power of Prophecy,Intro Pack,Other,M11,2010-07-16,38.64,"Plains, Crystal Ball, Stormtide Leviathan, Augury Owl, Island"
Power to the People,Arena Starter Deck,Other,OTJ,2024-07-08,49.53,"Delney, Streetwise Lookout, Shadowy Backstreet, Deep-Cavern Bat, Rankle's Prank, Sanguine Evangelist"
Powerful (1),Jumpstart,Other,TLE,2025-11-20,2.21,"Fang, Roku's Companion, Thriving Bluff, Firebending Lesson, Iroh's Demonstration, Mountain"
Powerful (2),Jumpstart,Other,TLE,2025-11-20,2.21,"Fang, Roku's Companion, Freedom Fighter Recruit, Thriving Bluff, Firebending Lesson, Mountain"
Powerstones 1,Jumpstart,Other,BRO,2022-11-18,0.0,"Geology Enthusiast, Spotter Thopter, Urza, Powerstone Prodigy, Stern Lesson, Combat Courier"
Powerstones 2,Jumpstart,Other,BRO,2022-11-18,0.0,"Geology Enthusiast, Hulking Metamorph, Urza, Powerstone Prodigy, Stern Lesson, Combat Courier"
Precise,Jumpstart,Other,MSH,2026-06-26,0.0,"Hawkeye, Bowslinger, Stunning Shot, Mockingbird, Ace Agent, Sudden Strike, Colleen Wing, Street Samurai"
Preconstructed deck 1,Starter Deck,Other,POR,1997-05-01,11.75,"Forest, Mountain, Plains, Mountain, Plains"
Preconstructed deck 2,Starter Deck,Other,S99,1999-07-12,0.0,"Plains, Island, Island, Plains, Island"
Predatory (1),Jumpstart,Other,JMP,2020-07-17,13.15,"Neyith of the Dire Hunt, Sabertooth Mauler, Trufflesnout, Fungal Rebirth, Irresistible Prey"
Predatory (2),Jumpstart,Other,JMP,2020-07-17,13.15,"Neyith of the Dire Hunt, Sabertooth Mauler, Trufflesnout, Fungal Rebirth, Irresistible Prey"
Predatory (3),Jumpstart,Other,JMP,2020-07-17,0.0,"Sabertooth Mauler, Trufflesnout, Fungal Rebirth, Irresistible Prey, Thriving Grove"
Predatory (4),Jumpstart,Other,JMP,2020-07-17,3.66,"Momentous Fall, Sabertooth Mauler, Trufflesnout, Fungal Rebirth, Irresistible Prey"
Presence of Mind,Intro Pack,Other,M10,2009-07-17,27.14,"Telepathy, Island, Wall of Frost, Zephyr Sprite, Sage Owl"
Pressure Cooker,Theme Deck,Other,ODY,2001-10-01,437.36,"Braids, Cabal Minion, Cabal Pit, Mountain, Innocent Blood, Swamp"
"Preston Poulter, Semifinalist",Pro Tour Deck,Other,PTC,1996-05-01,111.26,"Sylvan Library, Land Tax, Strip Mine, Mishra's Factory, Armageddon"
Price Of Glory,Intro Pack,Other,M15,2014-07-18,11.7,"Mass Calcify, Sign in Blood, Resolute Archangel, Staff of the Death Magus, Ulcerate"
Pride Across the Multiverse,Secret Lair Drop,Other,SLD,2022-08-05,160.82,"Mana Confluence, Bearscape, Sol Ring, Collective Voyage, Savor the Moment"
Pride Across the Multiverse Foil Edition,Secret Lair Drop,Other,SLD,2022-08-05,160.82,"Mana Confluence, Bearscape, Sol Ring, Collective Voyage, Savor the Moment"
Prideful,Jumpstart,Other,J25,2024-11-07,7.22,"Brimaz, King of Oreskos, Leonin Vanguard, King of the Pride, Dawnwing Marshal, Take Up the Shield"
Priestess,Shandalar Enemy Deck,Other,PAST,1997-04-01,57.54,"Spirit Link, Elder Land Wurm, Swords to Plowshares, Fortified Area, Blessing"
Primal,Jumpstart,Other,FDN,2024-11-15,0.0,"Bear Cub, Aggressive Mammoth, Wildwood Scourge, Giant Growth, Bite Down"
Primal Fury,Arena Starter Deck,Other,M19,2018-09-27,49.15,"Silverclad Ferocidons, Knight of the Stampede, Rootbound Crag, Banefire, Colossal Majesty"
Primates,Jumpstart,Other,J22,2022-12-02,26.19,"Kibo, Uktabi Prince, Ram Through, Monkey Cage, Uktabi Orangutan, Cultivate"
Prime Slime,Secret Lair Drop,Other,SLD,2020-08-17,38.01,"Necrotic Ooze, The Mimeoplasm, Scavenging Ooze, Acidic Slime, Voidslime"
Primordial Hunger,Planechase Deck,Other,PC2,2012-06-01,18.61,"Mycoloth, Nullmage Advocate, Thromok the Insatiable, Khalni Garden, Skarrg, the Rage Pits"
Primordial Jund,Intro Pack,Other,ALA,2008-10-03,35.18,"Mycoloth, Swamp, Forest, Forest, Mountain"
Prints Charming,Secret Lair Drop,Other,SLD,2026-02-03,92.46,"Nature's Lore, Dryad Arbor, Skyshroud Claim, Wood Elves"
Prints Charming Foil Edition,Secret Lair Drop,Other,SLD,2026-02-03,92.46,"Nature's Lore, Dryad Arbor, Skyshroud Claim, Wood Elves"
Prints of Darkness,Secret Lair Drop,Other,SLD,2024-07-10,104.49,"Dictate of Erebos, Mayhem Devil, Prossh, Skyraider of Kher, Moldervine Reclamation, Fecundity"
Prints of Darkness Foil Edition,Secret Lair Drop,Other,SLD,2024-07-10,104.49,"Dictate of Erebos, Mayhem Devil, Prossh, Skyraider of Kher, Moldervine Reclamation, Fecundity"
Prismat,Shandalar Enemy Deck,Other,PAST,1997-04-01,6871.77,"Mox Pearl, Mox Emerald, Mountain, Sol Ring, Ivory Tower"
Prismatic Nightmares,Secret Lair Drop,Other,SLD,2024-02-23,104.81,"Simian Spirit Guide, Rain of Filth, Arcane Denial, Nightscape Familiar, Prince of Thralls"
Prismatic Nightmares Foil Edition,Secret Lair Drop,Other,SLD,2024-02-23,183.94,"Simian Spirit Guide, Rain of Filth, Nightscape Familiar, Arcane Denial, Prince of Thralls"
Profit,Clash Pack,Other,FRF,2015-01-23,49.38,"Whip of Erebos, Nyx Weaver, Eidolon of Blossoms, Grim Guardian, Doomwake Giant"
Progress 1,Jumpstart,Other,ONE,2023-02-10,0.0,"Serum Snare, Serum Sovereign, Thrummingbird, The Surgical Bay, Ichor Synthesizer"
Progress 2,Jumpstart,Other,ONE,2023-02-10,0.0,"Experimental Augury, Serum Sovereign, Bring the Ending, Thrummingbird, The Surgical Bay"
Psychic Labyrinth,Intro Pack,Other,M14,2013-07-19,8.34,"Archaeomancer, Clone, Warden of Evos Isle, Coral Merfolk, Island"
Pulverize,Theme Deck,Other,SCG,2003-05-26,151.59,"Pyrostatic Pillar, Parallel Thoughts, Island, Mischievous Quanar, Dispersal Shield"
Pummel,Theme Deck,Other,PCY,2000-06-05,532.41,"Hickory Woodlot, Spore Frog, Avatar of Might, Skyshroud Claim, Invigorate"
Pumped Up,Intro Pack,Other,ZEN,2009-10-02,27.9,"Rite of Replication, Burst Lightning, Hellkite Charger, Into the Roil, Fireball"
Purr Majesty,Secret Lair Drop,Other,SLD,2026-06-16,119.39,"Queen Marchesa, Court of Grace, Ruinous Ultimatum, Windborn Muse, Reverent Mantra"
Purr Majesty Foil Edition,Secret Lair Drop,Other,SLD,2026-06-16,119.39,"Queen Marchesa, Court of Grace, Ruinous Ultimatum, Windborn Muse, Reverent Mantra"
Purrfection,Secret Lair Drop,Other,SLD,2021-10-22,355.71,"Kodama's Reach, Heirloom Blade, Generous Gift, Chain Lightning"
Purrfection Foil Edition,Secret Lair Drop,Other,SLD,2021-10-22,355.71,"Kodama's Reach, Heirloom Blade, Generous Gift, Chain Lightning"
Pym Particles,Jumpstart,Other,MSH,2026-06-26,0.0,"Wasp, Shrinking Savior, Pym Particles, Ant-Man, Reformed Rogue, Ant-Man's Air Force, Island"
Queltosh,Shandalar Enemy Deck,Other,PAST,1997-04-01,8375.29,"Ancestral Recall, Candelabra of Tawnos, Mountain, Land Tax, Eye for an Eye"
Radiant's Revenge,Theme Deck,Other,ULG,1999-02-15,285.41,"Mother of Runes, Miscalculation, Ring of Gix, Raven Familiar, Urza's Blueprints"
Radiant's Revenge - Enhanced Deck,Enhanced Deck,Other,ULG,1999-02-15,626.34,"Palinchron, Faerie Conclave, Miscalculation, Reflecting Pool, Forbidding Watchtower"
Raid 1,Jumpstart,Other,J22,2022-12-02,0.0,"Raze the Effigy, Daring Piracy, Thriving Bluff, Kari Zev, Skyship Raider, Goblin Oriflamme"
Raid 2,Jumpstart,Other,J22,2022-12-02,11.16,"Glint-Horn Buccaneer, Daring Piracy, Thriving Bluff, Bag of Holding, Immersturm Raider"
Raid 3,Jumpstart,Other,J22,2022-12-02,3.3,"Brazen Cannonade, Daring Piracy, Thriving Bluff, Plundering Predator, Mountain"
Raid 4,Jumpstart,Other,J22,2022-12-02,3.3,"Brazen Cannonade, Daring Piracy, Thriving Bluff, Brazen Wolves, Ordeal of Purphoros"
Rainbow,Jumpstart,Other,JMP,2020-07-17,1.24,"Maelstrom Archangel, Swamp, Alloy Myr, Plains, Terramorphic Expanse"
Rakdos,Guild Kit,Other,GK2,2019-02-15,32.05,"Utvara Hellkite, Rakdos, Lord of Riots, Master of Cruelties, Spawn of Mayhem, Rakdos the Defiler"
Rakdos Bloodsport,Theme Deck,Other,DIS,2006-05-05,43.57,"Lyzolda, the Blood Witch, Rakdos Signet, Seal of Fire, Rix Maadi, Dungeon Palace, Ignorant Bliss"
Rakdos Raid,Intro Pack,Other,RTR,2012-10-05,8.0,"Tormented Soul, Shrieking Affliction, Mountain, Assassin's Strike, Blood Reckoning"
Rakdos Revelry,Intro Pack,Other,DGM,2013-05-03,4.84,"Guttersnipe, Havoc Festival, Carnage Gladiator, Mountain, Swamp"
Rakdos Vampires,Challenger Deck,Other,Q07,2022-04-01,16.55,"Blightstep Pathway // Searstep Pathway, Florian, Voldaren Scion, Henrika Domnathi // Henrika, Infernal Seer, Swamp, Den of the Bugbear"
"Ral, Caller of Storms",Planeswalker Deck,Other,GRN,2018-10-05,2.2,"Ral, Caller of Storms, Mountain, Island, Goblin Electromancer, Hellkite Whelp"
Rally and Rout,Event Deck,Other,GTC,2013-02-22,48.29,"Boros Charm, Champion of the Parish, Thalia, Guardian of Thraben, Clifftop Retreat, Slayers' Stronghold"
Rallying Cry,Intro Pack,Other,BFZ,2015-10-02,16.58,"Hero of Goma Fada, Evolving Wilds, Expedition Envoy, Angelic Captain, Angel of Renewal"
Rampaging,Jumpstart,Other,MSH,2026-06-26,1.78,"Bushmaster, Coiled Henchman, Rhino, Terrible Trampler, Claim the Kingdom, Rhino's Rampage, Forest"
"Randy Buehler - Draw, Go",World Championship Deck,Other,WC98,1998-08-12,13.56,"Mana Leak, Island, Force Spike, Memory Lapse, Counterspell"
Raphael,Theme Deck,Other,TMT,2026-03-06,4.36,"Raphael, Tag Team Tough, Skateboard, Raphael, Tough Turtle, Casey Jones, Asphalt Hooligan, Raphael, Most Attitude"
Raphael Levy - Le Wonder Goose,World Championship Deck,Other,WC02,2002-08-14,56.93,"Yavimaya Coast, Mental Note, Island, Careful Study, Island"
Rapid Fire,Intro Pack,Other,WWK,2010-02-05,45.76,"Chain Reaction, Kor Skyfisher, Searing Blaze, Ruin Ghost, Armored Ascension"
Rats,Jumpstart,Other,J22,2022-12-02,43.35,"Ashcoat of the Shadow Swarm, Infiltration Lens, Crypt Rats, Ogre Slumlord, Typhoid Rats"
Rats' Nest,Theme Deck,Other,BOK,2005-02-04,479.13,"Umezawa's Jitte, Shuko, Throat Slitter, Okiba-Gang Shinobi, Skullsnatcher"
Ravaging Swarm,Intro Pack,Other,NPH,2011-05-13,114.33,"Inexorable Tide, Viral Drake, Blighted Agent, Corrupted Conscience, Forest"
Ravenous Rats,Theme Deck,Other,PSAL,2005-08-01,0.0,"Swamp, Swamp, Swamp, Swamp, Swamp"
Ravnica Allegiance Bundle Land Pack,Bundle Land Pack,Other,RNA,2019-01-25,6.34,"Mountain, Mountain, Swamp, Swamp, Forest"
Ravnica Allegiance Foil Redemption,MTGO Redemption,Other,RNA,2019-02-24,363.49,"Smothering Tithe, Prime Speaker Vannifar, Blood Crypt, Biomancer's Familiar, Hallowed Fountain"
Ravnica Allegiance Redemption,MTGO Redemption,Other,RNA,2019-02-24,363.49,"Smothering Tithe, Prime Speaker Vannifar, Blood Crypt, Biomancer's Familiar, Hallowed Fountain"
Ravnica Fat Pack Land Pack,Bundle Land Pack,Other,RAV,2005-10-07,0.0,"Plains, Plains, Swamp, Island, Mountain"
Ravnica: City of Guilds Foil Redemption,MTGO Redemption,Other,RAV,2005-11-06,2073.19,"Watery Grave, Doubling Season, Overgrown Tomb, Life from the Loam, Temple Garden"
Ravnica: City of Guilds Redemption,MTGO Redemption,Other,RAV,2005-11-06,2073.19,"Watery Grave, Doubling Season, Overgrown Tomb, Life from the Loam, Temple Garden"
Read the Fine Print,Secret Lair Drop,Other,SLD,2022-01-28,52.36,"Razaketh, the Foulblooded, Griselbrand, Liliana's Contract, Demonlord Belzenlok, Kothophed, Soul Hoarder"
Read the Fine Print Foil Edition,Secret Lair Drop,Other,SLD,2022-01-28,52.36,"Razaketh, the Foulblooded, Griselbrand, Liliana's Contract, Demonlord Belzenlok, Kothophed, Soul Hoarder"
Read the Fine Print Foil Etched Edition,Secret Lair Drop,Other,SLD,2022-01-28,52.36,"Razaketh, the Foulblooded, Griselbrand, Liliana's Contract, Demonlord Belzenlok, Kothophed, Soul Hoarder"
Ready to Attack,Jumpstart,Other,DMU,2022-09-09,2.57,"Mountain, Twinferno, Ragefire Hellkite, Electrostatic Infantry, Phoenix Chick"
Ready to Charge,Jumpstart,Other,DMU,2022-09-09,2.57,"Mountain, Twinferno, Ragefire Hellkite, Electrostatic Infantry, Yavimaya Steelcrusher"
Reality Fracture,Theme Deck,Other,TSP,2006-10-06,396.81,"Claws of Gix, Grapeshot, Clockspinning, Whispers of the Muse, Deep-Sea Kraken"
Reanimated (1),Jumpstart,Other,JMP,2020-07-17,9.43,"Reanimate, Swamp, Swamp, Archfiend's Vessel, Crypt Lurker"
Reanimated (2),Jumpstart,Other,JMP,2020-07-17,9.43,"Reanimate, Swamp, Swamp, Crypt Lurker, Swamp"
Reanimated (3),Jumpstart,Other,JMP,2020-07-17,7.56,"Exhume, Scourge of Nel Toth, Swamp, Swamp, Crypt Lurker"
Reanimated (4),Jumpstart,Other,JMP,2020-07-17,6.77,"Rise of the Dark Realms, Swamp, Swamp, Crypt Lurker, Swamp"
Rebel Armory,Arena Starter Deck,Other,LTR,2023-06-20,10.49,"Nahiri, Forged in Fury, Danitha, Benalia's Hope, Battlefield Forge, Astor, Bearer of Blades, Rhuk, Hexgold Nabber"
Rebel's Call,Theme Deck,Other,MMQ,1999-10-04,180.87,"Cho-Manno, Revolutionary, Ramosian Sergeant, Disenchant, Fountain of Cho, Ramosian Sky Marshal"
Rebel's Call - Enhanced Deck,Enhanced Deck,Other,MMQ,1999-10-04,812.19,"Dust Bowl, Cave-In, Mother of Runes, Reverent Mantra, City of Brass"
Rebelling (1),Jumpstart,Other,TLE,2025-11-20,15.37,"Longshot, Rebel Bowman, Smellerbee, Rebel Fighter, Zuko, Seeking Honor, Freedom Fighter Recruit, Thriving Bluff"
Rebelling (2),Jumpstart,Other,TLE,2025-11-20,18.35,"Longshot, Rebel Bowman, Overwhelming Victory, Smellerbee, Rebel Fighter, Zuko, Seeking Honor, Freedom Fighter Recruit"
Rebellious 1,Jumpstart,Other,ONE,2023-02-10,0.0,"Rhuk, Hexgold Nabber, Volt Charge, Mountain, Mountain, The Autonomous Furnace"
Rebellious 2,Jumpstart,Other,ONE,2023-02-10,0.0,"Rhuk, Hexgold Nabber, Prosthetic Injector, Blazing Crescendo, Bladegraft Aspirant, Mountain"
Rebels Unite,Theme Deck,Other,FUT,2007-05-04,48.14,"Big Game Hunter, Dawn Charm, Terramorphic Expanse, Angel of Salvation, Return to Dust"
Red,Game Night Deck,Other,GNT,2018-11-16,18.68,"Goblin Trashmaster, Goblin Instigator, Goblin Goliath, Guttersnipe, Goblin Motivator"
Red Burn,Deck Builder's Toolkit,Other,MBS,2011-03-11,18.0,"Forked Bolt, Cunning Sparkmage, Fire Servant, Kiln Fiend, Chandra's Spitfire"
Red Deck,Sample Deck,Other,M14,2014-07-19,3.22,"Guttersnipe, Mountain, Goblin Shortcutter, Mountain, Act of Treason"
Red Deck A,Sample Deck,Other,10E,2008-05-02,11.65,"Horde of Boggarts, Mudbrawler Cohort, Raging Goblin, Mountain, Mountain"
Red Deck B,Sample Deck,Other,M12,2011-07-15,21.83,"Goblin Grenade, Goblin Wardriver, Goblin Fireslinger, Mountain, Mountain"
Red Green Monstrosity,Deck Builder's Toolkit,Other,M15,2014-07-18,1.69,"Market Festival, Fall of the Hammer, Ancient Silverback, Peregrination, Ill-Tempered Cyclops"
Red Sample Deck,Sample Deck,Other,M13,2012-07-13,0.0,"Mountain, Mountain, Wild Guess, Mountain, Searing Spear"
Red White Auras,Deck Builder's Toolkit,Other,M15,2014-07-18,3.24,"Heliod's Pilgrim, Vanguard of Brimaz, Akroan Crusader, Brood Keeper, Chosen by Heliod"
Red and Black Pirates,Deck Builder's Toolkit,Other,XLN,2017-09-29,0.0,"March of the Drowned, Lightning-Rig Crew, Fiery Cannonade, Kitesail Freebooter, Dire Fleet Captain"
Red and Colorless Artifacts,Deck Builder's Toolkit,Other,KLD,2016-09-30,12.33,"Reckless Fireweaver, Foundry Inspector, Chief of the Foundry, Inventor's Apprentice, Welding Sparks"
Red and Colorless RampLandfall,Deck Builder's Toolkit,Other,SOI,2016-04-08,13.73,"Bane of Bala Ged, Scour from Existence, Hedron Crawler, Hedron Archive, Embodiment of Fury"
Red and Green Aggro,Deck Builder's Toolkit,Other,AKH,2017-04-28,1.17,"Cartouche of Strength, Ahn-Crop Crasher, Crocodile of the Crossing, Cartouche of Zeal, Fling"
Red and Green Dinosaurs,Deck Builder's Toolkit,Other,XLN,2017-09-29,8.6,"Ranging Raptors, Raging Swordtooth, Raptor Hatchling, Charging Monstrosaur, Atzocan Archer"
Red and Green Landfall,Deck Builder's Toolkit,Other,SOI,2016-04-08,0.0,"Snapping Gnarlid, Brute Strength, Retreat to Valakut, Blighted Gorge, Lightning Axe"
Red and Green Wolves,Deck Builder's Toolkit,Other,KLD,2016-09-30,2.41,"Blossoming Defense, Ulrich's Kindred, Pack Guardian, Wolfkin Bond, Brazen Wolves"
Red and White,Deck Builder's Toolkit,Other,KLD,2016-09-30,0.0,"Cathartic Reunion, Fairgrounds Warden, Steadfast Cathar, Spiteful Motives, Make Mischief"
Red and White Aggro,Deck Builder's Toolkit,Other,AKH,2017-04-28,3.62,"Cartouche of Solidarity, Ahn-Crop Crasher, Cartouche of Zeal, Honored Crop-Captain, Rhet-Crop Spearmaster"
Red and White Dinosaurs,Deck Builder's Toolkit,Other,XLN,2017-09-29,5.08,"Kinjalli's Caller, Charging Monstrosaur, Sky Terror, Dinosaur Stampede, Imperial Aerosaur"
Red-Green Aggression,Deck Builder's Toolkit,Other,M14,2013-07-19,2.4,"Gruul War Chant, Kalonian Tusker, Skarrg Guildmage, Ghor-Clan Rampager, Advocate of the Beast"
Red-Green Aggro,Deck Builder's Toolkit,Other,ROE,2010-05-21,1.19,"Summit Apes, Borderland Ranger, Goblin Shortcutter, Trusty Machete, Centaur Courser"
Red-White,Starter Kit,Other,FIN,2025-06-13,9.82,"Ultima Weapon, Rosa, Resolute White Mage, Cloud, Planet's Champion, Beatrix, Loyal General, Freya Crescent"
Red-White Deck,Spellslinger Starter Kit,Other,M19,2018-10-05,4.84,"Lightning Strike, Charging Monstrosaur, Goblin Motivator, Sky Terror, Demanding Dragon"
Red-White Swarm,Deck Builder's Toolkit,Other,M14,2013-07-19,0.0,"Wojek Halberdiers, Viashino Firstblade, Righteous Charge, Skyknight Legionnaire, Sunhome Guildmage"
Reign of Vampirism,Intro Pack,Other,M11,2010-07-16,47.15,"Royal Assassin, Viscera Seer, Cultivate, Captivating Vampire, Diabolic Tutor"
Reinforced (1),Jumpstart,Other,TLE,2025-11-20,1.35,"Zuko, Seeking Honor, Feed the Swarm, Thriving Moor, Fire Nation Salvagers, Swamp"
Reinforced (2),Jumpstart,Other,TLE,2025-11-20,1.35,"Zuko, Seeking Honor, Thriving Moor, Fire Nation Salvagers, Swamp, Elephant-Rat"
Reinforcement 1,Jumpstart,Other,MOM,2023-04-20,12.72,"Orthion, Hero of Lavabrink, Axgard Artisan, Volcanic Spite, Mountain, Stoke the Flames"
Reinforcement 2,Jumpstart,Other,MOM,2023-04-20,12.72,"Orthion, Hero of Lavabrink, Axgard Artisan, Volcanic Spite, Mountain, Shatter the Source"
Relentless (1),Jumpstart,Other,TLE,2025-11-20,4.82,"Fire Nation Occupation, Ruthless Waterbender, Thriving Moor, Swamp, Purple Pentapus"
Relentless (2),Jumpstart,Other,TLE,2025-11-20,3.44,"Fire Nation Occupation, Thriving Moor, Swamp, Azula, On the Hunt, Joo Dee, One of Many"
Relentless Dead,Intro Pack,Other,DKA,2012-02-03,39.25,"Endless Ranks of the Dead, Diregraf Captain, Swamp, Island, Swamp"
Relentless Rush,Intro Pack,Other,DTK,2015-03-27,11.91,"Impact Tremors, Foul-Tongue Shriek, Mountain, Duress, Tormenting Voice"
Relic Breaker,Intro Pack,Other,SOM,2010-10-01,83.1,"Asceticism, Viridian Revel, Forest, Iron Myr, Copper Myr"
Relics of Doom,Theme Deck,Other,PS11,2011-01-01,0.0,"Island, Island, Island, Island, Swamp"
Repeat Performance,Event Deck,Other,M13,2012-08-03,130.37,"Green Sun's Zenith, Razorverge Thicket, Avacyn's Pilgrim, Stonehorn Dignitary, Arbor Elf"
Repel the Dark,Intro Pack,Other,ISD,2011-09-30,18.0,"Avacyn's Pilgrim, Bonds of Faith, Bramblecrush, Fiend Hunter, Plains"
Replicator,Theme Deck,Other,NEM,2000-02-14,258.42,"Saproling Burst, Invigorate, Blastoderm, Bog Witch, Saproling Cluster"
Replicator - Enhanced Deck,Enhanced Deck,Other,NEM,2000-02-14,333.94,"Treetop Village, Rancor, Collective Unconscious, Vine Trellis, Spontaneous Generation"
Restless in Peace,Secret Lair Drop,Other,SLD,2019-12-05,31.14,"Life from the Loam, Bloodghast, Golgari Thug"
Return to Mystical Archive,Secret Lair Drop,Other,SLD,2026-05-12,33.54,"Spell Pierce, Abrade, Shared Roots, Zombify, Duty Beyond Death"
Return to Mystical Archive Foil Edition,Secret Lair Drop,Other,SLD,2026-05-12,33.54,"Spell Pierce, Abrade, Shared Roots, Zombify, Duty Beyond Death"
Return to Ravnica Fat Pack Land Pack,Bundle Land Pack,Other,RTR,2012-10-05,0.0,"Forest, Mountain, Swamp, Island, Forest"
Return to Ravnica Foil Redemption,MTGO Redemption,Other,RTR,2012-11-04,525.02,"Cyclonic Rift, Deathrite Shaman, Blood Crypt, Steam Vents, Overgrown Tomb"
Return to Ravnica Holiday Gift Box Land Pack,Bundle Land Pack,Other,RTR,2012-11-16,0.0,"Forest, Mountain, Swamp, Island, Island"
Return to Ravnica Redemption,MTGO Redemption,Other,RTR,2012-11-04,525.02,"Cyclonic Rift, Deathrite Shaman, Blood Crypt, Steam Vents, Overgrown Tomb"
Returned,Jumpstart,Other,MSH,2026-06-26,5.52,"Undead Hand Ninja, Grim Reaper's Scythe, Songbird, Sonic Screamer, Swamp, Arnim Zola, Bio-Fanatic"
Ride Like the Wind,MTGO Theme Deck,Other,MIR,2006-12-05,2.24,"Mountain, Plains, Telim'Tor, Mountain, Mountain"
Riders 1,Jumpstart,Other,LTR,2023-11-03,10.67,"Riders of the Mark, Rising of the Day, Smite the Deathless, Rally at the Hornburg, Mountain"
Riders 2,Jumpstart,Other,LTR,2023-11-03,9.4,"Riders of the Mark, Smite the Deathless, Rally at the Hornburg, Gimli's Axe, Mountain"
Rise of the Eldrazi Fat Pack Land Pack,Bundle Land Pack,Other,ROE,2010-04-23,39.64,"Island, Swamp, Forest, Island, Forest"
Rise of the Eldrazi Foil Redemption,MTGO Redemption,Other,ROE,2010-05-23,2072.45,"Emrakul, the Aeons Torn, Kozilek, Butcher of Truth, Ulamog, the Infinite Gyre, Nirkana Revenant, Linvala, Keeper of Silence"
Rise of the Eldrazi Redemption,MTGO Redemption,Other,ROE,2010-05-23,2072.45,"Emrakul, the Aeons Torn, Kozilek, Butcher of Truth, Ulamog, the Infinite Gyre, Nirkana Revenant, Linvala, Keeper of Silence"
Rise of the Vampires,Intro Pack,Other,ZEN,2009-10-02,49.82,"Blood Tribute, Malakir Bloodwitch, Diabolic Tutor, Vampire Nighthawk, Vampire's Bite"
Rituals of Rebirth,Theme Deck,Other,PLC,2007-02-02,259.62,"Essence Warden, Wall of Roots, Rebuff the Wicked, Teneb, the Harvester, Phantasmagorian"
Rivals of Ixalan Bundle Land Pack,Bundle Land Pack,Other,RIX,2018-01-19,11.07,"Swamp, Forest, Mountain, Island, Plains"
Rivals of Ixalan Foil Redemption,MTGO Redemption,Other,RIX,2018-02-18,379.43,"Nezahal, Primal Tide, Polyraptor, The Immortal Sun, Storm the Vault // Vault of Catlacan, Pitiless Plunderer"
Rivals of Ixalan Redemption,MTGO Redemption,Other,RIX,2018-02-18,379.43,"Nezahal, Primal Tide, Polyraptor, The Immortal Sun, Storm the Vault // Vault of Catlacan, Pitiless Plunderer"
River Heralds,Theme Deck,Other,E02,2017-11-24,28.88,"Time Warp, Soul of the Harvest, Tempest Caller, Rancor, Island"
Rogues (1),Jumpstart,Other,JMP,2020-07-17,0.0,"Swamp, Rogue's Gloves, Thieves' Guild Enforcer, Alchemist's Gift, Oona's Blackguard"
Rogues (2),Jumpstart,Other,JMP,2020-07-17,0.0,"Swamp, Rogue's Gloves, Thieves' Guild Enforcer, Alchemist's Gift, Oona's Blackguard"
Roku,Jumpstart,Other,TLE,2025-11-20,16.55,"Avatar Roku, Firebender, Frantic Confrontation, Fang, Roku's Companion, Thriving Bluff, Firebending Lesson"
Rot from Within,Event Deck,Other,NPH,2011-06-10,181.16,"Green Sun's Zenith, Inkmoth Nexus, Mutagenic Growth, Ichorclaw Myr, Overgrown Battlement"
Rough and Tumble,Arena Starter Kit,Other,AFR,2021-08-06,1.23,"Evolving Wilds, Asmodeus the Archfiend, Oran-Rief Ooze, Scurrid Colony, Black Dragon"
Rough and Tumble Amazon,Arena Starter Kit,Other,AFR,2021-08-06,1.23,"Evolving Wilds, Asmodeus the Archfiend, Oran-Rief Ooze, Scurrid Colony, Black Dragon"
"Rowan, Fearless Sparkmage",Planeswalker Deck,Other,ELD,2019-10-04,1.0,"Rowan, Fearless Sparkmage, Plains, Acclaimed Contender, Giant Killer // Chop Down, Venerable Knight"
Rule the Room,Secret Lair Drop,Other,SLD,2022-09-13,49.11,"Brimaz, King of Oreskos, Savra, Queen of the Golgari, Queen Marchesa, Arcanis the Omnipotent"
Rule the Room Foil Edition,Secret Lair Drop,Other,SLD,2022-09-13,49.11,"Brimaz, King of Oreskos, Savra, Queen of the Golgari, Queen Marchesa, Arcanis the Omnipotent"
Rumbler,Intro Pack,Other,ARB,2009-04-30,27.2,"Terramorphic Expanse, Forest, Forest, Mountain, Mountain"
Runaways,Jumpstart,Other,MSH,2026-06-26,47.96,"Nico Minoru, Runaway, Karolina Dean, Runaway, Hex Magic, Alex Wilder, Runaway, Crossover Collaboration"
Rush of the Wild,Event Deck,Other,M14,2013-08-09,38.0,"Stomping Ground, Elvish Mystic, Rogue's Passage, Mizzium Mortars, Dryad Militant"
SDCC 2013 Black Planeswalkers,Box Set,Other,PSDC,2013-07-18,842.68,"Liliana of the Dark Realms, Ajani, Caller of the Pride, Chandra, Pyromaster, Jace, Memory Adept, Garruk, Caller of Beasts"
SDCC 2013 Planeswalker Set,San Diego Comic Con Promos,Other,PSDC,2013-07-18,842.68,"Liliana of the Dark Realms, Ajani, Caller of the Pride, Chandra, Pyromaster, Jace, Memory Adept, Garruk, Caller of Beasts"
SDCC 2014 Black Planeswalkers,Box Set,Other,PS14,2014-07-08,280.62,"Liliana Vess, Nissa, Worldwaker, Ajani Steadfast, Chandra, Pyromaster, Garruk, Apex Predator"
SDCC 2014 Planeswalker Set,San Diego Comic Con Promos,Other,PS14,2014-07-24,280.62,"Liliana Vess, Nissa, Worldwaker, Ajani Steadfast, Chandra, Pyromaster, Garruk, Apex Predator"
SDCC 2015 Black Planeswalkers,Box Set,Other,PS15,2015-07-09,457.94,"Liliana, Heretical Healer // Liliana, Defiant Necromancer, Jace, Vryn's Prodigy // Jace, Telepath Unbound, Chandra, Fire of Kaladesh // Chandra, Roaring Flame, Nissa, Vastwood Seer // Nissa, Sage Animist, Kytheon, Hero of Akros // Gideon, Battle-Forged"
SDCC 2015 Planeswalker Set,San Diego Comic Con Promos,Other,PS15,2015-07-09,457.94,"Liliana, Heretical Healer // Liliana, Defiant Necromancer, Jace, Vryn's Prodigy // Jace, Telepath Unbound, Chandra, Fire of Kaladesh // Chandra, Roaring Flame, Nissa, Vastwood Seer // Nissa, Sage Animist, Kytheon, Hero of Akros // Gideon, Battle-Forged"
SDCC 2016 Zombie Planeswalker Set,San Diego Comic Con Promos,Other,PS16,2016-07-21,104.25,"Liliana, the Last Hope, Chandra, Flamecaller, Jace, Unraveler of Secrets, Gideon, Ally of Zendikar, Nissa, Voice of Zendikar"
SDCC 2016 Zombie Planeswalkers,Box Set,Other,PS16,2016-10-01,104.25,"Liliana, the Last Hope, Chandra, Flamecaller, Jace, Unraveler of Secrets, Gideon, Ally of Zendikar, Nissa, Voice of Zendikar"
SDCC 2017 Egyptian Planeswalkers,Box Set,Other,PS17,2017-07-20,173.96,"Liliana, Death's Majesty, Nicol Bolas, God-Pharaoh, Chandra, Torch of Defiance, Jace, Unraveler of Secrets, Gideon of the Trials"
SDCC 2017 Planeswalker Set,San Diego Comic Con Promos,Other,PS17,2017-07-20,173.96,"Liliana, Death's Majesty, Nicol Bolas, God-Pharaoh, Chandra, Torch of Defiance, Jace, Unraveler of Secrets, Gideon of the Trials"
SDCC 2018 Planeswalker Set,San Diego Comic Con Promos,Other,PS18,2018-07-19,225.31,"Liliana, Untouched by Death, Chandra, Torch of Defiance, Nissa, Vital Force, Gideon of the Trials, Jace, Cunning Castaway"
SDCC 2018 Stained Glass Planeswalkers,Box Set,Other,PS18,2018-07-19,225.31,"Liliana, Untouched by Death, Chandra, Torch of Defiance, Nissa, Vital Force, Gideon of the Trials, Jace, Cunning Castaway"
SDCC 2019 God-Eternals,Box Set,Other,PS19,2019-07-18,219.33,"Nicol Bolas, Dragon-God, God-Eternal Oketra, God-Eternal Bontu, God-Eternal Kefnet, God-Eternal Rhonas"
Sacred Assault,Intro Pack,Other,M12,2011-07-15,32.7,"Spirit Mantle, Mesa Enchantress, Gladecover Scout, Lifelink, Aegis Angel"
Sacrifice,Deck Builder's Toolkit,Other,M14,2013-07-19,0.0,"Goblin Rally, Barrage of Expendables, Tenacious Dead, Act of Treason, Festering Newt"
Sacrificial Bam,Theme Deck,Other,MRD,2003-10-02,272.99,"Vault of Whispers, Great Furnace, Talisman of Indulgence, Myr Retriever, Iron Myr"
Sacrilege,Theme Deck,Other,TOR,2002-02-08,371.23,"Buried Alive, Ichorid, Tainted Field, Putrid Imp, Angel of Retribution"
Saddle Up,Arena Starter Deck,Other,OTJ,2024-07-08,14.66,"Lush Portico, Railway Brawler, Outcaster Trailblazer, Gruff Triplets, Ornery Tumblewagg"
Sainted One,Shandalar Enemy Deck,Other,PAST,1997-04-01,6905.64,"Mox Pearl, Mishra's Workshop, Bottle of Suleiman, Sol Ring, Armageddon"
Saltrem Tor,Shandalar Enemy Deck,Other,PAST,1997-04-01,308.8,"Mountain, Birds of Paradise, Whirling Dervish, Crimson Manticore, Unstable Mutation"
Sampler Booster,Welcome Booster,Other,7ED,2001-04-11,57.39,"Forest, Island, Mountain, Swamp, Plains"
Saproling Swarm,Arena Starter Deck,Other,M19,2018-09-27,23.58,"Tendershoot Dryad, Twilight Prophet, Poison-Tip Archer, Woodland Cemetery, Path of Discovery"
Sarkhan,Planeswalker Deck,Other,M19,2018-07-13,19.4,"Sarkhan, Dragonsoul, Thud, Lightning Strike, Goblin Motivator, Demanding Dragon"
Saturday Morning D&D,Secret Lair Drop,Other,SLD,2021-06-21,48.81,"Primal Vigor, Impact Tremors, Whir of Invention, Commander's Sphere, Hero's Downfall"
Saturday Morning D&D Foil Edition,Secret Lair Drop,Other,SLD,2021-06-21,48.81,"Primal Vigor, Impact Tremors, Whir of Invention, Commander's Sphere, Hero's Downfall"
Savage Auras,Planechase Deck,Other,PCA,2016-11-25,22.31,"Ghostly Prison, Felidar Umbra, Kor Spiritdancer, Three Dreams, Spirit Mantle"
Savage Lands,Arena Starter Deck,Other,AFR,2021-09-24,14.17,"Toski, Bearer of Secrets, Cragcrown Pathway // Timbercrown Pathway, Inferno of the Star Mounts, Werewolf Pack Leader, Froghemoth"
Savage Salvagers,Arena Starter Deck,Other,LTR,2023-06-20,11.19,"Conduit of Worlds, Glissa Sunslayer, Llanowar Wastes, Shadow of the Enemy, Terror of Towashi"
Savage Stompdown,MTGO Theme Deck,Other,VIS,2006-04-10,43.47,"Natural Order, Mountain, Viashivan Dragon, Forest, Mountain"
Saviors of Kamigawa Foil Redemption,MTGO Redemption,Other,SOK,2005-07-03,2255.6,"Oboro Breezecaller, Oboro, Palace in the Clouds, Erayo, Soratami Ascendant // Erayo's Essence, Sakashima the Impostor, Twincast"
Saviors of Kamigawa Redemption,MTGO Redemption,Other,SOK,2005-07-03,2255.6,"Oboro Breezecaller, Oboro, Palace in the Clouds, Erayo, Soratami Ascendant // Erayo's Essence, Sakashima the Impostor, Twincast"
Scales of Fury,Theme Deck,Other,PS11,2011-01-01,0.0,"Forest, Forest, Forest, Forest, Mountain"
Scarlet,Jumpstart,Other,MSH,2026-06-26,78.02,"The Vision and Scarlet Witch, Wanda's Vision, Lightning Bolt, Hex Magic, Grapeshot"
Scars of Mirrodin Fat Pack Land Pack,Bundle Land Pack,Other,SOM,2010-10-01,34.07,"Forest, Swamp, Forest, Island, Forest"
Scars of Mirrodin Foil Redemption,MTGO Redemption,Other,SOM,2010-10-31,1642.56,"Mox Opal, Skithiryx, the Blight Dragon, Platinum Emperion, Contagion Engine, Grafted Exoskeleton"
Scars of Mirrodin Redemption,MTGO Redemption,Other,SOM,2010-10-31,1642.56,"Mox Opal, Skithiryx, the Blight Dragon, Platinum Emperion, Contagion Engine, Grafted Exoskeleton"
Scene Box,Box Set,Other,SPE,2025-09-26,25.19,"Green Goblin, Nemesis, Sensational Spider-Man, Venom, Deadly Devourer, Pumpkin Bombs, Grasping Tentacles"
Scorch The World With Dragonfire,Archenemy Deck,Other,ARC,2010-06-18,30.37,"Seething Song, Thran Dynamo, Hellkite Charger, Dragonspeaker Shaman, Taurean Mauler"
Scourge Foil Redemption,MTGO Redemption,Other,SCG,2003-06-25,3393.3,"Stifle, Brain Freeze, Siege-Gang Commander, Sliver Overlord, Decree of Justice"
Scourge Redemption,MTGO Redemption,Other,SCG,2003-06-25,3393.3,"Stifle, Brain Freeze, Siege-Gang Commander, Sliver Overlord, Decree of Justice"
Scout,Theme Deck,Other,PLS,2001-02-05,526.32,"Eladamri's Call, Rith's Grove, Armadillo Cloak, Harrow, Fertile Ground"
Scrapyard Sacrifice,Arena Starter Deck,Other,LTR,2023-06-20,14.59,"Mishra, Claimed by Gix // Mishra, Lost to Phyrexia, Sulfurous Springs, Corrupted Conviction, Urabrask's Forge, Phyrexian Dragon Engine // Mishra, Lost to Phyrexia"
Scrying 1,Jumpstart,Other,J22,2022-12-02,10.8,"Kenessos, Priest of Thassa, Preordain, Cryptic Serpent, Faerie Seer, Biblioplex Kraken"
Scrying 2,Jumpstart,Other,J22,2022-12-02,10.8,"Kenessos, Priest of Thassa, Preordain, Cryptic Serpent, Condescend, Faerie Seer"
Sea Drake,Shandalar Enemy Deck,Other,PAST,1997-04-01,173.66,"Mana Vault, Island Fish Jasconius, Leviathan, Counterspell, Giant Tortoise"
Second Chance,Arena Starter Deck,Other,OTJ,2024-07-08,6.63,"Spirebluff Canal, Seize the Secrets, Hell to Pay, Demand Answers, Melek, Reforged Researcher"
Second Sun Control,Challenger Deck,Other,Q01,2018-04-06,32.21,"Approach of the Second Sun, Kefnet the Mindful, Settle the Wreckage, Ipnu Rivulet, Fumigate"
Secret Lair High: Class of '87,Secret Lair Drop,Other,SLD,2025-03-25,17.29,"Aesi, Tyrant of Gyre Strait // Aesi, Tyrant of Gyre Strait, Chulane, Teller of Tales // Chulane, Teller of Tales, Anje Falkenrath // Anje Falkenrath, Radha, Heart of Keld // Radha, Heart of Keld"
Secret Lair High: Class of '87 Foil Edition,Secret Lair Drop,Other,SLD,2025-03-25,17.29,"Aesi, Tyrant of Gyre Strait // Aesi, Tyrant of Gyre Strait, Chulane, Teller of Tales // Chulane, Teller of Tales, Anje Falkenrath // Anje Falkenrath, Radha, Heart of Keld // Radha, Heart of Keld"
Secrets of Strixhaven Bundle Land Pack,Bundle Land Pack,Other,SOS,2026-04-24,0.0,"Mountain, Mountain, Plains, Swamp, Plains"
Secrets of Strixhaven Redemption,MTGO Redemption,Other,SOS,2026-05-20,144.03,"Emeritus of Woe // Demonic Tutor, Improvisation Capstone, Germination Practicum, Erode, Emeritus of Ideation // Ancestral Recall"
Sedge Beast,Shandalar Enemy Deck,Other,PAST,1997-04-01,366.85,"Mountain, Strip Mine, Dancing Scimitar, Blight, Erg Raiders"
Seeing Visions,Secret Lair Drop,Other,SLD,2019-12-06,12.57,"Serum Visions, Serum Visions, Serum Visions, Serum Visions"
Seer,Shandalar Enemy Deck,Other,PAST,1997-04-01,348.48,"Triskelion, Hurkyl's Recall, Tetravus, Time Elemental, Ornithopter"
Seismic,Jumpstart,Other,JMP,2020-07-17,0.0,"Volcanic Geyser, Thriving Bluff, Mountain, Mana Geode, Volcanic Fallout"
Selesnya,Guild Kit,Other,GK1,2018-11-02,9.44,"Privileged Position, Trostani, Selesnya's Voice, Camaraderie, Conclave Cavalier, Tolsimir Wolfblood"
Selesnya Conclave,Arena Starter Deck,Other,M20,2019-05-03,24.67,"Temple Garden, March of the Multitudes, Tolsimir, Friend to Wolves, Knight of Autumn, Pledge of Unity"
Selesnya Conclave 1,Jumpstart,Other,CLU,2024-02-23,2.56,"Conclave Evangelist, Selesnya Sanctuary, Trostani Discordant, Sumala Rumblers, Selesnya Guildgate"
Selesnya Conclave 2,Jumpstart,Other,CLU,2024-02-23,9.0,"Beast Whisperer, Selesnya Signet, Vernal Sovereign, Selesnya Sanctuary, Sumala Rumblers"
Selesnya Pride,Arena Starter Deck,Other,DOM,2018-03-22,114.27,"Anointed Procession, Crested Sunmare, Sacred Cat, Pride Sovereign, Regal Caracal"
Selesnya Surge,Intro Pack,Other,RTR,2012-10-05,6.56,"Arbor Elf, Rootborn Defenses, Healer of the Pride, Forest, Druid's Deliverance"
Selesnya United,Theme Deck,Other,RAV,2005-10-07,26.86,"Nullmage Shepherd, Tolsimir Wolfblood, Selesnya Sanctuary, Vitu-Ghazi, the City-Tree, Scatter the Seeds"
Series 1,Box Set,Other,PVAN,1997-12-01,29.92,"Karn, Squee, Ertai, Mirri, Gerrard"
Series 2,Box Set,Other,PVAN,1997-12-01,105.19,"Orim, Selenia, Barrin, Hanna, Starke"
Series 3,Box Set,Other,PVAN,1997-12-01,195.64,"Sliver Queen, Brood Mother, Lyna, Eladamri, Oracle, Sidar Kondo"
Series 4,Box Set,Other,PVAN,1997-12-01,361.23,"Titania, Gix, Urza, Xantcha, Mishra"
Seventh Edition Foil Redemption,MTGO Redemption,Other,7ED,2001-05-11,23774.12,"Birds of Paradise, City of Brass, Final Fortune, Adarkar Wastes, Underground River"
Seventh Edition Redemption,MTGO Redemption,Other,7ED,2001-05-11,23774.12,"Birds of Paradise, City of Brass, Final Fortune, Adarkar Wastes, Underground River"
Shades Not Included,Secret Lair Drop,Other,SLD,2022-07-22,71.48,"Island, Mountain, Swamp, Plains, Forest"
Shades Not Included Foil Edition,Secret Lair Drop,Other,SLD,2022-07-22,71.48,"Island, Mountain, Swamp, Plains, Forest"
Shadowmoor Fat Pack Land Pack,Bundle Land Pack,Other,SHM,2008-05-02,38.74,"Swamp, Forest, Island, Swamp, Swamp"
Shadowmoor Foil Redemption,MTGO Redemption,Other,SHM,2008-06-01,3837.67,"Sygg, River Cutthroat, Manamorphose, Umbral Mantle, Twilight Shepherd, Everlasting Torment"
Shadowmoor Redemption,MTGO Redemption,Other,SHM,2008-06-01,3837.67,"Sygg, River Cutthroat, Manamorphose, Umbral Mantle, Twilight Shepherd, Everlasting Torment"
Shadows over Innistrad Fat Pack Land Pack,Bundle Land Pack,Other,SOI,2016-04-08,0.0,"Forest, Forest, Swamp, Plains, Swamp"
Shadows over Innistrad Foil Redemption,MTGO Redemption,Other,SOI,2016-05-08,252.14,"Cryptolith Rite, Eerie Interlude, Relentless Dead, Sorin, Grim Nemesis, Archangel Avacyn // Avacyn, the Purifier"
Shadows over Innistrad Gift Box Land Pack,Bundle Land Pack,Other,SOI,2016-04-08,0.0,"Forest, Forest, Swamp, Plains, Swamp"
Shadows over Innistrad Redemption,MTGO Redemption,Other,SOI,2016-05-08,252.14,"Cryptolith Rite, Eerie Interlude, Relentless Dead, Sorin, Grim Nemesis, Archangel Avacyn // Avacyn, the Purifier"
Shallow Graves,Intro Pack,Other,EMN,2016-07-22,9.05,"Cryptbreaker, Liliana's Indignation, Graf Harvest, Noosegraf Mob, Cemetery Recruitment"
Shamanism,Theme Deck,Other,MOR,2008-02-01,245.61,"Thornbite Staff, Bosk Banneret, Leaf-Crowned Elder, Swamp, Lignify"
Shapeshifter,Shandalar Enemy Deck,Other,PAST,1997-04-01,562.44,"Triskelion, Mishra's Factory, Mana Vault, Hurkyl's Recall, Ivory Tower"
Shapeshifters,Jumpstart,Other,J22,2022-12-02,31.98,"Pirated Copy, Mirror Image, Bloodline Pretender, Amoeboid Changeling, Gigantoplasm"
Shards of Alara Fat Pack Land Pack,Bundle Land Pack,Other,ALA,2008-10-03,38.57,"Plains, Island, Swamp, Forest, Forest"
Shards of Alara Foil Redemption,MTGO Redemption,Other,ALA,2008-11-02,1020.89,"Ad Nauseam, Tezzeret the Seeker, Mayael the Anima, Ajani Vengeant, Memory Erosion"
Shards of Alara Redemption,MTGO Redemption,Other,ALA,2008-11-02,1020.89,"Ad Nauseam, Tezzeret the Seeker, Mayael the Anima, Ajani Vengeant, Memory Erosion"
"Shawn Hammer Regnier, Quarterfinalist",Pro Tour Deck,Other,PTC,1996-05-01,96.44,"City of Brass, Land Tax, Adarkar Wastes, Mishra's Factory, Island"
Sheldon's Spellbook,Secret Lair Drop,Other,SLD,2024-07-03,92.88,"Teferi's Protection, Sol Ring, Inkshield, Command Tower, Eladamri's Vineyard"
Sheldon's Spellbook Foil Edition,Secret Lair Drop,Other,SLD,2024-07-03,92.88,"Teferi's Protection, Sol Ring, Inkshield, Command Tower, Eladamri's Vineyard"
Showcase: All Will Be One Step-and-Compleat Edition,Secret Lair Drop,Other,SLD,2023-04-14,56.74,"Phyrexian Crusader, Glissa, the Traitor, Phyrexian Unlife, Ertai, the Corrupted, Plague Engineer"
Showcase: Bloomburrow,Secret Lair Drop,Other,SLD,2024-07-30,66.59,"Tezzeret, Master of the Bridge, Sorin Markov, Kiora, Behemoth Beckoner, Vraska, Golgari Queen, Huatli, Radiant Champion"
Showcase: Bloomburrow Foil Edition,Secret Lair Drop,Other,SLD,2024-07-30,66.59,"Tezzeret, Master of the Bridge, Sorin Markov, Kiora, Behemoth Beckoner, Vraska, Golgari Queen, Huatli, Radiant Champion"
Showcase: Dominaria United Textured Foil Edition,Secret Lair Drop,Other,SLD,2022-10-25,38.87,"Nicol Bolas, Vaevictis Asmadi, Palladia-Mors, Chromium, Arcades Sabboth"
Showcase: Duskmourn,Secret Lair Drop,Other,SLD,2024-10-01,46.4,"Dauthi Voidwalker, Phyrexian Metamorph, Magus of the Moon, Cauldron Familiar, Witch's Oven"
Showcase: Duskmourn Foil Edition,Secret Lair Drop,Other,SLD,2024-10-01,46.4,"Dauthi Voidwalker, Phyrexian Metamorph, Magus of the Moon, Cauldron Familiar, Witch's Oven"
Showcase: Kaldheim - Part 1,Secret Lair Drop,Other,SLD,2021-04-13,56.45,"Uro, Titan of Nature's Wrath, Primeval Titan, Frost Titan"
Showcase: Kaldheim - Part 1 Foil Edition,Secret Lair Drop,Other,SLD,2021-04-13,56.45,"Uro, Titan of Nature's Wrath, Primeval Titan, Frost Titan"
Showcase: Kaldheim - Part 2,Secret Lair Drop,Other,SLD,2021-04-13,31.72,"Kroxa, Titan of Death's Hunger, Grave Titan, Inferno Titan"
Showcase: Kaldheim - Part 2 Foil Edition,Secret Lair Drop,Other,SLD,2021-04-13,31.72,"Kroxa, Titan of Death's Hunger, Grave Titan, Inferno Titan"
Showcase: March of the Machine Vol. 1,Secret Lair Drop,Other,SLD,2023-04-28,145.52,"Walking Ballista, The World Tree, Wheel and Deal, Questing Beast, Olivia Voldaren"
Showcase: March of the Machine Vol. 2,Secret Lair Drop,Other,SLD,2023-04-28,102.74,"Higure, the Still Wind, Nezahal, Primal Tide, Xantcha, Sleeper Agent, Mina and Denn, Wildborn, Dragonlord Kolaghan"
Showcase: March of the Machine Vol. 3,Secret Lair Drop,Other,SLD,2023-04-28,174.93,"Misdirection, Nyxbloom Ancient, Utvara Hellkite, Kogla, the Titan Ape, Jhoira, Weatherlight Captain"
Showcase: Midnight Hunt,Secret Lair Drop,Other,SLD,2022-01-28,93.32,"Vault of the Archangel, Gavony Township, Kessig Wolf Run, Alchemist's Refuge, Nephalia Drownyard"
Showcase: Midnight Hunt Foil Edition,Secret Lair Drop,Other,SLD,2022-01-28,93.32,"Vault of the Archangel, Gavony Township, Kessig Wolf Run, Alchemist's Refuge, Nephalia Drownyard"
Showcase: Murders at Karlov Manor,Secret Lair Drop,Other,SLD,2024-02-23,32.2,"Vilis, Broker of Blood, Gonti, Lord of Luxury, Grenzo, Dungeon Warden, Anowon, the Ruin Thief"
Showcase: Murders at Karlov Manor Foil Edition,Secret Lair Drop,Other,SLD,2024-02-23,35.09,"Vilis, Broker of Blood, Gonti, Lord of Luxury, Grenzo, Dungeon Warden, Anowon, the Ruin Thief"
Showcase: Neon Dynasty Neon Ink Foil Edition,Secret Lair Drop,Other,SLD,2022-07-22,87.21,"Ghostly Prison, Freed from the Real, Hall of the Bandit Lord, Boseiju, Who Shelters All"
Showcase: Outlaws of Thunder Junction,Secret Lair Drop,Other,SLD,2024-05-30,40.43,"Magda, Brazen Outlaw, Kalitas, Traitor of Ghet, Dack Fayden, Greasefang, Okiba Boss"
Showcase: Outlaws of Thunder Junction Foil Edition,Secret Lair Drop,Other,SLD,2024-05-30,40.43,"Magda, Brazen Outlaw, Kalitas, Traitor of Ghet, Dack Fayden, Greasefang, Okiba Boss"
Showcase: Streets of New Capenna Gilded Foil Edition,Secret Lair Drop,Other,SLD,2022-08-05,61.74,"Atraxa, Praetors' Voice, Breya, Etherium Shaper, Yidris, Maelstrom Wielder"
Showcase: Strixhaven,Secret Lair Drop,Other,SLD,2021-08-25,59.11,"All Is Dust, Fire Covenant, Drown in the Loch, Artifact Mutation, Fractured Identity"
Showcase: Strixhaven Foil Edition,Secret Lair Drop,Other,SLD,2021-08-25,59.11,"All Is Dust, Fire Covenant, Drown in the Loch, Artifact Mutation, Fractured Identity"
Showcase: The Lost Caverns of Ixalan,Secret Lair Drop,Other,SLD,2023-12-05,57.5,"Elenda, the Dusk Rose, Kumena, Tyrant of Orazca, Captain Lannery Storm, Admiral Beckett Brass, Vona, Butcher of Magan"
Showcase: The Lost Caverns of Ixalan Foil Edition,Secret Lair Drop,Other,SLD,2023-12-05,67.16,"Kumena, Tyrant of Orazca, Elenda, the Dusk Rose, Captain Lannery Storm, Admiral Beckett Brass, Vona, Butcher of Magan"
Showcase: Zendikar Revisited,Secret Lair Drop,Other,SLD,2020-09-25,129.59,"Avenger of Zendikar, Admonition Angel, Roil Elemental, Warren Instigator, Zulaport Cutthroat"
Showcase: Zendikar Revisited Foil Edition,Secret Lair Drop,Other,SLD,2020-09-25,129.59,"Avenger of Zendikar, Admonition Angel, Roil Elemental, Warren Instigator, Zulaport Cutthroat"
Shrines,Jumpstart,Other,TLE,2025-11-20,6.92,"Hei Bai, Forest Guardian, Forest, The Spirit Oasis, Kyoshi Island Plaza, Northern Air Temple"
Shu Kingdom,Theme Deck,Other,PTK,1999-05-01,140.86,"Guan Yu, Sainted Warrior, Liu Bei, Lord of Shu, Kongming, ""Sleeping Dragon"", Shu General, Plains"
Sidestep,Theme Deck,Other,EVE,2008-07-25,71.71,"Clout of the Dominus, Dominus of Fealty, Mindwrack Liege, Island, Inside Out"
Siege Engines,Jumpstart,Other,TLE,2025-11-20,0.0,"Thriving Moor, Swamp, The Fire Nation Drill, Heartless Act, Fire Navy Trebuchet"
Signature Spellbook: Chandra,Box Set,Other,SS3,2020-06-26,60.37,"Pyroblast, Rite of Flame, Chandra, Torch of Defiance, Past in Flames, Fiery Confluence"
Signature Spellbook: Gideon,Box Set,Other,SS2,2019-06-28,42.93,"Blackblade Reforged, True Conviction, Shielded by Faith, Path to Exile, Worship"
Signature Spellbook: Jace,Box Set,Other,SS1,2018-06-15,52.21,"Mystical Tutor, Blue Elemental Blast, Gifts Ungiven, Brainstorm, Counterspell"
Silver Deck,Starter Deck,Other,8ED,2003-07-28,14.54,"Island, Plains, Plains, Island, Island"
Silver Pack,Advanced Pack,Other,9ED,2005-08-09,10.62,"Telepathy, Holy Day, Island, Honor Guard, Plains"
Sim Han How - Squirrel Opposition,World Championship Deck,Other,WC02,2002-08-14,54.7,"Yavimaya Coast, Shivan Reef, Birds of Paradise, Island, Karplusan Forest"
Simic,Guild Kit,Other,GK2,2019-02-15,31.19,"Guardian Project, Omnibian, Simic Ascendancy, Gyre Sage, Trollbred Guardian"
Simic Combine,Arena Starter Deck,Other,M20,2019-05-03,43.68,"Biomancer's Familiar, Breeding Pool, Incubation Druid, Hydroid Krasis, Growth Spiral"
Simic Combine 1,Jumpstart,Other,CLU,2024-02-23,5.11,"Slip Out the Back, Rapid Hybridization, Master Biomancer, Unruly Krasis, Simic Signet"
Simic Combine 2,Jumpstart,Other,CLU,2024-02-23,5.45,"Lonis, Genetics Expert, Hydroid Krasis, Duskshell Crawler, Scuttling Sentinel, Ivy Lane Denizen"
Simic Domination,Intro Pack,Other,DGM,2013-05-03,15.48,"Gyre Sage, Bred for the Hunt, Vorel of the Hull Clade, Species Gorger, Forest"
Simic Mutology,Theme Deck,Other,DIS,2006-05-05,99.98,"Protean Hulk, Simic Growth Chamber, Experiment Kraj, Coiling Oracle, Simic Guildmage"
Simic Synthesis,Intro Pack,Other,GTC,2013-02-01,12.26,"Tower Defense, Ivy Lane Denizen, Unexpected Results, Bioshift, Urban Evolution"
Skies,Deck Builder's Toolkit,Other,M14,2013-07-19,1.19,"Warden of Evos Isle, Hands of Binding, Lyev Skyknight, Air Servant, Frost Breath"
Sky Patrol,Arena Starter Deck,Other,AFR,2021-09-24,13.78,"Hengegate Pathway // Mistgate Pathway, Grazilaxx, Illithid Scholar, Starnheim Unleashed, Luminarch Aspirant, Vega, the Watcher"
Sky Slam,Theme Deck,Other,8ED,2003-07-28,25.13,"Mana Leak, Urza's Armor, Island, Island, Island"
Slaughterhouse,Intro Pack,Other,AVR,2012-05-04,17.78,"Blood Artist, Swamp, Reassembling Skeleton, Swamp, Harvester of Souls"
Slay the Day,Secret Lair Drop,Other,SLD,2025-05-19,61.59,"Marwyn, the Nurturer, Oloro, Ageless Ascetic, Sythis, Harvest's Hand, Liesa, Shroud of Dusk"
Sleeper,Theme Deck,Other,USG,1998-10-12,0.0,"Plains, Plains, Plains, Plains, Opal Titan"
Sleeper - Enhanced Deck,Enhanced Deck,Other,USG,1998-10-12,87.01,"Argothian Enchantress, Oath of Lieges, Worship, Pariah, Endless Wurm"
Slither,Theme Deck,Other,PCY,2000-06-05,312.2,"Seal of Fire, Reverent Silence, Citadel of Pain, Invigorate, Vine Trellis"
Sliver Evolution,Theme Deck,Other,TSP,2006-10-06,209.96,"Avoid Fate, Gemstone Mine, Spirit Loop, Pulmonic Sliver, Gemhide Sliver"
Sliver Shivers,Theme Deck,Other,LGN,2003-02-03,356.17,"Shifting Sliver, Brood Sliver, Lonely Sandbar, Essence Sliver, Root Sliver"
Slivers,Theme Deck,Other,PSAL,2005-08-01,0.0,"Darigaaz's Caldera, Forest, Forest, Forest, Forest"
Smashing (1),Jumpstart,Other,JMP,2020-07-17,1.58,"Unleash Fury, Shock, Thriving Bluff, Volcanic Salvo, Fling"
Smashing (2),Jumpstart,Other,JMP,2020-07-17,0.0,"Thriving Bluff, Volcanic Salvo, Fling, Short Sword, Furious Rise"
Smashing (3),Jumpstart,Other,JMP,2020-07-17,2.64,"Unleash Fury, Sarkhan's Unsealing, Hamletback Goliath, Thriving Bluff, Fling"
Smashing (4),Jumpstart,Other,JMP,2020-07-17,0.0,"Etali, Primal Storm, Thriving Bluff, Fling, Furious Rise, Heartfire Immolator"
Snack Time,Arena Starter Deck,Other,OTJ,2024-07-08,31.07,"Underground Mortuary, Experimental Confectioner, Lich-Knights' Conquest, Bristlebud Farmer, Assassin's Trophy"
Snake's Path,Theme Deck,Other,CHK,2004-10-01,229.86,"Sensei's Divining Top, Orochi Leafcaller, Time of Need, Orochi Hatchery, Sakura-Tribe Elder"
Snakes,Jumpstart,Other,J25,2024-11-07,18.46,"Aphelia, Viper Whisperer, Hooded Blightfang, Gorgon Flail, Pharika's Chosen, Night's Whisper"
Sneak Attack Amazon,Arena Starter Kit,Other,AFR,2021-08-06,10.24,"Mind Flayer, Archmage Emeritus, Red Dragon, Cyclone Summoner, Calamity Bearer"
Sneak Squad,Arena Promotional Deck,Other,DMU,2022-09-09,6.47,"Mirrorhall Mimic // Ghastly Mimicry, Blade of the Oni, Malevolent Hermit // Benevolent Geist, Undying Malice, Consider"
Snow,Jumpstart,Other,J22,2022-12-02,14.16,"Coldsteel Heart, Isu the Abominable, Snow-Covered Island, Marit Lage's Slumber, Phyrexian Ironfoot"
Snowscape,Theme Deck,Other,CSP,2006-07-21,153.07,"Rimewind Cryomancer, Rimefeather Owl, Heidar, Rimewind Master, Frost Marsh, Coldsteel Heart"
So Salty,Secret Lair Drop,Other,SLD,2025-04-22,76.42,"Scrawling Crawler, Winter Orb, Expropriate, Narset, Parter of Veils, Worst Fears"
Soaring,Jumpstart,Other,MSH,2026-06-26,3.56,"Vulture, Feathered Fiend, Namora, the Sea Queen, Rescue, Pepper Potts, Dismissive Denial, Island"
Soaring (1),Jumpstart,Other,TLE,2025-11-20,1.36,"Boomerang Basics, Mechanical Glider, The Mechanist, Aerial Artisan, Island, Flying Dolphin-Fish"
Soaring (2),Jumpstart,Other,J25,2024-11-07,1.64,"Cavalier of Gales, Island, Warden of Evos Isle, Cartouche of Knowledge, Shorecomber Crab"
Soaring (3),Jumpstart,Other,J25,2024-11-07,0.0,"Mu Yanling, Sky Dancer, Cloudkin Seer, Island, Winged Words, Thriving Isle"
Soaring (4),Jumpstart,Other,J25,2024-11-07,0.0,"Faerie Seer, Opt, Island, Winged Words, Sprite Noble"
Sole Domination,Intro Pack,Other,M13,2012-07-13,29.27,"Tormented Soul, Ring of Xathrid, Liliana's Shade, Plains, Vampire Nighthawk"
Solitary Fiends,Intro Pack,Other,AVR,2012-05-04,24.42,"Swiftfoot Boots, Essence Harvest, Swamp, Island, Swamp"
Song Dance,Challenger Deck,Other,Q03,2019-11-08,20.17,"Sacred Foundry, Feather, the Redeemed, Gideon Blackblade, Dreadhorde Arcanist, Tithe Taker"
Sonic: Chasing Adventure,Secret Lair Drop,Other,SLD,2025-08-08,43.29,"Sol Ring, Fabricate, Open the Armory, Unexpected Windfall, Generous Gift"
Sonic: Chasing Adventure Foil Edition,Secret Lair Drop,Other,SLD,2025-08-08,43.29,"Sol Ring, Fabricate, Open the Armory, Unexpected Windfall, Generous Gift"
Sonic: Friends & Foes,Secret Lair Drop,Other,SLD,2025-08-08,58.63,"Knuckles the Echidna, Super State, Shadow the Hedgehog, Sonic the Hedgehog, Amy Rose"
Sonic: Friends & Foes Foil Edition,Secret Lair Drop,Other,SLD,2025-08-08,58.63,"Knuckles the Echidna, Super State, Shadow the Hedgehog, Sonic the Hedgehog, Amy Rose"
Sonic: Turbo Gear,Secret Lair Drop,Other,SLD,2025-08-08,49.58,"The Reaver Cleaver, Hammer of Nazahn, Swiftfoot Boots, Lightning Greaves, Weatherlight"
Sonic: Turbo Gear Foil Edition,Secret Lair Drop,Other,SLD,2025-08-08,49.58,"The Reaver Cleaver, Hammer of Nazahn, Swiftfoot Boots, Lightning Greaves, Weatherlight"
Soratami's Wisdom,Theme Deck,Other,SOK,2005-06-03,157.15,"Kami of the Crescent Moon, Freed from the Real, Overwhelming Intellect, Soramaro, First to Dream, Graceful Adept"
Sorcerer,Shandalar Enemy Deck,Other,PAST,1997-04-01,344.71,"Mountain, Brass Man, Ali Baba, Winds of Change, Manabarbs"
Sorceress,Shandalar Enemy Deck,Other,PAST,1997-04-01,323.0,"Mountain, Ball Lightning, Blood Lust, Meekstone, Bird Maiden"
Sorin,Duel Deck,Other,DDK,2013-03-15,2.84,"Sorin, Lord of Innistrad, Mesmeric Fiend, Unmake, Butcher of Malakir, Wall of Omens"
"Sorin, Vampire Lord",Planeswalker Deck,Other,M20,2019-07-29,28.62,"Sorin, Vampire Lord, Vampire of the Dire Moon, Dread Presence, Bloodthirsty Aerialist, Swamp"
Sparky Sparky (1),Jumpstart,Other,TLE,2025-11-20,0.0,"Thriving Bluff, Iroh's Demonstration, Ran and Shaw, Combustion Technique, Mountain"
Sparky Sparky (2),Jumpstart,Other,TLE,2025-11-20,4.08,"Overwhelming Victory, Price of Freedom, Thriving Bluff, Firebending Lesson, Ran and Shaw"
Special Delivery,Theme Deck,Other,USG,1998-10-12,10.24,"Thran Turbine, Argothian Wurm, Forest, Wildfire, Mountain"
Special Delivery - Enhanced Deck,Enhanced Deck,Other,USG,1998-10-12,233.09,"Cursed Scroll, Wasteland, Reflecting Pool, City of Brass, Lightning Dragon"
Special Forces,Theme Deck,Other,5DN,2004-06-04,206.66,"Plunge into Darkness, Acquire, Silver Myr, Whispersilk Cloak, Leaden Myr"
Special Guest: Fiona Staples,Secret Lair Drop,Other,SLD,2021-10-29,71.06,"Dryad of the Ilysian Grove, Metallic Mimic, Sakura-Tribe Elder, Soul-Scar Mage, Spell Queller"
Special Guest: Fiona Staples Foil Edition,Secret Lair Drop,Other,SLD,2021-10-29,71.06,"Dryad of the Ilysian Grove, Metallic Mimic, Sakura-Tribe Elder, Soul-Scar Mage, Spell Queller"
Special Guest: Jen Bartel,Secret Lair Drop,Other,SLD,2021-10-29,78.58,"Bloom Tender, Archaeomancer, Mesa Enchantress, Meteor Golem"
Special Guest: Jen Bartel Foil Edition,Secret Lair Drop,Other,SLD,2021-10-29,78.58,"Bloom Tender, Archaeomancer, Mesa Enchantress, Meteor Golem"
Special Guest: Junji Ito,Secret Lair Drop,Other,SLD,2022-12-05,175.09,"Carrion Feeder, Thoughtseize, Doomsday, Plaguecrafter"
Special Guest: Junji Ito Foil Etched Edition,Secret Lair Drop,Other,SLD,2022-12-05,175.09,"Carrion Feeder, Thoughtseize, Doomsday, Plaguecrafter"
Special Guest: Kelogsloops,Secret Lair Drop,Other,SLD,2022-09-13,159.1,"Mystic Remora, Burgeoning, Utopia Sprawl, Retreat to Coralhelm"
Special Guest: Kelogsloops Foil Edition,Secret Lair Drop,Other,SLD,2022-09-13,159.1,"Mystic Remora, Burgeoning, Utopia Sprawl, Retreat to Coralhelm"
Special Guest: Kozyndan: Another Story,Secret Lair Drop,Other,SLD,2022-12-19,124.04,"Serra Ascendant, Demonic Consultation, Winds of Change, Rapid Hybridization, Llanowar Elves"
Special Guest: Kozyndan: Another Story Foil Edition,Secret Lair Drop,Other,SLD,2022-12-19,124.04,"Serra Ascendant, Demonic Consultation, Winds of Change, Rapid Hybridization, Llanowar Elves"
Special Guest: Kozyndan: The Lands,Secret Lair Drop,Other,SLD,2022-12-19,88.97,"Island, Swamp, Plains, Forest, Mountain"
Special Guest: Kozyndan: The Lands Foil Edition,Secret Lair Drop,Other,SLD,2022-12-19,88.97,"Island, Swamp, Plains, Forest, Mountain"
Special Guest: Matt Jukes,Secret Lair Drop,Other,SLD,2022-08-05,83.51,"Dragonskull Summit, Drowned Catacomb, Glacial Fortress, Sunpetal Grove, Rootbound Crag"
Special Guest: Matt Jukes Foil Edition,Secret Lair Drop,Other,SLD,2022-08-05,83.51,"Dragonskull Summit, Drowned Catacomb, Glacial Fortress, Sunpetal Grove, Rootbound Crag"
Special Guest: Yoji Shinkawa,Secret Lair Drop,Other,SLD,2022-12-05,220.24,"Skullclamp, Tezzeret the Seeker, Phyrexian Metamorph, Solemn Simulacrum"
Special Guest: Yoji Shinkawa Foil Edition,Secret Lair Drop,Other,SLD,2022-12-05,220.24,"Skullclamp, Tezzeret the Seeker, Phyrexian Metamorph, Solemn Simulacrum"
Special Guest: Yuko Shimizu,Secret Lair Drop,Other,SLD,2022-07-22,84.29,"Elvish Spirit Guide, Kira, Great Glass-Spinner, Eidolon of the Great Revel, Hokori, Dust Drinker"
Special Guest: Yuko Shimizu Foil Edition,Secret Lair Drop,Other,SLD,2022-07-22,84.29,"Elvish Spirit Guide, Kira, Great Glass-Spinner, Eidolon of the Great Revel, Hokori, Dust Drinker"
Spectral Legions,Intro Pack,Other,ISD,2011-09-30,34.51,"Spirit Mantle, Curiosity, Lifelink, Geist-Honored Monk, Island"
Spectral Slam,Theme Deck,Other,JUD,2002-05-27,296.93,"Mirari's Wake, Krosan Verge, Forest, Plains, Benevolent Bodyguard"
Spectrum,Theme Deck,Other,INV,2000-10-02,224.32,"Fires of Yavimaya, Harrow, Fertile Ground, Sabertooth Nishoba, Global Ruin"
Speed,Duel Deck,Other,DDN,2014-09-05,13.4,"Fury of the Horde, Goblin Bombardment, Goblin Warchief, Krenko, Mob Boss, Banefire"
Speed Scorch,Theme Deck,Other,8ED,2003-07-28,55.24,"Goblin King, Mountain, Mountain, Mountain, Mogg Sentry"
Speedy,Jumpstart,Other,J22,2022-12-02,24.43,"Kiki-Jiki, Mirror Breaker, Ardoz, Cobbler of War, Bolt Hound, Thriving Bluff, Nest Robber"
Spellcasting (1),Jumpstart,Other,JMP,2020-07-17,0.0,"Double Vision, Shock, Thriving Bluff, Thrill of Possibility, Thermo-Alchemist"
Spellcasting (2),Jumpstart,Other,JMP,2020-07-17,0.0,"Double Vision, Young Pyromancer, Shock, Thriving Bluff, Thrill of Possibility"
Spellcasting (3),Jumpstart,Other,JMP,2020-07-17,4.44,"Dualcaster Mage, Dragon Fodder, Shock, Thriving Bluff, Thrill of Possibility"
Spellcasting (4),Jumpstart,Other,JMP,2020-07-17,4.42,"Immolating Gyre, Crash Through, Shock, Thriving Bluff, Thrill of Possibility"
Spellpower,Arena Starter Deck,Other,M21,2021-07-03,8.44,"Brazen Borrower // Petty Theft, Shark Typhoon, Wavebreak Hippocamp, Double Vision, Experimental Overload"
Spellslinger Starter Kit - Red Deck,Spellslinger Starter Kit,Other,M20,2019-07-12,15.78,"Glint-Horn Buccaneer, Drakuseth, Maw of Flames, Leyline of Combustion, Mountain, Immortal Phoenix"
Spellslinger Starter Kit - White Deck,Spellslinger Starter Kit,Other,M20,2019-07-12,12.05,"Angelic Guardian, Sephara, Sky's Blade, Bond of Discipline, Inspiring Unicorn, Plains"
Spellweaver,Arena Starter Deck,Other,SNC,2022-09-09,11.69,"Lier, Disciple of the Drowned, Stormcarved Coast, Reckless Impulse, Big Score, Consider"
Spicy,Jumpstart,Other,J22,2022-12-02,15.87,"Auntie Blyte, Bad Influence, Loxodon Warhammer, Spear Spewer, Thriving Bluff, Goblin Artillery"
Spider-Verse,Jumpstart,Other,MSH,2026-06-26,14.37,"Spider-Man, New Champion, Astonishing Spider-Man, Daily Bugle Newspaper, Fogwell's Gym, Iceman and Firestar"
Spiraling Doom,Event Deck,Other,DKA,2012-02-24,136.69,"Birthing Pod, Hex Parasite, Myr Battlesphere, Diabolic Tutor, Viridian Corrupter"
Spirit,Jumpstart,Other,TLE,2025-11-20,2.25,"Dramatic Reversal, Dutiful Knowledge Seeker, Baboon Spirit, It'll Quench Ya!, The Spirit Oasis"
Spirit Flames,Theme Deck,Other,SOK,2005-06-03,29.95,"Elder Pine of Jukai, Arashi, the Sky Asunder, Shinen of Life's Roar, Jiwari, the Earth Aflame, Mountain"
Spirit Gale,Theme Deck,Other,BRB,1999-11-12,40.5,"Wrath of God, Windfall, Island, Swords to Plowshares, Soul Warden"
Spiritbane,Theme Deck,Other,CHK,2004-10-01,93.69,"Kusari-Gama, Brothers Yamazaki, Kumano, Master Yamabushi, Brothers Yamazaki, No-Dachi"
Spiritcraft,Theme Deck,Other,BOK,2005-02-04,26.05,"Oyobi, Who Split the Heavens, Kodama of the Center Tree, Traproot Kami, Forest, Wear Away"
Spirits,Theme Deck,Other,PSAL,2005-08-01,0.0,"Mountain, Mountain, Mountain, Mountain, Mountain"
Spirits (1),Jumpstart,Other,JMP,2020-07-17,1.32,"Essence Flux, Capture Sphere, Thriving Isle, Frost Breath, Roaming Ghostlight"
Spirits (2),Jumpstart,Other,JMP,2020-07-17,0.0,"Rewind, Capture Sphere, Thriving Isle, Rattlechains, Frost Breath"
Spirits 1,Jumpstart,Other,J22,2022-12-02,4.81,"Eidolon of Rhetoric, Selfless Spirit, Thriving Heath, Chains of Custody, Angel of Flight Alabaster"
Spirits 2,Jumpstart,Other,J22,2022-12-02,3.54,"Eidolon of Rhetoric, Hour of Reckoning, Thriving Heath, Chains of Custody, Doomed Traveler"
SpongeBob SquarePants: Internet Sensation,Secret Lair Drop,Other,SLD,2025-03-25,65.61,"Counterspell, Force of Despair, Night's Whisper, Inevitable Betrayal, Daze"
SpongeBob SquarePants: Internet Sensation Foil Edition,Secret Lair Drop,Other,SLD,2025-03-25,65.61,"Counterspell, Force of Despair, Night's Whisper, Inevitable Betrayal, Daze"
SpongeBob SquarePants: Lands Under the Sea,Secret Lair Drop,Other,SLD,2025-03-25,26.95,"Island, Forest, Mountain, Swamp, Plains"
SpongeBob SquarePants: Lands Under the Sea Foil Edition,Secret Lair Drop,Other,SLD,2025-03-25,26.95,"Island, Forest, Mountain, Swamp, Plains"
SpongeBob SquarePants: Legends of Bikini Bottom,Secret Lair Drop,Other,SLD,2025-03-25,83.76,"Jodah, the Unifier, Toxrill, the Corrosive, Barktooth Warbeard, Toski, Bearer of Secrets, Skrelv, Defector Mite"
SpongeBob SquarePants: Legends of Bikini Bottom Foil Edition,Secret Lair Drop,Other,SLD,2025-03-25,83.76,"Jodah, the Unifier, Toxrill, the Corrosive, Barktooth Warbeard, Toski, Bearer of Secrets, Skrelv, Defector Mite"
Spooky (1),Jumpstart,Other,JMP,2020-07-17,0.0,"Swamp, Village Rites, Crypt Lurker, Caged Zombie, Fetid Imp"
Spooky (2),Jumpstart,Other,JMP,2020-07-17,2.48,"Harvester of Souls, Swamp, Crypt Lurker, Caged Zombie, Swamp"
Spooky (3),Jumpstart,Other,JMP,2020-07-17,0.0,"Swamp, Crypt Lurker, Caged Zombie, Fetid Imp, Swamp"
Spooky (4),Jumpstart,Other,JMP,2020-07-17,5.56,"Black Market, Swamp, Crypt Lurker, Caged Zombie, Swamp"
Squadron,Jumpstart,Other,MSH,2026-06-26,14.61,"Hyperion, Supreme Hero, Zarda, the Power Princess, Doctor Spectrum, Blur of Heroism, Hyperion's Atomic Vision"
Ssssssnakessssss,Secret Lair Drop,Other,SLD,2023-04-14,119.41,"Lotus Cobra, Stonecoil Serpent, Hexdrinker, Ice-Fang Coatl, Seshiro the Anointed"
Ssssssnakessssss Foil Edition,Secret Lair Drop,Other,SLD,2023-04-14,119.41,"Lotus Cobra, Stonecoil Serpent, Hexdrinker, Ice-Fang Coatl, Seshiro the Anointed"
Stalwart (1),Jumpstart,Other,J25,2024-11-07,8.58,"Generous Pup, Ajani, Adversary of Tyrants, Urdnan, Dromoka Warrior, Take Up the Shield, Plains"
Stalwart (2),Jumpstart,Other,J25,2024-11-07,0.0,"Basri's Lieutenant, Urdnan, Dromoka Warrior, Basri's Solidarity, Plains, Star Pupil"
Stalwart (3),Jumpstart,Other,J25,2024-11-07,7.43,"Generous Pup, Urdnan, Dromoka Warrior, Steadfast Unicorn, Take Up the Shield, Plains"
Stalwart (4),Jumpstart,Other,J25,2024-11-07,0.0,"Mikaeus, the Lunarch, Urdnan, Dromoka Warrior, Light of the Legion, Gird for Battle, Plains"
Stampede,Theme Deck,Other,5DN,2004-06-04,160.32,"Eternal Witness, Talisman of Impulse, Rite of Passage, Pyrite Spellbomb, Goblin Cannon"
Stampede of Beasts,Intro Pack,Other,M11,2010-07-16,60.88,"Protean Hydra, Whispersilk Cloak, Lightning Bolt, Back to Nature, Overwhelming Stampede"
Stampeding Hordes,Intro Pack,Other,FRF,2015-01-23,10.01,"Deflecting Palm, Flamerush Rider, Plains, Plains, War Flare"
Stardew Valley: A Flicker in the Deep,Secret Lair Drop,Other,SLD,2026-08-03,27.35,"Arcane Signet, Sword of Forge and Frontier, Treasure Vault, Mitotic Slime, Atsushi, the Blazing Sky"
Stardew Valley: A Flicker in the Deep Foil Edition,Secret Lair Drop,Other,SLD,2026-08-03,27.35,"Arcane Signet, Sword of Forge and Frontier, Treasure Vault, Mitotic Slime, Atsushi, the Blazing Sky"
Stardew Valley: Life in Pelican Town,Secret Lair Drop,Other,SLD,2026-08-03,38.5,"Yavimaya, Cradle of Growth, Homeward Path, Command Tower, Fountainport, Crop Rotation"
Stardew Valley: Life in Pelican Town Foil Edition,Secret Lair Drop,Other,SLD,2026-08-03,38.5,"Yavimaya, Cradle of Growth, Homeward Path, Command Tower, Fountainport, Crop Rotation"
Stardew Valley: Welcome to Stardew Valley,Secret Lair Drop,Other,SLD,2026-08-03,44.84,"Stardew Valley, Dawn's Truce, Swords to Plowshares, Sol Ring, Kynaios and Tiro of Meletis"
Stardew Valley: Welcome to Stardew Valley Foil Edition,Secret Lair Drop,Other,SLD,2026-08-03,44.84,"Stardew Valley, Dawn's Truce, Swords to Plowshares, Sol Ring, Kynaios and Tiro of Meletis"
Starry-Eyed,Arena Starter Deck,Other,M21,2021-07-03,18.76,"Kiora Bests the Sea God, Luminous Broodmoth, Elspeth Conquers Death, Archon of Sun's Grace, All That Glitters"
Starter 2000 sampler pack,Welcome Booster,Other,S00,2000-04-24,0.0,"Spined Wurm, Mountain, Swamp, Forest, Island"
Starter Collection,Box Set,Other,FDN,2024-11-15,50.07,"Swiftfoot Boots, Basilisk Collar, Boros Charm, Aurelia, the Warleader, Bolt Bend"
Stealthy Subterfuge,Arena Starter Deck,Other,SNC,2022-09-09,17.5,"Shipwreck Marsh, Nashi, Moon Sage's Scion, Thousand-Faced Shadow, Kaito Shizuki, Satoru Umezawa"
Stoked (1),Jumpstart,Other,J25,2024-11-07,0.0,"Frontline Heroism, Thriving Bluff, Cleon, Merry Champion, Kiln Fiend, Titan's Strength"
Stoked (2),Jumpstart,Other,J25,2024-11-07,0.0,"Dreadhorde Arcanist, Unleash Fury, Thriving Bluff, Cleon, Merry Champion, Kiln Fiend"
Stoked (3),Jumpstart,Other,J25,2024-11-07,0.0,"Frontline Heroism, Unleash Fury, Young Pyromancer, Mirrorwing Dragon, Thriving Bluff"
Stoked (4),Jumpstart,Other,J25,2024-11-07,0.0,"Crimson Wisps, Infuriate, Young Pyromancer, Thriving Bluff, Cleon, Merry Champion"
"Stomp, Stomp",Arena Starter Deck,Other,M21,2021-07-03,44.74,"Terror of the Peaks, Return of the Wildspeaker, Ram Through, Unleash Fury, The First Iroan Games"
Storm Surge,Theme Deck,Other,SCG,2003-05-26,845.63,"Chain of Vapor, Mind's Desire, Lonely Sandbar, Secluded Steppe, Whipcorder"
Storm of Blades,Arena Starter Deck,Other,SNC,2022-09-09,14.39,"The Wandering Emperor, Sundown Pass, Lion Sash, Goro-Goro, Disciple of Ryusei, Thundering Raiju"
Stranger Things,Secret Lair Drop,Other,SLD,2022-01-28,89.39,"Arvinox, the Mind Flail, Cecily, Haunted Mage, Othelm, Sigardian Outcast, Wernog, Rider's Chaplain, Elmar, Ulvenwald Informant"
Stranger Things Foil Edition,Secret Lair Drop,Other,SLD,2022-01-28,89.39,"Arvinox, the Mind Flail, Cecily, Haunted Mage, Othelm, Sigardian Outcast, Wernog, Rider's Chaplain, Elmar, Ulvenwald Informant"
Street Fighter,Secret Lair Drop,Other,SLD,2022-07-22,67.07,"Zethi, Arcane Blademaster, Maarika, Brutal Gladiator, Tadeas, Juniper Ascendant, Vikya, Scorching Stalwart, The Howling Abomination"
Street Fighter Foil Edition,Secret Lair Drop,Other,SLD,2022-07-22,67.07,"Zethi, Arcane Blademaster, Maarika, Brutal Gladiator, Tadeas, Juniper Ascendant, Vikya, Scorching Stalwart, The Howling Abomination"
Street Level Villains,Jumpstart,Other,MSH,2026-06-26,10.45,"Kingpin, Wilson Fisk, Criminal Enterprise, Hammerhead, Maggia Boss, Deadly Dispute, Swamp"
Streets of New Capenna Bundle Land Pack,Bundle Land Pack,Other,SNC,2022-04-29,0.0,"Island, Island, Swamp, Swamp, Mountain"
Streets of New Capenna Foil Redemption,MTGO Redemption,Other,SNC,2022-05-29,203.5,"Jetmir's Garden, Xander's Lounge, Spara's Headquarters, Raffine's Tower, Jetmir, Nexus of Revels"
Streets of New Capenna Redemption,MTGO Redemption,Other,SNC,2022-05-29,203.5,"Jetmir's Garden, Xander's Lounge, Spara's Headquarters, Raffine's Tower, Jetmir, Nexus of Revels"
Streets of New Capenna Welcome Booster,Welcome Booster,Other,SNC,2022-04-29,3.49,"Kogla, the Titan Ape, Sunblast Angel, Commander's Sphere, Ob Nixilis Reignited, Mr. Orfeo, the Boulder"
Strength Of Selesnya,Event Deck,Other,DGM,2013-05-24,105.79,"Parallel Lives, Godless Shrine, Champion of Lambholt, Growing Ranks, Increasing Devotion"
Strength in Numbers,Arena Starter Deck,Other,SNC,2022-09-09,18.47,"Halo Fountain, Overgrown Farmland, Adeline, Resplendent Cathar, Gala Greeters, Rumor Gatherer"
Strike Force,Planechase Deck,Other,HOP,2009-09-04,38.14,"Insurrection, Relic of Progenitus, Furnace of Rath, Goblin Offensive, Soul Warden"
Strixhaven Bundle Land Pack,Bundle Land Pack,Other,STX,2021-04-23,0.0,"Swamp, Swamp, Plains, Plains, Swamp"
Strixhaven: School of Mages Foil Redemption,MTGO Redemption,Other,STX,2021-05-23,129.93,"Blex, Vexing Pest // Search for Blex, Wandering Archaic // Explore the Vastlands, Beledros Witherbloom, Crackle with Power, Professor Onyx"
Strixhaven: School of Mages Redemption,MTGO Redemption,Other,STX,2021-05-23,129.93,"Blex, Vexing Pest // Search for Blex, Wandering Archaic // Explore the Vastlands, Beledros Witherbloom, Crackle with Power, Professor Onyx"
Sultai Schemers,Intro Pack,Other,KTK,2014-09-26,17.54,"Murderous Cut, Opulent Palace, Treasure Cruise, Black Cat, Typhoid Rats"
Summoner,Shandalar Enemy Deck,Other,PAST,1997-04-01,74.69,"Colossus of Sardia, Birds of Paradise, Force of Nature, Radjan Spirit, Forest"
Sun Empire,Theme Deck,Other,E02,2017-11-24,42.07,"Aggravated Assault, Regisaur Alpha, Quicksilver Amulet, Raging Swordtooth, Path to Exile"
Sunburst,Theme Deck,Other,5DN,2004-06-04,129.68,"Joiner Adept, Energy Chamber, Pentad Prism, Wayfarer's Bauble, Etched Oracle"
Superabundance,Theme Deck,Other,EVE,2008-07-25,130.35,"Fable of Wolf and Owl, Cerulean Wisps, Favor of the Overbeing, Slippery Bogle, Viridescent Wisps"
Surge of Resistance,Intro Pack,Other,OGW,2016-01-22,9.68,"Expedite, Reckless Bushwhacker, Rolling Thunder, Stormchaser Mage, Anticipate"
Surprise Attack,Intro Pack,Other,FRF,2015-01-23,5.62,"Reality Shift, Forest, Island, Secret Plans, Wall of Frost"
Surprise! (1),Jumpstart,Other,J25,2024-11-07,0.0,"Opt, Island, Thryx, the Sudden Storm, Crystacean, Spectral Sailor"
Surprise! (2),Jumpstart,Other,J25,2024-11-07,0.0,"Opt, Island, Thryx, the Sudden Storm, Spectral Sailor, Stinging Lionfish"
Surprise! (3),Jumpstart,Other,J25,2024-11-07,0.0,"Venser, Shaper Savant, Opt, Island, Breaching Hippocamp, Spectral Sailor"
Surprise! (4),Jumpstart,Other,J25,2024-11-07,0.0,"Wavebreak Hippocamp, Venser, Shaper Savant, Island, Fading Hope, Spectral Sailor"
Suspended Sentence,Theme Deck,Other,FUT,2007-05-04,96.03,"Clockspinning, Paradox Haze, Reality Strobe, Terramorphic Expanse, Reality Acid"
Svend Geertsen - Green Stompy,World Championship Deck,Other,WC97,1997-08-13,35.95,"Winter Orb, Rogue Elephant, Quirion Ranger, Fyndhorn Elves, Forest"
Swarm & Slam,Theme Deck,Other,DST,2004-02-06,79.48,"Myr Matrix, Spawning Pit, Gold Myr, Echoing Courage, Tangle Spider"
Swarming Instinct,Intro Pack,Other,BFZ,2015-10-02,23.85,"Bane of Bala Ged, Kozilek's Channeler, Brood Monitor, Scour from Existence, Titan's Presence"
Sweet Revenge,Event Deck,Other,M13,2012-08-03,50.3,"Darkslick Shores, Sulfur Falls, Faithless Looting, Red Sun's Zenith, Think Twice"
Swift Justice,Intro Pack,Other,DKA,2012-02-03,11.72,"Mountain, Stromkirk Noble, Fiend Hunter, Plains, Plains"
Swoop,Theme Deck,Other,APC,2001-06-04,321.27,"Mystic Snake, Chromatic Sphere, Urborg Elf, Fertile Ground, Wash Out"
Swordmaster,Jumpstart,Other,TLE,2025-11-20,10.08,"Duelist's Heritage, Sokka, Swordmaster, Meteor Sword, Plains, Inspired Insurgent"
Sylvan Wisdom,Arena Starter Deck,Other,LTR,2023-06-20,45.45,"Nissa, Resurgent Animist, Tribute to the World Tree, Ezuri, Stalker of Spheres, Elrond, Master of Healing, Yavimaya Coast"
Tactical Assault,Arena Starter Deck,Other,M19,2018-09-27,9.69,"Leonin Warleader, Zetalpa, Primal Dawn, Plains, Herald of Faith, Serra Angel"
Take to the Sky,Intro Pack,Other,ORI,2015-07-17,8.22,"Faerie Miscreant, Murder Investigation, Celestial Flare, Turn to Frog, Island"
Tales of the Time Stoppers,Secret Lair Drop,Other,SLD,2023-12-05,34.56,"Nexus of Fate, Time Reversal, Beacon of Tomorrows, Time Stop"
Tales of the Time Stoppers Foil Edition,Secret Lair Drop,Other,SLD,2023-12-05,34.11,"Nexus of Fate, Time Reversal, Beacon of Tomorrows, Time Stop"
Tarkir: Dragonstorm Bundle Land Pack,Bundle Land Pack,Other,TDM,2025-04-11,13.22,"Mountain, Mountain, Forest, Forest, Island"
Tarkir: Dragonstorm Redemption,MTGO Redemption,Other,TDM,2025-05-07,363.04,"Ugin, Eye of the Storms, Elspeth, Storm Slayer, Mountain, Craterhoof Behemoth, Voice of Victory"
Tea Time at the Jasmine Dragon,Box Set,Other,TLA,2025-11-14,33.07,"Toph, Greatest Earthbender, Aang and Katara, Mai and Zuko, Sokka and Suki, Momo's Heist"
Teamwork 1,Jumpstart,Other,J22,2022-12-02,1.7,"Agrus Kos, Eternal Soldier, Angelic Cub, Thriving Heath, Taranika, Akroan Veteran, Valorous Stance"
Teamwork 2,Jumpstart,Other,J22,2022-12-02,1.7,"Agrus Kos, Eternal Soldier, Angelic Cub, Thriving Heath, Valorous Stance, Task Force"
Teenage Mutant Ninja Turtles Bundle Land Pack,Bundle Land Pack,Other,TMT,2026-03-06,0.0,"Swamp, Swamp, Forest, Forest, Mountain"
Teenage Mutant Ninja Turtles Pizza Bundle Land Pack,Bundle Land Pack,Other,TMT,2026-03-06,0.0,"Swamp, Swamp, Forest, Forest, Mountain"
Teenage Mutant Ninja Turtles: The Last Ronin,Secret Lair Drop,Other,SLD,2026-03-03,54.01,"Mental Misstep, Ink-Eyes, Servant of Oni, Chord of Calling, Anger, Settle the Wreckage"
Teenage Mutant Ninja Turtles: The Last Ronin Foil Edition,Secret Lair Drop,Other,SLD,2026-03-03,54.01,"Mental Misstep, Ink-Eyes, Servant of Oni, Chord of Calling, Anger, Settle the Wreckage"
Teenage Mutant Ninja Turtles: The Mighty Mutanimals,Secret Lair Drop,Other,SLD,2026-03-03,59.06,"Hardened Scales, Kediss, Emberclaw Familiar, Triumph of the Hordes, Pirated Copy, Deepglow Skate"
Teenage Mutant Ninja Turtles: The Mighty Mutanimals Foil Edition,Secret Lair Drop,Other,SLD,2026-03-03,59.06,"Hardened Scales, Kediss, Emberclaw Familiar, Triumph of the Hordes, Pirated Copy, Deepglow Skate"
Teenage Mutant Ninja Turtles: VHS Villains,Secret Lair Drop,Other,SLD,2026-03-03,43.41,"Higure, the Still Wind, Species Specialist, Delver of Secrets // Insectile Aberration, Triskelion, Rampaging Baloths"
Teenage Mutant Ninja Turtles: VHS Villains Foil Edition,Secret Lair Drop,Other,SLD,2026-03-03,43.41,"Higure, the Still Wind, Species Specialist, Delver of Secrets // Insectile Aberration, Triskelion, Rampaging Baloths"
Teeth of the Predator,Duel Of The Planeswalkers Deck,Other,DPA,2010-06-04,18.74,"Vigor, Loxodon Warhammer, Howl of the Night Pack, Blanchwood Armor, Verdant Force"
Teferi,Jumpstart,Other,JMP,2020-07-17,15.69,"Teferi, Master of Time, Teferi's Ageless Insight, Island, Opt, Teferi's Tutelage"
Teferi's Time Trouble,Secret Lair Drop,Other,SLD,2021-12-13,28.04,"Karn, the Great Creator, Teferi, Time Raveler, Dack Fayden"
"Teferi, Timebender",Planeswalker Deck,Other,DOM,2018-04-27,5.36,"Jhoira's Familiar, Teferi, Timebender, Island, Plains, Serra Angel"
"Teferi, Timeless Voyager",Planeswalker Deck,Other,M21,2020-07-03,6.55,"Teferi's Ageless Insight, Teferi, Timeless Voyager, Island, Stormwing Entity, Opt"
Temur Avalanche,Intro Pack,Other,KTK,2014-09-26,40.09,"Stubborn Denial, Elvish Mystic, Savage Punch, Frontier Bivouac, Roar of Challenge"
Tenacious,Jumpstart,Other,MSH,2026-06-26,12.92,"Return of the Mole Man, Voracious Brood, Punishing Punch, White Tiger, Amulet Keeper, Call Damage Control"
Tenth Edition Fat Pack Land Pack,Bundle Land Pack,Other,10E,2007-07-13,6.05,"Swamp, Forest, Forest, Mountain, Plains"
Tenth Edition Foil Redemption,MTGO Redemption,Other,10E,2007-08-12,2708.55,"Grave Pact, Crucible of Worlds, Root Maze, Abundance, Seedborn Muse"
Tenth Edition Redemption,MTGO Redemption,Other,10E,2007-08-12,2708.55,"Grave Pact, Crucible of Worlds, Root Maze, Abundance, Seedborn Muse"
Tezzeret,Duel Deck,Other,DDF,2010-09-03,40.35,"Tezzeret the Seeker, Energy Chamber, Thoughtcast, Foil, Seat of the Synod"
"Tezzeret, Master of Metal",Planeswalker Deck,Other,AER,2017-01-20,2.86,"Tezzeret, Master of Metal, Ornithopter, Island, Reverse Engineer, Island"
Thalia: Beyond the Helvault,Secret Lair Drop,Other,SLD,2020-03-12,15.88,"Thalia, Guardian of Thraben, Thalia, Guardian of Thraben, Thalia, Guardian of Thraben, Thalia, Guardian of Thraben"
Thallids,Theme Deck,Other,PSAL,2005-08-01,0.0,"Forest, Forest, Forest, Forest, Forest"
The '90s Binder Experience,Secret Lair Drop,Other,SLD,2023-04-14,164.27,"Exotic Orchard, Rin and Seri, Inseparable, Goreclaw, Terror of Qal Sisma, Alms Collector, Crested Sunmare"
The '90s Binder Experience Foil Edition,Secret Lair Drop,Other,SLD,2023-04-14,164.27,"Exotic Orchard, Rin and Seri, Inseparable, Goreclaw, Terror of Qal Sisma, Alms Collector, Crested Sunmare"
The Adventurers,Intro Pack,Other,ZEN,2009-10-02,20.8,"Lightning Bolt, Turntimber Ranger, Kazuul Warlord, Greenweaver Druid, Oran-Rief Survivalist"
The Art of Frank Frazetta,Secret Lair Drop,Other,SLD,2022-12-19,285.61,"Dark Ritual, Seize the Day, Midnight Reaper, Temporal Manipulation, Field Marshal"
The Art of Frank Frazetta Foil Edition,Secret Lair Drop,Other,SLD,2022-12-19,285.61,"Dark Ritual, Seize the Day, Midnight Reaper, Temporal Manipulation, Field Marshal"
The Art of Frank Frazetta: The Second Exhibition,Secret Lair Drop,Other,SLD,2025-06-10,93.32,"Desperate Ritual, Aggravated Assault, Zulaport Cutthroat, Deadly Dispute, Murderous Rider // Swift End"
The Art of Frank Frazetta: The Second Exhibition Foil Edition,Secret Lair Drop,Other,SLD,2025-06-10,93.32,"Desperate Ritual, Aggravated Assault, Zulaport Cutthroat, Deadly Dispute, Murderous Rider // Swift End"
The Astrology Lands: Aquarius,Secret Lair Drop,Other,SLD,2022-05-15,5.09,Island
The Astrology Lands: Aquarius Foil Edition,Secret Lair Drop,Other,SLD,2022-05-15,5.09,Island
The Astrology Lands: Aries,Secret Lair Drop,Other,SLD,2022-07-29,6.89,Mountain
The Astrology Lands: Aries Foil Edition,Secret Lair Drop,Other,SLD,2022-07-29,6.89,Mountain
The Astrology Lands: Cancer,Secret Lair Drop,Other,SLD,2022-10-21,7.65,Plains
The Astrology Lands: Cancer Foil Edition,Secret Lair Drop,Other,SLD,2022-10-21,7.65,Plains
The Astrology Lands: Capricorn,Secret Lair Drop,Other,SLD,2022-04-29,6.26,Swamp
The Astrology Lands: Capricorn Foil Edition,Secret Lair Drop,Other,SLD,2022-04-29,6.26,Swamp
The Astrology Lands: Gemini,Secret Lair Drop,Other,SLD,2022-09-23,8.08,Mountain
The Astrology Lands: Gemini Foil Edition,Secret Lair Drop,Other,SLD,2022-09-23,8.08,Mountain
The Astrology Lands: Leo,Secret Lair Drop,Other,SLD,2022-10-04,7.24,Plains
The Astrology Lands: Leo Foil Edition,Secret Lair Drop,Other,SLD,2022-10-04,7.24,Plains
The Astrology Lands: Libra,Secret Lair Drop,Other,SLD,2022-10-25,5.66,Plains
The Astrology Lands: Libra Foil Edition,Secret Lair Drop,Other,SLD,2022-10-25,5.66,Plains
The Astrology Lands: Pisces,Secret Lair Drop,Other,SLD,2022-07-29,5.64,Island
The Astrology Lands: Pisces Foil Edition,Secret Lair Drop,Other,SLD,2022-07-29,5.64,Island
The Astrology Lands: Sagittarius,Secret Lair Drop,Other,SLD,2022-12-27,23.68,Forest
The Astrology Lands: Sagittarius Foil Edition,Secret Lair Drop,Other,SLD,2022-12-27,23.68,Forest
The Astrology Lands: Scorpio,Secret Lair Drop,Other,SLD,2022-12-27,18.75,Swamp
The Astrology Lands: Scorpio Foil Edition,Secret Lair Drop,Other,SLD,2022-12-27,18.75,Swamp
The Astrology Lands: Taurus,Secret Lair Drop,Other,SLD,2022-09-02,5.69,Forest
The Astrology Lands: Taurus Foil Edition,Secret Lair Drop,Other,SLD,2022-09-02,5.69,Forest
The Astrology Lands: Virgo,Secret Lair Drop,Other,SLD,2022-10-25,5.57,Island
The Astrology Lands: Virgo Foil Edition,Secret Lair Drop,Other,SLD,2022-10-25,5.57,Island
The Beauty of the Beasts,Secret Lair Drop,Other,SLD,2024-02-23,121.8,"Scourge of Valkas, Felidar Guardian, Voracious Hydra, Serpent of Yawning Depths, Peregrine Drake"
The Beauty of the Beasts Foil Edition,Secret Lair Drop,Other,SLD,2024-02-23,171.09,"Scourge of Valkas, Felidar Guardian, Peregrine Drake, Voracious Hydra, Serpent of Yawning Depths"
The Black Sun Invasion,Box Set,Other,TLA,2025-11-14,34.19,"Fire Nation Turret, Sokka's Charge, Earthshape, Appa, the Vigilant, Katara's Reversal"
The Brazen Coalition,Arena Starter Deck,Other,DOM,2018-03-22,14.17,"Forerunner of the Coalition, Dire Fleet Ravager, Fanatical Firebrand, Captivating Crew, Fell Flagship"
The Brothers' War Bundle Land Pack,Bundle Land Pack,Other,BRO,2022-11-18,0.0,"Swamp, Swamp, Island, Island, Mountain"
The Brothers' War Foil Redemption,MTGO Redemption,Other,BRO,2023-01-04,261.67,"Portal to Phyrexia, Awaken the Woods, Myrel, Shield of Argive, Diabolic Intent, Cityscape Leveler"
The Brothers' War Redemption,MTGO Redemption,Other,BRO,2023-01-04,261.67,"Portal to Phyrexia, Awaken the Woods, Myrel, Shield of Argive, Diabolic Intent, Cityscape Leveler"
The Coalition,Duel Deck,Other,DDE,2010-03-19,3.32,"Armadillo Cloak, Island, Treva, the Renewer, Darigaaz, the Igniter, Harrow"
The Deluge,Theme Deck,Other,BRB,1999-11-12,52.3,"Land Tax, Catastrophe, Dirtcowl Wurm, Plains, Plains"
The Dracula Lands,Secret Lair Drop,Other,SLD,2022-05-06,64.68,"Swamp, Plains, Mountain, Forest, Island"
The Dracula Lands Foil Edition,Secret Lair Drop,Other,SLD,2022-05-06,64.68,"Swamp, Plains, Mountain, Forest, Island"
The Evil Dead,Secret Lair Drop,Other,SLD,2023-12-18,182.53,"Field of the Dead, Puresteel Paladin, Varina, Lich Queen, Vanquish the Horde, Zombie Apocalypse"
The Evil Dead Foil Edition,Secret Lair Drop,Other,SLD,2023-12-18,182.53,"Field of the Dead, Puresteel Paladin, Varina, Lich Queen, Vanquish the Horde, Zombie Apocalypse"
The Eyes Have It,Secret Lair Drop,Other,SLD,2026-05-12,44.19,"Gitaxian Probe, Baleful Strix, Otherworldly Gaze, Opt, Counterbalance"
The Eyes Have It Foil Edition,Secret Lair Drop,Other,SLD,2026-05-12,44.19,"Gitaxian Probe, Baleful Strix, Otherworldly Gaze, Opt, Counterbalance"
The Fairest Drop of All Foil Edition,Secret Lair Drop,Other,SLD,2024-12-10,40.35,"Tuvasa the Sunlit // Tuvasa the Sunlit, Steely Resolve // Steely Resolve, Estrid's Invocation // Estrid's Invocation, Estrid, the Masked // Estrid, the Masked"
The Flames of Rath,Theme Deck,Other,TMP,1997-10-14,16.28,"Furnace of Rath, Goblin Bombardment, Searing Touch, Soltari Guerrillas, Mogg Fanatic"
The Full-Text Lands,Secret Lair Drop,Other,SLD,2021-08-25,50.28,"Island, Mountain, Swamp, Forest, Plains"
The Full-Text Lands Foil Edition,Secret Lair Drop,Other,SLD,2021-08-25,50.28,"Island, Mountain, Swamp, Forest, Plains"
The Godzilla Lands,Secret Lair Drop,Other,SLD,2020-05-07,0.0,"Plains, Island, Swamp, Mountain, Forest"
The Hobbit Bundle Land Pack,Bundle Land Pack,Other,HOB,2026-01-23,28.73,"Plains, Plains, Plains, Plains, Plains"
The Hobbit: Desolation,Secret Lair Drop,Other,SLD,2026-08-18,62.79,"Diabolic Intent, Mirkwood Bats, Dread Return, Defile, Read the Bones"
The Hobbit: Desolation Foil Edition,Secret Lair Drop,Other,SLD,2026-08-18,62.79,"Diabolic Intent, Mirkwood Bats, Dread Return, Defile, Read the Bones"
The Hobbit: He Who Walks Unseen Out of Sight Foil Edition,Secret Lair Drop,Other,SLD,2026-08-18,67.86,"Windfall, Curiosity, Solve the Equation, Arcane Heist, Contentious Plan"
The Hobbit: Over the Edge of the Wild,Secret Lair Drop,Other,SLD,2026-08-18,28.64,"Imp's Mischief, Seize the Spoils, Tocasia's Welcome, Cloudshift, Stony Silence"
The Hobbit: Over the Edge of the Wild Foil Edition,Secret Lair Drop,Other,SLD,2026-08-18,28.64,"Imp's Mischief, Seize the Spoils, Tocasia's Welcome, Cloudshift, Stony Silence"
The Hobbit: Second Breakfast and Beyond,Secret Lair Drop,Other,SLD,2026-08-18,0.0,
The Hobbit: Second Breakfast and Beyond Foil Edition,Secret Lair Drop,Other,SLD,2026-08-18,0.0,
The Hobbit: Smaug's Spoils,Secret Lair Drop,Other,SLD,2026-08-18,44.52,"Sol Ring, Fellwar Stone, Thought Vessel, Lightning Greaves, Liquimetal Torque"
The Hobbit: Smaug's Spoils Foil Edition,Secret Lair Drop,Other,SLD,2026-08-18,44.52,"Sol Ring, Fellwar Stone, Thought Vessel, Lightning Greaves, Liquimetal Torque"
The Last of Us Part I,Secret Lair Drop,Other,SLD,2025-11-06,49.1,"Cabal Ritual, Ellie, Brick Master, Joel, Resolute Survivor, Haunted One"
The Last of Us Part I Foil Edition,Secret Lair Drop,Other,SLD,2025-11-06,49.1,"Cabal Ritual, Ellie, Brick Master, Joel, Resolute Survivor, Haunted One"
The Last of Us Part II,Secret Lair Drop,Other,SLD,2025-11-06,34.43,"Dictate of Erebos, Ellie, Vengeful Hunter, Mycoloth, Abby, Merciless Soldier"
The Last of Us Part II Foil Edition,Secret Lair Drop,Other,SLD,2025-11-06,34.43,"Dictate of Erebos, Ellie, Vengeful Hunter, Mycoloth, Abby, Merciless Soldier"
The Legion of Dusk,Arena Starter Deck,Other,DOM,2018-03-22,57.0,"Vanquisher's Banner, Forerunner of the Legion, Vona, Butcher of Magan, Legion Lieutenant, Sanctum Seeker"
The Lord of the Rings: Tales of Middle-earth Bundle Land Pack,Bundle Land Pack,Other,LTR,2023-06-23,0.0,"Mountain, Mountain, Swamp, Mountain, Swamp"
The Lost Caverns of Ixalan Bundle Land Pack,Bundle Land Pack,Other,LCI,2023-11-17,0.0,"Island, Island, Plains, Plains, Island"
The Lost Caverns of Ixalan Foil Redemption,MTGO Redemption,Other,LCI,2023-12-06,445.73,"Cavern of Souls, Roaming Throne, Bloodletter of Aclazotz, Ojer Taq, Deepest Foundation // Temple of Civilization, Ghalta, Stampede Tyrant"
The Lost Caverns of Ixalan Redemption,MTGO Redemption,Other,LCI,2023-12-06,445.73,"Cavern of Souls, Roaming Throne, Bloodletter of Aclazotz, Ojer Taq, Deepest Foundation // Temple of Civilization, Ghalta, Stampede Tyrant"
"The Meaning of Life, Maybe",Secret Lair Drop,Other,SLD,2022-12-19,223.3,"Mental Misstep, Forced Fruition, Mind's Dilation, Well of Lost Dreams, Future Sight"
"The Meaning of Life, Maybe Foil Edition",Secret Lair Drop,Other,SLD,2022-12-19,223.3,"Mental Misstep, Forced Fruition, Mind's Dilation, Well of Lost Dreams, Future Sight"
The Might of Galadriel,Box Set,Other,LTC,2023-11-03,72.94,"Galadriel's Dismissal, Galadriel, Light of Valinor, Galadhrim Brigade, Mists of Lórien, Rally the Galadhrim"
The Nightstalkers,Theme Deck,Other,P02,1998-06-24,12.16,"Ancient Craving, Swamp, Swamp, Swamp, Predatory Nightstalker"
The Office: Dwight's Destiny,Secret Lair Drop,Other,SLD,2025-10-27,93.42,"Heliod, Sun-Crowned, Swords to Plowshares, Steelshaper's Gift, Reaper King, Baral, Chief of Compliance"
The Office: Dwight's Destiny Foil Edition,Secret Lair Drop,Other,SLD,2025-10-27,93.42,"Heliod, Sun-Crowned, Swords to Plowshares, Steelshaper's Gift, Reaper King, Baral, Chief of Compliance"
The Path Not Traveled,Secret Lair Drop,Other,SLD,2020-06-03,16.54,"Ajani Steadfast, Vraska, Golgari Queen, Tamiyo, Field Researcher, Domri Rade"
The Plague,Theme Deck,Other,USG,1998-10-12,6.84,"Worship, Pariah, Pestilence, Plains, Swamp"
The Plague - Enhanced Deck,Enhanced Deck,Other,USG,1998-10-12,69.06,"Reflecting Pool, Dark Ritual, Wall of Nets, Worship, Pariah"
The Princess Bride,Secret Lair Drop,Other,SLD,2023-11-30,300.99,"Sisay, Weatherlight Captain, Fynn, the Fangbearer, Samut, Voice of Dissent, Battle of Wits, Silence"
The Princess Bride Foil Edition,Secret Lair Drop,Other,SLD,2023-11-30,300.99,"Sisay, Weatherlight Captain, Fynn, the Fangbearer, Samut, Voice of Dissent, Battle of Wits, Silence"
The River Heralds,Arena Starter Deck,Other,DOM,2018-03-22,53.81,"Herald of Secret Streams, Tishana, Voice of Thunder, Hadana's Climb // Winged Temple of Orazca, Mist-Cloaked Herald, Forerunner of the Heralds"
The Siege of Alexandria,Box Set,Other,FIN,2025-06-13,95.99,"Vivi's Persistence, Brilliant Wings, Judgment of Alexander, Search for Dagger, Amarant Coral"
The Slivers,Theme Deck,Other,TMP,1997-10-14,5.96,"Counterspell, Ertai's Meddling, Extinction, Fevered Convulsions, Island"
The Slivers - Advanced Deck,Advanced Deck,Other,TMP,1997-10-14,19.63,"Underground River, Counterspell, Nevinyrral's Disk, Impulse, Fevered Convulsions"
The Space Beyond the Stars,Secret Lair Drop,Other,SLD,2022-12-05,52.0,"Stasis, Prismatic Omen, Imprisoned in the Moon, Wheel of Sun and Moon"
The Space Beyond the Stars Foil Edition,Secret Lair Drop,Other,SLD,2022-12-05,52.0,"Stasis, Prismatic Omen, Imprisoned in the Moon, Wheel of Sun and Moon"
The Sparkler,Theme Deck,Other,STH,1998-03-02,25.34,"Propaganda, Intruder Alarm, Counterspell, Searing Touch, Reins of Power"
The Sparkler - Advanced Deck,Advanced Deck,Other,STH,1998-03-02,26.15,"Jokulhaups, Propaganda, Counterspell, Searing Touch, Earthquake"
The Spikes,Theme Deck,Other,STH,1998-03-02,18.8,"Hermit Druid, Heartstone, Spike Feeder, Forest, Forest"
The Spikes - Advanced Deck,Advanced Deck,Other,STH,1998-03-02,147.33,"Reflecting Pool, Undiscovered Paradise, City of Brass, Armageddon, Gemstone Mine"
The Stars Gaze Back,Secret Lair Drop,Other,SLD,2023-08-29,87.57,"Omnath, Locus of Rage, Flamekin Harbinger, Risen Reef, Voice of Resurgence"
The Stars Gaze Back Foil Edition,Secret Lair Drop,Other,SLD,2023-08-29,87.57,"Omnath, Locus of Rage, Flamekin Harbinger, Risen Reef, Voice of Resurgence"
The Strange Sands: Forest,Secret Lair Drop,Other,SLD,2025-01-15,5.13,Forest
The Strange Sands: Forest Foil Edition,Secret Lair Drop,Other,SLD,2025-01-15,5.13,Forest
The Strange Sands: Island,Secret Lair Drop,Other,SLD,2025-01-15,12.72,Island
The Strange Sands: Island Foil Edition,Secret Lair Drop,Other,SLD,2025-01-15,12.72,Island
The Strange Sands: Mountain,Secret Lair Drop,Other,SLD,2025-01-15,5.08,Mountain
The Strange Sands: Mountain Foil Edition,Secret Lair Drop,Other,SLD,2025-01-15,5.08,Mountain
The Strange Sands: Plains,Secret Lair Drop,Other,SLD,2025-01-15,4.67,Plains
The Strange Sands: Plains Foil Edition,Secret Lair Drop,Other,SLD,2025-01-15,4.67,Plains
The Strange Sands: Swamp,Secret Lair Drop,Other,SLD,2025-01-15,5.08,Swamp
The Strange Sands: Swamp Foil Edition,Secret Lair Drop,Other,SLD,2025-01-15,5.08,Swamp
The Sun Empire,Arena Starter Deck,Other,DOM,2018-03-22,37.75,"Forerunner of the Empire, Samut, Voice of Dissent, Verdant Sun's Avatar, Ranging Raptors, Needletooth Raptor"
The Swarm,Theme Deck,Other,TMP,1997-10-14,106.61,"Aluren, Recycle, Muscle Sliver, Forest, Forest"
The Swarm - Advanced Deck,Advanced Deck,Other,TMP,1997-10-14,137.5,"Aluren, Birds of Paradise, Armageddon, Brushland, Uktabi Orangutan"
The Tokyo Lands,Secret Lair Drop,Other,SLD,2022-09-13,91.35,"Plains, Swamp, Forest, Island, Mountain"
The Tokyo Lands Foil Etched Edition,Secret Lair Drop,Other,SLD,2022-09-13,91.35,"Plains, Swamp, Forest, Island, Mountain"
The Unfathomable Crushing Brutality of Basic Lands,Secret Lair Drop,Other,SLD,2021-04-13,72.9,"Swamp, Mountain, Island, Forest, Plains"
The Unfathomable Crushing Brutality of Basic Lands Foil Edition,Secret Lair Drop,Other,SLD,2021-04-13,72.9,"Swamp, Mountain, Island, Forest, Plains"
The Walking Dead,Secret Lair Drop,Other,SLD,2020-10-13,83.04,"Greymond, Avacyn's Stalwart, Hansk, Slayer Zealot, Malik, Grim Manipulator, Gregor, Shrewd Magistrate, Enkira, Hostile Scavenger"
The Weirdest Pets in the Multiverse,Secret Lair Drop,Other,SLD,2022-12-05,72.86,"Beast Whisperer, Stitcher's Supplier, Laboratory Maniac, Wood Elves, Vizier of the Menagerie"
The Weirdest Pets in the Multiverse Foil Edition,Secret Lair Drop,Other,SLD,2022-12-05,72.86,"Beast Whisperer, Stitcher's Supplier, Laboratory Maniac, Wood Elves, Vizier of the Menagerie"
The Wilds and the Deep,Intro Pack,Other,JOU,2014-05-02,33.11,"Archetype of Imagination, Kiora's Follower, Triton Shorestalker, Forest, Bassara Tower Archer"
Their Magic is Limitless,Secret Lair Drop,Other,SLD,2026-07-22,85.31,"Finale of Devastation, Coat of Arms, Dark Ritual, Sol Ring, Lathril, Blade of the Elves"
Their Magic is Limitless Foil Edition,Secret Lair Drop,Other,SLD,2026-07-22,85.31,"Finale of Devastation, Coat of Arms, Dark Ritual, Sol Ring, Lathril, Blade of the Elves"
Theros Beyond Death Bundle Land Pack,Bundle Land Pack,Other,THB,2020-01-24,0.0,"Mountain, Mountain, Plains, Plains, Plains"
Theros Beyond Death Foil Redemption,MTGO Redemption,Other,THB,2020-02-23,293.08,"Shadowspear, Thassa, Deep-Dwelling, Nyxbloom Ancient, Thassa's Oracle, Heliod, Sun-Crowned"
Theros Beyond Death Redemption,MTGO Redemption,Other,THB,2020-02-23,293.08,"Shadowspear, Thassa, Deep-Dwelling, Nyxbloom Ancient, Thassa's Oracle, Heliod, Sun-Crowned"
Theros Fat Pack Land Pack,Bundle Land Pack,Other,THS,2013-09-27,4.28,"Forest, Plains, Island, Forest, Island"
Theros Foil Redemption,MTGO Redemption,Other,THS,2013-10-27,539.37,"Nykthos, Shrine to Nyx, Swan Song, Purphoros, God of the Forge, Erebos, God of the Dead, Xenagos, the Reveler"
Theros Holiday Gift Box Land Pack,Bundle Land Pack,Other,THS,2013-11-15,4.28,"Forest, Plains, Island, Forest, Island"
Theros Redemption,MTGO Redemption,Other,THS,2013-10-27,539.37,"Nykthos, Shrine to Nyx, Swan Song, Purphoros, God of the Forge, Erebos, God of the Dead, Xenagos, the Reveler"
Theros Stargazing: Vol. I (Heliod),Secret Lair Drop,Other,SLD,2020-02-14,66.25,"Iroas, God of Victory, Heliod, God of the Sun, Karametra, God of Harvests"
Theros Stargazing: Vol. II (Thassa),Secret Lair Drop,Other,SLD,2020-02-14,53.68,"Thassa, God of the Sea, Ephara, God of the Polis, Kruphix, God of Horizons"
Theros Stargazing: Vol. III (Erebos),Secret Lair Drop,Other,SLD,2020-02-14,100.67,"Athreos, God of Passage, Phenax, God of Deception, Erebos, God of the Dead"
Theros Stargazing: Vol. IV (Purphoros),Secret Lair Drop,Other,SLD,2020-02-14,89.67,"Purphoros, God of the Forge, Keranos, God of Storms, Mogis, God of Slaughter"
Theros Stargazing: Vol. V (Nylea),Secret Lair Drop,Other,SLD,2020-02-14,57.43,"Nylea, God of the Hunt, Xenagos, God of Revels, Pharika, God of Affliction"
They Grow Up So Fast,Secret Lair Drop,Other,SLD,2025-03-25,53.83,"Dragonlord Dromoka // Dragonlord Dromoka, Dragonlord Kolaghan // Dragonlord Kolaghan, Dragonlord Atarka // Dragonlord Atarka, Dragonlord Silumgar // Dragonlord Silumgar, Dragonlord Ojutai // Dragonlord Ojutai"
They Grow Up So Fast Foil Edition,Secret Lair Drop,Other,SLD,2025-03-25,53.83,"Dragonlord Dromoka // Dragonlord Dromoka, Dragonlord Kolaghan // Dragonlord Kolaghan, Dragonlord Atarka // Dragonlord Atarka, Dragonlord Silumgar // Dragonlord Silumgar, Dragonlord Ojutai // Dragonlord Ojutai"
Think Again 1,Jumpstart,Other,J22,2022-12-02,2.43,"Jace, Arcane Strategist, Serum Visions, Spectral Sailor, Merfolk Pupil, Thriving Isle"
Think Again 2,Jumpstart,Other,J22,2022-12-02,9.46,"Alandra, Sky Dreamer, Spectral Sailor, Hedron Archive, Merfolk Pupil, Thriving Isle"
Think Again 3,Jumpstart,Other,J22,2022-12-02,9.46,"Alandra, Sky Dreamer, Spectral Sailor, Merfolk Pupil, Thriving Isle, Faerie Vandal"
Think Again 4,Jumpstart,Other,J22,2022-12-02,0.0,"Spectral Sailor, Faerie Formation, Military Intelligence, Merfolk Pupil, Thriving Isle"
Thor,Jumpstart,Other,MSH,2026-06-26,11.15,"Lightning Bolt, Asgardian Inspiration, Origin of Thor, Thor, Asgard's Avenger, Sif's Spearmaster"
Thought Invoker,Shandalar Enemy Deck,Other,PAST,1997-04-01,59.98,"Time Elemental, Energy Flux, Giant Tortoise, Mahamoti Djinn, Drain Power"
Thoughts of the Wind,Theme Deck,Other,PS11,2011-01-01,0.0,"Island, Island, Island, Island, Air Elemental"
Thrilling Tales of the Undead,Secret Lair Drop,Other,SLD,2022-01-28,106.96,"Gravecrawler, Rise of the Dark Realms, Liliana, Death's Majesty"
Thrilling Tales of the Undead Foil Edition,Secret Lair Drop,Other,SLD,2022-01-28,106.96,"Gravecrawler, Rise of the Dark Realms, Liliana, Death's Majesty"
Thrive and Thrash,Event Deck,Other,GTC,2013-02-22,30.08,"Deadeye Navigator, Arbor Elf, Strangleroot Geist, Farseek, Gruul Ragebeast"
Throne of Eldraine Bundle Land Pack,Bundle Land Pack,Other,ELD,2019-10-04,0.0,"Plains, Plains, Swamp, Swamp, Island"
Throne of Eldraine Foil Redemption,MTGO Redemption,Other,ELD,2019-11-03,248.74,"The Great Henge, Oko, Thief of Crowns, Embercleave, Wishclaw Talisman, Ayara, First of Locthwain"
Throne of Eldraine Redemption,MTGO Redemption,Other,ELD,2019-11-03,248.74,"The Great Henge, Oko, Thief of Crowns, Embercleave, Wishclaw Talisman, Ayara, First of Locthwain"
Through the Wormhole,Secret Lair Drop,Other,SLD,2023-12-05,215.12,"Sol Ring, Arcane Signet, Command Tower, Thought Vessel, Lightning Greaves"
Through the Wormhole Galaxy Foil Edition,Secret Lair Drop,Other,SLD,2023-12-05,417.08,"Sol Ring, Arcane Signet, Command Tower, Lightning Greaves, Thought Vessel"
Thunderbolts,Jumpstart,Other,MSH,2026-06-26,5.17,"Valentina Allegra de Fontaine, Citizen V, Helmut Zemo, Songbird, Sonic Screamer, Fixer, Techno Terror, MACH-1, Swooping Scoundrel"
Tibalt,Duel Deck,Other,DDK,2013-03-15,0.0,"Sulfuric Vortex, Faithless Looting, Tibalt, the Fiend-Blooded, Hellrider, Terminate"
Tidal Mastery,Theme Deck,Other,MMQ,1999-10-04,511.44,"Counterspell, Thwart, War Tax, Diplomatic Escort, Saprazzan Legate"
Tidal Mastery - Enhanced Deck,Enhanced Deck,Other,MMQ,1999-10-04,931.06,"Palinchron, Counterspell, Thwart, Mother of Runes, War Tax"
Time Curse,Theme Deck,Other,S99,1999-07-12,30.61,"Time Warp, Counterspell, Island, Island, Island"
Time Drain,Theme Deck,Other,ULG,1999-02-15,756.99,"Snap, Cloud of Faeries, Frantic Search, Treetop Village, Faerie Conclave"
Time Drain - Enhanced Deck,Enhanced Deck,Other,ULG,1999-02-15,964.1,"Palinchron, Snap, Cloud of Faeries, Miscalculation, Reflecting Pool"
Time Spiral Fat Pack Land Pack,Bundle Land Pack,Other,TSP,2006-10-06,0.0,"Island, Swamp, Swamp, Island, Forest"
Time Spiral Foil Redemption,MTGO Redemption,Other,TSP,2006-11-05,2631.38,"Gemstone Caverns, Scion of the Ur-Dragon, Ophidian Eye, Snapback, Angel's Grace"
Time Spiral Redemption,MTGO Redemption,Other,TSP,2006-11-05,2631.38,"Gemstone Caverns, Scion of the Ur-Dragon, Ophidian Eye, Snapback, Angel's Grace"
Time Spiral Timeshifted Foil Redemption,MTGO Redemption,Other,TSB,2006-11-05,1930.0,"Claws of Gix, Tormod's Crypt, Darkness, Dandân, Akroma, Angel of Wrath"
Time Spiral Timeshifted Redemption,MTGO Redemption,Other,TSB,2006-11-05,1930.0,"Claws of Gix, Tormod's Crypt, Darkness, Dandân, Akroma, Angel of Wrath"
Time Trouble Two,Secret Lair Drop,Other,SLD,2022-12-19,40.15,"Narset, Parter of Veils, Nissa, Who Shakes the World, Tezzeret, Agent of Bolas"
Time Trouble Two Foil Edition,Secret Lair Drop,Other,SLD,2022-12-19,40.15,"Narset, Parter of Veils, Nissa, Who Shakes the World, Tezzeret, Agent of Bolas"
Titanic 1,Jumpstart,Other,BRO,2022-11-18,3.41,"Sarinth Steelseeker, Gaea's Gift, Bushwhack, Cradle Clearcutter, Woodcaller Automaton"
Titanic 2,Jumpstart,Other,BRO,2022-11-18,2.04,"Sarinth Steelseeker, Bushwhack, Cradle Clearcutter, Woodcaller Automaton, Iron-Craw Crusher"
To Adventure!,Arena Starter Deck,Other,M21,2021-07-03,4.45,"Ironscale Hydra, Realm-Cloaked Giant // Cast Off, Plains, Victory's Envoy, Edgewall Innkeeper"
Toby's Journey by Gary Baseman,Secret Lair Drop,Other,SLD,2026-06-16,38.45,"Prismatic Vista, Farseek, Sovereign Okinec Ahau, Trailblazer's Boots, Long Goodbye"
Toby's Journey by Gary Baseman Foil Edition,Secret Lair Drop,Other,SLD,2026-06-16,38.45,"Prismatic Vista, Farseek, Sovereign Okinec Ahau, Trailblazer's Boots, Long Goodbye"
Tokens,Deck Builder's Toolkit,Other,M14,2013-07-19,0.0,"Druid's Deliverance, Vitu-Ghazi Guildmage, Call of the Conclave, Slime Molding, Centaur's Herald"
Tom van de Logt - Machine Head,World Championship Deck,Other,WC01,2001-08-08,44.38,"Rishadan Port, Dark Ritual, Mountain, Swamp, Swamp"
Tom van de Logt - Replenish,World Championship Deck,Other,WC00,2000-08-02,199.47,"Replenish, Enlightened Tutor, Opalescence, Parallax Tide, Mystical Tutor"
Tomb Raider,Secret Lair Drop,Other,SLD,2023-12-05,166.45,"Shadowspear, Lara Croft, Tomb Raider, Academy Ruins, Bow of Nylea, Search for Azcanta // Azcanta, the Sunken Ruin"
Tomb Raider Foil Edition,Secret Lair Drop,Other,SLD,2023-12-05,166.45,"Shadowspear, Lara Croft, Tomb Raider, Academy Ruins, Bow of Nylea, Search for Azcanta // Azcanta, the Sunken Ruin"
Tombstone,Theme Deck,Other,USG,1998-10-12,16.69,"Victimize, Exhume, Island, Turnabout, Island"
Tombstone - Enhanced Deck,Enhanced Deck,Other,USG,1998-10-12,131.95,"Reflecting Pool, Reanimate, Armageddon, Living Death, Underground River"
Tome of the Astral Sorceress,Secret Lair Drop,Other,SLD,2024-10-01,47.7,"Preordain, Teferi's Ageless Insight, Back to Basics, Sphinx of the Second Sun"
Tome of the Astral Sorceress Foil Edition,Secret Lair Drop,Other,SLD,2024-10-01,47.7,"Preordain, Teferi's Ageless Insight, Back to Basics, Sphinx of the Second Sun"
Too Many,Jumpstart,Other,J25,2024-11-07,1.7,"Fiendish Duo, Reckless Impulse, Brothers Yamazaki, Brothers Yamazaki, Krenko's Command"
Toph,Jumpstart,Other,TLE,2025-11-20,54.32,"Toph, Earthbending Master, Solid Ground, Tale of Katara and Toph, Frog-Squirrels, Origin of Metalbending"
Torment Foil Redemption,MTGO Redemption,Other,TOR,2002-03-06,2703.55,"Cabal Ritual, Grim Lavamancer, Cabal Coffers, Insidious Dreams, Cleansing Meditation"
Torment Redemption,MTGO Redemption,Other,TOR,2002-03-06,2703.55,"Cabal Ritual, Grim Lavamancer, Cabal Coffers, Insidious Dreams, Cleansing Meditation"
Totally Merciless,Jumpstart,Other,DMU,2022-09-09,3.19,"Swamp, Knight of Dusk's Shadow, Swamp, Swamp, Writhing Necromass"
Totally Ruthless,Jumpstart,Other,DMU,2022-09-09,4.71,"Swamp, Cut Down, Cult Conscript, Swamp, Swamp"
Totally Spaced Out Galaxy Foil Edition,Secret Lair Drop,Other,SLD,2022-12-05,144.84,"Strip Mine, Command Beacon, Fabled Passage, Ash Barrens"
Totem Power,Intro Pack,Other,ROE,2010-04-23,74.1,"Soul's Attendant, Kor Spiritdancer, Forest, Forest, Plains"
Towering,Jumpstart,Other,MSH,2026-06-26,0.0,"Giant Growth, Giant-Man, Gargantuan Genius, Ms. Marvel, Elastic Ally, Goliath, Mass Manipulator, Ant-Man, Reformed Rogue"
Toxic 1,Jumpstart,Other,ONE,2023-02-10,1.14,"Infectious Bite, Goliath Hatchery, Cankerbloom, Venomous Brutalizer, Copper Longlegs"
Toxic 2,Jumpstart,Other,ONE,2023-02-10,1.86,"Tyvar's Stand, Goliath Hatchery, Cankerbloom, The Hunter Maze, Forest"
Tragic Romance,Secret Lair Drop,Other,SLD,2025-03-25,205.11,"Kaalia of the Vast, Skithiryx, the Blight Dragon, Master of Cruelties, Angel of Despair"
Tragic Romance Foil Edition,Secret Lair Drop,Other,SLD,2025-03-25,205.11,"Kaalia of the Vast, Skithiryx, the Blight Dragon, Master of Cruelties, Angel of Despair"
Trained,Jumpstart,Other,MSH,2026-06-26,6.72,"Advancing the Spirit, Shang-Chi, Martial Mentor, She-Hulk, Attorney-at-Law, Punishing Punch, Restorative Technique"
Trample Civilization Underfoot,Archenemy Deck,Other,ARC,2010-06-18,9.69,"Rancor, Path to Exile, Armadillo Cloak, Khalni Garden, Fog"
Transference,Theme Deck,Other,DST,2004-02-06,307.89,"Skullclamp, Seat of the Synod, Reshape, Arcbound Reclaimer, Voltaic Construct"
"Transformers: One Shall Stand, One Shall Fall",Secret Lair Drop,Other,SLD,2022-12-19,56.42,"Plains, Mountain, Swamp, Island, Forest"
"Transformers: One Shall Stand, One Shall Fall Foil Edition",Secret Lair Drop,Other,SLD,2022-12-19,56.42,"Plains, Mountain, Swamp, Island, Forest"
Transformers: Optimus Prime vs. Megatron,Secret Lair Drop,Other,SLD,2022-12-19,126.38,"Blightsteel Colossus // Blightsteel Colossus, Darksteel Colossus // Darksteel Colossus, Doubling Cube // Doubling Cube"
Transformers: Optimus Prime vs. Megatron Foil Edition,Secret Lair Drop,Other,SLD,2022-12-19,126.38,"Blightsteel Colossus // Blightsteel Colossus, Darksteel Colossus // Darksteel Colossus, Doubling Cube // Doubling Cube"
Transformers: Roll Out or Rise Up,Secret Lair Drop,Other,SLD,2022-12-19,113.1,"Dramatic Reversal, Fabricate, True Conviction, Greater Good, By Force"
Transformers: Roll Out or Rise Up Foil Edition,Secret Lair Drop,Other,SLD,2022-12-19,113.1,"Dramatic Reversal, Fabricate, True Conviction, Greater Good, By Force"
Treasure 1,Jumpstart,Other,J22,2022-12-02,0.0,"Captain Lannery Storm, Rapacious Dragon, Thriving Bluff, Sudden Breakthrough, Goldvein Pick"
Treasure 2,Jumpstart,Other,J22,2022-12-02,7.42,"Professional Face-Breaker, Reckless Fireweaver, Rapacious Dragon, Thriving Bluff, Goldvein Pick"
Treasure 3,Jumpstart,Other,J22,2022-12-02,11.31,"Goldspan Dragon, Big Score, Rapacious Dragon, Thriving Bluff, Goldvein Pick"
Treasure 4,Jumpstart,Other,J22,2022-12-02,0.0,"Gadrak, the Crown-Scourge, Rapacious Dragon, Thriving Bluff, Gleaming Barrier, Goldvein Pick"
Treasure Hunt,Arena Starter Deck,Other,AFR,2021-09-24,39.92,"Goldspan Dragon, Xorn, Blightstep Pathway // Searstep Pathway, Soul Shatter, Shambling Ghast"
Treasures (1),Jumpstart,Other,J25,2024-11-07,10.12,"Pitiless Plunderer, Evereth, Viceroy of Plunder, Ruthless Technomancer, Shambling Ghast, Deadly Dispute"
Treasures (2),Jumpstart,Other,J25,2024-11-07,12.29,"Pitiless Plunderer, Vault of Whispers, Evereth, Viceroy of Plunder, Shambling Ghast, Deadly Dispute"
Tree-Hugging (1),Jumpstart,Other,JMP,2020-07-17,1.02,"Primordial Sage, Llanowar Visionary, Forest, Thriving Grove, Wall of Blossoms"
Tree-Hugging (2),Jumpstart,Other,JMP,2020-07-17,1.02,"Primordial Sage, Llanowar Visionary, Forest, Thriving Grove, Wall of Blossoms"
Tree-Hugging (3),Jumpstart,Other,JMP,2020-07-17,0.0,"Llanowar Visionary, Forest, Thriving Grove, Wall of Blossoms, Jolrael, Mwonvuli Recluse"
Tree-Hugging (4),Jumpstart,Other,JMP,2020-07-17,1.23,"Soul of the Harvest, Llanowar Visionary, Forest, Thriving Grove, Wall of Blossoms"
Trick or Treat,Secret Lair Drop,Other,SLD,2025-10-27,75.74,"Vito, Thorn of the Dusk Rose, Wilhelt, the Rotcleaver, Liberator, Urza's Battlethopter, Voja, Jaws of the Conclave, Satoru Umezawa"
Trick or Treat Foil Edition,Secret Lair Drop,Other,SLD,2025-10-27,75.74,"Vito, Thorn of the Dusk Rose, Wilhelt, the Rotcleaver, Liberator, Urza's Battlethopter, Voja, Jaws of the Conclave, Satoru Umezawa"
Tricksters,Jumpstart,Other,MSH,2026-06-26,96.44,"Loki, Lord of Misrule, Multiversal Recruitment, Impossible Man, Living Lies of Loki, Kid Loki"
Tricksy 1,Jumpstart,Other,LTR,2023-06-23,3.61,"Elvish Mariner, Elrond, Lord of Rivendell, Meneldor, Swift Savior, Glorious Gale, Council's Deliberation"
Tricksy 2,Jumpstart,Other,LTR,2023-06-23,3.61,"Elvish Mariner, Saruman the White, Elrond, Lord of Rivendell, Glorious Gale, Saruman's Trickery"
Troll Shaman,Shandalar Enemy Deck,Other,PAST,1997-04-01,422.83,"Mountain, Strip Mine, Dancing Scimitar, Oasis, Shivan Dragon"
Trounce-O-Matic,Theme Deck,Other,ODY,2001-10-01,560.12,"Roar of the Wurm, Careful Study, Predict, Peek, Nimble Mongoose"
Truth Seekers,Theme Deck,Other,SOK,2005-06-03,129.43,"Rune-Tail, Kitsune Ascendant // Rune-Tail's Essence, Honden of Cleansing Fire, Honden of Life's Web, Nikko-Onna, Bounteous Kirin"
Turnabout,Theme Deck,Other,SHM,2008-05-02,490.42,"Umbral Mantle, Devoted Druid, Pili-Pala, Rhys the Redeemed, Seedcradle Witch"
Turnaround,Theme Deck,Other,PCY,2000-06-05,1252.37,"Daze, Rhystic Study, Foil, Seal of Cleansing, Mageta the Lion"
Twisted Reality,Intro Pack,Other,OGW,2016-01-22,22.19,"Bane of Bala Ged, Kozilek's Channeler, Scour from Existence, Titan's Presence, Endless One"
Twisted Toons,Secret Lair Drop,Other,SLD,2025-03-25,76.8,"Culling the Weak, Silence, Winds of Abandon, Fatal Push, Young Wolf"
Twisted Toons Foil Edition,Secret Lair Drop,Other,SLD,2025-03-25,76.8,"Culling the Weak, Silence, Winds of Abandon, Fatal Push, Young Wolf"
Ultimate Sacrifice,Event Deck,Other,BFZ,2015-10-02,42.71,"Zulaport Cutthroat, Grim Haruspex, Hangarback Walker, Llanowar Wastes, Murderous Cut"
Ultron,Jumpstart,Other,MSH,2026-06-26,65.44,"Ultron the Annihilator, Ultron's Auxiliary, Doombot Harbinger, Robot Domination, Swamp"
Uncanny,Jumpstart,Other,MSH,2026-06-26,20.89,"Wolverine, Claws Out, X-23, Deadly Weapon, Colossus, Steel Stalwart, Storm, Shaker of Skies, Darwin, Adaptive Mutant"
Uncharted,Secret Lair Drop,Other,SLD,2025-11-06,41.6,"Passionate Archaeologist, Whip of Erebos, Nathan Drake, Treasure Hunter, Midnight Clock, Chain Reaction"
Uncharted Foil Edition,Secret Lair Drop,Other,SLD,2025-11-06,41.6,"Passionate Archaeologist, Whip of Erebos, Nathan Drake, Treasure Hunter, Midnight Clock, Chain Reaction"
Undead,Jumpstart,Other,FDN,2024-11-15,5.02,"Death Baron, Reassembling Skeleton, Swamp, Deadly Plot, Swamp"
Undead Knight,Shandalar Enemy Deck,Other,PAST,1997-04-01,86.88,"El-Hajjâj, Flying Carpet, Bad Moon, Nightmare, Black Knight"
Under the Sea (1),Jumpstart,Other,JMP,2020-07-17,0.0,"Waker of Waves, Rousing Read, Thriving Isle, Aegis Turtle, Tolarian Kraken"
Under the Sea (2),Jumpstart,Other,JMP,2020-07-17,0.0,"Waker of Waves, Whelming Wave, Cryptic Serpent, Thriving Isle, Aegis Turtle"
Underwater,Jumpstart,Other,TLE,2025-11-20,4.28,"Tui and La, Moon and Ocean, Coastal Piracy, Octopus Form, Honest Work, Island"
Underworld Herald,Event Deck,Other,BNG,2014-02-28,29.89,"Crypt Ghast, Gift of Orzhova, Pack Rat, Desecration Demon, Agent of the Fates"
Unearthed 1,Jumpstart,Other,BRO,2022-11-18,0.0,"Go for the Throat, Gruesome Realization, Ashnod's Intervention, No One Left Behind, Terror Ballista"
Unearthed 2,Jumpstart,Other,BRO,2022-11-18,0.0,"Overwhelming Remorse, Transmogrant Altar, Gruesome Realization, Terror Ballista, Gnawing Vermin"
Unearthed Secrets,Intro Pack,Other,SOI,2016-04-08,5.92,"Tireless Tracker, Erdwal Illuminator, Watcher in the Web, Gone Missing, Forest"
Unflinching Assault,Intro Pack,Other,FRF,2015-01-23,8.87,"Merciless Executioner, Chief of the Edge, Elite Scaleguard, Cruel Sadist, Battle Brawler"
Unicorns,Jumpstart,Other,JMP,2020-07-17,23.96,"Emiel the Blessed, Blessed Sanctuary, Cloudshift, Thriving Heath, Plains"
United Assault,Challenger Deck,Other,Q02,2019-04-12,12.92,"Legion's Landing // Adanto, the First Fort, History of Benalia, Dauntless Bodyguard, Benalish Marshal, Adanto Vanguard"
Unlikely Alliances,Intro Pack,Other,EMN,2016-07-22,4.63,"Campaign of Vengeance, Repel the Abominable, Blessed Alliance, Lunarch Mantle, Swamp"
Unlucky Thirteen,Jumpstart,Other,J22,2022-12-02,7.85,"Tree of Perdition, Exsanguinate, Sling-Gang Lieutenant, Triskaidekaphobia, Piranha Marsh"
Unnatural Forces,MTGO Theme Deck,Other,VIS,2006-04-10,32.17,"Necromancy, Flooded Shoreline, Swamp, Island, Impulse"
Unnatural Schemes,Intro Pack,Other,ARB,2009-04-30,44.5,"Terramorphic Expanse, Lich Lord of Unx, Nemesis of Reason, Island, Fatestitcher"
Unraveling Mind,Theme Deck,Other,PLC,2007-02-02,126.13,"Mirri the Cursed, Mindlash Sliver, Phantasmagorian, Dauthi Slayer, Big Game Hunter"
Unstable Terrain,Intro Pack,Other,ZEN,2009-10-02,35.82,"Roil Elemental, Harrow, Sage Owl, Baloth Woodcrasher, Turntimber Basilisk"
Untamed Wild,Intro Pack,Other,EMN,2016-07-22,2.95,"Silverfur Partisan, Blood Mist, Primal Druid, Assembled Alphas, Furyblade Vampire"
Up and Away,Starter Kit,Other,SNC,2022-06-03,11.64,"Hullbreaker Horror, Welcoming Vampire, Consuming Tide, Inspiring Overseer, Dreamshackle Geist"
Urza's,Jumpstart,Other,J22,2022-12-02,17.0,"Walking Ballista, Karn Liberated, Expedition Map, Urza's Power Plant, Urza's Tower"
Valentine's Day 2021,Secret Lair Drop,Other,SLD,2021-04-13,56.91,"Boros Charm, Goblin Rabblemaster, Gisela, Blade of Goldnight, Monastery Swiftspear"
Valentine's Day 2021 Foil Edition,Secret Lair Drop,Other,SLD,2021-04-13,56.91,"Boros Charm, Goblin Rabblemaster, Gisela, Blade of Goldnight, Monastery Swiftspear"
Vampire Lord,Shandalar Enemy Deck,Other,PAST,1997-04-01,270.13,"Sorceress Queen, Mana Vault, Carrion Ants, Howling Mine, Animate Dead"
Vampire Onslaught,Event Deck,Other,M12,2011-08-12,271.99,"Verdant Catacombs, Blade of the Bloodchief, Bloodghast, Pawn of Ulamog, Dismember"
Vampires,Deck Builder's Toolkit,Other,M13,2012-07-13,42.1,"Stromkirk Captain, Rakish Heir, Falkenrath Noble, Victim of Night, Vampire Nighthawk"
Vampires (1),Jumpstart,Other,JMP,2020-07-17,16.86,"Vito, Thorn of the Dusk Rose, Blood Artist, Silversmote Ghoul, Swamp, Gifted Aetherborn"
Vampires (2),Jumpstart,Other,JMP,2020-07-17,13.88,"Vito, Thorn of the Dusk Rose, Silversmote Ghoul, Swamp, Gifted Aetherborn, Swamp"
Vampires (3),Jumpstart,Other,J25,2024-11-07,4.51,"Creeping Bloodsucker, Necropolis Regent, Blood Fountain, Go for the Throat, Vicious Conquistador"
Vampires (4),Jumpstart,Other,JMP,2020-07-17,4.93,"Drana, Liberator of Malakir, Silversmote Ghoul, Swamp, Gifted Aetherborn, Swamp"
Vampiric Thirst,Intro Pack,Other,SOI,2016-04-08,9.46,"Alms of the Vein, Indulgent Aristocrat, Olivia's Bloodsworn, Markov Dreadknight, Tormenting Voice"
Vehicle Rush,Challenger Deck,Other,Q01,2018-04-06,30.67,"Skysovereign, Consul Flagship, Spire of Industry, Inspiring Vantage, Dragonskull Summit, Swamp"
Vehicles,Jumpstart,Other,MSH,2026-06-26,4.15,"The Thanos-Copter, Intrepid Ace, Sky Cycle, Captain America's Motorcycle, Mountain"
Venser,Duel Deck,Other,DDI,2012-03-30,21.18,"Sigil of Sleep, Venser, the Sojourner, Steel of the Godhead, Path to Exile, Preordain"
Vicious Cycle,Intro Pack,Other,OGW,2016-01-22,12.31,"Brood Monitor, Smothering Abomination, Blighted Woodland, Wastes, Wastes"
Villains Unleashed,Box Set,Other,MSH,2026-06-26,17.75,"M.O.D.O.K., Evil Intellect, Ultron, Machine Overlord, Thanos, Death's Consort, Absorbing Man and Titania, Abomination, Irradiated Brute"
Viva Las Rakdos,Secret Lair Drop,Other,SLD,2025-05-13,55.62,"Beseech the Mirror, Lightning Greaves, Talisman of Indulgence, Dark Petition, Light Up the Stage"
Vivien,Planeswalker Deck,Other,M19,2018-07-13,6.65,"Colossal Majesty, Vivien of the Arkbow, Forest, Druid of the Cowl, Aggressive Mammoth"
Vivien's Hunt,Arena Promotional Deck,Other,ONE,2023-02-10,8.31,"Titan of Industry, Gala Greeters, Augur of Autumn, Howlpack Piper // Wildsong Howler, Vivien on the Hunt"
"Vivien, Nature's Avenger",Planeswalker Deck,Other,M20,2019-07-29,3.19,"Vivien, Nature's Avenger, Season of Growth, Forest, Aggressive Mammoth, Rabid Bite"
Voracious Rage,Intro Pack,Other,JOU,2014-05-02,8.7,"Searing Blood, Fanatic of Mogis, Swamp, Swamp, Swamp"
Vraska,Duel Deck,Other,DDM,2014-03-14,2.15,"Ohran Viper, Vraska the Unseen, Night's Whisper, Rogue's Passage, Swamp"
"Vraska, Regal Gorgon",Planeswalker Deck,Other,GRN,2018-10-05,15.76,"Beast Whisperer, Vraska, Regal Gorgon, Lotleth Giant, Swamp, Forest"
"Vraska, Scheming Gorgon",Planeswalker Deck,Other,RIX,2018-01-19,20.86,"Legion Lieutenant, Champion of Dusk, Vraska, Scheming Gorgon, Swamp, Famished Paladin"
Wakanda,Jumpstart,Other,MSH,2026-06-26,4.06,"Black Panther, Most Dangerous, Shuri, Vibranium Technologist, Wakandan Tusker, Vibranium Energy Daggers, Ultimate Alliance"
Waking Nightmares,Theme Deck,Other,TOR,2002-02-08,293.85,"Chainer, Dementia Master, Mesmeric Fiend, Enslaved Dwarf, Tainted Peak, Mountain"
Walk the Plank,Arena Starter Deck,Other,M19,2018-09-27,15.63,"Drowned Catacomb, Siren Stormtamer, Ravenous Chupacabra, Demonlord Belzenlok, Chart a Course"
Walls,Jumpstart,Other,JMP,2020-07-17,0.0,"Assault Formation, Towering Titan, Portcullis Vine, Thriving Grove, Wall of Blossoms"
War Mage,Shandalar Enemy Deck,Other,PAST,1997-04-01,496.52,"Mountain, Mana Vault, Aladdin's Ring, Ball Lightning, Fellwar Stone"
War of Attrition,Event Deck,Other,NPH,2011-06-10,142.0,"Stoneforge Mystic, Puresteel Paladin, Sword of Vengeance, Journey to Nowhere, Leonin Relic-Warder"
War of the Spark Bundle Land Pack,Bundle Land Pack,Other,WAR,2019-05-03,0.0,"Island, Plains, Plains, Swamp, Mountain"
War of the Spark Foil Redemption,MTGO Redemption,Other,WAR,2019-06-02,579.82,"Emergence Zone, Finale of Devastation, Neoform, Bolas's Citadel, God-Eternal Oketra"
War of the Spark Redemption,MTGO Redemption,Other,WAR,2019-06-02,579.82,"Emergence Zone, Finale of Devastation, Neoform, Bolas's Citadel, God-Eternal Oketra"
"Warhammer 40,000: Orks",Secret Lair Drop,Other,SLD,2022-12-05,179.62,"Zurgo Helmsmasher, Krenko, Tin Street Kingpin, Aggravated Assault, Merciless Executioner, Skysovereign, Consul Flagship"
"Warhammer 40,000: Orks Foil Edition",Secret Lair Drop,Other,SLD,2022-12-05,179.62,"Zurgo Helmsmasher, Krenko, Tin Street Kingpin, Aggravated Assault, Merciless Executioner, Skysovereign, Consul Flagship"
Warhammer Age of Sigmar,Secret Lair Drop,Other,SLD,2022-12-05,146.95,"Najeela, the Blade-Blossom, Blind Obedience, Scourge of the Throne, Loxodon Warhammer, Danitha Capashen, Paragon"
Warhammer Age of Sigmar Foil Edition,Secret Lair Drop,Other,SLD,2022-12-05,146.95,"Najeela, the Blade-Blossom, Blind Obedience, Scourge of the Throne, Loxodon Warhammer, Danitha Capashen, Paragon"
Warlock,Shandalar Enemy Deck,Other,PAST,1997-04-01,55.6,"El-Hajjâj, Hypnotic Specter, Dark Ritual, Tawnos's Wand, Swamp"
Warrior's Code,Theme Deck,Other,MOR,2008-02-01,86.92,"Brighthearth Banneret, Boldwyr Heavyweights, Bramblewood Paragon, Unstoppable Ash, Obsidian Battle-Axe"
Warriors,Jumpstart,Other,TLE,2025-11-20,1.24,"Suki, Kyoshi Captain, Plains, Valorous Stance, Thriving Heath, Invasion Reinforcements"
Warriors (1),Jumpstart,Other,J25,2024-11-07,3.81,"Gornog, the Red Reaper, Ghitu Encampment, Boldwyr Intimidator, Thriving Bluff, Relic Axe"
Warriors (2),Jumpstart,Other,J25,2024-11-07,3.81,"Gornog, the Red Reaper, Ghitu Encampment, Infuriate, Boldwyr Intimidator, Thriving Bluff"
Way Wild,Theme Deck,Other,7ED,2001-04-11,585.55,"Wild Growth, Llanowar Elves, Ancient Silverback, Wood Elves, Blanchwood Armor"
Way of the Warrior,Theme Deck,Other,CHK,2004-10-01,86.51,"Takeno, Samurai General, Bushi Tenderfoot // Kenzo the Hardhearted, Call to Glory, Devoted Retainer, Nagao, Bound by Honor"
We Are Legion,Intro Pack,Other,M10,2009-07-17,42.0,"Lightning Bolt, Soul Warden, Plains, Armored Ascension, Honor of the Pure"
We Hope You Like Squirrels,Secret Lair Drop,Other,SLD,2021-03-15,85.6,"Swarmyard, Krosan Beast, Chatter of the Squirrel, Squirrel Mob, Squirrel Wrangler"
Weapons and Wards,Intro Pack,Other,EMN,2016-07-22,9.47,"Open the Armory, Subjugator Angel, Ulvenwald Observer, Emrakul's Evangel, Gryff's Boon"
Web-Slinging,Jumpstart,Other,MSH,2026-06-26,0.0,"Amazing Spider-Girl, Aunt May, Vault Guardsman, Spider-UK, Thriving Heath"
Wei Kingdom,Theme Deck,Other,PTK,1999-05-01,163.17,"Cao Cao, Lord of Wei, Sima Yi, Wei Field Marshal, Ambition's Cost, Swamp, Wei Assassins"
Welcome to Castle Dracula,Secret Lair Drop,Other,SLD,2022-05-06,126.18,"Phyrexian Tower, Exquisite Blood, Night's Whisper"
Welcome to Castle Dracula Foil Edition,Secret Lair Drop,Other,SLD,2022-05-06,126.18,"Phyrexian Tower, Exquisite Blood, Night's Whisper"
Welcome to the Fungal,Secret Lair Drop,Other,SLD,2022-12-19,81.7,"Ghave, Guru of Spores, Mycoloth, Slimefoot, the Stowaway, Abundant Growth"
Welcome to the Fungal Foil Edition,Secret Lair Drop,Other,SLD,2022-12-19,81.7,"Ghave, Guru of Spores, Mycoloth, Slimefoot, the Stowaway, Abundant Growth"
Welded 1,Jumpstart,Other,BRO,2022-11-18,0.0,"Artificer's Dragon, Bitter Reunion, Mishra, Excavation Prodigy, Scrapwork Mutt, Obliterating Bolt"
Welded 2,Jumpstart,Other,BRO,2022-11-18,0.0,"Artificer's Dragon, Mishra, Excavation Prodigy, Scrapwork Mutt, Fallaji Dragon Engine, Mishra's Research Desk"
Well-Read (1),Jumpstart,Other,JMP,2020-07-17,0.0,"Curiosity, Opt, Rousing Read, Thriving Isle, Ormos, Archive Keeper"
Well-Read (2),Jumpstart,Other,JMP,2020-07-17,0.0,"Curiosity, Capture Sphere, Opt, Rousing Read, Thriving Isle"
Well-Read (3),Jumpstart,Other,JMP,2020-07-17,67.75,"Rhystic Study, Curiosity, Opt, Thriving Isle, Island"
Well-Read (4),Jumpstart,Other,JMP,2020-07-17,0.0,"Curiosity, Read the Runes, Capture Sphere, Opt, Thriving Isle"
Whim,Shandalar Enemy Deck,Other,PAST,1997-04-01,3628.18,"Mox Pearl, Colossus of Sardia, Carrion Ants, Royal Assassin, Kismet"
Whirlpool,Theme Deck,Other,APC,2001-06-04,403.16,"Opt, Chromatic Sphere, Fire // Ice, Flametongue Kavu, Whirlpool Warrior"
White,Game Night Deck,Other,GNT,2018-11-16,5.03,"Cleansing Nova, Militant Angel, Always Watching, Valiant Knight, Benalish Marshal"
White Black Auras,Deck Builder's Toolkit,Other,ORI,2015-07-17,5.53,"Sage's Reverie, Blood-Cursed Knight, Fetid Imp, Totem-Guide Hartebeest, Auramancer"
White Black Life Gain,Deck Builder's Toolkit,Other,M15,2014-07-18,5.4,"Sunbond, Nyx-Fleece Ram, Sungrace Pegasus, Wall of Limbs, Soulmender"
White Black Warriors,Deck Builder's Toolkit,Other,ORI,2015-07-17,2.75,"Blood-Chin Rager, Mardu Woe-Reaper, Chief of the Edge, Herald of Dromoka, Harsh Sustenance"
White Blue Bestow,Deck Builder's Toolkit,Other,M15,2014-07-18,1.0,"Glimpse the Sun God, Akroan Skyguard, Skyspear Cavalry, Wavecrash Triton, Wingsteed Rider"
White Blue Prowess,Deck Builder's Toolkit,Other,ORI,2015-07-17,0.0,"Strongarm Monk, Mistfire Adept, Ringwarden Owl, Ojutai's Breath, Student of Ojutai"
White Deck,Welcome Deck,Other,SPM,2025-09-26,14.7,"Spider-Man, Peter Parker, Amazing Alliance, MJ, Rising Star, Plains, Spectacular Tactics"
White Deck A,Sample Deck,Other,M12,2011-07-15,14.29,"Shattered Angel, Lifelink, Inquisitor Exarch, Plains, Plains"
White Deck B,Sample Deck,Other,10E,2008-05-02,5.21,"Serra's Embrace, Armored Ascension, Skyhunter Prowler, Plains, Holy Strength"
White Equipment,Deck Builder's Toolkit,Other,MBS,2011-03-11,13.55,"Journey to Nowhere, Sylvok Lifestaff, Kor Duelist, Fledgling Griffin, Trusty Machete"
White Green Aggro,Deck Builder's Toolkit,Other,ORI,2015-07-17,2.22,"Abzan Falconer, Valeron Wardens, Topan Freeblade, Citadel Castellan, Rhox Maulers"
White Heat - Advanced Deck,Advanced Deck,Other,EXO,1998-06-15,120.19,"Undiscovered Paradise, Tithe, City of Brass, Armageddon, Gemstone Mine"
White Heat - Basic Deck,Theme Deck,Other,EXO,1998-06-15,23.06,"Reconnaissance, Wall of Nets, Goblin Bombardment, Searing Touch, Limited Resources"
White Sample Deck,Sample Deck,Other,M13,2012-07-13,12.75,"Elixir of Immortality, Plains, Plains, Healer of the Pride, Plains"
White Weenie,Deck Builder's Toolkit,Other,ROE,2010-05-21,30.23,"Soul Warden, Journey to Nowhere, Armored Ascension, Brave the Elements, Veteran Swordsmith"
White and Black Life gain,Deck Builder's Toolkit,Other,SOI,2016-04-08,6.9,"Zulaport Cutthroat, Malakir Familiar, Vampire Envoy, Allied Reinforcements, Grotesque Mutation"
White and Black Spirits,Deck Builder's Toolkit,Other,KLD,2016-09-30,0.0,"Haunted Dead, Angelic Purge, Inspired Charge, Servo Exhibition, Lawless Broker"
White and Black Zombies,Deck Builder's Toolkit,Other,AKH,2017-04-28,4.13,"Wayward Servant, Lord of the Accursed, Festering Mummy, Miasmic Mummy, Stir the Sands"
White and Blue Fliers Control,Deck Builder's Toolkit,Other,SOI,2016-04-08,10.13,"Dispel, Reflector Mage, Blighted Steppe, Angel of Renewal, Felidar Cub"
White and Colorless Equipment,Deck Builder's Toolkit,Other,SOI,2016-04-08,10.33,"Open the Armory, Kozilek's Channeler, Stern Constable, True-Faith Censer, Kor Scythemaster"
White and Green counters,Deck Builder's Toolkit,Other,SOI,2016-04-08,7.78,"Retreat to Kazandu, Blighted Woodland, Natural State, Expedition Envoy, Stasis Snare"
White-Green Aura,Deck Builder's Toolkit,Other,MBS,2011-03-11,33.32,"Hyena Umbra, Spider Umbra, Aura Gnarlid, Totem-Guide Hartebeest, Boar Umbra"
Wicked Big,Theme Deck,Other,MRD,2003-10-02,24.78,"Copper Myr, Journey of Discovery, Living Hive, Plated Slagwurm, Deconstruct"
Widowmaker - Advanced Deck,Advanced Deck,Other,EXO,1998-06-15,90.47,"Undiscovered Paradise, Living Death, Phyrexian Furnace, Underground River, Spirit of the Night"
Widowmaker - Basic Deck,Theme Deck,Other,EXO,1998-06-15,17.71,"Null Brooch, Dark Ritual, Counterspell, Forbid, Mana Leak"
Wild,Jumpstart,Other,MSH,2026-06-26,10.39,"Hit-Monkey, Mole Man, Moloid Master, Claim the Kingdom, White Tiger, Amulet Keeper, Ka-Zar of the Savage Land"
Wild Rush,Intro Pack,Other,M13,2012-07-13,28.8,"Fungal Sprouting, Arbor Elf, Rancor, Ranger's Path, Ring of Kalonia"
Wild Wizardry,Arena Promotional Deck,Other,MID,2021-09-24,9.51,"Alrund's Epiphany, Wizard Class, Prismari Command, Silundi Vision // Silundi Isle, Wizard's Spellbook"
Wild in Bloom,Secret Lair Drop,Other,SLD,2026-07-13,52.18,"Nissa, Resurgent Animist, Six, Tireless Provisioner, Ramunap Excavator, Titania, Protector of Argoth"
Wild-Eyed Frenzy,MTGO Theme Deck,Other,VIS,2006-04-10,15.43,"Goblin Recruiter, Fireblast, Mountain, Goblin Soothsayer, Mountain"
Wilds of Eldraine Bundle Land Pack,Bundle Land Pack,Other,WOE,2023-09-08,0.0,"Plains, Mountain, Plains, Mountain, Swamp"
Wilds of Eldraine Foil Redemption,MTGO Redemption,Other,WOE,2023-10-04,204.91,"Agatha's Soul Cauldron, Beseech the Mirror, Moonshaker Cavalry, Talion, the Kindly Lord, Kellan, the Fae-Blooded // Birthright Boon"
Wilds of Eldraine Redemption,MTGO Redemption,Other,WOE,2023-10-04,204.91,"Agatha's Soul Cauldron, Beseech the Mirror, Moonshaker Cavalry, Talion, the Kindly Lord, Kellan, the Fae-Blooded // Birthright Boon"
Will Of The Masses,Intro Pack,Other,M15,2014-07-18,8.75,"Hornet Queen, Triplicate Spirits, Wall of Mulch, Forest, Nissa's Expedition"
Wing and Claw,Arena Starter Deck,Other,GRN,2018-11-17,42.46,"Nezahal, Primal Tide, Settle the Wreckage, Goring Ceratops, Glacial Fortress, Azor, the Lawbringer"
Winged Stallion,Shandalar Enemy Deck,Other,PAST,1997-04-01,85.99,"Dancing Scimitar, Howling Mine, Psionic Entity, Counterspell, Serra Angel"
Wings of Light,Theme Deck,Other,PS11,2011-01-01,0.0,"Plains, Plains, Plains, Plains, Angel of Mercy"
Wise (1),Jumpstart,Other,TLE,2025-11-20,9.36,"Waterbender's Restoration, Whirlwind Technique, Consider, Coastal Piracy, Gran-Gran"
Wise (2),Jumpstart,Other,TLE,2025-11-20,8.91,"The Blue Spirit, Whirlwind Technique, Consider, It'll Quench Ya!, Island"
Witch,Shandalar Enemy Deck,Other,PAST,1997-04-01,78.15,"Greed, Nevinyrral's Disk, Will-o'-the-Wisp, Dark Ritual, Diabolic Machine"
Witch's Familiar,Secret Lair Drop,Other,SLD,2026-06-16,117.25,"Witch Enchanter // Witch-Blessed Meadow, Sheltered by Ghosts, Boseiju, Who Shelters All, Spirit of the Hearth, Wayfarer's Bauble"
Witch's Familiar Foil Edition,Secret Lair Drop,Other,SLD,2026-06-16,117.25,"Witch Enchanter // Witch-Blessed Meadow, Sheltered by Ghosts, Boseiju, Who Shelters All, Spirit of the Hearth, Wayfarer's Bauble"
Witchcraft (1),Jumpstart,Other,JMP,2020-07-17,4.62,"Cauldron Familiar, Witch of the Moors, Swamp, Swamp, Swamp"
Witchcraft (2),Jumpstart,Other,JMP,2020-07-17,1.57,"Witch of the Moors, Swamp, Swamp, Swamp, Thriving Moor"
Wizards,Theme Deck,Other,PSAL,2005-08-01,0.0,"Island, Island, Island, Island, Island"
Wizards (1),Jumpstart,Other,J25,2024-11-07,0.0,"Archaeomancer, Faerie Seer, Cloudkin Seer, Island, Remand"
Wizards (2),Jumpstart,Other,JMP,2020-07-17,0.0,"Riptide Laboratory, Opt, Thriving Isle, Shipwreck Dowser, Exclusion Mage"
Wizards (3),Jumpstart,Other,JMP,2020-07-17,0.0,"Talrand, Sky Summoner, Capture Sphere, Unsubstantiate, Opt, Thriving Isle"
Wizards (4),Jumpstart,Other,JMP,2020-07-17,0.0,"Barrin, Tolarian Archmage, Thriving Isle, Shipwreck Dowser, Frost Breath, Island"
Wizards of the Street,Secret Lair Drop,Other,SLD,2022-12-19,73.2,"Spellseeker, Kess, Dissident Mage, Magus of the Wheel, Baral, Chief of Compliance"
Wizards of the Street Foil Edition,Secret Lair Drop,Other,SLD,2022-12-19,73.2,"Spellseeker, Kess, Dissident Mage, Magus of the Wheel, Baral, Chief of Compliance"
Wolfgang Eder - Goblin Bidding,World Championship Deck,Other,WC03,2003-08-06,94.56,"Goblin Sharpshooter, Bloodstained Mire, Patriarch's Bidding, City of Brass, Smother"
Wolves 1,Jumpstart,Other,J22,2022-12-02,0.0,"Arlinn, Voice of the Pack, Mild-Mannered Librarian, Packsong Pup, Wicked Wolf, Wolfwillow Haven"
Wolves 2,Jumpstart,Other,J22,2022-12-02,2.82,"Master of the Wild Hunt, Arlinn, Voice of the Pack, Moonlight Hunt, Mild-Mannered Librarian, Young Wolf"
Wolves 3,Jumpstart,Other,J22,2022-12-02,0.0,"Feed the Pack, Arlinn, Voice of the Pack, Mild-Mannered Librarian, Kessig Cagebreakers, Hunger of the Howlpack"
Wolves 4,Jumpstart,Other,J22,2022-12-02,0.0,"Nightpack Ambusher, Arlinn, Voice of the Pack, Mild-Mannered Librarian, Wolfwillow Haven, Spectral Hunt-Caller"
Woodland Warriors,Duel Deck,Other,DDU,2018-04-06,26.6,"Ezuri, Renegade Leader, Regal Force, Yeva, Nature's Herald, Elvish Mystic, Elvish Vanguard"
World Aflame,Theme Deck,Other,9ED,2005-07-29,31.58,"Magnivore, Mountain, Dancing Scimitar, Mountain, Stone Rain"
Worldwake Foil Redemption,MTGO Redemption,Other,WWK,2010-03-07,1307.04,"Jace, the Mind Sculptor, Eye of Ugin, Amulet of Vigor, Stoneforge Mystic, Bojuka Bog"
Worldwake Redemption,MTGO Redemption,Other,WWK,2010-03-07,1307.04,"Jace, the Mind Sculptor, Eye of Ugin, Amulet of Vigor, Stoneforge Mystic, Bojuka Bog"
Wrack and Rage,Event Deck,Other,RTR,2012-10-26,35.84,"Rakdos Charm, Dragonskull Summit, Stromkirk Noble, Mizzium Mortars, Devil's Play"
Wrath of Mages,Arena Starter Deck,Other,M19,2018-09-27,13.68,"Banefire, River's Rebuke, Sulfur Falls, Lightning Strike, Guttersnipe"
Wrath of the Mortals,Event Deck,Other,JOU,2014-05-23,15.85,"Searing Blood, Mizzium Mortars, Guttersnipe, Young Pyromancer, Ogre Battledriver"
Wu Kingdom,Theme Deck,Other,PTK,1999-05-01,163.2,"Sun Quan, Lord of Wu, Lu Xun, Scholar General, Exhaustion, Wu Longbowman, Island"
Year of the Rat,Secret Lair Drop,Other,SLD,2020-01-07,77.03,"Marrow-Gnawer, Rat Colony, Ink-Eyes, Servant of Oni, Pack Rat"
Young Avengers,Jumpstart,Other,MSH,2026-06-26,2.01,"Hulkling, Young Avenger, Hawkeye, Young Avenger, Crossover Collaboration, Hawkeye's Bow, Iron Lad, Young Avenger"
Zakk's First Deck,Intro Pack,Other,RQS,1996-06-10,0.0,"Forest, Forest, Forest, Plains, Plains"
Zakk's Second Deck,Intro Pack,Other,ITP,1996-12-31,101.72,"War Mammoth, Elvish Archers, Wall of Bone, Dark Ritual, Swamp"
Zealots (1),Jumpstart,Other,J25,2024-11-07,0.0,"Thriving Bluff, Fling, Desert of the Fervent, Bloodlust Inciter, Brute Strength"
Zealots (2),Jumpstart,Other,J25,2024-11-07,0.0,"Sandstorm Crasher, Thriving Bluff, Fling, Bloodlust Inciter, Anep, Vizier of Hazoret"
Zealots (3),Jumpstart,Other,J25,2024-11-07,1.09,"Combat Celebrant, Thriving Bluff, Fling, Desert of the Fervent, Bloodlust Inciter"
Zealots (4),Jumpstart,Other,J25,2024-11-07,0.0,"Sandstorm Crasher, Thriving Bluff, Fling, Minotaur Sureshot, Bloodlust Inciter"
Zendikar,Duel Deck,Other,DDP,2015-08-28,3.01,"Avenger of Zendikar, Scute Mob, Territorial Baloth, Groundswell, Harrow"
Zendikar Fat Pack Land Pack,Bundle Land Pack,Other,ZEN,2009-10-02,173.09,"Island, Forest, Mountain, Forest, Plains"
Zendikar Foil Redemption,MTGO Redemption,Other,ZEN,2009-11-01,2178.3,"Mindbreak Trap, Iona, Shield of Emeria, Scalding Tarn, Misty Rainforest, Verdant Catacombs"
Zendikar Redemption,MTGO Redemption,Other,ZEN,2009-11-01,2178.3,"Mindbreak Trap, Iona, Shield of Emeria, Scalding Tarn, Misty Rainforest, Verdant Catacombs"
Zendikar Rising Bundle Land Pack,Bundle Land Pack,Other,ZNR,2020-09-25,5.6,"Plains, Plains, Swamp, Swamp, Island"
Zendikar Rising Foil Redemption,MTGO Redemption,Other,ZNR,2020-10-25,305.54,"Sea Gate Restoration // Sea Gate, Reborn, Agadeem's Awakening // Agadeem, the Undercrypt, Valakut Awakening // Valakut Stoneforge, Ashaya, Soul of the Wild, Malakir Rebirth // Malakir Mire"
Zendikar Rising Redemption,MTGO Redemption,Other,ZNR,2020-10-25,305.54,"Sea Gate Restoration // Sea Gate, Reborn, Agadeem's Awakening // Agadeem, the Undercrypt, Valakut Awakening // Valakut Stoneforge, Ashaya, Soul of the Wild, Malakir Rebirth // Malakir Mire"
Zendikar Rising Welcome Booster,Welcome Booster,Other,ZNR,2020-09-25,5.93,"Demon of Loathing, Vraska the Unseen, Forest, Bruna, Light of Alabaster, Commander's Sphere"
Zendikar's Rage,Intro Pack,Other,BFZ,2015-10-02,18.97,"Tunneling Geopede, Retreat to Kazandu, Blighted Woodland, Sylvan Scrying, Oran-Rief Hydra"
Zombie Empire,Planechase Deck,Other,HOP,2009-09-04,119.67,"Cabal Coffers, Grave Pact, Undead Warchief, Beseech the Queen, Noxious Ghoul"
Zombies,Theme Deck,Other,PSAL,2005-08-01,0.0,"Swamp, Swamp, Swamp, Swamp, Swamp"
Zombies 1,Jumpstart,Other,J22,2022-12-02,2.79,"Gravecrawler, Deadly Plot, Lord of the Accursed, Mire Triton, Necromancer's Stockpile"
Zombies 2,Jumpstart,Other,J22,2022-12-02,0.0,"Liliana, Death's Majesty, Deadly Plot, Stitcher's Supplier, Lord of the Accursed, Cemetery Recruitment"
Zombies 3,Jumpstart,Other,J22,2022-12-02,5.6,"Endless Ranks of the Dead, Deadly Plot, Graf Harvest, Lord of the Accursed, Mire Triton"
Zombies 4,Jumpstart,Other,J22,2022-12-02,0.0,"Deadly Plot, Undead Augur, Liliana's Mastery, Lord of the Accursed, Cemetery Recruitment"
Zombies Unleashed,Theme Deck,Other,LGN,2003-02-03,541.24,"Graveborn Muse, Withered Wretch, Soulless One, Noxious Ghoul, Barren Moor"
Zuko,Jumpstart,Other,TLE,2025-11-20,17.95,"Zuko, Firebending Master, Lost in Memories, Frantic Confrontation, Fists of Flame, Thriving Bluff"
explosion sounds,Secret Lair Drop,Other,SLD,2019-12-07,72.23,"Goblin Sharpshooter, Goblin Lackey, Goblin King, Goblin Piledriver, Goblin Bushwhacker"
sAnS mERcY,Secret Lair Drop,Other,SLD,2024-05-30,87.19,"Torment of Hailfire, Mogis, God of Slaughter, Ruination, Massacre, Doom Blade"
sAnS mERcY Foil Edition,Secret Lair Drop,Other,SLD,2024-05-30,87.19,"Torment of Hailfire, Mogis, God of Slaughter, Ruination, Massacre, Doom Blade"
vroooOOOMMMMMM!,Secret Lair Drop,Other,SLD,2025-05-13,89.63,"Underworld Breach, Mishra's Bauble, Lava Dart, Monastery Swiftspear, Soul-Scar Mage"
vroooOOOMMMMMM! Foil Edition,Secret Lair Drop,Other,SLD,2025-05-13,89.63,"Underworld Breach, Mishra's Bauble, Lava Dart, Monastery Swiftspear, Soul-Scar Mage"
vroooOOOMMMMMM! Raised Foil Edition,Secret Lair Drop,Other,SLD,2025-05-13,145.7,"Underworld Breach, Mishra's Bauble, Lava Dart, Monastery Swiftspear, Soul-Scar Mage"
